symbol,period_end,fiscal_year,fiscal_quarter,announcement_date,announcement_timestamp,available_date,signal_date,first_trade_date,availability_method,timestamp_confidence,mops_document_kind,mops_source_identifier,mops_source_provenance,mops_response_hash,mops_source_hash,mapping_status,mapping_reason_code,source_hash
1216,2016-03-31,2016,1,2016-05-11,2016-05-11T17:25:47+08:00,2016-05-11,2016-05-11,2016-05-12,MOPS_EXACT,official_timestamp_second_precision,CONSOLIDATED,201601_1216_AI1.pdf,TWSE_MOPS_T57SB01_OFFICIAL_DOCUMENT_UPLOAD,a2acdaf91fb4ab24b6447298e620d4c43859d0d46f581bab58fa44bfff0ef2ee,c454162235f57ca4edff9d3180266eefcedce9d0b9b9711f2ed9eeaf8554c839,EXACT_MATCH,MOPS_SINGLE_ELIGIBLE_FILING,f559492d528d8a2795d13003905db1725ae31c164b3db397be9fafe6582efae8
1216,2016-06-30,2016,2,2016-08-10,2016-08-10T16:27:53+08:00,2016-08-10,2016-08-10,2016-08-11,MOPS_EXACT,official_timestamp_second_precision,CONSOLIDATED,201602_1216_AI1.pdf,TWSE_MOPS_T57SB01_OFFICIAL_DOCUMENT_UPLOAD,a2acdaf91fb4ab24b6447298e620d4c43859d0d46f581bab58fa44bfff0ef2ee,2ba2fe6e1b0488daaabeed107c9eeecb6496ac360161dd68b2086d94943b6d7d,EXACT_MATCH,MOPS_SINGLE_ELIGIBLE_FILING,44e69511563c73c634874a569e7829ce291f180cf7e16b621fea239d9f959ce9
1216,2016-09-30,2016,3,2016-11-10,2016-11-10T08:17:37+08:00,2016-11-10,2016-11-10,2016-11-11,MOPS_EXACT,official_timestamp_second_precision,CONSOLIDATED,201603_1216_AI1.pdf,TWSE_MOPS_T57SB01_OFFICIAL_DOCUMENT_UPLOAD,a2acdaf91fb4ab24b6447298e620d4c43859d0d46f581bab58fa44bfff0ef2ee,e24a6184d3cd1089971d09594a6a32065060a0731aef5cfe4144a2861c27f823,EXACT_MATCH,MOPS_SINGLE_ELIGIBLE_FILING,2694e5afbfe04be28036ba762cdca504b14ab56914bacfcdfed19592bacff075
1216,2016-12-31,2016,4,2017-03-29,2017-03-29T17:50:50+08:00,2017-03-29,2017-03-29,2017-03-30,MOPS_EXACT,official_timestamp_second_precision,CONSOLIDATED,201604_1216_AI1.pdf,TWSE_MOPS_T57SB01_OFFICIAL_DOCUMENT_UPLOAD,a2acdaf91fb4ab24b6447298e620d4c43859d0d46f581bab58fa44bfff0ef2ee,f0fc5a8a6050982a59da7e0612f9deb04238561295f37f029459f04c58ad00aa,EXACT_MATCH,MOPS_CONSOLIDATED_PREFERRED_OVER_INDIVIDUAL,aa030c5108c1df17d97cec415be17179c3e03ad28ef4bf64911b87ff4663cbdf
1216,2017-03-31,2017,1,2017-05-11,2017-05-11T08:15:12+08:00,2017-05-11,2017-05-11,2017-05-12,MOPS_EXACT,official_timestamp_second_precision,CONSOLIDATED,201701_1216_AI1.pdf,TWSE_MOPS_T57SB01_OFFICIAL_DOCUMENT_UPLOAD,a2acdaf91fb4ab24b6447298e620d4c43859d0d46f581bab58fa44bfff0ef2ee,c98251adfa571fd8f89f21661234d0d84876edc2b7e0a0f6784396ced8cd0274,EXACT_MATCH,MOPS_SINGLE_ELIGIBLE_FILING,9a269e84f6f7c948a211b3036a8057d5f48c8971e283f68d1f0902563a9b8d72
1216,2017-06-30,2017,2,2017-08-09,2017-08-09T19:25:01+08:00,2017-08-09,2017-08-09,2017-08-10,MOPS_EXACT,official_timestamp_second_precision,CONSOLIDATED,201702_1216_AI1.pdf,TWSE_MOPS_T57SB01_OFFICIAL_DOCUMENT_UPLOAD,a2acdaf91fb4ab24b6447298e620d4c43859d0d46f581bab58fa44bfff0ef2ee,62c11c9799fee974c4e353088f44dea9b1e04826d3481a5dcbfe063346fa0681,EXACT_MATCH,MOPS_SINGLE_ELIGIBLE_FILING,7aca0fcb667a45f4be4ac23e09af66008717bebee12dee82f7a994582b0ca44c
1216,2017-09-30,2017,3,2017-11-08,2017-11-08T20:53:11+08:00,2017-11-08,2017-11-08,2017-11-09,MOPS_EXACT,official_timestamp_second_precision,CONSOLIDATED,201703_1216_AI1.pdf,TWSE_MOPS_T57SB01_OFFICIAL_DOCUMENT_UPLOAD,a2acdaf91fb4ab24b6447298e620d4c43859d0d46f581bab58fa44bfff0ef2ee,d1e48442948086aa1463a0686e7264b5918f229c1f41d1cd17d7b45c813595ff,EXACT_MATCH,MOPS_SINGLE_ELIGIBLE_FILING,331c9ebb38e4e4933699580beecdf765f640841fa0939898b35289447836180c
1216,2017-12-31,2017,4,2018-03-28,2018-03-28T21:52:43+08:00,2018-03-28,2018-03-28,2018-03-29,MOPS_EXACT,official_timestamp_second_precision,CONSOLIDATED,201704_1216_AI1.pdf,TWSE_MOPS_T57SB01_OFFICIAL_DOCUMENT_UPLOAD,a2acdaf91fb4ab24b6447298e620d4c43859d0d46f581bab58fa44bfff0ef2ee,268a3f4462c6ab056f58f4a3ae4467e58250b02d36ec59f079d4b7ddd18732a6,EXACT_MATCH,MOPS_CONSOLIDATED_PREFERRED_OVER_INDIVIDUAL,9f04535f06c0a312cf86627063f99a78287d2d7c3fa8641594a3015a9b640eab
1216,2018-03-31,2018,1,2018-05-09,2018-05-09T21:00:06+08:00,2018-05-09,2018-05-09,2018-05-10,MOPS_EXACT,official_timestamp_second_precision,CONSOLIDATED,201801_1216_AI1.pdf,TWSE_MOPS_T57SB01_OFFICIAL_DOCUMENT_UPLOAD,a2acdaf91fb4ab24b6447298e620d4c43859d0d46f581bab58fa44bfff0ef2ee,5d60856041892d414c2452223fc570e6172dcf26172b38f3846d5bf98bd4c0a6,EXACT_MATCH,MOPS_SINGLE_ELIGIBLE_FILING,54d56392a5913a3d9d183b8a7646afe9cbb5a1a229c0029531452098cfda6ab5
1216,2018-06-30,2018,2,2018-08-08,2018-08-08T20:21:02+08:00,2018-08-08,2018-08-08,2018-08-09,MOPS_EXACT,official_timestamp_second_precision,CONSOLIDATED,201802_1216_AI1.pdf,TWSE_MOPS_T57SB01_OFFICIAL_DOCUMENT_UPLOAD,a2acdaf91fb4ab24b6447298e620d4c43859d0d46f581bab58fa44bfff0ef2ee,31e4d5b4153c38b3325bf9ec50aef0c17c7c350a3e64f552844f457c937f1804,EXACT_MATCH,MOPS_SINGLE_ELIGIBLE_FILING,5894116d8a733df51ba929262a88cf5add6191e70352a8cd2a1db4e7c9a4b1a3
1216,2018-09-30,2018,3,2018-11-07,2018-11-07T21:52:25+08:00,2018-11-07,2018-11-07,2018-11-08,MOPS_EXACT,official_timestamp_second_precision,CONSOLIDATED,201803_1216_AI1.pdf,TWSE_MOPS_T57SB01_OFFICIAL_DOCUMENT_UPLOAD,a2acdaf91fb4ab24b6447298e620d4c43859d0d46f581bab58fa44bfff0ef2ee,0d2dc1ddeb46a9ded8d3b6bf182ca805cacfec1771433c19d5f8ee7c87f412bb,EXACT_MATCH,MOPS_SINGLE_ELIGIBLE_FILING,08b26ebdedad8953b5302178cb327bbb4279230280f8b855a0eba9a454e8ed9a
1216,2018-12-31,2018,4,2019-03-27,2019-03-27T20:31:09+08:00,2019-03-27,2019-03-27,2019-03-28,MOPS_EXACT,official_timestamp_second_precision,CONSOLIDATED,201804_1216_AI1.pdf,TWSE_MOPS_T57SB01_OFFICIAL_DOCUMENT_UPLOAD,a2acdaf91fb4ab24b6447298e620d4c43859d0d46f581bab58fa44bfff0ef2ee,27060d608b9f824d16113aad0bc730e6f5a07fef8778fddfd616b2b37c7fc938,EXACT_MATCH,MOPS_CONSOLIDATED_PREFERRED_OVER_INDIVIDUAL,6be71c752b96dafb7477d57d16950aaea031e0a86d8639f918323f6a2e08c546
1216,2019-03-31,2019,1,2019-05-08,2019-05-08T18:23:19+08:00,2019-05-08,2019-05-08,2019-05-09,MOPS_EXACT,official_timestamp_second_precision,CONSOLIDATED,201901_1216_AI1.pdf,TWSE_MOPS_T57SB01_OFFICIAL_DOCUMENT_UPLOAD,a2acdaf91fb4ab24b6447298e620d4c43859d0d46f581bab58fa44bfff0ef2ee,0a8108c5d17ba44cdbade6cc6a9ae7a7b8aad4f219da09e31181d9029d5c9412,EXACT_MATCH,MOPS_SINGLE_ELIGIBLE_FILING,5a592bd7c54bd508956b2508b050f28b79f6360fc4e333b32ed840522cdd38bb
1216,2019-06-30,2019,2,2019-08-07,2019-08-07T18:14:17+08:00,2019-08-07,2019-08-07,2019-08-08,MOPS_EXACT,official_timestamp_second_precision,CONSOLIDATED,201902_1216_AI1.pdf,TWSE_MOPS_T57SB01_OFFICIAL_DOCUMENT_UPLOAD,a2acdaf91fb4ab24b6447298e620d4c43859d0d46f581bab58fa44bfff0ef2ee,7d4803b63325c7c74e8150b729379d4c4f5a1a80ac5254033b427d128d2f8a02,EXACT_MATCH,MOPS_SINGLE_ELIGIBLE_FILING,1d641bf4537dbb856ced60e4a67649ce3a9695a86b447948f30117ce87428d91
1216,2019-09-30,2019,3,2019-11-06,2019-11-06T18:18:09+08:00,2019-11-06,2019-11-06,2019-11-07,MOPS_EXACT,official_timestamp_second_precision,CONSOLIDATED,201903_1216_AI1.pdf,TWSE_MOPS_T57SB01_OFFICIAL_DOCUMENT_UPLOAD,a2acdaf91fb4ab24b6447298e620d4c43859d0d46f581bab58fa44bfff0ef2ee,480fca13a716d7670deeeb93a53f7ef7224b091384067b7ae40e6808a15fd6ca,EXACT_MATCH,MOPS_SINGLE_ELIGIBLE_FILING,21a3958378f20a7f539fd00945357709240561b30657feacb5b59c4d98faefa8
1216,2019-12-31,2019,4,2020-03-27,2020-03-27T18:32:10+08:00,2020-03-27,2020-03-27,2020-03-30,MOPS_EXACT,official_timestamp_second_precision,CONSOLIDATED,201904_1216_AI1.pdf,TWSE_MOPS_T57SB01_OFFICIAL_DOCUMENT_UPLOAD,a2acdaf91fb4ab24b6447298e620d4c43859d0d46f581bab58fa44bfff0ef2ee,67fe87a9a3a2ead38aa0c9201428af7ee64a003b5757c3f3698b279297baa6b1,EXACT_MATCH,MOPS_CONSOLIDATED_PREFERRED_OVER_INDIVIDUAL,44147aceb527dc6b67a1a19415d01b899f9ccefb91b174289f407a9b1862703f
1216,2020-03-31,2020,1,2020-05-13,2020-05-13T17:38:29+08:00,2020-05-13,2020-05-13,2020-05-14,MOPS_EXACT,official_timestamp_second_precision,CONSOLIDATED,202001_1216_AI1.pdf,TWSE_MOPS_T57SB01_OFFICIAL_DOCUMENT_UPLOAD,a2acdaf91fb4ab24b6447298e620d4c43859d0d46f581bab58fa44bfff0ef2ee,16df16577de257830ab479bfa79643991d039ab1b79ea59cc83e53319187dc74,EXACT_MATCH,MOPS_SINGLE_ELIGIBLE_FILING,7863122740e427be986af9b5a0a2bacf2ad0f39a49f5e42474da9cfc574f008b
1216,2020-06-30,2020,2,2020-08-12,2020-08-12T18:44:31+08:00,2020-08-12,2020-08-12,2020-08-13,MOPS_EXACT,official_timestamp_second_precision,CONSOLIDATED,202002_1216_AI1.pdf,TWSE_MOPS_T57SB01_OFFICIAL_DOCUMENT_UPLOAD,a2acdaf91fb4ab24b6447298e620d4c43859d0d46f581bab58fa44bfff0ef2ee,91703eb4cb309a96035f5552a516f3530430653ed14652254d55c6d91d1377e8,EXACT_MATCH,MOPS_SINGLE_ELIGIBLE_FILING,02e1e24ba3e08b258c69e0efdf1c052ab59743f6c1a1922d3e7446cb5daa7df5
1216,2020-09-30,2020,3,2020-11-11,2020-11-11T18:34:06+08:00,2020-11-11,2020-11-11,2020-11-12,MOPS_EXACT,official_timestamp_second_precision,CONSOLIDATED,202003_1216_AI1.pdf,TWSE_MOPS_T57SB01_OFFICIAL_DOCUMENT_UPLOAD,a2acdaf91fb4ab24b6447298e620d4c43859d0d46f581bab58fa44bfff0ef2ee,92b8b34c7e40542e97a8b833729f45db1c015f8bbc7f16184507b8dce0d79161,EXACT_MATCH,MOPS_SINGLE_ELIGIBLE_FILING,80127bb9edfbdf8a7108ca18d04a3c19dda919734997f9416317418514fd1403
1216,2020-12-31,2020,4,2021-03-24,2021-03-24T17:26:15+08:00,2021-03-24,2021-03-24,2021-03-25,MOPS_EXACT,official_timestamp_second_precision,CONSOLIDATED,202004_1216_AI1.pdf,TWSE_MOPS_T57SB01_OFFICIAL_DOCUMENT_UPLOAD,a2acdaf91fb4ab24b6447298e620d4c43859d0d46f581bab58fa44bfff0ef2ee,c0d3ff215b2f5c667c6b2694b16f51cca1e070c7f1f799fa399ab22601bcbcac,EXACT_MATCH,MOPS_CONSOLIDATED_PREFERRED_OVER_INDIVIDUAL,f50df679a820eac99fe014597fa878db8c1080f52291779792bbb8ce61803855
1216,2021-03-31,2021,1,2021-05-12,2021-05-12T17:59:31+08:00,2021-05-12,2021-05-12,2021-05-13,MOPS_EXACT,official_timestamp_second_precision,CONSOLIDATED,202101_1216_AI1.pdf,TWSE_MOPS_T57SB01_OFFICIAL_DOCUMENT_UPLOAD,a2acdaf91fb4ab24b6447298e620d4c43859d0d46f581bab58fa44bfff0ef2ee,aa49a98a2e7ff9e6af4dd92557d10ec3e79481ec70e7b4e96c81cdf82b856d01,EXACT_MATCH,MOPS_SINGLE_ELIGIBLE_FILING,3afd0475b5eab2d634a17bf68a3300adc0a29c7027e705a498f39e559f2c882a
1216,2021-06-30,2021,2,2021-08-11,2021-08-11T18:03:27+08:00,2021-08-11,2021-08-11,2021-08-12,MOPS_EXACT,official_timestamp_second_precision,CONSOLIDATED,202102_1216_AI1.pdf,TWSE_MOPS_T57SB01_OFFICIAL_DOCUMENT_UPLOAD,a2acdaf91fb4ab24b6447298e620d4c43859d0d46f581bab58fa44bfff0ef2ee,d758d1c8c0ac949a40b499f6965840546471e11555fc891d2978b4d2349e64b1,EXACT_MATCH,MOPS_SINGLE_ELIGIBLE_FILING,c1fb08f186ac43aa8efa0c718d36096517cf4ed79c6880bde17dca177d3cdabd
1216,2021-09-30,2021,3,2021-11-10,2021-11-10T17:51:18+08:00,2021-11-10,2021-11-10,2021-11-11,MOPS_EXACT,official_timestamp_second_precision,CONSOLIDATED,202103_1216_AI1.pdf,TWSE_MOPS_T57SB01_OFFICIAL_DOCUMENT_UPLOAD,a2acdaf91fb4ab24b6447298e620d4c43859d0d46f581bab58fa44bfff0ef2ee,be72081bbe61431015d154d48200f8418fe201ede841d7bc01744fba4437fcae,EXACT_MATCH,MOPS_SINGLE_ELIGIBLE_FILING,30c555a40cb149acc183d5c3a20e80320c27902ec5f60b0e2d6019914c53f584
1216,2021-12-31,2021,4,2022-03-09,2022-03-09T19:46:27+08:00,2022-03-09,2022-03-09,2022-03-10,MOPS_EXACT,official_timestamp_second_precision,CONSOLIDATED,202104_1216_AI1.pdf,TWSE_MOPS_T57SB01_OFFICIAL_DOCUMENT_UPLOAD,a2acdaf91fb4ab24b6447298e620d4c43859d0d46f581bab58fa44bfff0ef2ee,6d220a0fb33d7e230e170675088a9de37295f7881050bc2b7262e6ff3cb80f27,EXACT_MATCH,MOPS_CONSOLIDATED_PREFERRED_OVER_INDIVIDUAL,42250041d124609263d411dc549cc901a7003dcec98ca59e45d9cbc9d87b2eeb
1216,2022-03-31,2022,1,2022-05-11,2022-05-11T19:45:38+08:00,2022-05-11,2022-05-11,2022-05-12,MOPS_EXACT,official_timestamp_second_precision,CONSOLIDATED,202201_1216_AI1.pdf,TWSE_MOPS_T57SB01_OFFICIAL_DOCUMENT_UPLOAD,a2acdaf91fb4ab24b6447298e620d4c43859d0d46f581bab58fa44bfff0ef2ee,04778211fb91048fa2b0458fd586de253c8f43dd3833ed68e7da0495fd1bdb4e,EXACT_MATCH,MOPS_SINGLE_ELIGIBLE_FILING,9673192f35374086b09c6577b395f96f367b33d665822e1389ae06ed82c35a39
1216,2022-06-30,2022,2,2022-08-10,2022-08-10T16:41:18+08:00,2022-08-10,2022-08-10,2022-08-11,MOPS_EXACT,official_timestamp_second_precision,CONSOLIDATED,202202_1216_AI1.pdf,TWSE_MOPS_T57SB01_OFFICIAL_DOCUMENT_UPLOAD,a2acdaf91fb4ab24b6447298e620d4c43859d0d46f581bab58fa44bfff0ef2ee,30ed3bfc2c0c7ccab42545f0033204737cb0a5c3fa015f7463fbb305a1e875a5,EXACT_MATCH,MOPS_SINGLE_ELIGIBLE_FILING,03997d3e0577811f46cd9328d2a61c82add9fc5db9a635b65f02f4a667930b15
1216,2022-09-30,2022,3,2022-11-09,2022-11-09T17:41:25+08:00,2022-11-09,2022-11-09,2022-11-10,MOPS_EXACT,official_timestamp_second_precision,CONSOLIDATED,202203_1216_AI1.pdf,TWSE_MOPS_T57SB01_OFFICIAL_DOCUMENT_UPLOAD,a2acdaf91fb4ab24b6447298e620d4c43859d0d46f581bab58fa44bfff0ef2ee,2ff61c400f1cad9387ec9d8fc1054392ba688d45039a9cda60865f48511a2f1b,EXACT_MATCH,MOPS_SINGLE_ELIGIBLE_FILING,7d2e5eb644089a99cc0a8f07781d2f35a4f88c53b92896b99640068bc72efe4d
1216,2022-12-31,2022,4,2023-03-10,2023-03-10T13:16:24+08:00,2023-03-10,2023-03-10,2023-03-13,MOPS_EXACT,official_timestamp_second_precision,CONSOLIDATED,202204_1216_AI1.pdf,TWSE_MOPS_T57SB01_OFFICIAL_DOCUMENT_UPLOAD,a2acdaf91fb4ab24b6447298e620d4c43859d0d46f581bab58fa44bfff0ef2ee,84cc8048a61ed7294cfa2e53b5d5cd78adaaf1b54f86f0af4e70154577259cc7,EXACT_MATCH,MOPS_CONSOLIDATED_PREFERRED_OVER_INDIVIDUAL,51ed5bdc777dafbb4f2145541ef9973a5406d27a14a4dfb1b9a8cb2b0f1dc0d0
1216,2023-03-31,2023,1,2023-05-11,2023-05-11T16:49:18+08:00,2023-05-11,2023-05-11,2023-05-12,MOPS_EXACT,official_timestamp_second_precision,CONSOLIDATED,202301_1216_AI1.pdf,TWSE_MOPS_T57SB01_OFFICIAL_DOCUMENT_UPLOAD,a2acdaf91fb4ab24b6447298e620d4c43859d0d46f581bab58fa44bfff0ef2ee,b613c026fec28d717b9a58a81c0bad22ba6369c4de40ee82fe32b0f05140e2d6,EXACT_MATCH,MOPS_SINGLE_ELIGIBLE_FILING,4b69a96de566620183dec9c7c1c58e48df6cca7dd8fd7ee01ed9c2c4bd29bef7
1216,2023-06-30,2023,2,2023-08-11,2023-08-11T08:09:30+08:00,2023-08-11,2023-08-11,2023-08-14,MOPS_EXACT,official_timestamp_second_precision,CONSOLIDATED,202302_1216_AI1.pdf,TWSE_MOPS_T57SB01_OFFICIAL_DOCUMENT_UPLOAD,a2acdaf91fb4ab24b6447298e620d4c43859d0d46f581bab58fa44bfff0ef2ee,958488f95bee56b2607ba78426c38d48897635f52ea02b9c679c39aa2e85c0aa,EXACT_MATCH,MOPS_SINGLE_ELIGIBLE_FILING,2710f5fa774643ffa2d5bccec0ad1f92338374f1bc0e5accb89f70dbdfbf3bb0
1216,2023-09-30,2023,3,2023-11-10,2023-11-10T08:30:38+08:00,2023-11-10,2023-11-10,2023-11-13,MOPS_EXACT,official_timestamp_second_precision,CONSOLIDATED,202303_1216_AI1.pdf,TWSE_MOPS_T57SB01_OFFICIAL_DOCUMENT_UPLOAD,a2acdaf91fb4ab24b6447298e620d4c43859d0d46f581bab58fa44bfff0ef2ee,2968ac004eb7e100a5ce57ede01077d42bce73205096fae389440d3dbb27b384,EXACT_MATCH,MOPS_SINGLE_ELIGIBLE_FILING,2ebc33a428a5e8f8915ffc72c373c59e4011836628f65120cb335b91890818c5
1216,2023-12-31,2023,4,2024-03-08,2024-03-08T08:22:00+08:00,2024-03-08,2024-03-08,2024-03-11,MOPS_EXACT,official_timestamp_second_precision,CONSOLIDATED,202304_1216_AI1.pdf,TWSE_MOPS_T57SB01_OFFICIAL_DOCUMENT_UPLOAD,a2acdaf91fb4ab24b6447298e620d4c43859d0d46f581bab58fa44bfff0ef2ee,92f56cd811828e253fb2b75ec00b05f4b47067e2e13792cb11cbe01eabf3ccfa,EXACT_MATCH,MOPS_CONSOLIDATED_PREFERRED_OVER_INDIVIDUAL,efd72624ffb4c5e77f8b351d04436ecc1708f703669d9999355ea7373699bc74
1216,2024-03-31,2024,1,2024-05-10,2024-05-10T08:00:58+08:00,2024-05-10,2024-05-10,2024-05-13,MOPS_EXACT,official_timestamp_second_precision,CONSOLIDATED,202401_1216_AI1.pdf,TWSE_MOPS_T57SB01_OFFICIAL_DOCUMENT_UPLOAD,a2acdaf91fb4ab24b6447298e620d4c43859d0d46f581bab58fa44bfff0ef2ee,c590d7a3f3f2fa22ada3d894fb29ede230751d042eca1fd976b8ff3253ea88bc,EXACT_MATCH,MOPS_SINGLE_ELIGIBLE_FILING,3271dc1b099e03cdfa40a27f8f50b216fe40d9a86de37cf401594004d94bb4d6
1216,2024-06-30,2024,2,2024-08-08,2024-08-08T18:27:51+08:00,2024-08-08,2024-08-08,2024-08-09,MOPS_EXACT,official_timestamp_second_precision,CONSOLIDATED,202402_1216_AI1.pdf,TWSE_MOPS_T57SB01_OFFICIAL_DOCUMENT_UPLOAD,a2acdaf91fb4ab24b6447298e620d4c43859d0d46f581bab58fa44bfff0ef2ee,ab4de871a667b3426ac51a0a3e551e88340f67e9a4d29be2d98fc2ee30741607,EXACT_MATCH,MOPS_SINGLE_ELIGIBLE_FILING,4231ac39fa4d784d02bad3555f0c9a72695595ea70da9cb073a120f3e712a0ad
1216,2024-09-30,2024,3,2024-11-13,2024-11-13T08:03:32+08:00,2024-11-13,2024-11-13,2024-11-14,MOPS_EXACT,official_timestamp_second_precision,CONSOLIDATED,202403_1216_AI1.pdf,TWSE_MOPS_T57SB01_OFFICIAL_DOCUMENT_UPLOAD,a2acdaf91fb4ab24b6447298e620d4c43859d0d46f581bab58fa44bfff0ef2ee,ee3d8b0c2eb05bce670b8873dfe95183459eb709c5c52d4f6dc99da14b8cb673,EXACT_MATCH,MOPS_SINGLE_ELIGIBLE_FILING,c5b1aebced288061535ae5b050cef24aef09d7f30861a309bdd1a3e6b42d7775
1216,2024-12-31,2024,4,2025-03-07,2025-03-07T08:21:30+08:00,2025-03-07,2025-03-07,2025-03-10,MOPS_EXACT,official_timestamp_second_precision,CONSOLIDATED,202404_1216_AI1.pdf,TWSE_MOPS_T57SB01_OFFICIAL_DOCUMENT_UPLOAD,a2acdaf91fb4ab24b6447298e620d4c43859d0d46f581bab58fa44bfff0ef2ee,b9aa66edf3be39515df7da40bd410afef4eb715de4aa5fa5c81f93404e1914a7,EXACT_MATCH,MOPS_CONSOLIDATED_PREFERRED_OVER_INDIVIDUAL,b613edeca3a949c23b53ffd68e0808470ccf830ea185d285aaf6598182d18f98
1216,2025-03-31,2025,1,2025-05-09,2025-05-09T14:01:11+08:00,2025-05-09,2025-05-09,2025-05-12,MOPS_EXACT,official_timestamp_second_precision,CONSOLIDATED,202501_1216_AI1.pdf,TWSE_MOPS_T57SB01_OFFICIAL_DOCUMENT_UPLOAD,a2acdaf91fb4ab24b6447298e620d4c43859d0d46f581bab58fa44bfff0ef2ee,e3e9490bac0f63b36a451449f8b9ba17c1d8eaf9edcc47bbd0777cf1336b8e7a,EXACT_MATCH,MOPS_SINGLE_ELIGIBLE_FILING,3ab72fb64520019fd203892eab948e0b7542c6578ad6bd0b212d2b690286c351
1216,2025-06-30,2025,2,2025-08-08,2025-08-08T08:06:43+08:00,2025-08-08,2025-08-08,2025-08-11,MOPS_EXACT,official_timestamp_second_precision,CONSOLIDATED,202502_1216_AI1.pdf,TWSE_MOPS_T57SB01_OFFICIAL_DOCUMENT_UPLOAD,a2acdaf91fb4ab24b6447298e620d4c43859d0d46f581bab58fa44bfff0ef2ee,1b1fd2c48f6818776cfef31e7b0644dc4e9e9b19f87bb82da561a88f4a977bcb,EXACT_MATCH,MOPS_SINGLE_ELIGIBLE_FILING,6bed8dbab8d4bfc4a715c8ac03470445f80b777b3fa0b950a7655adc4746196e
1216,2025-09-30,2025,3,2025-11-07,2025-11-07T08:17:19+08:00,2025-11-07,2025-11-07,2025-11-10,MOPS_EXACT,official_timestamp_second_precision,CONSOLIDATED,202503_1216_AI1.pdf,TWSE_MOPS_T57SB01_OFFICIAL_DOCUMENT_UPLOAD,a2acdaf91fb4ab24b6447298e620d4c43859d0d46f581bab58fa44bfff0ef2ee,eb2ad8987008aa3c0093365a7b9c9fcb13ad505915b68b3f2413cef8dcd4156a,EXACT_MATCH,MOPS_SINGLE_ELIGIBLE_FILING,e92fcac77cd076203a66d525667e5b9b9ad0c4930ac2402b8352126d5922ace2
1216,2025-12-31,2025,4,2026-03-06,2026-03-06T08:25:05+08:00,2026-03-06,2026-03-06,2026-03-09,MOPS_EXACT,official_timestamp_second_precision,CONSOLIDATED,202504_1216_AI1.pdf,TWSE_MOPS_T57SB01_OFFICIAL_DOCUMENT_UPLOAD,a2acdaf91fb4ab24b6447298e620d4c43859d0d46f581bab58fa44bfff0ef2ee,a4e83a5f51ff3293af5230faa9a5dcad7f8731ad74109e4327188537abcb7ad6,EXACT_MATCH,MOPS_CONSOLIDATED_PREFERRED_OVER_INDIVIDUAL,0388fb1de80f7904b98ec1c0fef529224af3907d90c5abc460c8ea4c3f941df9
1216,2026-03-31,2026,1,2026-05-08,2026-05-08T08:34:02+08:00,2026-05-08,2026-05-08,2026-05-11,MOPS_EXACT,official_timestamp_second_precision,CONSOLIDATED,202601_1216_AI1.pdf,TWSE_MOPS_T57SB01_OFFICIAL_DOCUMENT_UPLOAD,a2acdaf91fb4ab24b6447298e620d4c43859d0d46f581bab58fa44bfff0ef2ee,3b2b4f70b7d8608eb0af90ce5f6012e2697ef78202063b5523e279f2f9e0541a,EXACT_MATCH,MOPS_SINGLE_ELIGIBLE_FILING,564f50cdfb8c16654e54267ffac3ae704eba735de0c28baf6c03a9bfaaadd973
1216,2026-06-30,2026,2,2026-08-07,2026-08-07T08:14:46+08:00,2026-08-07,2026-08-07,2026-08-10,MOPS_EXACT,official_timestamp_second_precision,CONSOLIDATED,202602_1216_AI1.pdf,TWSE_MOPS_T57SB01_OFFICIAL_DOCUMENT_UPLOAD,a2acdaf91fb4ab24b6447298e620d4c43859d0d46f581bab58fa44bfff0ef2ee,a452e8c9096dc863be92081dc5a7593fc9c5c4d1ae0b9e7e27874323a052b1e9,EXACT_MATCH,MOPS_SINGLE_ELIGIBLE_FILING,3e6e6afdb8f4e71b6581d66c0e862871d21f52d9385e7650bd23c9de28a9008b
1303,2016-03-31,2016,1,2016-05-10,2016-05-10T17:14:50+08:00,2016-05-10,2016-05-10,2016-05-11,MOPS_EXACT,official_timestamp_second_precision,CONSOLIDATED,201601_1303_AI1.pdf,TWSE_MOPS_T57SB01_OFFICIAL_DOCUMENT_UPLOAD,b7d517ffb13c91a235a929efe26cfb2859fe8c39b3a7d8f8742abfe9b08f36e7,c8b402990384abb878c9b5944247df94a74338d7cf23ec96064d9864ff19c819,EXACT_MATCH,MOPS_SINGLE_ELIGIBLE_FILING,61bbabcc9bd5f0d8ae248b639001ddd7859dd4a86818f3a55f21968f5c5b8a5c
1303,2016-06-30,2016,2,2016-08-11,2016-08-11T16:59:29+08:00,2016-08-11,2016-08-11,2016-08-12,MOPS_EXACT,official_timestamp_second_precision,CONSOLIDATED,201602_1303_AI1.pdf,TWSE_MOPS_T57SB01_OFFICIAL_DOCUMENT_UPLOAD,b7d517ffb13c91a235a929efe26cfb2859fe8c39b3a7d8f8742abfe9b08f36e7,54b298ccd0bd1bf78d1b967204947ad9c61470946c46b688c7ec2c45d6bcfed3,EXACT_MATCH,MOPS_SINGLE_ELIGIBLE_FILING,683f5dc71489e6007ec5c9be62cc88862229425d01aaaf4feea23c3f2b85658e
1303,2016-09-30,2016,3,2016-11-10,2016-11-10T16:35:45+08:00,2016-11-10,2016-11-10,2016-11-11,MOPS_EXACT,official_timestamp_second_precision,CONSOLIDATED,201603_1303_AI1.pdf,TWSE_MOPS_T57SB01_OFFICIAL_DOCUMENT_UPLOAD,b7d517ffb13c91a235a929efe26cfb2859fe8c39b3a7d8f8742abfe9b08f36e7,b951743a5aed0590c14c714ff10409a14c604e47a61e33974c4e1d7264d9c044,EXACT_MATCH,MOPS_SINGLE_ELIGIBLE_FILING,b18af84f2b7539f5e4e8e3b1244b2e01bee1bd3f5f70906ac003d78da3657472
1303,2016-12-31,2016,4,2017-03-24,2017-03-24T16:18:22+08:00,2017-03-24,2017-03-24,2017-03-27,MOPS_EXACT,official_timestamp_second_precision,CONSOLIDATED,201604_1303_AI1.pdf,TWSE_MOPS_T57SB01_OFFICIAL_DOCUMENT_UPLOAD,b7d517ffb13c91a235a929efe26cfb2859fe8c39b3a7d8f8742abfe9b08f36e7,c9fe62458d41dd1e0187aa3821aa6bf41533a8e206263ec5d2da4b243dcaf121,EXACT_MATCH,MOPS_CONSOLIDATED_PREFERRED_OVER_INDIVIDUAL,1adc7f048c7ca103ef1994d4bd367e186b2275fd94ccb694b8c4e9fc06366f3f
1303,2017-03-31,2017,1,2017-05-12,2017-05-12T15:45:21+08:00,2017-05-12,2017-05-12,2017-05-15,MOPS_EXACT,official_timestamp_second_precision,CONSOLIDATED,201701_1303_AI1.pdf,TWSE_MOPS_T57SB01_OFFICIAL_DOCUMENT_UPLOAD,b7d517ffb13c91a235a929efe26cfb2859fe8c39b3a7d8f8742abfe9b08f36e7,9915945506339126bb2cb5dfa3aeaefc931ed8a50b36cfcecfaa199b9c4bdf8b,EXACT_MATCH,MOPS_SINGLE_ELIGIBLE_FILING,d9b2ef89d6f5204f48ee71df11570b7cb63f9473c5aab67d73e9b63f79c915d9
1303,2017-06-30,2017,2,2017-08-11,2017-08-11T15:55:11+08:00,2017-08-11,2017-08-11,2017-08-14,MOPS_EXACT,official_timestamp_second_precision,CONSOLIDATED,201702_1303_AI1.pdf,TWSE_MOPS_T57SB01_OFFICIAL_DOCUMENT_UPLOAD,b7d517ffb13c91a235a929efe26cfb2859fe8c39b3a7d8f8742abfe9b08f36e7,af1934cfc989ce8cea8cd738b0e027ed7c56cf1451178d561da54a7a5cec9065,EXACT_MATCH,MOPS_SINGLE_ELIGIBLE_FILING,cd5b2a2c08838c4e95c85fee50eacd4e8048538de3ca171ab28eca15ad731d82
1303,2017-09-30,2017,3,2017-11-10,2017-11-10T15:08:03+08:00,2017-11-10,2017-11-10,2017-11-13,MOPS_EXACT,official_timestamp_second_precision,CONSOLIDATED,201703_1303_AI1.pdf,TWSE_MOPS_T57SB01_OFFICIAL_DOCUMENT_UPLOAD,b7d517ffb13c91a235a929efe26cfb2859fe8c39b3a7d8f8742abfe9b08f36e7,dbada3f80ad78730fef307b0d1e069ced17e7e1199fbb54ef1ebca3a7a8fe729,EXACT_MATCH,MOPS_SINGLE_ELIGIBLE_FILING,29ba46689de6fae5bfa8116de36b180f43be57ca9cdeeb12a8f84514d5c695ff
1303,2017-12-31,2017,4,2018-03-23,2018-03-23T15:59:52+08:00,2018-03-23,2018-03-23,2018-03-26,MOPS_EXACT,official_timestamp_second_precision,CONSOLIDATED,201704_1303_AI1.pdf,TWSE_MOPS_T57SB01_OFFICIAL_DOCUMENT_UPLOAD,b7d517ffb13c91a235a929efe26cfb2859fe8c39b3a7d8f8742abfe9b08f36e7,aaac58d07983c37ea0f69e5dfde97f12fc7a25c793ced6763c3dad12f2be7cef,EXACT_MATCH,MOPS_CONSOLIDATED_PREFERRED_OVER_INDIVIDUAL,610222daef2da908b905e01bd2abd49191d22ff1a754c84226a7c44c6de7d50c
1303,2018-03-31,2018,1,2018-05-09,2018-05-09T15:23:23+08:00,2018-05-09,2018-05-09,2018-05-10,MOPS_EXACT,official_timestamp_second_precision,CONSOLIDATED,201801_1303_AI1.pdf,TWSE_MOPS_T57SB01_OFFICIAL_DOCUMENT_UPLOAD,b7d517ffb13c91a235a929efe26cfb2859fe8c39b3a7d8f8742abfe9b08f36e7,2864445a4202bcaaf0cf7f2b53f40879f05359f661bc882ea207d7e9529aa87c,EXACT_MATCH,MOPS_SINGLE_ELIGIBLE_FILING,4035acf2a6bf9a0c3c0d6cf1ec559a74f39887e6952c4daca5ddf6c7a8aee987
1303,2018-06-30,2018,2,2018-08-10,2018-08-10T14:47:39+08:00,2018-08-10,2018-08-10,2018-08-13,MOPS_EXACT,official_timestamp_second_precision,CONSOLIDATED,201802_1303_AI1.pdf,TWSE_MOPS_T57SB01_OFFICIAL_DOCUMENT_UPLOAD,b7d517ffb13c91a235a929efe26cfb2859fe8c39b3a7d8f8742abfe9b08f36e7,7247d56a631b131b449f27c9f5bd2e95a05764d4435d7611e2f84bc6508adb41,EXACT_MATCH,MOPS_SINGLE_ELIGIBLE_FILING,3e5031e9a78697a2aacfad1ce8a34770198b97e0a4820ddf80902c12caae0430
1303,2018-09-30,2018,3,2018-11-12,2018-11-12T17:51:47+08:00,2018-11-12,2018-11-12,2018-11-13,MOPS_EXACT,official_timestamp_second_precision,CONSOLIDATED,201803_1303_AI1.pdf,TWSE_MOPS_T57SB01_OFFICIAL_DOCUMENT_UPLOAD,b7d517ffb13c91a235a929efe26cfb2859fe8c39b3a7d8f8742abfe9b08f36e7,531eefdb08461b434c43ca693421202eae9db855525c1fe96ed764f58dbd1c60,EXACT_MATCH,MOPS_SINGLE_ELIGIBLE_FILING,22fbfc03a35fba1daba412cda2e097b253f426baae247d5f16e7edef303ef313
1303,2018-12-31,2018,4,2019-03-20,2019-03-20T15:30:59+08:00,2019-03-20,2019-03-20,2019-03-21,MOPS_EXACT,official_timestamp_second_precision,CONSOLIDATED,201804_1303_AI1.pdf,TWSE_MOPS_T57SB01_OFFICIAL_DOCUMENT_UPLOAD,b7d517ffb13c91a235a929efe26cfb2859fe8c39b3a7d8f8742abfe9b08f36e7,e1cd98ef0ccb2d4d7b3dc635ccffeaaa85a97682d95fbc95219fc275096abe01,EXACT_MATCH,MOPS_CONSOLIDATED_PREFERRED_OVER_INDIVIDUAL,906a1063f1c41690378e61342df24d23eaf22c7eb3ebd654e7e05486ab0595d4
1303,2019-03-31,2019,1,2019-05-10,2019-05-10T14:13:11+08:00,2019-05-10,2019-05-10,2019-05-13,MOPS_EXACT,official_timestamp_second_precision,CONSOLIDATED,201901_1303_AI1.pdf,TWSE_MOPS_T57SB01_OFFICIAL_DOCUMENT_UPLOAD,b7d517ffb13c91a235a929efe26cfb2859fe8c39b3a7d8f8742abfe9b08f36e7,178d06a010fb1fb9aebe758506d8cc2eaf4772749fdae6a1d8ea61d68d10bb28,EXACT_MATCH,MOPS_SINGLE_ELIGIBLE_FILING,95819eb39c31069895186d88ac0aa83d4c7e23f4c32eb34f4aa5560a89e7b4e2
1303,2019-06-30,2019,2,2019-08-12,2019-08-12T14:36:58+08:00,2019-08-12,2019-08-12,2019-08-13,MOPS_EXACT,official_timestamp_second_precision,CONSOLIDATED,201902_1303_AI1.pdf,TWSE_MOPS_T57SB01_OFFICIAL_DOCUMENT_UPLOAD,b7d517ffb13c91a235a929efe26cfb2859fe8c39b3a7d8f8742abfe9b08f36e7,289105351a559a9d1f01695360a11c2d64284b4db60aad92e96dd90357d7fefa,EXACT_MATCH,MOPS_SINGLE_ELIGIBLE_FILING,e1659ed9a5ce362eb2f70da5a680de9143a64c9b49aec36e1886a4fbdc0f6486
1303,2019-09-30,2019,3,2019-11-08,2019-11-08T16:00:41+08:00,2019-11-08,2019-11-08,2019-11-11,MOPS_EXACT,official_timestamp_second_precision,CONSOLIDATED,201903_1303_AI1.pdf,TWSE_MOPS_T57SB01_OFFICIAL_DOCUMENT_UPLOAD,b7d517ffb13c91a235a929efe26cfb2859fe8c39b3a7d8f8742abfe9b08f36e7,8bad610a94e6b8687996a6764fcc3a0bd776fff70b2e0e36475e23b04a306995,EXACT_MATCH,MOPS_SINGLE_ELIGIBLE_FILING,7063603651ca295a5cfe99441dd095807bbe5985bd282330f2cffb962a28f7b9
1303,2019-12-31,2019,4,2020-03-18,2020-03-18T14:12:13+08:00,2020-03-18,2020-03-18,2020-03-19,MOPS_EXACT,official_timestamp_second_precision,CONSOLIDATED,201904_1303_AI1.pdf,TWSE_MOPS_T57SB01_OFFICIAL_DOCUMENT_UPLOAD,b7d517ffb13c91a235a929efe26cfb2859fe8c39b3a7d8f8742abfe9b08f36e7,aeb1fa9a7eeb4ff586a077e01a99c03efa05a95dda9f3de5f400babf280a590c,EXACT_MATCH,MOPS_CONSOLIDATED_PREFERRED_OVER_INDIVIDUAL,4f30b70fdc2ffb153a0218162dee4532cf4066bbe602a1cae48228cf2313f7b0
1303,2020-03-31,2020,1,2020-05-11,2020-05-11T14:03:45+08:00,2020-05-11,2020-05-11,2020-05-12,MOPS_EXACT,official_timestamp_second_precision,CONSOLIDATED,202001_1303_AI1.pdf,TWSE_MOPS_T57SB01_OFFICIAL_DOCUMENT_UPLOAD,b7d517ffb13c91a235a929efe26cfb2859fe8c39b3a7d8f8742abfe9b08f36e7,5777090d14df9825614c0cf3fec69a0f06a5d6e98e42f384b89c04f9f04a7020,EXACT_MATCH,MOPS_SINGLE_ELIGIBLE_FILING,bf8d4a425cb7a60954e0b4fc59e19f000fa9da5e8252a3e64ad548f36e06656b
1303,2020-06-30,2020,2,2020-08-10,2020-08-10T14:01:30+08:00,2020-08-10,2020-08-10,2020-08-11,MOPS_EXACT,official_timestamp_second_precision,CONSOLIDATED,202002_1303_AI1.pdf,TWSE_MOPS_T57SB01_OFFICIAL_DOCUMENT_UPLOAD,b7d517ffb13c91a235a929efe26cfb2859fe8c39b3a7d8f8742abfe9b08f36e7,60372c46e1dc45caf3ba6b25ca5446744e33b486f4c385790fef5bb986be8b46,EXACT_MATCH,MOPS_SINGLE_ELIGIBLE_FILING,878e961d575378ed65ad1a6f56c4c61ba62aa6848204afb34a58e4ab3e534466
1303,2020-09-30,2020,3,2020-11-09,2020-11-09T14:13:34+08:00,2020-11-09,2020-11-09,2020-11-10,MOPS_EXACT,official_timestamp_second_precision,CONSOLIDATED,202003_1303_AI1.pdf,TWSE_MOPS_T57SB01_OFFICIAL_DOCUMENT_UPLOAD,b7d517ffb13c91a235a929efe26cfb2859fe8c39b3a7d8f8742abfe9b08f36e7,e697af8f74bc8a21a198c9f38345a4e1db2fc9830b7b9c1dcc87b57af2cb66d8,EXACT_MATCH,MOPS_SINGLE_ELIGIBLE_FILING,d9db9e10b100eb04400a4c787326fc07875a94ccf4d69a88a84b7f24dbb91cd4
1303,2020-12-31,2020,4,2021-03-18,2021-03-18T14:33:14+08:00,2021-03-18,2021-03-18,2021-03-19,MOPS_EXACT,official_timestamp_second_precision,CONSOLIDATED,202004_1303_AI1.pdf,TWSE_MOPS_T57SB01_OFFICIAL_DOCUMENT_UPLOAD,b7d517ffb13c91a235a929efe26cfb2859fe8c39b3a7d8f8742abfe9b08f36e7,35917b09721ca0d0cad111429930a76bcbda84f9c369336ddf18175398f01808,EXACT_MATCH,MOPS_CONSOLIDATED_PREFERRED_OVER_INDIVIDUAL,fabd0cc6f7df428c1573a4bdb5f11796714191b0e2a915de7d8f1280fc7ede0f
1303,2021-03-31,2021,1,2021-05-11,2021-05-11T14:39:33+08:00,2021-05-11,2021-05-11,2021-05-12,MOPS_EXACT,official_timestamp_second_precision,CONSOLIDATED,202101_1303_AI1.pdf,TWSE_MOPS_T57SB01_OFFICIAL_DOCUMENT_UPLOAD,b7d517ffb13c91a235a929efe26cfb2859fe8c39b3a7d8f8742abfe9b08f36e7,3352adcda355b93c06f54bc8ad9943508594fb2197f064573d6694d3df4b9726,EXACT_MATCH,MOPS_SINGLE_ELIGIBLE_FILING,fac3f01d065d440e6a4e432eb312553d4434a88a41461ff33411e58abe84ac9d
1303,2021-06-30,2021,2,2021-08-10,2021-08-10T14:22:51+08:00,2021-08-10,2021-08-10,2021-08-11,MOPS_EXACT,official_timestamp_second_precision,CONSOLIDATED,202102_1303_AI1.pdf,TWSE_MOPS_T57SB01_OFFICIAL_DOCUMENT_UPLOAD,b7d517ffb13c91a235a929efe26cfb2859fe8c39b3a7d8f8742abfe9b08f36e7,0382d0ab7425e37b6217a2d2742776c6c295da5a7ef6481a403de83bfb4fea8d,EXACT_MATCH,MOPS_SINGLE_ELIGIBLE_FILING,b29a8a713fd282f369e2240e4ad167756adc860e05be7481c13a09aafa6c2c71
1303,2021-09-30,2021,3,2021-11-09,2021-11-09T14:40:04+08:00,2021-11-09,2021-11-09,2021-11-10,MOPS_EXACT,official_timestamp_second_precision,CONSOLIDATED,202103_1303_AI1.pdf,TWSE_MOPS_T57SB01_OFFICIAL_DOCUMENT_UPLOAD,b7d517ffb13c91a235a929efe26cfb2859fe8c39b3a7d8f8742abfe9b08f36e7,b77194db7e2219dddbc0bfc6222cc4fd8df9d033adf8431069622f9991598d36,EXACT_MATCH,MOPS_SINGLE_ELIGIBLE_FILING,f6b255af094ae1981c2a28ff92e017a70db40a2e4a9860a75e2a617afa75f6b5
1303,2021-12-31,2021,4,2022-03-11,2022-03-11T15:10:00+08:00,2022-03-11,2022-03-11,2022-03-14,MOPS_EXACT,official_timestamp_second_precision,CONSOLIDATED,202104_1303_AI1.pdf,TWSE_MOPS_T57SB01_OFFICIAL_DOCUMENT_UPLOAD,b7d517ffb13c91a235a929efe26cfb2859fe8c39b3a7d8f8742abfe9b08f36e7,9de6c6dcc26d319d53f1d3b9dff69cdcce051d6aa3d79c6360824a393e604f6d,EXACT_MATCH,MOPS_CONSOLIDATED_PREFERRED_OVER_INDIVIDUAL,29734496e9f78aa3776e786f1783700ff523cad287e2dc31dfaad980d83287de
1303,2022-03-31,2022,1,2022-05-11,2022-05-11T14:12:18+08:00,2022-05-11,2022-05-11,2022-05-12,MOPS_EXACT,official_timestamp_second_precision,CONSOLIDATED,202201_1303_AI1.pdf,TWSE_MOPS_T57SB01_OFFICIAL_DOCUMENT_UPLOAD,b7d517ffb13c91a235a929efe26cfb2859fe8c39b3a7d8f8742abfe9b08f36e7,bfd5815c3fb52e09247573f4f396ecb4442d31740cda7d8c10f79f665ca9822e,EXACT_MATCH,MOPS_SINGLE_ELIGIBLE_FILING,c3417eb2d3b7d5ecc8c403b75ef162a312bd87b83f37ba0043d196848b4d7c12
1303,2022-06-30,2022,2,2022-08-10,2022-08-10T13:46:24+08:00,2022-08-10,2022-08-10,2022-08-11,MOPS_EXACT,official_timestamp_second_precision,CONSOLIDATED,202202_1303_AI1.pdf,TWSE_MOPS_T57SB01_OFFICIAL_DOCUMENT_UPLOAD,b7d517ffb13c91a235a929efe26cfb2859fe8c39b3a7d8f8742abfe9b08f36e7,be2318f442e5add9681b264358eca08b50dfdb8961cbd66ce26d19e9ad7dee0a,EXACT_MATCH,MOPS_SINGLE_ELIGIBLE_FILING,833fc3a93d9dbd8aa95c9d9c4aaa2deb302d297a707280c7f00878342a81657e
1303,2022-09-30,2022,3,2022-11-09,2022-11-09T13:44:28+08:00,2022-11-09,2022-11-09,2022-11-10,MOPS_EXACT,official_timestamp_second_precision,CONSOLIDATED,202203_1303_AI1.pdf,TWSE_MOPS_T57SB01_OFFICIAL_DOCUMENT_UPLOAD,b7d517ffb13c91a235a929efe26cfb2859fe8c39b3a7d8f8742abfe9b08f36e7,e4a75a782b1d9f5ff08032fb420d0060731e83628d787e2a0bbb8ac7bd49639a,EXACT_MATCH,MOPS_SINGLE_ELIGIBLE_FILING,c078ac33dc8cd18d947cbc6d2cf3acaad3abb20553593ed987a079d137e43c23
1303,2022-12-31,2022,4,2023-03-08,2023-03-08T13:52:23+08:00,2023-03-08,2023-03-08,2023-03-09,MOPS_EXACT,official_timestamp_second_precision,CONSOLIDATED,202204_1303_AI1.pdf,TWSE_MOPS_T57SB01_OFFICIAL_DOCUMENT_UPLOAD,b7d517ffb13c91a235a929efe26cfb2859fe8c39b3a7d8f8742abfe9b08f36e7,de4176d02f92cf8ed2933a4e478ee8a283ce88beeea77290830f4c2ea647a41a,EXACT_MATCH,MOPS_CONSOLIDATED_PREFERRED_OVER_INDIVIDUAL,8a569dcdbc813ac5766e4fd373ab057c89582d028f95953feac3dbb20fe4a68d
1303,2023-03-31,2023,1,2023-05-09,2023-05-09T13:47:45+08:00,2023-05-09,2023-05-09,2023-05-10,MOPS_EXACT,official_timestamp_second_precision,CONSOLIDATED,202301_1303_AI1.pdf,TWSE_MOPS_T57SB01_OFFICIAL_DOCUMENT_UPLOAD,b7d517ffb13c91a235a929efe26cfb2859fe8c39b3a7d8f8742abfe9b08f36e7,d66f5169ef0d9ef09e70b4ffe625087bc32ef47c6a86b5252fb428185c4b07b3,EXACT_MATCH,MOPS_SINGLE_ELIGIBLE_FILING,eb57d1ddd25e6c7423e90cda7b525cee7e953274f3b288c900e38ef349efb3f8
1303,2023-06-30,2023,2,2023-08-08,2023-08-08T13:49:58+08:00,2023-08-08,2023-08-08,2023-08-09,MOPS_EXACT,official_timestamp_second_precision,CONSOLIDATED,202302_1303_AI1.pdf,TWSE_MOPS_T57SB01_OFFICIAL_DOCUMENT_UPLOAD,b7d517ffb13c91a235a929efe26cfb2859fe8c39b3a7d8f8742abfe9b08f36e7,5ea7944209844713bf6ed4ab8e8bcaabfe0c8ec453d71a2ba4093ea07487447e,EXACT_MATCH,MOPS_SINGLE_ELIGIBLE_FILING,0117f6e27450bce0b009defa3e64c9489e4fd791180cfe40c1ec0893d503d641
1303,2023-09-30,2023,3,2023-11-10,2023-11-10T13:53:24+08:00,2023-11-10,2023-11-10,2023-11-13,MOPS_EXACT,official_timestamp_second_precision,CONSOLIDATED,202303_1303_AI1.pdf,TWSE_MOPS_T57SB01_OFFICIAL_DOCUMENT_UPLOAD,b7d517ffb13c91a235a929efe26cfb2859fe8c39b3a7d8f8742abfe9b08f36e7,cc0d94d8a4852b3bcc60d837c5d03f89b0f2b49d07871c1862d0dcf9d36deb08,EXACT_MATCH,MOPS_SINGLE_ELIGIBLE_FILING,a5fdbd6623c20b311fa2288352a0923465fbe3a08e1c0627a3b0b5c61a0bd077
1303,2023-12-31,2023,4,2024-03-12,2024-03-12T15:03:40+08:00,2024-03-12,2024-03-12,2024-03-13,MOPS_EXACT,official_timestamp_second_precision,CONSOLIDATED,202304_1303_AI1.pdf,TWSE_MOPS_T57SB01_OFFICIAL_DOCUMENT_UPLOAD,b7d517ffb13c91a235a929efe26cfb2859fe8c39b3a7d8f8742abfe9b08f36e7,e36c778503159d6c57b6dc43adf22abb89e5f768b23194a6a1cf0ee1fb636566,EXACT_MATCH,MOPS_CONSOLIDATED_PREFERRED_OVER_INDIVIDUAL,fccbd272c930ccf4210c629518ef13cc290cb415c776da3a812dd0868c22561f
1303,2024-03-31,2024,1,2024-05-10,2024-05-10T13:52:01+08:00,2024-05-10,2024-05-10,2024-05-13,MOPS_EXACT,official_timestamp_second_precision,CONSOLIDATED,202401_1303_AI1.pdf,TWSE_MOPS_T57SB01_OFFICIAL_DOCUMENT_UPLOAD,b7d517ffb13c91a235a929efe26cfb2859fe8c39b3a7d8f8742abfe9b08f36e7,8e6b13962d00679908bb91daa3fd044a8f9b703d1b6bb8b5240f49b7d0df2d66,EXACT_MATCH,MOPS_SINGLE_ELIGIBLE_FILING,167eff3954dc164eebeaf332869db9292025e2209291bf05b512ab522bf41f07
1303,2024-06-30,2024,2,2024-08-09,2024-08-09T13:43:23+08:00,2024-08-09,2024-08-09,2024-08-12,MOPS_EXACT,official_timestamp_second_precision,CONSOLIDATED,202402_1303_AI1.pdf,TWSE_MOPS_T57SB01_OFFICIAL_DOCUMENT_UPLOAD,b7d517ffb13c91a235a929efe26cfb2859fe8c39b3a7d8f8742abfe9b08f36e7,6562b7968144e24406c952ce2fe1599acc21d65f125262c5d96fb9b06cea4750,EXACT_MATCH,MOPS_SINGLE_ELIGIBLE_FILING,e988690fb9014260b80f8d5621129cf0405467b14283da9d9f41d01d17b72d61
1303,2024-09-30,2024,3,2024-11-12,2024-11-12T13:58:27+08:00,2024-11-12,2024-11-12,2024-11-13,MOPS_EXACT,official_timestamp_second_precision,CONSOLIDATED,202403_1303_AI1.pdf,TWSE_MOPS_T57SB01_OFFICIAL_DOCUMENT_UPLOAD,b7d517ffb13c91a235a929efe26cfb2859fe8c39b3a7d8f8742abfe9b08f36e7,39b649b93e493e7903c0b7d1be479460e9d8ec34e9b0bea55e79c58f1561396d,EXACT_MATCH,MOPS_SINGLE_ELIGIBLE_FILING,41acf8290dddf1eff316a42fcae170c070ab4da9a8619a8227c2968a578f459c
1303,2024-12-31,2024,4,2025-03-11,2025-03-11T13:56:22+08:00,2025-03-11,2025-03-11,2025-03-12,MOPS_EXACT,official_timestamp_second_precision,CONSOLIDATED,202404_1303_AI1.pdf,TWSE_MOPS_T57SB01_OFFICIAL_DOCUMENT_UPLOAD,b7d517ffb13c91a235a929efe26cfb2859fe8c39b3a7d8f8742abfe9b08f36e7,d17e408471a26032fdfc32d6368dc25fabe206fd6e1ecf61481ee9b69e79b73e,EXACT_MATCH,MOPS_CONSOLIDATED_PREFERRED_OVER_INDIVIDUAL,cc37e346ac879ea06ebe8afe0d8c0e4e6b8ebc9bf5a88b7c95dd1c79ed5879a5
1303,2025-03-31,2025,1,2025-05-13,2025-05-13T14:12:25+08:00,2025-05-13,2025-05-13,2025-05-14,MOPS_EXACT,official_timestamp_second_precision,CONSOLIDATED,202501_1303_AI1.pdf,TWSE_MOPS_T57SB01_OFFICIAL_DOCUMENT_UPLOAD,b7d517ffb13c91a235a929efe26cfb2859fe8c39b3a7d8f8742abfe9b08f36e7,adec803f2f4f25b0e1263c07d4355c04d2df9e037caaef0ffa8bf74f2a968aa1,EXACT_MATCH,MOPS_SINGLE_ELIGIBLE_FILING,3929e76034c7b3cf81d503104975ad3998225e496e6e29e4996c8c9c216c18a5
1303,2025-06-30,2025,2,2025-08-08,2025-08-08T13:47:11+08:00,2025-08-08,2025-08-08,2025-08-11,MOPS_EXACT,official_timestamp_second_precision,CONSOLIDATED,202502_1303_AI1.pdf,TWSE_MOPS_T57SB01_OFFICIAL_DOCUMENT_UPLOAD,b7d517ffb13c91a235a929efe26cfb2859fe8c39b3a7d8f8742abfe9b08f36e7,27bcfadcb90524fb6631e722c617f4b214d66dae86b5ab6abce140f72e3fdaa6,EXACT_MATCH,MOPS_SINGLE_ELIGIBLE_FILING,022eecb63796ede19ea1c37edd6b0415c2bf63fab4cc596c0ab4ef2108941264
1303,2025-09-30,2025,3,2025-11-11,2025-11-11T14:38:57+08:00,2025-11-11,2025-11-11,2025-11-12,MOPS_EXACT,official_timestamp_second_precision,CONSOLIDATED,202503_1303_AI1.pdf,TWSE_MOPS_T57SB01_OFFICIAL_DOCUMENT_UPLOAD,b7d517ffb13c91a235a929efe26cfb2859fe8c39b3a7d8f8742abfe9b08f36e7,a27644e609d9843b6d191395443ba397b1a4afdaefa7147194e5b74b2317d0ac,EXACT_MATCH,MOPS_SINGLE_ELIGIBLE_FILING,f9145d622854b7d9aa44a1dd4d3742c2e88bffdca2d7bc487833e9a78d89dfbc
1303,2025-12-31,2025,4,2026-03-11,2026-03-11T13:52:33+08:00,2026-03-11,2026-03-11,2026-03-12,MOPS_EXACT,official_timestamp_second_precision,CONSOLIDATED,202504_1303_AI1.pdf,TWSE_MOPS_T57SB01_OFFICIAL_DOCUMENT_UPLOAD,b7d517ffb13c91a235a929efe26cfb2859fe8c39b3a7d8f8742abfe9b08f36e7,9793fde0a4f099c884f6644716ae145617e58dbdc478ab432507abf6600e9082,EXACT_MATCH,MOPS_CONSOLIDATED_PREFERRED_OVER_INDIVIDUAL,03782add3c222ed732ba286a9771ef4514819179c1c9f831b0866d5075631f47
1303,2026-03-31,2026,1,2026-05-12,2026-05-12T14:23:01+08:00,2026-05-12,2026-05-12,2026-05-13,MOPS_EXACT,official_timestamp_second_precision,CONSOLIDATED,202601_1303_AI1.pdf,TWSE_MOPS_T57SB01_OFFICIAL_DOCUMENT_UPLOAD,b7d517ffb13c91a235a929efe26cfb2859fe8c39b3a7d8f8742abfe9b08f36e7,468fd7af254a8086b988b0248f3736d4c06b6daaab7987da1294168aac9d1471,EXACT_MATCH,MOPS_SINGLE_ELIGIBLE_FILING,3925b0dddbb1d12b3ea6235b690086548594933abf5575ff8dadf9b8c54c1cac
1303,2026-06-30,2026,2,2026-08-11,2026-08-11T14:23:28+08:00,2026-08-11,2026-08-11,2026-08-12,MOPS_EXACT,official_timestamp_second_precision,CONSOLIDATED,202602_1303_AI1.pdf,TWSE_MOPS_T57SB01_OFFICIAL_DOCUMENT_UPLOAD,b7d517ffb13c91a235a929efe26cfb2859fe8c39b3a7d8f8742abfe9b08f36e7,f7758f69b30c27436fab3bfa5d808c3a99d6a44d05fa3ea74fe320675724a9ef,EXACT_MATCH,MOPS_SINGLE_ELIGIBLE_FILING,619a0013a3d9418cb8cc0aa8660de0b3bfc3af682f0b0fa4d6936e3ad787a4ac
2059,2016-03-31,2016,1,2016-05-06,2016-05-06T16:13:10+08:00,2016-05-06,2016-05-06,2016-05-09,MOPS_EXACT,official_timestamp_second_precision,CONSOLIDATED,201601_2059_AI1.pdf,TWSE_MOPS_T57SB01_OFFICIAL_DOCUMENT_UPLOAD,fc8bb0fd25f6bf67b42b7612b595de065b7b41a03700ee64862266832c44ab58,e29df1cb437780884c69c35f8ab1a02b3bcbc5b677082a179f6f00870b795431,EXACT_MATCH,MOPS_SINGLE_ELIGIBLE_FILING,16c7e57c9a54027d515eac7a8fd3f6d6231e02ad8963e340df93f0ab7489d795
2059,2016-06-30,2016,2,2016-08-08,2016-08-08T15:26:01+08:00,2016-08-08,2016-08-08,2016-08-09,MOPS_EXACT,official_timestamp_second_precision,CONSOLIDATED,201602_2059_AI1.pdf,TWSE_MOPS_T57SB01_OFFICIAL_DOCUMENT_UPLOAD,fc8bb0fd25f6bf67b42b7612b595de065b7b41a03700ee64862266832c44ab58,0a01bcbc4f6d55f51b5f6af8930c62a4a1db4aefef1a59ef728e1b2969331096,EXACT_MATCH,MOPS_SINGLE_ELIGIBLE_FILING,94cc7cfc4ffc11a6d3dede6b10d5ad902349f24bab11d5c377387a3bba930d9e
2059,2016-09-30,2016,3,2016-11-07,2016-11-07T15:28:26+08:00,2016-11-07,2016-11-07,2016-11-08,MOPS_EXACT,official_timestamp_second_precision,CONSOLIDATED,201603_2059_AI1.pdf,TWSE_MOPS_T57SB01_OFFICIAL_DOCUMENT_UPLOAD,fc8bb0fd25f6bf67b42b7612b595de065b7b41a03700ee64862266832c44ab58,ce34f355ff4778137f899cf8d83e5cf0dbe0ee852680350953ac7fe7420c1cac,EXACT_MATCH,MOPS_SINGLE_ELIGIBLE_FILING,3a1847d4311d984f404475ad3a611877aed059153b6ee2f7357661e6050d04f4
2059,2016-12-31,2016,4,2017-02-24,2017-02-24T16:24:54+08:00,2017-02-24,2017-02-24,2017-03-01,MOPS_EXACT,official_timestamp_second_precision,CONSOLIDATED,201604_2059_AI1.pdf,TWSE_MOPS_T57SB01_OFFICIAL_DOCUMENT_UPLOAD,fc8bb0fd25f6bf67b42b7612b595de065b7b41a03700ee64862266832c44ab58,1cbf1b127ee34293e587fb20f1a7158f920965125b46ee76be89e69ab0edfe2e,EXACT_MATCH,MOPS_CONSOLIDATED_PREFERRED_OVER_INDIVIDUAL,8a417d6b014350b378e4dcb0a779b7b1c349346dad7406930e8faa508d284ab0
2059,2017-03-31,2017,1,2017-05-05,2017-05-05T15:46:19+08:00,2017-05-05,2017-05-05,2017-05-08,MOPS_EXACT,official_timestamp_second_precision,CONSOLIDATED,201701_2059_AI1.pdf,TWSE_MOPS_T57SB01_OFFICIAL_DOCUMENT_UPLOAD,fc8bb0fd25f6bf67b42b7612b595de065b7b41a03700ee64862266832c44ab58,771d7bb9712d560de03e3569c8de66a7a1a2a98867bf03d5f40c9fd3143d73c0,EXACT_MATCH,MOPS_SINGLE_ELIGIBLE_FILING,21331bd2944ae984a8facc15ea33d6455207d7ed10e21073e57b4c01492d17c6
2059,2017-06-30,2017,2,2017-08-07,2017-08-07T17:43:34+08:00,2017-08-07,2017-08-07,2017-08-08,MOPS_EXACT,official_timestamp_second_precision,CONSOLIDATED,201702_2059_AI1.pdf,TWSE_MOPS_T57SB01_OFFICIAL_DOCUMENT_UPLOAD,fc8bb0fd25f6bf67b42b7612b595de065b7b41a03700ee64862266832c44ab58,2ec70eb7914bb6d74afc973a43f125d69f7009cf16bb6f3c9cc3b0c7a4cfe567,EXACT_MATCH,MOPS_SINGLE_ELIGIBLE_FILING,300c1f60b53eb4d85f78f21934293a7df8540bee8b0db05f5f28e68ff4c09047
2059,2017-09-30,2017,3,2017-11-07,2017-11-07T15:37:17+08:00,2017-11-07,2017-11-07,2017-11-08,MOPS_EXACT,official_timestamp_second_precision,CONSOLIDATED,201703_2059_AI1.pdf,TWSE_MOPS_T57SB01_OFFICIAL_DOCUMENT_UPLOAD,fc8bb0fd25f6bf67b42b7612b595de065b7b41a03700ee64862266832c44ab58,af3d6ace2be400e91e51363f8d89a8cfc7fdf206bcf4a5eaf383f4932d62bd61,EXACT_MATCH,MOPS_SINGLE_ELIGIBLE_FILING,81b29f24d8dee7632803f456cbd138654854dd15fe6bc5504d27f1b67d208f1e
2059,2017-12-31,2017,4,2018-02-27,2018-02-27T16:20:06+08:00,2018-02-27,2018-02-27,2018-03-01,MOPS_EXACT,official_timestamp_second_precision,CONSOLIDATED,201704_2059_AI1.pdf,TWSE_MOPS_T57SB01_OFFICIAL_DOCUMENT_UPLOAD,fc8bb0fd25f6bf67b42b7612b595de065b7b41a03700ee64862266832c44ab58,47e98861ec5b5494201d65840a40ff8d3ce4dc0117c7b67067eb949b3fb89542,EXACT_MATCH,MOPS_CONSOLIDATED_PREFERRED_OVER_INDIVIDUAL,a8371185ee8846f978e02c9872e896d4e595e0dcdf49b95b703eaab765a6e337
2059,2018-03-31,2018,1,2018-05-07,2018-05-07T15:58:21+08:00,2018-05-07,2018-05-07,2018-05-08,MOPS_EXACT,official_timestamp_second_precision,CONSOLIDATED,201801_2059_AI1.pdf,TWSE_MOPS_T57SB01_OFFICIAL_DOCUMENT_UPLOAD,fc8bb0fd25f6bf67b42b7612b595de065b7b41a03700ee64862266832c44ab58,846c57f3dfa560f3decabd397d6e76d0a0e418511a56b5229ae9efe50d8ee96f,EXACT_MATCH,MOPS_SINGLE_ELIGIBLE_FILING,a8e1d7f6be8e2f15af5086b7196cbd00588a1929c23033ee64414ae0488b34d1
2059,2018-06-30,2018,2,2018-08-07,2018-08-07T15:29:56+08:00,2018-08-07,2018-08-07,2018-08-08,MOPS_EXACT,official_timestamp_second_precision,CONSOLIDATED,201802_2059_AI1.pdf,TWSE_MOPS_T57SB01_OFFICIAL_DOCUMENT_UPLOAD,fc8bb0fd25f6bf67b42b7612b595de065b7b41a03700ee64862266832c44ab58,a12692852764571aa5f3b2978946069cc90c25f565b88b56b4c2fb53cc00cf30,EXACT_MATCH,MOPS_SINGLE_ELIGIBLE_FILING,49476813f4f6737df602cf56b1b57a11a32c9ddb41a3cc1847d83e02ff0528af
2059,2018-09-30,2018,3,2018-11-07,2018-11-07T15:45:51+08:00,2018-11-07,2018-11-07,2018-11-08,MOPS_EXACT,official_timestamp_second_precision,CONSOLIDATED,201803_2059_AI1.pdf,TWSE_MOPS_T57SB01_OFFICIAL_DOCUMENT_UPLOAD,fc8bb0fd25f6bf67b42b7612b595de065b7b41a03700ee64862266832c44ab58,9f8d072eaa1927e23aaef7b22f489d572d54bfcde5e1267cdd11a6b8e7891db9,EXACT_MATCH,MOPS_SINGLE_ELIGIBLE_FILING,bc705d2433575c137eaecc4fb80b496c364506774cf93d9a16f40efb5f5d5ad2
2059,2018-12-31,2018,4,2019-02-27,2019-02-27T15:59:39+08:00,2019-02-27,2019-02-27,2019-03-04,MOPS_EXACT,official_timestamp_second_precision,CONSOLIDATED,201804_2059_AI1.pdf,TWSE_MOPS_T57SB01_OFFICIAL_DOCUMENT_UPLOAD,fc8bb0fd25f6bf67b42b7612b595de065b7b41a03700ee64862266832c44ab58,f9a7c33bebeff3193725777671d03a6146839b5cc20ad1526e3e9c5e9c20363e,EXACT_MATCH,MOPS_CONSOLIDATED_PREFERRED_OVER_INDIVIDUAL,0cd19cf2aaa0d9a8c4e46bba06bf3af22c3933ae6bfa8665cc1d8a231da0461f
2059,2019-03-31,2019,1,2019-05-07,2019-05-07T14:38:03+08:00,2019-05-07,2019-05-07,2019-05-08,MOPS_EXACT,official_timestamp_second_precision,CONSOLIDATED,201901_2059_AI1.pdf,TWSE_MOPS_T57SB01_OFFICIAL_DOCUMENT_UPLOAD,fc8bb0fd25f6bf67b42b7612b595de065b7b41a03700ee64862266832c44ab58,29b868433d75d47b86baaa693ff69d48da7ea4393b12e9cee5737f7b1d5184c4,EXACT_MATCH,MOPS_SINGLE_ELIGIBLE_FILING,9c68eb92e7589e532b66d13dbbcb88a8d75302878bea889f8234130a2975c98c
2059,2019-06-30,2019,2,2019-08-07,2019-08-07T15:35:27+08:00,2019-08-07,2019-08-07,2019-08-08,MOPS_EXACT,official_timestamp_second_precision,CONSOLIDATED,201902_2059_AI1.pdf,TWSE_MOPS_T57SB01_OFFICIAL_DOCUMENT_UPLOAD,fc8bb0fd25f6bf67b42b7612b595de065b7b41a03700ee64862266832c44ab58,8cf0427f25c580ce681a68b7d80e2ee0aa521189aecdac5115d5025c081ea60f,EXACT_MATCH,MOPS_SINGLE_ELIGIBLE_FILING,a971935af7963a62640fdb82757b980f4204a2a2f860acfba5261e7fc23b07d3
2059,2019-09-30,2019,3,2019-11-06,2019-11-06T15:46:36+08:00,2019-11-06,2019-11-06,2019-11-07,MOPS_EXACT,official_timestamp_second_precision,CONSOLIDATED,201903_2059_AI1.pdf,TWSE_MOPS_T57SB01_OFFICIAL_DOCUMENT_UPLOAD,fc8bb0fd25f6bf67b42b7612b595de065b7b41a03700ee64862266832c44ab58,d846e5361b1597b732dffe42caa8c005eb3018ac982b99ddf884a961c960ad7a,EXACT_MATCH,MOPS_SINGLE_ELIGIBLE_FILING,d8c563fdecef3fb6c42da0976ff5b81daaaab2c3e031500480791dbfbf1079a4
2059,2019-12-31,2019,4,2020-02-26,2020-02-26T16:29:52+08:00,2020-02-26,2020-02-26,2020-02-27,MOPS_EXACT,official_timestamp_second_precision,CONSOLIDATED,201904_2059_AI1.pdf,TWSE_MOPS_T57SB01_OFFICIAL_DOCUMENT_UPLOAD,fc8bb0fd25f6bf67b42b7612b595de065b7b41a03700ee64862266832c44ab58,a02e201895714ab76a7cc548b80a959abaded3bfc5343407a1058af1492ab62f,EXACT_MATCH,MOPS_CONSOLIDATED_PREFERRED_OVER_INDIVIDUAL,36688ee058ddbeefea17250e6385585f13ceb9b904fa21819987b6152adce283
2059,2020-03-31,2020,1,2020-05-06,2020-05-06T15:42:17+08:00,2020-05-06,2020-05-06,2020-05-07,MOPS_EXACT,official_timestamp_second_precision,CONSOLIDATED,202001_2059_AI1.pdf,TWSE_MOPS_T57SB01_OFFICIAL_DOCUMENT_UPLOAD,fc8bb0fd25f6bf67b42b7612b595de065b7b41a03700ee64862266832c44ab58,1d1aeaa88b090ac08e1e3adefcabf640bdf06526b74d43b29584a9b858dfffd5,EXACT_MATCH,MOPS_SINGLE_ELIGIBLE_FILING,73a2807b4c2f6f0051affb1548ebcf09803281f4830224c68da99b2764062194
2059,2020-06-30,2020,2,2020-08-07,2020-08-07T16:18:06+08:00,2020-08-07,2020-08-07,2020-08-10,MOPS_EXACT,official_timestamp_second_precision,CONSOLIDATED,202002_2059_AI1.pdf,TWSE_MOPS_T57SB01_OFFICIAL_DOCUMENT_UPLOAD,fc8bb0fd25f6bf67b42b7612b595de065b7b41a03700ee64862266832c44ab58,a912cfc9ebf124ccfbd979bf7e28dd0e7d1d091a062441fedb8ce31fb9192291,EXACT_MATCH,MOPS_SINGLE_ELIGIBLE_FILING,5b39467cbad1d66c9fff7f2e4c314f70d0c37f11a3cc02a9c73abc58ec32680a
2059,2020-09-30,2020,3,2020-11-06,2020-11-06T15:51:18+08:00,2020-11-06,2020-11-06,2020-11-09,MOPS_EXACT,official_timestamp_second_precision,CONSOLIDATED,202003_2059_AI1.pdf,TWSE_MOPS_T57SB01_OFFICIAL_DOCUMENT_UPLOAD,fc8bb0fd25f6bf67b42b7612b595de065b7b41a03700ee64862266832c44ab58,3a50de97267ef49bb6fd68dc1173351acbcf3d84f700266ce0992347685addd7,EXACT_MATCH,MOPS_SINGLE_ELIGIBLE_FILING,6fee766e2c3e5aec183cc331ee9916515e57c72d23a13131fbb3dd6345dbae2c
2059,2020-12-31,2020,4,2021-02-26,2021-02-26T17:07:44+08:00,2021-02-26,2021-02-26,2021-03-02,MOPS_EXACT,official_timestamp_second_precision,CONSOLIDATED,202004_2059_AI1.pdf,TWSE_MOPS_T57SB01_OFFICIAL_DOCUMENT_UPLOAD,fc8bb0fd25f6bf67b42b7612b595de065b7b41a03700ee64862266832c44ab58,8e2f1526cc64eb0662406e1e3453d1c81c2bff357634e273040428649cfd5567,EXACT_MATCH,MOPS_CONSOLIDATED_PREFERRED_OVER_INDIVIDUAL,804f91f445c6ea93504864ed2b93580c1f7edd23753fb39853c61fdbc78cfc4b
2059,2021-03-31,2021,1,2021-05-07,2021-05-07T15:50:00+08:00,2021-05-07,2021-05-07,2021-05-10,MOPS_EXACT,official_timestamp_second_precision,CONSOLIDATED,202101_2059_AI1.pdf,TWSE_MOPS_T57SB01_OFFICIAL_DOCUMENT_UPLOAD,fc8bb0fd25f6bf67b42b7612b595de065b7b41a03700ee64862266832c44ab58,c0a1cee10e3b5a8e1ba788275e44aca7ecc7f9a422a12bbaee1c32aa70ee2fc3,EXACT_MATCH,MOPS_SINGLE_ELIGIBLE_FILING,1ab509da7f77b5db89e213cd301505dfc7f9ec3da56e8d892b5bbf027138c875
2059,2021-06-30,2021,2,2021-08-06,2021-08-06T16:19:54+08:00,2021-08-06,2021-08-06,2021-08-09,MOPS_EXACT,official_timestamp_second_precision,CONSOLIDATED,202102_2059_AI1.pdf,TWSE_MOPS_T57SB01_OFFICIAL_DOCUMENT_UPLOAD,fc8bb0fd25f6bf67b42b7612b595de065b7b41a03700ee64862266832c44ab58,12d7c6ccf5b5cf5cc4d00cbf2610c6a307263d5f40e0a4656dd4c8f4394d3885,EXACT_MATCH,MOPS_SINGLE_ELIGIBLE_FILING,3dd957a8d26cef11f40b5e2e56171ee1a75c7626b9b3a478db9eaef209e659e6
2059,2021-09-30,2021,3,2021-11-05,2021-11-05T16:02:00+08:00,2021-11-05,2021-11-05,2021-11-08,MOPS_EXACT,official_timestamp_second_precision,CONSOLIDATED,202103_2059_AI1.pdf,TWSE_MOPS_T57SB01_OFFICIAL_DOCUMENT_UPLOAD,fc8bb0fd25f6bf67b42b7612b595de065b7b41a03700ee64862266832c44ab58,426e446f88508c96a04c210a0b9b1ea247850e9a87fe95b28d0ae12035ad9317,EXACT_MATCH,MOPS_SINGLE_ELIGIBLE_FILING,27b459868f4db332e36e1864a68cdeb80409f6ad51b60263f74d24fe1f5f7dcf
2059,2021-12-31,2021,4,2022-02-25,2022-02-25T16:49:12+08:00,2022-02-25,2022-02-25,2022-03-01,MOPS_EXACT,official_timestamp_second_precision,CONSOLIDATED,202104_2059_AI1.pdf,TWSE_MOPS_T57SB01_OFFICIAL_DOCUMENT_UPLOAD,fc8bb0fd25f6bf67b42b7612b595de065b7b41a03700ee64862266832c44ab58,2703c42b0cb3ee346c7c351b5aadab43efa1cb47795eeb5cf7691b9acc66de2f,EXACT_MATCH,MOPS_CONSOLIDATED_PREFERRED_OVER_INDIVIDUAL,7a356bdfdfa8fb9323c4fb06b6ea099fd64913394ee1bbb68d702d5f871015d3
2059,2022-03-31,2022,1,2022-05-06,2022-05-06T15:56:21+08:00,2022-05-06,2022-05-06,2022-05-09,MOPS_EXACT,official_timestamp_second_precision,CONSOLIDATED,202201_2059_AI1.pdf,TWSE_MOPS_T57SB01_OFFICIAL_DOCUMENT_UPLOAD,fc8bb0fd25f6bf67b42b7612b595de065b7b41a03700ee64862266832c44ab58,1499376847060d6750781bc3b59eee20d173d6d815be46f1c46300b8455f8ff7,EXACT_MATCH,MOPS_SINGLE_ELIGIBLE_FILING,e807b1a98273277664729fc17ae1f42d65b54a6dc9cc3855a1fb59f0a9dc2d56
2059,2022-06-30,2022,2,2022-08-05,2022-08-05T15:53:22+08:00,2022-08-05,2022-08-05,2022-08-08,MOPS_EXACT,official_timestamp_second_precision,CONSOLIDATED,202202_2059_AI1.pdf,TWSE_MOPS_T57SB01_OFFICIAL_DOCUMENT_UPLOAD,fc8bb0fd25f6bf67b42b7612b595de065b7b41a03700ee64862266832c44ab58,d4ee56f0b34de39e153c510f20baace7419b01405f16d02378934902751eca12,EXACT_MATCH,MOPS_SINGLE_ELIGIBLE_FILING,dd59770048cac15270eccc583c6570154f3afb909de9c93406b78b93386ca72b
2059,2022-09-30,2022,3,2022-11-04,2022-11-04T15:37:49+08:00,2022-11-04,2022-11-04,2022-11-07,MOPS_EXACT,official_timestamp_second_precision,CONSOLIDATED,202203_2059_AI1.pdf,TWSE_MOPS_T57SB01_OFFICIAL_DOCUMENT_UPLOAD,fc8bb0fd25f6bf67b42b7612b595de065b7b41a03700ee64862266832c44ab58,47b259470f545bd4a9fb89c2a946f908c171783e40ec215747c61b5285c8e5ec,EXACT_MATCH,MOPS_SINGLE_ELIGIBLE_FILING,855ec4838a94e1f51ef280103a35a7a261b9e09e6b2b4ac79bb93df9330de43f
2059,2022-12-31,2022,4,2023-02-24,2023-02-24T16:24:25+08:00,2023-02-24,2023-02-24,2023-03-01,MOPS_EXACT,official_timestamp_second_precision,CONSOLIDATED,202204_2059_AI1.pdf,TWSE_MOPS_T57SB01_OFFICIAL_DOCUMENT_UPLOAD,fc8bb0fd25f6bf67b42b7612b595de065b7b41a03700ee64862266832c44ab58,2a085d343e7dde9789240215d808eff403071c2f7a638d303bf5f1e85baf0f77,EXACT_MATCH,MOPS_CONSOLIDATED_PREFERRED_OVER_INDIVIDUAL,56a61e8d4f98a8aa025345a0d17c32518108c5bd189a18f02567eb3720914c5b
2059,2023-03-31,2023,1,2023-05-05,2023-05-05T15:44:41+08:00,2023-05-05,2023-05-05,2023-05-08,MOPS_EXACT,official_timestamp_second_precision,CONSOLIDATED,202301_2059_AI1.pdf,TWSE_MOPS_T57SB01_OFFICIAL_DOCUMENT_UPLOAD,fc8bb0fd25f6bf67b42b7612b595de065b7b41a03700ee64862266832c44ab58,ed5b65c7c4d87d9c8c92ed3afd8d5c6ea3df88d267b5d1781a1489706b9aaa94,EXACT_MATCH,MOPS_SINGLE_ELIGIBLE_FILING,537f4b2b3d047c2c44c4e159b9e9d9028cfb0d86105627c7d12daa4c52df3c5c
2059,2023-06-30,2023,2,2023-08-04,2023-08-04T16:14:52+08:00,2023-08-04,2023-08-04,2023-08-07,MOPS_EXACT,official_timestamp_second_precision,CONSOLIDATED,202302_2059_AI1.pdf,TWSE_MOPS_T57SB01_OFFICIAL_DOCUMENT_UPLOAD,fc8bb0fd25f6bf67b42b7612b595de065b7b41a03700ee64862266832c44ab58,b4533edacf99de7be8f7cc1167b1cfda9e81a9c98768bdf46b592d4cac80f826,EXACT_MATCH,MOPS_SINGLE_ELIGIBLE_FILING,841e53c09c73104f37369c22fd29b8fa64f5214c4df7e2a8428c76404f568f4b
2059,2023-09-30,2023,3,2023-11-06,2023-11-06T15:35:00+08:00,2023-11-06,2023-11-06,2023-11-07,MOPS_EXACT,official_timestamp_second_precision,CONSOLIDATED,202303_2059_AI1.pdf,TWSE_MOPS_T57SB01_OFFICIAL_DOCUMENT_UPLOAD,fc8bb0fd25f6bf67b42b7612b595de065b7b41a03700ee64862266832c44ab58,998e0be3d62b7a83344aaa0265c0b7bf46aea43ec52e0d471fb41ae75f565e88,EXACT_MATCH,MOPS_SINGLE_ELIGIBLE_FILING,353ea3deeafe32ce5f85aaf177774363a84b60f90a8aaa0909bedf0f632ed7db
2059,2023-12-31,2023,4,2024-02-22,2024-02-22T17:03:44+08:00,2024-02-22,2024-02-22,2024-02-23,MOPS_EXACT,official_timestamp_second_precision,CONSOLIDATED,202304_2059_AI1.pdf,TWSE_MOPS_T57SB01_OFFICIAL_DOCUMENT_UPLOAD,fc8bb0fd25f6bf67b42b7612b595de065b7b41a03700ee64862266832c44ab58,d15dc2ad4b18dfdcc2240d6e265244bfb64730f250ef85a65f897c5e3c88d7c3,EXACT_MATCH,MOPS_CONSOLIDATED_PREFERRED_OVER_INDIVIDUAL,28cd9c4df3e9472551b2d732a05b7d79104bd50f8181a9f1726d861c163085df
2059,2024-03-31,2024,1,2024-05-07,2024-05-07T15:01:07+08:00,2024-05-07,2024-05-07,2024-05-08,MOPS_EXACT,official_timestamp_second_precision,CONSOLIDATED,202401_2059_AI1.pdf,TWSE_MOPS_T57SB01_OFFICIAL_DOCUMENT_UPLOAD,fc8bb0fd25f6bf67b42b7612b595de065b7b41a03700ee64862266832c44ab58,2b1d49e4b9c6472999b6bd12e51098b80137e895bb33beee2af2b40ed7749d5a,EXACT_MATCH,MOPS_SINGLE_ELIGIBLE_FILING,c71a81b58601d95b7f973988cb01a4c9e7ba9539b44ee5ab03d6d9de9df56499
2059,2024-06-30,2024,2,2024-08-06,2024-08-06T15:32:16+08:00,2024-08-06,2024-08-06,2024-08-07,MOPS_EXACT,official_timestamp_second_precision,CONSOLIDATED,202402_2059_AI1.pdf,TWSE_MOPS_T57SB01_OFFICIAL_DOCUMENT_UPLOAD,fc8bb0fd25f6bf67b42b7612b595de065b7b41a03700ee64862266832c44ab58,bb9cb7e8e19b369f6ca0bef24aea5150eb6b5e9f34aa83396021a2e43035ce76,EXACT_MATCH,MOPS_SINGLE_ELIGIBLE_FILING,cb096c286f5742014aacaebe15561788c642d45f0fd60be4cec7c53158d51a6e
2059,2024-09-30,2024,3,2024-11-06,2024-11-06T15:02:52+08:00,2024-11-06,2024-11-06,2024-11-07,MOPS_EXACT,official_timestamp_second_precision,CONSOLIDATED,202403_2059_AI1.pdf,TWSE_MOPS_T57SB01_OFFICIAL_DOCUMENT_UPLOAD,fc8bb0fd25f6bf67b42b7612b595de065b7b41a03700ee64862266832c44ab58,14f5ca3a8d6c5a272494b9e2ce67a6f28d5c902aa229a4a3f9db52176b72d806,EXACT_MATCH,MOPS_SINGLE_ELIGIBLE_FILING,7789d561e410c3074ca788b932c6697b09f267977df13e9ff42c15867d985d63
2059,2024-12-31,2024,4,2025-02-20,2025-02-20T15:30:05+08:00,2025-02-20,2025-02-20,2025-02-21,MOPS_EXACT,official_timestamp_second_precision,CONSOLIDATED,202404_2059_AI1.pdf,TWSE_MOPS_T57SB01_OFFICIAL_DOCUMENT_UPLOAD,fc8bb0fd25f6bf67b42b7612b595de065b7b41a03700ee64862266832c44ab58,acfd435ea7b86a3db8d9910c05f693d9ac4cca474d51a3bc8f521c78002dd5aa,EXACT_MATCH,MOPS_CONSOLIDATED_PREFERRED_OVER_INDIVIDUAL,1da655b6269f580bb4afd44a4bf4275820b38c03ea6145982615bef902e00f36
2059,2025-03-31,2025,1,2025-05-07,2025-05-07T15:04:04+08:00,2025-05-07,2025-05-07,2025-05-08,MOPS_EXACT,official_timestamp_second_precision,CONSOLIDATED,202501_2059_AI1.pdf,TWSE_MOPS_T57SB01_OFFICIAL_DOCUMENT_UPLOAD,fc8bb0fd25f6bf67b42b7612b595de065b7b41a03700ee64862266832c44ab58,95f74295625a8c1acaab1d83937cc03b521897d5ab9f4cee926d5bb35f5c9e2a,EXACT_MATCH,MOPS_SINGLE_ELIGIBLE_FILING,c76452e7bf00ee474894be2b3645761c827c752cbe3a526c7df803024c7e3ba7
2059,2025-06-30,2025,2,2025-08-06,2025-08-06T15:02:47+08:00,2025-08-06,2025-08-06,2025-08-07,MOPS_EXACT,official_timestamp_second_precision,CONSOLIDATED,202502_2059_AI1.pdf,TWSE_MOPS_T57SB01_OFFICIAL_DOCUMENT_UPLOAD,fc8bb0fd25f6bf67b42b7612b595de065b7b41a03700ee64862266832c44ab58,af8d8b1d7adf1296f90bf5083a480a646f992c82d6df269963e358ccdf67b0c1,EXACT_MATCH,MOPS_SINGLE_ELIGIBLE_FILING,9aca0a8bd07708e5ee98f76b3803dd991e859ec520190336e48a18011367f5b2
2059,2025-09-30,2025,3,2025-11-06,2025-11-06T15:45:23+08:00,2025-11-06,2025-11-06,2025-11-07,MOPS_EXACT,official_timestamp_second_precision,CONSOLIDATED,202503_2059_AI1.pdf,TWSE_MOPS_T57SB01_OFFICIAL_DOCUMENT_UPLOAD,fc8bb0fd25f6bf67b42b7612b595de065b7b41a03700ee64862266832c44ab58,f2e93b134962351f24108bbe8ca03dc1a17956edd59abdff2eccba4bd6d1ad79,EXACT_MATCH,MOPS_SINGLE_ELIGIBLE_FILING,3591d5f059ddbf44fe5cc2d8139decfceb82aea88993e0c0d2e97b0e1341613c
2059,2025-12-31,2025,4,2026-02-24,2026-02-24T17:15:23+08:00,2026-02-24,2026-02-24,2026-02-25,MOPS_EXACT,official_timestamp_second_precision,CONSOLIDATED,202504_2059_AI1.pdf,TWSE_MOPS_T57SB01_OFFICIAL_DOCUMENT_UPLOAD,fc8bb0fd25f6bf67b42b7612b595de065b7b41a03700ee64862266832c44ab58,56a8bf998e13798ba96441a4b085611fa3ae23aec35156fed7617be54261962d,EXACT_MATCH,MOPS_CONSOLIDATED_PREFERRED_OVER_INDIVIDUAL,04745e837fed31be5a15c544e000a47b237c761c74c5ad3c952d4ca35bfa656b
2059,2026-03-31,2026,1,2026-05-06,2026-05-06T15:02:48+08:00,2026-05-06,2026-05-06,2026-05-07,MOPS_EXACT,official_timestamp_second_precision,CONSOLIDATED,202601_2059_AI1.pdf,TWSE_MOPS_T57SB01_OFFICIAL_DOCUMENT_UPLOAD,fc8bb0fd25f6bf67b42b7612b595de065b7b41a03700ee64862266832c44ab58,831c15166882cd958a8b1daaa3f960258d2c13028b51c3c30410225e03db0301,EXACT_MATCH,MOPS_SINGLE_ELIGIBLE_FILING,6ab892119b30f204f3ec789b239109f755a4f34b7e9de23096eed44c2d725cab
2059,2026-06-30,2026,2,2026-08-06,2026-08-06T14:56:12+08:00,2026-08-06,2026-08-06,2026-08-07,MOPS_EXACT,official_timestamp_second_precision,CONSOLIDATED,202602_2059_AI1.pdf,TWSE_MOPS_T57SB01_OFFICIAL_DOCUMENT_UPLOAD,fc8bb0fd25f6bf67b42b7612b595de065b7b41a03700ee64862266832c44ab58,08198c294d98540a16095625f01c3a98c7b14e75b8e69a3e264f920f29819fac,EXACT_MATCH,MOPS_SINGLE_ELIGIBLE_FILING,0c33494719a7442bf0033939140f98d92043d2b5835b2ee46a8ff437b8177b2d
2301,2016-03-31,2016,1,2016-05-13,2016-05-13T15:16:09+08:00,2016-05-13,2016-05-13,2016-05-16,MOPS_EXACT,official_timestamp_second_precision,CONSOLIDATED,201601_2301_AI1.pdf,TWSE_MOPS_T57SB01_OFFICIAL_DOCUMENT_UPLOAD,30cda86833c9c2c45fa9264f7f78bc68ed00e741d56c7a5c06e4007838055fcb,fc01635aa9be2b5ef4fdfa4c1c81d5b4f9e846e8109d3fac4a341a06cfd41850,EXACT_MATCH,MOPS_SINGLE_ELIGIBLE_FILING,76157acc24b9f2cd220907c84561505b0fa0d0565f64e1aee66726db98a0c5df
2301,2016-06-30,2016,2,2016-08-12,2016-08-12T15:08:40+08:00,2016-08-12,2016-08-12,2016-08-15,MOPS_EXACT,official_timestamp_second_precision,CONSOLIDATED,201602_2301_AI1.pdf,TWSE_MOPS_T57SB01_OFFICIAL_DOCUMENT_UPLOAD,30cda86833c9c2c45fa9264f7f78bc68ed00e741d56c7a5c06e4007838055fcb,bfc4591a7817cfdd91dd24081cc54814e7da0b238937f026ed249f5de57842cf,EXACT_MATCH,MOPS_SINGLE_ELIGIBLE_FILING,95e285554b1f7b9438023cdc0cae0dbb8def2941b07cf21b81b61fa7a89ce76d
2301,2016-09-30,2016,3,2016-11-14,2016-11-14T15:28:19+08:00,2016-11-14,2016-11-14,2016-11-15,MOPS_EXACT,official_timestamp_second_precision,CONSOLIDATED,201603_2301_AI1.pdf,TWSE_MOPS_T57SB01_OFFICIAL_DOCUMENT_UPLOAD,30cda86833c9c2c45fa9264f7f78bc68ed00e741d56c7a5c06e4007838055fcb,3aa8ab4a127aca070d02fac6cba0f24cb1465cc23328b7d2ae2429bd83c494f7,EXACT_MATCH,MOPS_SINGLE_ELIGIBLE_FILING,941d4e20aee4f0a02ce3c1dc1fc3bf4d17a94de19f9f8128a78a80398202a0d2
2301,2016-12-31,2016,4,2017-02-25,2017-02-25T12:12:10+08:00,2017-02-25,2017-02-25,2017-03-01,MOPS_EXACT,official_timestamp_second_precision,CONSOLIDATED,201604_2301_AI1.pdf,TWSE_MOPS_T57SB01_OFFICIAL_DOCUMENT_UPLOAD,30cda86833c9c2c45fa9264f7f78bc68ed00e741d56c7a5c06e4007838055fcb,18c2c3fb610c9de89e5be90dbc8219b09278215502a5e351b2594c0932d5ab9d,EXACT_MATCH,MOPS_CONSOLIDATED_PREFERRED_OVER_INDIVIDUAL,15589ded8d2972a4ae04ff20827237416a31298f5cc15f657a8638d48c37a453
2301,2017-03-31,2017,1,2017-04-28,2017-04-28T19:20:02+08:00,2017-04-28,2017-04-28,2017-05-02,MOPS_EXACT,official_timestamp_second_precision,CONSOLIDATED,201701_2301_AI1.pdf,TWSE_MOPS_T57SB01_OFFICIAL_DOCUMENT_UPLOAD,30cda86833c9c2c45fa9264f7f78bc68ed00e741d56c7a5c06e4007838055fcb,2051e2593e1e1f1f8dfd2c5bc983dc546f53f33d1e208ea339ab56c08b56d449,EXACT_MATCH,MOPS_SINGLE_ELIGIBLE_FILING,6ddea0a5c06af43a1ab384d6b3f27552572f8ca06bd9e926e206dc39da50806a
2301,2017-06-30,2017,2,2017-07-28,2017-07-28T18:54:25+08:00,2017-07-28,2017-07-28,2017-07-31,MOPS_EXACT,official_timestamp_second_precision,CONSOLIDATED,201702_2301_AI1.pdf,TWSE_MOPS_T57SB01_OFFICIAL_DOCUMENT_UPLOAD,30cda86833c9c2c45fa9264f7f78bc68ed00e741d56c7a5c06e4007838055fcb,9594e9ec3fd86bcbf8a7044d21af5fb3a5c7c368ae907ffc5dd214f845937513,EXACT_MATCH,MOPS_SINGLE_ELIGIBLE_FILING,db76728c789501df85dcab4ba7469e0703f5c80eb501933803f1c58f4744f0ec
2301,2017-09-30,2017,3,2017-10-31,2017-10-31T16:47:55+08:00,2017-10-31,2017-10-31,2017-11-01,MOPS_EXACT,official_timestamp_second_precision,CONSOLIDATED,201703_2301_AI1.pdf,TWSE_MOPS_T57SB01_OFFICIAL_DOCUMENT_UPLOAD,30cda86833c9c2c45fa9264f7f78bc68ed00e741d56c7a5c06e4007838055fcb,7562e9541cc777b301c63e18e949be83b3da2ade1ca50ead1f58aa214af3e318,EXACT_MATCH,MOPS_SINGLE_ELIGIBLE_FILING,5d129465ea1065bff79fc4c8139687aed6a577d8fa6b3f3d9102a275c5f5bde7
2301,2017-12-31,2017,4,2018-02-27,2018-02-27T19:48:26+08:00,2018-02-27,2018-02-27,2018-03-01,MOPS_EXACT,official_timestamp_second_precision,CONSOLIDATED,201704_2301_AI1.pdf,TWSE_MOPS_T57SB01_OFFICIAL_DOCUMENT_UPLOAD,30cda86833c9c2c45fa9264f7f78bc68ed00e741d56c7a5c06e4007838055fcb,c93c52abbf1c46af98dc6b9016812ff904724f61a38c6964f3bc95237c324cad,EXACT_MATCH,MOPS_CONSOLIDATED_PREFERRED_OVER_INDIVIDUAL,bd56e269cde7f859dc7f583557417cac5ff76ba868e5313bf5e29e367a41993f
2301,2018-03-31,2018,1,2018-04-27,2018-04-27T18:43:00+08:00,2018-04-27,2018-04-27,2018-04-30,MOPS_EXACT,official_timestamp_second_precision,CONSOLIDATED,201801_2301_AI1.pdf,TWSE_MOPS_T57SB01_OFFICIAL_DOCUMENT_UPLOAD,30cda86833c9c2c45fa9264f7f78bc68ed00e741d56c7a5c06e4007838055fcb,41f7a35bc85445b23cef307030048045b929535046a323f9eb66eacae353f29e,EXACT_MATCH,MOPS_SINGLE_ELIGIBLE_FILING,da83698e205a2a8a0f8a3849768bf884883e7d9cabd772e76886084c1bb98e46
2301,2018-06-30,2018,2,2018-08-13,2018-08-13T22:31:21+08:00,2018-08-13,2018-08-13,2018-08-14,MOPS_EXACT,official_timestamp_second_precision,CONSOLIDATED,201802_2301_AI1.pdf,TWSE_MOPS_T57SB01_OFFICIAL_DOCUMENT_UPLOAD,30cda86833c9c2c45fa9264f7f78bc68ed00e741d56c7a5c06e4007838055fcb,73d3243345ab6c132509ca8e59b29c853568ce790d21189eaca1e22cb08955b2,EXACT_MATCH,MOPS_SINGLE_ELIGIBLE_FILING,545a4f0e2d336162c1b2d8fe177a4600ff2591a96bedd604da8d190ef543da78
2301,2018-09-30,2018,3,2018-10-30,2018-10-30T17:54:34+08:00,2018-10-30,2018-10-30,2018-10-31,MOPS_EXACT,official_timestamp_second_precision,CONSOLIDATED,201803_2301_AI1.pdf,TWSE_MOPS_T57SB01_OFFICIAL_DOCUMENT_UPLOAD,30cda86833c9c2c45fa9264f7f78bc68ed00e741d56c7a5c06e4007838055fcb,6946c34d7a36acb731a9a379d3917d816babd4202fca75606aefa8c01be8e7bc,EXACT_MATCH,MOPS_SINGLE_ELIGIBLE_FILING,7c8dfb51b0a85039360d7660ce8d6158d00b81225a7cbaec76fced7445d94031
2301,2018-12-31,2018,4,2019-02-27,2019-02-27T17:40:24+08:00,2019-02-27,2019-02-27,2019-03-04,MOPS_EXACT,official_timestamp_second_precision,CONSOLIDATED,201804_2301_AI1.pdf,TWSE_MOPS_T57SB01_OFFICIAL_DOCUMENT_UPLOAD,30cda86833c9c2c45fa9264f7f78bc68ed00e741d56c7a5c06e4007838055fcb,868a6e0a031682b627f11e7b4ba281adedd51df1dcaaf521c07df52a94c359b3,EXACT_MATCH,MOPS_CONSOLIDATED_PREFERRED_OVER_INDIVIDUAL,89d194aece86cd24e29b50a5cc8fd8c56bf852247e849f1781a7e2e4aa7e3ab3
2301,2019-03-31,2019,1,2019-04-29,2019-04-29T16:50:02+08:00,2019-04-29,2019-04-29,2019-04-30,MOPS_EXACT,official_timestamp_second_precision,CONSOLIDATED,201901_2301_AI1.pdf,TWSE_MOPS_T57SB01_OFFICIAL_DOCUMENT_UPLOAD,30cda86833c9c2c45fa9264f7f78bc68ed00e741d56c7a5c06e4007838055fcb,e298072f27ef07bcf1c12f1773a7b87f780d998efaa93d7b8d27c7194ae6ffae,EXACT_MATCH,MOPS_SINGLE_ELIGIBLE_FILING,e3cff16b9b013f83947031d4956827ae1886f50910d28f434edb65889ed2b40c
2301,2019-06-30,2019,2,2019-07-31,2019-07-31T18:49:49+08:00,2019-07-31,2019-07-31,2019-08-01,MOPS_EXACT,official_timestamp_second_precision,CONSOLIDATED,201902_2301_AI1.pdf,TWSE_MOPS_T57SB01_OFFICIAL_DOCUMENT_UPLOAD,30cda86833c9c2c45fa9264f7f78bc68ed00e741d56c7a5c06e4007838055fcb,8a60d3b5929e9d363d7c9de71af5a811ee2e0de74f36fa6d37177597058043e8,EXACT_MATCH,MOPS_SINGLE_ELIGIBLE_FILING,a586a729d32bb36e24bad5314397a4789a624537564dbd2dcbc30a5db115d506
2301,2019-09-30,2019,3,2019-11-04,2019-11-04T17:49:50+08:00,2019-11-04,2019-11-04,2019-11-05,MOPS_EXACT,official_timestamp_second_precision,CONSOLIDATED,201903_2301_AI1.pdf,TWSE_MOPS_T57SB01_OFFICIAL_DOCUMENT_UPLOAD,30cda86833c9c2c45fa9264f7f78bc68ed00e741d56c7a5c06e4007838055fcb,c79cbbad553054ec3424dd59db334432b0222fbb207a8b209df5d3932a66ce02,EXACT_MATCH,MOPS_SINGLE_ELIGIBLE_FILING,8221e315c9761449db295990eb19458bbfaf461687ddcfbdd4cd0a5f83d966cb
2301,2019-12-31,2019,4,2020-02-26,2020-02-26T19:21:47+08:00,2020-02-26,2020-02-26,2020-02-27,MOPS_EXACT,official_timestamp_second_precision,CONSOLIDATED,201904_2301_AI1.pdf,TWSE_MOPS_T57SB01_OFFICIAL_DOCUMENT_UPLOAD,30cda86833c9c2c45fa9264f7f78bc68ed00e741d56c7a5c06e4007838055fcb,b4f46276d5ca1f2cbe4d641f414581ca83322beef46828c87b756e4f31c230eb,EXACT_MATCH,MOPS_CONSOLIDATED_PREFERRED_OVER_INDIVIDUAL,e7c7adc3dbe17eebd5749422e9f43abaee9982d60db7adc71bf3f91f84a120c1
2301,2020-03-31,2020,1,2020-04-29,2020-04-29T18:32:54+08:00,2020-04-29,2020-04-29,2020-04-30,MOPS_EXACT,official_timestamp_second_precision,CONSOLIDATED,202001_2301_AI1.pdf,TWSE_MOPS_T57SB01_OFFICIAL_DOCUMENT_UPLOAD,30cda86833c9c2c45fa9264f7f78bc68ed00e741d56c7a5c06e4007838055fcb,ba0bde91a23518fdb23e814ac4b852ec1c07ec9a86882610c77aa57e0d2b4975,EXACT_MATCH,MOPS_SINGLE_ELIGIBLE_FILING,679964fed874a6261ab96574bc34fb917b4323f822cc86873bda252cd672f8a1
2301,2020-06-30,2020,2,2020-07-30,2020-07-30T17:48:38+08:00,2020-07-30,2020-07-30,2020-07-31,MOPS_EXACT,official_timestamp_second_precision,CONSOLIDATED,202002_2301_AI1.pdf,TWSE_MOPS_T57SB01_OFFICIAL_DOCUMENT_UPLOAD,30cda86833c9c2c45fa9264f7f78bc68ed00e741d56c7a5c06e4007838055fcb,d6dcb0e3855c0c34e06c088d9ec16fe92cd9a2b830a3a2088e26052a8f47fad4,EXACT_MATCH,MOPS_SINGLE_ELIGIBLE_FILING,5e60a0db3b6a0fe7178e30058d47f6d393d71f2f1cf38ce4316e0d21d37d4d23
2301,2020-09-30,2020,3,2020-10-30,2020-10-30T17:45:57+08:00,2020-10-30,2020-10-30,2020-11-02,MOPS_EXACT,official_timestamp_second_precision,CONSOLIDATED,202003_2301_AI1.pdf,TWSE_MOPS_T57SB01_OFFICIAL_DOCUMENT_UPLOAD,30cda86833c9c2c45fa9264f7f78bc68ed00e741d56c7a5c06e4007838055fcb,93516a9345fd642ceb591ec2d4f6d9dfc1743f63cd6ffdfb47672b053da0e71f,EXACT_MATCH,MOPS_SINGLE_ELIGIBLE_FILING,f705fbf399651e4a311168ffca0323bd58f297e45ea5df57a5e25a0539051499
2301,2020-12-31,2020,4,2021-02-25,2021-02-25T19:50:07+08:00,2021-02-25,2021-02-25,2021-02-26,MOPS_EXACT,official_timestamp_second_precision,CONSOLIDATED,202004_2301_AI1.pdf,TWSE_MOPS_T57SB01_OFFICIAL_DOCUMENT_UPLOAD,30cda86833c9c2c45fa9264f7f78bc68ed00e741d56c7a5c06e4007838055fcb,3a13b749662c91f6903c8b66cdabc6bd92f8511474733d5a5bbf6d43f1ccee10,EXACT_MATCH,MOPS_CONSOLIDATED_PREFERRED_OVER_INDIVIDUAL,91ff765cc5f982bc454b1bbfe94208d124e89ad301d687ea70c3c5ac7d41392b
2301,2021-03-31,2021,1,2021-04-29,2021-04-29T17:39:45+08:00,2021-04-29,2021-04-29,2021-05-03,MOPS_EXACT,official_timestamp_second_precision,CONSOLIDATED,202101_2301_AI1.pdf,TWSE_MOPS_T57SB01_OFFICIAL_DOCUMENT_UPLOAD,30cda86833c9c2c45fa9264f7f78bc68ed00e741d56c7a5c06e4007838055fcb,4226e5a667c34f7beb00210316fc08df1b32b57120d553ec3244ed1e2837065d,EXACT_MATCH,MOPS_SINGLE_ELIGIBLE_FILING,4bf03fa200441fac4f44526fb50cf6af7e553a16c7bb2732e0072a323e678d81
2301,2021-06-30,2021,2,2021-07-29,2021-07-29T17:45:11+08:00,2021-07-29,2021-07-29,2021-07-30,MOPS_EXACT,official_timestamp_second_precision,CONSOLIDATED,202102_2301_AI1.pdf,TWSE_MOPS_T57SB01_OFFICIAL_DOCUMENT_UPLOAD,30cda86833c9c2c45fa9264f7f78bc68ed00e741d56c7a5c06e4007838055fcb,a7f97b0143a64fd7c60cd4251110352b7c65c933ae40538d66a934cd933178e1,EXACT_MATCH,MOPS_SINGLE_ELIGIBLE_FILING,3947bc34fb5497578a78e9ae4c1d4a99110c93cb181184496fb5f0140d15338d
2301,2021-09-30,2021,3,2021-10-28,2021-10-28T18:01:51+08:00,2021-10-28,2021-10-28,2021-10-29,MOPS_EXACT,official_timestamp_second_precision,CONSOLIDATED,202103_2301_AI1.pdf,TWSE_MOPS_T57SB01_OFFICIAL_DOCUMENT_UPLOAD,30cda86833c9c2c45fa9264f7f78bc68ed00e741d56c7a5c06e4007838055fcb,39f54ae38ed2a2de9a79186d17a3b71cbcb26d8c5392b277f89935b533d6a4de,EXACT_MATCH,MOPS_SINGLE_ELIGIBLE_FILING,28eefc44279c54bdbb816bd479703b3068ec41f1937e30d3fe711428995976ba
2301,2021-12-31,2021,4,2022-02-24,2022-02-24T19:50:37+08:00,2022-02-24,2022-02-24,2022-02-25,MOPS_EXACT,official_timestamp_second_precision,CONSOLIDATED,202104_2301_AI1.pdf,TWSE_MOPS_T57SB01_OFFICIAL_DOCUMENT_UPLOAD,30cda86833c9c2c45fa9264f7f78bc68ed00e741d56c7a5c06e4007838055fcb,312c570b18314b3753ef28ec4c0032e83cb3138dc5a527e91d61c4f4da470343,EXACT_MATCH,MOPS_CONSOLIDATED_PREFERRED_OVER_INDIVIDUAL,cea51e7a46e2f928beb6ccf8c2b70956e740f019452c1332495fe4f12162a442
2301,2022-03-31,2022,1,2022-04-28,2022-04-28T17:48:38+08:00,2022-04-28,2022-04-28,2022-04-29,MOPS_EXACT,official_timestamp_second_precision,CONSOLIDATED,202201_2301_AI1.pdf,TWSE_MOPS_T57SB01_OFFICIAL_DOCUMENT_UPLOAD,30cda86833c9c2c45fa9264f7f78bc68ed00e741d56c7a5c06e4007838055fcb,90a77c31277eee34ff0f375985f5566da3ce8ad757cdecafc00416cdc54441e5,EXACT_MATCH,MOPS_SINGLE_ELIGIBLE_FILING,eb9b39a6f6a145fa2ba8b327a25623705d889185194ffdaa6475d7129b490c93
2301,2022-06-30,2022,2,2022-07-28,2022-07-28T18:20:48+08:00,2022-07-28,2022-07-28,2022-07-29,MOPS_EXACT,official_timestamp_second_precision,CONSOLIDATED,202202_2301_AI1.pdf,TWSE_MOPS_T57SB01_OFFICIAL_DOCUMENT_UPLOAD,30cda86833c9c2c45fa9264f7f78bc68ed00e741d56c7a5c06e4007838055fcb,4b4e93fe03c256831d290859b94f5190743ce9d99a2314f2e8b11e42cd39776f,EXACT_MATCH,MOPS_SINGLE_ELIGIBLE_FILING,fc5e00e25d7c742624f1ef467a4c81629c973456b8c0efb5788018ee8218c8b7
2301,2022-09-30,2022,3,2022-10-28,2022-10-28T18:15:38+08:00,2022-10-28,2022-10-28,2022-10-31,MOPS_EXACT,official_timestamp_second_precision,CONSOLIDATED,202203_2301_AI1.pdf,TWSE_MOPS_T57SB01_OFFICIAL_DOCUMENT_UPLOAD,30cda86833c9c2c45fa9264f7f78bc68ed00e741d56c7a5c06e4007838055fcb,dc4daa87ae90c33a6e6973a0b11f967a0bd13d2e0dba7bd4546e48f5f68ed75e,EXACT_MATCH,MOPS_SINGLE_ELIGIBLE_FILING,caf3768b438ebd8009a2d2a8b2dae808d7057b45760f48f3d6ecf7e92b9c00d1
2301,2022-12-31,2022,4,2023-02-23,2023-02-23T18:17:29+08:00,2023-02-23,2023-02-23,2023-02-24,MOPS_EXACT,official_timestamp_second_precision,CONSOLIDATED,202204_2301_AI1.pdf,TWSE_MOPS_T57SB01_OFFICIAL_DOCUMENT_UPLOAD,30cda86833c9c2c45fa9264f7f78bc68ed00e741d56c7a5c06e4007838055fcb,60964d7cc1cf3b7cf7499eafae0d88b9922c9bead56d8179c355993c3fd12e29,EXACT_MATCH,MOPS_CONSOLIDATED_PREFERRED_OVER_INDIVIDUAL,91ead09aad1238edd7f40e543e7e23c65e8366e41127b40101f7df3dc1997dda
2301,2023-03-31,2023,1,2023-04-27,2023-04-27T18:07:51+08:00,2023-04-27,2023-04-27,2023-04-28,MOPS_EXACT,official_timestamp_second_precision,CONSOLIDATED,202301_2301_AI1.pdf,TWSE_MOPS_T57SB01_OFFICIAL_DOCUMENT_UPLOAD,30cda86833c9c2c45fa9264f7f78bc68ed00e741d56c7a5c06e4007838055fcb,92af3d8c964e3a75e7b415f919e97e760b5fc35580d3676a748fa7468a6602d9,EXACT_MATCH,MOPS_SINGLE_ELIGIBLE_FILING,1d48b4a567163417dde31892fa97e251adc1f9224de2cf88775901cd6ad79e8c
2301,2023-06-30,2023,2,2023-07-28,2023-07-28T17:36:48+08:00,2023-07-28,2023-07-28,2023-07-31,MOPS_EXACT,official_timestamp_second_precision,CONSOLIDATED,202302_2301_AI1.pdf,TWSE_MOPS_T57SB01_OFFICIAL_DOCUMENT_UPLOAD,30cda86833c9c2c45fa9264f7f78bc68ed00e741d56c7a5c06e4007838055fcb,cccc82cea69c1a86aa029f5cdaba2b2f5eafa16d282f018eb81fc6484a83b862,EXACT_MATCH,MOPS_SINGLE_ELIGIBLE_FILING,2a689174eee2258d620b74f5b2854e041d6bd5f267e96692fc507059b4d683ad
2301,2023-09-30,2023,3,2023-10-30,2023-10-30T17:58:21+08:00,2023-10-30,2023-10-30,2023-10-31,MOPS_EXACT,official_timestamp_second_precision,CONSOLIDATED,202303_2301_AI1.pdf,TWSE_MOPS_T57SB01_OFFICIAL_DOCUMENT_UPLOAD,30cda86833c9c2c45fa9264f7f78bc68ed00e741d56c7a5c06e4007838055fcb,a0f27c7fd6d683d1ddf48e2944abf3e336ba5a392e6700d3767be38cbf301414,EXACT_MATCH,MOPS_SINGLE_ELIGIBLE_FILING,74c8116ff94aff860b3da5bc6b86d1c088d6b5c0dc194a5b5d86f3ea57d867e3
2301,2023-12-31,2023,4,2024-02-28,2024-02-28T17:52:17+08:00,2024-02-28,2024-02-28,2024-02-29,MOPS_EXACT,official_timestamp_second_precision,CONSOLIDATED,202304_2301_AI1.pdf,TWSE_MOPS_T57SB01_OFFICIAL_DOCUMENT_UPLOAD,30cda86833c9c2c45fa9264f7f78bc68ed00e741d56c7a5c06e4007838055fcb,5f52153e1aad9a93a075e0796ee1c025cebed64436d0b970be2a5b970048585b,EXACT_MATCH,MOPS_CONSOLIDATED_PREFERRED_OVER_INDIVIDUAL,b82a859ae001a1a68f22ba30238e248c3e459e79a10087c5f81685189b89c2a7
2301,2024-03-31,2024,1,2024-04-30,2024-04-30T19:07:17+08:00,2024-04-30,2024-04-30,2024-05-02,MOPS_EXACT,official_timestamp_second_precision,CONSOLIDATED,202401_2301_AI1.pdf,TWSE_MOPS_T57SB01_OFFICIAL_DOCUMENT_UPLOAD,30cda86833c9c2c45fa9264f7f78bc68ed00e741d56c7a5c06e4007838055fcb,05bc783be35e4b9e0d345d6f7cd5c2fe7c8d0928a8aeccf073698df9eaef214a,EXACT_MATCH,MOPS_SINGLE_ELIGIBLE_FILING,309931a094ad9ff80ceb1325d58af57550902e7739fa753d192809aa544fbd89
2301,2024-06-30,2024,2,2024-07-31,2024-07-31T18:35:51+08:00,2024-07-31,2024-07-31,2024-08-01,MOPS_EXACT,official_timestamp_second_precision,CONSOLIDATED,202402_2301_AI1.pdf,TWSE_MOPS_T57SB01_OFFICIAL_DOCUMENT_UPLOAD,30cda86833c9c2c45fa9264f7f78bc68ed00e741d56c7a5c06e4007838055fcb,749ae2b24dc5e58c76f13ca5019be62100cac577d3b0dfb81be269445b3a6c45,EXACT_MATCH,MOPS_SINGLE_ELIGIBLE_FILING,695c959360e907155a302a7fef10421c82c0216930e032ff5acb16d110d79b52
2301,2024-09-30,2024,3,2024-10-30,2024-10-30T18:32:32+08:00,2024-10-30,2024-10-30,2024-11-01,MOPS_EXACT,official_timestamp_second_precision,CONSOLIDATED,202403_2301_AI1.pdf,TWSE_MOPS_T57SB01_OFFICIAL_DOCUMENT_UPLOAD,30cda86833c9c2c45fa9264f7f78bc68ed00e741d56c7a5c06e4007838055fcb,8bafa2b9e46b35f92e7c2034175b3cf533a4b0afda256e546e77671cb54d2727,EXACT_MATCH,MOPS_SINGLE_ELIGIBLE_FILING,3d6c34e760a09de21c919c49024fc7e097b0944f070c56d4aa71d6897fb60565
2301,2024-12-31,2024,4,2025-02-27,2025-02-27T19:16:23+08:00,2025-02-27,2025-02-27,2025-03-03,MOPS_EXACT,official_timestamp_second_precision,CONSOLIDATED,202404_2301_AI1.pdf,TWSE_MOPS_T57SB01_OFFICIAL_DOCUMENT_UPLOAD,30cda86833c9c2c45fa9264f7f78bc68ed00e741d56c7a5c06e4007838055fcb,64618dd69237c05a586cc02dfddd8d6cab61ad5e9668e0fba6a0b0a0d5a331f9,EXACT_MATCH,MOPS_CONSOLIDATED_PREFERRED_OVER_INDIVIDUAL,d98f07be646006c3e55e680d51f1f0885f80f229d397182721cbbb3a2eea6eb9
2301,2025-03-31,2025,1,2025-04-30,2025-04-30T18:58:21+08:00,2025-04-30,2025-04-30,2025-05-02,MOPS_EXACT,official_timestamp_second_precision,CONSOLIDATED,202501_2301_AI1.pdf,TWSE_MOPS_T57SB01_OFFICIAL_DOCUMENT_UPLOAD,30cda86833c9c2c45fa9264f7f78bc68ed00e741d56c7a5c06e4007838055fcb,7314d13aff6dbe26a923d46eac04373f8f62ade6c695ec733e696fd61dad0df0,EXACT_MATCH,MOPS_SINGLE_ELIGIBLE_FILING,887228050f049e29b0a562b7edb8e059f88bb05bc105b89a78e003d72246ec46
2301,2025-06-30,2025,2,2025-07-31,2025-07-31T14:58:59+08:00,2025-07-31,2025-07-31,2025-08-01,MOPS_EXACT,official_timestamp_second_precision,CONSOLIDATED,202502_2301_AI1.pdf,TWSE_MOPS_T57SB01_OFFICIAL_DOCUMENT_UPLOAD,30cda86833c9c2c45fa9264f7f78bc68ed00e741d56c7a5c06e4007838055fcb,a31db06e4f57a578435fb473b16b946597ce517df158e83db3505581d2af0774,EXACT_MATCH,MOPS_SINGLE_ELIGIBLE_FILING,824fdd9bbefa875262337f21ddbe710bc9b5363c7d7f9f389ca5f980b4e3d92c
2301,2025-09-30,2025,3,2025-10-31,2025-10-31T17:01:11+08:00,2025-10-31,2025-10-31,2025-11-03,MOPS_EXACT,official_timestamp_second_precision,CONSOLIDATED,202503_2301_AI1.pdf,TWSE_MOPS_T57SB01_OFFICIAL_DOCUMENT_UPLOAD,30cda86833c9c2c45fa9264f7f78bc68ed00e741d56c7a5c06e4007838055fcb,8b5dbfd58a6507aa1ea1e4a92d4a39bfb9ed5ce3968bfc5ae1825aba6a608738,EXACT_MATCH,MOPS_SINGLE_ELIGIBLE_FILING,0873c28d93c7158aee7dea083395ba86dc51a95273036ff9321fe023f2b7f766
2301,2025-12-31,2025,4,2026-02-26,2026-02-26T18:22:34+08:00,2026-02-26,2026-02-26,2026-03-02,MOPS_EXACT,official_timestamp_second_precision,CONSOLIDATED,202504_2301_AI1.pdf,TWSE_MOPS_T57SB01_OFFICIAL_DOCUMENT_UPLOAD,30cda86833c9c2c45fa9264f7f78bc68ed00e741d56c7a5c06e4007838055fcb,36e9439f0c02884be2c199d53bf35b0d60258f24527fca876d1eeffb0b32ff39,EXACT_MATCH,MOPS_CONSOLIDATED_PREFERRED_OVER_INDIVIDUAL,3eb24afce34b3c46cb119b6883d065fe3c9aa10ba7c5a477ac638ba88d7bbe8b
2301,2026-03-31,2026,1,2026-04-30,2026-04-30T15:19:15+08:00,2026-04-30,2026-04-30,2026-05-04,MOPS_EXACT,official_timestamp_second_precision,CONSOLIDATED,202601_2301_AI1.pdf,TWSE_MOPS_T57SB01_OFFICIAL_DOCUMENT_UPLOAD,30cda86833c9c2c45fa9264f7f78bc68ed00e741d56c7a5c06e4007838055fcb,218a1d3aff2551b92f13a7d96bc9ff14de3cb760da5a4c848c25c65b3522015e,EXACT_MATCH,MOPS_SINGLE_ELIGIBLE_FILING,8440eede2c6a3828c15faf1bbf3da1968380ac847a358c0fd69e7ff1bb0713e6
2301,2026-06-30,2026,2,2026-07-31,2026-07-31T19:27:54+08:00,2026-07-31,2026-07-31,2026-08-03,MOPS_EXACT,official_timestamp_second_precision,CONSOLIDATED,202602_2301_AI1.pdf,TWSE_MOPS_T57SB01_OFFICIAL_DOCUMENT_UPLOAD,30cda86833c9c2c45fa9264f7f78bc68ed00e741d56c7a5c06e4007838055fcb,b8f71d60370d62089626294f3f03170ff9928d9d92da3681f6c7a038263abe6b,EXACT_MATCH,MOPS_SINGLE_ELIGIBLE_FILING,36c14fe8c81006b9d62a3c303a30a2d9e2f52b7cbefd914f4c6ca57573dbf1b1
2303,2016-03-31,2016,1,2016-04-29,2016-04-29T17:12:41+08:00,2016-04-29,2016-04-29,2016-05-03,MOPS_EXACT,official_timestamp_second_precision,CONSOLIDATED,201601_2303_AI1.pdf,TWSE_MOPS_T57SB01_OFFICIAL_DOCUMENT_UPLOAD,95ce0f2a78eace2993e8a8fbc54ff63c2a73a6aab425b3e7baf984f8ddc8c387,b00251c39624a228c0c20d279df248c3461e57a922c7b3cdca22661528f40de5,EXACT_MATCH,MOPS_SINGLE_ELIGIBLE_FILING,10cbfe194e03c586da90e03db55e29df47159085ed371493df41d7c3a91117ca
2303,2016-06-30,2016,2,2016-07-29,2016-07-29T15:17:38+08:00,2016-07-29,2016-07-29,2016-08-01,MOPS_EXACT,official_timestamp_second_precision,CONSOLIDATED,201602_2303_AI1.pdf,TWSE_MOPS_T57SB01_OFFICIAL_DOCUMENT_UPLOAD,95ce0f2a78eace2993e8a8fbc54ff63c2a73a6aab425b3e7baf984f8ddc8c387,352413a359a54f2a344319e84f7ebbe97d359a9af4689a406d0da8dca5787fba,EXACT_MATCH,MOPS_SINGLE_ELIGIBLE_FILING,e4024bbbf59730a42c352d53264873df5044947a55e61b69c98fb67be868d9d7
2303,2016-09-30,2016,3,2016-10-27,2016-10-27T16:52:29+08:00,2016-10-27,2016-10-27,2016-10-28,MOPS_EXACT,official_timestamp_second_precision,CONSOLIDATED,201603_2303_AI1.pdf,TWSE_MOPS_T57SB01_OFFICIAL_DOCUMENT_UPLOAD,95ce0f2a78eace2993e8a8fbc54ff63c2a73a6aab425b3e7baf984f8ddc8c387,e62fca46e54e72b79716835d90d952cc25bd11ac6428d38cf6ad7c7f96bc2e56,EXACT_MATCH,MOPS_SINGLE_ELIGIBLE_FILING,08be5d8c7f0da34330400a71e1e83cad49198fb208bc4df6c3517bb0bc697048
2303,2016-12-31,2016,4,2017-02-24,2017-02-24T11:18:26+08:00,2017-02-24,2017-02-24,2017-03-01,MOPS_EXACT,official_timestamp_second_precision,CONSOLIDATED,201604_2303_AI1.pdf,TWSE_MOPS_T57SB01_OFFICIAL_DOCUMENT_UPLOAD,95ce0f2a78eace2993e8a8fbc54ff63c2a73a6aab425b3e7baf984f8ddc8c387,94b3fd800ed0d1b39e0d2a3c6eff9238557ed8154ee17e85e7de1607db9c7518,EXACT_MATCH,MOPS_CONSOLIDATED_PREFERRED_OVER_INDIVIDUAL,c3f10a689be89a80623bd2eb6580c733b6225f933278f6be245883b83c25d872
2303,2017-03-31,2017,1,2017-05-04,2017-05-04T18:15:05+08:00,2017-05-04,2017-05-04,2017-05-05,MOPS_EXACT,official_timestamp_second_precision,CONSOLIDATED,201701_2303_AI1.pdf,TWSE_MOPS_T57SB01_OFFICIAL_DOCUMENT_UPLOAD,95ce0f2a78eace2993e8a8fbc54ff63c2a73a6aab425b3e7baf984f8ddc8c387,0d80ce1ccac5f144ca523d184f84389ce3ef27351b7371f7a9beffed3188d536,EXACT_MATCH,MOPS_SINGLE_ELIGIBLE_FILING,07f387d1d2cb946bcae07d430cba7504d408615670817f0f68b1eaf1cbbbe3d2
2303,2017-06-30,2017,2,2017-07-28,2017-07-28T16:45:43+08:00,2017-07-28,2017-07-28,2017-07-31,MOPS_EXACT,official_timestamp_second_precision,CONSOLIDATED,201702_2303_AI1.pdf,TWSE_MOPS_T57SB01_OFFICIAL_DOCUMENT_UPLOAD,95ce0f2a78eace2993e8a8fbc54ff63c2a73a6aab425b3e7baf984f8ddc8c387,afcc647a251e1f7d00301df730cb0713de6bc6f08d1b1efbe1d43091d6927b05,EXACT_MATCH,MOPS_SINGLE_ELIGIBLE_FILING,a5869cd992415a2f97d14ca7162f3cf19b740453e7abd65226ecfb73cff3c878
2303,2017-09-30,2017,3,2017-10-27,2017-10-27T15:05:38+08:00,2017-10-27,2017-10-27,2017-10-30,MOPS_EXACT,official_timestamp_second_precision,CONSOLIDATED,201703_2303_AI1.pdf,TWSE_MOPS_T57SB01_OFFICIAL_DOCUMENT_UPLOAD,95ce0f2a78eace2993e8a8fbc54ff63c2a73a6aab425b3e7baf984f8ddc8c387,5411a17f2ff76d0920a026868e2e0d7f48d088c60f83c5066ee91d48c7377ea4,EXACT_MATCH,MOPS_SINGLE_ELIGIBLE_FILING,884730d36568f43ec6859b7f8a27e46e67f9fc93e6e5daaeae431620977e6183
2303,2017-12-31,2017,4,2018-03-09,2018-03-09T17:23:15+08:00,2018-03-09,2018-03-09,2018-03-12,MOPS_EXACT,official_timestamp_second_precision,CONSOLIDATED,201704_2303_AI1.zip,TWSE_MOPS_T57SB01_OFFICIAL_DOCUMENT_UPLOAD,95ce0f2a78eace2993e8a8fbc54ff63c2a73a6aab425b3e7baf984f8ddc8c387,9915d8ecbd8c637bdec90472600b9d7cea19dccc765d33270c2ac8f414d898fe,EXACT_MATCH,MOPS_CONSOLIDATED_PREFERRED_OVER_INDIVIDUAL,04184b5f2b9e1a49241a30019827a251c4ad1692b7ab2e417db4feb9c5827215
2303,2018-03-31,2018,1,2018-04-26,2018-04-26T18:30:17+08:00,2018-04-26,2018-04-26,2018-04-27,MOPS_EXACT,official_timestamp_second_precision,CONSOLIDATED,201801_2303_AI1.pdf,TWSE_MOPS_T57SB01_OFFICIAL_DOCUMENT_UPLOAD,95ce0f2a78eace2993e8a8fbc54ff63c2a73a6aab425b3e7baf984f8ddc8c387,f298bdaa47c7207f0c42c40d4e8bf8f3811151718be182b0dc67b72f6fc327c4,EXACT_MATCH,MOPS_SINGLE_ELIGIBLE_FILING,599275cd2848d89082e008cfeb0f1f806ff8bfeb231a731c32a39959eeaacc37
2303,2018-06-30,2018,2,2018-07-27,2018-07-27T16:30:56+08:00,2018-07-27,2018-07-27,2018-07-30,MOPS_EXACT,official_timestamp_second_precision,CONSOLIDATED,201802_2303_AI1.pdf,TWSE_MOPS_T57SB01_OFFICIAL_DOCUMENT_UPLOAD,95ce0f2a78eace2993e8a8fbc54ff63c2a73a6aab425b3e7baf984f8ddc8c387,a6cca70f3504cfc74fa09a8f6376d04eda5460bd92b1ad91872b72e480a644ac,EXACT_MATCH,MOPS_SINGLE_ELIGIBLE_FILING,a30a6c2e573962bac3dbc33a644e433d88b91cf920a0c06abf3abd2625a06e3a
2303,2018-09-30,2018,3,2018-10-24,2018-10-24T18:05:09+08:00,2018-10-24,2018-10-24,2018-10-25,MOPS_EXACT,official_timestamp_second_precision,CONSOLIDATED,201803_2303_AI1.pdf,TWSE_MOPS_T57SB01_OFFICIAL_DOCUMENT_UPLOAD,95ce0f2a78eace2993e8a8fbc54ff63c2a73a6aab425b3e7baf984f8ddc8c387,0804082da2f2c1451e8f375fb29293451f6b84f4b1f99f5aae83ad840c93f669,EXACT_MATCH,MOPS_SINGLE_ELIGIBLE_FILING,64c854d088e7ca01de2eb61d7180332d59b390be9209c433d3909463b9e014ff
2303,2018-12-31,2018,4,2019-03-08,2019-03-08T16:14:31+08:00,2019-03-08,2019-03-08,2019-03-11,MOPS_EXACT,official_timestamp_second_precision,CONSOLIDATED,201804_2303_AI1.pdf,TWSE_MOPS_T57SB01_OFFICIAL_DOCUMENT_UPLOAD,95ce0f2a78eace2993e8a8fbc54ff63c2a73a6aab425b3e7baf984f8ddc8c387,24d1f6d5980265a16a0095d126c7c165f6f6e89244844b4a0c80f9e0884190d9,EXACT_MATCH,MOPS_CONSOLIDATED_PREFERRED_OVER_INDIVIDUAL,5451cc10f820c15e88e19ed6511115dc67d9cb8345b3ad277796e0f7c5993a7c
2303,2019-03-31,2019,1,2019-04-30,2019-04-30T15:17:35+08:00,2019-04-30,2019-04-30,2019-05-02,MOPS_EXACT,official_timestamp_second_precision,CONSOLIDATED,201901_2303_AI1.pdf,TWSE_MOPS_T57SB01_OFFICIAL_DOCUMENT_UPLOAD,95ce0f2a78eace2993e8a8fbc54ff63c2a73a6aab425b3e7baf984f8ddc8c387,fb96fa0616893038835855f5e185407b9c893fd302b2e3101f09f340877e28be,EXACT_MATCH,MOPS_SINGLE_ELIGIBLE_FILING,b3459b687e57e3f02d8d308dd1045ac9b9773c8899c3475cbd1dbbf656366d53
2303,2019-06-30,2019,2,2019-07-24,2019-07-24T18:02:26+08:00,2019-07-24,2019-07-24,2019-07-25,MOPS_EXACT,official_timestamp_second_precision,CONSOLIDATED,201902_2303_AI1.zip,TWSE_MOPS_T57SB01_OFFICIAL_DOCUMENT_UPLOAD,95ce0f2a78eace2993e8a8fbc54ff63c2a73a6aab425b3e7baf984f8ddc8c387,ed5e27423acebc3e93265b8ebd76d8882252c6be1caf708a4fe021081db6e9a2,EXACT_MATCH,MOPS_SINGLE_ELIGIBLE_FILING,ffaede5e5bddd67186a8078152ccfb7941130878776a60bee7a59053993a09d7
2303,2019-09-30,2019,3,2019-10-30,2019-10-30T17:28:26+08:00,2019-10-30,2019-10-30,2019-10-31,MOPS_EXACT,official_timestamp_second_precision,CONSOLIDATED,201903_2303_AI1.pdf,TWSE_MOPS_T57SB01_OFFICIAL_DOCUMENT_UPLOAD,95ce0f2a78eace2993e8a8fbc54ff63c2a73a6aab425b3e7baf984f8ddc8c387,cd4141cf1541cdd8c29daf5c168174f65cd3769a2f78a8d81a2bdbf97fb604c9,EXACT_MATCH,MOPS_SINGLE_ELIGIBLE_FILING,d0722ba7793d09a112a4122b11f668efc629965c2532a615c07895ce85f4bb58
2303,2019-12-31,2019,4,2020-02-26,2020-02-26T16:53:14+08:00,2020-02-26,2020-02-26,2020-02-27,MOPS_EXACT,official_timestamp_second_precision,CONSOLIDATED,201904_2303_AI1.pdf,TWSE_MOPS_T57SB01_OFFICIAL_DOCUMENT_UPLOAD,95ce0f2a78eace2993e8a8fbc54ff63c2a73a6aab425b3e7baf984f8ddc8c387,29ae55049f27de031e2251c84575b42a95a1699d6618da83abce506e3d994f07,EXACT_MATCH,MOPS_CONSOLIDATED_PREFERRED_OVER_INDIVIDUAL,666c6c4c658b8711064c484eefa04a3acf7439a7c57c246c96906c3cb0b9b7a8
2303,2020-03-31,2020,1,2020-04-27,2020-04-27T17:52:45+08:00,2020-04-27,2020-04-27,2020-04-28,MOPS_EXACT,official_timestamp_second_precision,CONSOLIDATED,202001_2303_AI1.pdf,TWSE_MOPS_T57SB01_OFFICIAL_DOCUMENT_UPLOAD,95ce0f2a78eace2993e8a8fbc54ff63c2a73a6aab425b3e7baf984f8ddc8c387,9e3f70fab1eb774c499f98a09c60c0355b76e45fb70d71b8d06c36ea37a835fa,EXACT_MATCH,MOPS_SINGLE_ELIGIBLE_FILING,ba3f9941713851ebe4c94183a8c8d81d141cfa6fcfa0deaf77b69c632aa66d16
2303,2020-06-30,2020,2,2020-07-29,2020-07-29T18:09:09+08:00,2020-07-29,2020-07-29,2020-07-30,MOPS_EXACT,official_timestamp_second_precision,CONSOLIDATED,202002_2303_AI1.pdf,TWSE_MOPS_T57SB01_OFFICIAL_DOCUMENT_UPLOAD,95ce0f2a78eace2993e8a8fbc54ff63c2a73a6aab425b3e7baf984f8ddc8c387,68a25e55d4775a231761c8a10c8040f5c6b7659d99bafc0501cd49deb4fe123b,EXACT_MATCH,MOPS_SINGLE_ELIGIBLE_FILING,4b1f65b449d2c238280b859885829bec46d64d7c9721742292cf1124255c737b
2303,2020-09-30,2020,3,2020-10-29,2020-10-29T16:55:41+08:00,2020-10-29,2020-10-29,2020-10-30,MOPS_EXACT,official_timestamp_second_precision,CONSOLIDATED,202003_2303_AI1.pdf,TWSE_MOPS_T57SB01_OFFICIAL_DOCUMENT_UPLOAD,95ce0f2a78eace2993e8a8fbc54ff63c2a73a6aab425b3e7baf984f8ddc8c387,095c40384ae9d9f5d8f35b94afa224ecf2e3f9557568b7298d32476e47315ff1,EXACT_MATCH,MOPS_SINGLE_ELIGIBLE_FILING,122d2b35a2fafee9edcf04209c8491e2914dd33c9ff8b2f67a87966a06bc6cf0
2303,2020-12-31,2020,4,2021-02-24,2021-02-24T17:19:43+08:00,2021-02-24,2021-02-24,2021-02-25,MOPS_EXACT,official_timestamp_second_precision,CONSOLIDATED,202004_2303_AI1.pdf,TWSE_MOPS_T57SB01_OFFICIAL_DOCUMENT_UPLOAD,95ce0f2a78eace2993e8a8fbc54ff63c2a73a6aab425b3e7baf984f8ddc8c387,008ac5a194677f58dafed2c06f07283c35b39661207d2366257cbd5b506f8adb,EXACT_MATCH,MOPS_CONSOLIDATED_PREFERRED_OVER_INDIVIDUAL,5da82f0fcf1cafdfff174a5ed483f5d77179c56c17ba3976c32a7d3af54fc093
2303,2021-03-31,2021,1,2021-04-28,2021-04-28T17:08:42+08:00,2021-04-28,2021-04-28,2021-04-29,MOPS_EXACT,official_timestamp_second_precision,CONSOLIDATED,202101_2303_AI1.pdf,TWSE_MOPS_T57SB01_OFFICIAL_DOCUMENT_UPLOAD,95ce0f2a78eace2993e8a8fbc54ff63c2a73a6aab425b3e7baf984f8ddc8c387,07584c2fddadc63d940fb2214fe21d9f7f2b3b2fadb1044138e143a4c9f8f4a8,EXACT_MATCH,MOPS_SINGLE_ELIGIBLE_FILING,9d9ba217ea035056d2039124e76bc6acf8bf3543a50a4d2f94cb78f6f151e58c
2303,2021-06-30,2021,2,2021-07-28,2021-07-28T17:58:57+08:00,2021-07-28,2021-07-28,2021-07-29,MOPS_EXACT,official_timestamp_second_precision,CONSOLIDATED,202102_2303_AI1.pdf,TWSE_MOPS_T57SB01_OFFICIAL_DOCUMENT_UPLOAD,95ce0f2a78eace2993e8a8fbc54ff63c2a73a6aab425b3e7baf984f8ddc8c387,7020e1dd284c838d1507fd752301dce2d3b49e93d95786e9b9223432647b4670,EXACT_MATCH,MOPS_SINGLE_ELIGIBLE_FILING,99ad15f2b05ff0054ff5fd425faaf61968aedd3617cdbe871f4d4b00c8d5b2bd
2303,2021-09-30,2021,3,2021-10-27,2021-10-27T17:17:38+08:00,2021-10-27,2021-10-27,2021-10-28,MOPS_EXACT,official_timestamp_second_precision,CONSOLIDATED,202103_2303_AI1.pdf,TWSE_MOPS_T57SB01_OFFICIAL_DOCUMENT_UPLOAD,95ce0f2a78eace2993e8a8fbc54ff63c2a73a6aab425b3e7baf984f8ddc8c387,ced338b83daf15af0d86cc37462707b3565708f9655fe20782cef54f34637e1e,EXACT_MATCH,MOPS_SINGLE_ELIGIBLE_FILING,0de7b4247110e8e58bb2ce639c58d5aff462f39aa629a57f8627aa4105684469
2303,2021-12-31,2021,4,2022-02-24,2022-02-24T17:20:17+08:00,2022-02-24,2022-02-24,2022-02-25,MOPS_EXACT,official_timestamp_second_precision,CONSOLIDATED,202104_2303_AI1.pdf,TWSE_MOPS_T57SB01_OFFICIAL_DOCUMENT_UPLOAD,95ce0f2a78eace2993e8a8fbc54ff63c2a73a6aab425b3e7baf984f8ddc8c387,272a1d71fa53cb09f0996c392d6cb16ee2767d8cecf6c8ad3c616072db8a7418,EXACT_MATCH,MOPS_CONSOLIDATED_PREFERRED_OVER_INDIVIDUAL,8937e944b7eb5ce10fe9d6225c7903459a029b4977dad1423d08d0fe803932f0
2303,2022-03-31,2022,1,2022-04-27,2022-04-27T17:11:56+08:00,2022-04-27,2022-04-27,2022-04-28,MOPS_EXACT,official_timestamp_second_precision,CONSOLIDATED,202201_2303_AI1.pdf,TWSE_MOPS_T57SB01_OFFICIAL_DOCUMENT_UPLOAD,95ce0f2a78eace2993e8a8fbc54ff63c2a73a6aab425b3e7baf984f8ddc8c387,19430f5eb4054e10cfffa376ab2359e01b2295343a46e2e25380c96d9d62c41c,EXACT_MATCH,MOPS_SINGLE_ELIGIBLE_FILING,8002d10620f61eb552879ed8cd4d54a67df12765673296df326397c828d734c4
2303,2022-06-30,2022,2,2022-07-27,2022-07-27T17:08:51+08:00,2022-07-27,2022-07-27,2022-07-28,MOPS_EXACT,official_timestamp_second_precision,CONSOLIDATED,202202_2303_AI1.pdf,TWSE_MOPS_T57SB01_OFFICIAL_DOCUMENT_UPLOAD,95ce0f2a78eace2993e8a8fbc54ff63c2a73a6aab425b3e7baf984f8ddc8c387,2194049fa2adbfddbf9265384a6dd9087fe1ec87d5b48060bd59f66b1b04a9f4,EXACT_MATCH,MOPS_SINGLE_ELIGIBLE_FILING,a376e6b99ab96071f9266221b6695a0df6e10b2bd9a706abd7160d72dfaf9848
2303,2022-09-30,2022,3,2022-10-26,2022-10-26T17:26:57+08:00,2022-10-26,2022-10-26,2022-10-27,MOPS_EXACT,official_timestamp_second_precision,CONSOLIDATED,202203_2303_AI1.pdf,TWSE_MOPS_T57SB01_OFFICIAL_DOCUMENT_UPLOAD,95ce0f2a78eace2993e8a8fbc54ff63c2a73a6aab425b3e7baf984f8ddc8c387,525c43550ff6d870230d1a60b42c06d70a9b68dadfb088b6ac9664abc69e522c,EXACT_MATCH,MOPS_SINGLE_ELIGIBLE_FILING,9deb984288630a053faa7ca15fb71f2f0c40eeaa217239e492da8b5a8675f9a8
2303,2022-12-31,2022,4,2023-02-22,2023-02-22T16:11:57+08:00,2023-02-22,2023-02-22,2023-02-23,MOPS_EXACT,official_timestamp_second_precision,CONSOLIDATED,202204_2303_AI1.pdf,TWSE_MOPS_T57SB01_OFFICIAL_DOCUMENT_UPLOAD,95ce0f2a78eace2993e8a8fbc54ff63c2a73a6aab425b3e7baf984f8ddc8c387,cbb7ef49ae55dc6a3a3341750cb3be2bfe131274a025d34378c1e80a4c801f17,EXACT_MATCH,MOPS_CONSOLIDATED_PREFERRED_OVER_INDIVIDUAL,375d85d7768620cdcd875c2ad1611b57c0c3ebe5744ab1dcc327eb431f49c8f7
2303,2023-03-31,2023,1,2023-04-26,2023-04-26T17:05:47+08:00,2023-04-26,2023-04-26,2023-04-27,MOPS_EXACT,official_timestamp_second_precision,CONSOLIDATED,202301_2303_AI1.pdf,TWSE_MOPS_T57SB01_OFFICIAL_DOCUMENT_UPLOAD,95ce0f2a78eace2993e8a8fbc54ff63c2a73a6aab425b3e7baf984f8ddc8c387,09274c3bda0d6abde5bbb357067806e0a49998f38c6d0b6fd9e7add4ef69dd12,EXACT_MATCH,MOPS_SINGLE_ELIGIBLE_FILING,f2af580c252f93ae5d3a25335ae79061e795c1fc2a6062532648e9d74d5f6875
2303,2023-06-30,2023,2,2023-07-26,2023-07-26T17:04:31+08:00,2023-07-26,2023-07-26,2023-07-27,MOPS_EXACT,official_timestamp_second_precision,CONSOLIDATED,202302_2303_AI1.pdf,TWSE_MOPS_T57SB01_OFFICIAL_DOCUMENT_UPLOAD,95ce0f2a78eace2993e8a8fbc54ff63c2a73a6aab425b3e7baf984f8ddc8c387,976178425c7c687f5f6676073bc795f79b426d2e40ed5c427a331024b49dbfb3,EXACT_MATCH,MOPS_SINGLE_ELIGIBLE_FILING,a4394723b85fc568d73c2a588f680697ddc9314fa59b4be4a2bf6fa4943a4c11
2303,2023-09-30,2023,3,2023-10-25,2023-10-25T17:10:58+08:00,2023-10-25,2023-10-25,2023-10-26,MOPS_EXACT,official_timestamp_second_precision,CONSOLIDATED,202303_2303_AI1.pdf,TWSE_MOPS_T57SB01_OFFICIAL_DOCUMENT_UPLOAD,95ce0f2a78eace2993e8a8fbc54ff63c2a73a6aab425b3e7baf984f8ddc8c387,68113b59de2c56f04fc8f11f8e34de14c3142d6d8aa414304d615deb61407a68,EXACT_MATCH,MOPS_SINGLE_ELIGIBLE_FILING,bce9576a061c402bcd04eb48501ecfa64fd818ec0d5af257af0a4975ef11aec1
2303,2023-12-31,2023,4,2024-02-27,2024-02-27T21:28:13+08:00,2024-02-27,2024-02-27,2024-02-29,MOPS_EXACT,official_timestamp_second_precision,CONSOLIDATED,202304_2303_AI1.pdf,TWSE_MOPS_T57SB01_OFFICIAL_DOCUMENT_UPLOAD,95ce0f2a78eace2993e8a8fbc54ff63c2a73a6aab425b3e7baf984f8ddc8c387,4da0c23f29025633a1241fddc9fe2f53e5d0c27ed1e3c5c586d5e431ea992db9,EXACT_MATCH,MOPS_CONSOLIDATED_PREFERRED_OVER_INDIVIDUAL,8bf9e8567b4f50508a67b85a9c19b676dbb5d60aa3b098f14d06cc7c646ca429
2303,2024-03-31,2024,1,2024-04-24,2024-04-24T17:03:42+08:00,2024-04-24,2024-04-24,2024-04-25,MOPS_EXACT,official_timestamp_second_precision,CONSOLIDATED,202401_2303_AI1.pdf,TWSE_MOPS_T57SB01_OFFICIAL_DOCUMENT_UPLOAD,95ce0f2a78eace2993e8a8fbc54ff63c2a73a6aab425b3e7baf984f8ddc8c387,04dda6ded7f6a9229ac23fd011b4990ebccfbdea340bb38214942fe86771af64,EXACT_MATCH,MOPS_SINGLE_ELIGIBLE_FILING,72630adfcb4fd1842039740ba3b8f2d95ab80b4bcaa1dc0b0d6529dbef261570
2303,2024-06-30,2024,2,2024-07-31,2024-07-31T17:09:51+08:00,2024-07-31,2024-07-31,2024-08-01,MOPS_EXACT,official_timestamp_second_precision,CONSOLIDATED,202402_2303_AI1.pdf,TWSE_MOPS_T57SB01_OFFICIAL_DOCUMENT_UPLOAD,95ce0f2a78eace2993e8a8fbc54ff63c2a73a6aab425b3e7baf984f8ddc8c387,a97064f9f9df15f5e5f8d2ff9b8b4e5a7d6c1bf79a9f79970fac8f4caede88cf,EXACT_MATCH,MOPS_SINGLE_ELIGIBLE_FILING,9a02ebff2cb1d9712a2ac287089cfdd33d8afd7d54c0a180b513311afc217a87
2303,2024-09-30,2024,3,2024-10-30,2024-10-30T17:16:12+08:00,2024-10-30,2024-10-30,2024-11-01,MOPS_EXACT,official_timestamp_second_precision,CONSOLIDATED,202403_2303_AI1.pdf,TWSE_MOPS_T57SB01_OFFICIAL_DOCUMENT_UPLOAD,95ce0f2a78eace2993e8a8fbc54ff63c2a73a6aab425b3e7baf984f8ddc8c387,9012076cfae2c64493e44d43fe4d1ac8ab50f62bc45b583cc7ae6d699e43ec36,EXACT_MATCH,MOPS_SINGLE_ELIGIBLE_FILING,a93e00bce6884bb704ee7ae29d1dac0e63b79b69d173d8edf3ed8480378c31e0
2303,2024-12-31,2024,4,2025-02-26,2025-02-26T15:37:19+08:00,2025-02-26,2025-02-26,2025-02-27,MOPS_EXACT,official_timestamp_second_precision,CONSOLIDATED,202404_2303_AI1.pdf,TWSE_MOPS_T57SB01_OFFICIAL_DOCUMENT_UPLOAD,95ce0f2a78eace2993e8a8fbc54ff63c2a73a6aab425b3e7baf984f8ddc8c387,758bf0ad82b379b955c25fb5e6f2549c1901daa86ee1f9cc762e82fce3a6c046,EXACT_MATCH,MOPS_CONSOLIDATED_PREFERRED_OVER_INDIVIDUAL,44c9a5870a9495dc25e338314dd1f74603ece3b8310228770bdacb3d0a773a5e
2303,2025-03-31,2025,1,2025-04-23,2025-04-23T17:08:00+08:00,2025-04-23,2025-04-23,2025-04-24,MOPS_EXACT,official_timestamp_second_precision,CONSOLIDATED,202501_2303_AI1.pdf,TWSE_MOPS_T57SB01_OFFICIAL_DOCUMENT_UPLOAD,95ce0f2a78eace2993e8a8fbc54ff63c2a73a6aab425b3e7baf984f8ddc8c387,52e4427c111a1eae2c7ca48248e46892acb7615155a2d55b3870e2416d84b782,EXACT_MATCH,MOPS_SINGLE_ELIGIBLE_FILING,8a4f336013a4484ff458b36403a2effe6970e31fd8326ec95fd5e81d526406cf
2303,2025-06-30,2025,2,2025-07-30,2025-07-30T17:06:27+08:00,2025-07-30,2025-07-30,2025-07-31,MOPS_EXACT,official_timestamp_second_precision,CONSOLIDATED,202502_2303_AI1.pdf,TWSE_MOPS_T57SB01_OFFICIAL_DOCUMENT_UPLOAD,95ce0f2a78eace2993e8a8fbc54ff63c2a73a6aab425b3e7baf984f8ddc8c387,079bacf84d15303cc1e66c0de85e4a75495ec4673bf513240e4d066f035fca9a,EXACT_MATCH,MOPS_SINGLE_ELIGIBLE_FILING,eee1097b5af1570f740b581ef2b332cd4c82e87f1775eb9e149bbd09bfdb044d
2303,2025-09-30,2025,3,2025-10-29,2025-10-29T17:07:33+08:00,2025-10-29,2025-10-29,2025-10-30,MOPS_EXACT,official_timestamp_second_precision,CONSOLIDATED,202503_2303_AI1.pdf,TWSE_MOPS_T57SB01_OFFICIAL_DOCUMENT_UPLOAD,95ce0f2a78eace2993e8a8fbc54ff63c2a73a6aab425b3e7baf984f8ddc8c387,e498566e39f1b74bde38455118201aebb5cc4eb236cf672bd31d38533b249e3e,EXACT_MATCH,MOPS_SINGLE_ELIGIBLE_FILING,4aaf502943899b782d816f02244c2c44b84cb030182caec7f30da1ee26c4585e
2303,2025-12-31,2025,4,2026-02-25,2026-02-25T17:35:24+08:00,2026-02-25,2026-02-25,2026-02-26,MOPS_EXACT,official_timestamp_second_precision,CONSOLIDATED,202504_2303_AI1.pdf,TWSE_MOPS_T57SB01_OFFICIAL_DOCUMENT_UPLOAD,95ce0f2a78eace2993e8a8fbc54ff63c2a73a6aab425b3e7baf984f8ddc8c387,c64cce543df2a2a109f75b373aa942553877c183f868513c6428d1ab3256fbd9,EXACT_MATCH,MOPS_CONSOLIDATED_PREFERRED_OVER_INDIVIDUAL,7aab1538f6695010d83542e544cd436b1ed80d86d3fbcebe214d7aa6a82de6cb
2303,2026-03-31,2026,1,2026-04-29,2026-04-29T17:25:08+08:00,2026-04-29,2026-04-29,2026-04-30,MOPS_EXACT,official_timestamp_second_precision,CONSOLIDATED,202601_2303_AI1.pdf,TWSE_MOPS_T57SB01_OFFICIAL_DOCUMENT_UPLOAD,95ce0f2a78eace2993e8a8fbc54ff63c2a73a6aab425b3e7baf984f8ddc8c387,ccd30cadb214b17a77d0f230e79099cd5c47643845dff6ddfce0703744ed8339,EXACT_MATCH,MOPS_SINGLE_ELIGIBLE_FILING,864e4e8aa5f31ac49578d2fa91c6c3fa17e2641b7cca248de2280970d721467f
2303,2026-06-30,2026,2,2026-07-29,2026-07-29T17:18:33+08:00,2026-07-29,2026-07-29,2026-07-30,MOPS_EXACT,official_timestamp_second_precision,CONSOLIDATED,202602_2303_AI1.pdf,TWSE_MOPS_T57SB01_OFFICIAL_DOCUMENT_UPLOAD,95ce0f2a78eace2993e8a8fbc54ff63c2a73a6aab425b3e7baf984f8ddc8c387,de8b6e113f1fa4360a17455fe829f6a4305d2e302d9ab2491e7fae72e0f011a8,EXACT_MATCH,MOPS_SINGLE_ELIGIBLE_FILING,60a79e221b8c78539c9b193b97ff66f58f5b59a33910f2e526c04f37f078dbd4
2308,2016-03-31,2016,1,2016-04-29,2016-04-29T07:52:51+08:00,2016-04-29,2016-04-29,2016-05-03,MOPS_EXACT,official_timestamp_second_precision,CONSOLIDATED,201601_2308_AI1.pdf,TWSE_MOPS_T57SB01_OFFICIAL_DOCUMENT_UPLOAD,dec2f4470a5f895dba9084197d0183fb031afb2b159114f8dd0d966ec4f86d36,fd05b38c2985f3573b071c7c89d5fda3c7c4713bde66273f7482d3f3a3688051,EXACT_MATCH,MOPS_SINGLE_ELIGIBLE_FILING,ace710691ccbd7fdea556171e58b5c311335bf26d0ce690c9b94bc5a30aee048
2308,2016-06-30,2016,2,2016-08-09,2016-08-09T17:01:32+08:00,2016-08-09,2016-08-09,2016-08-10,MOPS_EXACT,official_timestamp_second_precision,CONSOLIDATED,201602_2308_AI1.pdf,TWSE_MOPS_T57SB01_OFFICIAL_DOCUMENT_UPLOAD,dec2f4470a5f895dba9084197d0183fb031afb2b159114f8dd0d966ec4f86d36,8d9c2475fdcf1da57aafbbf2f649759321fb4dbeb3049f151956acfbd8d0870b,EXACT_MATCH,MOPS_SINGLE_ELIGIBLE_FILING,7db326d0eecf30621012721b49b23032b68a424f8c6036e62cb9a594d9c048e5
2308,2016-09-30,2016,3,2016-10-27,2016-10-27T18:25:12+08:00,2016-10-27,2016-10-27,2016-10-28,MOPS_EXACT,official_timestamp_second_precision,CONSOLIDATED,201603_2308_AI1.pdf,TWSE_MOPS_T57SB01_OFFICIAL_DOCUMENT_UPLOAD,dec2f4470a5f895dba9084197d0183fb031afb2b159114f8dd0d966ec4f86d36,b4854338b5b441bd64735f2eeea8c43d13fe85d16ce1f14a2300e646a4d97b45,EXACT_MATCH,MOPS_SINGLE_ELIGIBLE_FILING,78ff8d32bf4171d8e824171a97b5e4e71fb210452d5a6721553a63463d5bb4d1
2308,2016-12-31,2016,4,2017-03-10,2017-03-10T09:33:35+08:00,2017-03-10,2017-03-10,2017-03-13,MOPS_EXACT,official_timestamp_second_precision,CONSOLIDATED,201604_2308_AI1.pdf,TWSE_MOPS_T57SB01_OFFICIAL_DOCUMENT_UPLOAD,dec2f4470a5f895dba9084197d0183fb031afb2b159114f8dd0d966ec4f86d36,733e09a7a3f2aebfdbb292cac61b6fb07b60ac04d1d2f59e7b1c00dd7ca9d919,EXACT_MATCH,MOPS_CONSOLIDATED_PREFERRED_OVER_INDIVIDUAL,98bf4254e7eb5aee4dce25faf59f1d5d23c293e707f753f1534543a70f6b0fb0
2308,2017-03-31,2017,1,2017-04-27,2017-04-27T17:49:29+08:00,2017-04-27,2017-04-27,2017-04-28,MOPS_EXACT,official_timestamp_second_precision,CONSOLIDATED,201701_2308_AI1.pdf,TWSE_MOPS_T57SB01_OFFICIAL_DOCUMENT_UPLOAD,dec2f4470a5f895dba9084197d0183fb031afb2b159114f8dd0d966ec4f86d36,a941c70f7fb8fc61f1953dea4e934944ae8f6cb433de1e0d5c16885f38ce9b43,EXACT_MATCH,MOPS_SINGLE_ELIGIBLE_FILING,42fc5ffd45e73a7d1dddfe211cc8f1d8cd5b3b1b481e92ef911a3e2a6907158a
2308,2017-06-30,2017,2,2017-07-28,2017-07-28T14:51:53+08:00,2017-07-28,2017-07-28,2017-07-31,MOPS_EXACT,official_timestamp_second_precision,CONSOLIDATED,201702_2308_AI1.pdf,TWSE_MOPS_T57SB01_OFFICIAL_DOCUMENT_UPLOAD,dec2f4470a5f895dba9084197d0183fb031afb2b159114f8dd0d966ec4f86d36,ba04fbeceb55178e091e3b0cf9bad8f72b299c5219b58974e70cbf5c9c46208d,EXACT_MATCH,MOPS_SINGLE_ELIGIBLE_FILING,d6f44daf7ede3ed5bb2798631071275846c1435dc89d1e94ee857039277c6912
2308,2017-09-30,2017,3,2017-10-30,2017-10-30T16:49:35+08:00,2017-10-30,2017-10-30,2017-10-31,MOPS_EXACT,official_timestamp_second_precision,CONSOLIDATED,201703_2308_AI1.pdf,TWSE_MOPS_T57SB01_OFFICIAL_DOCUMENT_UPLOAD,dec2f4470a5f895dba9084197d0183fb031afb2b159114f8dd0d966ec4f86d36,5a439fcba7a582a0873a7879369fbfaefca60528190d0ec5787e65cbf1177bc2,EXACT_MATCH,MOPS_SINGLE_ELIGIBLE_FILING,442e76b04863a17aa12cdbbee7cc97bd94d75b3ffd1eae93776a1b78f7c3204c
2308,2017-12-31,2017,4,2018-03-08,2018-03-08T21:14:48+08:00,2018-03-08,2018-03-08,2018-03-09,MOPS_EXACT,official_timestamp_second_precision,CONSOLIDATED,201704_2308_AI1.pdf,TWSE_MOPS_T57SB01_OFFICIAL_DOCUMENT_UPLOAD,dec2f4470a5f895dba9084197d0183fb031afb2b159114f8dd0d966ec4f86d36,15e14d94cc6fda9e273cf8fbaea4365c1edd659f084001d8e1e856c39b37fa11,EXACT_MATCH,MOPS_CONSOLIDATED_PREFERRED_OVER_INDIVIDUAL,5c2e222bf0f17ebf74d55da5d66f9995964589c5b0968f1cfd123c948c602e97
2308,2018-03-31,2018,1,2018-04-30,2018-04-30T14:25:45+08:00,2018-04-30,2018-04-30,2018-05-02,MOPS_EXACT,official_timestamp_second_precision,CONSOLIDATED,201801_2308_AI1.pdf,TWSE_MOPS_T57SB01_OFFICIAL_DOCUMENT_UPLOAD,dec2f4470a5f895dba9084197d0183fb031afb2b159114f8dd0d966ec4f86d36,f5ecbd5c3613c4a32e849970669234af64d42d1227708991c74d8f00354e08f2,EXACT_MATCH,MOPS_SINGLE_ELIGIBLE_FILING,cd72d67e38839f685d811aa3fb7437b995ab2a61df8ae3ca57cc3742f656b69f
2308,2018-06-30,2018,2,2018-07-31,2018-07-31T22:18:30+08:00,2018-07-31,2018-07-31,2018-08-01,MOPS_EXACT,official_timestamp_second_precision,CONSOLIDATED,201802_2308_AI1.pdf,TWSE_MOPS_T57SB01_OFFICIAL_DOCUMENT_UPLOAD,dec2f4470a5f895dba9084197d0183fb031afb2b159114f8dd0d966ec4f86d36,7a1f2abab6bba4f99c1d1882fc3348e3e09bfeca5712fba61e57a678631baeea,EXACT_MATCH,MOPS_SINGLE_ELIGIBLE_FILING,d02ca9a511f63dcf7321040f1e06588074bbb92d1c0362905e641422f70d782d
2308,2018-09-30,2018,3,2018-10-29,2018-10-29T18:08:17+08:00,2018-10-29,2018-10-29,2018-10-30,MOPS_EXACT,official_timestamp_second_precision,CONSOLIDATED,201803_2308_AI1.pdf,TWSE_MOPS_T57SB01_OFFICIAL_DOCUMENT_UPLOAD,dec2f4470a5f895dba9084197d0183fb031afb2b159114f8dd0d966ec4f86d36,f6564bc5d3cd3a7f8c7161f0970a07fa952377f15f264feefb81a1fa59ca8904,EXACT_MATCH,MOPS_SINGLE_ELIGIBLE_FILING,c2bafb73f43ab4250530729088045ed10f8d2fef12f401bc7cf69801901314f9
2308,2018-12-31,2018,4,2019-03-11,2019-03-11T19:47:41+08:00,2019-03-11,2019-03-11,2019-03-12,MOPS_EXACT,official_timestamp_second_precision,CONSOLIDATED,201804_2308_AI1.pdf,TWSE_MOPS_T57SB01_OFFICIAL_DOCUMENT_UPLOAD,dec2f4470a5f895dba9084197d0183fb031afb2b159114f8dd0d966ec4f86d36,9f9f642e5e619b330056ddc9035f778abb26a70d98b3ce686dddf3f64df9288f,EXACT_MATCH,MOPS_CONSOLIDATED_PREFERRED_OVER_INDIVIDUAL,e6366578359b4ded18202434cab62298fe129ea578a564414a2a9fae50196beb
2308,2019-03-31,2019,1,2019-04-29,2019-04-29T17:55:28+08:00,2019-04-29,2019-04-29,2019-04-30,MOPS_EXACT,official_timestamp_second_precision,CONSOLIDATED,201901_2308_AI1.pdf,TWSE_MOPS_T57SB01_OFFICIAL_DOCUMENT_UPLOAD,dec2f4470a5f895dba9084197d0183fb031afb2b159114f8dd0d966ec4f86d36,48bf4eeee9a262513419c88f36c8e21098f5c4c30dbd93fe158cf2585cf699fd,EXACT_MATCH,MOPS_SINGLE_ELIGIBLE_FILING,d9e8d59759161bd953e2eedbf23e0da6c2dda0aced06e8739840e0af62ca3f3e
2308,2019-06-30,2019,2,2019-07-31,2019-07-31T17:54:45+08:00,2019-07-31,2019-07-31,2019-08-01,MOPS_EXACT,official_timestamp_second_precision,CONSOLIDATED,201902_2308_AI1.pdf,TWSE_MOPS_T57SB01_OFFICIAL_DOCUMENT_UPLOAD,dec2f4470a5f895dba9084197d0183fb031afb2b159114f8dd0d966ec4f86d36,36b5dbab5f9ee7bd647497aafe4f6a4345398658e0adb0c1473bdbcbc2ae8eb6,EXACT_MATCH,MOPS_SINGLE_ELIGIBLE_FILING,e258769cce21b914c27e6f181f3689bd4876571559be3acb679be647acd68ae7
2308,2019-09-30,2019,3,2019-10-30,2019-10-30T18:01:03+08:00,2019-10-30,2019-10-30,2019-10-31,MOPS_EXACT,official_timestamp_second_precision,CONSOLIDATED,201903_2308_AI1.pdf,TWSE_MOPS_T57SB01_OFFICIAL_DOCUMENT_UPLOAD,dec2f4470a5f895dba9084197d0183fb031afb2b159114f8dd0d966ec4f86d36,e1add0b0811415e1fdcc3010cf72e960a8ba06f07b0bed444e4df36d56d4fca7,EXACT_MATCH,MOPS_SINGLE_ELIGIBLE_FILING,f1bcf26a31aa1292e0ec6513c1c1a996c2f1f80adcb7634e394a7cd711d01704
2308,2019-12-31,2019,4,2020-03-10,2020-03-10T18:26:09+08:00,2020-03-10,2020-03-10,2020-03-11,MOPS_EXACT,official_timestamp_second_precision,CONSOLIDATED,201904_2308_AI1.pdf,TWSE_MOPS_T57SB01_OFFICIAL_DOCUMENT_UPLOAD,dec2f4470a5f895dba9084197d0183fb031afb2b159114f8dd0d966ec4f86d36,aaf421d2125ce04b6a44a3ec54146ff341860f5d34222b7b905450b095ba1f93,EXACT_MATCH,MOPS_CONSOLIDATED_PREFERRED_OVER_INDIVIDUAL,1833a1576e703c6b2b56863a5a08d844210c3884101546a4547014ffde0174a8
2308,2020-03-31,2020,1,2020-04-29,2020-04-29T18:06:27+08:00,2020-04-29,2020-04-29,2020-04-30,MOPS_EXACT,official_timestamp_second_precision,CONSOLIDATED,202001_2308_AI1.pdf,TWSE_MOPS_T57SB01_OFFICIAL_DOCUMENT_UPLOAD,dec2f4470a5f895dba9084197d0183fb031afb2b159114f8dd0d966ec4f86d36,6d1c825bc27a9f46b44436e18a4cdd9bc03ca8fbb64d0007dd77dac745262ae3,EXACT_MATCH,MOPS_SINGLE_ELIGIBLE_FILING,b38c853871caa096c17ead77ba61a6a54f9923cbd0b4f71fcc16308e638a8174
2308,2020-06-30,2020,2,2020-07-29,2020-07-29T15:21:26+08:00,2020-07-29,2020-07-29,2020-07-30,MOPS_EXACT,official_timestamp_second_precision,CONSOLIDATED,202002_2308_AI1.pdf,TWSE_MOPS_T57SB01_OFFICIAL_DOCUMENT_UPLOAD,dec2f4470a5f895dba9084197d0183fb031afb2b159114f8dd0d966ec4f86d36,fcb3e0bd2c41f3b58dee2da4463bc21d6cdbfa427b812f8de0b87ace41f91240,EXACT_MATCH,MOPS_SINGLE_ELIGIBLE_FILING,e2d6990a50fe8b9c143d94bc3517d39df25baec1c130c6057be2976922a3f230
2308,2020-09-30,2020,3,2020-10-28,2020-10-28T15:22:07+08:00,2020-10-28,2020-10-28,2020-10-29,MOPS_EXACT,official_timestamp_second_precision,CONSOLIDATED,202003_2308_AI1.pdf,TWSE_MOPS_T57SB01_OFFICIAL_DOCUMENT_UPLOAD,dec2f4470a5f895dba9084197d0183fb031afb2b159114f8dd0d966ec4f86d36,2c555268306b748d0ffa095f8668c735e30344bf51ed4b8f6186b71a4f48e1a3,EXACT_MATCH,MOPS_SINGLE_ELIGIBLE_FILING,7836987a4da0360c56b33ace9811826b7a787c1c85955ae123d6b2178b3e00ac
2308,2020-12-31,2020,4,2021-02-24,2021-02-24T18:17:52+08:00,2021-02-24,2021-02-24,2021-02-25,MOPS_EXACT,official_timestamp_second_precision,CONSOLIDATED,202004_2308_AI1.pdf,TWSE_MOPS_T57SB01_OFFICIAL_DOCUMENT_UPLOAD,dec2f4470a5f895dba9084197d0183fb031afb2b159114f8dd0d966ec4f86d36,c6013e19a107bdbf7c08fe1cf674e218dfde5fbdb27a1c68367f3efbcf69e106,EXACT_MATCH,MOPS_CONSOLIDATED_PREFERRED_OVER_INDIVIDUAL,f17454bc90d500b0a654692d7595a7d09679b11393bc58995dc24eda2d12f6ba
2308,2021-03-31,2021,1,2021-04-28,2021-04-28T16:23:09+08:00,2021-04-28,2021-04-28,2021-04-29,MOPS_EXACT,official_timestamp_second_precision,CONSOLIDATED,202101_2308_AI1.pdf,TWSE_MOPS_T57SB01_OFFICIAL_DOCUMENT_UPLOAD,dec2f4470a5f895dba9084197d0183fb031afb2b159114f8dd0d966ec4f86d36,565f7b349b190e4ea4ef081e4786e963409a04dbaa4048e7fa1a8429c9c7f797,EXACT_MATCH,MOPS_SINGLE_ELIGIBLE_FILING,6759b5b0e2ce057be6a56f68b24f961fbf93521e71c50082234faa60ffced6cd
2308,2021-06-30,2021,2,2021-07-29,2021-07-29T17:14:38+08:00,2021-07-29,2021-07-29,2021-07-30,MOPS_EXACT,official_timestamp_second_precision,CONSOLIDATED,202102_2308_AI1.pdf,TWSE_MOPS_T57SB01_OFFICIAL_DOCUMENT_UPLOAD,dec2f4470a5f895dba9084197d0183fb031afb2b159114f8dd0d966ec4f86d36,a59c3b6a53e0ff0f88e06b9185af457a569f94717933caafbd4086b4299ba5a1,EXACT_MATCH,MOPS_SINGLE_ELIGIBLE_FILING,45bb34eb72fa5439216d276f2c5deacb906720f3a2205631b9f8c09c245ba43a
2308,2021-09-30,2021,3,2021-10-28,2021-10-28T18:23:33+08:00,2021-10-28,2021-10-28,2021-10-29,MOPS_EXACT,official_timestamp_second_precision,CONSOLIDATED,202103_2308_AI1.pdf,TWSE_MOPS_T57SB01_OFFICIAL_DOCUMENT_UPLOAD,dec2f4470a5f895dba9084197d0183fb031afb2b159114f8dd0d966ec4f86d36,7cb597357339ec733c375688a03960f29861d93366a1819c36c178896efe6b19,EXACT_MATCH,MOPS_SINGLE_ELIGIBLE_FILING,8ab8bbddcd73e27cb7e3e61838694a83b84aaa9759c29c9222e6affa242e7e92
2308,2021-12-31,2021,4,2022-02-24,2022-02-24T19:46:37+08:00,2022-02-24,2022-02-24,2022-02-25,MOPS_EXACT,official_timestamp_second_precision,CONSOLIDATED,202104_2308_AI1.pdf,TWSE_MOPS_T57SB01_OFFICIAL_DOCUMENT_UPLOAD,dec2f4470a5f895dba9084197d0183fb031afb2b159114f8dd0d966ec4f86d36,6b72672faba8d251d8a1e9c6e2dc8cc14a4e088b4d9b07bf82d2b2cbe03f1cb6,EXACT_MATCH,MOPS_CONSOLIDATED_PREFERRED_OVER_INDIVIDUAL,bc0e8548c069fb31f912c88c8b1f6c253be10ba76012f394f22c7ebedb440bf8
2308,2022-03-31,2022,1,2022-04-28,2022-04-28T17:44:43+08:00,2022-04-28,2022-04-28,2022-04-29,MOPS_EXACT,official_timestamp_second_precision,CONSOLIDATED,202201_2308_AI1.pdf,TWSE_MOPS_T57SB01_OFFICIAL_DOCUMENT_UPLOAD,dec2f4470a5f895dba9084197d0183fb031afb2b159114f8dd0d966ec4f86d36,a18f34380f5a561fa2afac24b7d5f238703e56430e965dc6cd429e01232916dd,EXACT_MATCH,MOPS_SINGLE_ELIGIBLE_FILING,c93c7a10be86e136450c0689c819f492107f7132103f7a318fd4eea639fe496d
2308,2022-06-30,2022,2,2022-07-28,2022-07-28T17:34:55+08:00,2022-07-28,2022-07-28,2022-07-29,MOPS_EXACT,official_timestamp_second_precision,CONSOLIDATED,202202_2308_AI1.pdf,TWSE_MOPS_T57SB01_OFFICIAL_DOCUMENT_UPLOAD,dec2f4470a5f895dba9084197d0183fb031afb2b159114f8dd0d966ec4f86d36,f40a26b4de03d00fd590c767187d923fdd75dfb7c82e5a096c5d4788a59130b7,EXACT_MATCH,MOPS_SINGLE_ELIGIBLE_FILING,0319c8dc6ce6423a59c7ffc1ad7e26bc59f0b14436484f8215efa3872ada83dc
2308,2022-09-30,2022,3,2022-10-27,2022-10-27T17:39:26+08:00,2022-10-27,2022-10-27,2022-10-28,MOPS_EXACT,official_timestamp_second_precision,CONSOLIDATED,202203_2308_AI1.pdf,TWSE_MOPS_T57SB01_OFFICIAL_DOCUMENT_UPLOAD,dec2f4470a5f895dba9084197d0183fb031afb2b159114f8dd0d966ec4f86d36,f28d088e4a19003bc95065d159b5363a2e2793bc1101903de041a3f619ecbd19,EXACT_MATCH,MOPS_SINGLE_ELIGIBLE_FILING,a93f3464bf91cd7fc25d54ce082bcaf3129b5f397f840fee47ca1d99c8de82ac
2308,2022-12-31,2022,4,2023-02-22,2023-02-22T20:00:55+08:00,2023-02-22,2023-02-22,2023-02-23,MOPS_EXACT,official_timestamp_second_precision,CONSOLIDATED,202204_2308_AI1.pdf,TWSE_MOPS_T57SB01_OFFICIAL_DOCUMENT_UPLOAD,dec2f4470a5f895dba9084197d0183fb031afb2b159114f8dd0d966ec4f86d36,5e412858ee4c964d56993d16ea8180fc431931f53b40f627f2c1d18d8fb90f03,EXACT_MATCH,MOPS_CONSOLIDATED_PREFERRED_OVER_INDIVIDUAL,791f1d707a370366e655a0383cdb4b5bdae671656058a8fe0d806f3e57dfe612
2308,2023-03-31,2023,1,2023-04-27,2023-04-27T16:02:28+08:00,2023-04-27,2023-04-27,2023-04-28,MOPS_EXACT,official_timestamp_second_precision,CONSOLIDATED,202301_2308_AI1.pdf,TWSE_MOPS_T57SB01_OFFICIAL_DOCUMENT_UPLOAD,dec2f4470a5f895dba9084197d0183fb031afb2b159114f8dd0d966ec4f86d36,cb6402ab23536198828c69075113f804e2c524781a3d5d3e7231cefe44ab5c77,EXACT_MATCH,MOPS_SINGLE_ELIGIBLE_FILING,84b510c61b4b68640cb03cb83b25dbff3da04ec810245e24fd7f5960776e2efb
2308,2023-06-30,2023,2,2023-07-31,2023-07-31T16:38:05+08:00,2023-07-31,2023-07-31,2023-08-01,MOPS_EXACT,official_timestamp_second_precision,CONSOLIDATED,202302_2308_AI1.pdf,TWSE_MOPS_T57SB01_OFFICIAL_DOCUMENT_UPLOAD,dec2f4470a5f895dba9084197d0183fb031afb2b159114f8dd0d966ec4f86d36,8917fcc783499b09af53bbff01a9755f89998baf9c827008983951c02efcfbf3,EXACT_MATCH,MOPS_SINGLE_ELIGIBLE_FILING,8bbb3355e48db7575120406de31111d97f5222d4c3a9532d30f5f0d4cae692f0
2308,2023-09-30,2023,3,2023-10-31,2023-10-31T17:39:47+08:00,2023-10-31,2023-10-31,2023-11-01,MOPS_EXACT,official_timestamp_second_precision,CONSOLIDATED,202303_2308_AI1.pdf,TWSE_MOPS_T57SB01_OFFICIAL_DOCUMENT_UPLOAD,dec2f4470a5f895dba9084197d0183fb031afb2b159114f8dd0d966ec4f86d36,0643dea6f3230b3d895628412c8184961d5d4096aa2277ecd803f8cbb8e0cbde,EXACT_MATCH,MOPS_SINGLE_ELIGIBLE_FILING,729d1f1928aaaf08be1282948f2cb25208cc3b3e990ed53d3ec0eb246ca7cf97
2308,2023-12-31,2023,4,2024-02-29,2024-02-29T18:54:44+08:00,2024-02-29,2024-02-29,2024-03-01,MOPS_EXACT,official_timestamp_second_precision,CONSOLIDATED,202304_2308_AI1.pdf,TWSE_MOPS_T57SB01_OFFICIAL_DOCUMENT_UPLOAD,dec2f4470a5f895dba9084197d0183fb031afb2b159114f8dd0d966ec4f86d36,f5dc7d87071db16996925327d879a85e51e02c536b73304ff4b119b43521175c,EXACT_MATCH,MOPS_CONSOLIDATED_PREFERRED_OVER_INDIVIDUAL,83fcba046203d7097120d5d0bbf4b8a18ab0708fe8e628b883aac7c591a18529
2308,2024-03-31,2024,1,2024-04-30,2024-04-30T17:27:37+08:00,2024-04-30,2024-04-30,2024-05-02,MOPS_EXACT,official_timestamp_second_precision,CONSOLIDATED,202401_2308_AI1.pdf,TWSE_MOPS_T57SB01_OFFICIAL_DOCUMENT_UPLOAD,dec2f4470a5f895dba9084197d0183fb031afb2b159114f8dd0d966ec4f86d36,8b0e3e8320aa15005c2da6f73313dfa9a4f1fed6ea868ba40d0c7564e367d62b,EXACT_MATCH,MOPS_SINGLE_ELIGIBLE_FILING,6e622bc9ee9f32e9acd34f963275ad99a14134af0828cae588a82ecfd97227c9
2308,2024-06-30,2024,2,2024-07-31,2024-07-31T17:42:05+08:00,2024-07-31,2024-07-31,2024-08-01,MOPS_EXACT,official_timestamp_second_precision,CONSOLIDATED,202402_2308_AI1.pdf,TWSE_MOPS_T57SB01_OFFICIAL_DOCUMENT_UPLOAD,dec2f4470a5f895dba9084197d0183fb031afb2b159114f8dd0d966ec4f86d36,29bd3c0068236011fcf1d2e6b5ea92ecdfa4a0ee6fcae2b01ac2879761ab649a,EXACT_MATCH,MOPS_SINGLE_ELIGIBLE_FILING,0a1a3cf71752b0961f70ab116b0a4fb90bc64e3e40e828af81e292728b26924a
2308,2024-09-30,2024,3,2024-10-30,2024-10-30T08:38:53+08:00,2024-10-30,2024-10-30,2024-11-01,MOPS_EXACT,official_timestamp_second_precision,CONSOLIDATED,202403_2308_AI1.pdf,TWSE_MOPS_T57SB01_OFFICIAL_DOCUMENT_UPLOAD,dec2f4470a5f895dba9084197d0183fb031afb2b159114f8dd0d966ec4f86d36,c63842637ca98541ada4a3016ccc4f10ba30947a9ddce2dd341b2e77510b510c,EXACT_MATCH,MOPS_SINGLE_ELIGIBLE_FILING,4c11ae3f8c7f3d9a86c925edb2d158cd393abfe2081021c64ffe1d2f4520fc0d
2308,2024-12-31,2024,4,2025-02-26,2025-02-26T19:01:09+08:00,2025-02-26,2025-02-26,2025-02-27,MOPS_EXACT,official_timestamp_second_precision,CONSOLIDATED,202404_2308_AI1.pdf,TWSE_MOPS_T57SB01_OFFICIAL_DOCUMENT_UPLOAD,dec2f4470a5f895dba9084197d0183fb031afb2b159114f8dd0d966ec4f86d36,cb07a77425806852e08952d493e1e42da1b8055add02953246e532794daa8a3a,EXACT_MATCH,MOPS_CONSOLIDATED_PREFERRED_OVER_INDIVIDUAL,e7f38207d9317cbd648c18ad8ad309226d88bf8f5668fb42e1d1a22e279d484e
2308,2025-03-31,2025,1,2025-04-29,2025-04-29T17:18:07+08:00,2025-04-29,2025-04-29,2025-04-30,MOPS_EXACT,official_timestamp_second_precision,CONSOLIDATED,202501_2308_AI1.pdf,TWSE_MOPS_T57SB01_OFFICIAL_DOCUMENT_UPLOAD,dec2f4470a5f895dba9084197d0183fb031afb2b159114f8dd0d966ec4f86d36,1159e42b88afe550da774b7d9a612146174aa5abc078a4776a96ac1bdd4fb434,EXACT_MATCH,MOPS_SINGLE_ELIGIBLE_FILING,131bc152b7103e84f13ecd39d52c3e4b25606d03a9d5be28e17c70af7b6b42e2
2308,2025-06-30,2025,2,2025-07-30,2025-07-30T16:47:50+08:00,2025-07-30,2025-07-30,2025-07-31,MOPS_EXACT,official_timestamp_second_precision,CONSOLIDATED,202502_2308_AI1.pdf,TWSE_MOPS_T57SB01_OFFICIAL_DOCUMENT_UPLOAD,dec2f4470a5f895dba9084197d0183fb031afb2b159114f8dd0d966ec4f86d36,d792bb3a76aa65868c90d5fb0f2d5a0401bd24565f9a48c0acdd706b8e7b3e37,EXACT_MATCH,MOPS_SINGLE_ELIGIBLE_FILING,ffd945a8e6fdf7fe502428b8bf19cc638424d2373f3b17a7ab211c9875f4d698
2308,2025-09-30,2025,3,2025-10-29,2025-10-29T17:25:42+08:00,2025-10-29,2025-10-29,2025-10-30,MOPS_EXACT,official_timestamp_second_precision,CONSOLIDATED,202503_2308_AI1.pdf,TWSE_MOPS_T57SB01_OFFICIAL_DOCUMENT_UPLOAD,dec2f4470a5f895dba9084197d0183fb031afb2b159114f8dd0d966ec4f86d36,9b7abd673e93762844e6e4a7a0c8fd2ba77f23a818b9531d80d4efcb9992972a,EXACT_MATCH,MOPS_SINGLE_ELIGIBLE_FILING,8f5453fd812a376a12e749be0959457558bc5a110d782dfc83ff53801c68e8c6
2308,2025-12-31,2025,4,2026-02-25,2026-02-25T19:04:03+08:00,2026-02-25,2026-02-25,2026-02-26,MOPS_EXACT,official_timestamp_second_precision,CONSOLIDATED,202504_2308_AI1.pdf,TWSE_MOPS_T57SB01_OFFICIAL_DOCUMENT_UPLOAD,dec2f4470a5f895dba9084197d0183fb031afb2b159114f8dd0d966ec4f86d36,e786fcaab7abf6a585463d1da746b2e2bda83c541209f3e07d40d51efb1268bd,EXACT_MATCH,MOPS_CONSOLIDATED_PREFERRED_OVER_INDIVIDUAL,eb05e972ec1453e6c618434fda11b72d89c14035a97c87d55577ed6df31d0a9c
2308,2026-03-31,2026,1,2026-04-29,2026-04-29T17:51:02+08:00,2026-04-29,2026-04-29,2026-04-30,MOPS_EXACT,official_timestamp_second_precision,CONSOLIDATED,202601_2308_AI1.pdf,TWSE_MOPS_T57SB01_OFFICIAL_DOCUMENT_UPLOAD,dec2f4470a5f895dba9084197d0183fb031afb2b159114f8dd0d966ec4f86d36,70a53248ee8ad3829f40dbe086bae2e3a2cbd99adab2960b970c88e9f2c2c9db,EXACT_MATCH,MOPS_SINGLE_ELIGIBLE_FILING,bbcc655ea59d76f7a976ede4de80b18af18390b7eb8608a3a20cab299427321d
2308,2026-06-30,2026,2,2026-07-29,2026-07-29T16:26:39+08:00,2026-07-29,2026-07-29,2026-07-30,MOPS_EXACT,official_timestamp_second_precision,CONSOLIDATED,202602_2308_AI1.pdf,TWSE_MOPS_T57SB01_OFFICIAL_DOCUMENT_UPLOAD,dec2f4470a5f895dba9084197d0183fb031afb2b159114f8dd0d966ec4f86d36,7dca53b96a6010815b1a67d6bf6b0e1bb2eb6d7f95918d425c91512b747451be,EXACT_MATCH,MOPS_SINGLE_ELIGIBLE_FILING,194ae0e69066f5fa586af36388c2519e8f1e142a6d02ff7da854f301efbfc4b5
2317,2016-03-31,2016,1,2016-05-16,2016-05-16T17:04:30+08:00,2016-05-16,2016-05-16,2016-05-17,MOPS_EXACT,official_timestamp_second_precision,CONSOLIDATED,201601_2317_AI1.pdf,TWSE_MOPS_T57SB01_OFFICIAL_DOCUMENT_UPLOAD,2cddd3760b92792a39a2e201d5af0d65d5616791a6c82d75b8dd6e4937d7b181,1d910931433c1cb7e2fa2269d3201ae97490b9e3e0d204a91b2effb53215810a,EXACT_MATCH,MOPS_SINGLE_ELIGIBLE_FILING,c89615f6b579ff9e0f14207d15d03c9d4663b02b657956bd7d5f8b43353de9c1
2317,2016-06-30,2016,2,2016-08-15,2016-08-15T15:40:11+08:00,2016-08-15,2016-08-15,2016-08-16,MOPS_EXACT,official_timestamp_second_precision,CONSOLIDATED,201602_2317_AI1.pdf,TWSE_MOPS_T57SB01_OFFICIAL_DOCUMENT_UPLOAD,2cddd3760b92792a39a2e201d5af0d65d5616791a6c82d75b8dd6e4937d7b181,0d47702c8dbfec1bfb415122b682013417f573a3fafccb6006f60bca1197ad04,EXACT_MATCH,MOPS_SINGLE_ELIGIBLE_FILING,535b9a0ed5d20f961147bf0e6c421064d0ac4e560e2e0fc6c39be1c11c0f7d0b
2317,2016-09-30,2016,3,2016-11-14,2016-11-14T15:12:30+08:00,2016-11-14,2016-11-14,2016-11-15,MOPS_EXACT,official_timestamp_second_precision,CONSOLIDATED,201603_2317_AI1.pdf,TWSE_MOPS_T57SB01_OFFICIAL_DOCUMENT_UPLOAD,2cddd3760b92792a39a2e201d5af0d65d5616791a6c82d75b8dd6e4937d7b181,606b1f1aa22cb060e483a277fd3c4e2e600350bf065ba01ca9c2b749588a3955,EXACT_MATCH,MOPS_SINGLE_ELIGIBLE_FILING,cb3bc38a3564777beb14b7f45ea96ae41b12573607d16dd3a9e7e1b5340c976a
2317,2016-12-31,2016,4,2017-03-31,2017-03-31T18:21:59+08:00,2017-03-31,2017-03-31,2017-04-05,MOPS_EXACT,official_timestamp_second_precision,CONSOLIDATED,201604_2317_AI1.pdf,TWSE_MOPS_T57SB01_OFFICIAL_DOCUMENT_UPLOAD,2cddd3760b92792a39a2e201d5af0d65d5616791a6c82d75b8dd6e4937d7b181,1e0b925ac6c9a04f767aa6c36592b1b863df5e93b1455f345f7331e88b8760a9,EXACT_MATCH,MOPS_CONSOLIDATED_PREFERRED_OVER_INDIVIDUAL,b9af0fd77b859d2be515fcf35746c2b783ad95f401746d8f6c320ce3a6c7f077
2317,2017-03-31,2017,1,2017-05-15,2017-05-15T16:35:01+08:00,2017-05-15,2017-05-15,2017-05-16,MOPS_EXACT,official_timestamp_second_precision,CONSOLIDATED,201701_2317_AI1.pdf,TWSE_MOPS_T57SB01_OFFICIAL_DOCUMENT_UPLOAD,2cddd3760b92792a39a2e201d5af0d65d5616791a6c82d75b8dd6e4937d7b181,207cbced29765e94e073d9be5699ee10bbe98f9e9b265d2d938465d242ea29f5,EXACT_MATCH,MOPS_SINGLE_ELIGIBLE_FILING,def59455dad1faf66f5e238df55e63b5d5b5c859a078cf90b9b9f06186798cf3
2317,2017-06-30,2017,2,2017-08-14,2017-08-14T16:46:02+08:00,2017-08-14,2017-08-14,2017-08-15,MOPS_EXACT,official_timestamp_second_precision,CONSOLIDATED,201702_2317_AI1.pdf,TWSE_MOPS_T57SB01_OFFICIAL_DOCUMENT_UPLOAD,2cddd3760b92792a39a2e201d5af0d65d5616791a6c82d75b8dd6e4937d7b181,25a6d75fa53409e8e9e0afed64dd52f831eb5f15086cde397d735de23efb7f06,EXACT_MATCH,MOPS_SINGLE_ELIGIBLE_FILING,df7351f6e6ae85db415b5aa26b2021f29cd8da659f09d3365f02be784e893f9e
2317,2017-09-30,2017,3,2017-11-14,2017-11-14T18:03:18+08:00,2017-11-14,2017-11-14,2017-11-15,MOPS_EXACT,official_timestamp_second_precision,CONSOLIDATED,201703_2317_AI1.pdf,TWSE_MOPS_T57SB01_OFFICIAL_DOCUMENT_UPLOAD,2cddd3760b92792a39a2e201d5af0d65d5616791a6c82d75b8dd6e4937d7b181,8ad98035d75c00bd1813aa493615a80a1c6ba1c43e1122317535ee36b6416c8d,EXACT_MATCH,MOPS_SINGLE_ELIGIBLE_FILING,7b4d099305be69931d4456587a5fcccd120889e751486042cafdc1c3895a2381
2317,2017-12-31,2017,4,2018-03-31,2018-03-31T13:48:37+08:00,2018-03-31,2018-03-31,2018-04-02,MOPS_EXACT,official_timestamp_second_precision,CONSOLIDATED,201704_2317_AI1.pdf,TWSE_MOPS_T57SB01_OFFICIAL_DOCUMENT_UPLOAD,2cddd3760b92792a39a2e201d5af0d65d5616791a6c82d75b8dd6e4937d7b181,6a3150bc89a9d914285e95b91a2d0f538891c6075f29cc54a9147fa92b9248b2,EXACT_MATCH,MOPS_CONSOLIDATED_PREFERRED_OVER_INDIVIDUAL,d722cbaf346b9ca29462cff191a63d2135d3027be3920bce3fd54a3fc3611887
2317,2018-03-31,2018,1,2018-05-15,2018-05-15T15:13:08+08:00,2018-05-15,2018-05-15,2018-05-16,MOPS_EXACT,official_timestamp_second_precision,CONSOLIDATED,201801_2317_AI1.pdf,TWSE_MOPS_T57SB01_OFFICIAL_DOCUMENT_UPLOAD,2cddd3760b92792a39a2e201d5af0d65d5616791a6c82d75b8dd6e4937d7b181,e715ff6b454ea66872c3d935076cd7d43c3fad5b4a0833139a045e51f072fc2e,EXACT_MATCH,MOPS_SINGLE_ELIGIBLE_FILING,0aef7afb41494120f43a744fcbbe9714dd0d492fbe6684e9b8ccff48e3b2039b
2317,2018-06-30,2018,2,2018-08-14,2018-08-14T18:48:05+08:00,2018-08-14,2018-08-14,2018-08-15,MOPS_EXACT,official_timestamp_second_precision,CONSOLIDATED,201802_2317_AI1.pdf,TWSE_MOPS_T57SB01_OFFICIAL_DOCUMENT_UPLOAD,2cddd3760b92792a39a2e201d5af0d65d5616791a6c82d75b8dd6e4937d7b181,ce5fac86344ad09975abe18aedd296b56545893013c7f1b44581a2ec72bf09f1,EXACT_MATCH,MOPS_SINGLE_ELIGIBLE_FILING,00e6f3db751824caad24ca2a50d1f3e2607cad0bf455e5a8beaf4ed5acad3072
2317,2018-09-30,2018,3,2018-11-14,2018-11-14T17:41:02+08:00,2018-11-14,2018-11-14,2018-11-15,MOPS_EXACT,official_timestamp_second_precision,CONSOLIDATED,201803_2317_AI1.pdf,TWSE_MOPS_T57SB01_OFFICIAL_DOCUMENT_UPLOAD,2cddd3760b92792a39a2e201d5af0d65d5616791a6c82d75b8dd6e4937d7b181,11a6797ecda9af4aa05e6d134b3e219e4e66ca20d3bda49e5746e533d97f296d,EXACT_MATCH,MOPS_SINGLE_ELIGIBLE_FILING,386bf5078d22fe61a4d0b586a2cf8ab826c46b29110f28576ed4a0555522687e
2317,2018-12-31,2018,4,2019-04-01,2019-04-01T19:21:23+08:00,2019-04-01,2019-04-01,2019-04-02,MOPS_EXACT,official_timestamp_second_precision,CONSOLIDATED,201804_2317_AI1.pdf,TWSE_MOPS_T57SB01_OFFICIAL_DOCUMENT_UPLOAD,2cddd3760b92792a39a2e201d5af0d65d5616791a6c82d75b8dd6e4937d7b181,d48d588cd751837be4a383399e08174133abe047c503bbb6cf17e302615e32f2,EXACT_MATCH,MOPS_CONSOLIDATED_PREFERRED_OVER_INDIVIDUAL,92885e1dd4931ed95b602b1fe7e4f91aa9c19c485960aafbd4aba2a06f8d3c88
2317,2019-03-31,2019,1,2019-05-15,2019-05-15T09:08:53+08:00,2019-05-15,2019-05-15,2019-05-16,MOPS_EXACT,official_timestamp_second_precision,CONSOLIDATED,201901_2317_AI1.pdf,TWSE_MOPS_T57SB01_OFFICIAL_DOCUMENT_UPLOAD,2cddd3760b92792a39a2e201d5af0d65d5616791a6c82d75b8dd6e4937d7b181,cbbdd3bd0835ec37b710617fbdfc4e4683a83eeb9d9847c092cbeeb1d807bc33,EXACT_MATCH,MOPS_SINGLE_ELIGIBLE_FILING,0967c9207a943ebe8855296fc8dda0bf7b13f15dff6e6a21f637c113bcebb3a7
2317,2019-06-30,2019,2,2019-08-14,2019-08-14T17:00:08+08:00,2019-08-14,2019-08-14,2019-08-15,MOPS_EXACT,official_timestamp_second_precision,CONSOLIDATED,201902_2317_AI1.pdf,TWSE_MOPS_T57SB01_OFFICIAL_DOCUMENT_UPLOAD,2cddd3760b92792a39a2e201d5af0d65d5616791a6c82d75b8dd6e4937d7b181,4080c1c1010caa7da23d3bb5109cc5b833e9f783d39170a9d4542614ce6d7759,EXACT_MATCH,MOPS_SINGLE_ELIGIBLE_FILING,d2bcc0a69c5cebfd27eedf5661b1b8a595f721e0b0e5dba0a7775ad38789a5c0
2317,2019-09-30,2019,3,2019-11-14,2019-11-14T13:58:42+08:00,2019-11-14,2019-11-14,2019-11-15,MOPS_EXACT,official_timestamp_second_precision,CONSOLIDATED,201903_2317_AI1.pdf,TWSE_MOPS_T57SB01_OFFICIAL_DOCUMENT_UPLOAD,2cddd3760b92792a39a2e201d5af0d65d5616791a6c82d75b8dd6e4937d7b181,bb52b31ca31af05b2056eab4b89bd1a9e7d4ade0427c0d15883efd7be0c3a2a4,EXACT_MATCH,MOPS_SINGLE_ELIGIBLE_FILING,1408779f3ffa940ef793270ddd0fdfce908d7d131ce91df847b19261db798784
2317,2019-12-31,2019,4,2020-03-31,2020-03-31T18:55:21+08:00,2020-03-31,2020-03-31,2020-04-01,MOPS_EXACT,official_timestamp_second_precision,CONSOLIDATED,201904_2317_AI1.pdf,TWSE_MOPS_T57SB01_OFFICIAL_DOCUMENT_UPLOAD,2cddd3760b92792a39a2e201d5af0d65d5616791a6c82d75b8dd6e4937d7b181,ae2b17edb132dc6c3d93a14abfac75f1e3a8ed248e59c173681046a2ce33136c,EXACT_MATCH,MOPS_CONSOLIDATED_PREFERRED_OVER_INDIVIDUAL,fae894b0498d2376078ba49b56b71d95a6c17f39ab6f52241074ef8c77a4ce25
2317,2020-03-31,2020,1,2020-05-15,2020-05-15T18:02:18+08:00,2020-05-15,2020-05-15,2020-05-18,MOPS_EXACT,official_timestamp_second_precision,CONSOLIDATED,202001_2317_AI1.pdf,TWSE_MOPS_T57SB01_OFFICIAL_DOCUMENT_UPLOAD,2cddd3760b92792a39a2e201d5af0d65d5616791a6c82d75b8dd6e4937d7b181,389cbfa9374c3661be003e79e2cd754850f86d8d87522fa7b06499fc74fb7624,EXACT_MATCH,MOPS_SINGLE_ELIGIBLE_FILING,4ffcaa2c429b26ac8f5bacd4f99435ac4dad70ed1f94008f097d2ec883c159ee
2317,2020-06-30,2020,2,2020-08-13,2020-08-13T19:07:24+08:00,2020-08-13,2020-08-13,2020-08-14,MOPS_EXACT,official_timestamp_second_precision,CONSOLIDATED,202002_2317_AI1.pdf,TWSE_MOPS_T57SB01_OFFICIAL_DOCUMENT_UPLOAD,2cddd3760b92792a39a2e201d5af0d65d5616791a6c82d75b8dd6e4937d7b181,516aaf3cf67e13fe3e95f144e38af08414150fd797e8dd634da77cf4917db34f,EXACT_MATCH,MOPS_SINGLE_ELIGIBLE_FILING,1f41a197d25161738b6ce94455845298bf955060bc80ac1bf715c7682e80311f
2317,2020-09-30,2020,3,2020-11-13,2020-11-13T15:31:40+08:00,2020-11-13,2020-11-13,2020-11-16,MOPS_EXACT,official_timestamp_second_precision,CONSOLIDATED,202003_2317_AI1.pdf,TWSE_MOPS_T57SB01_OFFICIAL_DOCUMENT_UPLOAD,2cddd3760b92792a39a2e201d5af0d65d5616791a6c82d75b8dd6e4937d7b181,be47a9547b39e7cd4683a2770c9bf71d8f75a9fd566023b5042072ed33eb4ef1,EXACT_MATCH,MOPS_SINGLE_ELIGIBLE_FILING,8178e9abdc94fdf9715368c9a0a57d6a085bedc6383850fda2d99ab775b4f25d
2317,2020-12-31,2020,4,2021-03-31,2021-03-31T18:45:43+08:00,2021-03-31,2021-03-31,2021-04-01,MOPS_EXACT,official_timestamp_second_precision,CONSOLIDATED,202004_2317_AI1.pdf,TWSE_MOPS_T57SB01_OFFICIAL_DOCUMENT_UPLOAD,2cddd3760b92792a39a2e201d5af0d65d5616791a6c82d75b8dd6e4937d7b181,0c3605a16598b4982d1dad5ba81d378014625079ce87aaa06be451ec8d325d0d,EXACT_MATCH,MOPS_CONSOLIDATED_PREFERRED_OVER_INDIVIDUAL,21a8393bf1b2fbaeab1dfbfb0dc51dbb86490c7183e86c48efed1cfdcc3335a6
2317,2021-03-31,2021,1,2021-05-14,2021-05-14T20:50:32+08:00,2021-05-14,2021-05-14,2021-05-17,MOPS_EXACT,official_timestamp_second_precision,CONSOLIDATED,202101_2317_AI1.pdf,TWSE_MOPS_T57SB01_OFFICIAL_DOCUMENT_UPLOAD,2cddd3760b92792a39a2e201d5af0d65d5616791a6c82d75b8dd6e4937d7b181,45bdc135a922dd9a0e391f0583013259300accafd0e95b63ab54bbf494a8ed93,EXACT_MATCH,MOPS_SINGLE_ELIGIBLE_FILING,190d3c19d7a6bd83cf546ea4eb4e8a955ff8d66b39b561bdc4b860f668ff7380
2317,2021-06-30,2021,2,2021-08-13,2021-08-13T17:49:25+08:00,2021-08-13,2021-08-13,2021-08-16,MOPS_EXACT,official_timestamp_second_precision,CONSOLIDATED,202102_2317_AI1.pdf,TWSE_MOPS_T57SB01_OFFICIAL_DOCUMENT_UPLOAD,2cddd3760b92792a39a2e201d5af0d65d5616791a6c82d75b8dd6e4937d7b181,2dec39fd15b27bc1ac948827b1d82352387a6e65347fc5e234aa2db005e580db,EXACT_MATCH,MOPS_SINGLE_ELIGIBLE_FILING,0df7398cf4b80aede4a612fc2d989835675e98511e454fe72b2195b6c47184ca
2317,2021-09-30,2021,3,2021-11-15,2021-11-15T19:27:50+08:00,2021-11-15,2021-11-15,2021-11-16,MOPS_EXACT,official_timestamp_second_precision,CONSOLIDATED,202103_2317_AI1.pdf,TWSE_MOPS_T57SB01_OFFICIAL_DOCUMENT_UPLOAD,2cddd3760b92792a39a2e201d5af0d65d5616791a6c82d75b8dd6e4937d7b181,aa4778e14ce236d888e3685059d725e7f10b7458001f68ee1d7ef861e32464ee,EXACT_MATCH,MOPS_SINGLE_ELIGIBLE_FILING,b60a1496d5334ea792452ec0c2351150a331d55717031ab914fe14c7ec0d6588
2317,2021-12-31,2021,4,2022-03-28,2022-03-28T17:25:20+08:00,2022-03-28,2022-03-28,2022-03-29,MOPS_EXACT,official_timestamp_second_precision,CONSOLIDATED,202104_2317_AI1.pdf,TWSE_MOPS_T57SB01_OFFICIAL_DOCUMENT_UPLOAD,2cddd3760b92792a39a2e201d5af0d65d5616791a6c82d75b8dd6e4937d7b181,b0155a7157bdebba9399df752be372c01bbc52322236c7b72baced403defe56c,EXACT_MATCH,MOPS_CONSOLIDATED_PREFERRED_OVER_INDIVIDUAL,de4e6303f1bddb4c2dc7ada9c4c71146d28b17a423ed213c17ddd211a9b49cab
2317,2022-03-31,2022,1,2022-05-16,2022-05-16T15:25:13+08:00,2022-05-16,2022-05-16,2022-05-17,MOPS_EXACT,official_timestamp_second_precision,CONSOLIDATED,202201_2317_AI1.pdf,TWSE_MOPS_T57SB01_OFFICIAL_DOCUMENT_UPLOAD,2cddd3760b92792a39a2e201d5af0d65d5616791a6c82d75b8dd6e4937d7b181,e3842a410f13ec61e324101b61c8b681e187920582c71742025f2a56a505c840,EXACT_MATCH,MOPS_SINGLE_ELIGIBLE_FILING,47bea2db868321abde36843ebf80a2736902bc76575c98e12897e3c169b5020e
2317,2022-06-30,2022,2,2022-08-15,2022-08-15T14:27:14+08:00,2022-08-15,2022-08-15,2022-08-16,MOPS_EXACT,official_timestamp_second_precision,CONSOLIDATED,202202_2317_AI1.pdf,TWSE_MOPS_T57SB01_OFFICIAL_DOCUMENT_UPLOAD,2cddd3760b92792a39a2e201d5af0d65d5616791a6c82d75b8dd6e4937d7b181,00fe306628ab6e4a7df2949b3fb4a422c1c1c2d2e1931aa817b35b8bc16da1ac,EXACT_MATCH,MOPS_SINGLE_ELIGIBLE_FILING,98fd2d1ebfd5861ae8708fb0e6f950c1a89fd4ae9333566ea5073d7a25f02d67
2317,2022-09-30,2022,3,2022-11-30,2022-11-30T14:29:52+08:00,2022-11-30,2022-11-30,2022-12-01,MOPS_EXACT,official_timestamp_second_precision,CONSOLIDATED,202203_2317_AI1.pdf,TWSE_MOPS_T57SB01_OFFICIAL_DOCUMENT_UPLOAD,2cddd3760b92792a39a2e201d5af0d65d5616791a6c82d75b8dd6e4937d7b181,0b3dc83229984f9cab3ee425727948c2b74d4d95b80144b73a99bdb7f306b10c,EXACT_MATCH,MOPS_SINGLE_ELIGIBLE_FILING,3e00b8bce695173cdb3c9ccb31ae06b163d17127282856461a44263b49499b82
2317,2022-12-31,2022,4,2023-03-16,2023-03-16T17:42:10+08:00,2023-03-16,2023-03-16,2023-03-17,MOPS_EXACT,official_timestamp_second_precision,CONSOLIDATED,202204_2317_AI1.pdf,TWSE_MOPS_T57SB01_OFFICIAL_DOCUMENT_UPLOAD,2cddd3760b92792a39a2e201d5af0d65d5616791a6c82d75b8dd6e4937d7b181,3f37f807e97037d463fc01f1348827cc5849db6d7dfb6fc46b5c140a79b43ac7,EXACT_MATCH,MOPS_CONSOLIDATED_PREFERRED_OVER_INDIVIDUAL,0bf1abb33f194edd76fcea19fefe1c95c885dd8b394dd7162a6bfb1e2ecc8e2c
2317,2023-03-31,2023,1,2023-05-15,2023-05-15T17:26:41+08:00,2023-05-15,2023-05-15,2023-05-16,MOPS_EXACT,official_timestamp_second_precision,CONSOLIDATED,202301_2317_AI1.pdf,TWSE_MOPS_T57SB01_OFFICIAL_DOCUMENT_UPLOAD,2cddd3760b92792a39a2e201d5af0d65d5616791a6c82d75b8dd6e4937d7b181,bcf883ee6688e1d3bdf8c58bbeed9f09f68c662a961b5489bfe31b7e99db9751,EXACT_MATCH,MOPS_SINGLE_ELIGIBLE_FILING,b2a37983211377e6dca0f08b719089f5dc34238f1c249da12dd84dff23354977
2317,2023-06-30,2023,2,2023-08-14,2023-08-14T18:20:35+08:00,2023-08-14,2023-08-14,2023-08-15,MOPS_EXACT,official_timestamp_second_precision,CONSOLIDATED,202302_2317_AI1.pdf,TWSE_MOPS_T57SB01_OFFICIAL_DOCUMENT_UPLOAD,2cddd3760b92792a39a2e201d5af0d65d5616791a6c82d75b8dd6e4937d7b181,54bee64463d0834220ab58b68793b648a35c8be62395f2d8c322fc941e6140aa,EXACT_MATCH,MOPS_SINGLE_ELIGIBLE_FILING,75393a94ffa83ee70bdfae13fb401e2f02caeaede2fa13dd4bbc687907a82748
2317,2023-09-30,2023,3,2023-11-14,2023-11-14T18:36:17+08:00,2023-11-14,2023-11-14,2023-11-15,MOPS_EXACT,official_timestamp_second_precision,CONSOLIDATED,202303_2317_AI1.pdf,TWSE_MOPS_T57SB01_OFFICIAL_DOCUMENT_UPLOAD,2cddd3760b92792a39a2e201d5af0d65d5616791a6c82d75b8dd6e4937d7b181,6e0e920f19d3d9d8b5a826258d7b82b1e9d76864997b6abb0359b61bc4def22b,EXACT_MATCH,MOPS_SINGLE_ELIGIBLE_FILING,bc733f4ce141221b147e90c27cb23a98a10f01f80c42860beffd67a6f703eb2f
2317,2023-12-31,2023,4,2024-03-15,2024-03-15T19:14:37+08:00,2024-03-15,2024-03-15,2024-03-18,MOPS_EXACT,official_timestamp_second_precision,CONSOLIDATED,202304_2317_AI1.pdf,TWSE_MOPS_T57SB01_OFFICIAL_DOCUMENT_UPLOAD,2cddd3760b92792a39a2e201d5af0d65d5616791a6c82d75b8dd6e4937d7b181,63b6e9517de925321ec7275b00d990f58cdaa55f96f52b5f2242a2716df75d8d,EXACT_MATCH,MOPS_CONSOLIDATED_PREFERRED_OVER_INDIVIDUAL,c49ea94ddba51dea423b4938e2204adba25f13ce5de3cbb2f8d7a71c83ec9456
2317,2024-03-31,2024,1,2024-05-15,2024-05-15T16:53:00+08:00,2024-05-15,2024-05-15,2024-05-16,MOPS_EXACT,official_timestamp_second_precision,CONSOLIDATED,202401_2317_AI1.pdf,TWSE_MOPS_T57SB01_OFFICIAL_DOCUMENT_UPLOAD,2cddd3760b92792a39a2e201d5af0d65d5616791a6c82d75b8dd6e4937d7b181,3e677b0c8ee9241b516bf9654a6f80c9206e9c8bf03898afe704eaaeae4061f8,EXACT_MATCH,MOPS_SINGLE_ELIGIBLE_FILING,e318ed8f6e92b9767c578f1d18a3c3a3a79c8f4f58b156059bba63d574773e60
2317,2024-06-30,2024,2,2024-08-14,2024-08-14T19:04:15+08:00,2024-08-14,2024-08-14,2024-08-15,MOPS_EXACT,official_timestamp_second_precision,CONSOLIDATED,202402_2317_AI1.pdf,TWSE_MOPS_T57SB01_OFFICIAL_DOCUMENT_UPLOAD,2cddd3760b92792a39a2e201d5af0d65d5616791a6c82d75b8dd6e4937d7b181,d22804a176b9670c136543a02058618458e9762dfa71d4df6de8a0d156537dc2,EXACT_MATCH,MOPS_SINGLE_ELIGIBLE_FILING,5e0eec945e94d3fd7a91e520e48803815f4ddec137de6910bc41c5c9b6eb33d1
2317,2024-09-30,2024,3,2024-11-14,2024-11-14T17:37:44+08:00,2024-11-14,2024-11-14,2024-11-15,MOPS_EXACT,official_timestamp_second_precision,CONSOLIDATED,202403_2317_AI1.pdf,TWSE_MOPS_T57SB01_OFFICIAL_DOCUMENT_UPLOAD,2cddd3760b92792a39a2e201d5af0d65d5616791a6c82d75b8dd6e4937d7b181,5162117e831106c0f6b22f3bb05670862776ee1a5255d1695c9772447c88cc01,EXACT_MATCH,MOPS_SINGLE_ELIGIBLE_FILING,f0513dd6505e36008cc4a69df61831cf9250fa66680bf64d7f73ada028a1b84e
2317,2024-12-31,2024,4,2025-03-17,2025-03-17T18:54:55+08:00,2025-03-17,2025-03-17,2025-03-18,MOPS_EXACT,official_timestamp_second_precision,CONSOLIDATED,202404_2317_AI1.pdf,TWSE_MOPS_T57SB01_OFFICIAL_DOCUMENT_UPLOAD,2cddd3760b92792a39a2e201d5af0d65d5616791a6c82d75b8dd6e4937d7b181,1c0819cda56c9b3b6c101bd0286a1284802af58cad04def2724e65cb2477d772,EXACT_MATCH,MOPS_CONSOLIDATED_PREFERRED_OVER_INDIVIDUAL,711f2d859ce074edd2be177039e730641309ec069fda9e250cd90b4ab17f4f04
2317,2025-03-31,2025,1,2025-05-15,2025-05-15T18:17:13+08:00,2025-05-15,2025-05-15,2025-05-16,MOPS_EXACT,official_timestamp_second_precision,CONSOLIDATED,202501_2317_AI1.pdf,TWSE_MOPS_T57SB01_OFFICIAL_DOCUMENT_UPLOAD,2cddd3760b92792a39a2e201d5af0d65d5616791a6c82d75b8dd6e4937d7b181,3d47e8ddcffe33c6c3e63cde8a845e663fdf74777ad4a1172a796844b4c173d2,EXACT_MATCH,MOPS_SINGLE_ELIGIBLE_FILING,9d645f99358122c30f6d99d3a4a6d43d90d64e43e00ef7465bd4739b72844f52
2317,2025-06-30,2025,2,2025-08-14,2025-08-14T16:32:48+08:00,2025-08-14,2025-08-14,2025-08-15,MOPS_EXACT,official_timestamp_second_precision,CONSOLIDATED,202502_2317_AI1.pdf,TWSE_MOPS_T57SB01_OFFICIAL_DOCUMENT_UPLOAD,2cddd3760b92792a39a2e201d5af0d65d5616791a6c82d75b8dd6e4937d7b181,fe9b14f62d419c8e198d416c7af3a39647bf6139379d0e2173f3dc9d8d1cecad,EXACT_MATCH,MOPS_SINGLE_ELIGIBLE_FILING,327a06583a0900743fb237d74e89539845a197d69f76733cd760a2d1ea39cf53
2317,2025-09-30,2025,3,2025-11-14,2025-11-14T15:35:05+08:00,2025-11-14,2025-11-14,2025-11-17,MOPS_EXACT,official_timestamp_second_precision,CONSOLIDATED,202503_2317_AI1.pdf,TWSE_MOPS_T57SB01_OFFICIAL_DOCUMENT_UPLOAD,2cddd3760b92792a39a2e201d5af0d65d5616791a6c82d75b8dd6e4937d7b181,39342b9356ad4795682062cd30cd16e51af47f70163e827fb7dd9064992d05c2,EXACT_MATCH,MOPS_SINGLE_ELIGIBLE_FILING,180832202c2313c29251e212f5f9bf5528979bd71eebbc061af483b7bc6015f6
2317,2025-12-31,2025,4,2026-03-16,2026-03-16T18:37:49+08:00,2026-03-16,2026-03-16,2026-03-17,MOPS_EXACT,official_timestamp_second_precision,CONSOLIDATED,202504_2317_AI1.pdf,TWSE_MOPS_T57SB01_OFFICIAL_DOCUMENT_UPLOAD,2cddd3760b92792a39a2e201d5af0d65d5616791a6c82d75b8dd6e4937d7b181,06e2b91ba3dae0c93017d4f6083c33664b7aced9e869c30963a0f2874f3e5a12,EXACT_MATCH,MOPS_CONSOLIDATED_PREFERRED_OVER_INDIVIDUAL,750a880b227b2cea482b7fa11e84e7c0f9a55d99b98cc204329c44c2bbe19063
2317,2026-03-31,2026,1,2026-05-15,2026-05-15T17:36:43+08:00,2026-05-15,2026-05-15,2026-05-18,MOPS_EXACT,official_timestamp_second_precision,CONSOLIDATED,202601_2317_AI1.pdf,TWSE_MOPS_T57SB01_OFFICIAL_DOCUMENT_UPLOAD,2cddd3760b92792a39a2e201d5af0d65d5616791a6c82d75b8dd6e4937d7b181,fa8df3339fa7325b89064780f6616e1dc07bb6f3d13c0037bd109cad8f0b46ca,EXACT_MATCH,MOPS_SINGLE_ELIGIBLE_FILING,49da86fe8d1d748c34953f16c2d16bae809dcd316b8dafdd44ab79940cde44e6
2317,2026-06-30,2026,2,2026-08-14,2026-08-14T17:47:54+08:00,2026-08-14,2026-08-14,2026-08-17,MOPS_EXACT,official_timestamp_second_precision,CONSOLIDATED,202602_2317_AI1.pdf,TWSE_MOPS_T57SB01_OFFICIAL_DOCUMENT_UPLOAD,2cddd3760b92792a39a2e201d5af0d65d5616791a6c82d75b8dd6e4937d7b181,936bcced53182eca6ca5a003bf36998bcecfd603aa77fd720c4b895674b072ba,EXACT_MATCH,MOPS_SINGLE_ELIGIBLE_FILING,512979cca842fdb589b3fe15160d45db756ffe5cc031e3da38bd9b5245002437
2327,2016-03-31,2016,1,2016-05-11,2016-05-11T18:24:17+08:00,2016-05-11,2016-05-11,2016-05-12,MOPS_EXACT,official_timestamp_second_precision,CONSOLIDATED,201601_2327_AI1.pdf,TWSE_MOPS_T57SB01_OFFICIAL_DOCUMENT_UPLOAD,83df2bb1ea734f2ec36742306dc3907103b3aa484e5fe24f9260535be39749ff,874be0498f01c94d118b3703328331a08ccd1a9d5bd52e2cd915e50276df57e3,EXACT_MATCH,MOPS_SINGLE_ELIGIBLE_FILING,381b4adde5e0c9b5471c9e02ecd37598652ac2b963ee707155025f5f1580c8cc
2327,2016-06-30,2016,2,2016-08-12,2016-08-12T17:45:45+08:00,2016-08-12,2016-08-12,2016-08-15,MOPS_EXACT,official_timestamp_second_precision,CONSOLIDATED,201602_2327_AI1.pdf,TWSE_MOPS_T57SB01_OFFICIAL_DOCUMENT_UPLOAD,83df2bb1ea734f2ec36742306dc3907103b3aa484e5fe24f9260535be39749ff,3f1ae2c9b8e8b6e5c16975b716541140c76210e7f48d14591b2f641b1dad9007,EXACT_MATCH,MOPS_SINGLE_ELIGIBLE_FILING,ab4a24394e702ba9d9cf2e19eef0b7589afeb1c772f705d5e0e1d82847378b06
2327,2016-09-30,2016,3,2016-11-11,2016-11-11T18:43:44+08:00,2016-11-11,2016-11-11,2016-11-14,MOPS_EXACT,official_timestamp_second_precision,CONSOLIDATED,201603_2327_AI1.pdf,TWSE_MOPS_T57SB01_OFFICIAL_DOCUMENT_UPLOAD,83df2bb1ea734f2ec36742306dc3907103b3aa484e5fe24f9260535be39749ff,384fd3b809c8d84c2c183a92caf933d236aa9f60957095a355e5f3871cd0f89c,EXACT_MATCH,MOPS_SINGLE_ELIGIBLE_FILING,cc8e7c18e3b1fc0e17040b9f886effc4c9209072312610344cd8df7f8413c6df
2327,2016-12-31,2016,4,2017-03-30,2017-03-30T17:38:56+08:00,2017-03-30,2017-03-30,2017-03-31,MOPS_EXACT,official_timestamp_second_precision,CONSOLIDATED,201604_2327_AI1.pdf,TWSE_MOPS_T57SB01_OFFICIAL_DOCUMENT_UPLOAD,83df2bb1ea734f2ec36742306dc3907103b3aa484e5fe24f9260535be39749ff,68893303b73fb5063293e4206a515631033604fc11b862cf91ac68f198b8543c,EXACT_MATCH,MOPS_CONSOLIDATED_PREFERRED_OVER_INDIVIDUAL,e01e666b9c71643edbdc2a8c44328f8bc9b1c21a1a76f01d93ccaf52b7d573d5
2327,2017-03-31,2017,1,2017-05-10,2017-05-10T19:07:37+08:00,2017-05-10,2017-05-10,2017-05-11,MOPS_EXACT,official_timestamp_second_precision,CONSOLIDATED,201701_2327_AI1.pdf,TWSE_MOPS_T57SB01_OFFICIAL_DOCUMENT_UPLOAD,83df2bb1ea734f2ec36742306dc3907103b3aa484e5fe24f9260535be39749ff,1df271dab67d1542b2a67f45d59c624753889e29a58b070e638a4fbac431036a,EXACT_MATCH,MOPS_SINGLE_ELIGIBLE_FILING,6010f1d539b5cb62b1666dcfe26dbd4bc838da892a946631d3972248e0d88606
2327,2017-06-30,2017,2,2017-08-14,2017-08-14T11:43:44+08:00,2017-08-14,2017-08-14,2017-08-15,MOPS_EXACT,official_timestamp_second_precision,CONSOLIDATED,201702_2327_AI1.pdf,TWSE_MOPS_T57SB01_OFFICIAL_DOCUMENT_UPLOAD,83df2bb1ea734f2ec36742306dc3907103b3aa484e5fe24f9260535be39749ff,dc06460b345021ef9ad6994b99be5333d61d8e7616369d2268d351e2f2d8cf0b,EXACT_MATCH,MOPS_SINGLE_ELIGIBLE_FILING,c12aa8c771fe7edbe01f052e241d7e5a57435c5fde35566bf4e8a3777f94fbcb
2327,2017-09-30,2017,3,2017-11-06,2017-11-06T17:02:05+08:00,2017-11-06,2017-11-06,2017-11-07,MOPS_EXACT,official_timestamp_second_precision,CONSOLIDATED,201703_2327_AI1.pdf,TWSE_MOPS_T57SB01_OFFICIAL_DOCUMENT_UPLOAD,83df2bb1ea734f2ec36742306dc3907103b3aa484e5fe24f9260535be39749ff,997a5e0272f70be738daad02a1d7fb9d49e86278c0f3bd6ce5f71f9f910351b7,EXACT_MATCH,MOPS_SINGLE_ELIGIBLE_FILING,3f170f3efab5f0601140345627b6e34b04354757678182b18003ed4f3aca9a00
2327,2017-12-31,2017,4,2018-03-31,2018-03-31T10:43:10+08:00,2018-03-31,2018-03-31,2018-04-02,MOPS_EXACT,official_timestamp_second_precision,CONSOLIDATED,201704_2327_AI1.pdf,TWSE_MOPS_T57SB01_OFFICIAL_DOCUMENT_UPLOAD,83df2bb1ea734f2ec36742306dc3907103b3aa484e5fe24f9260535be39749ff,64533e15090f3582ad2376d2f69e0d27dc5f14a8e7bcc984b752c8656e58a538,EXACT_MATCH,MOPS_CONSOLIDATED_PREFERRED_OVER_INDIVIDUAL,b28de6c19e48ad32e48793607297223fce67cd6843258587a609773fe3d065a4
2327,2018-03-31,2018,1,2018-05-15,2018-05-15T15:54:27+08:00,2018-05-15,2018-05-15,2018-05-16,MOPS_EXACT,official_timestamp_second_precision,CONSOLIDATED,201801_2327_AI1.pdf,TWSE_MOPS_T57SB01_OFFICIAL_DOCUMENT_UPLOAD,83df2bb1ea734f2ec36742306dc3907103b3aa484e5fe24f9260535be39749ff,0947b471cce7323eaadc5501dd3c09e9b113ccf9517a90c8f8ecd0ae03783d90,EXACT_MATCH,MOPS_SINGLE_ELIGIBLE_FILING,6f3625aa3c740a0539903b98bd9082ca49e0583e230d26c139321f2869824cf5
2327,2018-06-30,2018,2,2018-08-14,2018-08-14T13:56:39+08:00,2018-08-14,2018-08-14,2018-08-15,MOPS_EXACT,official_timestamp_second_precision,CONSOLIDATED,201802_2327_AI1.pdf,TWSE_MOPS_T57SB01_OFFICIAL_DOCUMENT_UPLOAD,83df2bb1ea734f2ec36742306dc3907103b3aa484e5fe24f9260535be39749ff,8c5bda49badc8467c4c1d518c5350425f8edcf270f104825791b032406a43240,EXACT_MATCH,MOPS_SINGLE_ELIGIBLE_FILING,7c30ba0449557e30412865c88c613bbc51b7ad90bd49794a51673bcdc43016fa
2327,2018-09-30,2018,3,2018-11-13,2018-11-13T16:59:51+08:00,2018-11-13,2018-11-13,2018-11-14,MOPS_EXACT,official_timestamp_second_precision,CONSOLIDATED,201803_2327_AI1.pdf,TWSE_MOPS_T57SB01_OFFICIAL_DOCUMENT_UPLOAD,83df2bb1ea734f2ec36742306dc3907103b3aa484e5fe24f9260535be39749ff,d47840d37306d055ab676ea980aa076d9206aaf4f1e1b00730373ca13de66b1b,EXACT_MATCH,MOPS_SINGLE_ELIGIBLE_FILING,0652e28b99fca7aa182479426dd1cea295b6f651a0cd9a6d2124e9fdefd3d205
2327,2018-12-31,2018,4,2019-03-29,2019-03-29T13:29:06+08:00,2019-03-29,2019-03-29,2019-04-01,MOPS_EXACT,official_timestamp_second_precision,CONSOLIDATED,201804_2327_AI1.pdf,TWSE_MOPS_T57SB01_OFFICIAL_DOCUMENT_UPLOAD,83df2bb1ea734f2ec36742306dc3907103b3aa484e5fe24f9260535be39749ff,cf2d98415d464316cb5dac9f7358ebc3c0b8e41a05b29e3b0253e9f728874bfe,EXACT_MATCH,MOPS_CONSOLIDATED_PREFERRED_OVER_INDIVIDUAL,5e6cf6b97c600aa662e5e0052b711d6ac02d209f3efc041c181920995bc6cdb5
2327,2019-03-31,2019,1,2019-05-13,2019-05-13T15:51:39+08:00,2019-05-13,2019-05-13,2019-05-14,MOPS_EXACT,official_timestamp_second_precision,CONSOLIDATED,201901_2327_AI1.pdf,TWSE_MOPS_T57SB01_OFFICIAL_DOCUMENT_UPLOAD,83df2bb1ea734f2ec36742306dc3907103b3aa484e5fe24f9260535be39749ff,f9deed0a71f4d178fc9704c3d82cbda24751147fb44704c6ee0bdc5433faff1c,EXACT_MATCH,MOPS_SINGLE_ELIGIBLE_FILING,8ef421395ad6869ce37aeecc6d83562428a521d1dd43f0734d36ba0a0f4db019
2327,2019-06-30,2019,2,2019-08-12,2019-08-12T16:17:36+08:00,2019-08-12,2019-08-12,2019-08-13,MOPS_EXACT,official_timestamp_second_precision,CONSOLIDATED,201902_2327_AI1.pdf,TWSE_MOPS_T57SB01_OFFICIAL_DOCUMENT_UPLOAD,83df2bb1ea734f2ec36742306dc3907103b3aa484e5fe24f9260535be39749ff,889441dc531c339e65347fced275e1d149ade34b7dfdf16efba5ceb0af227a72,EXACT_MATCH,MOPS_SINGLE_ELIGIBLE_FILING,673af0d1607851b61b36e2c25ac71833539149791d5d4e4115a28be48756a1a6
2327,2019-09-30,2019,3,2019-11-08,2019-11-08T16:59:11+08:00,2019-11-08,2019-11-08,2019-11-11,MOPS_EXACT,official_timestamp_second_precision,CONSOLIDATED,201903_2327_AI1.pdf,TWSE_MOPS_T57SB01_OFFICIAL_DOCUMENT_UPLOAD,83df2bb1ea734f2ec36742306dc3907103b3aa484e5fe24f9260535be39749ff,35190c4758ae1ee7a48e3f4dd01b7e20ab8e14dc7eac9fb7d1e62bc731cd1134,EXACT_MATCH,MOPS_SINGLE_ELIGIBLE_FILING,c9004d8d8fbe71750291e4ed2ce37b429753d8961888a9cf5bb0387f6b207551
2327,2019-12-31,2019,4,2020-03-06,2020-03-06T13:24:24+08:00,2020-03-06,2020-03-06,2020-03-09,MOPS_EXACT,official_timestamp_second_precision,CONSOLIDATED,201904_2327_AI1.pdf,TWSE_MOPS_T57SB01_OFFICIAL_DOCUMENT_UPLOAD,83df2bb1ea734f2ec36742306dc3907103b3aa484e5fe24f9260535be39749ff,f3fdd9aceff01a95e546553ab0ba1f8dd1f82cfc4442036ddfd52b4fd63d7c94,EXACT_MATCH,MOPS_CONSOLIDATED_PREFERRED_OVER_INDIVIDUAL,9faf9e4a0a33d162fc8763d66587ba3e3c8777d6ed5c9ba7a74db82f7095f7ef
2327,2020-03-31,2020,1,2020-05-14,2020-05-14T13:57:33+08:00,2020-05-14,2020-05-14,2020-05-15,MOPS_EXACT,official_timestamp_second_precision,CONSOLIDATED,202001_2327_AI1.pdf,TWSE_MOPS_T57SB01_OFFICIAL_DOCUMENT_UPLOAD,83df2bb1ea734f2ec36742306dc3907103b3aa484e5fe24f9260535be39749ff,d710d3846413bfc41d946f9a360aebb5ff74465db2c4a8d18c18565bdc8ad308,EXACT_MATCH,MOPS_SINGLE_ELIGIBLE_FILING,ff9d9a361ac86af1da6faca769127904d12d6b65b94f66e7fd44a1f62c35feb1
2327,2020-06-30,2020,2,2020-08-14,2020-08-14T17:01:03+08:00,2020-08-14,2020-08-14,2020-08-17,MOPS_EXACT,official_timestamp_second_precision,CONSOLIDATED,202002_2327_AI1.pdf,TWSE_MOPS_T57SB01_OFFICIAL_DOCUMENT_UPLOAD,83df2bb1ea734f2ec36742306dc3907103b3aa484e5fe24f9260535be39749ff,16abb59d36c2babf5fefe36ffaec8a08db1a4c152cb0705c339d888379d9865e,EXACT_MATCH,MOPS_SINGLE_ELIGIBLE_FILING,a885c0aff15c031089a5ef9a473a77eb26c47044a0dc0984b34f4454375bdb65
2327,2020-09-30,2020,3,2020-11-13,2020-11-13T15:34:02+08:00,2020-11-13,2020-11-13,2020-11-16,MOPS_EXACT,official_timestamp_second_precision,CONSOLIDATED,202003_2327_AI1.pdf,TWSE_MOPS_T57SB01_OFFICIAL_DOCUMENT_UPLOAD,83df2bb1ea734f2ec36742306dc3907103b3aa484e5fe24f9260535be39749ff,6b07a7e4b1b51efb63c8a727d58532b3b7c79c132c3e6cb9509b3669fc3d63cb,EXACT_MATCH,MOPS_SINGLE_ELIGIBLE_FILING,9d894d3a83665074dcd9fa3b06c478209c360a44fc9633d5fc6440963c890355
2327,2020-12-31,2020,4,2021-03-26,2021-03-26T16:43:47+08:00,2021-03-26,2021-03-26,2021-03-29,MOPS_EXACT,official_timestamp_second_precision,CONSOLIDATED,202004_2327_AI1.pdf,TWSE_MOPS_T57SB01_OFFICIAL_DOCUMENT_UPLOAD,83df2bb1ea734f2ec36742306dc3907103b3aa484e5fe24f9260535be39749ff,c947a49d2fd66960d7b64ca3fbcbd8bdb2d895c276ac87b1a1b191c527e685e7,EXACT_MATCH,MOPS_CONSOLIDATED_PREFERRED_OVER_INDIVIDUAL,0ed784835411b9e90037b8fd966936f673ffe9232865f16ba5b4fbfc56be173a
2327,2021-03-31,2021,1,2021-05-10,2021-05-10T18:04:22+08:00,2021-05-10,2021-05-10,2021-05-11,MOPS_EXACT,official_timestamp_second_precision,CONSOLIDATED,202101_2327_AI1.pdf,TWSE_MOPS_T57SB01_OFFICIAL_DOCUMENT_UPLOAD,83df2bb1ea734f2ec36742306dc3907103b3aa484e5fe24f9260535be39749ff,f56320ad2cfd8f12ec2a10b7412f40da3743b8a89c2907150b9a07ee6c749f00,EXACT_MATCH,MOPS_SINGLE_ELIGIBLE_FILING,1afa9ef2bd6419476c730561801a358a6c8516afe532e2ec96c61db8c2309e2b
2327,2021-06-30,2021,2,2021-08-16,2021-08-16T14:38:26+08:00,2021-08-16,2021-08-16,2021-08-17,MOPS_EXACT,official_timestamp_second_precision,CONSOLIDATED,202102_2327_AI1.pdf,TWSE_MOPS_T57SB01_OFFICIAL_DOCUMENT_UPLOAD,83df2bb1ea734f2ec36742306dc3907103b3aa484e5fe24f9260535be39749ff,f3261f0d2d06d14621df732db4acb6daf86212a3193a362912183124ef7740ae,EXACT_MATCH,MOPS_SINGLE_ELIGIBLE_FILING,25193dab9d6630b4c5eaebf2ac1ee7381ce3d1e2fe0db026409bec7cc9f53d97
2327,2021-09-30,2021,3,2021-11-15,2021-11-15T14:04:27+08:00,2021-11-15,2021-11-15,2021-11-16,MOPS_EXACT,official_timestamp_second_precision,CONSOLIDATED,202103_2327_AI1.pdf,TWSE_MOPS_T57SB01_OFFICIAL_DOCUMENT_UPLOAD,83df2bb1ea734f2ec36742306dc3907103b3aa484e5fe24f9260535be39749ff,51c3399bc37a7e859f75a84c4e677f53c59d278e7386f07272fcaf4f176fec68,EXACT_MATCH,MOPS_SINGLE_ELIGIBLE_FILING,bee385b85d3fdf09ef20c5c2621b4b1e3725282a02b5464f3eff0f5b5a8c8129
2327,2021-12-31,2021,4,2022-03-29,2022-03-29T18:09:32+08:00,2022-03-29,2022-03-29,2022-03-30,MOPS_EXACT,official_timestamp_second_precision,CONSOLIDATED,202104_2327_AI1.pdf,TWSE_MOPS_T57SB01_OFFICIAL_DOCUMENT_UPLOAD,83df2bb1ea734f2ec36742306dc3907103b3aa484e5fe24f9260535be39749ff,d74b5bb16fe133574818eef0e4248cd36c2d732be7d642d8b0ac7e98c5051346,EXACT_MATCH,MOPS_CONSOLIDATED_PREFERRED_OVER_INDIVIDUAL,5e10395179ce7a155f867f9b572c6f2c2a555a694c008b3627b3255e63937e0f
2327,2022-03-31,2022,1,2022-05-16,2022-05-16T15:37:07+08:00,2022-05-16,2022-05-16,2022-05-17,MOPS_EXACT,official_timestamp_second_precision,CONSOLIDATED,202201_2327_AI1.pdf,TWSE_MOPS_T57SB01_OFFICIAL_DOCUMENT_UPLOAD,83df2bb1ea734f2ec36742306dc3907103b3aa484e5fe24f9260535be39749ff,f811434be592278d9d43a8c2c3cbd0694bd5b1388349639b2369dd02935f41eb,EXACT_MATCH,MOPS_SINGLE_ELIGIBLE_FILING,eba4a0e2c8415f3980ee9d1f5e55eeb612aa50a6585877aef76afb0c8cf7e09f
2327,2022-06-30,2022,2,2022-08-15,2022-08-15T16:28:02+08:00,2022-08-15,2022-08-15,2022-08-16,MOPS_EXACT,official_timestamp_second_precision,CONSOLIDATED,202202_2327_AI1.pdf,TWSE_MOPS_T57SB01_OFFICIAL_DOCUMENT_UPLOAD,83df2bb1ea734f2ec36742306dc3907103b3aa484e5fe24f9260535be39749ff,a8a1b19fcc90575ef4573c0075e3c28ac6e22f4529a0e2af5b619a767780e419,EXACT_MATCH,MOPS_SINGLE_ELIGIBLE_FILING,eeb4ec7b44478f33b3b833a014c766f5bd5ce10fdf071ce8b6f0a1acdf24e685
2327,2022-09-30,2022,3,2022-11-14,2022-11-14T15:32:26+08:00,2022-11-14,2022-11-14,2022-11-15,MOPS_EXACT,official_timestamp_second_precision,CONSOLIDATED,202203_2327_AI1.pdf,TWSE_MOPS_T57SB01_OFFICIAL_DOCUMENT_UPLOAD,83df2bb1ea734f2ec36742306dc3907103b3aa484e5fe24f9260535be39749ff,272959e7c3bcd944a2981375b013043ef450368611123f9fc437d1b0dd9334b6,EXACT_MATCH,MOPS_SINGLE_ELIGIBLE_FILING,cdd49bfb06102b48d8ad38efdea12a8e629859e5feda9a15ef76cdc8d8b2df2c
2327,2022-12-31,2022,4,2023-03-29,2023-03-29T17:36:43+08:00,2023-03-29,2023-03-29,2023-03-30,MOPS_EXACT,official_timestamp_second_precision,CONSOLIDATED,202204_2327_AI1.pdf,TWSE_MOPS_T57SB01_OFFICIAL_DOCUMENT_UPLOAD,83df2bb1ea734f2ec36742306dc3907103b3aa484e5fe24f9260535be39749ff,22fa591d7aaac3cb2840ece122061ebd5423062a967bda44883d8cb7fdbac233,EXACT_MATCH,MOPS_CONSOLIDATED_PREFERRED_OVER_INDIVIDUAL,dc858ed04dca6132c3f82162c2eb6527a9e51d998bdf441b9bb06fd31c472f04
2327,2023-03-31,2023,1,2023-05-12,2023-05-12T16:55:46+08:00,2023-05-12,2023-05-12,2023-05-15,MOPS_EXACT,official_timestamp_second_precision,CONSOLIDATED,202301_2327_AI1.pdf,TWSE_MOPS_T57SB01_OFFICIAL_DOCUMENT_UPLOAD,83df2bb1ea734f2ec36742306dc3907103b3aa484e5fe24f9260535be39749ff,6dde1aec3a1a4c78f6d5a3839c6e8410b483816edd36a0377f524a560a7b68e2,EXACT_MATCH,MOPS_SINGLE_ELIGIBLE_FILING,2b066447b87a2e696bd4a3d8d845dfce9d389cee868b773567fb7d49f0f6639b
2327,2023-06-30,2023,2,2023-08-14,2023-08-14T14:49:33+08:00,2023-08-14,2023-08-14,2023-08-15,MOPS_EXACT,official_timestamp_second_precision,CONSOLIDATED,202302_2327_AI1.pdf,TWSE_MOPS_T57SB01_OFFICIAL_DOCUMENT_UPLOAD,83df2bb1ea734f2ec36742306dc3907103b3aa484e5fe24f9260535be39749ff,8132e14560e491e5fc4bd0f808c7cac5478b1909164df4eadd906e904ccf9430,EXACT_MATCH,MOPS_SINGLE_ELIGIBLE_FILING,a377ebd50978200093a5a70abc76db006be410eb95eebc9b4fb36a6834944642
2327,2023-09-30,2023,3,2023-11-14,2023-11-14T14:35:42+08:00,2023-11-14,2023-11-14,2023-11-15,MOPS_EXACT,official_timestamp_second_precision,CONSOLIDATED,202303_2327_AI1.pdf,TWSE_MOPS_T57SB01_OFFICIAL_DOCUMENT_UPLOAD,83df2bb1ea734f2ec36742306dc3907103b3aa484e5fe24f9260535be39749ff,6d88162dd5deca6dde6e866459b5179f9621078f6c30c0117eecac7beebf959a,EXACT_MATCH,MOPS_SINGLE_ELIGIBLE_FILING,d790d6adc6c18844b845d0491232ed14b335464fa2a2ab23e568901731c7a4d9
2327,2023-12-31,2023,4,2024-03-27,2024-03-27T15:12:18+08:00,2024-03-27,2024-03-27,2024-03-28,MOPS_EXACT,official_timestamp_second_precision,CONSOLIDATED,202304_2327_AI1.pdf,TWSE_MOPS_T57SB01_OFFICIAL_DOCUMENT_UPLOAD,83df2bb1ea734f2ec36742306dc3907103b3aa484e5fe24f9260535be39749ff,8a7ecbac1f8fcf6571b288ecfde42f524dbb9bffa5bd72302e689488fb03f887,EXACT_MATCH,MOPS_CONSOLIDATED_PREFERRED_OVER_INDIVIDUAL,9afb276b0119c75dd4851f6747cd5734145531be50b68616e33db19fb104a5e5
2327,2024-03-31,2024,1,2024-05-15,2024-05-15T16:10:58+08:00,2024-05-15,2024-05-15,2024-05-16,MOPS_EXACT,official_timestamp_second_precision,CONSOLIDATED,202401_2327_AI1.pdf,TWSE_MOPS_T57SB01_OFFICIAL_DOCUMENT_UPLOAD,83df2bb1ea734f2ec36742306dc3907103b3aa484e5fe24f9260535be39749ff,6f862b8da0353e10d1fc786e0df16ec721886f52ed4b584f76f4bd9ea72d24c7,EXACT_MATCH,MOPS_SINGLE_ELIGIBLE_FILING,60ce08ab323e5c89119a1175709e602da700e0412c65ef40e3db3c9a80cef16a
2327,2024-06-30,2024,2,2024-08-14,2024-08-14T13:39:53+08:00,2024-08-14,2024-08-14,2024-08-15,MOPS_EXACT,official_timestamp_second_precision,CONSOLIDATED,202402_2327_AI1.pdf,TWSE_MOPS_T57SB01_OFFICIAL_DOCUMENT_UPLOAD,83df2bb1ea734f2ec36742306dc3907103b3aa484e5fe24f9260535be39749ff,009a1b6ee9e14745431dd281cf1cc8c36ed20e4b365573ae695b3fc581f0086f,EXACT_MATCH,MOPS_SINGLE_ELIGIBLE_FILING,798b113176e2598119a9b5ba6fbd5816cca0a384360b6ba497f82b7974f3da19
2327,2024-09-30,2024,3,2024-11-14,2024-11-14T09:18:48+08:00,2024-11-14,2024-11-14,2024-11-15,MOPS_EXACT,official_timestamp_second_precision,CONSOLIDATED,202403_2327_AI1.pdf,TWSE_MOPS_T57SB01_OFFICIAL_DOCUMENT_UPLOAD,83df2bb1ea734f2ec36742306dc3907103b3aa484e5fe24f9260535be39749ff,34d1b6c4e08e38e88b60e7842468fc2ac0b12d84ca0d3d58821e25995e7e453b,EXACT_MATCH,MOPS_SINGLE_ELIGIBLE_FILING,964147b11350db70425931a9f732a971ff9e2911db8ca6115f694915f5cebad1
2327,2024-12-31,2024,4,2025-03-28,2025-03-28T16:54:03+08:00,2025-03-28,2025-03-28,2025-03-31,MOPS_EXACT,official_timestamp_second_precision,CONSOLIDATED,202404_2327_AI1.pdf,TWSE_MOPS_T57SB01_OFFICIAL_DOCUMENT_UPLOAD,83df2bb1ea734f2ec36742306dc3907103b3aa484e5fe24f9260535be39749ff,0805af7304f18566d021835268355a8543fd23b37122e5f5f6d2734a0b86213b,EXACT_MATCH,MOPS_CONSOLIDATED_PREFERRED_OVER_INDIVIDUAL,5f9f0360c2c862869cc1e05fb0c9fdeed8ef44c27439640335b7c8f283f3b9da
2327,2025-03-31,2025,1,2025-05-15,2025-05-15T16:55:03+08:00,2025-05-15,2025-05-15,2025-05-16,MOPS_EXACT,official_timestamp_second_precision,CONSOLIDATED,202501_2327_AI1.pdf,TWSE_MOPS_T57SB01_OFFICIAL_DOCUMENT_UPLOAD,83df2bb1ea734f2ec36742306dc3907103b3aa484e5fe24f9260535be39749ff,96ef5ad012af70422b2a7a04e255451c90d523f11aa2eb0edd0e33d250dadb2d,EXACT_MATCH,MOPS_SINGLE_ELIGIBLE_FILING,94743c7b38aa9c203e353e0b7f385ffa21e450be1ed2f8b872b18cdb42fa381b
2327,2025-06-30,2025,2,2025-08-14,2025-08-14T15:35:05+08:00,2025-08-14,2025-08-14,2025-08-15,MOPS_EXACT,official_timestamp_second_precision,CONSOLIDATED,202502_2327_AI1.pdf,TWSE_MOPS_T57SB01_OFFICIAL_DOCUMENT_UPLOAD,83df2bb1ea734f2ec36742306dc3907103b3aa484e5fe24f9260535be39749ff,b9ddef921d8b733e1b84cd3ec1038d4bb7298e9e7cd822737519a6fb57cedb14,EXACT_MATCH,MOPS_SINGLE_ELIGIBLE_FILING,ec898090c43503726e13a8a657eda32f570b379fd454a52a16ff75291756257a
2327,2025-09-30,2025,3,2025-11-13,2025-11-13T17:58:20+08:00,2025-11-13,2025-11-13,2025-11-14,MOPS_EXACT,official_timestamp_second_precision,CONSOLIDATED,202503_2327_AI1.pdf,TWSE_MOPS_T57SB01_OFFICIAL_DOCUMENT_UPLOAD,83df2bb1ea734f2ec36742306dc3907103b3aa484e5fe24f9260535be39749ff,0d454cc241687abb8ea8c9937a561d817ca6befc3ae62db1e5b5f5f3c2e30e7f,EXACT_MATCH,MOPS_SINGLE_ELIGIBLE_FILING,ec56ce8e51b68de0f2266bec67c6d1e81607fa4818f0878b220cd3fcf0d55acb
2327,2025-12-31,2025,4,2026-03-31,2026-03-31T16:54:04+08:00,2026-03-31,2026-03-31,2026-04-01,MOPS_EXACT,official_timestamp_second_precision,CONSOLIDATED,202504_2327_AI1.pdf,TWSE_MOPS_T57SB01_OFFICIAL_DOCUMENT_UPLOAD,83df2bb1ea734f2ec36742306dc3907103b3aa484e5fe24f9260535be39749ff,56989c79ab70c187d850cb770dce15afd1afec987b8c05e7f4cc6f8efb790e8a,EXACT_MATCH,MOPS_CONSOLIDATED_PREFERRED_OVER_INDIVIDUAL,a8c1807cce3a29827313739fc799232d2a95fd1bb5fd5bcb795601c2c33f8b72
2327,2026-03-31,2026,1,2026-05-15,2026-05-15T14:25:09+08:00,2026-05-15,2026-05-15,2026-05-18,MOPS_EXACT,official_timestamp_second_precision,CONSOLIDATED,202601_2327_AI1.pdf,TWSE_MOPS_T57SB01_OFFICIAL_DOCUMENT_UPLOAD,83df2bb1ea734f2ec36742306dc3907103b3aa484e5fe24f9260535be39749ff,5470faaa8aca5cae4f5444c565cdd1761c69f1252fefea338a9a4a6dfe0f5b16,EXACT_MATCH,MOPS_SINGLE_ELIGIBLE_FILING,a0a0bcfb569f31b1e098aa3a1d18676078a715f167a95af40a4ca2fccf08329e
2327,2026-06-30,2026,2,2026-08-14,2026-08-14T15:04:28+08:00,2026-08-14,2026-08-14,2026-08-17,MOPS_EXACT,official_timestamp_second_precision,CONSOLIDATED,202602_2327_AI1.pdf,TWSE_MOPS_T57SB01_OFFICIAL_DOCUMENT_UPLOAD,83df2bb1ea734f2ec36742306dc3907103b3aa484e5fe24f9260535be39749ff,4a4ac164dbad799116b3020ef9c65945125b167b0cea8560ff4cf3aafcbb436d,EXACT_MATCH,MOPS_SINGLE_ELIGIBLE_FILING,3a719ec8861432ce43cf326674564f1eb30912e995000f7b61788bc8bed97f35
2330,2016-03-31,2016,1,2016-05-11,2016-05-11T10:17:32+08:00,2016-05-11,2016-05-11,2016-05-12,MOPS_EXACT,official_timestamp_second_precision,CONSOLIDATED,201601_2330_AI1.pdf,TWSE_MOPS_T57SB01_OFFICIAL_DOCUMENT_UPLOAD,7ca875da253ccee2f3ebc33abf5f692313ae2e6daca0b8a563c17fe0d57fb7f1,866077355c8fc580b5b1707a65f965df2a872b8a2647a2678a1440c328e0bd50,EXACT_MATCH,MOPS_SINGLE_ELIGIBLE_FILING,55f4b6642785f965cb0380ec45a82d99edf92b81c48e6a961ea345af5ac8d827
2330,2016-06-30,2016,2,2016-08-04,2016-08-04T14:21:03+08:00,2016-08-04,2016-08-04,2016-08-05,MOPS_EXACT,official_timestamp_second_precision,CONSOLIDATED,201602_2330_AI1.pdf,TWSE_MOPS_T57SB01_OFFICIAL_DOCUMENT_UPLOAD,7ca875da253ccee2f3ebc33abf5f692313ae2e6daca0b8a563c17fe0d57fb7f1,2040600708d7a305ca23953ac29730ed0b6152e2306b0aab1fe2bcbb7fb2e555,EXACT_MATCH,MOPS_SINGLE_ELIGIBLE_FILING,e7cb4a29fb37bc3f2c1bface7fb58d6e02ea80c633d5a19aeb8ee3ef2e738331
2330,2016-09-30,2016,3,2016-11-09,2016-11-09T14:21:21+08:00,2016-11-09,2016-11-09,2016-11-10,MOPS_EXACT,official_timestamp_second_precision,CONSOLIDATED,201603_2330_AI1.pdf,TWSE_MOPS_T57SB01_OFFICIAL_DOCUMENT_UPLOAD,7ca875da253ccee2f3ebc33abf5f692313ae2e6daca0b8a563c17fe0d57fb7f1,90ab422bf75fa241318d0a23846b77f60024f149c50656826286c4d48aeca883,EXACT_MATCH,MOPS_SINGLE_ELIGIBLE_FILING,170ea7bbe148015e20d88fdde73dbcd5fbb1450bae821546a3c4f514cafa8156
2330,2016-12-31,2016,4,2017-02-16,2017-02-16T16:14:39+08:00,2017-02-16,2017-02-16,2017-02-17,MOPS_EXACT,official_timestamp_second_precision,CONSOLIDATED,201604_2330_AI1.pdf,TWSE_MOPS_T57SB01_OFFICIAL_DOCUMENT_UPLOAD,7ca875da253ccee2f3ebc33abf5f692313ae2e6daca0b8a563c17fe0d57fb7f1,4de165fc576fef8f3c08cac11dfd354bee024f09e33aa2aea781e17fe3fbd313,EXACT_MATCH,MOPS_CONSOLIDATED_PREFERRED_OVER_INDIVIDUAL,3cf6fc5f7f53ab95731e363b2c7eb1d7cca59f55a4b1d88680a297c2d7d0a70e
2330,2017-03-31,2017,1,2017-05-10,2017-05-10T16:49:37+08:00,2017-05-10,2017-05-10,2017-05-11,MOPS_EXACT,official_timestamp_second_precision,CONSOLIDATED,201701_2330_AI1.pdf,TWSE_MOPS_T57SB01_OFFICIAL_DOCUMENT_UPLOAD,7ca875da253ccee2f3ebc33abf5f692313ae2e6daca0b8a563c17fe0d57fb7f1,df7d63459c4d99e709db90eb562f37cb7340179c8af041aa555c7b59f5186470,EXACT_MATCH,MOPS_SINGLE_ELIGIBLE_FILING,762f19c1a5cc96adf53bad1036a19216b0e4e061635e03e157523321bfcee3b1
2330,2017-06-30,2017,2,2017-08-08,2017-08-08T18:27:51+08:00,2017-08-08,2017-08-08,2017-08-09,MOPS_EXACT,official_timestamp_second_precision,CONSOLIDATED,201702_2330_AI1.pdf,TWSE_MOPS_T57SB01_OFFICIAL_DOCUMENT_UPLOAD,7ca875da253ccee2f3ebc33abf5f692313ae2e6daca0b8a563c17fe0d57fb7f1,bf227204d77c71acfb9efc4999b81684c8c5f3635763285cd44c0531368cc984,EXACT_MATCH,MOPS_SINGLE_ELIGIBLE_FILING,bf3e5e07b7e4d2b0e7072331069f6ec057f27a313f66a265f224294a6d52dd9b
2330,2017-09-30,2017,3,2017-11-14,2017-11-14T14:27:21+08:00,2017-11-14,2017-11-14,2017-11-15,MOPS_EXACT,official_timestamp_second_precision,CONSOLIDATED,201703_2330_AI1.pdf,TWSE_MOPS_T57SB01_OFFICIAL_DOCUMENT_UPLOAD,7ca875da253ccee2f3ebc33abf5f692313ae2e6daca0b8a563c17fe0d57fb7f1,0ca7f753b758612787cfd0828b9a43a3dae36877cf7878dc55dd6cdce119ac80,EXACT_MATCH,MOPS_SINGLE_ELIGIBLE_FILING,58b101c6644c300994172bf62952b1e1df96ad6e53baea54265d1ce94d03686d
2330,2017-12-31,2017,4,2018-02-21,2018-02-21T15:15:08+08:00,2018-02-21,2018-02-21,2018-02-22,MOPS_EXACT,official_timestamp_second_precision,CONSOLIDATED,201704_2330_AI1.pdf,TWSE_MOPS_T57SB01_OFFICIAL_DOCUMENT_UPLOAD,7ca875da253ccee2f3ebc33abf5f692313ae2e6daca0b8a563c17fe0d57fb7f1,436cd42b3e26e014b77cf43690894f0fbb58a1b65077283ba7b0f64b17ffa7af,EXACT_MATCH,MOPS_CONSOLIDATED_PREFERRED_OVER_INDIVIDUAL,9e28530ae72b12486b55ac7463f17682860bd36abe4853a9e2560e972387a161
2330,2018-03-31,2018,1,2018-05-02,2018-05-02T16:37:24+08:00,2018-05-02,2018-05-02,2018-05-03,MOPS_EXACT,official_timestamp_second_precision,CONSOLIDATED,201801_2330_AI1.pdf,TWSE_MOPS_T57SB01_OFFICIAL_DOCUMENT_UPLOAD,7ca875da253ccee2f3ebc33abf5f692313ae2e6daca0b8a563c17fe0d57fb7f1,ab66c09e58f8e31e531b9622342cc3359eccb96189351c727049cbaed0d870f2,EXACT_MATCH,MOPS_SINGLE_ELIGIBLE_FILING,b115efebbd9b865ad7f37a3035e7d3c61ec94671f5dbdf9b5d29b6484104d0e1
2330,2018-06-30,2018,2,2018-08-14,2018-08-14T14:35:38+08:00,2018-08-14,2018-08-14,2018-08-15,MOPS_EXACT,official_timestamp_second_precision,CONSOLIDATED,201802_2330_AI1.pdf,TWSE_MOPS_T57SB01_OFFICIAL_DOCUMENT_UPLOAD,7ca875da253ccee2f3ebc33abf5f692313ae2e6daca0b8a563c17fe0d57fb7f1,1069c32e958c94df4e5d7817ee0f2448ef05d3ebb965288ef79e60c8a02e4944,EXACT_MATCH,MOPS_SINGLE_ELIGIBLE_FILING,9b8f8498c0392bfae801867b14065747cf159cc49199db62583af246d3fa06e6
2330,2018-09-30,2018,3,2018-11-13,2018-11-13T18:48:15+08:00,2018-11-13,2018-11-13,2018-11-14,MOPS_EXACT,official_timestamp_second_precision,CONSOLIDATED,201803_2330_AI1.pdf,TWSE_MOPS_T57SB01_OFFICIAL_DOCUMENT_UPLOAD,7ca875da253ccee2f3ebc33abf5f692313ae2e6daca0b8a563c17fe0d57fb7f1,5d836030dccb554c94b15dc6663da5c85ed4854ebdc8ce133cc4a097b714fec2,EXACT_MATCH,MOPS_SINGLE_ELIGIBLE_FILING,7365c7ed4b9faf62b741ca34292defbf59335d46142952d571357f5dee9710a5
2330,2018-12-31,2018,4,2019-02-22,2019-02-22T16:15:30+08:00,2019-02-22,2019-02-22,2019-02-25,MOPS_EXACT,official_timestamp_second_precision,CONSOLIDATED,201804_2330_AI1.pdf,TWSE_MOPS_T57SB01_OFFICIAL_DOCUMENT_UPLOAD,7ca875da253ccee2f3ebc33abf5f692313ae2e6daca0b8a563c17fe0d57fb7f1,969bd7ef685cceba1e1826abc923f5cf5f15aa08d2fc499e74f01f48e5ef6e43,EXACT_MATCH,MOPS_CONSOLIDATED_PREFERRED_OVER_INDIVIDUAL,c0a8f951e91d0cacd52c04ddf7b560d6dd29d15dd449b785549a09a7837583b4
2330,2019-03-31,2019,1,2019-05-15,2019-05-15T13:41:47+08:00,2019-05-15,2019-05-15,2019-05-16,MOPS_EXACT,official_timestamp_second_precision,CONSOLIDATED,201901_2330_AI1.pdf,TWSE_MOPS_T57SB01_OFFICIAL_DOCUMENT_UPLOAD,7ca875da253ccee2f3ebc33abf5f692313ae2e6daca0b8a563c17fe0d57fb7f1,bb270cd00828918fe0b9dd71bb4427a1b2af9237b49554bde97886c03f7f0130,EXACT_MATCH,MOPS_SINGLE_ELIGIBLE_FILING,bba8b2382ab3af0cf62336607e2e13ecf0d2f6e29b95f093153c8ed725748ade
2330,2019-06-30,2019,2,2019-08-14,2019-08-14T15:09:42+08:00,2019-08-14,2019-08-14,2019-08-15,MOPS_EXACT,official_timestamp_second_precision,CONSOLIDATED,201902_2330_AI1.pdf,TWSE_MOPS_T57SB01_OFFICIAL_DOCUMENT_UPLOAD,7ca875da253ccee2f3ebc33abf5f692313ae2e6daca0b8a563c17fe0d57fb7f1,505e089aef3fa8d90009bf8065402e3c10bcbf166f0c6aaa7cf83ee2be06a02e,EXACT_MATCH,MOPS_SINGLE_ELIGIBLE_FILING,b863ec6bdb5ae23d6ca019b642cc30d8dcb3384390a0ecb01495da655c43407a
2330,2019-09-30,2019,3,2019-11-14,2019-11-14T13:53:36+08:00,2019-11-14,2019-11-14,2019-11-15,MOPS_EXACT,official_timestamp_second_precision,CONSOLIDATED,201903_2330_AI1.pdf,TWSE_MOPS_T57SB01_OFFICIAL_DOCUMENT_UPLOAD,7ca875da253ccee2f3ebc33abf5f692313ae2e6daca0b8a563c17fe0d57fb7f1,d67b001c84db9e4236bc5429eaaa99928cda78c915f8cde53abe62731837944d,EXACT_MATCH,MOPS_SINGLE_ELIGIBLE_FILING,26a9b0bea5937c7422241b8619db4b6ea129279ee8ac7131a03bea6dc0ef2b30
2330,2019-12-31,2019,4,2020-02-27,2020-02-27T13:33:51+08:00,2020-02-27,2020-02-27,2020-03-02,MOPS_EXACT,official_timestamp_second_precision,CONSOLIDATED,201904_2330_AI1.pdf,TWSE_MOPS_T57SB01_OFFICIAL_DOCUMENT_UPLOAD,7ca875da253ccee2f3ebc33abf5f692313ae2e6daca0b8a563c17fe0d57fb7f1,38ebb1a5902b72005177702b020d1e608447a50d34efc407f6a01e36840a5d8d,EXACT_MATCH,MOPS_CONSOLIDATED_PREFERRED_OVER_INDIVIDUAL,1d728c4952906e64285226c5e652d989aab42cca7b8c5350e8bf6766c104ae27
2330,2020-03-31,2020,1,2020-05-14,2020-05-14T13:46:10+08:00,2020-05-14,2020-05-14,2020-05-15,MOPS_EXACT,official_timestamp_second_precision,CONSOLIDATED,202001_2330_AI1.pdf,TWSE_MOPS_T57SB01_OFFICIAL_DOCUMENT_UPLOAD,7ca875da253ccee2f3ebc33abf5f692313ae2e6daca0b8a563c17fe0d57fb7f1,b765df9521bda4f8605fca371d2915406d96dc97c935aa9a4580e624a78111f7,EXACT_MATCH,MOPS_SINGLE_ELIGIBLE_FILING,4cab425127342f0a79cb83deb34451e3bfc815bf85192fcb4f51b8c7755728a9
2330,2020-06-30,2020,2,2020-08-14,2020-08-14T13:38:07+08:00,2020-08-14,2020-08-14,2020-08-17,MOPS_EXACT,official_timestamp_second_precision,CONSOLIDATED,202002_2330_AI1.pdf,TWSE_MOPS_T57SB01_OFFICIAL_DOCUMENT_UPLOAD,7ca875da253ccee2f3ebc33abf5f692313ae2e6daca0b8a563c17fe0d57fb7f1,93d2b374beb78abfb72fe5c617669d0a18f3195e4fa4ded2838d9c8ede1f5f5c,EXACT_MATCH,MOPS_SINGLE_ELIGIBLE_FILING,e145c8ae02da0604fe8d36d44fae9dc5345b15377aa8ab3155c157e1b84e1332
2330,2020-09-30,2020,3,2020-11-13,2020-11-13T13:39:38+08:00,2020-11-13,2020-11-13,2020-11-16,MOPS_EXACT,official_timestamp_second_precision,CONSOLIDATED,202003_2330_AI1.pdf,TWSE_MOPS_T57SB01_OFFICIAL_DOCUMENT_UPLOAD,7ca875da253ccee2f3ebc33abf5f692313ae2e6daca0b8a563c17fe0d57fb7f1,09e9cbfbe45b221bda35b089d9d5535933ef5357b92200e9feea05828b705cc3,EXACT_MATCH,MOPS_SINGLE_ELIGIBLE_FILING,fe800abfdb9d4b0713f030790c719e54b671ecffa2da5449e495ce4874958dd1
2330,2020-12-31,2020,4,2021-02-26,2021-02-26T13:51:49+08:00,2021-02-26,2021-02-26,2021-03-02,MOPS_EXACT,official_timestamp_second_precision,CONSOLIDATED,202004_2330_AI1.pdf,TWSE_MOPS_T57SB01_OFFICIAL_DOCUMENT_UPLOAD,7ca875da253ccee2f3ebc33abf5f692313ae2e6daca0b8a563c17fe0d57fb7f1,074c9ab03d041ed9d6fb44bd1b382eea205c2ce62b5e12074d9c6ed8ae04a1be,EXACT_MATCH,MOPS_CONSOLIDATED_PREFERRED_OVER_INDIVIDUAL,18d96369ef996e8aa526cd7a5c0eaaaaa62cc0fc3bccc7c1c5b1707d33ec1b43
2330,2021-03-31,2021,1,2021-05-14,2021-05-14T17:58:47+08:00,2021-05-14,2021-05-14,2021-05-17,MOPS_EXACT,official_timestamp_second_precision,CONSOLIDATED,202101_2330_AI1.pdf,TWSE_MOPS_T57SB01_OFFICIAL_DOCUMENT_UPLOAD,7ca875da253ccee2f3ebc33abf5f692313ae2e6daca0b8a563c17fe0d57fb7f1,3f900f51b375d14308910aea851b8da98b7b2a889737e6acf8cee2f3b869fc88,EXACT_MATCH,MOPS_SINGLE_ELIGIBLE_FILING,01733027bc066071976ed54f6f4eb726b98b0b396617c12001836940214f0550
2330,2021-06-30,2021,2,2021-08-13,2021-08-13T15:34:39+08:00,2021-08-13,2021-08-13,2021-08-16,MOPS_EXACT,official_timestamp_second_precision,CONSOLIDATED,202102_2330_AI1.pdf,TWSE_MOPS_T57SB01_OFFICIAL_DOCUMENT_UPLOAD,7ca875da253ccee2f3ebc33abf5f692313ae2e6daca0b8a563c17fe0d57fb7f1,171430470d1b4e06ff6d75b864d124d994461655650726fc5328ac0c5bfcae63,EXACT_MATCH,MOPS_SINGLE_ELIGIBLE_FILING,1e8c324a227d6ecf08a467b950a955e7073a182bccaa2d744f48df5b63ec44ae
2330,2021-09-30,2021,3,2021-11-12,2021-11-12T14:19:32+08:00,2021-11-12,2021-11-12,2021-11-15,MOPS_EXACT,official_timestamp_second_precision,CONSOLIDATED,202103_2330_AI1.pdf,TWSE_MOPS_T57SB01_OFFICIAL_DOCUMENT_UPLOAD,7ca875da253ccee2f3ebc33abf5f692313ae2e6daca0b8a563c17fe0d57fb7f1,5034f547cc962d73a483516b68391460d5d2467dee0dc58ebbed3a1d68734b06,EXACT_MATCH,MOPS_SINGLE_ELIGIBLE_FILING,042f6543b54293f499f5847ca1857dc390c4938785d6a0156b9466c8f506942b
2330,2021-12-31,2021,4,2022-02-25,2022-02-25T13:47:55+08:00,2022-02-25,2022-02-25,2022-03-01,MOPS_EXACT,official_timestamp_second_precision,CONSOLIDATED,202104_2330_AI1.pdf,TWSE_MOPS_T57SB01_OFFICIAL_DOCUMENT_UPLOAD,7ca875da253ccee2f3ebc33abf5f692313ae2e6daca0b8a563c17fe0d57fb7f1,bcbf36947b333cb9ed769a7375d70842ee9a185f490e93ada24f175cee556db3,EXACT_MATCH,MOPS_CONSOLIDATED_PREFERRED_OVER_INDIVIDUAL,d2e0437e58a9ca88803916760499946c9777f4e8e2f5a485853119b805134752
2330,2022-03-31,2022,1,2022-05-13,2022-05-13T14:23:33+08:00,2022-05-13,2022-05-13,2022-05-16,MOPS_EXACT,official_timestamp_second_precision,CONSOLIDATED,202201_2330_AI1.pdf,TWSE_MOPS_T57SB01_OFFICIAL_DOCUMENT_UPLOAD,7ca875da253ccee2f3ebc33abf5f692313ae2e6daca0b8a563c17fe0d57fb7f1,56436863090660c35ddc5b0e7b76ceb93f7f422a521dfd0a2775380811807e7f,EXACT_MATCH,MOPS_SINGLE_ELIGIBLE_FILING,a1f3d77a99839575c460359d70afa6270c7f2ec70ade2eb61d561009997dd330
2330,2022-06-30,2022,2,2022-08-12,2022-08-12T13:48:56+08:00,2022-08-12,2022-08-12,2022-08-15,MOPS_EXACT,official_timestamp_second_precision,CONSOLIDATED,202202_2330_AI1.pdf,TWSE_MOPS_T57SB01_OFFICIAL_DOCUMENT_UPLOAD,7ca875da253ccee2f3ebc33abf5f692313ae2e6daca0b8a563c17fe0d57fb7f1,1bc867225c0087c3f1965dd6c29ecc7e6f2fd511a79e2afdf53953e41a670655,EXACT_MATCH,MOPS_SINGLE_ELIGIBLE_FILING,905a6d9901c7e102c5f3f736ed93ea5725950fd950505eaaedb06392f613a950
2330,2022-09-30,2022,3,2022-11-14,2022-11-14T15:24:26+08:00,2022-11-14,2022-11-14,2022-11-15,MOPS_EXACT,official_timestamp_second_precision,CONSOLIDATED,202203_2330_AI1.pdf,TWSE_MOPS_T57SB01_OFFICIAL_DOCUMENT_UPLOAD,7ca875da253ccee2f3ebc33abf5f692313ae2e6daca0b8a563c17fe0d57fb7f1,2ceac715b5ca7b7fbdc335b301a5a42fc74d2cd574a9fff7e582cba3422281d4,EXACT_MATCH,MOPS_SINGLE_ELIGIBLE_FILING,a39f6761716f2db5a0b5b90a3472dd61e3a4cf15b979f8bf409465abb15f01ef
2330,2022-12-31,2022,4,2023-02-24,2023-02-24T14:49:57+08:00,2023-02-24,2023-02-24,2023-03-01,MOPS_EXACT,official_timestamp_second_precision,CONSOLIDATED,202204_2330_AI1.pdf,TWSE_MOPS_T57SB01_OFFICIAL_DOCUMENT_UPLOAD,7ca875da253ccee2f3ebc33abf5f692313ae2e6daca0b8a563c17fe0d57fb7f1,3da119603498307221c54706afd3abf44455244ad54dfab84d478a503ee3e2d4,EXACT_MATCH,MOPS_CONSOLIDATED_PREFERRED_OVER_INDIVIDUAL,1a37241ebc9c5dea1cdeeff779b59c7781ddaeed037fbd6f499f25fc02dded68
2330,2023-03-31,2023,1,2023-05-12,2023-05-12T13:51:34+08:00,2023-05-12,2023-05-12,2023-05-15,MOPS_EXACT,official_timestamp_second_precision,CONSOLIDATED,202301_2330_AI1.pdf,TWSE_MOPS_T57SB01_OFFICIAL_DOCUMENT_UPLOAD,7ca875da253ccee2f3ebc33abf5f692313ae2e6daca0b8a563c17fe0d57fb7f1,aa3c128e6a25ef67c8d2534880a69062c33875ac84a204498b169cbbd8668f6e,EXACT_MATCH,MOPS_SINGLE_ELIGIBLE_FILING,1dd0e1ee079bed7081ee4edc88a1591f8a122436c9e0b9b51abaac6d51b38003
2330,2023-06-30,2023,2,2023-08-14,2023-08-14T14:51:09+08:00,2023-08-14,2023-08-14,2023-08-15,MOPS_EXACT,official_timestamp_second_precision,CONSOLIDATED,202302_2330_AI1.pdf,TWSE_MOPS_T57SB01_OFFICIAL_DOCUMENT_UPLOAD,7ca875da253ccee2f3ebc33abf5f692313ae2e6daca0b8a563c17fe0d57fb7f1,f025dd561123f8614f36424ea79a415727403960f27874cf376caf9ccb92a2de,EXACT_MATCH,MOPS_SINGLE_ELIGIBLE_FILING,8bbb743ec1763dddbd7a6967bd4cebdac1f9427aaa9cb594b6ebb14a210123c9
2330,2023-09-30,2023,3,2023-11-14,2023-11-14T17:14:21+08:00,2023-11-14,2023-11-14,2023-11-15,MOPS_EXACT,official_timestamp_second_precision,CONSOLIDATED,202303_2330_AI1.pdf,TWSE_MOPS_T57SB01_OFFICIAL_DOCUMENT_UPLOAD,7ca875da253ccee2f3ebc33abf5f692313ae2e6daca0b8a563c17fe0d57fb7f1,999a566d5a2f78da2cefaf8ba39ad260446bc978743b1feb6fbcee8609f1b537,EXACT_MATCH,MOPS_SINGLE_ELIGIBLE_FILING,31d123e946a9319fc54e36fd6a5f06ae388d142ac62bc5e45ab74c9b97e3d4b4
2330,2023-12-31,2023,4,2024-02-29,2024-02-29T16:22:02+08:00,2024-02-29,2024-02-29,2024-03-01,MOPS_EXACT,official_timestamp_second_precision,CONSOLIDATED,202304_2330_AI1.pdf,TWSE_MOPS_T57SB01_OFFICIAL_DOCUMENT_UPLOAD,7ca875da253ccee2f3ebc33abf5f692313ae2e6daca0b8a563c17fe0d57fb7f1,026c1617fbfe6588bbc4dd7bc694ec98634c6bc3bc85aaa5c39cdc7b254c960c,EXACT_MATCH,MOPS_CONSOLIDATED_PREFERRED_OVER_INDIVIDUAL,d0ef7a711263713b220d8ca31cb5c87628665540ba42c5d89d351221e9f47c79
2330,2024-03-31,2024,1,2024-05-15,2024-05-15T14:25:29+08:00,2024-05-15,2024-05-15,2024-05-16,MOPS_EXACT,official_timestamp_second_precision,CONSOLIDATED,202401_2330_AI1.pdf,TWSE_MOPS_T57SB01_OFFICIAL_DOCUMENT_UPLOAD,7ca875da253ccee2f3ebc33abf5f692313ae2e6daca0b8a563c17fe0d57fb7f1,100e49ff0eec322fcf034e2193048206d29343b08e5581f1bbc0bcf01ebcfada,EXACT_MATCH,MOPS_SINGLE_ELIGIBLE_FILING,9c1bf336c620587cba8b9f2f3c34d3d81f26c75689d8f30eb7de0c668fd99e90
2330,2024-06-30,2024,2,2024-08-14,2024-08-14T15:09:10+08:00,2024-08-14,2024-08-14,2024-08-15,MOPS_EXACT,official_timestamp_second_precision,CONSOLIDATED,202402_2330_AI1.pdf,TWSE_MOPS_T57SB01_OFFICIAL_DOCUMENT_UPLOAD,7ca875da253ccee2f3ebc33abf5f692313ae2e6daca0b8a563c17fe0d57fb7f1,3d8003f948252d61cdbd123dfcf8e1a0187699753b588443cbedd64fb6995c43,EXACT_MATCH,MOPS_SINGLE_ELIGIBLE_FILING,d9f4a02a0099370291b43d4ce6fab1c49aaa97fe96130417edc66ba2bc116e65
2330,2024-09-30,2024,3,2024-11-14,2024-11-14T18:03:20+08:00,2024-11-14,2024-11-14,2024-11-15,MOPS_EXACT,official_timestamp_second_precision,CONSOLIDATED,202403_2330_AI1.pdf,TWSE_MOPS_T57SB01_OFFICIAL_DOCUMENT_UPLOAD,7ca875da253ccee2f3ebc33abf5f692313ae2e6daca0b8a563c17fe0d57fb7f1,98459a2c24dba66584b5f433eb41a14fc52ea3ffd519a16912552408bd2e3adc,EXACT_MATCH,MOPS_SINGLE_ELIGIBLE_FILING,d285aa0fec3960c1086d0a487d5e1b05e3ebc453f714716ffe5e62040e0c5bfc
2330,2024-12-31,2024,4,2025-02-27,2025-02-27T14:01:14+08:00,2025-02-27,2025-02-27,2025-03-03,MOPS_EXACT,official_timestamp_second_precision,CONSOLIDATED,202404_2330_AI1.pdf,TWSE_MOPS_T57SB01_OFFICIAL_DOCUMENT_UPLOAD,7ca875da253ccee2f3ebc33abf5f692313ae2e6daca0b8a563c17fe0d57fb7f1,c031b5848369ba92dab87e9ad4e19ad143e22a6ec4492be88996438a6e323a15,EXACT_MATCH,MOPS_CONSOLIDATED_PREFERRED_OVER_INDIVIDUAL,224519209b990541d221fb5fbcbab6859c0b19b2172b76b8df1131bc62261062
2330,2025-03-31,2025,1,2025-05-15,2025-05-15T13:40:15+08:00,2025-05-15,2025-05-15,2025-05-16,MOPS_EXACT,official_timestamp_second_precision,CONSOLIDATED,202501_2330_AI1.pdf,TWSE_MOPS_T57SB01_OFFICIAL_DOCUMENT_UPLOAD,7ca875da253ccee2f3ebc33abf5f692313ae2e6daca0b8a563c17fe0d57fb7f1,562948b2147432ddee66d20b221d1c2bc52503fdc42c567d805809c70f6a2b6b,EXACT_MATCH,MOPS_SINGLE_ELIGIBLE_FILING,c2ba956e893250a75877ff3eca2ba7a44bc0fa4d42e93b9c680b067a99c7b511
2330,2025-06-30,2025,2,2025-08-14,2025-08-14T13:36:58+08:00,2025-08-14,2025-08-14,2025-08-15,MOPS_EXACT,official_timestamp_second_precision,CONSOLIDATED,202502_2330_AI1.pdf,TWSE_MOPS_T57SB01_OFFICIAL_DOCUMENT_UPLOAD,7ca875da253ccee2f3ebc33abf5f692313ae2e6daca0b8a563c17fe0d57fb7f1,99b2d1bcb4a8a72ebcbada8e7fb68a4a05446f00b17caa3d32230c3f33dae89f,EXACT_MATCH,MOPS_SINGLE_ELIGIBLE_FILING,7f5a379f0c5f765bddbea3e24c2ace5b338a2e92180285d96806bd4dba1bf620
2330,2025-09-30,2025,3,2025-11-14,2025-11-14T13:42:22+08:00,2025-11-14,2025-11-14,2025-11-17,MOPS_EXACT,official_timestamp_second_precision,CONSOLIDATED,202503_2330_AI1.pdf,TWSE_MOPS_T57SB01_OFFICIAL_DOCUMENT_UPLOAD,7ca875da253ccee2f3ebc33abf5f692313ae2e6daca0b8a563c17fe0d57fb7f1,8b01d4d4e4efcf6a7073a767e29c40703bf1ddbc19e9a3c467a6e16a9c04ddc0,EXACT_MATCH,MOPS_SINGLE_ELIGIBLE_FILING,3214ff3fdc1690d3214976cfb0f83081fc43d7e1f7de9238518ab4c71971b0a0
2330,2025-12-31,2025,4,2026-02-26,2026-02-26T17:23:30+08:00,2026-02-26,2026-02-26,2026-03-02,MOPS_EXACT,official_timestamp_second_precision,CONSOLIDATED,202504_2330_AI1.pdf,TWSE_MOPS_T57SB01_OFFICIAL_DOCUMENT_UPLOAD,7ca875da253ccee2f3ebc33abf5f692313ae2e6daca0b8a563c17fe0d57fb7f1,fa724f1f74ccee97a74f076e03f7d237c10554c2f2f443853b809ffa498e9451,EXACT_MATCH,MOPS_CONSOLIDATED_PREFERRED_OVER_INDIVIDUAL,cdc40583782ff40f06f7b14f872869b6d26c63c7faab64f56a4b363eea053c29
2330,2026-03-31,2026,1,2026-05-15,2026-05-15T14:43:02+08:00,2026-05-15,2026-05-15,2026-05-18,MOPS_EXACT,official_timestamp_second_precision,CONSOLIDATED,202601_2330_AI1.pdf,TWSE_MOPS_T57SB01_OFFICIAL_DOCUMENT_UPLOAD,7ca875da253ccee2f3ebc33abf5f692313ae2e6daca0b8a563c17fe0d57fb7f1,0078a3a53efdf9432e2f17d376d9717e883b015006394854f534586dd0eae595,EXACT_MATCH,MOPS_SINGLE_ELIGIBLE_FILING,4fcc4ada9ef777386b612911d75c8811dded519e50511d77886d66a1c4748a07
2330,2026-06-30,2026,2,2026-08-14,2026-08-14T13:59:44+08:00,2026-08-14,2026-08-14,2026-08-17,MOPS_EXACT,official_timestamp_second_precision,CONSOLIDATED,202602_2330_AI1.pdf,TWSE_MOPS_T57SB01_OFFICIAL_DOCUMENT_UPLOAD,7ca875da253ccee2f3ebc33abf5f692313ae2e6daca0b8a563c17fe0d57fb7f1,bf663403bc2127ffce2783802ef3bf594af815130b4a5af562c3fea9521cd2f5,EXACT_MATCH,MOPS_SINGLE_ELIGIBLE_FILING,7adcf588337035a3c0bd41e535801d68a4d6642f65d09b76faeda0abc1f103b2
2344,2016-03-31,2016,1,2016-04-28,2016-04-28T17:04:43+08:00,2016-04-28,2016-04-28,2016-04-29,MOPS_EXACT,official_timestamp_second_precision,CONSOLIDATED,201601_2344_AI1.pdf,TWSE_MOPS_T57SB01_OFFICIAL_DOCUMENT_UPLOAD,7efc4d340b2bced7a5e4c3e570e154eae4d0649082df62e0bd0938859b2eb67d,45b70d141cb11ec0e82a3424ef2f7392231b8272a76c26b27715f513fc8a1cff,EXACT_MATCH,MOPS_SINGLE_ELIGIBLE_FILING,2af05d8d67cf95d3cb28473dab1445982bf3e40412488c4bb8cf51cfaef194c5
2344,2016-06-30,2016,2,2016-07-28,2016-07-28T15:12:26+08:00,2016-07-28,2016-07-28,2016-07-29,MOPS_EXACT,official_timestamp_second_precision,CONSOLIDATED,201602_2344_AI1.pdf,TWSE_MOPS_T57SB01_OFFICIAL_DOCUMENT_UPLOAD,7efc4d340b2bced7a5e4c3e570e154eae4d0649082df62e0bd0938859b2eb67d,4dc47e48eb8b7301e0e36083ad43c92ee17cf41a53c3ce71060652f62ec730a4,EXACT_MATCH,MOPS_SINGLE_ELIGIBLE_FILING,dce17cf75d39b62729b549fe0fedc395f92624889bd0c26310a03539bab4b1bd
2344,2016-09-30,2016,3,2016-10-25,2016-10-25T18:43:30+08:00,2016-10-25,2016-10-25,2016-10-26,MOPS_EXACT,official_timestamp_second_precision,CONSOLIDATED,201603_2344_AI1.pdf,TWSE_MOPS_T57SB01_OFFICIAL_DOCUMENT_UPLOAD,7efc4d340b2bced7a5e4c3e570e154eae4d0649082df62e0bd0938859b2eb67d,5429f5be8a93dd10a9cb6eaf7e681ee6f55ba4091b5b7ecaaa5b80756ed9a364,EXACT_MATCH,MOPS_SINGLE_ELIGIBLE_FILING,41bf87600c6c620a152d0acd0ab93c9b342a8648e68a881c5ffdbe639b6c21c6
2344,2016-12-31,2016,4,2017-02-07,2017-02-07T16:37:10+08:00,2017-02-07,2017-02-07,2017-02-08,MOPS_EXACT,official_timestamp_second_precision,CONSOLIDATED,201604_2344_AI1.pdf,TWSE_MOPS_T57SB01_OFFICIAL_DOCUMENT_UPLOAD,7efc4d340b2bced7a5e4c3e570e154eae4d0649082df62e0bd0938859b2eb67d,e8c8d6dfcd57f698d7984d30f1adac54e8b21c9d3b06656309d59d7acc96cb8e,EXACT_MATCH,MOPS_CONSOLIDATED_PREFERRED_OVER_INDIVIDUAL,eec0433625d06c5e424715dc0993e4ee0d6bbb5703ae756bb71faa233f87c8f3
2344,2017-03-31,2017,1,2017-04-28,2017-04-28T16:59:26+08:00,2017-04-28,2017-04-28,2017-05-02,MOPS_EXACT,official_timestamp_second_precision,CONSOLIDATED,201701_2344_AI1.pdf,TWSE_MOPS_T57SB01_OFFICIAL_DOCUMENT_UPLOAD,7efc4d340b2bced7a5e4c3e570e154eae4d0649082df62e0bd0938859b2eb67d,b36904daa57fa58a4ee215294c5409c5302fc8299f0d3d9489912fb57ab9d2e9,EXACT_MATCH,MOPS_SINGLE_ELIGIBLE_FILING,fdd75618a082f84ea719ccbab66493f46ea8ca5c89393a192ef4de4316de1bc6
2344,2017-06-30,2017,2,2017-07-28,2017-07-28T14:45:51+08:00,2017-07-28,2017-07-28,2017-07-31,MOPS_EXACT,official_timestamp_second_precision,CONSOLIDATED,201702_2344_AI1.pdf,TWSE_MOPS_T57SB01_OFFICIAL_DOCUMENT_UPLOAD,7efc4d340b2bced7a5e4c3e570e154eae4d0649082df62e0bd0938859b2eb67d,ef203f32bd53f99ac2b0d178df7c1e1b911077afbe1f097c165ca757d61cd180,EXACT_MATCH,MOPS_SINGLE_ELIGIBLE_FILING,83a31b80632e6aac5cc9f202156bb7a71d2b2316b145ec1b9beaf68a4c6f9eb9
2344,2017-09-30,2017,3,2017-10-26,2017-10-26T19:14:04+08:00,2017-10-26,2017-10-26,2017-10-27,MOPS_EXACT,official_timestamp_second_precision,CONSOLIDATED,201703_2344_AI1.pdf,TWSE_MOPS_T57SB01_OFFICIAL_DOCUMENT_UPLOAD,7efc4d340b2bced7a5e4c3e570e154eae4d0649082df62e0bd0938859b2eb67d,f76eed53b260ae6d8aeff92d65313130727d59e1f29f85ae2d6a8ba18e8e0e16,EXACT_MATCH,MOPS_SINGLE_ELIGIBLE_FILING,6b482f7b8a1622a4d877b9cf426d45932977af7aeb1150da11ca369bf3400bab
2344,2017-12-31,2017,4,2018-02-02,2018-02-02T17:05:18+08:00,2018-02-02,2018-02-02,2018-02-05,MOPS_EXACT,official_timestamp_second_precision,CONSOLIDATED,201704_2344_AI1.pdf,TWSE_MOPS_T57SB01_OFFICIAL_DOCUMENT_UPLOAD,7efc4d340b2bced7a5e4c3e570e154eae4d0649082df62e0bd0938859b2eb67d,441aff2eb500d71cf0949bb04b70d52f5aecc798cd6f086c833c3061d05856b3,EXACT_MATCH,MOPS_CONSOLIDATED_PREFERRED_OVER_INDIVIDUAL,8096997ce14ea8f6f431b1e2323b8c11bea44090ab954c14f6de3127b309e013
2344,2018-03-31,2018,1,2018-04-25,2018-04-25T10:35:21+08:00,2018-04-25,2018-04-25,2018-04-26,MOPS_EXACT,official_timestamp_second_precision,CONSOLIDATED,201801_2344_AI1.pdf,TWSE_MOPS_T57SB01_OFFICIAL_DOCUMENT_UPLOAD,7efc4d340b2bced7a5e4c3e570e154eae4d0649082df62e0bd0938859b2eb67d,47e136d3290afbcdf244af91266367d6fc5db5b62db2cb63a477bbb02bf13fa8,EXACT_MATCH,MOPS_SINGLE_ELIGIBLE_FILING,5d6f1808b45f92ae293e96eead25d087a07ed077bc953eddd35131c42991fb4e
2344,2018-06-30,2018,2,2018-07-27,2018-07-27T16:49:27+08:00,2018-07-27,2018-07-27,2018-07-30,MOPS_EXACT,official_timestamp_second_precision,CONSOLIDATED,201802_2344_AI1.pdf,TWSE_MOPS_T57SB01_OFFICIAL_DOCUMENT_UPLOAD,7efc4d340b2bced7a5e4c3e570e154eae4d0649082df62e0bd0938859b2eb67d,ecaa97932a986e87a6b315d23da6e40636039e0b186cd8285352b1ce1583b5a9,EXACT_MATCH,MOPS_SINGLE_ELIGIBLE_FILING,ccc1963bd2c68e8dd3265a8bf9c1ff1c11fb95aa6a2bb2d13c9f112e50ebbde7
2344,2018-09-30,2018,3,2018-10-28,2018-10-28T18:11:46+08:00,2018-10-28,2018-10-28,2018-10-29,MOPS_EXACT,official_timestamp_second_precision,CONSOLIDATED,201803_2344_AI1.pdf,TWSE_MOPS_T57SB01_OFFICIAL_DOCUMENT_UPLOAD,7efc4d340b2bced7a5e4c3e570e154eae4d0649082df62e0bd0938859b2eb67d,c87d382b6c80965915e83d55971d53e8853d4485417935bb05e3c1d68aae5f62,EXACT_MATCH,MOPS_SINGLE_ELIGIBLE_FILING,fb47799f723244290f602173fd22049bb84efc050e78ff4a056b0efc25181bfd
2344,2018-12-31,2018,4,2019-02-01,2019-02-01T14:40:15+08:00,2019-02-01,2019-02-01,2019-02-11,MOPS_EXACT,official_timestamp_second_precision,CONSOLIDATED,201804_2344_AI1.pdf,TWSE_MOPS_T57SB01_OFFICIAL_DOCUMENT_UPLOAD,7efc4d340b2bced7a5e4c3e570e154eae4d0649082df62e0bd0938859b2eb67d,75b7c61c8fa156b2e0843599c62b79d8b38f62fcc956fe77e49b98df4b5ba6de,EXACT_MATCH,MOPS_CONSOLIDATED_PREFERRED_OVER_INDIVIDUAL,b358a2d921de128a9d739469201d2d0887cb7c87703b46cf21052d6e4f08e2c4
2344,2019-03-31,2019,1,2019-05-03,2019-05-03T16:28:31+08:00,2019-05-03,2019-05-03,2019-05-06,MOPS_EXACT,official_timestamp_second_precision,CONSOLIDATED,201901_2344_AI1.pdf,TWSE_MOPS_T57SB01_OFFICIAL_DOCUMENT_UPLOAD,7efc4d340b2bced7a5e4c3e570e154eae4d0649082df62e0bd0938859b2eb67d,41f354b0a745148a107f9ac90ac1ea6b0c74d534e5c7d609bce79e157c83463a,EXACT_MATCH,MOPS_SINGLE_ELIGIBLE_FILING,f02c6188e7f8a3c5817238707cb46e1a28c42898f5dbf542e96c9135ec2f327d
2344,2019-06-30,2019,2,2019-07-26,2019-07-26T17:04:14+08:00,2019-07-26,2019-07-26,2019-07-29,MOPS_EXACT,official_timestamp_second_precision,CONSOLIDATED,201902_2344_AI1.pdf,TWSE_MOPS_T57SB01_OFFICIAL_DOCUMENT_UPLOAD,7efc4d340b2bced7a5e4c3e570e154eae4d0649082df62e0bd0938859b2eb67d,1195d7df65bc9217afc1d3158e51ab73484b35e0d043af75cc45707c03c91f6e,EXACT_MATCH,MOPS_SINGLE_ELIGIBLE_FILING,687c31c857d008fb40ee69a9510db21197a42c4678892678f2bc8bf1993f9039
2344,2019-09-30,2019,3,2019-10-25,2019-10-25T18:14:38+08:00,2019-10-25,2019-10-25,2019-10-28,MOPS_EXACT,official_timestamp_second_precision,CONSOLIDATED,201903_2344_AI1.pdf,TWSE_MOPS_T57SB01_OFFICIAL_DOCUMENT_UPLOAD,7efc4d340b2bced7a5e4c3e570e154eae4d0649082df62e0bd0938859b2eb67d,af8cb51ebe504abe30e167c7af684e8217b310a50d5ac67b03974df577880c5a,EXACT_MATCH,MOPS_SINGLE_ELIGIBLE_FILING,d330867822cfeaff8739c8f2c7b7ab115e548e2338884e4a8fb0db7734983653
2344,2019-12-31,2019,4,2020-02-07,2020-02-07T16:18:01+08:00,2020-02-07,2020-02-07,2020-02-10,MOPS_EXACT,official_timestamp_second_precision,CONSOLIDATED,201904_2344_AI1.pdf,TWSE_MOPS_T57SB01_OFFICIAL_DOCUMENT_UPLOAD,7efc4d340b2bced7a5e4c3e570e154eae4d0649082df62e0bd0938859b2eb67d,93f56e7c4e04be79a7446a5c488945f049c00883bf02caeecd61afc704ca140c,EXACT_MATCH,MOPS_CONSOLIDATED_PREFERRED_OVER_INDIVIDUAL,4a3bfa8ffa61e446b2dada6e16845d75474d7f125491f3957731c939c4397c5f
2344,2020-03-31,2020,1,2020-04-30,2020-04-30T18:33:27+08:00,2020-04-30,2020-04-30,2020-05-04,MOPS_EXACT,official_timestamp_second_precision,CONSOLIDATED,202001_2344_AI1.pdf,TWSE_MOPS_T57SB01_OFFICIAL_DOCUMENT_UPLOAD,7efc4d340b2bced7a5e4c3e570e154eae4d0649082df62e0bd0938859b2eb67d,fb50c2463e268e25d140c4e9b115fc81723f41118a7ad6592168b65af68c747d,EXACT_MATCH,MOPS_SINGLE_ELIGIBLE_FILING,5ab19bb3a8fe24015e4fbf9a6375ccfe3321c5e7879d9a979a6a74f940cf3817
2344,2020-06-30,2020,2,2020-07-30,2020-07-30T16:27:18+08:00,2020-07-30,2020-07-30,2020-07-31,MOPS_EXACT,official_timestamp_second_precision,CONSOLIDATED,202002_2344_AI1.pdf,TWSE_MOPS_T57SB01_OFFICIAL_DOCUMENT_UPLOAD,7efc4d340b2bced7a5e4c3e570e154eae4d0649082df62e0bd0938859b2eb67d,0549e4a554a499048d2e54e68a12b3540735cf15252dfe2d111c4e085f54d422,EXACT_MATCH,MOPS_SINGLE_ELIGIBLE_FILING,8276a6d0c2faf66d8d2c71b8f9cd8d86b72cda42ed61909db6d956f9083ccba4
2344,2020-09-30,2020,3,2020-11-12,2020-11-12T18:27:19+08:00,2020-11-12,2020-11-12,2020-11-13,MOPS_EXACT,official_timestamp_second_precision,CONSOLIDATED,202003_2344_AI1.pdf,TWSE_MOPS_T57SB01_OFFICIAL_DOCUMENT_UPLOAD,7efc4d340b2bced7a5e4c3e570e154eae4d0649082df62e0bd0938859b2eb67d,18237ddf522e5b4370c67ed64487bafd3b87dfa7cb4bc41adffc60f48355af09,EXACT_MATCH,MOPS_SINGLE_ELIGIBLE_FILING,48d982b3de16ba850a30fcfcfcb462773b7c66bd7137c7f51ab3a0410630e274
2344,2020-12-31,2020,4,2021-02-19,2021-02-19T16:47:59+08:00,2021-02-19,2021-02-19,2021-02-22,MOPS_EXACT,official_timestamp_second_precision,CONSOLIDATED,202004_2344_AI1.pdf,TWSE_MOPS_T57SB01_OFFICIAL_DOCUMENT_UPLOAD,7efc4d340b2bced7a5e4c3e570e154eae4d0649082df62e0bd0938859b2eb67d,16a1eed76354911a0dff516fea06dd937cebc4a4b0edbdb9d535858bc01c6330,EXACT_MATCH,MOPS_CONSOLIDATED_PREFERRED_OVER_INDIVIDUAL,6a3e87daf129249b051ddc84498918ce5080bb3b88a2d82aacc91c23e0dc2b10
2344,2021-03-31,2021,1,2021-05-06,2021-05-06T18:12:40+08:00,2021-05-06,2021-05-06,2021-05-07,MOPS_EXACT,official_timestamp_second_precision,CONSOLIDATED,202101_2344_AI1.pdf,TWSE_MOPS_T57SB01_OFFICIAL_DOCUMENT_UPLOAD,7efc4d340b2bced7a5e4c3e570e154eae4d0649082df62e0bd0938859b2eb67d,d5915a0c1350f195109ab6ccc919e8f192db2aa684b3df4d2117cbbc80b05e75,EXACT_MATCH,MOPS_SINGLE_ELIGIBLE_FILING,920f16cc1b1b0abf575a8f984570bea334f14527e1d98b8f791b291d373d6c64
2344,2021-06-30,2021,2,2021-08-05,2021-08-05T14:27:41+08:00,2021-08-05,2021-08-05,2021-08-06,MOPS_EXACT,official_timestamp_second_precision,CONSOLIDATED,202102_2344_AI1.pdf,TWSE_MOPS_T57SB01_OFFICIAL_DOCUMENT_UPLOAD,7efc4d340b2bced7a5e4c3e570e154eae4d0649082df62e0bd0938859b2eb67d,68cfb73999b59212945df492b8a4a544055d8159c6f8d8610e95dd8cd01e192d,EXACT_MATCH,MOPS_SINGLE_ELIGIBLE_FILING,83188324dc6bf30f2f21eda22e1af918a409f4a6ec28097a4efef6cb6cc13411
2344,2021-09-30,2021,3,2021-11-04,2021-11-04T14:22:19+08:00,2021-11-04,2021-11-04,2021-11-05,MOPS_EXACT,official_timestamp_second_precision,CONSOLIDATED,202103_2344_AI1.pdf,TWSE_MOPS_T57SB01_OFFICIAL_DOCUMENT_UPLOAD,7efc4d340b2bced7a5e4c3e570e154eae4d0649082df62e0bd0938859b2eb67d,81da3129a3cd11f573d3c7dd070a8fdaeb7eeee77c4a6ecf4a9dba14e5119f91,EXACT_MATCH,MOPS_SINGLE_ELIGIBLE_FILING,0db236f593f8fbea73e857c7c1918138395c79ea6b1fa533b7e6b8b4995ade1c
2344,2021-12-31,2021,4,2022-02-16,2022-02-16T13:14:08+08:00,2022-02-16,2022-02-16,2022-02-17,MOPS_EXACT,official_timestamp_second_precision,CONSOLIDATED,202104_2344_AI1.pdf,TWSE_MOPS_T57SB01_OFFICIAL_DOCUMENT_UPLOAD,7efc4d340b2bced7a5e4c3e570e154eae4d0649082df62e0bd0938859b2eb67d,f2a1a9ebbe5cde74018c229e209ff3381435189e8f94d9518dcb5cdd33d637d6,EXACT_MATCH,MOPS_CONSOLIDATED_PREFERRED_OVER_INDIVIDUAL,743d68a306f333eff5e2edd4823f231eca8ebf1f7944e4dfc3cb07e8ec016914
2344,2022-03-31,2022,1,2022-05-05,2022-05-05T13:47:39+08:00,2022-05-05,2022-05-05,2022-05-06,MOPS_EXACT,official_timestamp_second_precision,CONSOLIDATED,202201_2344_AI1.pdf,TWSE_MOPS_T57SB01_OFFICIAL_DOCUMENT_UPLOAD,7efc4d340b2bced7a5e4c3e570e154eae4d0649082df62e0bd0938859b2eb67d,8eba25d76b58fcedeba1099137d3945a1d95642583b620f4238527d97576698a,EXACT_MATCH,MOPS_SINGLE_ELIGIBLE_FILING,e7fc5ff29d33cb57d49a1a967918d7bbcec3ed6c77fc55eb016323ccf8895f81
2344,2022-06-30,2022,2,2022-08-04,2022-08-04T17:27:03+08:00,2022-08-04,2022-08-04,2022-08-05,MOPS_EXACT,official_timestamp_second_precision,CONSOLIDATED,202202_2344_AI1.pdf,TWSE_MOPS_T57SB01_OFFICIAL_DOCUMENT_UPLOAD,7efc4d340b2bced7a5e4c3e570e154eae4d0649082df62e0bd0938859b2eb67d,9088c0af02f61ca2ffed60e09687ae6b286879f7bb6d713f0ed57c597562391d,EXACT_MATCH,MOPS_SINGLE_ELIGIBLE_FILING,e79f90df99ae483db347f595dc47a523f05383083f88ab2360502c2c73024850
2344,2022-09-30,2022,3,2022-11-03,2022-11-03T18:19:08+08:00,2022-11-03,2022-11-03,2022-11-04,MOPS_EXACT,official_timestamp_second_precision,CONSOLIDATED,202203_2344_AI1.pdf,TWSE_MOPS_T57SB01_OFFICIAL_DOCUMENT_UPLOAD,7efc4d340b2bced7a5e4c3e570e154eae4d0649082df62e0bd0938859b2eb67d,7bf621d06d43236d03c10aefdfe07ad7dffd2d683a184999d6852b765953b42f,EXACT_MATCH,MOPS_SINGLE_ELIGIBLE_FILING,d3ca50b6630df1c1233b997c3d1a53c8afdab69c514dc261181729b23fb7496d
2344,2022-12-31,2022,4,2023-02-16,2023-02-16T18:11:42+08:00,2023-02-16,2023-02-16,2023-02-17,MOPS_EXACT,official_timestamp_second_precision,CONSOLIDATED,202204_2344_AI1.pdf,TWSE_MOPS_T57SB01_OFFICIAL_DOCUMENT_UPLOAD,7efc4d340b2bced7a5e4c3e570e154eae4d0649082df62e0bd0938859b2eb67d,c241d4141b1212bc5521e5af9485c4800bc115fdb4944704b634910d4a300aa3,EXACT_MATCH,MOPS_CONSOLIDATED_PREFERRED_OVER_INDIVIDUAL,dcf87bf3236f46e80a211cc4ca2baaf1abc7dee5cb1bef98bbb697854e6c33e1
2344,2023-03-31,2023,1,2023-05-04,2023-05-04T18:03:42+08:00,2023-05-04,2023-05-04,2023-05-05,MOPS_EXACT,official_timestamp_second_precision,CONSOLIDATED,202301_2344_AI1.pdf,TWSE_MOPS_T57SB01_OFFICIAL_DOCUMENT_UPLOAD,7efc4d340b2bced7a5e4c3e570e154eae4d0649082df62e0bd0938859b2eb67d,bd705d21bab96843cc39abe8111a3b2dd94c5ae9099f785dfe3afdc0c7780ebd,EXACT_MATCH,MOPS_SINGLE_ELIGIBLE_FILING,0760011d4234692cd44249c10132a95f491afa22bd30748c26098ea5ec594ebb
2344,2023-06-30,2023,2,2023-08-04,2023-08-04T12:43:42+08:00,2023-08-04,2023-08-04,2023-08-07,MOPS_EXACT,official_timestamp_second_precision,CONSOLIDATED,202302_2344_AI1.pdf,TWSE_MOPS_T57SB01_OFFICIAL_DOCUMENT_UPLOAD,7efc4d340b2bced7a5e4c3e570e154eae4d0649082df62e0bd0938859b2eb67d,b64432af81f654bcde53a15b94732a0b969d6faeb952508d1dfc47c14a65fce0,EXACT_MATCH,MOPS_SINGLE_ELIGIBLE_FILING,5666abacdb565f9770e1e44a1a68579e2c5cf8e6e038844e5f11950042a05941
2344,2023-09-30,2023,3,2023-11-02,2023-11-02T16:01:18+08:00,2023-11-02,2023-11-02,2023-11-03,MOPS_EXACT,official_timestamp_second_precision,CONSOLIDATED,202303_2344_AI1.pdf,TWSE_MOPS_T57SB01_OFFICIAL_DOCUMENT_UPLOAD,7efc4d340b2bced7a5e4c3e570e154eae4d0649082df62e0bd0938859b2eb67d,4badae1f5bad1b685902f4d41d7c500e132352b12e7662dbcbdb7c6bdb4f629c,EXACT_MATCH,MOPS_SINGLE_ELIGIBLE_FILING,547c26930e7721e12b063060c67d9cbe2ad5d6035e5eb4306c387e3c9645bfba
2344,2023-12-31,2023,4,2024-02-06,2024-02-06T17:10:57+08:00,2024-02-06,2024-02-06,2024-02-15,MOPS_EXACT,official_timestamp_second_precision,CONSOLIDATED,202304_2344_AI1.pdf,TWSE_MOPS_T57SB01_OFFICIAL_DOCUMENT_UPLOAD,7efc4d340b2bced7a5e4c3e570e154eae4d0649082df62e0bd0938859b2eb67d,569207c057b2b2ed73b59c625d545b305319e814c53120d90ba52112254d8013,EXACT_MATCH,MOPS_CONSOLIDATED_PREFERRED_OVER_INDIVIDUAL,901e34f9d29b606f3c8439a29b93d5834a2005957c7dde44201bc114717b6500
2344,2024-03-31,2024,1,2024-05-02,2024-05-02T17:10:35+08:00,2024-05-02,2024-05-02,2024-05-03,MOPS_EXACT,official_timestamp_second_precision,CONSOLIDATED,202401_2344_AI1.pdf,TWSE_MOPS_T57SB01_OFFICIAL_DOCUMENT_UPLOAD,7efc4d340b2bced7a5e4c3e570e154eae4d0649082df62e0bd0938859b2eb67d,13ada3a46c50a388b6913cbe29235913f7e90de09f2be52bc0e923358afd824a,EXACT_MATCH,MOPS_SINGLE_ELIGIBLE_FILING,ce349ae74547b9eecff2c11ba0843df6a8fc1b40e85d44d95bf52675cca5b3d4
2344,2024-06-30,2024,2,2024-08-01,2024-08-01T17:06:03+08:00,2024-08-01,2024-08-01,2024-08-02,MOPS_EXACT,official_timestamp_second_precision,CONSOLIDATED,202402_2344_AI1.pdf,TWSE_MOPS_T57SB01_OFFICIAL_DOCUMENT_UPLOAD,7efc4d340b2bced7a5e4c3e570e154eae4d0649082df62e0bd0938859b2eb67d,d0aac186b32d60f3f913ef264763dcafb87a44a52fa1ab37ef1e25d7d34a0c97,EXACT_MATCH,MOPS_SINGLE_ELIGIBLE_FILING,5c1fbe95208502b474508543356b49af3510e4b68bd9df763b6d9085a599089c
2344,2024-09-30,2024,3,2024-11-05,2024-11-05T18:00:57+08:00,2024-11-05,2024-11-05,2024-11-06,MOPS_EXACT,official_timestamp_second_precision,CONSOLIDATED,202403_2344_AI1.pdf,TWSE_MOPS_T57SB01_OFFICIAL_DOCUMENT_UPLOAD,7efc4d340b2bced7a5e4c3e570e154eae4d0649082df62e0bd0938859b2eb67d,845380404548abe97b7479350a63879b0b7ca31b5c10bd4c10d1f086e8a4a021,EXACT_MATCH,MOPS_SINGLE_ELIGIBLE_FILING,33d134c9ef6409d19ce26cf6677919947a448d154a172ea9887a89867694fa25
2344,2024-12-31,2024,4,2025-02-18,2025-02-18T17:25:52+08:00,2025-02-18,2025-02-18,2025-02-19,MOPS_EXACT,official_timestamp_second_precision,CONSOLIDATED,202404_2344_AI1.pdf,TWSE_MOPS_T57SB01_OFFICIAL_DOCUMENT_UPLOAD,7efc4d340b2bced7a5e4c3e570e154eae4d0649082df62e0bd0938859b2eb67d,798b0b71809451c9c2131feaa59a96df6ace82d6e9b0ec57854b6df49077ad71,EXACT_MATCH,MOPS_CONSOLIDATED_PREFERRED_OVER_INDIVIDUAL,d5e2862829e4276c6efcc4bbffdd1ccb37b4ee7dcde323d212f23537920922f1
2344,2025-03-31,2025,1,2025-05-05,2025-05-05T17:13:26+08:00,2025-05-05,2025-05-05,2025-05-06,MOPS_EXACT,official_timestamp_second_precision,CONSOLIDATED,202501_2344_AI1.pdf,TWSE_MOPS_T57SB01_OFFICIAL_DOCUMENT_UPLOAD,7efc4d340b2bced7a5e4c3e570e154eae4d0649082df62e0bd0938859b2eb67d,d1f76129065515b5f589bb13a9fda19bb4e16cc5a26a24c3995e469f7e544bee,EXACT_MATCH,MOPS_SINGLE_ELIGIBLE_FILING,6c3a3a1a36beed7408884d3e0c222621af67b1db5419852de66cfbb718adb702
2344,2025-06-30,2025,2,2025-08-05,2025-08-05T16:57:34+08:00,2025-08-05,2025-08-05,2025-08-06,MOPS_EXACT,official_timestamp_second_precision,CONSOLIDATED,202502_2344_AI1.pdf,TWSE_MOPS_T57SB01_OFFICIAL_DOCUMENT_UPLOAD,7efc4d340b2bced7a5e4c3e570e154eae4d0649082df62e0bd0938859b2eb67d,f758c3901d7b8ab7b7a4d759f6d0395053cf78f50b447adcf83ec043d81cbeaf,EXACT_MATCH,MOPS_SINGLE_ELIGIBLE_FILING,81b41b489cb0fd01e6bfe25f025a0ca1b5085716a61b399640bfa85fc8286729
2344,2025-09-30,2025,3,2025-11-04,2025-11-04T16:27:30+08:00,2025-11-04,2025-11-04,2025-11-05,MOPS_EXACT,official_timestamp_second_precision,CONSOLIDATED,202503_2344_AI1.pdf,TWSE_MOPS_T57SB01_OFFICIAL_DOCUMENT_UPLOAD,7efc4d340b2bced7a5e4c3e570e154eae4d0649082df62e0bd0938859b2eb67d,6fca343859f875b22027545aa6b6df3e0baf46b44e23657f21beea63b4f85a29,EXACT_MATCH,MOPS_SINGLE_ELIGIBLE_FILING,e7f3d5d8ea96de68292d1067172122ec06c01f2d92f8b3b40db5b6e49a3cdda1
2344,2025-12-31,2025,4,2026-02-12,2026-02-12T14:30:12+08:00,2026-02-12,2026-02-12,2026-02-23,MOPS_EXACT,official_timestamp_second_precision,CONSOLIDATED,202504_2344_AI1.pdf,TWSE_MOPS_T57SB01_OFFICIAL_DOCUMENT_UPLOAD,7efc4d340b2bced7a5e4c3e570e154eae4d0649082df62e0bd0938859b2eb67d,ef721f3c4227e7befc785ae742ed010b545fb3519f94edfb69bf5c35935a3803,EXACT_MATCH,MOPS_CONSOLIDATED_PREFERRED_OVER_INDIVIDUAL,0a8ef038c7858d86fe2bb00de61955c78b151fd3542007f26c0d6b6f22f83456
2344,2026-03-31,2026,1,2026-05-05,2026-05-05T15:16:06+08:00,2026-05-05,2026-05-05,2026-05-06,MOPS_EXACT,official_timestamp_second_precision,CONSOLIDATED,202601_2344_AI1.pdf,TWSE_MOPS_T57SB01_OFFICIAL_DOCUMENT_UPLOAD,7efc4d340b2bced7a5e4c3e570e154eae4d0649082df62e0bd0938859b2eb67d,a4813f09cd132ed9ce623769867cc06d082545594ad60607eaf3e5842a8f05b8,EXACT_MATCH,MOPS_SINGLE_ELIGIBLE_FILING,602a3f23f1888dab9d48066669bdd09afd3ed4e02825114dae5d4d70407199d0
2344,2026-06-30,2026,2,2026-08-06,2026-08-06T16:49:01+08:00,2026-08-06,2026-08-06,2026-08-07,MOPS_EXACT,official_timestamp_second_precision,CONSOLIDATED,202602_2344_AI1.pdf,TWSE_MOPS_T57SB01_OFFICIAL_DOCUMENT_UPLOAD,7efc4d340b2bced7a5e4c3e570e154eae4d0649082df62e0bd0938859b2eb67d,648fd85b484d27d9fa2790e78da4b7939088c2fb3eb89c0c2042595974e0975a,EXACT_MATCH,MOPS_SINGLE_ELIGIBLE_FILING,ed162c0ae6d5be272a5137d3758ce123d22198f110f1dafaece442c2289abca3
2345,2016-03-31,2016,1,2016-05-13,2016-05-13T09:35:57+08:00,2016-05-13,2016-05-13,2016-05-16,MOPS_EXACT,official_timestamp_second_precision,CONSOLIDATED,201601_2345_AI1.pdf,TWSE_MOPS_T57SB01_OFFICIAL_DOCUMENT_UPLOAD,643ec129c48a4579762206e370ff2ca8413ee3db9563320840528833f6b25e56,658c9c991948b2f6eed76f6d82835df2424529cbd1c285b95061137ad8899143,EXACT_MATCH,MOPS_SINGLE_ELIGIBLE_FILING,57112f1a1cb580cdc54964657619a0800bec079b3e21ce69c442962a13b15512
2345,2016-06-30,2016,2,2016-08-11,2016-08-11T14:48:08+08:00,2016-08-11,2016-08-11,2016-08-12,MOPS_EXACT,official_timestamp_second_precision,CONSOLIDATED,201602_2345_AI1.pdf,TWSE_MOPS_T57SB01_OFFICIAL_DOCUMENT_UPLOAD,643ec129c48a4579762206e370ff2ca8413ee3db9563320840528833f6b25e56,517c102dae0e5be1fa5a641d4cef96ae09216f80d1077be3b99aa85d8d13782a,EXACT_MATCH,MOPS_SINGLE_ELIGIBLE_FILING,1a20cb228d8a36dfbe019402388052f6adb5785b3e267a675edd2f5a0d9ab17f
2345,2016-09-30,2016,3,2016-11-11,2016-11-11T14:37:55+08:00,2016-11-11,2016-11-11,2016-11-14,MOPS_EXACT,official_timestamp_second_precision,CONSOLIDATED,201603_2345_AI1.pdf,TWSE_MOPS_T57SB01_OFFICIAL_DOCUMENT_UPLOAD,643ec129c48a4579762206e370ff2ca8413ee3db9563320840528833f6b25e56,cf1d756d3e3011b529105e5a84aadb1d55c611d2859b4c021b710331d432bf6d,EXACT_MATCH,MOPS_SINGLE_ELIGIBLE_FILING,b1923d43a0d3aa3c78711fa25ad555e94cbb0fd39f3abb95e035c0129f662bb5
2345,2016-12-31,2016,4,2017-03-30,2017-03-30T18:01:48+08:00,2017-03-30,2017-03-30,2017-03-31,MOPS_EXACT,official_timestamp_second_precision,CONSOLIDATED,201604_2345_AI1.pdf,TWSE_MOPS_T57SB01_OFFICIAL_DOCUMENT_UPLOAD,643ec129c48a4579762206e370ff2ca8413ee3db9563320840528833f6b25e56,dff9f412519bd48ec2d5652d49defb67670d74f0fe506d6b94f3d1059c4fdc2c,EXACT_MATCH,MOPS_CONSOLIDATED_PREFERRED_OVER_INDIVIDUAL,fa0f4abf0f6f0bcefd6c61eee881af414b02b4f884e0e9d99757e89e338c41d5
2345,2017-03-31,2017,1,2017-05-11,2017-05-11T18:19:03+08:00,2017-05-11,2017-05-11,2017-05-12,MOPS_EXACT,official_timestamp_second_precision,CONSOLIDATED,201701_2345_AI1.pdf,TWSE_MOPS_T57SB01_OFFICIAL_DOCUMENT_UPLOAD,643ec129c48a4579762206e370ff2ca8413ee3db9563320840528833f6b25e56,d26eafe0aa1a3c25caab0e835403ec35f0ab800ccbfdeacc302fb04eb8bf92d3,EXACT_MATCH,MOPS_SINGLE_ELIGIBLE_FILING,31c6d23fbaee9a35fdef624192a554109015e13a41b570a76cad1039711d11fe
2345,2017-06-30,2017,2,2017-08-14,2017-08-14T10:02:43+08:00,2017-08-14,2017-08-14,2017-08-15,MOPS_EXACT,official_timestamp_second_precision,CONSOLIDATED,201702_2345_AI1.pdf,TWSE_MOPS_T57SB01_OFFICIAL_DOCUMENT_UPLOAD,643ec129c48a4579762206e370ff2ca8413ee3db9563320840528833f6b25e56,6970d22433dbe18841b05e2ec00befb2011edcd500baf29baf5c2ba69f954902,EXACT_MATCH,MOPS_SINGLE_ELIGIBLE_FILING,26782684cc453ee0ede186a6619e6749e9f70793191b96e6d8f1688056160497
2345,2017-09-30,2017,3,2017-11-13,2017-11-13T17:25:09+08:00,2017-11-13,2017-11-13,2017-11-14,MOPS_EXACT,official_timestamp_second_precision,CONSOLIDATED,201703_2345_AI1.pdf,TWSE_MOPS_T57SB01_OFFICIAL_DOCUMENT_UPLOAD,643ec129c48a4579762206e370ff2ca8413ee3db9563320840528833f6b25e56,87058da5f46c95a20ab59e101660061d05542d46d0a2a4fd5126495ac299a3de,EXACT_MATCH,MOPS_SINGLE_ELIGIBLE_FILING,87cc665a972ab2950500e08edf8604bb88579f6e26bf1e159e7f45943ad77e1f
2345,2017-12-31,2017,4,2018-03-30,2018-03-30T12:18:15+08:00,2018-03-30,2018-03-30,2018-03-31,MOPS_EXACT,official_timestamp_second_precision,CONSOLIDATED,201704_2345_AI1.pdf,TWSE_MOPS_T57SB01_OFFICIAL_DOCUMENT_UPLOAD,643ec129c48a4579762206e370ff2ca8413ee3db9563320840528833f6b25e56,da4b92661e91d4429bbee1b7c3e9d43614212fb06f1cd23db3e4c39d2580fbb5,EXACT_MATCH,MOPS_CONSOLIDATED_PREFERRED_OVER_INDIVIDUAL,767bce6044d6f172aa2bb54cd3276f00f64d9a70a1158e6f9c5694b399c075a4
2345,2018-03-31,2018,1,2018-05-15,2018-05-15T09:48:36+08:00,2018-05-15,2018-05-15,2018-05-16,MOPS_EXACT,official_timestamp_second_precision,CONSOLIDATED,201801_2345_AI1.pdf,TWSE_MOPS_T57SB01_OFFICIAL_DOCUMENT_UPLOAD,643ec129c48a4579762206e370ff2ca8413ee3db9563320840528833f6b25e56,3d7fed5f419fb874516877b5480ba7b57b53f854ce8a9c903f6a0c88a7ff3b47,EXACT_MATCH,MOPS_SINGLE_ELIGIBLE_FILING,db1d84d74ba70fb829519016b9a07738631ec81429924cfc9f8438381b955ed8
2345,2018-06-30,2018,2,2018-08-14,2018-08-14T10:02:30+08:00,2018-08-14,2018-08-14,2018-08-15,MOPS_EXACT,official_timestamp_second_precision,CONSOLIDATED,201802_2345_AI1.pdf,TWSE_MOPS_T57SB01_OFFICIAL_DOCUMENT_UPLOAD,643ec129c48a4579762206e370ff2ca8413ee3db9563320840528833f6b25e56,09e7587ca6c3d4bd8befe2532e52444ecfc9bcc7dd5593f2895acd049c38bc6a,EXACT_MATCH,MOPS_SINGLE_ELIGIBLE_FILING,83b826dc268c62723b4b479f82aeb413175b9e1be5d8f32bc1271603498c3cf1
2345,2018-09-30,2018,3,2018-11-13,2018-11-13T10:46:47+08:00,2018-11-13,2018-11-13,2018-11-14,MOPS_EXACT,official_timestamp_second_precision,CONSOLIDATED,201803_2345_AI1.pdf,TWSE_MOPS_T57SB01_OFFICIAL_DOCUMENT_UPLOAD,643ec129c48a4579762206e370ff2ca8413ee3db9563320840528833f6b25e56,d1713a7bd6919366984a9a5ca1a860c484671ecc9b8378c7f06c935ea0310303,EXACT_MATCH,MOPS_SINGLE_ELIGIBLE_FILING,a527ba511f82d5d08de5ede71c590ca9bc0173dd4009bd1a3820522fcc9717ed
2345,2018-12-31,2018,4,2019-03-28,2019-03-28T10:11:57+08:00,2019-03-28,2019-03-28,2019-03-29,MOPS_EXACT,official_timestamp_second_precision,CONSOLIDATED,201804_2345_AI1.pdf,TWSE_MOPS_T57SB01_OFFICIAL_DOCUMENT_UPLOAD,643ec129c48a4579762206e370ff2ca8413ee3db9563320840528833f6b25e56,4f84feb657889b9e9d80e678a933f43d9c5fa24247dfdd148a1ea587f7eaea7a,EXACT_MATCH,MOPS_CONSOLIDATED_PREFERRED_OVER_INDIVIDUAL,7aa195f19a8084807c05f2f1d53e05f2ef656f363bb3fd6da71149b2e50d9c50
2345,2019-03-31,2019,1,2019-05-14,2019-05-14T11:24:19+08:00,2019-05-14,2019-05-14,2019-05-15,MOPS_EXACT,official_timestamp_second_precision,CONSOLIDATED,201901_2345_AI1.pdf,TWSE_MOPS_T57SB01_OFFICIAL_DOCUMENT_UPLOAD,643ec129c48a4579762206e370ff2ca8413ee3db9563320840528833f6b25e56,2c1c172de0c857795ed7d6d8cdb3d7eeae07f5c5ea52a6e27222b1ac1d6e0edf,EXACT_MATCH,MOPS_SINGLE_ELIGIBLE_FILING,4b5b13c3c79d6a72827844cc920fa4e02598f458636f76d69fd6fa428198bd7b
2345,2019-06-30,2019,2,2019-08-08,2019-08-08T16:14:16+08:00,2019-08-08,2019-08-08,2019-08-12,MOPS_EXACT,official_timestamp_second_precision,CONSOLIDATED,201902_2345_AI1.pdf,TWSE_MOPS_T57SB01_OFFICIAL_DOCUMENT_UPLOAD,643ec129c48a4579762206e370ff2ca8413ee3db9563320840528833f6b25e56,f04027888c74c03162ee8892126188af3e40191ab5d4bc874280514d813064d6,EXACT_MATCH,MOPS_SINGLE_ELIGIBLE_FILING,0b3d7192320a7ce00c37e6955697aca4a60bbed53a4a70594a5e994c2d090792
2345,2019-09-30,2019,3,2019-11-12,2019-11-12T16:02:57+08:00,2019-11-12,2019-11-12,2019-11-13,MOPS_EXACT,official_timestamp_second_precision,CONSOLIDATED,201903_2345_AI1.pdf,TWSE_MOPS_T57SB01_OFFICIAL_DOCUMENT_UPLOAD,643ec129c48a4579762206e370ff2ca8413ee3db9563320840528833f6b25e56,3d39a239e633059ffd5d91cf0b1aa31ffd00c796870913e7ee790a5a2cc5f2d9,EXACT_MATCH,MOPS_SINGLE_ELIGIBLE_FILING,488c866828daa477ab5a1755d6e776fc443a79f4168a0566d4aaf1dbb28d74e4
2345,2019-12-31,2019,4,2020-03-19,2020-03-19T16:30:45+08:00,2020-03-19,2020-03-19,2020-03-20,MOPS_EXACT,official_timestamp_second_precision,CONSOLIDATED,201904_2345_AI1.pdf,TWSE_MOPS_T57SB01_OFFICIAL_DOCUMENT_UPLOAD,643ec129c48a4579762206e370ff2ca8413ee3db9563320840528833f6b25e56,292702a1141724ac07355967e82125468c88efa421ca44f04ca649290c0ce8cd,EXACT_MATCH,MOPS_CONSOLIDATED_PREFERRED_OVER_INDIVIDUAL,7a835b744b9490cc5591dc5a037fd4f9f5b82ca061cb75c9b9b5b2479f31eea6
2345,2020-03-31,2020,1,2020-05-13,2020-05-13T18:08:31+08:00,2020-05-13,2020-05-13,2020-05-14,MOPS_EXACT,official_timestamp_second_precision,CONSOLIDATED,202001_2345_AI1.pdf,TWSE_MOPS_T57SB01_OFFICIAL_DOCUMENT_UPLOAD,643ec129c48a4579762206e370ff2ca8413ee3db9563320840528833f6b25e56,1e7e379149adb936cf95681f4582b4826264cfdd7562ac567ea9fc3286ced3ef,EXACT_MATCH,MOPS_SINGLE_ELIGIBLE_FILING,122673a82a1c2c46d25ca2504ed92bae310cf5c241b0c6ca24bc545c8047da51
2345,2020-06-30,2020,2,2020-08-13,2020-08-13T13:12:54+08:00,2020-08-13,2020-08-13,2020-08-14,MOPS_EXACT,official_timestamp_second_precision,CONSOLIDATED,202002_2345_AI1.pdf,TWSE_MOPS_T57SB01_OFFICIAL_DOCUMENT_UPLOAD,643ec129c48a4579762206e370ff2ca8413ee3db9563320840528833f6b25e56,ec5b19df5ba9d53809ff2083d37244a980cae4908e47de2c07b59a9fcc7ce9cf,EXACT_MATCH,MOPS_SINGLE_ELIGIBLE_FILING,e77faadfd114ae9bad086f507a0ee5a5dc25bcaefd91ca6e64e87ea1c697bae8
2345,2020-09-30,2020,3,2020-11-13,2020-11-13T09:50:45+08:00,2020-11-13,2020-11-13,2020-11-16,MOPS_EXACT,official_timestamp_second_precision,CONSOLIDATED,202003_2345_AI1.pdf,TWSE_MOPS_T57SB01_OFFICIAL_DOCUMENT_UPLOAD,643ec129c48a4579762206e370ff2ca8413ee3db9563320840528833f6b25e56,a439dee5746f1cf5afcd49fb01a12b6625322a3841897f6385c524b03a3cea5c,EXACT_MATCH,MOPS_SINGLE_ELIGIBLE_FILING,dfd2ec6917a3d88f40f49b23ed3d863c8d5d17689822b4ee1713c0160c538fdd
2345,2020-12-31,2020,4,2021-03-25,2021-03-25T18:11:27+08:00,2021-03-25,2021-03-25,2021-03-26,MOPS_EXACT,official_timestamp_second_precision,CONSOLIDATED,202004_2345_AI1.pdf,TWSE_MOPS_T57SB01_OFFICIAL_DOCUMENT_UPLOAD,643ec129c48a4579762206e370ff2ca8413ee3db9563320840528833f6b25e56,e325e8a0a5c15a4e038c78c3dd504688f70a28e8ae84422243093c580eee349b,EXACT_MATCH,MOPS_CONSOLIDATED_PREFERRED_OVER_INDIVIDUAL,159808bd8abb583306c8efdbd08584d131fc18a2acb3e23c61f0719ef4efe34f
2345,2021-03-31,2021,1,2021-05-14,2021-05-14T14:17:32+08:00,2021-05-14,2021-05-14,2021-05-17,MOPS_EXACT,official_timestamp_second_precision,CONSOLIDATED,202101_2345_AI1.pdf,TWSE_MOPS_T57SB01_OFFICIAL_DOCUMENT_UPLOAD,643ec129c48a4579762206e370ff2ca8413ee3db9563320840528833f6b25e56,444b9fe95c1eda6a51281ec4ac732ff28d331c697553017c06d1f03516a0c61b,EXACT_MATCH,MOPS_SINGLE_ELIGIBLE_FILING,56ad3c45082659e824ca7ccab0399abcdbe2767f6ec65caf54f72d196f3f224a
2345,2021-06-30,2021,2,2021-08-12,2021-08-12T17:52:39+08:00,2021-08-12,2021-08-12,2021-08-13,MOPS_EXACT,official_timestamp_second_precision,CONSOLIDATED,202102_2345_AI1.pdf,TWSE_MOPS_T57SB01_OFFICIAL_DOCUMENT_UPLOAD,643ec129c48a4579762206e370ff2ca8413ee3db9563320840528833f6b25e56,082b97965396e8ab587f07c9c2ab1eaad114cc874807659de5d4813e2ee1141d,EXACT_MATCH,MOPS_SINGLE_ELIGIBLE_FILING,ce13d5458d8274665649bd1ef79feb07758d51157994c1e9a6646341b43b353b
2345,2021-09-30,2021,3,2021-11-11,2021-11-11T16:59:36+08:00,2021-11-11,2021-11-11,2021-11-12,MOPS_EXACT,official_timestamp_second_precision,CONSOLIDATED,202103_2345_AI1.pdf,TWSE_MOPS_T57SB01_OFFICIAL_DOCUMENT_UPLOAD,643ec129c48a4579762206e370ff2ca8413ee3db9563320840528833f6b25e56,6937a2484d0c5344b6eff06d7b5b81c40594b72a7615b978db82b87a10fcba25,EXACT_MATCH,MOPS_SINGLE_ELIGIBLE_FILING,d93d406dc4cf321f2fb61329cef65a7d2db627f34d3fac2b1c8c519c7dc5eaff
2345,2021-12-31,2021,4,2022-03-24,2022-03-24T18:57:05+08:00,2022-03-24,2022-03-24,2022-03-25,MOPS_EXACT,official_timestamp_second_precision,CONSOLIDATED,202104_2345_AI1.pdf,TWSE_MOPS_T57SB01_OFFICIAL_DOCUMENT_UPLOAD,643ec129c48a4579762206e370ff2ca8413ee3db9563320840528833f6b25e56,c6965769ef8e5783dbdd01ecf63d3841778e4408f5d680f353e7da63c1b295fc,EXACT_MATCH,MOPS_CONSOLIDATED_PREFERRED_OVER_INDIVIDUAL,34cdddf754abb22ff771e51e43bcca2d5fcf823aaaee96b7f04bacb100804bd0
2345,2022-03-31,2022,1,2022-05-12,2022-05-12T17:48:51+08:00,2022-05-12,2022-05-12,2022-05-13,MOPS_EXACT,official_timestamp_second_precision,CONSOLIDATED,202201_2345_AI1.pdf,TWSE_MOPS_T57SB01_OFFICIAL_DOCUMENT_UPLOAD,643ec129c48a4579762206e370ff2ca8413ee3db9563320840528833f6b25e56,f5efb96961fddbed1a67ebecba2721a3f1170561f8c181c3bdc2a78380e9b62c,EXACT_MATCH,MOPS_SINGLE_ELIGIBLE_FILING,30a584a32f3aa59dc85ca5df1b721fe382e1840a099fb79550fa7c9717420b3f
2345,2022-06-30,2022,2,2022-08-11,2022-08-11T18:11:02+08:00,2022-08-11,2022-08-11,2022-08-12,MOPS_EXACT,official_timestamp_second_precision,CONSOLIDATED,202202_2345_AI1.pdf,TWSE_MOPS_T57SB01_OFFICIAL_DOCUMENT_UPLOAD,643ec129c48a4579762206e370ff2ca8413ee3db9563320840528833f6b25e56,61a113109a36fd343de895f6a9771fa7ba76113642f47875479ac077b6377d53,EXACT_MATCH,MOPS_SINGLE_ELIGIBLE_FILING,a9cc1eb4aaa7b215444bb13768e3c6dc59bb907cb7220dfbade4ad24a9a3623d
2345,2022-09-30,2022,3,2022-11-11,2022-11-11T14:23:10+08:00,2022-11-11,2022-11-11,2022-11-14,MOPS_EXACT,official_timestamp_second_precision,CONSOLIDATED,202203_2345_AI1.pdf,TWSE_MOPS_T57SB01_OFFICIAL_DOCUMENT_UPLOAD,643ec129c48a4579762206e370ff2ca8413ee3db9563320840528833f6b25e56,37586b84892dacaf220b92bb279b2604859ea6a11f8e7934efc51d2ce037a139,EXACT_MATCH,MOPS_SINGLE_ELIGIBLE_FILING,73c006cf1b29b2970b063f6c8c2c4c91a38d2d295a1841d3dd254ed7008250da
2345,2022-12-31,2022,4,2023-03-14,2023-03-14T11:13:15+08:00,2023-03-14,2023-03-14,2023-03-15,MOPS_EXACT,official_timestamp_second_precision,CONSOLIDATED,202204_2345_AI1.pdf,TWSE_MOPS_T57SB01_OFFICIAL_DOCUMENT_UPLOAD,643ec129c48a4579762206e370ff2ca8413ee3db9563320840528833f6b25e56,ec3ff37304fddfcc555ee41ec9181bcebbe7c9c3253745994d84bfaae008795b,EXACT_MATCH,MOPS_CONSOLIDATED_PREFERRED_OVER_INDIVIDUAL,bc99a2e3ab677a51a57b0b8cb6ac0abcd990ac3821188b5895a7f3a87b604c4b
2345,2023-03-31,2023,1,2023-05-11,2023-05-11T17:58:10+08:00,2023-05-11,2023-05-11,2023-05-12,MOPS_EXACT,official_timestamp_second_precision,CONSOLIDATED,202301_2345_AI1.pdf,TWSE_MOPS_T57SB01_OFFICIAL_DOCUMENT_UPLOAD,643ec129c48a4579762206e370ff2ca8413ee3db9563320840528833f6b25e56,a3ddb551a38d05957084144d898fda439370f14122048b4cae9cabefd38ecbf4,EXACT_MATCH,MOPS_SINGLE_ELIGIBLE_FILING,639b8212e1c0eca602faf39247d029b42690145e12fe925b00d4d38a031f70c7
2345,2023-06-30,2023,2,2023-08-10,2023-08-10T17:09:22+08:00,2023-08-10,2023-08-10,2023-08-11,MOPS_EXACT,official_timestamp_second_precision,CONSOLIDATED,202302_2345_AI1.pdf,TWSE_MOPS_T57SB01_OFFICIAL_DOCUMENT_UPLOAD,643ec129c48a4579762206e370ff2ca8413ee3db9563320840528833f6b25e56,4629bfd128e5fc8f000cc50c8be813e2871c002ad4488adfb48eea6fb76ec261,EXACT_MATCH,MOPS_SINGLE_ELIGIBLE_FILING,88a6c9e752b155f40fe0ee70843fcea475ac94ac9fe6f820d7f2b61263cc40dc
2345,2023-09-30,2023,3,2023-11-09,2023-11-09T16:48:27+08:00,2023-11-09,2023-11-09,2023-11-10,MOPS_EXACT,official_timestamp_second_precision,CONSOLIDATED,202303_2345_AI1.pdf,TWSE_MOPS_T57SB01_OFFICIAL_DOCUMENT_UPLOAD,643ec129c48a4579762206e370ff2ca8413ee3db9563320840528833f6b25e56,09d70bf00ca89a45fcf572c1fbed86cb43bd03346cd5ea2101d476686b53c1da,EXACT_MATCH,MOPS_SINGLE_ELIGIBLE_FILING,9b68700a3db62cd5c2dd8d3528c7eb41960164bbc39cf9f6351e294c57223b3f
2345,2023-12-31,2023,4,2024-03-08,2024-03-08T16:06:05+08:00,2024-03-08,2024-03-08,2024-03-11,MOPS_EXACT,official_timestamp_second_precision,CONSOLIDATED,202304_2345_AI1.pdf,TWSE_MOPS_T57SB01_OFFICIAL_DOCUMENT_UPLOAD,643ec129c48a4579762206e370ff2ca8413ee3db9563320840528833f6b25e56,bf30fa909ca5030073b8fbb61eaea6480f2bde18c2198fc1c0f36411385f1157,EXACT_MATCH,MOPS_CONSOLIDATED_PREFERRED_OVER_INDIVIDUAL,039798a19c9769c2a2ce408034eb94f7d9ce9b2e9db1111b95cdada0354c0fa6
2345,2024-03-31,2024,1,2024-05-09,2024-05-09T17:23:44+08:00,2024-05-09,2024-05-09,2024-05-10,MOPS_EXACT,official_timestamp_second_precision,CONSOLIDATED,202401_2345_AI1.pdf,TWSE_MOPS_T57SB01_OFFICIAL_DOCUMENT_UPLOAD,643ec129c48a4579762206e370ff2ca8413ee3db9563320840528833f6b25e56,431e1d6d83b5832e8da3494ff69027efcf10ed9ccbcb90d904eeff3726fc15dc,EXACT_MATCH,MOPS_SINGLE_ELIGIBLE_FILING,48ac5324598f94f9adeaea415cf8ce1f943b2fcfa0febbbf6ce3cff66d88a46a
2345,2024-06-30,2024,2,2024-08-08,2024-08-08T16:32:33+08:00,2024-08-08,2024-08-08,2024-08-09,MOPS_EXACT,official_timestamp_second_precision,CONSOLIDATED,202402_2345_AI1.pdf,TWSE_MOPS_T57SB01_OFFICIAL_DOCUMENT_UPLOAD,643ec129c48a4579762206e370ff2ca8413ee3db9563320840528833f6b25e56,d0c0f7679e91f1b81061331cd8858fa161da388e5ce6fdd762549bc1cd89e99b,EXACT_MATCH,MOPS_SINGLE_ELIGIBLE_FILING,c111d55e0fba0736b23fff91d158ee62bd6d3ba129ca4f8df13a50050ed9ad38
2345,2024-09-30,2024,3,2024-11-08,2024-11-08T11:14:11+08:00,2024-11-08,2024-11-08,2024-11-11,MOPS_EXACT,official_timestamp_second_precision,CONSOLIDATED,202403_2345_AI1.pdf,TWSE_MOPS_T57SB01_OFFICIAL_DOCUMENT_UPLOAD,643ec129c48a4579762206e370ff2ca8413ee3db9563320840528833f6b25e56,6e5aaa5b093efae99459b43f4cb1027a455691093a8b3374682556ad60fdffde,EXACT_MATCH,MOPS_SINGLE_ELIGIBLE_FILING,e294cef7c42d019e2537c15a4240310dcef6d9aa1213f5ddec2d97239f43935e
2345,2024-12-31,2024,4,2025-03-14,2025-03-14T15:01:43+08:00,2025-03-14,2025-03-14,2025-03-17,MOPS_EXACT,official_timestamp_second_precision,CONSOLIDATED,202404_2345_AI1.pdf,TWSE_MOPS_T57SB01_OFFICIAL_DOCUMENT_UPLOAD,643ec129c48a4579762206e370ff2ca8413ee3db9563320840528833f6b25e56,b19940ce33d0bdc622299ef2d213f2097056b3949d20f1ffb43cbf694cf46a9a,EXACT_MATCH,MOPS_CONSOLIDATED_PREFERRED_OVER_INDIVIDUAL,97194f34b96d80c96d270d6507bee9a903d57c20480341a66a686bd3e31dfe90
2345,2025-03-31,2025,1,2025-05-08,2025-05-08T16:53:39+08:00,2025-05-08,2025-05-08,2025-05-09,MOPS_EXACT,official_timestamp_second_precision,CONSOLIDATED,202501_2345_AI1.pdf,TWSE_MOPS_T57SB01_OFFICIAL_DOCUMENT_UPLOAD,643ec129c48a4579762206e370ff2ca8413ee3db9563320840528833f6b25e56,070b1add446458368f117be0a4fa6a3a85b8d54a37327796320f88655defaa89,EXACT_MATCH,MOPS_SINGLE_ELIGIBLE_FILING,ad94224e4627f73c5de50b441b27f8d9a7439104c73b8d7f553e5bc2a5b7f8fb
2345,2025-06-30,2025,2,2025-08-07,2025-08-07T16:03:42+08:00,2025-08-07,2025-08-07,2025-08-08,MOPS_EXACT,official_timestamp_second_precision,CONSOLIDATED,202502_2345_AI1.pdf,TWSE_MOPS_T57SB01_OFFICIAL_DOCUMENT_UPLOAD,643ec129c48a4579762206e370ff2ca8413ee3db9563320840528833f6b25e56,ec0d72cc44410aafcdf8b950dc9e66e0d4bc85d9aa13bcdc138421f343fcc82d,EXACT_MATCH,MOPS_SINGLE_ELIGIBLE_FILING,670fb2d0bec1f9a8f0229b4b6f256a39f304bccad33976c830766eed9b951a6c
2345,2025-09-30,2025,3,2025-11-07,2025-11-07T14:07:01+08:00,2025-11-07,2025-11-07,2025-11-10,MOPS_EXACT,official_timestamp_second_precision,CONSOLIDATED,202503_2345_AI1.pdf,TWSE_MOPS_T57SB01_OFFICIAL_DOCUMENT_UPLOAD,643ec129c48a4579762206e370ff2ca8413ee3db9563320840528833f6b25e56,af6d3c473afb37da4448c613c4d01bc1d2c78f5c3ef05f5c02324006ad36dbda,EXACT_MATCH,MOPS_SINGLE_ELIGIBLE_FILING,a2cf2408513840791616337b0d5403dd994dc5ec4c1ba4b5db38c86626ccbcc6
2345,2025-12-31,2025,4,2026-03-13,2026-03-13T14:53:45+08:00,2026-03-13,2026-03-13,2026-03-16,MOPS_EXACT,official_timestamp_second_precision,CONSOLIDATED,202504_2345_AI1.pdf,TWSE_MOPS_T57SB01_OFFICIAL_DOCUMENT_UPLOAD,643ec129c48a4579762206e370ff2ca8413ee3db9563320840528833f6b25e56,9f06f3cb052528a467cf40586e21a5efc94559c538719ad439faebb92e22f19a,EXACT_MATCH,MOPS_CONSOLIDATED_PREFERRED_OVER_INDIVIDUAL,5e4db3d68128861052568770d604231e17f03209635a9270070620ae92bd9f54
2345,2026-03-31,2026,1,2026-05-08,2026-05-08T15:07:31+08:00,2026-05-08,2026-05-08,2026-05-11,MOPS_EXACT,official_timestamp_second_precision,CONSOLIDATED,202601_2345_AI1.pdf,TWSE_MOPS_T57SB01_OFFICIAL_DOCUMENT_UPLOAD,643ec129c48a4579762206e370ff2ca8413ee3db9563320840528833f6b25e56,cb5caaf4471caceda5db4ada9dd1081bdf8d8f8851dfe067e3fa34d6ba1ff1ef,EXACT_MATCH,MOPS_SINGLE_ELIGIBLE_FILING,9b2913d0cc078b73044112518498875d09b2e5364f1047a5aad693eb6610a872
2345,2026-06-30,2026,2,2026-08-07,2026-08-07T15:30:45+08:00,2026-08-07,2026-08-07,2026-08-10,MOPS_EXACT,official_timestamp_second_precision,CONSOLIDATED,202602_2345_AI1.pdf,TWSE_MOPS_T57SB01_OFFICIAL_DOCUMENT_UPLOAD,643ec129c48a4579762206e370ff2ca8413ee3db9563320840528833f6b25e56,a23db3cafcb06e066c505cf2fa2a94dcc7140adc7816eefa4ee64c649914e5f7,EXACT_MATCH,MOPS_SINGLE_ELIGIBLE_FILING,c90cbc2a3583b3617f276ca41414018907b4ef2aa7da556e97ced23a4bfcde7a
2357,2016-03-31,2016,1,2016-05-11,2016-05-11T17:14:25+08:00,2016-05-11,2016-05-11,2016-05-12,MOPS_EXACT,official_timestamp_second_precision,CONSOLIDATED,201601_2357_AI1.pdf,TWSE_MOPS_T57SB01_OFFICIAL_DOCUMENT_UPLOAD,bd6bfaf750efb58d954a78e5e3441c91d044315a105f4a8012e7b244d461d434,9da40a2cab5ac0f6a57ed232b99753b9ce85a38be46c73e6854dd54ebe9195ad,EXACT_MATCH,MOPS_SINGLE_ELIGIBLE_FILING,00812db5406b0a5203d6c68a26b8fd24f68c3f87d25220d78224b5f7761fcbea
2357,2016-06-30,2016,2,2016-08-12,2016-08-12T17:59:16+08:00,2016-08-12,2016-08-12,2016-08-15,MOPS_EXACT,official_timestamp_second_precision,CONSOLIDATED,201602_2357_AI1.pdf,TWSE_MOPS_T57SB01_OFFICIAL_DOCUMENT_UPLOAD,bd6bfaf750efb58d954a78e5e3441c91d044315a105f4a8012e7b244d461d434,44478d4aef27b668cb9e86d72e3251845fd482ee7888ce39cdf5594459daf9b7,EXACT_MATCH,MOPS_SINGLE_ELIGIBLE_FILING,ca8e8cb6e38c8de84b44dbecfced51ceb2831dcf24a061d0b5b29ba08cdde1fa
2357,2016-09-30,2016,3,2016-11-11,2016-11-11T16:45:58+08:00,2016-11-11,2016-11-11,2016-11-14,MOPS_EXACT,official_timestamp_second_precision,CONSOLIDATED,201603_2357_AI1.pdf,TWSE_MOPS_T57SB01_OFFICIAL_DOCUMENT_UPLOAD,bd6bfaf750efb58d954a78e5e3441c91d044315a105f4a8012e7b244d461d434,5639afd9fdd087e62df7598fa2d06cdb4ac065e9c8ecb6898d5a0956ad820ee6,EXACT_MATCH,MOPS_SINGLE_ELIGIBLE_FILING,87a15dc25b7b66bb2eab4c33f56d63c631022fc299356a03e6660e23924149b1
2357,2016-12-31,2016,4,2017-03-17,2017-03-17T20:48:39+08:00,2017-03-17,2017-03-17,2017-03-20,MOPS_EXACT,official_timestamp_second_precision,CONSOLIDATED,201604_2357_AI1.pdf,TWSE_MOPS_T57SB01_OFFICIAL_DOCUMENT_UPLOAD,bd6bfaf750efb58d954a78e5e3441c91d044315a105f4a8012e7b244d461d434,284b244abc60fa236b2e4f01853cb04df11133909482e638d0140b1aad0d7adf,EXACT_MATCH,MOPS_CONSOLIDATED_PREFERRED_OVER_INDIVIDUAL,c7e5d60e3e55f970cc8c9f1ad5e9c68cdef5afc4305b261303fb84ec4b99a8dc
2357,2017-03-31,2017,1,2017-05-11,2017-05-11T17:27:52+08:00,2017-05-11,2017-05-11,2017-05-12,MOPS_EXACT,official_timestamp_second_precision,CONSOLIDATED,201701_2357_AI1.pdf,TWSE_MOPS_T57SB01_OFFICIAL_DOCUMENT_UPLOAD,bd6bfaf750efb58d954a78e5e3441c91d044315a105f4a8012e7b244d461d434,287fe46bf7ee6eb0d9ea775ad824c2b5ca182b03fc00b1429bcf1c14382ac1ad,EXACT_MATCH,MOPS_SINGLE_ELIGIBLE_FILING,44ebe9943f30c10a8cfa86b6ef46f1dea920ead296afbf4a8294903140588d61
2357,2017-06-30,2017,2,2017-08-11,2017-08-11T18:16:23+08:00,2017-08-11,2017-08-11,2017-08-14,MOPS_EXACT,official_timestamp_second_precision,CONSOLIDATED,201702_2357_AI1.pdf,TWSE_MOPS_T57SB01_OFFICIAL_DOCUMENT_UPLOAD,bd6bfaf750efb58d954a78e5e3441c91d044315a105f4a8012e7b244d461d434,ebd773958bafbba5fc44fdf44b4417ded8451a9c15005202d94ebd05227db95e,EXACT_MATCH,MOPS_SINGLE_ELIGIBLE_FILING,3bbfdfc2df43c753bac6b44c1086da70ebdb986ce8d03b28012f5d064f5e5e35
2357,2017-09-30,2017,3,2017-11-10,2017-11-10T16:46:05+08:00,2017-11-10,2017-11-10,2017-11-13,MOPS_EXACT,official_timestamp_second_precision,CONSOLIDATED,201703_2357_AI1.pdf,TWSE_MOPS_T57SB01_OFFICIAL_DOCUMENT_UPLOAD,bd6bfaf750efb58d954a78e5e3441c91d044315a105f4a8012e7b244d461d434,2e909a096c866da1478d00803a8de980c045646f210ba40a0ab4ab53057a42ed,EXACT_MATCH,MOPS_SINGLE_ELIGIBLE_FILING,4160f73aba77907f3b0b3666dfb662e45bfd4714b3b4ff624bf6c19d64149a02
2357,2017-12-31,2017,4,2018-03-16,2018-03-16T20:01:12+08:00,2018-03-16,2018-03-16,2018-03-19,MOPS_EXACT,official_timestamp_second_precision,CONSOLIDATED,201704_2357_AI1.pdf,TWSE_MOPS_T57SB01_OFFICIAL_DOCUMENT_UPLOAD,bd6bfaf750efb58d954a78e5e3441c91d044315a105f4a8012e7b244d461d434,3dcc0680d3c1ae0e0a76fa6a24b84f7339d787f7641438e1ee66e630487da74c,EXACT_MATCH,MOPS_CONSOLIDATED_PREFERRED_OVER_INDIVIDUAL,9eaaa76ec21fd63b7dfa6c50a6dda309f03a974dddf5dcf19e7737b9285c5c67
2357,2018-03-31,2018,1,2018-05-11,2018-05-11T17:50:05+08:00,2018-05-11,2018-05-11,2018-05-14,MOPS_EXACT,official_timestamp_second_precision,CONSOLIDATED,201801_2357_AI1.pdf,TWSE_MOPS_T57SB01_OFFICIAL_DOCUMENT_UPLOAD,bd6bfaf750efb58d954a78e5e3441c91d044315a105f4a8012e7b244d461d434,776722e3bf07d2ce73f6760840ce6ce275737915bc2cafb8a3b0093145e4aa49,EXACT_MATCH,MOPS_SINGLE_ELIGIBLE_FILING,8748060a9c5818d59587848eabd7b5d3940a110ca6d8f746a443172df133335f
2357,2018-06-30,2018,2,2018-08-10,2018-08-10T18:38:32+08:00,2018-08-10,2018-08-10,2018-08-13,MOPS_EXACT,official_timestamp_second_precision,CONSOLIDATED,201802_2357_AI1.pdf,TWSE_MOPS_T57SB01_OFFICIAL_DOCUMENT_UPLOAD,bd6bfaf750efb58d954a78e5e3441c91d044315a105f4a8012e7b244d461d434,5a7efad1d0ac4c37f2039e058d4c74e28579229ed077e58e796058b214a88b28,EXACT_MATCH,MOPS_SINGLE_ELIGIBLE_FILING,6f3d9460d08b019ef695a09964a79fec18ce6b09bde437e76010bd46654130de
2357,2018-09-30,2018,3,2018-11-13,2018-11-13T16:43:19+08:00,2018-11-13,2018-11-13,2018-11-14,MOPS_EXACT,official_timestamp_second_precision,CONSOLIDATED,201803_2357_AI1.pdf,TWSE_MOPS_T57SB01_OFFICIAL_DOCUMENT_UPLOAD,bd6bfaf750efb58d954a78e5e3441c91d044315a105f4a8012e7b244d461d434,70b5858727154838a410f2da0044a9b9cc99f56ab26c576d9ba6d605f2baa62f,EXACT_MATCH,MOPS_SINGLE_ELIGIBLE_FILING,04f01efb760c854dccb23ca39f0c92c8a0ba615a224aa2be792d4a4eb8f5bbe8
2357,2018-12-31,2018,4,2019-03-20,2019-03-20T18:41:49+08:00,2019-03-20,2019-03-20,2019-03-21,MOPS_EXACT,official_timestamp_second_precision,CONSOLIDATED,201804_2357_AI1.pdf,TWSE_MOPS_T57SB01_OFFICIAL_DOCUMENT_UPLOAD,bd6bfaf750efb58d954a78e5e3441c91d044315a105f4a8012e7b244d461d434,24a53828d8305bad8047223cccebdb97d97a8dfbe4ca5e044897f1d05b938192,EXACT_MATCH,MOPS_CONSOLIDATED_PREFERRED_OVER_INDIVIDUAL,1f9586fcdb2a3048d50b52653d1747e17e75122bb8f53fd456edd646d81ecbdf
2357,2019-03-31,2019,1,2019-05-07,2019-05-07T18:42:59+08:00,2019-05-07,2019-05-07,2019-05-08,MOPS_EXACT,official_timestamp_second_precision,CONSOLIDATED,201901_2357_AI1.pdf,TWSE_MOPS_T57SB01_OFFICIAL_DOCUMENT_UPLOAD,bd6bfaf750efb58d954a78e5e3441c91d044315a105f4a8012e7b244d461d434,c251c5e28fed4312916d489f851a9ffe85085f2ef6f0ab967fdde8ee3cd08607,EXACT_MATCH,MOPS_SINGLE_ELIGIBLE_FILING,9979faf955d66d0e667c04c7bf28dc06c845ad7580f579fede3c6d14f9b3a5bb
2357,2019-06-30,2019,2,2019-08-13,2019-08-13T15:54:24+08:00,2019-08-13,2019-08-13,2019-08-14,MOPS_EXACT,official_timestamp_second_precision,CONSOLIDATED,201902_2357_AI1.pdf,TWSE_MOPS_T57SB01_OFFICIAL_DOCUMENT_UPLOAD,bd6bfaf750efb58d954a78e5e3441c91d044315a105f4a8012e7b244d461d434,4bec211a7fc976eba3e74b9c41e261f50cde6a862bcceb70c067e1c023fb8c8b,EXACT_MATCH,MOPS_SINGLE_ELIGIBLE_FILING,aa355d193949e58b76e1986c8d9618dffd62dd3169d4d08839c064d1121aed57
2357,2019-09-30,2019,3,2019-11-13,2019-11-13T17:40:21+08:00,2019-11-13,2019-11-13,2019-11-14,MOPS_EXACT,official_timestamp_second_precision,CONSOLIDATED,201903_2357_AI1.pdf,TWSE_MOPS_T57SB01_OFFICIAL_DOCUMENT_UPLOAD,bd6bfaf750efb58d954a78e5e3441c91d044315a105f4a8012e7b244d461d434,ea367b1c9eb1132123c33e63b5c1061f146e50c1ff9b2b85172c2e1ab56beb2a,EXACT_MATCH,MOPS_SINGLE_ELIGIBLE_FILING,d03504760f79ce8e3b72c3b42c402a23640fde722fdb6a9e2feb81801da889ec
2357,2019-12-31,2019,4,2020-03-18,2020-03-18T18:30:10+08:00,2020-03-18,2020-03-18,2020-03-19,MOPS_EXACT,official_timestamp_second_precision,CONSOLIDATED,201904_2357_AI1.pdf,TWSE_MOPS_T57SB01_OFFICIAL_DOCUMENT_UPLOAD,bd6bfaf750efb58d954a78e5e3441c91d044315a105f4a8012e7b244d461d434,9ef340c38e637a6d8e656f6b1c38b7d2409e91621352805b48fcef53c734f5b3,EXACT_MATCH,MOPS_CONSOLIDATED_PREFERRED_OVER_INDIVIDUAL,c978f371ba9d9b69ec45a192ecbc0cc60aca9ea41dcd5aed72b631f0726411f5
2357,2020-03-31,2020,1,2020-05-13,2020-05-13T17:40:48+08:00,2020-05-13,2020-05-13,2020-05-14,MOPS_EXACT,official_timestamp_second_precision,CONSOLIDATED,202001_2357_AI1.pdf,TWSE_MOPS_T57SB01_OFFICIAL_DOCUMENT_UPLOAD,bd6bfaf750efb58d954a78e5e3441c91d044315a105f4a8012e7b244d461d434,95c4d10abcc61a3bfdf03d9aabc56e2446d5b8eecf205fbd50ed083ab82df20e,EXACT_MATCH,MOPS_SINGLE_ELIGIBLE_FILING,a42ec7c35c50a3092f9fee4a16c732ee52996550b18a88199007e71b7d52bb98
2357,2020-06-30,2020,2,2020-08-12,2020-08-12T17:44:54+08:00,2020-08-12,2020-08-12,2020-08-13,MOPS_EXACT,official_timestamp_second_precision,CONSOLIDATED,202002_2357_AI1.pdf,TWSE_MOPS_T57SB01_OFFICIAL_DOCUMENT_UPLOAD,bd6bfaf750efb58d954a78e5e3441c91d044315a105f4a8012e7b244d461d434,ca259c8369724133fbc2e1e0e5703fc566fb3db6778bd40c9d0432ff231eaee2,EXACT_MATCH,MOPS_SINGLE_ELIGIBLE_FILING,6dccf27ef0b8df3b7af5608aba81211f8450d554fddb5ad54b0e8664366ec6bd
2357,2020-09-30,2020,3,2020-11-11,2020-11-11T18:43:33+08:00,2020-11-11,2020-11-11,2020-11-12,MOPS_EXACT,official_timestamp_second_precision,CONSOLIDATED,202003_2357_AI1.pdf,TWSE_MOPS_T57SB01_OFFICIAL_DOCUMENT_UPLOAD,bd6bfaf750efb58d954a78e5e3441c91d044315a105f4a8012e7b244d461d434,ed573635519a56d0bd649de905aa02dec4c3bc4a3934395b136a221561184c46,EXACT_MATCH,MOPS_SINGLE_ELIGIBLE_FILING,1ee86ce62007084e6415c0710172c790270c924f89c64f4f9261dde830145e81
2357,2020-12-31,2020,4,2021-03-17,2021-03-17T18:11:49+08:00,2021-03-17,2021-03-17,2021-03-18,MOPS_EXACT,official_timestamp_second_precision,CONSOLIDATED,202004_2357_AI1.pdf,TWSE_MOPS_T57SB01_OFFICIAL_DOCUMENT_UPLOAD,bd6bfaf750efb58d954a78e5e3441c91d044315a105f4a8012e7b244d461d434,5fa326fec4cfd98d7497eb3b2a19bbb46637124d44636f9c6d879e1a54011eaf,EXACT_MATCH,MOPS_CONSOLIDATED_PREFERRED_OVER_INDIVIDUAL,4c06704210bd57cb8e1490661363723fe057e3290a1339903ae1bb865fa4ade9
2357,2021-03-31,2021,1,2021-05-12,2021-05-12T17:58:30+08:00,2021-05-12,2021-05-12,2021-05-13,MOPS_EXACT,official_timestamp_second_precision,CONSOLIDATED,202101_2357_AI1.pdf,TWSE_MOPS_T57SB01_OFFICIAL_DOCUMENT_UPLOAD,bd6bfaf750efb58d954a78e5e3441c91d044315a105f4a8012e7b244d461d434,925229d0d11620ca4e39d03d162afca16ccd490179918ed59bb9dc97a7a37254,EXACT_MATCH,MOPS_SINGLE_ELIGIBLE_FILING,fd9baee55d233556814f8573b059e59ae979ee48c3894bcfabc059c11ee15022
2357,2021-06-30,2021,2,2021-08-11,2021-08-11T18:21:11+08:00,2021-08-11,2021-08-11,2021-08-12,MOPS_EXACT,official_timestamp_second_precision,CONSOLIDATED,202102_2357_AI1.pdf,TWSE_MOPS_T57SB01_OFFICIAL_DOCUMENT_UPLOAD,bd6bfaf750efb58d954a78e5e3441c91d044315a105f4a8012e7b244d461d434,5eb7d6d462bc9f5cba86ffb3c201e7b634bc4a475143ad93c048fe3107c7594e,EXACT_MATCH,MOPS_SINGLE_ELIGIBLE_FILING,8052a3bf47fdbdb729b3ffc303d5db36c7aae76451a12a1376d2d4b7304ad7d7
2357,2021-09-30,2021,3,2021-11-10,2021-11-10T17:43:23+08:00,2021-11-10,2021-11-10,2021-11-11,MOPS_EXACT,official_timestamp_second_precision,CONSOLIDATED,202103_2357_AI1.pdf,TWSE_MOPS_T57SB01_OFFICIAL_DOCUMENT_UPLOAD,bd6bfaf750efb58d954a78e5e3441c91d044315a105f4a8012e7b244d461d434,cd386e53ad9f219c7b1a9df7b9468f12580e4b176f817309bc294e637f9a5a25,EXACT_MATCH,MOPS_SINGLE_ELIGIBLE_FILING,e9e0a052ff40b6a5da5c13e9adce536c403183b0c1741c01a409b8d9add4b133
2357,2021-12-31,2021,4,2022-03-16,2022-03-16T18:46:58+08:00,2022-03-16,2022-03-16,2022-03-17,MOPS_EXACT,official_timestamp_second_precision,CONSOLIDATED,202104_2357_AI1.pdf,TWSE_MOPS_T57SB01_OFFICIAL_DOCUMENT_UPLOAD,bd6bfaf750efb58d954a78e5e3441c91d044315a105f4a8012e7b244d461d434,4affb9de9e12b7b44a29f2d515b2e998f53e26728816e83869012e26bdddf772,EXACT_MATCH,MOPS_CONSOLIDATED_PREFERRED_OVER_INDIVIDUAL,8a0db2f4c91def0e94f7686e7c92e0edb1fa07613ba772715b56b4e9b27b207f
2357,2022-03-31,2022,1,2022-05-11,2022-05-11T17:33:44+08:00,2022-05-11,2022-05-11,2022-05-12,MOPS_EXACT,official_timestamp_second_precision,CONSOLIDATED,202201_2357_AI1.pdf,TWSE_MOPS_T57SB01_OFFICIAL_DOCUMENT_UPLOAD,bd6bfaf750efb58d954a78e5e3441c91d044315a105f4a8012e7b244d461d434,3c70d82fdb91b444cdf8ed86a0c86120935f253859cddbeba8bb65df1718705a,EXACT_MATCH,MOPS_SINGLE_ELIGIBLE_FILING,b39d745ffa103a4e2aa6452f5364bd9a90447eb8745d87f3a222dac0a8945bad
2357,2022-06-30,2022,2,2022-08-11,2022-08-11T17:57:23+08:00,2022-08-11,2022-08-11,2022-08-12,MOPS_EXACT,official_timestamp_second_precision,CONSOLIDATED,202202_2357_AI1.pdf,TWSE_MOPS_T57SB01_OFFICIAL_DOCUMENT_UPLOAD,bd6bfaf750efb58d954a78e5e3441c91d044315a105f4a8012e7b244d461d434,39f0ffc7a10672f4b83654df3f663a48f1f5c37a4e6c615129d35d29028ad81d,EXACT_MATCH,MOPS_SINGLE_ELIGIBLE_FILING,3b0358163789c95a2b946c7ebe1ed2733b84368e47eb845bbbc1f74abeb17e65
2357,2022-09-30,2022,3,2022-11-10,2022-11-10T18:34:25+08:00,2022-11-10,2022-11-10,2022-11-11,MOPS_EXACT,official_timestamp_second_precision,CONSOLIDATED,202203_2357_AI1.pdf,TWSE_MOPS_T57SB01_OFFICIAL_DOCUMENT_UPLOAD,bd6bfaf750efb58d954a78e5e3441c91d044315a105f4a8012e7b244d461d434,e72a16fc989481b39bf6478fd6ea6468df03b55381d4579a0c21d3400e71b5fc,EXACT_MATCH,MOPS_SINGLE_ELIGIBLE_FILING,1e753dd23f20410a5314eef1894605e71a9073f721eec44dcae62cc64f0fdd26
2357,2022-12-31,2022,4,2023-03-10,2023-03-10T18:56:09+08:00,2023-03-10,2023-03-10,2023-03-13,MOPS_EXACT,official_timestamp_second_precision,CONSOLIDATED,202204_2357_AI1.pdf,TWSE_MOPS_T57SB01_OFFICIAL_DOCUMENT_UPLOAD,bd6bfaf750efb58d954a78e5e3441c91d044315a105f4a8012e7b244d461d434,625c5e312cbe3178a485459efe9b194af013c28e3993b26dec6843988040ea18,EXACT_MATCH,MOPS_CONSOLIDATED_PREFERRED_OVER_INDIVIDUAL,56bfd18354426689c5374573e11d70ae4c5897993715e08b1668b900b9ce66cc
2357,2023-03-31,2023,1,2023-05-12,2023-05-12T18:05:43+08:00,2023-05-12,2023-05-12,2023-05-15,MOPS_EXACT,official_timestamp_second_precision,CONSOLIDATED,202301_2357_AI1.pdf,TWSE_MOPS_T57SB01_OFFICIAL_DOCUMENT_UPLOAD,bd6bfaf750efb58d954a78e5e3441c91d044315a105f4a8012e7b244d461d434,eaeb17e23279ecdd5fde40b0f91a025987521b7b3a3f7f14e8a0470a8204ada7,EXACT_MATCH,MOPS_SINGLE_ELIGIBLE_FILING,52cde573dca844b70025157675b3ed5cba8c9adce9311eb2a4eca936a28f5474
2357,2023-06-30,2023,2,2023-08-11,2023-08-11T18:03:14+08:00,2023-08-11,2023-08-11,2023-08-14,MOPS_EXACT,official_timestamp_second_precision,CONSOLIDATED,202302_2357_AI1.pdf,TWSE_MOPS_T57SB01_OFFICIAL_DOCUMENT_UPLOAD,bd6bfaf750efb58d954a78e5e3441c91d044315a105f4a8012e7b244d461d434,bd640152fad806f50e9b0b8d651e58108b197eb23adadde777744abae6d27377,EXACT_MATCH,MOPS_SINGLE_ELIGIBLE_FILING,a4c35069957fe7c9ec1fa660ddab047899660e16ecab0207ed644bf4da33d790
2357,2023-09-30,2023,3,2023-11-13,2023-11-13T18:44:47+08:00,2023-11-13,2023-11-13,2023-11-14,MOPS_EXACT,official_timestamp_second_precision,CONSOLIDATED,202303_2357_AI1.pdf,TWSE_MOPS_T57SB01_OFFICIAL_DOCUMENT_UPLOAD,bd6bfaf750efb58d954a78e5e3441c91d044315a105f4a8012e7b244d461d434,14d87507bc9056024a0ade3cebd4a710fb867e31e2d051852350112ad909031a,EXACT_MATCH,MOPS_SINGLE_ELIGIBLE_FILING,1a646014af7a383ab10f4829e16eab16cf66837f49bf6e98c54bcd105c171cfd
2357,2023-12-31,2023,4,2024-03-15,2024-03-15T18:23:02+08:00,2024-03-15,2024-03-15,2024-03-18,MOPS_EXACT,official_timestamp_second_precision,CONSOLIDATED,202304_2357_AI1.pdf,TWSE_MOPS_T57SB01_OFFICIAL_DOCUMENT_UPLOAD,bd6bfaf750efb58d954a78e5e3441c91d044315a105f4a8012e7b244d461d434,05b0ce87a02375272e6bfa3680870174f1009269e6d669d97804f1fbeb048ddc,EXACT_MATCH,MOPS_CONSOLIDATED_PREFERRED_OVER_INDIVIDUAL,ba7215b037620f61374bc8a9b8cd76cb26cd2c430e997654279cf6ebc9b51ccc
2357,2024-03-31,2024,1,2024-05-13,2024-05-13T17:49:14+08:00,2024-05-13,2024-05-13,2024-05-14,MOPS_EXACT,official_timestamp_second_precision,CONSOLIDATED,202401_2357_AI1.pdf,TWSE_MOPS_T57SB01_OFFICIAL_DOCUMENT_UPLOAD,bd6bfaf750efb58d954a78e5e3441c91d044315a105f4a8012e7b244d461d434,16146c1fd3ab39a2ff0d3159b3007a9a076ae6bddac128609fc4260d82e2f63a,EXACT_MATCH,MOPS_SINGLE_ELIGIBLE_FILING,abc96ec79332e53a3226e9f2b0141a0058fdd541cca07c619c5b01e6328995b2
2357,2024-06-30,2024,2,2024-08-07,2024-08-07T17:53:59+08:00,2024-08-07,2024-08-07,2024-08-08,MOPS_EXACT,official_timestamp_second_precision,CONSOLIDATED,202402_2357_AI1.pdf,TWSE_MOPS_T57SB01_OFFICIAL_DOCUMENT_UPLOAD,bd6bfaf750efb58d954a78e5e3441c91d044315a105f4a8012e7b244d461d434,5775bef4080f1418d72ffd26c2f1d2095491280196c7fdcd3afb478d1b159848,EXACT_MATCH,MOPS_SINGLE_ELIGIBLE_FILING,33f672272a40ada873d4d4509f7a8ed5b6414b76e222e75aa366f12bec90dccd
2357,2024-09-30,2024,3,2024-11-08,2024-11-08T18:13:43+08:00,2024-11-08,2024-11-08,2024-11-11,MOPS_EXACT,official_timestamp_second_precision,CONSOLIDATED,202403_2357_AI1.pdf,TWSE_MOPS_T57SB01_OFFICIAL_DOCUMENT_UPLOAD,bd6bfaf750efb58d954a78e5e3441c91d044315a105f4a8012e7b244d461d434,0979efec7d114ae7b8f436edc330e77cc89256e13602c9ee0cd788b4c80cc097,EXACT_MATCH,MOPS_SINGLE_ELIGIBLE_FILING,42fbb0028de994988c53056fdf2cb7ec6b1b3ece4765cf7bb7ec217b85e5a7cf
2357,2024-12-31,2024,4,2025-03-11,2025-03-11T18:45:44+08:00,2025-03-11,2025-03-11,2025-03-12,MOPS_EXACT,official_timestamp_second_precision,CONSOLIDATED,202404_2357_AI1.pdf,TWSE_MOPS_T57SB01_OFFICIAL_DOCUMENT_UPLOAD,bd6bfaf750efb58d954a78e5e3441c91d044315a105f4a8012e7b244d461d434,9a8ac8e100c3fe7a6ef01d0b2922ed24c9389e0c40ec2dde56bf39d21b6c67b2,EXACT_MATCH,MOPS_CONSOLIDATED_PREFERRED_OVER_INDIVIDUAL,1dced89868f9515cfc7804122ec6fb6b7efcf98a7b6cb2b693b1b0a565d73888
2357,2025-03-31,2025,1,2025-05-13,2025-05-13T17:51:17+08:00,2025-05-13,2025-05-13,2025-05-14,MOPS_EXACT,official_timestamp_second_precision,CONSOLIDATED,202501_2357_AI1.pdf,TWSE_MOPS_T57SB01_OFFICIAL_DOCUMENT_UPLOAD,bd6bfaf750efb58d954a78e5e3441c91d044315a105f4a8012e7b244d461d434,42cca7d770aae8e4dc775612a1e7c360d60776cf27ce909a0e379075343733e3,EXACT_MATCH,MOPS_SINGLE_ELIGIBLE_FILING,4009050fc768ecdf54a518254c4f9ff86fc9852aa584170cd5929c04b03b46bc
2357,2025-06-30,2025,2,2025-08-13,2025-08-13T18:28:39+08:00,2025-08-13,2025-08-13,2025-08-14,MOPS_EXACT,official_timestamp_second_precision,CONSOLIDATED,202502_2357_AI1.pdf,TWSE_MOPS_T57SB01_OFFICIAL_DOCUMENT_UPLOAD,bd6bfaf750efb58d954a78e5e3441c91d044315a105f4a8012e7b244d461d434,9ae0edcb41b52c835824fdd33c6d93c7d405227101b0913b37488cdf0c9f547a,EXACT_MATCH,MOPS_SINGLE_ELIGIBLE_FILING,ea960989f115784c5e318955cf5a6510d675f9b6dc2262fa994bca03b516b661
2357,2025-09-30,2025,3,2025-11-11,2025-11-11T18:05:51+08:00,2025-11-11,2025-11-11,2025-11-12,MOPS_EXACT,official_timestamp_second_precision,CONSOLIDATED,202503_2357_AI1.pdf,TWSE_MOPS_T57SB01_OFFICIAL_DOCUMENT_UPLOAD,bd6bfaf750efb58d954a78e5e3441c91d044315a105f4a8012e7b244d461d434,81c7f2602c780a56d8d236980d379847b602c13bbc1bcf6871989772e4263007,EXACT_MATCH,MOPS_SINGLE_ELIGIBLE_FILING,eb617d1044fc09fea3b05d79f3faa676341fa1563c63572528cd6c813a85b388
2357,2025-12-31,2025,4,2026-03-10,2026-03-10T18:57:15+08:00,2026-03-10,2026-03-10,2026-03-11,MOPS_EXACT,official_timestamp_second_precision,CONSOLIDATED,202504_2357_AI1.pdf,TWSE_MOPS_T57SB01_OFFICIAL_DOCUMENT_UPLOAD,bd6bfaf750efb58d954a78e5e3441c91d044315a105f4a8012e7b244d461d434,5a429c00b823d7061ea48a3c988176221c949a50516bc0778e2cf724cfda98f0,EXACT_MATCH,MOPS_CONSOLIDATED_PREFERRED_OVER_INDIVIDUAL,1bd0728b31bce43b1efeec4da02cad37caed534e53e568c6fdf28ec1ec1fca07
2357,2026-03-31,2026,1,2026-05-12,2026-05-12T17:55:11+08:00,2026-05-12,2026-05-12,2026-05-13,MOPS_EXACT,official_timestamp_second_precision,CONSOLIDATED,202601_2357_AI1.pdf,TWSE_MOPS_T57SB01_OFFICIAL_DOCUMENT_UPLOAD,bd6bfaf750efb58d954a78e5e3441c91d044315a105f4a8012e7b244d461d434,ad2a56650de55de29236a98f5b1612ff2cd3ed486160033fb05c29033b6cab2a,EXACT_MATCH,MOPS_SINGLE_ELIGIBLE_FILING,223937e5322416f81b396b9eafbeb235b4128109ca9d8ddcab1efb540ee51b0e
2357,2026-06-30,2026,2,2026-08-12,2026-08-12T17:04:34+08:00,2026-08-12,2026-08-12,2026-08-13,MOPS_EXACT,official_timestamp_second_precision,CONSOLIDATED,202602_2357_AI1.pdf,TWSE_MOPS_T57SB01_OFFICIAL_DOCUMENT_UPLOAD,bd6bfaf750efb58d954a78e5e3441c91d044315a105f4a8012e7b244d461d434,c6b6c01e67384742017a30fa9fc6a4a498c7dbf7a0c21ec4f8da05e3f2321f48,EXACT_MATCH,MOPS_SINGLE_ELIGIBLE_FILING,a518045b267a832d5e60f3ab5d03eadbd53ab584ffd57b811205beb1930ced54
2360,2016-03-31,2016,1,2016-05-12,2016-05-12T14:52:58+08:00,2016-05-12,2016-05-12,2016-05-13,MOPS_EXACT,official_timestamp_second_precision,CONSOLIDATED,201601_2360_AI1.pdf,TWSE_MOPS_T57SB01_OFFICIAL_DOCUMENT_UPLOAD,050d3e7e163d81a7d2b863605684df7bedf6688487937a4567f656a66a07e77f,9694a8f32a3fa0b22654ff76b8079ba0092e52c3161204166058b9b90612546f,EXACT_MATCH,MOPS_SINGLE_ELIGIBLE_FILING,06c7e694ba148f73aabdd70f0e6da633780907edf659023a740e18d989d6a8ce
2360,2016-06-30,2016,2,2016-08-10,2016-08-10T16:49:54+08:00,2016-08-10,2016-08-10,2016-08-11,MOPS_EXACT,official_timestamp_second_precision,CONSOLIDATED,201602_2360_AI1.pdf,TWSE_MOPS_T57SB01_OFFICIAL_DOCUMENT_UPLOAD,050d3e7e163d81a7d2b863605684df7bedf6688487937a4567f656a66a07e77f,e85f9a2c0c1f3f28ce1feb2b237e43f22d531d3e8c254aabb783fa20630207b5,EXACT_MATCH,MOPS_SINGLE_ELIGIBLE_FILING,fa85074bd3ffc607f470588b21b1519756c334e84ebef40e6439a3da265c7ac8
2360,2016-09-30,2016,3,2016-11-10,2016-11-10T15:37:41+08:00,2016-11-10,2016-11-10,2016-11-11,MOPS_EXACT,official_timestamp_second_precision,CONSOLIDATED,201603_2360_AI1.pdf,TWSE_MOPS_T57SB01_OFFICIAL_DOCUMENT_UPLOAD,050d3e7e163d81a7d2b863605684df7bedf6688487937a4567f656a66a07e77f,c591602625336779ccce8bee5beeb57f274d6bbb4f2aed0922486887ef511b88,EXACT_MATCH,MOPS_SINGLE_ELIGIBLE_FILING,f6fc1f7f68866ad0cc593211b8c70f534ba12480e486bf48ef1fa99385e44616
2360,2016-12-31,2016,4,2017-03-22,2017-03-22T15:37:22+08:00,2017-03-22,2017-03-22,2017-03-23,MOPS_EXACT,official_timestamp_second_precision,CONSOLIDATED,201604_2360_AI1.pdf,TWSE_MOPS_T57SB01_OFFICIAL_DOCUMENT_UPLOAD,050d3e7e163d81a7d2b863605684df7bedf6688487937a4567f656a66a07e77f,1dcc17b146df6c68bc78f17000baee6f3fb21bf90333b020848aaa87d8853fd4,EXACT_MATCH,MOPS_CONSOLIDATED_PREFERRED_OVER_INDIVIDUAL,3d8815a55c1c5839ba4a7889287a4885aac56ea315932011d73d8a034472352b
2360,2017-03-31,2017,1,2017-05-12,2017-05-12T15:34:32+08:00,2017-05-12,2017-05-12,2017-05-15,MOPS_EXACT,official_timestamp_second_precision,CONSOLIDATED,201701_2360_AI1.pdf,TWSE_MOPS_T57SB01_OFFICIAL_DOCUMENT_UPLOAD,050d3e7e163d81a7d2b863605684df7bedf6688487937a4567f656a66a07e77f,4880c116b9a84a73f1fa033167e90c3b1de7c13255e9bf3bfc9932b8268a5318,EXACT_MATCH,MOPS_SINGLE_ELIGIBLE_FILING,75b1c2d5a59a92a158cde060731a8bba82b7d343d826844ef9bfd6890e7897dc
2360,2017-06-30,2017,2,2017-08-11,2017-08-11T13:54:42+08:00,2017-08-11,2017-08-11,2017-08-14,MOPS_EXACT,official_timestamp_second_precision,CONSOLIDATED,201702_2360_AI1.pdf,TWSE_MOPS_T57SB01_OFFICIAL_DOCUMENT_UPLOAD,050d3e7e163d81a7d2b863605684df7bedf6688487937a4567f656a66a07e77f,5d88a740a0629dcd5e36c1c47a3cbbd7341a05769956e9a28a804f4b684aee37,EXACT_MATCH,MOPS_SINGLE_ELIGIBLE_FILING,9e0a335b915e8b81736ce376fcb4faaef673a2151542653b8dd44451983cf764
2360,2017-09-30,2017,3,2017-11-13,2017-11-13T13:42:19+08:00,2017-11-13,2017-11-13,2017-11-14,MOPS_EXACT,official_timestamp_second_precision,CONSOLIDATED,201703_2360_AI1.pdf,TWSE_MOPS_T57SB01_OFFICIAL_DOCUMENT_UPLOAD,050d3e7e163d81a7d2b863605684df7bedf6688487937a4567f656a66a07e77f,bddbaf66a9ddcfd325f43b0e33c0e725c42ab1e6f8082e12549b68bc5063f3bc,EXACT_MATCH,MOPS_SINGLE_ELIGIBLE_FILING,036d9ecd46c51e04a6d1ad0df37ffb7d5ac16200bc5e8a55bc07be12c17e3993
2360,2017-12-31,2017,4,2018-03-27,2018-03-27T15:00:41+08:00,2018-03-27,2018-03-27,2018-03-28,MOPS_EXACT,official_timestamp_second_precision,CONSOLIDATED,201704_2360_AI1.pdf,TWSE_MOPS_T57SB01_OFFICIAL_DOCUMENT_UPLOAD,050d3e7e163d81a7d2b863605684df7bedf6688487937a4567f656a66a07e77f,e8794afb2bbacf1fdd8b4a731e306c40098d2ba66dfa157194f2c112c799c80e,EXACT_MATCH,MOPS_CONSOLIDATED_PREFERRED_OVER_INDIVIDUAL,97c90e3555b9bab11dfb08339957e3785e6a20e372dd848f4d2fce21f034f7fc
2360,2018-03-31,2018,1,2018-05-14,2018-05-14T13:49:31+08:00,2018-05-14,2018-05-14,2018-05-15,MOPS_EXACT,official_timestamp_second_precision,CONSOLIDATED,201801_2360_AI1.pdf,TWSE_MOPS_T57SB01_OFFICIAL_DOCUMENT_UPLOAD,050d3e7e163d81a7d2b863605684df7bedf6688487937a4567f656a66a07e77f,925c59cd9460b5329bdfd50b4be9b6efabaf86ca3073741e26b47312a511d365,EXACT_MATCH,MOPS_SINGLE_ELIGIBLE_FILING,ad9bdce89f176ced0b508b3971b3cc619ef52b78a5d3e16b0bf3884cfe5b7a76
2360,2018-06-30,2018,2,2018-08-10,2018-08-10T16:00:37+08:00,2018-08-10,2018-08-10,2018-08-13,MOPS_EXACT,official_timestamp_second_precision,CONSOLIDATED,201802_2360_AI1.pdf,TWSE_MOPS_T57SB01_OFFICIAL_DOCUMENT_UPLOAD,050d3e7e163d81a7d2b863605684df7bedf6688487937a4567f656a66a07e77f,10a828aa2310da9cf7ef90d395aaa539efd2e6b812d95c22717a1378574f7071,EXACT_MATCH,MOPS_SINGLE_ELIGIBLE_FILING,722f241955ad78acf4ee8130bc4ff81c68d3e86bd7fc7bbdbd746b724560ca55
2360,2018-09-30,2018,3,2018-11-09,2018-11-09T14:45:46+08:00,2018-11-09,2018-11-09,2018-11-12,MOPS_EXACT,official_timestamp_second_precision,CONSOLIDATED,201803_2360_AI1.pdf,TWSE_MOPS_T57SB01_OFFICIAL_DOCUMENT_UPLOAD,050d3e7e163d81a7d2b863605684df7bedf6688487937a4567f656a66a07e77f,c6760e16a66a7f6e407408f6cd384cfad4fc48359c55d2f579cd566c33877036,EXACT_MATCH,MOPS_SINGLE_ELIGIBLE_FILING,c923edd1bb40e5e2856a51f7cabd0e5d52d006b978fff07e88e50fc3fa8fda07
2360,2018-12-31,2018,4,2019-03-25,2019-03-25T15:35:33+08:00,2019-03-25,2019-03-25,2019-03-26,MOPS_EXACT,official_timestamp_second_precision,CONSOLIDATED,201804_2360_AI1.pdf,TWSE_MOPS_T57SB01_OFFICIAL_DOCUMENT_UPLOAD,050d3e7e163d81a7d2b863605684df7bedf6688487937a4567f656a66a07e77f,bb461b11046254273877a88d978da2eb394dd3eeba94bae405b66361489d7051,EXACT_MATCH,MOPS_CONSOLIDATED_PREFERRED_OVER_INDIVIDUAL,49acb2ba1a4075c36b94554e2808bb9699ca95cdac3c10d6c687c447401c1f54
2360,2019-03-31,2019,1,2019-05-14,2019-05-14T14:38:54+08:00,2019-05-14,2019-05-14,2019-05-15,MOPS_EXACT,official_timestamp_second_precision,CONSOLIDATED,201901_2360_AI1.pdf,TWSE_MOPS_T57SB01_OFFICIAL_DOCUMENT_UPLOAD,050d3e7e163d81a7d2b863605684df7bedf6688487937a4567f656a66a07e77f,8e7fdbe9539b54bbcd3f0929a0c3c491617892c96c718197eae4c4ea2146c351,EXACT_MATCH,MOPS_SINGLE_ELIGIBLE_FILING,2ca3c7390e2d4c8f84a0b70749df753cdf27ad5bfbe87682252b6485d7144f46
2360,2019-06-30,2019,2,2019-08-12,2019-08-12T14:31:15+08:00,2019-08-12,2019-08-12,2019-08-13,MOPS_EXACT,official_timestamp_second_precision,CONSOLIDATED,201902_2360_AI1.pdf,TWSE_MOPS_T57SB01_OFFICIAL_DOCUMENT_UPLOAD,050d3e7e163d81a7d2b863605684df7bedf6688487937a4567f656a66a07e77f,4bc7bd5e2a48d0353fa60b822107b4d3c610b72cb5c6a96cda4ee544674cde0e,EXACT_MATCH,MOPS_SINGLE_ELIGIBLE_FILING,b02ad9f4a14ed457074de015b8539f63c13a934bfa1b4c32dd65a9e9eafd1cc6
2360,2019-09-30,2019,3,2019-11-13,2019-11-13T12:20:14+08:00,2019-11-13,2019-11-13,2019-11-14,MOPS_EXACT,official_timestamp_second_precision,CONSOLIDATED,201903_2360_AI1.pdf,TWSE_MOPS_T57SB01_OFFICIAL_DOCUMENT_UPLOAD,050d3e7e163d81a7d2b863605684df7bedf6688487937a4567f656a66a07e77f,dee1e0a80778db15c6753ab8e9874048ba585dde0202fe5d18b71edc2a322d32,EXACT_MATCH,MOPS_SINGLE_ELIGIBLE_FILING,27f39b01cee8736fe2ecbe9d3ce0e69b4349fa5171361717ea5eda467ad94449
2360,2019-12-31,2019,4,2020-03-24,2020-03-24T14:58:54+08:00,2020-03-24,2020-03-24,2020-03-25,MOPS_EXACT,official_timestamp_second_precision,CONSOLIDATED,201904_2360_AI1.pdf,TWSE_MOPS_T57SB01_OFFICIAL_DOCUMENT_UPLOAD,050d3e7e163d81a7d2b863605684df7bedf6688487937a4567f656a66a07e77f,9ccc325b8c40e0166c430c63d5ce270c9870c27eab82ef6a05e78c695527d471,EXACT_MATCH,MOPS_CONSOLIDATED_PREFERRED_OVER_INDIVIDUAL,d57284664ec92aa2a32006bb3cbbdee7c2a5864751fb12ce51e9dd43e6420196
2360,2020-03-31,2020,1,2020-05-12,2020-05-12T15:43:34+08:00,2020-05-12,2020-05-12,2020-05-13,MOPS_EXACT,official_timestamp_second_precision,CONSOLIDATED,202001_2360_AI1.pdf,TWSE_MOPS_T57SB01_OFFICIAL_DOCUMENT_UPLOAD,050d3e7e163d81a7d2b863605684df7bedf6688487937a4567f656a66a07e77f,e4cc1f4e2a4fe233a811aace22661498dde7fddbb8b30ce140850cfbc85b4b5e,EXACT_MATCH,MOPS_SINGLE_ELIGIBLE_FILING,825636e417d5bf49f0f44bfcb3df4e9c946c2e6ed96ad60e7c21b88b24e0db44
2360,2020-06-30,2020,2,2020-08-13,2020-08-13T13:52:28+08:00,2020-08-13,2020-08-13,2020-08-14,MOPS_EXACT,official_timestamp_second_precision,CONSOLIDATED,202002_2360_AI1.pdf,TWSE_MOPS_T57SB01_OFFICIAL_DOCUMENT_UPLOAD,050d3e7e163d81a7d2b863605684df7bedf6688487937a4567f656a66a07e77f,3eba671f3d81a6a95923b0f8ad50bb97a77d3cb84a7bc333e13f880140775248,EXACT_MATCH,MOPS_SINGLE_ELIGIBLE_FILING,80fe4ba330e6548d2a573fbff4a094e984edf63f94ac49f5e855b7419f265dc8
2360,2020-09-30,2020,3,2020-11-11,2020-11-11T14:23:07+08:00,2020-11-11,2020-11-11,2020-11-12,MOPS_EXACT,official_timestamp_second_precision,CONSOLIDATED,202003_2360_AI1.pdf,TWSE_MOPS_T57SB01_OFFICIAL_DOCUMENT_UPLOAD,050d3e7e163d81a7d2b863605684df7bedf6688487937a4567f656a66a07e77f,d71d4374c2e9ca49a2c9bfd894773ca509ab8805b283a5ad2260d1f4434b7c94,EXACT_MATCH,MOPS_SINGLE_ELIGIBLE_FILING,3b8373ea195379c8774200bd3cb75751874d85c54038f351ef4b657423a8dd2c
2360,2020-12-31,2020,4,2021-03-25,2021-03-25T14:50:55+08:00,2021-03-25,2021-03-25,2021-03-26,MOPS_EXACT,official_timestamp_second_precision,CONSOLIDATED,202004_2360_AI1.pdf,TWSE_MOPS_T57SB01_OFFICIAL_DOCUMENT_UPLOAD,050d3e7e163d81a7d2b863605684df7bedf6688487937a4567f656a66a07e77f,3ebe489af2e6cbc794f0521a4ac48c306b2602dcf3cbd338f4dc2890f7cab1cb,EXACT_MATCH,MOPS_CONSOLIDATED_PREFERRED_OVER_INDIVIDUAL,995b0e9e9e3c7908bad44319d8a768d6ab132942204533d4c9798b75468a580d
2360,2021-03-31,2021,1,2021-05-14,2021-05-14T13:35:30+08:00,2021-05-14,2021-05-14,2021-05-17,MOPS_EXACT,official_timestamp_second_precision,CONSOLIDATED,202101_2360_AI1.pdf,TWSE_MOPS_T57SB01_OFFICIAL_DOCUMENT_UPLOAD,050d3e7e163d81a7d2b863605684df7bedf6688487937a4567f656a66a07e77f,7fa53be53ec5a749a97c63e896f8e921c8a05b087f1ea93e365f6a8aee2c468e,EXACT_MATCH,MOPS_SINGLE_ELIGIBLE_FILING,1a7e7b84f2bce8fa67819f30237e48cf7498013193e1e35a23bebc900507bb6e
2360,2021-06-30,2021,2,2021-08-12,2021-08-12T15:29:50+08:00,2021-08-12,2021-08-12,2021-08-13,MOPS_EXACT,official_timestamp_second_precision,CONSOLIDATED,202102_2360_AI1.pdf,TWSE_MOPS_T57SB01_OFFICIAL_DOCUMENT_UPLOAD,050d3e7e163d81a7d2b863605684df7bedf6688487937a4567f656a66a07e77f,42bf896b5c74b266f8897a2a2711a9c0a4bac90e0d2a127b75b014d202b3b0e0,EXACT_MATCH,MOPS_SINGLE_ELIGIBLE_FILING,250b30bb5bac410086809d3a8c5019ead60b32b06f62c207017cd7061c437fc6
2360,2021-09-30,2021,3,2021-11-12,2021-11-12T14:12:25+08:00,2021-11-12,2021-11-12,2021-11-15,MOPS_EXACT,official_timestamp_second_precision,CONSOLIDATED,202103_2360_AI1.pdf,TWSE_MOPS_T57SB01_OFFICIAL_DOCUMENT_UPLOAD,050d3e7e163d81a7d2b863605684df7bedf6688487937a4567f656a66a07e77f,642b3e94e7548ca788a0c9e64916715aab00493e006f5e39f1c8f39cca4cb35c,EXACT_MATCH,MOPS_SINGLE_ELIGIBLE_FILING,ab0584ef7e44ad27e6222a635b8260f332151bc617755101180127956601ccbd
2360,2021-12-31,2021,4,2022-03-25,2022-03-25T14:16:17+08:00,2022-03-25,2022-03-25,2022-03-28,MOPS_EXACT,official_timestamp_second_precision,CONSOLIDATED,202104_2360_AI1.pdf,TWSE_MOPS_T57SB01_OFFICIAL_DOCUMENT_UPLOAD,050d3e7e163d81a7d2b863605684df7bedf6688487937a4567f656a66a07e77f,b6f06edb291b1a92ad626f6be758b4a4fc8597b97120b158ba78856cef1dffa9,EXACT_MATCH,MOPS_CONSOLIDATED_PREFERRED_OVER_INDIVIDUAL,0d7c51a3d5926ea91d60daf72ecc331b352d8ea3ea15f365a00b1c8294164ffc
2360,2022-03-31,2022,1,2022-05-12,2022-05-12T16:08:22+08:00,2022-05-12,2022-05-12,2022-05-13,MOPS_EXACT,official_timestamp_second_precision,CONSOLIDATED,202201_2360_AI1.pdf,TWSE_MOPS_T57SB01_OFFICIAL_DOCUMENT_UPLOAD,050d3e7e163d81a7d2b863605684df7bedf6688487937a4567f656a66a07e77f,c5c1987055b7d1e5ab779bc94394074cb7bf7dc52ea41150c8fe3f1d77a1736d,EXACT_MATCH,MOPS_SINGLE_ELIGIBLE_FILING,f525772b243405bbd8df983f5b64651c48cd910b2f3dae3648176e23b6826e70
2360,2022-06-30,2022,2,2022-08-11,2022-08-11T14:04:48+08:00,2022-08-11,2022-08-11,2022-08-12,MOPS_EXACT,official_timestamp_second_precision,CONSOLIDATED,202202_2360_AI1.pdf,TWSE_MOPS_T57SB01_OFFICIAL_DOCUMENT_UPLOAD,050d3e7e163d81a7d2b863605684df7bedf6688487937a4567f656a66a07e77f,dc2f34ba5936372539a0fc606eca80900b871eb464ca13235014023548c4ad07,EXACT_MATCH,MOPS_SINGLE_ELIGIBLE_FILING,b8a2d1b32e2baf5afec25014b0e053f410a225af3c7da6c38cbdae1613b3e0a4
2360,2022-09-30,2022,3,2022-11-11,2022-11-11T16:22:30+08:00,2022-11-11,2022-11-11,2022-11-14,MOPS_EXACT,official_timestamp_second_precision,CONSOLIDATED,202203_2360_AI1.pdf,TWSE_MOPS_T57SB01_OFFICIAL_DOCUMENT_UPLOAD,050d3e7e163d81a7d2b863605684df7bedf6688487937a4567f656a66a07e77f,b09952b16d8d55dff34a817949efce479a13bc83e430b4f9b80ff298f238903e,EXACT_MATCH,MOPS_SINGLE_ELIGIBLE_FILING,ef49710c528c913dd552bc3dc8573604aa3cbac8cc3cbec26a13dca9e668904d
2360,2022-12-31,2022,4,2023-03-10,2023-03-10T15:39:15+08:00,2023-03-10,2023-03-10,2023-03-13,MOPS_EXACT,official_timestamp_second_precision,CONSOLIDATED,202204_2360_AI1.pdf,TWSE_MOPS_T57SB01_OFFICIAL_DOCUMENT_UPLOAD,050d3e7e163d81a7d2b863605684df7bedf6688487937a4567f656a66a07e77f,9d9bb6340532237b7347afbe0c08613f14e1e35681fd99d0ef8571f15d280f22,EXACT_MATCH,MOPS_CONSOLIDATED_PREFERRED_OVER_INDIVIDUAL,562c490962d163d8857d5c77cf943710630cf27ab8ab965bee969e478a81ed96
2360,2023-03-31,2023,1,2023-05-11,2023-05-11T16:36:31+08:00,2023-05-11,2023-05-11,2023-05-12,MOPS_EXACT,official_timestamp_second_precision,CONSOLIDATED,202301_2360_AI1.pdf,TWSE_MOPS_T57SB01_OFFICIAL_DOCUMENT_UPLOAD,050d3e7e163d81a7d2b863605684df7bedf6688487937a4567f656a66a07e77f,d8b87b2ef748c1b0abb5fa3161b9b82ef47273ee3409305b6de60dd1a2291213,EXACT_MATCH,MOPS_SINGLE_ELIGIBLE_FILING,196349d7ddbd04be0c578791d0ceb0e9e422111d5af354174913c0da9d180ba1
2360,2023-06-30,2023,2,2023-08-10,2023-08-10T16:19:49+08:00,2023-08-10,2023-08-10,2023-08-11,MOPS_EXACT,official_timestamp_second_precision,CONSOLIDATED,202302_2360_AI1.pdf,TWSE_MOPS_T57SB01_OFFICIAL_DOCUMENT_UPLOAD,050d3e7e163d81a7d2b863605684df7bedf6688487937a4567f656a66a07e77f,0727244e641f71095a7e5c3de6c9d3520928ed2cafda9f95527392ee2d37cbc4,EXACT_MATCH,MOPS_SINGLE_ELIGIBLE_FILING,036fe1e152fd49c06136bd5e0fb2a9ca29cc289c9e0d53fe2aa58716bf03fa46
2360,2023-09-30,2023,3,2023-11-10,2023-11-10T15:38:31+08:00,2023-11-10,2023-11-10,2023-11-13,MOPS_EXACT,official_timestamp_second_precision,CONSOLIDATED,202303_2360_AI1.pdf,TWSE_MOPS_T57SB01_OFFICIAL_DOCUMENT_UPLOAD,050d3e7e163d81a7d2b863605684df7bedf6688487937a4567f656a66a07e77f,2a2c34813133487004e99dc904368e649bef78c02ccf72f57e839d6bf6216b11,EXACT_MATCH,MOPS_SINGLE_ELIGIBLE_FILING,deb6364ea7822936b209c18169fbf59c38c7fb8704badb80d09ac74c1fc5fb96
2360,2023-12-31,2023,4,2024-02-29,2024-02-29T16:43:37+08:00,2024-02-29,2024-02-29,2024-03-01,MOPS_EXACT,official_timestamp_second_precision,CONSOLIDATED,202304_2360_AI1.pdf,TWSE_MOPS_T57SB01_OFFICIAL_DOCUMENT_UPLOAD,050d3e7e163d81a7d2b863605684df7bedf6688487937a4567f656a66a07e77f,a8165b0378dafc9ffffd122a93a78350b828265b8a99ce83b01b81b70b7cf246,EXACT_MATCH,MOPS_CONSOLIDATED_PREFERRED_OVER_INDIVIDUAL,c99446380414ecb8c5432afcdbf45b37cb313714e71073242983b83ee2bce4ea
2360,2024-03-31,2024,1,2024-05-10,2024-05-10T14:03:17+08:00,2024-05-10,2024-05-10,2024-05-13,MOPS_EXACT,official_timestamp_second_precision,CONSOLIDATED,202401_2360_AI1.pdf,TWSE_MOPS_T57SB01_OFFICIAL_DOCUMENT_UPLOAD,050d3e7e163d81a7d2b863605684df7bedf6688487937a4567f656a66a07e77f,22fcbf94bd7691757eb73532fd37478e6be24d777c1e34f8e57f85866541ccdb,EXACT_MATCH,MOPS_SINGLE_ELIGIBLE_FILING,d350cec21f5f242e4f3cc7d539f6b620a5090a06aa27f9704b193c9d4c6eee5d
2360,2024-06-30,2024,2,2024-08-12,2024-08-12T14:31:31+08:00,2024-08-12,2024-08-12,2024-08-13,MOPS_EXACT,official_timestamp_second_precision,CONSOLIDATED,202402_2360_AI1.pdf,TWSE_MOPS_T57SB01_OFFICIAL_DOCUMENT_UPLOAD,050d3e7e163d81a7d2b863605684df7bedf6688487937a4567f656a66a07e77f,470db1fb5be0293dc5e825f85c44edebdfe4be7f42705efd3c1d50427e6bc5a0,EXACT_MATCH,MOPS_SINGLE_ELIGIBLE_FILING,f0336607fc9ae441ed88af3fd9e13749b0f25fb0dfd84918f706515c1c47cd72
2360,2024-09-30,2024,3,2024-11-12,2024-11-12T16:57:41+08:00,2024-11-12,2024-11-12,2024-11-13,MOPS_EXACT,official_timestamp_second_precision,CONSOLIDATED,202403_2360_AI1.pdf,TWSE_MOPS_T57SB01_OFFICIAL_DOCUMENT_UPLOAD,050d3e7e163d81a7d2b863605684df7bedf6688487937a4567f656a66a07e77f,097130c6eddd4015d3d54cf3ea2f677ede3e44e82bc56b1ca7fb281cfcf50c91,EXACT_MATCH,MOPS_SINGLE_ELIGIBLE_FILING,6c2cd88d60e62e3a64939d9d1c1b95ebf665429088f8f46ec2a159e789b98dce
2360,2024-12-31,2024,4,2025-03-03,2025-03-03T14:52:48+08:00,2025-03-03,2025-03-03,2025-03-04,MOPS_EXACT,official_timestamp_second_precision,CONSOLIDATED,202404_2360_AI1.pdf,TWSE_MOPS_T57SB01_OFFICIAL_DOCUMENT_UPLOAD,050d3e7e163d81a7d2b863605684df7bedf6688487937a4567f656a66a07e77f,0f63458e57a4ef0c08efa586e9bc8bbc4bb7bcb92ae52b17634976dada0ab5ff,EXACT_MATCH,MOPS_CONSOLIDATED_PREFERRED_OVER_INDIVIDUAL,223c36f8470f36394b66152cdb3c2ea3424d74b7962c7920a92f4a13d05d2042
2360,2025-03-31,2025,1,2025-05-13,2025-05-13T14:04:18+08:00,2025-05-13,2025-05-13,2025-05-14,MOPS_EXACT,official_timestamp_second_precision,CONSOLIDATED,202501_2360_AI1.pdf,TWSE_MOPS_T57SB01_OFFICIAL_DOCUMENT_UPLOAD,050d3e7e163d81a7d2b863605684df7bedf6688487937a4567f656a66a07e77f,d6ea00c6be6aa538444913cc5e2d32b1ee16e6c63e335a45ec1421f81d40cd76,EXACT_MATCH,MOPS_SINGLE_ELIGIBLE_FILING,9682c20c26dbe1f0593a2b5c0c55ed231099fd3dd299b032453155e85c005f48
2360,2025-06-30,2025,2,2025-08-12,2025-08-12T14:11:32+08:00,2025-08-12,2025-08-12,2025-08-13,MOPS_EXACT,official_timestamp_second_precision,CONSOLIDATED,202502_2360_AI1.pdf,TWSE_MOPS_T57SB01_OFFICIAL_DOCUMENT_UPLOAD,050d3e7e163d81a7d2b863605684df7bedf6688487937a4567f656a66a07e77f,8dad6217087689d8c756fd3efe294571ef9b0364f14a68ec8964bf6b6353c0f6,EXACT_MATCH,MOPS_SINGLE_ELIGIBLE_FILING,86cf577a0eaa218721ad0c80014bbb9ccb12b398a2cf417cc4589e38dfb98327
2360,2025-09-30,2025,3,2025-11-12,2025-11-12T17:26:26+08:00,2025-11-12,2025-11-12,2025-11-13,MOPS_EXACT,official_timestamp_second_precision,CONSOLIDATED,202503_2360_AI1.pdf,TWSE_MOPS_T57SB01_OFFICIAL_DOCUMENT_UPLOAD,050d3e7e163d81a7d2b863605684df7bedf6688487937a4567f656a66a07e77f,ede14e2970c392188bdb7766e596c3dbfbea60fc8b6bafb3a27b857bd75e8f14,EXACT_MATCH,MOPS_SINGLE_ELIGIBLE_FILING,b1d6907f686868784663f05e29677936f2b2dc62d4ba1ef00aa8a3b162686400
2360,2025-12-31,2025,4,2026-03-11,2026-03-11T15:22:37+08:00,2026-03-11,2026-03-11,2026-03-12,MOPS_EXACT,official_timestamp_second_precision,CONSOLIDATED,202504_2360_AI1.pdf,TWSE_MOPS_T57SB01_OFFICIAL_DOCUMENT_UPLOAD,050d3e7e163d81a7d2b863605684df7bedf6688487937a4567f656a66a07e77f,a6ab971e4c7845561e6fb7c881c7292e6958eba54b7b7dff741564e185a5e71c,EXACT_MATCH,MOPS_CONSOLIDATED_PREFERRED_OVER_INDIVIDUAL,daa2fbb91ab6b26cfab1ee3b8381525e9c3ce492e4673c5b59000b1ae8f9b200
2360,2026-03-31,2026,1,2026-05-13,2026-05-13T17:10:00+08:00,2026-05-13,2026-05-13,2026-05-14,MOPS_EXACT,official_timestamp_second_precision,CONSOLIDATED,202601_2360_AI1.pdf,TWSE_MOPS_T57SB01_OFFICIAL_DOCUMENT_UPLOAD,050d3e7e163d81a7d2b863605684df7bedf6688487937a4567f656a66a07e77f,c322a693c014dd8727aa40f5cffedb06b5114a1c463f2ba6d3d87ade2c604420,EXACT_MATCH,MOPS_SINGLE_ELIGIBLE_FILING,d9f53926fcfd461aae925a94f13ec534d3044d7abd642e11df0543eb68c8f92e
2360,2026-06-30,2026,2,2026-08-07,2026-08-07T13:55:51+08:00,2026-08-07,2026-08-07,2026-08-10,MOPS_EXACT,official_timestamp_second_precision,CONSOLIDATED,202602_2360_AI1.pdf,TWSE_MOPS_T57SB01_OFFICIAL_DOCUMENT_UPLOAD,050d3e7e163d81a7d2b863605684df7bedf6688487937a4567f656a66a07e77f,d8c9568e95b633fcad36309e26493d34da38377bccf85d8563f40cde43038d3f,EXACT_MATCH,MOPS_SINGLE_ELIGIBLE_FILING,d5a37c7ca2851627ecd6fc2f21858abf9b5819f0ac87b94f16fa87063bc6257e
2368,2016-03-31,2016,1,2016-05-12,2016-05-12T13:25:21+08:00,2016-05-12,2016-05-12,2016-05-13,MOPS_EXACT,official_timestamp_second_precision,CONSOLIDATED,201601_2368_AI1.pdf,TWSE_MOPS_T57SB01_OFFICIAL_DOCUMENT_UPLOAD,c7c31d6a2f9a98ea2b8be41ec1452d07a4942ca6295c924003a3db549b278272,2101888338fe7d0d90f4b075435ce855bce52e8a51fe16573c723968d3d20904,EXACT_MATCH,MOPS_SINGLE_ELIGIBLE_FILING,3471fd1046a9bd039cebdf23aaca9c129aac208e438cbd693c6584e670a1172b
2368,2016-06-30,2016,2,2016-08-12,2016-08-12T17:13:47+08:00,2016-08-12,2016-08-12,2016-08-15,MOPS_EXACT,official_timestamp_second_precision,CONSOLIDATED,201602_2368_AI1.pdf,TWSE_MOPS_T57SB01_OFFICIAL_DOCUMENT_UPLOAD,c7c31d6a2f9a98ea2b8be41ec1452d07a4942ca6295c924003a3db549b278272,79e8fdb7f10af29b5f7a9b0c9a0aa2ecd34677566fa56095fdf1a429be97f1fd,EXACT_MATCH,MOPS_SINGLE_ELIGIBLE_FILING,3dbfe4854c668848ef466c29d6599668132eb35362afe9e136833620a48ecdeb
2368,2016-09-30,2016,3,2016-11-11,2016-11-11T16:07:57+08:00,2016-11-11,2016-11-11,2016-11-14,MOPS_EXACT,official_timestamp_second_precision,CONSOLIDATED,201603_2368_AI1.pdf,TWSE_MOPS_T57SB01_OFFICIAL_DOCUMENT_UPLOAD,c7c31d6a2f9a98ea2b8be41ec1452d07a4942ca6295c924003a3db549b278272,8a40c211c5097b5bf4352fe7db8f5dbfcedbfc4077f8a441a626ca67262ccdf4,EXACT_MATCH,MOPS_SINGLE_ELIGIBLE_FILING,306b53ca1c6c0d47799497c946df6a0c1860349533bbf1546cbe24120da807ba
2368,2016-12-31,2016,4,2017-03-27,2017-03-27T17:35:40+08:00,2017-03-27,2017-03-27,2017-03-28,MOPS_EXACT,official_timestamp_second_precision,CONSOLIDATED,201604_2368_AI1.pdf,TWSE_MOPS_T57SB01_OFFICIAL_DOCUMENT_UPLOAD,c7c31d6a2f9a98ea2b8be41ec1452d07a4942ca6295c924003a3db549b278272,3573438fae46d11fce74440523eefa43bfd01e5df323b231b3f43e160e469462,EXACT_MATCH,MOPS_CONSOLIDATED_PREFERRED_OVER_INDIVIDUAL,e581c54d89a5dc0c96fbbf7391209bf01ff5a91d95682493d5ffb660a9ec7d31
2368,2017-03-31,2017,1,2017-05-12,2017-05-12T14:35:52+08:00,2017-05-12,2017-05-12,2017-05-15,MOPS_EXACT,official_timestamp_second_precision,CONSOLIDATED,201701_2368_AI1.pdf,TWSE_MOPS_T57SB01_OFFICIAL_DOCUMENT_UPLOAD,c7c31d6a2f9a98ea2b8be41ec1452d07a4942ca6295c924003a3db549b278272,8c83d61b66d0561d3d1e400996dbece2266938041dd7e3a0fc8ec9b9e4292328,EXACT_MATCH,MOPS_SINGLE_ELIGIBLE_FILING,e47e9df6c1f7a5386ae35336b6377c119c48fac72ed0d31d56bf4a15a0c8e309
2368,2017-06-30,2017,2,2017-08-14,2017-08-14T13:21:37+08:00,2017-08-14,2017-08-14,2017-08-15,MOPS_EXACT,official_timestamp_second_precision,CONSOLIDATED,201702_2368_AI1.pdf,TWSE_MOPS_T57SB01_OFFICIAL_DOCUMENT_UPLOAD,c7c31d6a2f9a98ea2b8be41ec1452d07a4942ca6295c924003a3db549b278272,f301d6634f0e08cd0bf97cfb1de152abea43b4dac04fd87cbe467d2f472bddd6,EXACT_MATCH,MOPS_SINGLE_ELIGIBLE_FILING,111133f858d5029e3863276b64c030f46a4502209214627adfb7ef01659a3123
2368,2017-09-30,2017,3,2017-11-14,2017-11-14T09:05:51+08:00,2017-11-14,2017-11-14,2017-11-15,MOPS_EXACT,official_timestamp_second_precision,CONSOLIDATED,201703_2368_AI1.pdf,TWSE_MOPS_T57SB01_OFFICIAL_DOCUMENT_UPLOAD,c7c31d6a2f9a98ea2b8be41ec1452d07a4942ca6295c924003a3db549b278272,f0cbc2a12dff7c93d926c8849abac5ae0832292ba98d5e8e70e41fd742c77e80,EXACT_MATCH,MOPS_SINGLE_ELIGIBLE_FILING,c532f0df7b9e9dc954596aa6179ad088aa7f39a5b821192fea13f821624d7058
2368,2017-12-31,2017,4,2018-03-30,2018-03-30T10:30:13+08:00,2018-03-30,2018-03-30,2018-03-31,MOPS_EXACT,official_timestamp_second_precision,CONSOLIDATED,201704_2368_AI1.pdf,TWSE_MOPS_T57SB01_OFFICIAL_DOCUMENT_UPLOAD,c7c31d6a2f9a98ea2b8be41ec1452d07a4942ca6295c924003a3db549b278272,aae337652a158843ec6339fd179855008525495cff20531f7d4ee488a7dccd86,EXACT_MATCH,MOPS_CONSOLIDATED_PREFERRED_OVER_INDIVIDUAL,b0d845ba7effc1a58879a37c9c2bceab5415604a9e61d9781f0232d75908558b
2368,2018-03-31,2018,1,2018-05-14,2018-05-14T10:20:50+08:00,2018-05-14,2018-05-14,2018-05-15,MOPS_EXACT,official_timestamp_second_precision,CONSOLIDATED,201801_2368_AI1.pdf,TWSE_MOPS_T57SB01_OFFICIAL_DOCUMENT_UPLOAD,c7c31d6a2f9a98ea2b8be41ec1452d07a4942ca6295c924003a3db549b278272,97affa344fd13d92c71c2d15eec0e8473917055c7b01d22479e4996cef33933c,EXACT_MATCH,MOPS_SINGLE_ELIGIBLE_FILING,79a6f2ae5652e8ba04fdad51cfa67bf98ca929779ce3b5517f9709d7cdf2d83a
2368,2018-06-30,2018,2,2018-08-14,2018-08-14T08:47:07+08:00,2018-08-14,2018-08-14,2018-08-15,MOPS_EXACT,official_timestamp_second_precision,CONSOLIDATED,201802_2368_AI1.pdf,TWSE_MOPS_T57SB01_OFFICIAL_DOCUMENT_UPLOAD,c7c31d6a2f9a98ea2b8be41ec1452d07a4942ca6295c924003a3db549b278272,307430c2275fb1e6998e923843e3c023475b9eb11254b07f20555bb0abc1171f,EXACT_MATCH,MOPS_SINGLE_ELIGIBLE_FILING,c2f33968fd2b5794a2f7680ecf42ef4b9d0cd84bf09896f23fc69f9de8d04345
2368,2018-09-30,2018,3,2018-11-13,2018-11-13T16:53:57+08:00,2018-11-13,2018-11-13,2018-11-14,MOPS_EXACT,official_timestamp_second_precision,CONSOLIDATED,201803_2368_AI1.pdf,TWSE_MOPS_T57SB01_OFFICIAL_DOCUMENT_UPLOAD,c7c31d6a2f9a98ea2b8be41ec1452d07a4942ca6295c924003a3db549b278272,c24657cf3fa95188de1902b621787919e221b57c747c4c57a3a9f65f1dbd4dc9,EXACT_MATCH,MOPS_SINGLE_ELIGIBLE_FILING,2e4dac6d6574043275940a4e90e974798effe063d91a84a052aa4584a91104af
2368,2018-12-31,2018,4,2019-04-01,2019-04-01T11:22:50+08:00,2019-04-01,2019-04-01,2019-04-02,MOPS_EXACT,official_timestamp_second_precision,CONSOLIDATED,201804_2368_AI1.pdf,TWSE_MOPS_T57SB01_OFFICIAL_DOCUMENT_UPLOAD,c7c31d6a2f9a98ea2b8be41ec1452d07a4942ca6295c924003a3db549b278272,8cee9d5a5944b7d21c709e7acc6cd8c67f34711b9c029e63e4ec389f7618e1ef,EXACT_MATCH,MOPS_CONSOLIDATED_PREFERRED_OVER_INDIVIDUAL,bdfa0a09e06fce5f09da31aa455f772651bad882113202cd1f83f6d04226b9ff
2368,2019-03-31,2019,1,2019-05-14,2019-05-14T16:31:13+08:00,2019-05-14,2019-05-14,2019-05-15,MOPS_EXACT,official_timestamp_second_precision,CONSOLIDATED,201901_2368_AI1.pdf,TWSE_MOPS_T57SB01_OFFICIAL_DOCUMENT_UPLOAD,c7c31d6a2f9a98ea2b8be41ec1452d07a4942ca6295c924003a3db549b278272,05b47be29e1e8a131f25feddbe0ba0d33c6e68374e74e66142a5cca67eca06f0,EXACT_MATCH,MOPS_SINGLE_ELIGIBLE_FILING,efefed3f288bb1864d4e393edc373a0e83d068fff94d8b458aef063a0d3b25d2
2368,2019-06-30,2019,2,2019-08-14,2019-08-14T13:27:37+08:00,2019-08-14,2019-08-14,2019-08-15,MOPS_EXACT,official_timestamp_second_precision,CONSOLIDATED,201902_2368_AI1.pdf,TWSE_MOPS_T57SB01_OFFICIAL_DOCUMENT_UPLOAD,c7c31d6a2f9a98ea2b8be41ec1452d07a4942ca6295c924003a3db549b278272,089347d4c209b610d1c5afde39249bb5c3b4643442bc55ecbd9f2d61d60d7e43,EXACT_MATCH,MOPS_SINGLE_ELIGIBLE_FILING,c59b731591b1947383b304ab6e0d151482a80435fbe47c4b23c10131b0f31e31
2368,2019-09-30,2019,3,2019-11-13,2019-11-13T15:51:27+08:00,2019-11-13,2019-11-13,2019-11-14,MOPS_EXACT,official_timestamp_second_precision,CONSOLIDATED,201903_2368_AI1.pdf,TWSE_MOPS_T57SB01_OFFICIAL_DOCUMENT_UPLOAD,c7c31d6a2f9a98ea2b8be41ec1452d07a4942ca6295c924003a3db549b278272,5c96d2145800bdd77b93b6a4111f922ecacd601678a8ecb67199b4ff283fcb09,EXACT_MATCH,MOPS_SINGLE_ELIGIBLE_FILING,4aeafc82e37b5e3a37adf5ead37ea5020678c6f4b36c522b1a151d763a192fd7
2368,2019-12-31,2019,4,2020-03-26,2020-03-26T16:53:35+08:00,2020-03-26,2020-03-26,2020-03-27,MOPS_EXACT,official_timestamp_second_precision,CONSOLIDATED,201904_2368_AI1.pdf,TWSE_MOPS_T57SB01_OFFICIAL_DOCUMENT_UPLOAD,c7c31d6a2f9a98ea2b8be41ec1452d07a4942ca6295c924003a3db549b278272,3bcd7ec6cf6036d733c429fc0033e9ce5fda2234f635dcbb66ae3190c68bcd30,EXACT_MATCH,MOPS_CONSOLIDATED_PREFERRED_OVER_INDIVIDUAL,9d3f01ab59af0782cb5e0514a7cdebdd8a0eef89086622e6c6fd30a9ff655a3f
2368,2020-03-31,2020,1,2020-05-12,2020-05-12T16:23:08+08:00,2020-05-12,2020-05-12,2020-05-13,MOPS_EXACT,official_timestamp_second_precision,CONSOLIDATED,202001_2368_AI1.pdf,TWSE_MOPS_T57SB01_OFFICIAL_DOCUMENT_UPLOAD,c7c31d6a2f9a98ea2b8be41ec1452d07a4942ca6295c924003a3db549b278272,42b86ef10eeee2743852f3fcb7e1e9bb71002c4fa1c8fbcdcc9672fe243f6889,EXACT_MATCH,MOPS_SINGLE_ELIGIBLE_FILING,6d3044bfcb1f65b3170f49e05c5e6fc041b87395d4048f372614ea12b8e2a22a
2368,2020-06-30,2020,2,2020-08-12,2020-08-12T14:36:16+08:00,2020-08-12,2020-08-12,2020-08-13,MOPS_EXACT,official_timestamp_second_precision,CONSOLIDATED,202002_2368_AI1.pdf,TWSE_MOPS_T57SB01_OFFICIAL_DOCUMENT_UPLOAD,c7c31d6a2f9a98ea2b8be41ec1452d07a4942ca6295c924003a3db549b278272,e4a0c52e5c85c95c837ac143240e53b636046e3125d681b6a65adf7813d9a105,EXACT_MATCH,MOPS_SINGLE_ELIGIBLE_FILING,33fc7f5806a47b5f210b592f4054921ba242f5ecc857b27c7ee35deb965dad38
2368,2020-09-30,2020,3,2020-11-11,2020-11-11T15:39:01+08:00,2020-11-11,2020-11-11,2020-11-12,MOPS_EXACT,official_timestamp_second_precision,CONSOLIDATED,202003_2368_AI1.pdf,TWSE_MOPS_T57SB01_OFFICIAL_DOCUMENT_UPLOAD,c7c31d6a2f9a98ea2b8be41ec1452d07a4942ca6295c924003a3db549b278272,1934d8b28f83359a39ff60a2bed4c45000127279678dc8733ba059a95b32c05b,EXACT_MATCH,MOPS_SINGLE_ELIGIBLE_FILING,a372856f6c997f469a9cf570245eee5ec2a8463b47694032fc5ac1956c69ea8c
2368,2020-12-31,2020,4,2021-03-26,2021-03-26T11:44:55+08:00,2021-03-26,2021-03-26,2021-03-29,MOPS_EXACT,official_timestamp_second_precision,CONSOLIDATED,202004_2368_AI1.pdf,TWSE_MOPS_T57SB01_OFFICIAL_DOCUMENT_UPLOAD,c7c31d6a2f9a98ea2b8be41ec1452d07a4942ca6295c924003a3db549b278272,d5dc2da1f65a7eb22530a07bf19d09cf636518b06650680cb1a61c3fccf8baa8,EXACT_MATCH,MOPS_CONSOLIDATED_PREFERRED_OVER_INDIVIDUAL,396f937d95a2fd2fa4639c106903c4197e3ea4eb309e8b07409fb2295df72d88
2368,2021-03-31,2021,1,2021-05-14,2021-05-14T09:12:56+08:00,2021-05-14,2021-05-14,2021-05-17,MOPS_EXACT,official_timestamp_second_precision,CONSOLIDATED,202101_2368_AI1.pdf,TWSE_MOPS_T57SB01_OFFICIAL_DOCUMENT_UPLOAD,c7c31d6a2f9a98ea2b8be41ec1452d07a4942ca6295c924003a3db549b278272,f26bf10a426b954008a88a8a965ce1938189ed7d2613fa92e46316a80f75605e,EXACT_MATCH,MOPS_SINGLE_ELIGIBLE_FILING,729b3e5aed8726acae706623d6d5187968f5b7aa969516229094b978ad55ed2b
2368,2021-06-30,2021,2,2021-08-12,2021-08-12T16:39:42+08:00,2021-08-12,2021-08-12,2021-08-13,MOPS_EXACT,official_timestamp_second_precision,CONSOLIDATED,202102_2368_AI1.pdf,TWSE_MOPS_T57SB01_OFFICIAL_DOCUMENT_UPLOAD,c7c31d6a2f9a98ea2b8be41ec1452d07a4942ca6295c924003a3db549b278272,d4cec26b11d63acab2574f64cc9ff5968451b6f39477cc8528377aa161dc91a0,EXACT_MATCH,MOPS_SINGLE_ELIGIBLE_FILING,17217e59e7d31a55b3bd49b061ddd7dff4550b920765be3b8b7c292edc0ab408
2368,2021-09-30,2021,3,2021-11-12,2021-11-12T10:17:13+08:00,2021-11-12,2021-11-12,2021-11-15,MOPS_EXACT,official_timestamp_second_precision,CONSOLIDATED,202103_2368_AI1.pdf,TWSE_MOPS_T57SB01_OFFICIAL_DOCUMENT_UPLOAD,c7c31d6a2f9a98ea2b8be41ec1452d07a4942ca6295c924003a3db549b278272,436331e7ee7d567016f2edb6f43bf402e78db1f5227a99ea07d66929ebc8b63e,EXACT_MATCH,MOPS_SINGLE_ELIGIBLE_FILING,26d2fbc6261591570e72de2b1e7393075ba59987600c54a379411e3f6522f4d7
2368,2021-12-31,2021,4,2022-03-23,2022-03-23T15:48:23+08:00,2022-03-23,2022-03-23,2022-03-24,MOPS_EXACT,official_timestamp_second_precision,CONSOLIDATED,202104_2368_AI1.pdf,TWSE_MOPS_T57SB01_OFFICIAL_DOCUMENT_UPLOAD,c7c31d6a2f9a98ea2b8be41ec1452d07a4942ca6295c924003a3db549b278272,f23051f9f042d593c1e4448b21dafdbe49994401bfee00c586a6368ce41886d6,EXACT_MATCH,MOPS_CONSOLIDATED_PREFERRED_OVER_INDIVIDUAL,25cf65cd16baa3f17f516fc97d8d5e65037677d9484debcd1726c94bd96d3227
2368,2022-03-31,2022,1,2022-05-12,2022-05-12T17:08:28+08:00,2022-05-12,2022-05-12,2022-05-13,MOPS_EXACT,official_timestamp_second_precision,CONSOLIDATED,202201_2368_AI1.pdf,TWSE_MOPS_T57SB01_OFFICIAL_DOCUMENT_UPLOAD,c7c31d6a2f9a98ea2b8be41ec1452d07a4942ca6295c924003a3db549b278272,300d7c10067277f6091072be31ccca8505762a56a14bed03b6cc4820b93e4e03,EXACT_MATCH,MOPS_SINGLE_ELIGIBLE_FILING,e5a703c06b89ebd0284ed8588984df9f297d21536d5033dc1c84731cddc21471
2368,2022-06-30,2022,2,2022-08-11,2022-08-11T13:13:02+08:00,2022-08-11,2022-08-11,2022-08-12,MOPS_EXACT,official_timestamp_second_precision,CONSOLIDATED,202202_2368_AI1.pdf,TWSE_MOPS_T57SB01_OFFICIAL_DOCUMENT_UPLOAD,c7c31d6a2f9a98ea2b8be41ec1452d07a4942ca6295c924003a3db549b278272,e5dfaf5631e08411eca9ae6546f2ba6ddcbb12e963639550429ea3ab4c7f250e,EXACT_MATCH,MOPS_SINGLE_ELIGIBLE_FILING,f3b57ed3ff3b3ba839fdf4e22623e6409651ebe8ad6351eb4315f8f5cd905047
2368,2022-09-30,2022,3,2022-11-14,2022-11-14T13:10:16+08:00,2022-11-14,2022-11-14,2022-11-15,MOPS_EXACT,official_timestamp_second_precision,CONSOLIDATED,202203_2368_AI1.pdf,TWSE_MOPS_T57SB01_OFFICIAL_DOCUMENT_UPLOAD,c7c31d6a2f9a98ea2b8be41ec1452d07a4942ca6295c924003a3db549b278272,ba76e0cdf9ee688258b334488fca3f82e9dfcd0531e97b3c20f7d6906ccf95bd,EXACT_MATCH,MOPS_SINGLE_ELIGIBLE_FILING,4f0da91b24fdea44ab3d3f95306bc19245666df592a1636988440726c6588fe2
2368,2022-12-31,2022,4,2023-03-13,2023-03-13T15:52:36+08:00,2023-03-13,2023-03-13,2023-03-14,MOPS_EXACT,official_timestamp_second_precision,CONSOLIDATED,202204_2368_AI1.pdf,TWSE_MOPS_T57SB01_OFFICIAL_DOCUMENT_UPLOAD,c7c31d6a2f9a98ea2b8be41ec1452d07a4942ca6295c924003a3db549b278272,1bbcd823d1ea7441305d092217381a002fc39d53a776d6366efa9f5497872fce,EXACT_MATCH,MOPS_CONSOLIDATED_PREFERRED_OVER_INDIVIDUAL,7cd2273771b3707c028ca7f4e6d54e3fae052c78a7980ed5b9d52bd701d2d87f
2368,2023-03-31,2023,1,2023-05-12,2023-05-12T15:14:14+08:00,2023-05-12,2023-05-12,2023-05-15,MOPS_EXACT,official_timestamp_second_precision,CONSOLIDATED,202301_2368_AI1.pdf,TWSE_MOPS_T57SB01_OFFICIAL_DOCUMENT_UPLOAD,c7c31d6a2f9a98ea2b8be41ec1452d07a4942ca6295c924003a3db549b278272,b5618e5a0124c4e41bc4483fb4d36cb79b357bbb0276605db8d9384b3594f4b5,EXACT_MATCH,MOPS_SINGLE_ELIGIBLE_FILING,a1c45da8e8b7eff7679beb081c9e3d4a5e1da066ed27fca85c4ef7d1c4228bcb
2368,2023-06-30,2023,2,2023-08-11,2023-08-11T15:26:37+08:00,2023-08-11,2023-08-11,2023-08-14,MOPS_EXACT,official_timestamp_second_precision,CONSOLIDATED,202302_2368_AI1.pdf,TWSE_MOPS_T57SB01_OFFICIAL_DOCUMENT_UPLOAD,c7c31d6a2f9a98ea2b8be41ec1452d07a4942ca6295c924003a3db549b278272,cc614effb3783fec3f584ce24c046d47180b0ded44607c40364a48df9ae18ba8,EXACT_MATCH,MOPS_SINGLE_ELIGIBLE_FILING,e72ea1d34b9cc5b04afb60722f15861017bbf436c3f988713a816f9c2d3ad32f
2368,2023-09-30,2023,3,2023-11-10,2023-11-10T11:14:35+08:00,2023-11-10,2023-11-10,2023-11-13,MOPS_EXACT,official_timestamp_second_precision,CONSOLIDATED,202303_2368_AI1.pdf,TWSE_MOPS_T57SB01_OFFICIAL_DOCUMENT_UPLOAD,c7c31d6a2f9a98ea2b8be41ec1452d07a4942ca6295c924003a3db549b278272,7a01aaeed3434671cfc189afb1bff6b9ed1520bc9864c3b5e08461ba7ca0ea84,EXACT_MATCH,MOPS_SINGLE_ELIGIBLE_FILING,64bdd19fcf2ab21d1cc66bab6b353b43284c7768128c4cc4ac97a913b0069192
2368,2023-12-31,2023,4,2024-03-15,2024-03-15T13:34:52+08:00,2024-03-15,2024-03-15,2024-03-18,MOPS_EXACT,official_timestamp_second_precision,CONSOLIDATED,202304_2368_AI1.pdf,TWSE_MOPS_T57SB01_OFFICIAL_DOCUMENT_UPLOAD,c7c31d6a2f9a98ea2b8be41ec1452d07a4942ca6295c924003a3db549b278272,43f3d0b859690f4b427c67e18a3574000b2f34f779895efa1797b77b78f53d96,EXACT_MATCH,MOPS_CONSOLIDATED_PREFERRED_OVER_INDIVIDUAL,6f86a687d7608adff145e6d9be8d7a29a85fa568aa5557a95f4471c74fb467b4
2368,2024-03-31,2024,1,2024-05-13,2024-05-13T16:49:54+08:00,2024-05-13,2024-05-13,2024-05-14,MOPS_EXACT,official_timestamp_second_precision,CONSOLIDATED,202401_2368_AI1.pdf,TWSE_MOPS_T57SB01_OFFICIAL_DOCUMENT_UPLOAD,c7c31d6a2f9a98ea2b8be41ec1452d07a4942ca6295c924003a3db549b278272,69a88a12f839e7bce4519329c33533396781588a31f8fb78d259598030790d35,EXACT_MATCH,MOPS_SINGLE_ELIGIBLE_FILING,b43e48a8c95b52e6da9afcb86609302bc4378f1de1743a6937a446b8c8f89bdd
2368,2024-06-30,2024,2,2024-08-12,2024-08-12T15:32:32+08:00,2024-08-12,2024-08-12,2024-08-13,MOPS_EXACT,official_timestamp_second_precision,CONSOLIDATED,202402_2368_AI1.pdf,TWSE_MOPS_T57SB01_OFFICIAL_DOCUMENT_UPLOAD,c7c31d6a2f9a98ea2b8be41ec1452d07a4942ca6295c924003a3db549b278272,32438f7a0108850c88ff88b1ba04f5b345e713d35b04a525b4621393d591f1b4,EXACT_MATCH,MOPS_SINGLE_ELIGIBLE_FILING,c99c741f638ae0bc74fee476592b8a0bbcfa2d85590b408837db9dc9bd27ff08
2368,2024-09-30,2024,3,2024-11-11,2024-11-11T14:46:27+08:00,2024-11-11,2024-11-11,2024-11-12,MOPS_EXACT,official_timestamp_second_precision,CONSOLIDATED,202403_2368_AI1.pdf,TWSE_MOPS_T57SB01_OFFICIAL_DOCUMENT_UPLOAD,c7c31d6a2f9a98ea2b8be41ec1452d07a4942ca6295c924003a3db549b278272,b047ce9cbe6b81a945733e9887f431afa04799da53e465a95771af6481c58578,EXACT_MATCH,MOPS_SINGLE_ELIGIBLE_FILING,54a2efc2c66d9d79e3230b55c0b7bd9442c8c15fadf4b44bce11550224250a2f
2368,2024-12-31,2024,4,2025-03-13,2025-03-13T15:59:33+08:00,2025-03-13,2025-03-13,2025-03-14,MOPS_EXACT,official_timestamp_second_precision,CONSOLIDATED,202404_2368_AI1.pdf,TWSE_MOPS_T57SB01_OFFICIAL_DOCUMENT_UPLOAD,c7c31d6a2f9a98ea2b8be41ec1452d07a4942ca6295c924003a3db549b278272,0670b5330fb7012260e174b95bfc875e4ac909d53e584cb73f67b44a8f83779e,EXACT_MATCH,MOPS_CONSOLIDATED_PREFERRED_OVER_INDIVIDUAL,9a24aabd65127db11dda1ca24be00dfc59d8af33ebae3fcfa4609f9b7330f04e
2368,2025-03-31,2025,1,2025-05-14,2025-05-14T14:30:41+08:00,2025-05-14,2025-05-14,2025-05-15,MOPS_EXACT,official_timestamp_second_precision,CONSOLIDATED,202501_2368_AI1.pdf,TWSE_MOPS_T57SB01_OFFICIAL_DOCUMENT_UPLOAD,c7c31d6a2f9a98ea2b8be41ec1452d07a4942ca6295c924003a3db549b278272,12e340745811ddf58175f7f05d6aad84ff2bd8627ba809915a14bac339b94952,EXACT_MATCH,MOPS_SINGLE_ELIGIBLE_FILING,05d41f6e07f409fc2bd1765ecec9bddc390de112412b91ab9adc56796f4d380d
2368,2025-06-30,2025,2,2025-08-12,2025-08-12T14:06:57+08:00,2025-08-12,2025-08-12,2025-08-13,MOPS_EXACT,official_timestamp_second_precision,CONSOLIDATED,202502_2368_AI1.pdf,TWSE_MOPS_T57SB01_OFFICIAL_DOCUMENT_UPLOAD,c7c31d6a2f9a98ea2b8be41ec1452d07a4942ca6295c924003a3db549b278272,68bbc4a8f7f39af2d5ab481d31575b810be410c66bd874775ed6f88737495ee3,EXACT_MATCH,MOPS_SINGLE_ELIGIBLE_FILING,1cee3772d736985e43c9b0dbbbee736879217b6e9bc17a7841614c48b5d27da0
2368,2025-09-30,2025,3,2025-11-14,2025-11-14T13:53:05+08:00,2025-11-14,2025-11-14,2025-11-17,MOPS_EXACT,official_timestamp_second_precision,CONSOLIDATED,202503_2368_AI1.pdf,TWSE_MOPS_T57SB01_OFFICIAL_DOCUMENT_UPLOAD,c7c31d6a2f9a98ea2b8be41ec1452d07a4942ca6295c924003a3db549b278272,a1ebd9302fd2ac4a19410606e9c37c8e9acc4e46285c82b82dc629e933d2bc0f,EXACT_MATCH,MOPS_SINGLE_ELIGIBLE_FILING,eb016616f3120fccfab6264de1008fa1cb50faaa6c0edc1bc10252e982512d4e
2368,2025-12-31,2025,4,2026-03-13,2026-03-13T13:07:53+08:00,2026-03-13,2026-03-13,2026-03-16,MOPS_EXACT,official_timestamp_second_precision,CONSOLIDATED,202504_2368_AI1.pdf,TWSE_MOPS_T57SB01_OFFICIAL_DOCUMENT_UPLOAD,c7c31d6a2f9a98ea2b8be41ec1452d07a4942ca6295c924003a3db549b278272,ba96b385d34f7b6fd573c5f384a3c6d9475e1fefc949d2b301f2df75385e4132,EXACT_MATCH,MOPS_CONSOLIDATED_PREFERRED_OVER_INDIVIDUAL,376247941ab4bddad413f9312bbbd5a719457820836d5669855ba3431867e025
2368,2026-03-31,2026,1,2026-05-14,2026-05-14T14:20:41+08:00,2026-05-14,2026-05-14,2026-05-15,MOPS_EXACT,official_timestamp_second_precision,CONSOLIDATED,202601_2368_AI1.pdf,TWSE_MOPS_T57SB01_OFFICIAL_DOCUMENT_UPLOAD,c7c31d6a2f9a98ea2b8be41ec1452d07a4942ca6295c924003a3db549b278272,0b0552ac4d55bb4c52dac36c3028731ee21bcc4c6b65adb4366b99ffb37e4b43,EXACT_MATCH,MOPS_SINGLE_ELIGIBLE_FILING,218e6b948e26c3ec65cbe991fe18827004f457fae0b04478d793f57fffd81c92
2368,2026-06-30,2026,2,2026-08-14,2026-08-14T16:10:32+08:00,2026-08-14,2026-08-14,2026-08-17,MOPS_EXACT,official_timestamp_second_precision,CONSOLIDATED,202602_2368_AI1.pdf,TWSE_MOPS_T57SB01_OFFICIAL_DOCUMENT_UPLOAD,c7c31d6a2f9a98ea2b8be41ec1452d07a4942ca6295c924003a3db549b278272,e46ae5fe8670d084627c9edd813eb33e410a65224f27dc8f6c11b5d2d0138c68,EXACT_MATCH,MOPS_SINGLE_ELIGIBLE_FILING,d2276a56c6129de98dfb1aed3d8153a7caf1e5b5022bdee7f6e7842a6ef3f126
2382,2016-03-31,2016,1,2016-05-11,2016-05-11T08:12:22+08:00,2016-05-11,2016-05-11,2016-05-12,MOPS_EXACT,official_timestamp_second_precision,CONSOLIDATED,201601_2382_AI1.pdf,TWSE_MOPS_T57SB01_OFFICIAL_DOCUMENT_UPLOAD,e37aec5bf62c331a36956a60341b68875daf8ea6dc4f2a2d5a9355e717ca5dc0,e90cb3bd3607105ac30382ac88478f0648cfcdbe7e5552b3a958b8cdcf921abb,EXACT_MATCH,MOPS_SINGLE_ELIGIBLE_FILING,56987ba92097ad6c7c532184d23e46d51a9c80f6146a7dfc1c5cc4daba305f54
2382,2016-06-30,2016,2,2016-08-12,2016-08-12T15:57:08+08:00,2016-08-12,2016-08-12,2016-08-15,MOPS_EXACT,official_timestamp_second_precision,CONSOLIDATED,201602_2382_AI1.pdf,TWSE_MOPS_T57SB01_OFFICIAL_DOCUMENT_UPLOAD,e37aec5bf62c331a36956a60341b68875daf8ea6dc4f2a2d5a9355e717ca5dc0,2d87dc43445cd9795f407a24c33d6fb8d551705a19ccb86d74dd96ecf0be5bb4,EXACT_MATCH,MOPS_SINGLE_ELIGIBLE_FILING,7d681cca91e7fda7431b6468ba5d18b1a4d740813c71db5c98c57ae1b332596b
2382,2016-09-30,2016,3,2016-11-10,2016-11-10T16:54:11+08:00,2016-11-10,2016-11-10,2016-11-11,MOPS_EXACT,official_timestamp_second_precision,CONSOLIDATED,201603_2382_AI1.pdf,TWSE_MOPS_T57SB01_OFFICIAL_DOCUMENT_UPLOAD,e37aec5bf62c331a36956a60341b68875daf8ea6dc4f2a2d5a9355e717ca5dc0,785d939be24bc0aba2e7f765c17f8e51ad79b9d9d93f9d8e8be5362ab51c9d51,EXACT_MATCH,MOPS_SINGLE_ELIGIBLE_FILING,5fb6a887b51a92e69f1a7d877a1e28e9a0f749aced8dbb258f258bbf08e944d9
2382,2016-12-31,2016,4,2017-03-31,2017-03-31T14:46:24+08:00,2017-03-31,2017-03-31,2017-04-05,MOPS_EXACT,official_timestamp_second_precision,CONSOLIDATED,201604_2382_AI1.pdf,TWSE_MOPS_T57SB01_OFFICIAL_DOCUMENT_UPLOAD,e37aec5bf62c331a36956a60341b68875daf8ea6dc4f2a2d5a9355e717ca5dc0,5d7864017a824ca86335b96e75fc0b97372466b29cdef902f1af5c5c21710a3c,EXACT_MATCH,MOPS_CONSOLIDATED_PREFERRED_OVER_INDIVIDUAL,bae961cc56898b1727709697331daf9cbb9646c452415be9d8aa6d5b377ebf6e
2382,2017-03-31,2017,1,2017-05-12,2017-05-12T15:48:22+08:00,2017-05-12,2017-05-12,2017-05-15,MOPS_EXACT,official_timestamp_second_precision,CONSOLIDATED,201701_2382_AI1.pdf,TWSE_MOPS_T57SB01_OFFICIAL_DOCUMENT_UPLOAD,e37aec5bf62c331a36956a60341b68875daf8ea6dc4f2a2d5a9355e717ca5dc0,118e8ab56cb60bc267118522afd48b1451214de4421168c582f0ceadb1ca7174,EXACT_MATCH,MOPS_SINGLE_ELIGIBLE_FILING,897e7c5286893455c8ed38e4dbcc46cd9b65ed14fca4bd90f490e58a7532ffb8
2382,2017-06-30,2017,2,2017-08-10,2017-08-10T15:00:15+08:00,2017-08-10,2017-08-10,2017-08-11,MOPS_EXACT,official_timestamp_second_precision,CONSOLIDATED,201702_2382_AI1.pdf,TWSE_MOPS_T57SB01_OFFICIAL_DOCUMENT_UPLOAD,e37aec5bf62c331a36956a60341b68875daf8ea6dc4f2a2d5a9355e717ca5dc0,f36a3b6f5dd89ca3737658a8bb7bd799791b342a002aab93bcc744c7c8c38908,EXACT_MATCH,MOPS_SINGLE_ELIGIBLE_FILING,64dcf60cdd59aafaf5690e751c1b816d98a1ba663f70beb2b47c3111669b162e
2382,2017-09-30,2017,3,2017-11-14,2017-11-14T16:07:07+08:00,2017-11-14,2017-11-14,2017-11-15,MOPS_EXACT,official_timestamp_second_precision,CONSOLIDATED,201703_2382_AI1.pdf,TWSE_MOPS_T57SB01_OFFICIAL_DOCUMENT_UPLOAD,e37aec5bf62c331a36956a60341b68875daf8ea6dc4f2a2d5a9355e717ca5dc0,96f97ad03cd7740b1ac487930c9c77a687abec7fb1ee0156ee16a7b3b5f4483d,EXACT_MATCH,MOPS_SINGLE_ELIGIBLE_FILING,26dfb5a84b6b6e23e0c6db0aeb16a077a678f457e5a53eed9679963b2fed23a5
2382,2017-12-31,2017,4,2018-03-26,2018-03-26T16:56:17+08:00,2018-03-26,2018-03-26,2018-03-27,MOPS_EXACT,official_timestamp_second_precision,CONSOLIDATED,201704_2382_AI1.pdf,TWSE_MOPS_T57SB01_OFFICIAL_DOCUMENT_UPLOAD,e37aec5bf62c331a36956a60341b68875daf8ea6dc4f2a2d5a9355e717ca5dc0,4fd87e481d10931d7d3704541e31a34e5a7bd83b61b1237c3cb7b084bc2a1f03,EXACT_MATCH,MOPS_CONSOLIDATED_PREFERRED_OVER_INDIVIDUAL,e48f3af454c592e4a079753434b197bbb731afb9be895e9d7524de57c8e7b8e8
2382,2018-03-31,2018,1,2018-05-11,2018-05-11T16:09:41+08:00,2018-05-11,2018-05-11,2018-05-14,MOPS_EXACT,official_timestamp_second_precision,CONSOLIDATED,201801_2382_AI1.pdf,TWSE_MOPS_T57SB01_OFFICIAL_DOCUMENT_UPLOAD,e37aec5bf62c331a36956a60341b68875daf8ea6dc4f2a2d5a9355e717ca5dc0,7af3caf04641d98b7bbcbd22d60e0d911edf0c7d937e61d83882cef44ca31f35,EXACT_MATCH,MOPS_SINGLE_ELIGIBLE_FILING,653ebc9861d76e50f589ab74e9b85c7d033a3cd4b308fe15b286aef6bd2ca1b9
2382,2018-06-30,2018,2,2018-08-08,2018-08-08T16:47:45+08:00,2018-08-08,2018-08-08,2018-08-09,MOPS_EXACT,official_timestamp_second_precision,CONSOLIDATED,201802_2382_AI1.pdf,TWSE_MOPS_T57SB01_OFFICIAL_DOCUMENT_UPLOAD,e37aec5bf62c331a36956a60341b68875daf8ea6dc4f2a2d5a9355e717ca5dc0,bb6ff343f1bf03c7801c98c5750bba477337c027851dbb19cc48cbf94cf41726,EXACT_MATCH,MOPS_SINGLE_ELIGIBLE_FILING,fd444f713215b595f34806ec1b8b4d2ce8fdb29acd52219135539df6e3329b43
2382,2018-09-30,2018,3,2018-11-13,2018-11-13T16:35:00+08:00,2018-11-13,2018-11-13,2018-11-14,MOPS_EXACT,official_timestamp_second_precision,CONSOLIDATED,201803_2382_AI1.pdf,TWSE_MOPS_T57SB01_OFFICIAL_DOCUMENT_UPLOAD,e37aec5bf62c331a36956a60341b68875daf8ea6dc4f2a2d5a9355e717ca5dc0,88f97aea6d3b9cd40ec7e2c29ce08ae8c1686a42125d8d86deb8a81903396b2a,EXACT_MATCH,MOPS_SINGLE_ELIGIBLE_FILING,29cca7cfc6581cbb016a7649c20c4fcc7a087929b9700c0d8b701ca7ce889e1a
2382,2018-12-31,2018,4,2019-03-29,2019-03-29T13:53:14+08:00,2019-03-29,2019-03-29,2019-04-01,MOPS_EXACT,official_timestamp_second_precision,CONSOLIDATED,201804_2382_AI1.pdf,TWSE_MOPS_T57SB01_OFFICIAL_DOCUMENT_UPLOAD,e37aec5bf62c331a36956a60341b68875daf8ea6dc4f2a2d5a9355e717ca5dc0,f144fe4ce87480104a5769d27d2ec59a7d81844ddbcdf6a9f3da3b4b3ab49004,EXACT_MATCH,MOPS_CONSOLIDATED_PREFERRED_OVER_INDIVIDUAL,f9cf877445ba230f0a125c0a975ed5f71a5ca8b7d69f6378bbe526ad61a8e39b
2382,2019-03-31,2019,1,2019-05-14,2019-05-14T15:17:17+08:00,2019-05-14,2019-05-14,2019-05-15,MOPS_EXACT,official_timestamp_second_precision,CONSOLIDATED,201901_2382_AI1.pdf,TWSE_MOPS_T57SB01_OFFICIAL_DOCUMENT_UPLOAD,e37aec5bf62c331a36956a60341b68875daf8ea6dc4f2a2d5a9355e717ca5dc0,76635756a75ab1b6d2730cb2b943343aeba37237dd5005af41f4861af13191f0,EXACT_MATCH,MOPS_SINGLE_ELIGIBLE_FILING,9f4e86d8d2de718c6022e9973941cf62e1ecc4348e6420b81e07da2c0aab6bf5
2382,2019-06-30,2019,2,2019-08-13,2019-08-13T14:54:07+08:00,2019-08-13,2019-08-13,2019-08-14,MOPS_EXACT,official_timestamp_second_precision,CONSOLIDATED,201902_2382_AI1.pdf,TWSE_MOPS_T57SB01_OFFICIAL_DOCUMENT_UPLOAD,e37aec5bf62c331a36956a60341b68875daf8ea6dc4f2a2d5a9355e717ca5dc0,3f22ae5738109506a3beab0e0895913bc8493a887ecc1c10c6d726b60d9ba633,EXACT_MATCH,MOPS_SINGLE_ELIGIBLE_FILING,5c867da00177459fec7089b84c63d5b626d42680d7f59197b7e4699abe6d7208
2382,2019-09-30,2019,3,2019-11-13,2019-11-13T15:50:48+08:00,2019-11-13,2019-11-13,2019-11-14,MOPS_EXACT,official_timestamp_second_precision,CONSOLIDATED,201903_2382_AI1.pdf,TWSE_MOPS_T57SB01_OFFICIAL_DOCUMENT_UPLOAD,e37aec5bf62c331a36956a60341b68875daf8ea6dc4f2a2d5a9355e717ca5dc0,64f22fc4e5b79eedba6d72e741ba86348fe9cf42b8fac1ebe453118e246a0363,EXACT_MATCH,MOPS_SINGLE_ELIGIBLE_FILING,6c0db847af527be41dd9ef0798f35e42c35fe5b76c6b9cb808b486cd76502ea8
2382,2019-12-31,2019,4,2020-03-30,2020-03-30T16:05:52+08:00,2020-03-30,2020-03-30,2020-03-31,MOPS_EXACT,official_timestamp_second_precision,CONSOLIDATED,201904_2382_AI1.pdf,TWSE_MOPS_T57SB01_OFFICIAL_DOCUMENT_UPLOAD,e37aec5bf62c331a36956a60341b68875daf8ea6dc4f2a2d5a9355e717ca5dc0,9550c2d779cdbc2053cd06d1e5121ef3cce65aedb5f04bcb48421b59d0847a7f,EXACT_MATCH,MOPS_CONSOLIDATED_PREFERRED_OVER_INDIVIDUAL,2b538fa3612f003580e74b72ba726a76a646ca54c1f9ecb4ca459208907288e2
2382,2020-03-31,2020,1,2020-05-14,2020-05-14T15:29:38+08:00,2020-05-14,2020-05-14,2020-05-15,MOPS_EXACT,official_timestamp_second_precision,CONSOLIDATED,202001_2382_AI1.pdf,TWSE_MOPS_T57SB01_OFFICIAL_DOCUMENT_UPLOAD,e37aec5bf62c331a36956a60341b68875daf8ea6dc4f2a2d5a9355e717ca5dc0,69e0d407cadbbeed4ca10b7540e02a810de1fb3128f7895d39c9260939d87ece,EXACT_MATCH,MOPS_SINGLE_ELIGIBLE_FILING,5523e7f7f1cf5eba6d8a060f6fea7502f278022bc928c21f58e73bf18459a42d
2382,2020-06-30,2020,2,2020-08-13,2020-08-13T14:41:39+08:00,2020-08-13,2020-08-13,2020-08-14,MOPS_EXACT,official_timestamp_second_precision,CONSOLIDATED,202002_2382_AI1.pdf,TWSE_MOPS_T57SB01_OFFICIAL_DOCUMENT_UPLOAD,e37aec5bf62c331a36956a60341b68875daf8ea6dc4f2a2d5a9355e717ca5dc0,ada8536604f2f567da9cd1a861860c1216211b56a5a2044bc9ff6d6f3667a955,EXACT_MATCH,MOPS_SINGLE_ELIGIBLE_FILING,b54b46c88080047b266eb3434127283ff374fc8964d81040796007796ed8af2f
2382,2020-09-30,2020,3,2020-11-13,2020-11-13T14:49:11+08:00,2020-11-13,2020-11-13,2020-11-16,MOPS_EXACT,official_timestamp_second_precision,CONSOLIDATED,202003_2382_AI1.pdf,TWSE_MOPS_T57SB01_OFFICIAL_DOCUMENT_UPLOAD,e37aec5bf62c331a36956a60341b68875daf8ea6dc4f2a2d5a9355e717ca5dc0,00d7d6b694fab49542ec238e37333257635dab8295eddda17a2d67ebe550ffd7,EXACT_MATCH,MOPS_SINGLE_ELIGIBLE_FILING,f1366617269974bbb51551174bc55f7f671be43dc14ae7ceaf3bce4d69d11f92
2382,2020-12-31,2020,4,2021-03-30,2021-03-30T18:02:36+08:00,2021-03-30,2021-03-30,2021-03-31,MOPS_EXACT,official_timestamp_second_precision,CONSOLIDATED,202004_2382_AI1.pdf,TWSE_MOPS_T57SB01_OFFICIAL_DOCUMENT_UPLOAD,e37aec5bf62c331a36956a60341b68875daf8ea6dc4f2a2d5a9355e717ca5dc0,b89ca81a0ac2412b26d1f064ec809ceae9a511ebc79f5fcf5bd7f8f1dc053753,EXACT_MATCH,MOPS_CONSOLIDATED_PREFERRED_OVER_INDIVIDUAL,664779eb32fcbfe1e26d55cbeb48cac308759cfc67e47ce0c06c1c65b8322c86
2382,2021-03-31,2021,1,2021-05-13,2021-05-13T16:02:29+08:00,2021-05-13,2021-05-13,2021-05-14,MOPS_EXACT,official_timestamp_second_precision,CONSOLIDATED,202101_2382_AI1.pdf,TWSE_MOPS_T57SB01_OFFICIAL_DOCUMENT_UPLOAD,e37aec5bf62c331a36956a60341b68875daf8ea6dc4f2a2d5a9355e717ca5dc0,a899cdcb53f39540751da996e5c88b4d8ca4ecc7323da5c03eb78c7fe1ac0cbf,EXACT_MATCH,MOPS_SINGLE_ELIGIBLE_FILING,ec91c8d70657148a56cfe1333cc11e1f558148a39ebef86a42249c224f5f5ecb
2382,2021-06-30,2021,2,2021-08-13,2021-08-13T14:43:47+08:00,2021-08-13,2021-08-13,2021-08-16,MOPS_EXACT,official_timestamp_second_precision,CONSOLIDATED,202102_2382_AI1.pdf,TWSE_MOPS_T57SB01_OFFICIAL_DOCUMENT_UPLOAD,e37aec5bf62c331a36956a60341b68875daf8ea6dc4f2a2d5a9355e717ca5dc0,56764bc07be29394c150d429e165745b921221c1d98b76f54d4a439edfac2cc3,EXACT_MATCH,MOPS_SINGLE_ELIGIBLE_FILING,f6f2a5966faf84aefba8f843b4a5b355763415a4a087e03629347b39b2c3c9b9
2382,2021-09-30,2021,3,2021-11-12,2021-11-12T18:57:32+08:00,2021-11-12,2021-11-12,2021-11-15,MOPS_EXACT,official_timestamp_second_precision,CONSOLIDATED,202103_2382_AI1.pdf,TWSE_MOPS_T57SB01_OFFICIAL_DOCUMENT_UPLOAD,e37aec5bf62c331a36956a60341b68875daf8ea6dc4f2a2d5a9355e717ca5dc0,22ce4c577226d7d6f5c53e1e4e57658d690bbb0e8be71d8f7354178d351a5f03,EXACT_MATCH,MOPS_SINGLE_ELIGIBLE_FILING,360bb8d95feeb8d2219f7c351ac3c1080e0e1938f51f277f9480fbeb86b33cf0
2382,2021-12-31,2021,4,2022-03-16,2022-03-16T18:09:29+08:00,2022-03-16,2022-03-16,2022-03-17,MOPS_EXACT,official_timestamp_second_precision,CONSOLIDATED,202104_2382_AI1.pdf,TWSE_MOPS_T57SB01_OFFICIAL_DOCUMENT_UPLOAD,e37aec5bf62c331a36956a60341b68875daf8ea6dc4f2a2d5a9355e717ca5dc0,c59de43667027b82e70afde525fa332097ede6e71fd854cd6929047c73c75dcd,EXACT_MATCH,MOPS_CONSOLIDATED_PREFERRED_OVER_INDIVIDUAL,bf12f74d69d3bfad48fea59be88f2377a2e8031ea3cc8897ab874152f97c49a1
2382,2022-03-31,2022,1,2022-05-13,2022-05-13T16:06:16+08:00,2022-05-13,2022-05-13,2022-05-16,MOPS_EXACT,official_timestamp_second_precision,CONSOLIDATED,202201_2382_AI1.pdf,TWSE_MOPS_T57SB01_OFFICIAL_DOCUMENT_UPLOAD,e37aec5bf62c331a36956a60341b68875daf8ea6dc4f2a2d5a9355e717ca5dc0,db9704c474725b2fad7ee4148aaf968b424a914867d32169fc09928597e090f8,EXACT_MATCH,MOPS_SINGLE_ELIGIBLE_FILING,b1cad8e7a524cb929ead859865d0044b768eceac27b0057fcbe8e344b5eef054
2382,2022-06-30,2022,2,2022-08-12,2022-08-12T16:22:14+08:00,2022-08-12,2022-08-12,2022-08-15,MOPS_EXACT,official_timestamp_second_precision,CONSOLIDATED,202202_2382_AI1.pdf,TWSE_MOPS_T57SB01_OFFICIAL_DOCUMENT_UPLOAD,e37aec5bf62c331a36956a60341b68875daf8ea6dc4f2a2d5a9355e717ca5dc0,06c57ac364cb0896cbea8dfdb19767c203636ad34a36a624c570dd6f0bf4870d,EXACT_MATCH,MOPS_SINGLE_ELIGIBLE_FILING,c28f4c1509f3d261ac5a10fa29807daf71ca7acc91336b9158e26ac0090b6491
2382,2022-09-30,2022,3,2022-11-11,2022-11-11T16:09:38+08:00,2022-11-11,2022-11-11,2022-11-14,MOPS_EXACT,official_timestamp_second_precision,CONSOLIDATED,202203_2382_AI1.pdf,TWSE_MOPS_T57SB01_OFFICIAL_DOCUMENT_UPLOAD,e37aec5bf62c331a36956a60341b68875daf8ea6dc4f2a2d5a9355e717ca5dc0,ce774b7b93c1e410d229b862965a107dd09d2bf7ca6946aebee1e54cf3fdcf6b,EXACT_MATCH,MOPS_SINGLE_ELIGIBLE_FILING,f31d8105b4e3d09ad6cc1a4d8a7d53902e7068f5e63f663c53538f59adcbee46
2382,2022-12-31,2022,4,2023-03-15,2023-03-15T18:39:46+08:00,2023-03-15,2023-03-15,2023-03-16,MOPS_EXACT,official_timestamp_second_precision,CONSOLIDATED,202204_2382_AI1.pdf,TWSE_MOPS_T57SB01_OFFICIAL_DOCUMENT_UPLOAD,e37aec5bf62c331a36956a60341b68875daf8ea6dc4f2a2d5a9355e717ca5dc0,9b17656a80d2099de22c5a664a32d617ba6594d771b08bbc8d05da1606c25a31,EXACT_MATCH,MOPS_CONSOLIDATED_PREFERRED_OVER_INDIVIDUAL,999dde15d17fb503ce55c21ec88d45c0692d6387b6d9e3bdf6da7fbd2359e810
2382,2023-03-31,2023,1,2023-05-11,2023-05-11T14:40:02+08:00,2023-05-11,2023-05-11,2023-05-12,MOPS_EXACT,official_timestamp_second_precision,CONSOLIDATED,202301_2382_AI1.pdf,TWSE_MOPS_T57SB01_OFFICIAL_DOCUMENT_UPLOAD,e37aec5bf62c331a36956a60341b68875daf8ea6dc4f2a2d5a9355e717ca5dc0,e11a5406dcf68a521a18186f3a59851f5b937c97ed4c1904d733faf49cc7a260,EXACT_MATCH,MOPS_SINGLE_ELIGIBLE_FILING,e8d7dab847b4bb99657398617cfb822b6df004762e0ea737535553ed1575ee03
2382,2023-06-30,2023,2,2023-08-11,2023-08-11T14:57:21+08:00,2023-08-11,2023-08-11,2023-08-14,MOPS_EXACT,official_timestamp_second_precision,CONSOLIDATED,202302_2382_AI1.pdf,TWSE_MOPS_T57SB01_OFFICIAL_DOCUMENT_UPLOAD,e37aec5bf62c331a36956a60341b68875daf8ea6dc4f2a2d5a9355e717ca5dc0,febcfea3158b18cd8c5aecfb7b1a067d871f6f62b2a19908b3043079c081ace6,EXACT_MATCH,MOPS_SINGLE_ELIGIBLE_FILING,e2d89ec40de27d02ac347ecb5b4b3e2f415c1767ebf590254a722da526d0e8ea
2382,2023-09-30,2023,3,2023-11-10,2023-11-10T15:41:59+08:00,2023-11-10,2023-11-10,2023-11-13,MOPS_EXACT,official_timestamp_second_precision,CONSOLIDATED,202303_2382_AI1.pdf,TWSE_MOPS_T57SB01_OFFICIAL_DOCUMENT_UPLOAD,e37aec5bf62c331a36956a60341b68875daf8ea6dc4f2a2d5a9355e717ca5dc0,954de634cafb551e593d948e31ff761686502fb01e33f4dc7066417a7476f3f9,EXACT_MATCH,MOPS_SINGLE_ELIGIBLE_FILING,00190fff7a3c853a6f634dfda99b9713057b92e48fc54a5f1a4bfc69c3ca0633
2382,2023-12-31,2023,4,2024-03-15,2024-03-15T15:52:21+08:00,2024-03-15,2024-03-15,2024-03-18,MOPS_EXACT,official_timestamp_second_precision,CONSOLIDATED,202304_2382_AI1.pdf,TWSE_MOPS_T57SB01_OFFICIAL_DOCUMENT_UPLOAD,e37aec5bf62c331a36956a60341b68875daf8ea6dc4f2a2d5a9355e717ca5dc0,35d0ce65c1ffb8aeef7d859968251aca768c18184c3b4847a6ca05c3d40b2a9d,EXACT_MATCH,MOPS_CONSOLIDATED_PREFERRED_OVER_INDIVIDUAL,dee19806d4b46603796bda2c20dc038fe8522e2dcf1cd6032e3c338be1ec1a64
2382,2024-03-31,2024,1,2024-05-15,2024-05-15T14:29:18+08:00,2024-05-15,2024-05-15,2024-05-16,MOPS_EXACT,official_timestamp_second_precision,CONSOLIDATED,202401_2382_AI1.pdf,TWSE_MOPS_T57SB01_OFFICIAL_DOCUMENT_UPLOAD,e37aec5bf62c331a36956a60341b68875daf8ea6dc4f2a2d5a9355e717ca5dc0,fa276043644eeab5e9935445b2697a9f7ac6ffe1cdb0d9ed442ed0a5088f718e,EXACT_MATCH,MOPS_SINGLE_ELIGIBLE_FILING,fea9e2d032033eb7d0a238e84c04c8ca4ad1cb18798c2a7610466d2d4106a1dc
2382,2024-06-30,2024,2,2024-08-09,2024-08-09T15:55:04+08:00,2024-08-09,2024-08-09,2024-08-12,MOPS_EXACT,official_timestamp_second_precision,CONSOLIDATED,202402_2382_AI1.pdf,TWSE_MOPS_T57SB01_OFFICIAL_DOCUMENT_UPLOAD,e37aec5bf62c331a36956a60341b68875daf8ea6dc4f2a2d5a9355e717ca5dc0,dbd8bb7bd064d865cc9180fb033470390af4837d54c2f93e382f69f33d045664,EXACT_MATCH,MOPS_SINGLE_ELIGIBLE_FILING,053b69e803c5ef5413033d785410d5dd8cd4c4bc50e0902337102c3370c08868
2382,2024-09-30,2024,3,2024-11-14,2024-11-14T14:02:10+08:00,2024-11-14,2024-11-14,2024-11-15,MOPS_EXACT,official_timestamp_second_precision,CONSOLIDATED,202403_2382_AI1.pdf,TWSE_MOPS_T57SB01_OFFICIAL_DOCUMENT_UPLOAD,e37aec5bf62c331a36956a60341b68875daf8ea6dc4f2a2d5a9355e717ca5dc0,f4557ddf3094488cfad4b1f89e89e5386b5dc667a4c482d0e8f2dee50b223000,EXACT_MATCH,MOPS_SINGLE_ELIGIBLE_FILING,de7fa65c70066c8f52508a2f5108933c4cb65bab8e885a18d4d2891ce7791d05
2382,2024-12-31,2024,4,2025-02-27,2025-02-27T16:18:33+08:00,2025-02-27,2025-02-27,2025-03-03,MOPS_EXACT,official_timestamp_second_precision,CONSOLIDATED,202404_2382_AI1.pdf,TWSE_MOPS_T57SB01_OFFICIAL_DOCUMENT_UPLOAD,e37aec5bf62c331a36956a60341b68875daf8ea6dc4f2a2d5a9355e717ca5dc0,13a08e14097aa7effa3b9ba3feb67ee1585942f169b956da3187b999965356b1,EXACT_MATCH,MOPS_CONSOLIDATED_PREFERRED_OVER_INDIVIDUAL,bf3bacfd167d97fc9dea5c17c3845726d85a37e8717b55356f45486e4ccaae8b
2382,2025-03-31,2025,1,2025-05-14,2025-05-14T13:43:43+08:00,2025-05-14,2025-05-14,2025-05-15,MOPS_EXACT,official_timestamp_second_precision,CONSOLIDATED,202501_2382_AI1.pdf,TWSE_MOPS_T57SB01_OFFICIAL_DOCUMENT_UPLOAD,e37aec5bf62c331a36956a60341b68875daf8ea6dc4f2a2d5a9355e717ca5dc0,bb50e530e66446b8b8824ad1101669a174e5e67bf2d82c652c8e4babfe469411,EXACT_MATCH,MOPS_SINGLE_ELIGIBLE_FILING,e6c7bedc1f654d1e1feba0c9aea1aa26e3035c24561c2fdb715fc36d60574b8e
2382,2025-06-30,2025,2,2025-08-12,2025-08-12T14:58:19+08:00,2025-08-12,2025-08-12,2025-08-13,MOPS_EXACT,official_timestamp_second_precision,CONSOLIDATED,202502_2382_AI1.pdf,TWSE_MOPS_T57SB01_OFFICIAL_DOCUMENT_UPLOAD,e37aec5bf62c331a36956a60341b68875daf8ea6dc4f2a2d5a9355e717ca5dc0,07ccf7da022fcd9a51f00cb57a3f4d571e249192c8330c1c9b6c5850e6e497d0,EXACT_MATCH,MOPS_SINGLE_ELIGIBLE_FILING,03bd43b3252e0909b978064f818412c3f2519031a1f18ad1f308fc725769702a
2382,2025-09-30,2025,3,2025-11-11,2025-11-11T14:53:19+08:00,2025-11-11,2025-11-11,2025-11-12,MOPS_EXACT,official_timestamp_second_precision,CONSOLIDATED,202503_2382_AI1.pdf,TWSE_MOPS_T57SB01_OFFICIAL_DOCUMENT_UPLOAD,e37aec5bf62c331a36956a60341b68875daf8ea6dc4f2a2d5a9355e717ca5dc0,46e0b0cb96f3571c80c2ece239ac0015d4c295a4b96cbb43b531889ccd426ba7,EXACT_MATCH,MOPS_SINGLE_ELIGIBLE_FILING,023673ebc65923781b5ea8d7f159fc8149d86d478796fa88965766c164664eb8
2382,2025-12-31,2025,4,2026-03-03,2026-03-03T13:58:04+08:00,2026-03-03,2026-03-03,2026-03-04,MOPS_EXACT,official_timestamp_second_precision,CONSOLIDATED,202504_2382_AI1.pdf,TWSE_MOPS_T57SB01_OFFICIAL_DOCUMENT_UPLOAD,e37aec5bf62c331a36956a60341b68875daf8ea6dc4f2a2d5a9355e717ca5dc0,fa4fcc22d04b30ccfc36a8e6efb6e4a414039a5b0c1103805e836bd4c6d5e4f3,EXACT_MATCH,MOPS_CONSOLIDATED_PREFERRED_OVER_INDIVIDUAL,0db9c5a3d8a15dbeeb57cc14f2a150274d564246bbb7dc209b036b0dd52503a1
2382,2026-03-31,2026,1,2026-05-14,2026-05-14T15:11:13+08:00,2026-05-14,2026-05-14,2026-05-15,MOPS_EXACT,official_timestamp_second_precision,CONSOLIDATED,202601_2382_AI1.pdf,TWSE_MOPS_T57SB01_OFFICIAL_DOCUMENT_UPLOAD,e37aec5bf62c331a36956a60341b68875daf8ea6dc4f2a2d5a9355e717ca5dc0,a5bd7c0f8c6aa82d1aca8b9e9925c933a545c4e1a9765250d9c91305f0de2676,EXACT_MATCH,MOPS_SINGLE_ELIGIBLE_FILING,aaac50ff85a1cc533425158955b02090f161df533a5dc3fa7cff9ee19e0fa009
2382,2026-06-30,2026,2,2026-08-13,2026-08-13T17:01:28+08:00,2026-08-13,2026-08-13,2026-08-14,MOPS_EXACT,official_timestamp_second_precision,CONSOLIDATED,202602_2382_AI1.pdf,TWSE_MOPS_T57SB01_OFFICIAL_DOCUMENT_UPLOAD,e37aec5bf62c331a36956a60341b68875daf8ea6dc4f2a2d5a9355e717ca5dc0,fe6403bc198c8687ca0b639b8b12b20748b038d0dba8b954341cc072804e42a0,EXACT_MATCH,MOPS_SINGLE_ELIGIBLE_FILING,6841c1f90b1efe27a2ee21aadce51df65b1a9a34ac023eb2c9323de3ecfcb8cf
2383,2016-03-31,2016,1,2016-04-28,2016-04-28T16:18:53+08:00,2016-04-28,2016-04-28,2016-04-29,MOPS_EXACT,official_timestamp_second_precision,CONSOLIDATED,201601_2383_AI1.pdf,TWSE_MOPS_T57SB01_OFFICIAL_DOCUMENT_UPLOAD,a2737800da6678d5c399f6c5eba9aa72cae9b8de2701ce285c97028494ad3d21,ec407d624c6eeab2ceb4dcf77b3806df359a40c1f57f474664365a785f5595fa,EXACT_MATCH,MOPS_SINGLE_ELIGIBLE_FILING,44ab4c0b923530a37c84dc9badbd1c39fcca5108e44c6f9f5b7fd2d1f5aad440
2383,2016-06-30,2016,2,2016-08-02,2016-08-02T17:11:21+08:00,2016-08-02,2016-08-02,2016-08-03,MOPS_EXACT,official_timestamp_second_precision,CONSOLIDATED,201602_2383_AI1.pdf,TWSE_MOPS_T57SB01_OFFICIAL_DOCUMENT_UPLOAD,a2737800da6678d5c399f6c5eba9aa72cae9b8de2701ce285c97028494ad3d21,86dec516353ad8d84f62c759d7874ca8e4b634a285424f1b363f58340740f953,EXACT_MATCH,MOPS_SINGLE_ELIGIBLE_FILING,07332276a8766d6adaae862371e3a91079fe8fde3e9c230cd80899555949b729
2383,2016-09-30,2016,3,2016-11-03,2016-11-03T16:12:22+08:00,2016-11-03,2016-11-03,2016-11-04,MOPS_EXACT,official_timestamp_second_precision,CONSOLIDATED,201603_2383_AI1.pdf,TWSE_MOPS_T57SB01_OFFICIAL_DOCUMENT_UPLOAD,a2737800da6678d5c399f6c5eba9aa72cae9b8de2701ce285c97028494ad3d21,4dd94b49779cc3520754098e79e2ecb016330adf46e8c507f945e977c6440cc1,EXACT_MATCH,MOPS_SINGLE_ELIGIBLE_FILING,ef0ebbaf39973387fd78c0118d06fccb7276b2c2f65b209424ba0c54536b23c3
2383,2016-12-31,2016,4,2017-03-16,2017-03-16T19:53:20+08:00,2017-03-16,2017-03-16,2017-03-17,MOPS_EXACT,official_timestamp_second_precision,CONSOLIDATED,201604_2383_AI1.pdf,TWSE_MOPS_T57SB01_OFFICIAL_DOCUMENT_UPLOAD,a2737800da6678d5c399f6c5eba9aa72cae9b8de2701ce285c97028494ad3d21,39d195fb17c0a211edaeba019c906669cba3ed6a8e243e4de8ce99e63d450cb7,EXACT_MATCH,MOPS_CONSOLIDATED_PREFERRED_OVER_INDIVIDUAL,00f1375ba3355b6bedbe03ab11623362163fe172586bc76e2f88caa87408d07a
2383,2017-03-31,2017,1,2017-04-28,2017-04-28T08:17:59+08:00,2017-04-28,2017-04-28,2017-05-02,MOPS_EXACT,official_timestamp_second_precision,CONSOLIDATED,201701_2383_AI1.pdf,TWSE_MOPS_T57SB01_OFFICIAL_DOCUMENT_UPLOAD,a2737800da6678d5c399f6c5eba9aa72cae9b8de2701ce285c97028494ad3d21,dfdd3989a048c9bb60b4143bd174da2c9517110268884d3b198f1911b6eb243d,EXACT_MATCH,MOPS_SINGLE_ELIGIBLE_FILING,0c27f955c8e2ebaf4dbfeeb9c64c14f02957a0c8375cddffb533909cc8d03fe8
2383,2017-06-30,2017,2,2017-07-28,2017-07-28T08:10:05+08:00,2017-07-28,2017-07-28,2017-07-31,MOPS_EXACT,official_timestamp_second_precision,CONSOLIDATED,201702_2383_AI1.pdf,TWSE_MOPS_T57SB01_OFFICIAL_DOCUMENT_UPLOAD,a2737800da6678d5c399f6c5eba9aa72cae9b8de2701ce285c97028494ad3d21,f5a73d2e45627048d40061280a44d41ac102df31f292b9ec42acd35b3e973a75,EXACT_MATCH,MOPS_SINGLE_ELIGIBLE_FILING,826679c4b3b7d3e9677aeefe2e96ed092eb497d397a8f53c234a2895dcc79481
2383,2017-09-30,2017,3,2017-10-31,2017-10-31T16:55:03+08:00,2017-10-31,2017-10-31,2017-11-01,MOPS_EXACT,official_timestamp_second_precision,CONSOLIDATED,201703_2383_AI1.pdf,TWSE_MOPS_T57SB01_OFFICIAL_DOCUMENT_UPLOAD,a2737800da6678d5c399f6c5eba9aa72cae9b8de2701ce285c97028494ad3d21,9316f39e80839886f9e83f6bfef1199416ca45730687c62dbf7f667111c942c9,EXACT_MATCH,MOPS_SINGLE_ELIGIBLE_FILING,bb78b3c3eaa7ca21b688410dff322e36cc35aa5e0b71c9969606c26fad2c284b
2383,2017-12-31,2017,4,2018-03-20,2018-03-20T18:40:21+08:00,2018-03-20,2018-03-20,2018-03-21,MOPS_EXACT,official_timestamp_second_precision,CONSOLIDATED,201704_2383_AI1.pdf,TWSE_MOPS_T57SB01_OFFICIAL_DOCUMENT_UPLOAD,a2737800da6678d5c399f6c5eba9aa72cae9b8de2701ce285c97028494ad3d21,a69daade90dfc14a425655d59fc9d8216421b9f397f38077d5db31d17e5aedba,EXACT_MATCH,MOPS_CONSOLIDATED_PREFERRED_OVER_INDIVIDUAL,bdf917cca79962cd89c20b45996eb936ba9a38f47b74aa397c2c515c5248f13a
2383,2018-03-31,2018,1,2018-04-27,2018-04-27T07:55:06+08:00,2018-04-27,2018-04-27,2018-04-30,MOPS_EXACT,official_timestamp_second_precision,CONSOLIDATED,201801_2383_AI1.pdf,TWSE_MOPS_T57SB01_OFFICIAL_DOCUMENT_UPLOAD,a2737800da6678d5c399f6c5eba9aa72cae9b8de2701ce285c97028494ad3d21,07f71b164d89fc7322a0d83db95167dc97a87feb527e1693c2f6be728ac1604a,EXACT_MATCH,MOPS_SINGLE_ELIGIBLE_FILING,0be7f640d8ccb7ce62ba83d929b1684fa35d245def1cf06ceeffa5f09c2d14ee
2383,2018-06-30,2018,2,2018-08-01,2018-08-01T07:48:21+08:00,2018-08-01,2018-08-01,2018-08-02,MOPS_EXACT,official_timestamp_second_precision,CONSOLIDATED,201802_2383_AI1.pdf,TWSE_MOPS_T57SB01_OFFICIAL_DOCUMENT_UPLOAD,a2737800da6678d5c399f6c5eba9aa72cae9b8de2701ce285c97028494ad3d21,3c2d627b886e5ce16379b22689d81ea3a823db3108d5b4386092ec7e4180100c,EXACT_MATCH,MOPS_SINGLE_ELIGIBLE_FILING,e822c602ee7e00049ea2df73821bb952dc895d38a7f84c83935ea24af751c616
2383,2018-09-30,2018,3,2018-10-31,2018-10-31T16:44:25+08:00,2018-10-31,2018-10-31,2018-11-01,MOPS_EXACT,official_timestamp_second_precision,CONSOLIDATED,201803_2383_AI1.pdf,TWSE_MOPS_T57SB01_OFFICIAL_DOCUMENT_UPLOAD,a2737800da6678d5c399f6c5eba9aa72cae9b8de2701ce285c97028494ad3d21,518b22470c7ec6d6fce6b67f334bd5e20d8a9f366e53268eb9144aac80aa688b,EXACT_MATCH,MOPS_SINGLE_ELIGIBLE_FILING,b556177a60e70953a3b74ce097143b2856f5426dc7e51e05a4c1cdf47ca70d9e
2383,2018-12-31,2018,4,2019-03-25,2019-03-25T13:39:19+08:00,2019-03-25,2019-03-25,2019-03-26,MOPS_EXACT,official_timestamp_second_precision,CONSOLIDATED,201804_2383_AI1.pdf,TWSE_MOPS_T57SB01_OFFICIAL_DOCUMENT_UPLOAD,a2737800da6678d5c399f6c5eba9aa72cae9b8de2701ce285c97028494ad3d21,7fe59837d3c41b7ac12bd3004abf104e402b52298bf9d47ab9db455f993176e3,EXACT_MATCH,MOPS_CONSOLIDATED_PREFERRED_OVER_INDIVIDUAL,9a8978b5249b4ae6453d08e6cfa0f04d22a1a599bf80595f8f0a6ca6f881f91c
2383,2019-03-31,2019,1,2019-04-29,2019-04-29T08:31:04+08:00,2019-04-29,2019-04-29,2019-04-30,MOPS_EXACT,official_timestamp_second_precision,CONSOLIDATED,201901_2383_AI1.pdf,TWSE_MOPS_T57SB01_OFFICIAL_DOCUMENT_UPLOAD,a2737800da6678d5c399f6c5eba9aa72cae9b8de2701ce285c97028494ad3d21,318c802c836fe14d017f9709aadd0da2cfd418cb2e1603b66bcf6dcf5e6f163e,EXACT_MATCH,MOPS_SINGLE_ELIGIBLE_FILING,183eb1a69a7628c07ccaba8a6e48bcf9f5fa482b90b484886d49dfffb4ad2677
2383,2019-06-30,2019,2,2019-07-31,2019-07-31T17:15:55+08:00,2019-07-31,2019-07-31,2019-08-01,MOPS_EXACT,official_timestamp_second_precision,CONSOLIDATED,201902_2383_AI1.pdf,TWSE_MOPS_T57SB01_OFFICIAL_DOCUMENT_UPLOAD,a2737800da6678d5c399f6c5eba9aa72cae9b8de2701ce285c97028494ad3d21,24dd2aed72594d5d884ec4ce1951763a076460810d2bcf5ccc0e58d5e5f9a681,EXACT_MATCH,MOPS_SINGLE_ELIGIBLE_FILING,d0fca2fdc8445b756864d8c241532f7b2ba262a9f49fe7927836fd4f04accd92
2383,2019-09-30,2019,3,2019-10-30,2019-10-30T17:33:01+08:00,2019-10-30,2019-10-30,2019-10-31,MOPS_EXACT,official_timestamp_second_precision,CONSOLIDATED,201903_2383_AI1.pdf,TWSE_MOPS_T57SB01_OFFICIAL_DOCUMENT_UPLOAD,a2737800da6678d5c399f6c5eba9aa72cae9b8de2701ce285c97028494ad3d21,bc391fd7246100af8b857d16c849a3e02cba8f9870fd3845e16d1173d1034c8f,EXACT_MATCH,MOPS_SINGLE_ELIGIBLE_FILING,93db563cc08f56aa84f2ccec2e566ca68726eea212831233100f74ffcc462b82
2383,2019-12-31,2019,4,2020-03-20,2020-03-20T18:34:06+08:00,2020-03-20,2020-03-20,2020-03-23,MOPS_EXACT,official_timestamp_second_precision,CONSOLIDATED,201904_2383_AI1.pdf,TWSE_MOPS_T57SB01_OFFICIAL_DOCUMENT_UPLOAD,a2737800da6678d5c399f6c5eba9aa72cae9b8de2701ce285c97028494ad3d21,57ccaf2bc82bad1c36965ed2417bf39d92fb50842e48b758b3d73789eb41f9bf,EXACT_MATCH,MOPS_CONSOLIDATED_PREFERRED_OVER_INDIVIDUAL,a9cc982b329eaf3cc4fec5dcb03b761132057329f539b03e94d0a6bdce01027e
2383,2020-03-31,2020,1,2020-04-30,2020-04-30T16:19:00+08:00,2020-04-30,2020-04-30,2020-05-04,MOPS_EXACT,official_timestamp_second_precision,CONSOLIDATED,202001_2383_AI1.pdf,TWSE_MOPS_T57SB01_OFFICIAL_DOCUMENT_UPLOAD,a2737800da6678d5c399f6c5eba9aa72cae9b8de2701ce285c97028494ad3d21,7763e8528159d1f25368ffbdeee85dd11e3c7769aa8df36ea3a2c871007f7b05,EXACT_MATCH,MOPS_SINGLE_ELIGIBLE_FILING,6726373427cdea254b4c70adff2f33f2b9425f926174f4b04fc1361cad47fba5
2383,2020-06-30,2020,2,2020-07-31,2020-07-31T17:19:44+08:00,2020-07-31,2020-07-31,2020-08-03,MOPS_EXACT,official_timestamp_second_precision,CONSOLIDATED,202002_2383_AI1.pdf,TWSE_MOPS_T57SB01_OFFICIAL_DOCUMENT_UPLOAD,a2737800da6678d5c399f6c5eba9aa72cae9b8de2701ce285c97028494ad3d21,c80766841c054cc4a12acbb0a64b84513bf6614f5f7d78dd8f47ba9b5dab4bcb,EXACT_MATCH,MOPS_SINGLE_ELIGIBLE_FILING,3610b8823aea5b24b7c363003a6a263f7d071f542b5d655c856e1bb46d3c3fd3
2383,2020-09-30,2020,3,2020-11-02,2020-11-02T16:25:17+08:00,2020-11-02,2020-11-02,2020-11-03,MOPS_EXACT,official_timestamp_second_precision,CONSOLIDATED,202003_2383_AI1.pdf,TWSE_MOPS_T57SB01_OFFICIAL_DOCUMENT_UPLOAD,a2737800da6678d5c399f6c5eba9aa72cae9b8de2701ce285c97028494ad3d21,a45dca707144f1e2b30fdc81ec26e4eba2530e02d9cc22cee066a04c69e3fd2b,EXACT_MATCH,MOPS_SINGLE_ELIGIBLE_FILING,b775ac68ed3e4a07f3b996a866429c3449df0ae6d6db4775aadb179387f20cf2
2383,2020-12-31,2020,4,2021-02-26,2021-02-26T08:19:54+08:00,2021-02-26,2021-02-26,2021-03-02,MOPS_EXACT,official_timestamp_second_precision,CONSOLIDATED,202004_2383_AI1.pdf,TWSE_MOPS_T57SB01_OFFICIAL_DOCUMENT_UPLOAD,a2737800da6678d5c399f6c5eba9aa72cae9b8de2701ce285c97028494ad3d21,1db90355954b401a947e78f8080b8baaddfc3e95ca6b925f37cb353f36979635,EXACT_MATCH,MOPS_CONSOLIDATED_PREFERRED_OVER_INDIVIDUAL,19d96a442a8587410b502835278c3802cdaf9d084777b48841a638b198f0d2fd
2383,2021-03-31,2021,1,2021-04-29,2021-04-29T16:22:18+08:00,2021-04-29,2021-04-29,2021-05-03,MOPS_EXACT,official_timestamp_second_precision,CONSOLIDATED,202101_2383_AI1.pdf,TWSE_MOPS_T57SB01_OFFICIAL_DOCUMENT_UPLOAD,a2737800da6678d5c399f6c5eba9aa72cae9b8de2701ce285c97028494ad3d21,74687ef273b72846691acc093c4e44b84d0af457fec1546cc83c1d0cb97d96ba,EXACT_MATCH,MOPS_SINGLE_ELIGIBLE_FILING,bc3230a8c8e16d9318e99696613ed451ba3213c7ebe340ec38b4fb3dc2c011d8
2383,2021-06-30,2021,2,2021-07-29,2021-07-29T10:20:33+08:00,2021-07-29,2021-07-29,2021-07-30,MOPS_EXACT,official_timestamp_second_precision,CONSOLIDATED,202102_2383_AI1.pdf,TWSE_MOPS_T57SB01_OFFICIAL_DOCUMENT_UPLOAD,a2737800da6678d5c399f6c5eba9aa72cae9b8de2701ce285c97028494ad3d21,2e9a74cb1d4daa9a5054ed59134ea603d99460dde0c5672241d6f5e87eccd3f6,EXACT_MATCH,MOPS_SINGLE_ELIGIBLE_FILING,8c6d70265fd2ef429fa1950d6ff054497072c75874b68b34bd6933aa4e3cc79f
2383,2021-09-30,2021,3,2021-10-27,2021-10-27T15:25:00+08:00,2021-10-27,2021-10-27,2021-10-28,MOPS_EXACT,official_timestamp_second_precision,CONSOLIDATED,202103_2383_AI1.pdf,TWSE_MOPS_T57SB01_OFFICIAL_DOCUMENT_UPLOAD,a2737800da6678d5c399f6c5eba9aa72cae9b8de2701ce285c97028494ad3d21,efb8795a498767d57c9e6620437fa0cc02059c06082b945c4640a792a2c028c3,EXACT_MATCH,MOPS_SINGLE_ELIGIBLE_FILING,33ea7ecd6b425eebe956ab3d78580afe2ed9d721fb6eb62ce924a687b409d77a
2383,2021-12-31,2021,4,2022-02-23,2022-02-23T18:56:23+08:00,2022-02-23,2022-02-23,2022-02-24,MOPS_EXACT,official_timestamp_second_precision,CONSOLIDATED,202104_2383_AI1.pdf,TWSE_MOPS_T57SB01_OFFICIAL_DOCUMENT_UPLOAD,a2737800da6678d5c399f6c5eba9aa72cae9b8de2701ce285c97028494ad3d21,10fc95c7415fe6ab6dfd6372fcd8816680e2f612c5092c8bc9bb2db67609ecbc,EXACT_MATCH,MOPS_CONSOLIDATED_PREFERRED_OVER_INDIVIDUAL,6971de107ee2ecd1d6d36acd896c394686a187cac86881c64805ae1a81cf9e41
2383,2022-03-31,2022,1,2022-04-29,2022-04-29T08:13:45+08:00,2022-04-29,2022-04-29,2022-05-03,MOPS_EXACT,official_timestamp_second_precision,CONSOLIDATED,202201_2383_AI1.pdf,TWSE_MOPS_T57SB01_OFFICIAL_DOCUMENT_UPLOAD,a2737800da6678d5c399f6c5eba9aa72cae9b8de2701ce285c97028494ad3d21,fdc489b7ce62e7ddf4195ecd42b5fdb53bc371ebde2494024cc94469fe09c91a,EXACT_MATCH,MOPS_SINGLE_ELIGIBLE_FILING,220f240c9915b58d6028b79eee8a9948ace135db06453b5f58be00223ba15f6c
2383,2022-06-30,2022,2,2022-07-27,2022-07-27T16:17:41+08:00,2022-07-27,2022-07-27,2022-07-28,MOPS_EXACT,official_timestamp_second_precision,CONSOLIDATED,202202_2383_AI1.pdf,TWSE_MOPS_T57SB01_OFFICIAL_DOCUMENT_UPLOAD,a2737800da6678d5c399f6c5eba9aa72cae9b8de2701ce285c97028494ad3d21,e192b1c0dfbb3d18836f5bea8a9e7f2b39702c29ea2e7e230065e210357327c1,EXACT_MATCH,MOPS_SINGLE_ELIGIBLE_FILING,5092d2f0320de82cdb9fb08582e7421ebc03f6c640d1f399449598081babf29b
2383,2022-09-30,2022,3,2022-10-28,2022-10-28T17:27:16+08:00,2022-10-28,2022-10-28,2022-10-31,MOPS_EXACT,official_timestamp_second_precision,CONSOLIDATED,202203_2383_AI1.pdf,TWSE_MOPS_T57SB01_OFFICIAL_DOCUMENT_UPLOAD,a2737800da6678d5c399f6c5eba9aa72cae9b8de2701ce285c97028494ad3d21,e422827639d283e33080ee35bc30783cf1f2c25dd4ba6fe6a16e958c4973cba0,EXACT_MATCH,MOPS_SINGLE_ELIGIBLE_FILING,587c491acaf560743da1a68033c47173eda1e7e4a24a447c360c2fa5ea66112a
2383,2022-12-31,2022,4,2023-02-23,2023-02-23T18:01:02+08:00,2023-02-23,2023-02-23,2023-02-24,MOPS_EXACT,official_timestamp_second_precision,CONSOLIDATED,202204_2383_AI1.pdf,TWSE_MOPS_T57SB01_OFFICIAL_DOCUMENT_UPLOAD,a2737800da6678d5c399f6c5eba9aa72cae9b8de2701ce285c97028494ad3d21,878cb9aeefd0de1e47107941c9a7f07d64c8dad4307de1f7634fdacefc275561,EXACT_MATCH,MOPS_CONSOLIDATED_PREFERRED_OVER_INDIVIDUAL,02f3a07240aa1c6842c2e1fa9988eefc1515eeaa4f527e5edee81f4cab7e671c
2383,2023-03-31,2023,1,2023-04-27,2023-04-27T08:08:25+08:00,2023-04-27,2023-04-27,2023-04-28,MOPS_EXACT,official_timestamp_second_precision,CONSOLIDATED,202301_2383_AI1.pdf,TWSE_MOPS_T57SB01_OFFICIAL_DOCUMENT_UPLOAD,a2737800da6678d5c399f6c5eba9aa72cae9b8de2701ce285c97028494ad3d21,907cb58c3b37a0a6d698e2de1660678b0f3a2dbff0ead2c8a6a38afc5ccf8797,EXACT_MATCH,MOPS_SINGLE_ELIGIBLE_FILING,61b1848cc5f2e4de6a2cab6928a4589805806f97e63fa4a82cac570a0893927e
2383,2023-06-30,2023,2,2023-07-26,2023-07-26T16:57:09+08:00,2023-07-26,2023-07-26,2023-07-27,MOPS_EXACT,official_timestamp_second_precision,CONSOLIDATED,202302_2383_AI1.pdf,TWSE_MOPS_T57SB01_OFFICIAL_DOCUMENT_UPLOAD,a2737800da6678d5c399f6c5eba9aa72cae9b8de2701ce285c97028494ad3d21,32477332858a775eadc458658a77906e6cd9ba4f13a6c6d7bf7b0d4186a3df9b,EXACT_MATCH,MOPS_SINGLE_ELIGIBLE_FILING,61905528eb476438697ab28104b5021f1bb101f3ea60443c0f7c9b8f22adf9a1
2383,2023-09-30,2023,3,2023-10-26,2023-10-26T08:23:43+08:00,2023-10-26,2023-10-26,2023-10-27,MOPS_EXACT,official_timestamp_second_precision,CONSOLIDATED,202303_2383_AI1.pdf,TWSE_MOPS_T57SB01_OFFICIAL_DOCUMENT_UPLOAD,a2737800da6678d5c399f6c5eba9aa72cae9b8de2701ce285c97028494ad3d21,1e88489660b5494584eda8ffc45e56a2ef8b38db29e8449edae3d66ee87e0331,EXACT_MATCH,MOPS_SINGLE_ELIGIBLE_FILING,564fa93932562ee96189ff6563b94c724fffd5019e249003ee20255276b53cf1
2383,2023-12-31,2023,4,2024-02-29,2024-02-29T19:31:54+08:00,2024-02-29,2024-02-29,2024-03-01,MOPS_EXACT,official_timestamp_second_precision,CONSOLIDATED,202304_2383_AI1.pdf,TWSE_MOPS_T57SB01_OFFICIAL_DOCUMENT_UPLOAD,a2737800da6678d5c399f6c5eba9aa72cae9b8de2701ce285c97028494ad3d21,96a983ea0ed6ae966b9a722baddbf2e331a6e6c7b4c0d60602fcdfe18f9c2dcd,EXACT_MATCH,MOPS_CONSOLIDATED_PREFERRED_OVER_INDIVIDUAL,79e1287895e22763c292e35cee0e53b26aa69859499961cee03ea9a343924b51
2383,2024-03-31,2024,1,2024-04-30,2024-04-30T18:57:54+08:00,2024-04-30,2024-04-30,2024-05-02,MOPS_EXACT,official_timestamp_second_precision,CONSOLIDATED,202401_2383_AI1.pdf,TWSE_MOPS_T57SB01_OFFICIAL_DOCUMENT_UPLOAD,a2737800da6678d5c399f6c5eba9aa72cae9b8de2701ce285c97028494ad3d21,bc533e1ec3618bc6d9fc9eab931333a6523a98fc72977025b68809fefb026159,EXACT_MATCH,MOPS_SINGLE_ELIGIBLE_FILING,249517a4bfc297b881a2add4d7e82370de494cc6f9a91419cbe6995a4ed94246
2383,2024-06-30,2024,2,2024-07-31,2024-07-31T18:12:01+08:00,2024-07-31,2024-07-31,2024-08-01,MOPS_EXACT,official_timestamp_second_precision,CONSOLIDATED,202402_2383_AI1.pdf,TWSE_MOPS_T57SB01_OFFICIAL_DOCUMENT_UPLOAD,a2737800da6678d5c399f6c5eba9aa72cae9b8de2701ce285c97028494ad3d21,e3885fbaf903d0c7dd97740c8a5cf46162f7f0ebbc6d57f9901217c9ab7dc0ba,EXACT_MATCH,MOPS_SINGLE_ELIGIBLE_FILING,d1fcda4e65d441b1e33fb11a4d0406dc5bcb43f7e781a59827d4193d845530b0
2383,2024-09-30,2024,3,2024-10-30,2024-10-30T16:23:13+08:00,2024-10-30,2024-10-30,2024-11-01,MOPS_EXACT,official_timestamp_second_precision,CONSOLIDATED,202403_2383_AI1.pdf,TWSE_MOPS_T57SB01_OFFICIAL_DOCUMENT_UPLOAD,a2737800da6678d5c399f6c5eba9aa72cae9b8de2701ce285c97028494ad3d21,fa9b591f479faa0b4b3e428252d5b9b5c72da5399a45f1ad000a26b56ce07bb3,EXACT_MATCH,MOPS_SINGLE_ELIGIBLE_FILING,1f509d88c0fe6784863261a1ba7dcb55212e8c5645be309c8bb028df6a5d7e9c
2383,2024-12-31,2024,4,2025-02-25,2025-02-25T18:55:00+08:00,2025-02-25,2025-02-25,2025-02-26,MOPS_EXACT,official_timestamp_second_precision,CONSOLIDATED,202404_2383_AI1.pdf,TWSE_MOPS_T57SB01_OFFICIAL_DOCUMENT_UPLOAD,a2737800da6678d5c399f6c5eba9aa72cae9b8de2701ce285c97028494ad3d21,fb60486b284a046d9982f0fc191779e8936b9eddbdfab28fb62770e5125dd9fa,EXACT_MATCH,MOPS_CONSOLIDATED_PREFERRED_OVER_INDIVIDUAL,e8fefd7c5ac968e8264c7310e278b9d954b75058750fb635eb843efefd71ef40
2383,2025-03-31,2025,1,2025-04-30,2025-04-30T16:11:39+08:00,2025-04-30,2025-04-30,2025-05-02,MOPS_EXACT,official_timestamp_second_precision,CONSOLIDATED,202501_2383_AI1.pdf,TWSE_MOPS_T57SB01_OFFICIAL_DOCUMENT_UPLOAD,a2737800da6678d5c399f6c5eba9aa72cae9b8de2701ce285c97028494ad3d21,e166a54b9fce65722994870eefb0ec0c2969872d9f65658ae06f135cb756e5f5,EXACT_MATCH,MOPS_SINGLE_ELIGIBLE_FILING,52089e9987babfb6b944a617b340fcbe400dcdada487ffe6fc62c287bba220b9
2383,2025-06-30,2025,2,2025-07-30,2025-07-30T18:18:51+08:00,2025-07-30,2025-07-30,2025-07-31,MOPS_EXACT,official_timestamp_second_precision,CONSOLIDATED,202502_2383_AI1.pdf,TWSE_MOPS_T57SB01_OFFICIAL_DOCUMENT_UPLOAD,a2737800da6678d5c399f6c5eba9aa72cae9b8de2701ce285c97028494ad3d21,781770694ecfc059661f72d56b057b1e1f76090e0980aabc04a7a5794468157e,EXACT_MATCH,MOPS_SINGLE_ELIGIBLE_FILING,589d722edeb9612214a82da8bbc88cb5210b89869b68bb002be87a17e4a96060
2383,2025-09-30,2025,3,2025-10-30,2025-10-30T18:24:36+08:00,2025-10-30,2025-10-30,2025-10-31,MOPS_EXACT,official_timestamp_second_precision,CONSOLIDATED,202503_2383_AI1.pdf,TWSE_MOPS_T57SB01_OFFICIAL_DOCUMENT_UPLOAD,a2737800da6678d5c399f6c5eba9aa72cae9b8de2701ce285c97028494ad3d21,303e8698c1203ccee3e81fcde9ec8d3feb4b9fbe5fe04f1b518ea44c55e0b156,EXACT_MATCH,MOPS_SINGLE_ELIGIBLE_FILING,e4c004686fbfe0c2edd66b20d3101f4aa0bde7ef4477c9b24acb5424542e0b97
2383,2025-12-31,2025,4,2026-03-11,2026-03-11T17:56:26+08:00,2026-03-11,2026-03-11,2026-03-12,MOPS_EXACT,official_timestamp_second_precision,CONSOLIDATED,202504_2383_AI1.pdf,TWSE_MOPS_T57SB01_OFFICIAL_DOCUMENT_UPLOAD,a2737800da6678d5c399f6c5eba9aa72cae9b8de2701ce285c97028494ad3d21,11fc1d1862dce4732ed69e125052e66b74985259020ad248a60f1de18a1632a5,EXACT_MATCH,MOPS_CONSOLIDATED_PREFERRED_OVER_INDIVIDUAL,89d16019b65d2f64024d7a2c637ced594c05c6f480f5f485bb914b0c764a3b0b
2383,2026-03-31,2026,1,2026-04-29,2026-04-29T19:54:23+08:00,2026-04-29,2026-04-29,2026-04-30,MOPS_EXACT,official_timestamp_second_precision,CONSOLIDATED,202601_2383_AI1.pdf,TWSE_MOPS_T57SB01_OFFICIAL_DOCUMENT_UPLOAD,a2737800da6678d5c399f6c5eba9aa72cae9b8de2701ce285c97028494ad3d21,8417952b73d04480e949b60fffa89b61a4f77050b11e05616d5e8f90d3390f2d,EXACT_MATCH,MOPS_SINGLE_ELIGIBLE_FILING,b027227653c2055972729dd578a3be1f9928c9ca6c5e871a180a9d7666efcf8f
2383,2026-06-30,2026,2,2026-07-29,2026-07-29T19:01:46+08:00,2026-07-29,2026-07-29,2026-07-30,MOPS_EXACT,official_timestamp_second_precision,CONSOLIDATED,202602_2383_AI1.pdf,TWSE_MOPS_T57SB01_OFFICIAL_DOCUMENT_UPLOAD,a2737800da6678d5c399f6c5eba9aa72cae9b8de2701ce285c97028494ad3d21,ee90c113db29ac69bf2b348333643f0aea8ee40eef2e66faecea3c20b31ffffb,EXACT_MATCH,MOPS_SINGLE_ELIGIBLE_FILING,d56bf6ac20cc6fec579d02968ba397ed1eb4d5bbeb21b52e93cc0ca1416882df
2395,2016-03-31,2016,1,2016-04-29,2016-04-29T14:52:35+08:00,2016-04-29,2016-04-29,2016-05-03,MOPS_EXACT,official_timestamp_second_precision,CONSOLIDATED,201601_2395_AI1.pdf,TWSE_MOPS_T57SB01_OFFICIAL_DOCUMENT_UPLOAD,6b177f0d42746c7721cf11a30959c01ca4f5839ff1bfd84551bb0ce30e426ef2,0e6d6f51080a684bbcb77d573b2c8788b39135f2b7a57ec023d1cc6d8367fcfd,EXACT_MATCH,MOPS_SINGLE_ELIGIBLE_FILING,fbf61b6d854040dbabef9f4baad471b1a0c9e53a9a248b11292d4b0a23057904
2395,2016-06-30,2016,2,2016-07-29,2016-07-29T14:23:14+08:00,2016-07-29,2016-07-29,2016-08-01,MOPS_EXACT,official_timestamp_second_precision,CONSOLIDATED,201602_2395_AI1.pdf,TWSE_MOPS_T57SB01_OFFICIAL_DOCUMENT_UPLOAD,6b177f0d42746c7721cf11a30959c01ca4f5839ff1bfd84551bb0ce30e426ef2,1c2cdfb5cdf1397cac2ad7ffac93624e7d646015b9d793a7f98cf49e99b26342,EXACT_MATCH,MOPS_SINGLE_ELIGIBLE_FILING,221200d02de2d9817a96313a8cc3acceb79e17d68047b6378afa058946eafe8c
2395,2016-09-30,2016,3,2016-10-28,2016-10-28T14:08:42+08:00,2016-10-28,2016-10-28,2016-10-31,MOPS_EXACT,official_timestamp_second_precision,CONSOLIDATED,201603_2395_AI1.pdf,TWSE_MOPS_T57SB01_OFFICIAL_DOCUMENT_UPLOAD,6b177f0d42746c7721cf11a30959c01ca4f5839ff1bfd84551bb0ce30e426ef2,248d3c0f7db8a4686bd98b97bf93c59e89ffef04665c52685edf65b7747f5e89,EXACT_MATCH,MOPS_SINGLE_ELIGIBLE_FILING,a12883d1d2dcb3c06d1119739ad67e45b4a06b3c9618f6064fe0c21addc4c5fb
2395,2016-12-31,2016,4,2017-03-06,2017-03-06T13:52:05+08:00,2017-03-06,2017-03-06,2017-03-07,MOPS_EXACT,official_timestamp_second_precision,CONSOLIDATED,201604_2395_AI1.pdf,TWSE_MOPS_T57SB01_OFFICIAL_DOCUMENT_UPLOAD,6b177f0d42746c7721cf11a30959c01ca4f5839ff1bfd84551bb0ce30e426ef2,5f51186199f9e1d73773864a5d611ca7d7b79a9b225165aea26af1cdcd318796,EXACT_MATCH,MOPS_CONSOLIDATED_PREFERRED_OVER_INDIVIDUAL,f95cd0a721f6dcbc4972db51d2cf2f7c68fc535f5121dbe61ba471845c06e346
2395,2017-03-31,2017,1,2017-04-28,2017-04-28T16:19:49+08:00,2017-04-28,2017-04-28,2017-05-02,MOPS_EXACT,official_timestamp_second_precision,CONSOLIDATED,201701_2395_AI1.pdf,TWSE_MOPS_T57SB01_OFFICIAL_DOCUMENT_UPLOAD,6b177f0d42746c7721cf11a30959c01ca4f5839ff1bfd84551bb0ce30e426ef2,a9e84d5b608432d2209824e7c563819d8eede2b810a4ab1510f245b6246fbe2e,EXACT_MATCH,MOPS_SINGLE_ELIGIBLE_FILING,a4ba7e7c04a2f26d602eb935886d4e5a1a0f9b113e46f09cec7e7b239e56e3be
2395,2017-06-30,2017,2,2017-07-27,2017-07-27T17:36:09+08:00,2017-07-27,2017-07-27,2017-07-28,MOPS_EXACT,official_timestamp_second_precision,CONSOLIDATED,201702_2395_AI1.pdf,TWSE_MOPS_T57SB01_OFFICIAL_DOCUMENT_UPLOAD,6b177f0d42746c7721cf11a30959c01ca4f5839ff1bfd84551bb0ce30e426ef2,8502bf3fae50f7632a6983abfb911a13009988618ca4257240d40e0f8221a627,EXACT_MATCH,MOPS_SINGLE_ELIGIBLE_FILING,4714239b38c263d80d86813d2bc4055808f895daad7b654688ed3bd7136cdadb
2395,2017-09-30,2017,3,2017-11-01,2017-11-01T11:13:49+08:00,2017-11-01,2017-11-01,2017-11-02,MOPS_EXACT,official_timestamp_second_precision,CONSOLIDATED,201703_2395_AI1.pdf,TWSE_MOPS_T57SB01_OFFICIAL_DOCUMENT_UPLOAD,6b177f0d42746c7721cf11a30959c01ca4f5839ff1bfd84551bb0ce30e426ef2,8b3ed20dee06711777d8bdb7082f1a3a8b07bd853f90266e5d75be4b5f10f3c5,EXACT_MATCH,MOPS_SINGLE_ELIGIBLE_FILING,8d3b3ce7e2d801dd3f32b68f69ad85f90c378ced8846f6882459e25264609b46
2395,2017-12-31,2017,4,2018-03-02,2018-03-02T18:33:05+08:00,2018-03-02,2018-03-02,2018-03-05,MOPS_EXACT,official_timestamp_second_precision,CONSOLIDATED,201704_2395_AI1.pdf,TWSE_MOPS_T57SB01_OFFICIAL_DOCUMENT_UPLOAD,6b177f0d42746c7721cf11a30959c01ca4f5839ff1bfd84551bb0ce30e426ef2,02e7c3d425bbcbd3c85e01e92055b9f851a4d573c68f501f894ad26c9381386e,EXACT_MATCH,MOPS_CONSOLIDATED_PREFERRED_OVER_INDIVIDUAL,3e5e86fcd64153a71f9a14d72b836b7c9f728aec1075dcfbb074bf41b482bdbf
2395,2018-03-31,2018,1,2018-04-27,2018-04-27T17:48:17+08:00,2018-04-27,2018-04-27,2018-04-30,MOPS_EXACT,official_timestamp_second_precision,CONSOLIDATED,201801_2395_AI1.pdf,TWSE_MOPS_T57SB01_OFFICIAL_DOCUMENT_UPLOAD,6b177f0d42746c7721cf11a30959c01ca4f5839ff1bfd84551bb0ce30e426ef2,5909fe9e2a8ba7d527c0d78cf462be8448077211b46ce037fbc9ddc56901dca8,EXACT_MATCH,MOPS_SINGLE_ELIGIBLE_FILING,77a9c2fa551aa841b1d706403e065f2a7390b7eacd8416d3fa852a8e6d0b9309
2395,2018-06-30,2018,2,2018-07-27,2018-07-27T18:49:18+08:00,2018-07-27,2018-07-27,2018-07-30,MOPS_EXACT,official_timestamp_second_precision,CONSOLIDATED,201802_2395_AI1.pdf,TWSE_MOPS_T57SB01_OFFICIAL_DOCUMENT_UPLOAD,6b177f0d42746c7721cf11a30959c01ca4f5839ff1bfd84551bb0ce30e426ef2,aa2248107fce027d2f3a9761dfbcd73c3e9d01dd1e7f790c8eae85e17f5844bd,EXACT_MATCH,MOPS_SINGLE_ELIGIBLE_FILING,8543617420e01034871053c7c38f27f4ea83362a27edacf86a025f0649efceef
2395,2018-09-30,2018,3,2018-10-26,2018-10-26T16:15:34+08:00,2018-10-26,2018-10-26,2018-10-29,MOPS_EXACT,official_timestamp_second_precision,CONSOLIDATED,201803_2395_AI1.pdf,TWSE_MOPS_T57SB01_OFFICIAL_DOCUMENT_UPLOAD,6b177f0d42746c7721cf11a30959c01ca4f5839ff1bfd84551bb0ce30e426ef2,63d0a97d33d2fcd6f337306141f7e52f9274e526dd5a54946b1a6a7bfdab3f64,EXACT_MATCH,MOPS_SINGLE_ELIGIBLE_FILING,dac3a01799b0467be797fae2daf298c11a91a63a19a9214bb11034691aa472ce
2395,2018-12-31,2018,4,2019-03-11,2019-03-11T08:23:19+08:00,2019-03-11,2019-03-11,2019-03-12,MOPS_EXACT,official_timestamp_second_precision,CONSOLIDATED,201804_2395_AI1.pdf,TWSE_MOPS_T57SB01_OFFICIAL_DOCUMENT_UPLOAD,6b177f0d42746c7721cf11a30959c01ca4f5839ff1bfd84551bb0ce30e426ef2,de616658f39611dc3e7af8588c12b8089b4cd8ac2ae59d6eaf27630581f4a276,EXACT_MATCH,MOPS_CONSOLIDATED_PREFERRED_OVER_INDIVIDUAL,6929ffbc37622af54e43046df133fd9bd78c2e15f5cae567dd53caf2ff339fe9
2395,2019-03-31,2019,1,2019-05-03,2019-05-03T17:45:24+08:00,2019-05-03,2019-05-03,2019-05-06,MOPS_EXACT,official_timestamp_second_precision,CONSOLIDATED,201901_2395_AI1.pdf,TWSE_MOPS_T57SB01_OFFICIAL_DOCUMENT_UPLOAD,6b177f0d42746c7721cf11a30959c01ca4f5839ff1bfd84551bb0ce30e426ef2,9d7dc9badb66dc4d66eed505da3e94b42b197b6453d42659af402b9f273c2c0d,EXACT_MATCH,MOPS_SINGLE_ELIGIBLE_FILING,a4439e37e6f237962201516a6daf05573eb5d6e5c1b7de9d316127166f138da8
2395,2019-06-30,2019,2,2019-08-05,2019-08-05T08:37:59+08:00,2019-08-05,2019-08-05,2019-08-06,MOPS_EXACT,official_timestamp_second_precision,CONSOLIDATED,201902_2395_AI1.pdf,TWSE_MOPS_T57SB01_OFFICIAL_DOCUMENT_UPLOAD,6b177f0d42746c7721cf11a30959c01ca4f5839ff1bfd84551bb0ce30e426ef2,e79e5023d6cc25a20856341d14919281cf3ea89c2ba3d3074e01fd93e9082621,EXACT_MATCH,MOPS_SINGLE_ELIGIBLE_FILING,84a3109d68b3fc4fa34743b026b37a6c86e7ac0be056a8e28949e462f3fbb8c8
2395,2019-09-30,2019,3,2019-11-04,2019-11-04T10:37:23+08:00,2019-11-04,2019-11-04,2019-11-05,MOPS_EXACT,official_timestamp_second_precision,CONSOLIDATED,201903_2395_AI1.pdf,TWSE_MOPS_T57SB01_OFFICIAL_DOCUMENT_UPLOAD,6b177f0d42746c7721cf11a30959c01ca4f5839ff1bfd84551bb0ce30e426ef2,d65375c37b36e1913b5065d1abcad133ca0b674ae29ef482176fa682138bef1e,EXACT_MATCH,MOPS_SINGLE_ELIGIBLE_FILING,fb9517b8336d4053e3a8fe6787bb3256392a9e5d9a40c69a95e844f334db6868
2395,2019-12-31,2019,4,2020-03-09,2020-03-09T08:52:55+08:00,2020-03-09,2020-03-09,2020-03-10,MOPS_EXACT,official_timestamp_second_precision,CONSOLIDATED,201904_2395_AI1.pdf,TWSE_MOPS_T57SB01_OFFICIAL_DOCUMENT_UPLOAD,6b177f0d42746c7721cf11a30959c01ca4f5839ff1bfd84551bb0ce30e426ef2,2d88dd0dda8781551d0b342e44827cf84a302ca145c861c9565dd1e2e77bfd59,EXACT_MATCH,MOPS_CONSOLIDATED_PREFERRED_OVER_INDIVIDUAL,76913ae798248c9c78c405d95856396e307343109f8c8e4336f868f45547588f
2395,2020-03-31,2020,1,2020-04-30,2020-04-30T11:07:40+08:00,2020-04-30,2020-04-30,2020-05-04,MOPS_EXACT,official_timestamp_second_precision,CONSOLIDATED,202001_2395_AI1.pdf,TWSE_MOPS_T57SB01_OFFICIAL_DOCUMENT_UPLOAD,6b177f0d42746c7721cf11a30959c01ca4f5839ff1bfd84551bb0ce30e426ef2,2d9530e136dba3f73343e674dd98b8a99ef96b0348d88b9e3863c44ab9609cfb,EXACT_MATCH,MOPS_SINGLE_ELIGIBLE_FILING,e264735a09a923aff944b4ba91cefa09fc403950c8fba736c822e13b9eafda6e
2395,2020-06-30,2020,2,2020-07-31,2020-07-31T17:51:37+08:00,2020-07-31,2020-07-31,2020-08-03,MOPS_EXACT,official_timestamp_second_precision,CONSOLIDATED,202002_2395_AI1.pdf,TWSE_MOPS_T57SB01_OFFICIAL_DOCUMENT_UPLOAD,6b177f0d42746c7721cf11a30959c01ca4f5839ff1bfd84551bb0ce30e426ef2,3f752695b4037a5af946f0ec4bf83e240476306b7f4edab0428d7a2ee7c5a127,EXACT_MATCH,MOPS_SINGLE_ELIGIBLE_FILING,81e2d97f5e84e581ef215a0ad77d142d66e03042a2196caa6d9a6bcedb066476
2395,2020-09-30,2020,3,2020-10-30,2020-10-30T17:20:26+08:00,2020-10-30,2020-10-30,2020-11-02,MOPS_EXACT,official_timestamp_second_precision,CONSOLIDATED,202003_2395_AI1.pdf,TWSE_MOPS_T57SB01_OFFICIAL_DOCUMENT_UPLOAD,6b177f0d42746c7721cf11a30959c01ca4f5839ff1bfd84551bb0ce30e426ef2,cb507b6482c1d592b3a7f69dd4db850a4eb34d9dcbc210fb35a5f655220b5aaf,EXACT_MATCH,MOPS_SINGLE_ELIGIBLE_FILING,594cac2335584a03d347892809e463ff877ef9e2cf04be3ef448cad226fbff18
2395,2020-12-31,2020,4,2021-03-05,2021-03-05T17:53:27+08:00,2021-03-05,2021-03-05,2021-03-08,MOPS_EXACT,official_timestamp_second_precision,CONSOLIDATED,202004_2395_AI1.pdf,TWSE_MOPS_T57SB01_OFFICIAL_DOCUMENT_UPLOAD,6b177f0d42746c7721cf11a30959c01ca4f5839ff1bfd84551bb0ce30e426ef2,df0ee8f8689c231b630d4ada69efac0c6839201cbbaf1847785f93f9d511ba11,EXACT_MATCH,MOPS_CONSOLIDATED_PREFERRED_OVER_INDIVIDUAL,cb246733ee2eea080a2dff9f63ca6ca821ce2b34704c77c2a0faef7329bdc1f8
2395,2021-03-31,2021,1,2021-04-29,2021-04-29T17:27:58+08:00,2021-04-29,2021-04-29,2021-05-03,MOPS_EXACT,official_timestamp_second_precision,CONSOLIDATED,202101_2395_AI1.pdf,TWSE_MOPS_T57SB01_OFFICIAL_DOCUMENT_UPLOAD,6b177f0d42746c7721cf11a30959c01ca4f5839ff1bfd84551bb0ce30e426ef2,85bb8a29a54dbf8fc928450f7dec1e2e5c8bea5036aab8cf6f7eb7c8e80bbb85,EXACT_MATCH,MOPS_SINGLE_ELIGIBLE_FILING,bc5925306bc5b7c3944af33eedda3c72439f223491f17fb660c7ca54f3c264b0
2395,2021-06-30,2021,2,2021-07-30,2021-07-30T16:06:16+08:00,2021-07-30,2021-07-30,2021-08-02,MOPS_EXACT,official_timestamp_second_precision,CONSOLIDATED,202102_2395_AI1.pdf,TWSE_MOPS_T57SB01_OFFICIAL_DOCUMENT_UPLOAD,6b177f0d42746c7721cf11a30959c01ca4f5839ff1bfd84551bb0ce30e426ef2,4433cfdfc62be13198b65723c607378ab1f468df3bb9882aae8b59fa1b4cfda6,EXACT_MATCH,MOPS_SINGLE_ELIGIBLE_FILING,50bb7a2c2bc08c268b3f569f519625e12ef67a613ca9ee402c0e9a4a658835cf
2395,2021-09-30,2021,3,2021-10-29,2021-10-29T14:22:47+08:00,2021-10-29,2021-10-29,2021-11-01,MOPS_EXACT,official_timestamp_second_precision,CONSOLIDATED,202103_2395_AI1.pdf,TWSE_MOPS_T57SB01_OFFICIAL_DOCUMENT_UPLOAD,6b177f0d42746c7721cf11a30959c01ca4f5839ff1bfd84551bb0ce30e426ef2,cc3c0e97d57c2858df4444f8feba402e2c1a02fc373cfd37498e909b40a89af3,EXACT_MATCH,MOPS_SINGLE_ELIGIBLE_FILING,1974fcdfac327d35d5bad1fd3a81bf2c9ece2865b0b84f7e81b8392ff5ecc405
2395,2021-12-31,2021,4,2022-02-25,2022-02-25T16:09:16+08:00,2022-02-25,2022-02-25,2022-03-01,MOPS_EXACT,official_timestamp_second_precision,CONSOLIDATED,202104_2395_AI1.pdf,TWSE_MOPS_T57SB01_OFFICIAL_DOCUMENT_UPLOAD,6b177f0d42746c7721cf11a30959c01ca4f5839ff1bfd84551bb0ce30e426ef2,a4d911b9a64dc76cf719cdc417aed7d09b508d8137142f60cc80c6d803e6c417,EXACT_MATCH,MOPS_CONSOLIDATED_PREFERRED_OVER_INDIVIDUAL,852c78d63a49b5cdeeb927b6a0f10018bfafc65ac53997e163de06a988ad34e2
2395,2022-03-31,2022,1,2022-04-29,2022-04-29T15:11:44+08:00,2022-04-29,2022-04-29,2022-05-03,MOPS_EXACT,official_timestamp_second_precision,CONSOLIDATED,202201_2395_AI1.pdf,TWSE_MOPS_T57SB01_OFFICIAL_DOCUMENT_UPLOAD,6b177f0d42746c7721cf11a30959c01ca4f5839ff1bfd84551bb0ce30e426ef2,0e119d6d73c5752671a51c7b1874c39165a38493a755f0ce2995a62eba33b052,EXACT_MATCH,MOPS_SINGLE_ELIGIBLE_FILING,e4db297cea359166f0e425e5ea0e884666baed20422e88766f524e71d09b1f46
2395,2022-06-30,2022,2,2022-07-29,2022-07-29T15:54:59+08:00,2022-07-29,2022-07-29,2022-08-01,MOPS_EXACT,official_timestamp_second_precision,CONSOLIDATED,202202_2395_AI1.pdf,TWSE_MOPS_T57SB01_OFFICIAL_DOCUMENT_UPLOAD,6b177f0d42746c7721cf11a30959c01ca4f5839ff1bfd84551bb0ce30e426ef2,ee37a3dd86ca0ee2fb2f5dcc0d1530e79bff8d6a8468a3b5fa3977494d2340b3,EXACT_MATCH,MOPS_SINGLE_ELIGIBLE_FILING,628018f646690611d4e644245b5103667705a212260b7367b06bef6e590adcda
2395,2022-09-30,2022,3,2022-10-28,2022-10-28T15:52:57+08:00,2022-10-28,2022-10-28,2022-10-31,MOPS_EXACT,official_timestamp_second_precision,CONSOLIDATED,202203_2395_AI1.pdf,TWSE_MOPS_T57SB01_OFFICIAL_DOCUMENT_UPLOAD,6b177f0d42746c7721cf11a30959c01ca4f5839ff1bfd84551bb0ce30e426ef2,4462176f5daee14846cf99a988cf9b63ca7263cd9372d6fe29772605845086ae,EXACT_MATCH,MOPS_SINGLE_ELIGIBLE_FILING,aa9bc21ca5c3b6afab2861204a7f70fee1d4e6d345a53fc814b85ffe86969871
2395,2022-12-31,2022,4,2023-02-24,2023-02-24T19:27:40+08:00,2023-02-24,2023-02-24,2023-03-01,MOPS_EXACT,official_timestamp_second_precision,CONSOLIDATED,202204_2395_AI1.pdf,TWSE_MOPS_T57SB01_OFFICIAL_DOCUMENT_UPLOAD,6b177f0d42746c7721cf11a30959c01ca4f5839ff1bfd84551bb0ce30e426ef2,0f80f4091cbcaa4ea27680f2346b938a3ed6be514816abd44ec7aa39ed430e0f,EXACT_MATCH,MOPS_CONSOLIDATED_PREFERRED_OVER_INDIVIDUAL,a9a3cf4f5b874900bbb1496ae6cf58504f7588bee23bde8750f82335f2d005df
2395,2023-03-31,2023,1,2023-04-28,2023-04-28T15:46:37+08:00,2023-04-28,2023-04-28,2023-05-02,MOPS_EXACT,official_timestamp_second_precision,CONSOLIDATED,202301_2395_AI1.pdf,TWSE_MOPS_T57SB01_OFFICIAL_DOCUMENT_UPLOAD,6b177f0d42746c7721cf11a30959c01ca4f5839ff1bfd84551bb0ce30e426ef2,7952b977d0bbf21f4f273ecc3de40cb7a1a5134f41f77c32314ff2da69070f58,EXACT_MATCH,MOPS_SINGLE_ELIGIBLE_FILING,202efd249f85176e15aad6a5aac2d149ee575463f45487c3c2721853a32ab539
2395,2023-06-30,2023,2,2023-08-01,2023-08-01T17:47:25+08:00,2023-08-01,2023-08-01,2023-08-02,MOPS_EXACT,official_timestamp_second_precision,CONSOLIDATED,202302_2395_AI1.pdf,TWSE_MOPS_T57SB01_OFFICIAL_DOCUMENT_UPLOAD,6b177f0d42746c7721cf11a30959c01ca4f5839ff1bfd84551bb0ce30e426ef2,0c0e8c806fc5d96268a08c900b2af071cd03ac5f2b8753c67f6d2bc9d7ec4308,EXACT_MATCH,MOPS_SINGLE_ELIGIBLE_FILING,47faba85db5d0913ee75118482e434857c122bc7828f49c1b76006b98873f8a4
2395,2023-09-30,2023,3,2023-10-30,2023-10-30T22:39:21+08:00,2023-10-30,2023-10-30,2023-10-31,MOPS_EXACT,official_timestamp_second_precision,CONSOLIDATED,202303_2395_AI1.pdf,TWSE_MOPS_T57SB01_OFFICIAL_DOCUMENT_UPLOAD,6b177f0d42746c7721cf11a30959c01ca4f5839ff1bfd84551bb0ce30e426ef2,4b2dd5fd14091dcf8c549e99f01faf2c1a180abdd2ca7fde5fa0b6ae205366a4,EXACT_MATCH,MOPS_SINGLE_ELIGIBLE_FILING,f24141b2e0af48e0b2d8dfd6fd4e6190e02f39c92a2e4bcb3904a7cf7545acfe
2395,2023-12-31,2023,4,2024-02-27,2024-02-27T21:24:13+08:00,2024-02-27,2024-02-27,2024-02-29,MOPS_EXACT,official_timestamp_second_precision,CONSOLIDATED,202304_2395_AI1.pdf,TWSE_MOPS_T57SB01_OFFICIAL_DOCUMENT_UPLOAD,6b177f0d42746c7721cf11a30959c01ca4f5839ff1bfd84551bb0ce30e426ef2,cbee8fc0e6251f9df6632d7e479c7c01884342bb44056afd96da5b5cac9e15e4,EXACT_MATCH,MOPS_CONSOLIDATED_PREFERRED_OVER_INDIVIDUAL,f5de65924741cb4abcd3125f43968bb52cf2b77f3512445fe0956fcefe6e91e4
2395,2024-03-31,2024,1,2024-04-27,2024-04-27T21:09:30+08:00,2024-04-27,2024-04-27,2024-04-29,MOPS_EXACT,official_timestamp_second_precision,CONSOLIDATED,202401_2395_AI1.pdf,TWSE_MOPS_T57SB01_OFFICIAL_DOCUMENT_UPLOAD,6b177f0d42746c7721cf11a30959c01ca4f5839ff1bfd84551bb0ce30e426ef2,936fc9fb4996da7388857d281bb2b0edd476b7fca4f3b6867753b8c434c30e21,EXACT_MATCH,MOPS_SINGLE_ELIGIBLE_FILING,7593592780834562f36d61db2f2354d29c8a828f42bb3432bfad4bc3b545e4fb
2395,2024-06-30,2024,2,2024-07-26,2024-07-26T18:56:18+08:00,2024-07-26,2024-07-26,2024-07-29,MOPS_EXACT,official_timestamp_second_precision,CONSOLIDATED,202402_2395_AI1.pdf,TWSE_MOPS_T57SB01_OFFICIAL_DOCUMENT_UPLOAD,6b177f0d42746c7721cf11a30959c01ca4f5839ff1bfd84551bb0ce30e426ef2,f489739e8dd81ceb3c9a6990f672eab0da2b22593f7c7723afd8870ce78580fd,EXACT_MATCH,MOPS_SINGLE_ELIGIBLE_FILING,44ecddb1cd492f9d0223e3c1de13c05ae90e56e77082c2ec6ea0daa398164052
2395,2024-09-30,2024,3,2024-10-31,2024-10-31T19:25:16+08:00,2024-10-31,2024-10-31,2024-11-01,MOPS_EXACT,official_timestamp_second_precision,CONSOLIDATED,202403_2395_AI1.pdf,TWSE_MOPS_T57SB01_OFFICIAL_DOCUMENT_UPLOAD,6b177f0d42746c7721cf11a30959c01ca4f5839ff1bfd84551bb0ce30e426ef2,9f1c7dd35a0cf3c4692c5ce7d1492bb5f2ba077943fa2b3e175e54a071d6f1b4,EXACT_MATCH,MOPS_SINGLE_ELIGIBLE_FILING,ba6c5e7b12ca156864e6e32c4b20f63c4586797133ddfe691e7b3e1cd73fe324
2395,2024-12-31,2024,4,2025-02-27,2025-02-27T19:25:58+08:00,2025-02-27,2025-02-27,2025-03-03,MOPS_EXACT,official_timestamp_second_precision,CONSOLIDATED,202404_2395_AI1.pdf,TWSE_MOPS_T57SB01_OFFICIAL_DOCUMENT_UPLOAD,6b177f0d42746c7721cf11a30959c01ca4f5839ff1bfd84551bb0ce30e426ef2,88e0a6e27d7c2b966ac9d5b2933e94e220b17955449e488776fb332bdb9fbb92,EXACT_MATCH,MOPS_CONSOLIDATED_PREFERRED_OVER_INDIVIDUAL,dc071370f0a3c13fdbf95a61f21baff1fbb3f710b6141d0b2080da1f986dd8f9
2395,2025-03-31,2025,1,2025-04-24,2025-04-24T18:21:22+08:00,2025-04-24,2025-04-24,2025-04-25,MOPS_EXACT,official_timestamp_second_precision,CONSOLIDATED,202501_2395_AI1.pdf,TWSE_MOPS_T57SB01_OFFICIAL_DOCUMENT_UPLOAD,6b177f0d42746c7721cf11a30959c01ca4f5839ff1bfd84551bb0ce30e426ef2,6bb5dd3fdc62075eb14f92ad0a626fab0d48edc5a8df26e94cfda1393585e401,EXACT_MATCH,MOPS_SINGLE_ELIGIBLE_FILING,38117b6ae6b50992a876e4913aea448320cd51c7df2b4ec46b3344c5beb42074
2395,2025-06-30,2025,2,2025-07-31,2025-07-31T17:39:14+08:00,2025-07-31,2025-07-31,2025-08-01,MOPS_EXACT,official_timestamp_second_precision,CONSOLIDATED,202502_2395_AI1.pdf,TWSE_MOPS_T57SB01_OFFICIAL_DOCUMENT_UPLOAD,6b177f0d42746c7721cf11a30959c01ca4f5839ff1bfd84551bb0ce30e426ef2,4a1b7e56810b5f469c12561a2d468c85bcf873b68e4f14bea1207964bbf97118,EXACT_MATCH,MOPS_SINGLE_ELIGIBLE_FILING,5b12be1c2a1a5cc89afd1c7c75f3478960ed13a2f0699cd7249d36a03efb1af0
2395,2025-09-30,2025,3,2025-10-30,2025-10-30T18:17:37+08:00,2025-10-30,2025-10-30,2025-10-31,MOPS_EXACT,official_timestamp_second_precision,CONSOLIDATED,202503_2395_AI1.pdf,TWSE_MOPS_T57SB01_OFFICIAL_DOCUMENT_UPLOAD,6b177f0d42746c7721cf11a30959c01ca4f5839ff1bfd84551bb0ce30e426ef2,e56a03e6ad979afb511dad4a2036868a1e4c51f1d75d0e0d2d50ba28c80b0997,EXACT_MATCH,MOPS_SINGLE_ELIGIBLE_FILING,5efd563a51e4b066573fa87f5c77b9d2fb11381394812068b353741cd5998825
2395,2025-12-31,2025,4,2026-02-26,2026-02-26T22:23:49+08:00,2026-02-26,2026-02-26,2026-03-02,MOPS_EXACT,official_timestamp_second_precision,CONSOLIDATED,202504_2395_AI1.pdf,TWSE_MOPS_T57SB01_OFFICIAL_DOCUMENT_UPLOAD,6b177f0d42746c7721cf11a30959c01ca4f5839ff1bfd84551bb0ce30e426ef2,0a2933bfbb8e1a1573d331101b73b4533ed80fdcd2c8f1d08a40fb62cc20acc5,EXACT_MATCH,MOPS_CONSOLIDATED_PREFERRED_OVER_INDIVIDUAL,1511631fda02bd21582965d884efcd43f2e9d138af4468dcd3c77f04774d7239
2395,2026-03-31,2026,1,2026-04-30,2026-04-30T18:40:55+08:00,2026-04-30,2026-04-30,2026-05-04,MOPS_EXACT,official_timestamp_second_precision,CONSOLIDATED,202601_2395_AI1.pdf,TWSE_MOPS_T57SB01_OFFICIAL_DOCUMENT_UPLOAD,6b177f0d42746c7721cf11a30959c01ca4f5839ff1bfd84551bb0ce30e426ef2,4ac44235996ee0e1854139570f033ea4cd962c196d4ddc6989234401580f6133,EXACT_MATCH,MOPS_SINGLE_ELIGIBLE_FILING,6b8a0dec0cbdbd74ae4b417e8aeb5602f0e3875e6eca8895265b5f8c88838be6
2395,2026-06-30,2026,2,2026-07-31,2026-07-31T19:06:07+08:00,2026-07-31,2026-07-31,2026-08-03,MOPS_EXACT,official_timestamp_second_precision,CONSOLIDATED,202602_2395_AI1.pdf,TWSE_MOPS_T57SB01_OFFICIAL_DOCUMENT_UPLOAD,6b177f0d42746c7721cf11a30959c01ca4f5839ff1bfd84551bb0ce30e426ef2,b35db9a6dbe0bbf08944e4f1321e30de725286e94e8ad3a0a6b85f25367e1079,EXACT_MATCH,MOPS_SINGLE_ELIGIBLE_FILING,79d6bda711e7ecbf6459ef6f61c26d453138be2660a0f701d0f50a7fadbcd786
2408,2016-03-31,2016,1,2016-05-10,2016-05-10T17:54:41+08:00,2016-05-10,2016-05-10,2016-05-11,MOPS_EXACT,official_timestamp_second_precision,CONSOLIDATED,201601_2408_AI1.pdf,TWSE_MOPS_T57SB01_OFFICIAL_DOCUMENT_UPLOAD,fd2d6654b5a28c066677a7689411b4c47a23ec073fefa4ffacfce996197f2c2b,dfbcedf0cacbd121f60d0eb0a7813340ba9059513a4c5e98c64a399ef72610c3,EXACT_MATCH,MOPS_SINGLE_ELIGIBLE_FILING,81542aaca7cda956acf3ed171087d24482c8a8cd48d78352e2eb050289208f19
2408,2016-06-30,2016,2,2016-08-11,2016-08-11T16:00:36+08:00,2016-08-11,2016-08-11,2016-08-12,MOPS_EXACT,official_timestamp_second_precision,CONSOLIDATED,201602_2408_AI1.pdf,TWSE_MOPS_T57SB01_OFFICIAL_DOCUMENT_UPLOAD,fd2d6654b5a28c066677a7689411b4c47a23ec073fefa4ffacfce996197f2c2b,e8503426a75907a15058dff302d49c9e68345416a4c825a2793def76720e924a,EXACT_MATCH,MOPS_SINGLE_ELIGIBLE_FILING,1e4fe53f9a224b63fa8e44fbd9e1764d35094a586f0d087d2163f94523fbe9b6
2408,2016-09-30,2016,3,2016-11-09,2016-11-09T20:12:49+08:00,2016-11-09,2016-11-09,2016-11-10,MOPS_EXACT,official_timestamp_second_precision,CONSOLIDATED,201603_2408_AI1.pdf,TWSE_MOPS_T57SB01_OFFICIAL_DOCUMENT_UPLOAD,fd2d6654b5a28c066677a7689411b4c47a23ec073fefa4ffacfce996197f2c2b,5771a2c1435f668912bbfd29f4fd486e855d7063fb6422cb3af82f593fc062b6,EXACT_MATCH,MOPS_SINGLE_ELIGIBLE_FILING,a1b3f698c6dcbb9d024f8b4347227b9a3de6666ac4f3e538de2af23fbcdbd53a
2408,2016-12-31,2016,4,2017-03-09,2017-03-09T21:14:29+08:00,2017-03-09,2017-03-09,2017-03-10,MOPS_EXACT,official_timestamp_second_precision,CONSOLIDATED,201604_2408_AI1.pdf,TWSE_MOPS_T57SB01_OFFICIAL_DOCUMENT_UPLOAD,fd2d6654b5a28c066677a7689411b4c47a23ec073fefa4ffacfce996197f2c2b,335415355c9a96aea2462f6ee5c48aa39666aab0e18b60a5767b7c122d68ff74,EXACT_MATCH,MOPS_CONSOLIDATED_PREFERRED_OVER_INDIVIDUAL,71cd3c3f5a1d76a91d491780d20d43861c13ad803397632016f750fb8ed376f6
2408,2017-03-31,2017,1,2017-05-12,2017-05-12T18:22:37+08:00,2017-05-12,2017-05-12,2017-05-15,MOPS_EXACT,official_timestamp_second_precision,CONSOLIDATED,201701_2408_AI1.pdf,TWSE_MOPS_T57SB01_OFFICIAL_DOCUMENT_UPLOAD,fd2d6654b5a28c066677a7689411b4c47a23ec073fefa4ffacfce996197f2c2b,cb90131c2c5e64fc796a0992acd0218d7d10a20b57c11ae91b0fe380cb4f59cf,EXACT_MATCH,MOPS_SINGLE_ELIGIBLE_FILING,1086e9f7fb52f5e9d9e654df6ddbc1f7f61d0fad420d1c1c11d2231c66b1ccfa
2408,2017-06-30,2017,2,2017-08-11,2017-08-11T17:09:11+08:00,2017-08-11,2017-08-11,2017-08-14,MOPS_EXACT,official_timestamp_second_precision,CONSOLIDATED,201702_2408_AI1.pdf,TWSE_MOPS_T57SB01_OFFICIAL_DOCUMENT_UPLOAD,fd2d6654b5a28c066677a7689411b4c47a23ec073fefa4ffacfce996197f2c2b,97431cd9968704d2a3116fa5bdae98bd2f18dac7e82c50674819abe5596ad4cd,EXACT_MATCH,MOPS_SINGLE_ELIGIBLE_FILING,e58db9eee15a4682e6226537dcad8e6af358ce6722ac0eb7b2b7fb3016588cb4
2408,2017-09-30,2017,3,2017-11-10,2017-11-10T14:55:48+08:00,2017-11-10,2017-11-10,2017-11-13,MOPS_EXACT,official_timestamp_second_precision,CONSOLIDATED,201703_2408_AI1.pdf,TWSE_MOPS_T57SB01_OFFICIAL_DOCUMENT_UPLOAD,fd2d6654b5a28c066677a7689411b4c47a23ec073fefa4ffacfce996197f2c2b,1bc467fbbcda51d7f6318b4387e4bbbf16a9cf4e7f98de8448a301a76a48a254,EXACT_MATCH,MOPS_SINGLE_ELIGIBLE_FILING,86217cb883218d6e9856eb47f79b5132d404d032852d70f0842371b40d13a6da
2408,2017-12-31,2017,4,2018-02-26,2018-02-26T18:53:45+08:00,2018-02-26,2018-02-26,2018-02-27,MOPS_EXACT,official_timestamp_second_precision,CONSOLIDATED,201704_2408_AI1.pdf,TWSE_MOPS_T57SB01_OFFICIAL_DOCUMENT_UPLOAD,fd2d6654b5a28c066677a7689411b4c47a23ec073fefa4ffacfce996197f2c2b,e6977502c68f1a272bd6a032518ce31e0a74a584fde841676c2191d2d0ee9de3,EXACT_MATCH,MOPS_CONSOLIDATED_PREFERRED_OVER_INDIVIDUAL,ac7715b460c02c062e35d6d33fc6c1d9da63494ce847d01a6245eef1131711b4
2408,2018-03-31,2018,1,2018-05-09,2018-05-09T16:57:26+08:00,2018-05-09,2018-05-09,2018-05-10,MOPS_EXACT,official_timestamp_second_precision,CONSOLIDATED,201801_2408_AI1.pdf,TWSE_MOPS_T57SB01_OFFICIAL_DOCUMENT_UPLOAD,fd2d6654b5a28c066677a7689411b4c47a23ec073fefa4ffacfce996197f2c2b,2c33c58d67a441a69b27795aba93a9ec72c7493c50d3ef1d8ec646ed9ee664f0,EXACT_MATCH,MOPS_SINGLE_ELIGIBLE_FILING,29f4daa45e6e519e75a9ce9b7cdfbf1b36af00f42ec40ac5f4a48127116b2461
2408,2018-06-30,2018,2,2018-08-10,2018-08-10T17:21:59+08:00,2018-08-10,2018-08-10,2018-08-13,MOPS_EXACT,official_timestamp_second_precision,CONSOLIDATED,201802_2408_AI1.pdf,TWSE_MOPS_T57SB01_OFFICIAL_DOCUMENT_UPLOAD,fd2d6654b5a28c066677a7689411b4c47a23ec073fefa4ffacfce996197f2c2b,309cdd18e5b5980608784005dc0323b835d7903b1984807dd26b7f99b8d19379,EXACT_MATCH,MOPS_SINGLE_ELIGIBLE_FILING,530f5f705dbf41544b734374d7f7d1900c349f62d5d46c97ad2fc3eb269da572
2408,2018-09-30,2018,3,2018-11-12,2018-11-12T17:06:33+08:00,2018-11-12,2018-11-12,2018-11-13,MOPS_EXACT,official_timestamp_second_precision,CONSOLIDATED,201803_2408_AI1.pdf,TWSE_MOPS_T57SB01_OFFICIAL_DOCUMENT_UPLOAD,fd2d6654b5a28c066677a7689411b4c47a23ec073fefa4ffacfce996197f2c2b,d0f74ec48df3ee0bcb43f308879f16b07cebbd603d121614f63a1d1d6f2e0ef8,EXACT_MATCH,MOPS_SINGLE_ELIGIBLE_FILING,c86a071c0e57c3cffa5888794eb23e3ca882022979ced595b7ad5dc54c879279
2408,2018-12-31,2018,4,2019-02-27,2019-02-27T19:17:17+08:00,2019-02-27,2019-02-27,2019-03-04,MOPS_EXACT,official_timestamp_second_precision,CONSOLIDATED,201804_2408_AI1.pdf,TWSE_MOPS_T57SB01_OFFICIAL_DOCUMENT_UPLOAD,fd2d6654b5a28c066677a7689411b4c47a23ec073fefa4ffacfce996197f2c2b,85fcd8611142ba918e30f841858791504aeba804b92adfe67144289ec3d2f2b4,EXACT_MATCH,MOPS_CONSOLIDATED_PREFERRED_OVER_INDIVIDUAL,2e6908a051c5392901ca2c6aa4deef5b1cb79cf1bec4a0046ce44ba537070b34
2408,2019-03-31,2019,1,2019-05-10,2019-05-10T17:17:14+08:00,2019-05-10,2019-05-10,2019-05-13,MOPS_EXACT,official_timestamp_second_precision,CONSOLIDATED,201901_2408_AI1.pdf,TWSE_MOPS_T57SB01_OFFICIAL_DOCUMENT_UPLOAD,fd2d6654b5a28c066677a7689411b4c47a23ec073fefa4ffacfce996197f2c2b,23cf9cbdefb33947d9663deb61948d85dcad987185ec7e9c673a57870547ac8e,EXACT_MATCH,MOPS_SINGLE_ELIGIBLE_FILING,935cf0d2ac24f44963e30f2feb6fb6e22e85c2f92bcfab01de90024adcfb37f3
2408,2019-06-30,2019,2,2019-08-12,2019-08-12T17:02:58+08:00,2019-08-12,2019-08-12,2019-08-13,MOPS_EXACT,official_timestamp_second_precision,CONSOLIDATED,201902_2408_AI1.pdf,TWSE_MOPS_T57SB01_OFFICIAL_DOCUMENT_UPLOAD,fd2d6654b5a28c066677a7689411b4c47a23ec073fefa4ffacfce996197f2c2b,f78e8dd44f93c70eac9e9f2861f458fb693f5ca962ac98ece94ad2cac01ce0d0,EXACT_MATCH,MOPS_SINGLE_ELIGIBLE_FILING,03eefb07f41df354e3fbd8bc4b5cbfa5d2a2b07650b3237629e8f87c2513620f
2408,2019-09-30,2019,3,2019-11-08,2019-11-08T17:09:41+08:00,2019-11-08,2019-11-08,2019-11-11,MOPS_EXACT,official_timestamp_second_precision,CONSOLIDATED,201903_2408_AI1.pdf,TWSE_MOPS_T57SB01_OFFICIAL_DOCUMENT_UPLOAD,fd2d6654b5a28c066677a7689411b4c47a23ec073fefa4ffacfce996197f2c2b,f43a257cd94159c8864542b193194c06f845221c52085bdd79180ee373c5f92a,EXACT_MATCH,MOPS_SINGLE_ELIGIBLE_FILING,8d77780a0ca050307eade31d109d154ec67258d718a8b873272389030c0bd5fc
2408,2019-12-31,2019,4,2020-02-26,2020-02-26T18:02:54+08:00,2020-02-26,2020-02-26,2020-02-27,MOPS_EXACT,official_timestamp_second_precision,CONSOLIDATED,201904_2408_AI1.pdf,TWSE_MOPS_T57SB01_OFFICIAL_DOCUMENT_UPLOAD,fd2d6654b5a28c066677a7689411b4c47a23ec073fefa4ffacfce996197f2c2b,b04dbc6843a04069dbdf26c328aa7ffc45a12574438fe2c90fa0cac57531de93,EXACT_MATCH,MOPS_CONSOLIDATED_PREFERRED_OVER_INDIVIDUAL,60d9f1ad5e94d68404d4ad87b8d8c85885ec01854dd69a550836aa739fb1cd42
2408,2020-03-31,2020,1,2020-05-06,2020-05-06T17:30:33+08:00,2020-05-06,2020-05-06,2020-05-07,MOPS_EXACT,official_timestamp_second_precision,CONSOLIDATED,202001_2408_AI1.pdf,TWSE_MOPS_T57SB01_OFFICIAL_DOCUMENT_UPLOAD,fd2d6654b5a28c066677a7689411b4c47a23ec073fefa4ffacfce996197f2c2b,ec146e426d1b557c15d2077f9da51560ae80aea81a333dba2f420acefb96ac00,EXACT_MATCH,MOPS_SINGLE_ELIGIBLE_FILING,dc7abfc5df2777ca9110501a3394d4ec8a42edcd9c66a083884a757c5795d34c
2408,2020-06-30,2020,2,2020-08-06,2020-08-06T16:31:27+08:00,2020-08-06,2020-08-06,2020-08-07,MOPS_EXACT,official_timestamp_second_precision,CONSOLIDATED,202002_2408_AI1.pdf,TWSE_MOPS_T57SB01_OFFICIAL_DOCUMENT_UPLOAD,fd2d6654b5a28c066677a7689411b4c47a23ec073fefa4ffacfce996197f2c2b,392483029270cf17981897c3faa03fe6ee774539c9c97738f7f5d35e71618145,EXACT_MATCH,MOPS_SINGLE_ELIGIBLE_FILING,6cb15d53ec26582a2fbbcb384cb52c46982b2c095ffb531cef32432286956816
2408,2020-09-30,2020,3,2020-11-04,2020-11-04T16:05:03+08:00,2020-11-04,2020-11-04,2020-11-05,MOPS_EXACT,official_timestamp_second_precision,CONSOLIDATED,202003_2408_AI1.pdf,TWSE_MOPS_T57SB01_OFFICIAL_DOCUMENT_UPLOAD,fd2d6654b5a28c066677a7689411b4c47a23ec073fefa4ffacfce996197f2c2b,c07d23cea4804e9553c713e41cb8cf6dbb8203d930cb5ad9501ea1846ddbd877,EXACT_MATCH,MOPS_SINGLE_ELIGIBLE_FILING,3403b3e004613f70d4b27b38c040ccef6494917739c1468ed38a4af98b0b864f
2408,2020-12-31,2020,4,2021-02-26,2021-02-26T17:28:54+08:00,2021-02-26,2021-02-26,2021-03-02,MOPS_EXACT,official_timestamp_second_precision,CONSOLIDATED,202004_2408_AI1.pdf,TWSE_MOPS_T57SB01_OFFICIAL_DOCUMENT_UPLOAD,fd2d6654b5a28c066677a7689411b4c47a23ec073fefa4ffacfce996197f2c2b,facf14fb9ccffacddfd0ed9be1b291b4ddb8b48280f8d902890892519fb8e65f,EXACT_MATCH,MOPS_CONSOLIDATED_PREFERRED_OVER_INDIVIDUAL,7e0f363906d06c3d4931fef3cdcee1941ff06d771b818ccbd8be709b56e6ae5b
2408,2021-03-31,2021,1,2021-05-05,2021-05-05T16:45:33+08:00,2021-05-05,2021-05-05,2021-05-06,MOPS_EXACT,official_timestamp_second_precision,CONSOLIDATED,202101_2408_AI1.pdf,TWSE_MOPS_T57SB01_OFFICIAL_DOCUMENT_UPLOAD,fd2d6654b5a28c066677a7689411b4c47a23ec073fefa4ffacfce996197f2c2b,5034ff8c983f2f0ba46832e1a43e6a301b8bd846ca0e25b360b70c0b24b303e0,EXACT_MATCH,MOPS_SINGLE_ELIGIBLE_FILING,30540b34eb271d8920b24ff2dfc5f92a8832215953aaa54561791b5ec7e361de
2408,2021-06-30,2021,2,2021-08-04,2021-08-04T16:36:39+08:00,2021-08-04,2021-08-04,2021-08-05,MOPS_EXACT,official_timestamp_second_precision,CONSOLIDATED,202102_2408_AI1.pdf,TWSE_MOPS_T57SB01_OFFICIAL_DOCUMENT_UPLOAD,fd2d6654b5a28c066677a7689411b4c47a23ec073fefa4ffacfce996197f2c2b,ebd653043d94c8dc5b33c2bf1d2af2cd325627f3860ba71e9fb2199b2a66a801,EXACT_MATCH,MOPS_SINGLE_ELIGIBLE_FILING,fea0cf871df57f1cd3293d95bb0c78c93e9b8d28aa89a130db09af382232f3cf
2408,2021-09-30,2021,3,2021-11-03,2021-11-03T17:09:08+08:00,2021-11-03,2021-11-03,2021-11-04,MOPS_EXACT,official_timestamp_second_precision,CONSOLIDATED,202103_2408_AI1.pdf,TWSE_MOPS_T57SB01_OFFICIAL_DOCUMENT_UPLOAD,fd2d6654b5a28c066677a7689411b4c47a23ec073fefa4ffacfce996197f2c2b,b25352858fa9a9d227b03719d5c1bee63d8f51efd06be001bee3082063671a2a,EXACT_MATCH,MOPS_SINGLE_ELIGIBLE_FILING,9025b6881f8c85d70027a47dcfe01da3ef1ec8b3c8b0fb91c611f49ed235bb16
2408,2021-12-31,2021,4,2022-02-24,2022-02-24T18:03:02+08:00,2022-02-24,2022-02-24,2022-02-25,MOPS_EXACT,official_timestamp_second_precision,CONSOLIDATED,202104_2408_AI1.pdf,TWSE_MOPS_T57SB01_OFFICIAL_DOCUMENT_UPLOAD,fd2d6654b5a28c066677a7689411b4c47a23ec073fefa4ffacfce996197f2c2b,19ba8aa9aa88ea446854cd940e1b1075ed1cc2af68ef410536bf07cad0f807f9,EXACT_MATCH,MOPS_CONSOLIDATED_PREFERRED_OVER_INDIVIDUAL,ae0721eb0288f7a1af429c9da77103ff9d1981dc90e64d259bd1408ec94fb619
2408,2022-03-31,2022,1,2022-05-04,2022-05-04T18:31:53+08:00,2022-05-04,2022-05-04,2022-05-05,MOPS_EXACT,official_timestamp_second_precision,CONSOLIDATED,202201_2408_AI1.pdf,TWSE_MOPS_T57SB01_OFFICIAL_DOCUMENT_UPLOAD,fd2d6654b5a28c066677a7689411b4c47a23ec073fefa4ffacfce996197f2c2b,92d6842561df4e83c3f6e8327888b676d29021bdc05ff061d2fab03bf07a0e04,EXACT_MATCH,MOPS_SINGLE_ELIGIBLE_FILING,5f6dfb5bea071e5f6ac38287acd22d3549822162bebf5d9185b5bf9a43a2dbd2
2408,2022-06-30,2022,2,2022-08-03,2022-08-03T17:42:38+08:00,2022-08-03,2022-08-03,2022-08-04,MOPS_EXACT,official_timestamp_second_precision,CONSOLIDATED,202202_2408_AI1.pdf,TWSE_MOPS_T57SB01_OFFICIAL_DOCUMENT_UPLOAD,fd2d6654b5a28c066677a7689411b4c47a23ec073fefa4ffacfce996197f2c2b,c26271ddad7aa32268ddc643a0880ce8295375ad9503ba90fb77543f69f0d6b1,EXACT_MATCH,MOPS_SINGLE_ELIGIBLE_FILING,9f15aafb391c764c8dcd5a54917622ee9b370ecfeeb871a123868f79f5765b54
2408,2022-09-30,2022,3,2022-11-02,2022-11-02T17:17:51+08:00,2022-11-02,2022-11-02,2022-11-03,MOPS_EXACT,official_timestamp_second_precision,CONSOLIDATED,202203_2408_AI1.pdf,TWSE_MOPS_T57SB01_OFFICIAL_DOCUMENT_UPLOAD,fd2d6654b5a28c066677a7689411b4c47a23ec073fefa4ffacfce996197f2c2b,0e0fc0b59e6a727c02eac646f0f8bcf7c9b06ddbcf6e3897f2152c47c8675886,EXACT_MATCH,MOPS_SINGLE_ELIGIBLE_FILING,9a6fc16712c31a9e44b70b425373e2fe6465db747227708b837df1722942c100
2408,2022-12-31,2022,4,2023-02-22,2023-02-22T17:32:01+08:00,2023-02-22,2023-02-22,2023-02-23,MOPS_EXACT,official_timestamp_second_precision,CONSOLIDATED,202204_2408_AI1.pdf,TWSE_MOPS_T57SB01_OFFICIAL_DOCUMENT_UPLOAD,fd2d6654b5a28c066677a7689411b4c47a23ec073fefa4ffacfce996197f2c2b,f62896442a5cfdf53f65714975416d32befb32388895e5cfff1fca9457f73c64,EXACT_MATCH,MOPS_CONSOLIDATED_PREFERRED_OVER_INDIVIDUAL,625948e94af6186c6177f799ded72e0b385f47dfe23fcff6d31e285bec72ddb3
2408,2023-03-31,2023,1,2023-05-03,2023-05-03T19:33:59+08:00,2023-05-03,2023-05-03,2023-05-04,MOPS_EXACT,official_timestamp_second_precision,CONSOLIDATED,202301_2408_AI1.pdf,TWSE_MOPS_T57SB01_OFFICIAL_DOCUMENT_UPLOAD,fd2d6654b5a28c066677a7689411b4c47a23ec073fefa4ffacfce996197f2c2b,f6c1464e8f2d2324553b805d1e436ddfb3f190cfb65d94d4ff1ba5fe859166dc,EXACT_MATCH,MOPS_SINGLE_ELIGIBLE_FILING,f929af1df5bd14ef45738b714858be6cc2993d7d98d25aeaa442452b29d2f0ca
2408,2023-06-30,2023,2,2023-08-02,2023-08-02T18:29:23+08:00,2023-08-02,2023-08-02,2023-08-04,MOPS_EXACT,official_timestamp_second_precision,CONSOLIDATED,202302_2408_AI1.pdf,TWSE_MOPS_T57SB01_OFFICIAL_DOCUMENT_UPLOAD,fd2d6654b5a28c066677a7689411b4c47a23ec073fefa4ffacfce996197f2c2b,3c27755a984ed8f122cbe8f6a49ee8a07c4888bc0cbe28d6a4d508afd57d29c1,EXACT_MATCH,MOPS_SINGLE_ELIGIBLE_FILING,d1f0594ce4eb4573838b5d26069e68401913676d5bbf77d248a22e13640fce91
2408,2023-09-30,2023,3,2023-11-08,2023-11-08T16:25:16+08:00,2023-11-08,2023-11-08,2023-11-09,MOPS_EXACT,official_timestamp_second_precision,CONSOLIDATED,202303_2408_AI1.pdf,TWSE_MOPS_T57SB01_OFFICIAL_DOCUMENT_UPLOAD,fd2d6654b5a28c066677a7689411b4c47a23ec073fefa4ffacfce996197f2c2b,4dbea3633133b0aea02c662d90a11d30d7f6732425e1fa387d0208a4276a2ebc,EXACT_MATCH,MOPS_SINGLE_ELIGIBLE_FILING,71aa54ad03ba35afed3efb1f0430e5904abacf8473243bde176a795d7d1c6e49
2408,2023-12-31,2023,4,2024-02-23,2024-02-23T18:27:43+08:00,2024-02-23,2024-02-23,2024-02-26,MOPS_EXACT,official_timestamp_second_precision,CONSOLIDATED,202304_2408_AI1.pdf,TWSE_MOPS_T57SB01_OFFICIAL_DOCUMENT_UPLOAD,fd2d6654b5a28c066677a7689411b4c47a23ec073fefa4ffacfce996197f2c2b,9ea1b4d2fcde077d8c632c82155987abab05fa6b8b3f9996ce72f5e19b044cc5,EXACT_MATCH,MOPS_CONSOLIDATED_PREFERRED_OVER_INDIVIDUAL,8bbe75c78647f8bec3dd22af1dc5bd53fddbf7ce8ba54c1282d55b87c1bd5a21
2408,2024-03-31,2024,1,2024-05-09,2024-05-09T18:42:18+08:00,2024-05-09,2024-05-09,2024-05-10,MOPS_EXACT,official_timestamp_second_precision,CONSOLIDATED,202401_2408_AI1.pdf,TWSE_MOPS_T57SB01_OFFICIAL_DOCUMENT_UPLOAD,fd2d6654b5a28c066677a7689411b4c47a23ec073fefa4ffacfce996197f2c2b,a1151907321ff9d19bd2e549404498ab596b1ca02cfbd2a9adf774a9afa4e7f3,EXACT_MATCH,MOPS_SINGLE_ELIGIBLE_FILING,d550b4ebd50bf042365d3986517632378b7073d4b4c3ed9db566187976e84cbc
2408,2024-06-30,2024,2,2024-08-02,2024-08-02T17:24:25+08:00,2024-08-02,2024-08-02,2024-08-05,MOPS_EXACT,official_timestamp_second_precision,CONSOLIDATED,202402_2408_AI1.pdf,TWSE_MOPS_T57SB01_OFFICIAL_DOCUMENT_UPLOAD,fd2d6654b5a28c066677a7689411b4c47a23ec073fefa4ffacfce996197f2c2b,00884407513201a366fe758885c51ee95651c8a80b3d13e01e2bd96600c94ec8,EXACT_MATCH,MOPS_SINGLE_ELIGIBLE_FILING,270473814b0c40edf1f1595bf40397f857fe431306f6d55bd88115084568d7df
2408,2024-09-30,2024,3,2024-11-06,2024-11-06T17:25:40+08:00,2024-11-06,2024-11-06,2024-11-07,MOPS_EXACT,official_timestamp_second_precision,CONSOLIDATED,202403_2408_AI1.pdf,TWSE_MOPS_T57SB01_OFFICIAL_DOCUMENT_UPLOAD,fd2d6654b5a28c066677a7689411b4c47a23ec073fefa4ffacfce996197f2c2b,389cb0515ab2d4b9c76bd5303456efcaaeed07dc324de0c0d17e096700669c39,EXACT_MATCH,MOPS_SINGLE_ELIGIBLE_FILING,8410ebc6633d688c6a52001a3b4e97c5eccb9668ee0d38ddbeec8724e406fce3
2408,2024-12-31,2024,4,2025-02-26,2025-02-26T17:32:39+08:00,2025-02-26,2025-02-26,2025-02-27,MOPS_EXACT,official_timestamp_second_precision,CONSOLIDATED,202404_2408_AI1.pdf,TWSE_MOPS_T57SB01_OFFICIAL_DOCUMENT_UPLOAD,fd2d6654b5a28c066677a7689411b4c47a23ec073fefa4ffacfce996197f2c2b,c2cd3abd96e1f595f546cf42e019bfd78bb7f19d4be6300110986f15b604fa6e,EXACT_MATCH,MOPS_CONSOLIDATED_PREFERRED_OVER_INDIVIDUAL,555911e4182ede345d855958c4943c09a644370e1ce4b0fc23742258ca434be6
2408,2025-03-31,2025,1,2025-05-02,2025-05-02T16:52:30+08:00,2025-05-02,2025-05-02,2025-05-05,MOPS_EXACT,official_timestamp_second_precision,CONSOLIDATED,202501_2408_AI1.pdf,TWSE_MOPS_T57SB01_OFFICIAL_DOCUMENT_UPLOAD,fd2d6654b5a28c066677a7689411b4c47a23ec073fefa4ffacfce996197f2c2b,ba6c8351f05165346f37fe926aa07b2b617f205e940ebe60855dcaca26720292,EXACT_MATCH,MOPS_SINGLE_ELIGIBLE_FILING,80e6b928c28c7951ddf7c33c44ae324f6f3289aa59ffd9299941817f3d813274
2408,2025-06-30,2025,2,2025-08-07,2025-08-07T17:05:49+08:00,2025-08-07,2025-08-07,2025-08-08,MOPS_EXACT,official_timestamp_second_precision,CONSOLIDATED,202502_2408_AI1.pdf,TWSE_MOPS_T57SB01_OFFICIAL_DOCUMENT_UPLOAD,fd2d6654b5a28c066677a7689411b4c47a23ec073fefa4ffacfce996197f2c2b,2eb91a2648b811b26dff20bab11f322f487e7ae50b682e322c95941632c719e6,EXACT_MATCH,MOPS_SINGLE_ELIGIBLE_FILING,e9d5e457e34ed9eb15521692d29de3a4171f3c903c887d7109715e1b087cf4df
2408,2025-09-30,2025,3,2025-11-04,2025-11-04T16:51:26+08:00,2025-11-04,2025-11-04,2025-11-05,MOPS_EXACT,official_timestamp_second_precision,CONSOLIDATED,202503_2408_AI1.pdf,TWSE_MOPS_T57SB01_OFFICIAL_DOCUMENT_UPLOAD,fd2d6654b5a28c066677a7689411b4c47a23ec073fefa4ffacfce996197f2c2b,4382c0680065ddc2c2fd140f6090da79f4344232f3f1d8ad8a91a36ef0a091c1,EXACT_MATCH,MOPS_SINGLE_ELIGIBLE_FILING,9acc48718e8d1cff4c16be04ef53aec3a7ea67c39923093d1c41b96ddafa79b2
2408,2025-12-31,2025,4,2026-03-04,2026-03-04T16:16:51+08:00,2026-03-04,2026-03-04,2026-03-05,MOPS_EXACT,official_timestamp_second_precision,CONSOLIDATED,202504_2408_AI1.pdf,TWSE_MOPS_T57SB01_OFFICIAL_DOCUMENT_UPLOAD,fd2d6654b5a28c066677a7689411b4c47a23ec073fefa4ffacfce996197f2c2b,33aa8c314a9d8d023fc4b7c56b0216bde517c55fdd01dd4b3578b204f5b4fe42,EXACT_MATCH,MOPS_CONSOLIDATED_PREFERRED_OVER_INDIVIDUAL,94bfaaf33139c51a4ce8ccd01b00c6600486a16cebf040fbc84e8d7ee208c1be
2408,2026-03-31,2026,1,2026-05-06,2026-05-06T18:22:05+08:00,2026-05-06,2026-05-06,2026-05-07,MOPS_EXACT,official_timestamp_second_precision,CONSOLIDATED,202601_2408_AI1.pdf,TWSE_MOPS_T57SB01_OFFICIAL_DOCUMENT_UPLOAD,fd2d6654b5a28c066677a7689411b4c47a23ec073fefa4ffacfce996197f2c2b,c61cd29fd87a1299dae433b4a8c5eeca37d9caafaf6a9ba7f3ac210492a731cc,EXACT_MATCH,MOPS_SINGLE_ELIGIBLE_FILING,235d997784957558fd725c90a4c134fb35521ad9c06124b1221cd71178460246
2408,2026-06-30,2026,2,2026-08-05,2026-08-05T18:01:31+08:00,2026-08-05,2026-08-05,2026-08-06,MOPS_EXACT,official_timestamp_second_precision,CONSOLIDATED,202602_2408_AI1.pdf,TWSE_MOPS_T57SB01_OFFICIAL_DOCUMENT_UPLOAD,fd2d6654b5a28c066677a7689411b4c47a23ec073fefa4ffacfce996197f2c2b,dcdd974137b4aad6b009709833df625b102767826cba1ad4dadc90260e2a3e63,EXACT_MATCH,MOPS_SINGLE_ELIGIBLE_FILING,bbdea14fc7e069d75ccf72c7d35301ec317763466c9274fccb9cbb8e38206edd
2412,2016-03-31,2016,1,2016-05-11,2016-05-11T14:28:12+08:00,2016-05-11,2016-05-11,2016-05-12,MOPS_EXACT,official_timestamp_second_precision,CONSOLIDATED,201601_2412_AI1.pdf,TWSE_MOPS_T57SB01_OFFICIAL_DOCUMENT_UPLOAD,9db7fd4f0d590e233f6ebf64f5626be53aa45d1d34af5b969d1891e3fe9b734c,3e9862e70d626d9f8aa4c5d868e16ccf90118ad9f23d63dd2dc563cc8882ce70,EXACT_MATCH,MOPS_SINGLE_ELIGIBLE_FILING,a9fdc04279aa279fcb65b9931a26ef2c608b65f2592b14aa90fc00750b9c8e51
2412,2016-06-30,2016,2,2016-08-09,2016-08-09T19:54:32+08:00,2016-08-09,2016-08-09,2016-08-10,MOPS_EXACT,official_timestamp_second_precision,CONSOLIDATED,201602_2412_AI1.pdf,TWSE_MOPS_T57SB01_OFFICIAL_DOCUMENT_UPLOAD,9db7fd4f0d590e233f6ebf64f5626be53aa45d1d34af5b969d1891e3fe9b734c,e820f2c5c5160468c3602b79e645021ad406d4c4c67d17ca060d590079c68b5e,EXACT_MATCH,MOPS_SINGLE_ELIGIBLE_FILING,c5fba501f01fdbc42129a12b6176742627ee402d3d8be6b2fd5a3557fcdaffa7
2412,2016-09-30,2016,3,2016-11-11,2016-11-11T14:35:50+08:00,2016-11-11,2016-11-11,2016-11-14,MOPS_EXACT,official_timestamp_second_precision,CONSOLIDATED,201603_2412_AI1.pdf,TWSE_MOPS_T57SB01_OFFICIAL_DOCUMENT_UPLOAD,9db7fd4f0d590e233f6ebf64f5626be53aa45d1d34af5b969d1891e3fe9b734c,12e9879acc3abef3386fda3ad15f156f15f74a2067308065fa046cabef75dcf9,EXACT_MATCH,MOPS_SINGLE_ELIGIBLE_FILING,5f224c217df0d450df60833a9c373abe6cd4d0469e17bccc128c3995a49f80f4
2412,2016-12-31,2016,4,2017-03-08,2017-03-08T14:32:26+08:00,2017-03-08,2017-03-08,2017-03-09,MOPS_EXACT,official_timestamp_second_precision,CONSOLIDATED,201604_2412_AI1.pdf,TWSE_MOPS_T57SB01_OFFICIAL_DOCUMENT_UPLOAD,9db7fd4f0d590e233f6ebf64f5626be53aa45d1d34af5b969d1891e3fe9b734c,22ef9878d34ddd6cdaca336005bbec702b831f6f46cc0968ad4b266117556bd7,EXACT_MATCH,MOPS_CONSOLIDATED_PREFERRED_OVER_INDIVIDUAL,9d39a9d211507ba0887333d6ef0525fe64741cb19ce40eb4f3b2b80e4295fe2c
2412,2017-03-31,2017,1,2017-05-09,2017-05-09T14:35:39+08:00,2017-05-09,2017-05-09,2017-05-10,MOPS_EXACT,official_timestamp_second_precision,CONSOLIDATED,201701_2412_AI1.pdf,TWSE_MOPS_T57SB01_OFFICIAL_DOCUMENT_UPLOAD,9db7fd4f0d590e233f6ebf64f5626be53aa45d1d34af5b969d1891e3fe9b734c,dd4ef582802547d11db8eb0343889500c53cc44d17c9dcd49089b1f380baddfa,EXACT_MATCH,MOPS_SINGLE_ELIGIBLE_FILING,aabd412189c50772eff13c4ac4ed1d8a2adcfe2277c7325b37dba420a87a05cf
2412,2017-06-30,2017,2,2017-08-09,2017-08-09T14:36:36+08:00,2017-08-09,2017-08-09,2017-08-10,MOPS_EXACT,official_timestamp_second_precision,CONSOLIDATED,201702_2412_AI1.pdf,TWSE_MOPS_T57SB01_OFFICIAL_DOCUMENT_UPLOAD,9db7fd4f0d590e233f6ebf64f5626be53aa45d1d34af5b969d1891e3fe9b734c,47a002d1d224829d9daf23497b9bb277cacf9e5b2622b3a5fa98161d822b8cd4,EXACT_MATCH,MOPS_SINGLE_ELIGIBLE_FILING,f62bc9e237dcdc58a0fce5dc549f8c0e4eb9db6fe6cbdfb42187f00fbb5ea701
2412,2017-09-30,2017,3,2017-11-07,2017-11-07T14:31:28+08:00,2017-11-07,2017-11-07,2017-11-08,MOPS_EXACT,official_timestamp_second_precision,CONSOLIDATED,201703_2412_AI1.pdf,TWSE_MOPS_T57SB01_OFFICIAL_DOCUMENT_UPLOAD,9db7fd4f0d590e233f6ebf64f5626be53aa45d1d34af5b969d1891e3fe9b734c,3235c3e15e76c8fcc07871584ae68a691db4c7a695201e7ba39401b102ce3390,EXACT_MATCH,MOPS_SINGLE_ELIGIBLE_FILING,df75fee36e01111c7c79f74a84ab9c1b0a9b932ef323ab5326cb3eda12dfca60
2412,2017-12-31,2017,4,2018-03-14,2018-03-14T14:34:50+08:00,2018-03-14,2018-03-14,2018-03-15,MOPS_EXACT,official_timestamp_second_precision,CONSOLIDATED,201704_2412_AI1.pdf,TWSE_MOPS_T57SB01_OFFICIAL_DOCUMENT_UPLOAD,9db7fd4f0d590e233f6ebf64f5626be53aa45d1d34af5b969d1891e3fe9b734c,980b926d772942bf2fb8f65d0da4eb7390f8d3fdc09d6d9dc82da42b228f42f0,EXACT_MATCH,MOPS_CONSOLIDATED_PREFERRED_OVER_INDIVIDUAL,5d51b4195bbebdb622d3468c5ef30bd8f32189b19c3c1fe619c5802d50ca1839
2412,2018-03-31,2018,1,2018-05-04,2018-05-04T14:31:57+08:00,2018-05-04,2018-05-04,2018-05-07,MOPS_EXACT,official_timestamp_second_precision,CONSOLIDATED,201801_2412_AI1.pdf,TWSE_MOPS_T57SB01_OFFICIAL_DOCUMENT_UPLOAD,9db7fd4f0d590e233f6ebf64f5626be53aa45d1d34af5b969d1891e3fe9b734c,cb7da79cf0732635d00bd6c34ba4479dc15dc39af1ef00ad958c9b45b7c759a4,EXACT_MATCH,MOPS_SINGLE_ELIGIBLE_FILING,a8063cb0cc7c35b9102b1f11ad55d124b6eb0017c11702b064d3b022c963a1d1
2412,2018-06-30,2018,2,2018-08-08,2018-08-08T14:31:29+08:00,2018-08-08,2018-08-08,2018-08-09,MOPS_EXACT,official_timestamp_second_precision,CONSOLIDATED,201802_2412_AI1.pdf,TWSE_MOPS_T57SB01_OFFICIAL_DOCUMENT_UPLOAD,9db7fd4f0d590e233f6ebf64f5626be53aa45d1d34af5b969d1891e3fe9b734c,65ea8cc4654b8675c758eca3f7de23c0abc5d57a080b46ba8d3d7f234ed1c455,EXACT_MATCH,MOPS_SINGLE_ELIGIBLE_FILING,bb9aaaf3c45da6fa85b822680c12d0af77c3be3aee702bf95ce7b349ab62c54c
2412,2018-09-30,2018,3,2018-11-07,2018-11-07T14:31:25+08:00,2018-11-07,2018-11-07,2018-11-08,MOPS_EXACT,official_timestamp_second_precision,CONSOLIDATED,201803_2412_AI1.pdf,TWSE_MOPS_T57SB01_OFFICIAL_DOCUMENT_UPLOAD,9db7fd4f0d590e233f6ebf64f5626be53aa45d1d34af5b969d1891e3fe9b734c,446b0afedcb421852327a154318eac53366da9cb7c4de3576e2b5ca8f183c2db,EXACT_MATCH,MOPS_SINGLE_ELIGIBLE_FILING,f0f5dcd160e75fc2098d61713e1e48fc56beba4765a51456be72fa9fa1a4f880
2412,2018-12-31,2018,4,2019-03-20,2019-03-20T14:31:10+08:00,2019-03-20,2019-03-20,2019-03-21,MOPS_EXACT,official_timestamp_second_precision,CONSOLIDATED,201804_2412_AI1.pdf,TWSE_MOPS_T57SB01_OFFICIAL_DOCUMENT_UPLOAD,9db7fd4f0d590e233f6ebf64f5626be53aa45d1d34af5b969d1891e3fe9b734c,0e47c6bb132ffe8c093ffa82fcf8dbcdcff910aecacb68e8f2ef6c63f3c9e1f6,EXACT_MATCH,MOPS_CONSOLIDATED_PREFERRED_OVER_INDIVIDUAL,83e2de6b3d6f17daa5b55830ff671ecc820a851ada28543af59d522f4b44005f
2412,2019-03-31,2019,1,2019-05-09,2019-05-09T14:31:18+08:00,2019-05-09,2019-05-09,2019-05-10,MOPS_EXACT,official_timestamp_second_precision,CONSOLIDATED,201901_2412_AI1.pdf,TWSE_MOPS_T57SB01_OFFICIAL_DOCUMENT_UPLOAD,9db7fd4f0d590e233f6ebf64f5626be53aa45d1d34af5b969d1891e3fe9b734c,10b619a78f682e37b692cc9c38c0da27a4985c2ac4b005d116c6b739bf0815a7,EXACT_MATCH,MOPS_SINGLE_ELIGIBLE_FILING,a6b3911ad3cef90506a0b0d6fae8fffcba52994284ff1145beb84594a3cfae4f
2412,2019-06-30,2019,2,2019-08-14,2019-08-14T14:32:46+08:00,2019-08-14,2019-08-14,2019-08-15,MOPS_EXACT,official_timestamp_second_precision,CONSOLIDATED,201902_2412_AI1.pdf,TWSE_MOPS_T57SB01_OFFICIAL_DOCUMENT_UPLOAD,9db7fd4f0d590e233f6ebf64f5626be53aa45d1d34af5b969d1891e3fe9b734c,81e675fea6650f91e177d5b950b52b1e7f6af2c4d8ab1a8ef7bb3603761fa8f7,EXACT_MATCH,MOPS_SINGLE_ELIGIBLE_FILING,f6e1e3cc5487a8dbaacaf70908dbea9058886a76f2112d9da5ef3ff24116641d
2412,2019-09-30,2019,3,2019-11-14,2019-11-14T14:31:15+08:00,2019-11-14,2019-11-14,2019-11-15,MOPS_EXACT,official_timestamp_second_precision,CONSOLIDATED,201903_2412_AI1.pdf,TWSE_MOPS_T57SB01_OFFICIAL_DOCUMENT_UPLOAD,9db7fd4f0d590e233f6ebf64f5626be53aa45d1d34af5b969d1891e3fe9b734c,516732476ecb6caa3020acfe829dccde2f9bc7b27c6deb118c63569670fe6d3d,EXACT_MATCH,MOPS_SINGLE_ELIGIBLE_FILING,0ac1b64b81b17e7b599955f484ddcdbccbd508b258ce72f206fb819783eb0c9b
2412,2019-12-31,2019,4,2020-02-27,2020-02-27T14:45:12+08:00,2020-02-27,2020-02-27,2020-03-02,MOPS_EXACT,official_timestamp_second_precision,CONSOLIDATED,201904_2412_AI1.pdf,TWSE_MOPS_T57SB01_OFFICIAL_DOCUMENT_UPLOAD,9db7fd4f0d590e233f6ebf64f5626be53aa45d1d34af5b969d1891e3fe9b734c,3227d35f5491f0dc18cd2b909233190998776e01037860112d4332d0c35446ad,EXACT_MATCH,MOPS_CONSOLIDATED_PREFERRED_OVER_INDIVIDUAL,2814aa9c483be115884d43247a04c4869102b06aab0326932899f109b3a22efd
2412,2020-03-31,2020,1,2020-05-07,2020-05-07T14:31:09+08:00,2020-05-07,2020-05-07,2020-05-08,MOPS_EXACT,official_timestamp_second_precision,CONSOLIDATED,202001_2412_AI1.pdf,TWSE_MOPS_T57SB01_OFFICIAL_DOCUMENT_UPLOAD,9db7fd4f0d590e233f6ebf64f5626be53aa45d1d34af5b969d1891e3fe9b734c,4c4d762b64dcbb7307d7e3ace8ec8fb6434be0095be6357f2a9897c3a40de4c6,EXACT_MATCH,MOPS_SINGLE_ELIGIBLE_FILING,c0f2aa615acc50616d0a10c3f47ebcf256157c0e05e1d41cf6e4a37da5e3be4c
2412,2020-06-30,2020,2,2020-08-06,2020-08-06T14:34:35+08:00,2020-08-06,2020-08-06,2020-08-07,MOPS_EXACT,official_timestamp_second_precision,CONSOLIDATED,202002_2412_AI1.pdf,TWSE_MOPS_T57SB01_OFFICIAL_DOCUMENT_UPLOAD,9db7fd4f0d590e233f6ebf64f5626be53aa45d1d34af5b969d1891e3fe9b734c,8c55184df0c9276c82b445706e4470a1752aaacc536bbe6ee8c729ca3117352f,EXACT_MATCH,MOPS_SINGLE_ELIGIBLE_FILING,9edeb1a0c6a1ef7abc4e32ebd60d3e8addb1cd23ff30f30d6ec60cdcb033f2bf
2412,2020-09-30,2020,3,2020-11-06,2020-11-06T17:42:38+08:00,2020-11-06,2020-11-06,2020-11-09,MOPS_EXACT,official_timestamp_second_precision,CONSOLIDATED,202003_2412_AI1.pdf,TWSE_MOPS_T57SB01_OFFICIAL_DOCUMENT_UPLOAD,9db7fd4f0d590e233f6ebf64f5626be53aa45d1d34af5b969d1891e3fe9b734c,c6f975cf62dcfb3317116ea5f2c814829b085d9acd04adaff12dcf20fbefc4aa,EXACT_MATCH,MOPS_SINGLE_ELIGIBLE_FILING,0959ccf9570d7b9d1fd3adae021f7b83d28f577803e2d7bd3108c1d2b2a54dca
2412,2020-12-31,2020,4,2021-02-24,2021-02-24T14:32:06+08:00,2021-02-24,2021-02-24,2021-02-25,MOPS_EXACT,official_timestamp_second_precision,CONSOLIDATED,202004_2412_AI1.pdf,TWSE_MOPS_T57SB01_OFFICIAL_DOCUMENT_UPLOAD,9db7fd4f0d590e233f6ebf64f5626be53aa45d1d34af5b969d1891e3fe9b734c,dde73858bcfe566992a130622d8877d77e885e48ef07b72a795dc4b1ad1059ae,EXACT_MATCH,MOPS_CONSOLIDATED_PREFERRED_OVER_INDIVIDUAL,b8ba9af3575880ffff4dc0311608a799d96a3a4c8fca861a284cb36ad608dd13
2412,2021-03-31,2021,1,2021-05-07,2021-05-07T14:31:36+08:00,2021-05-07,2021-05-07,2021-05-10,MOPS_EXACT,official_timestamp_second_precision,CONSOLIDATED,202101_2412_AI1.pdf,TWSE_MOPS_T57SB01_OFFICIAL_DOCUMENT_UPLOAD,9db7fd4f0d590e233f6ebf64f5626be53aa45d1d34af5b969d1891e3fe9b734c,06fede7258aee3dc1534048019b7dc8a0969acb2f817a9c2bdd24d04c98e9b6f,EXACT_MATCH,MOPS_SINGLE_ELIGIBLE_FILING,611d61630d90046faf8926894806184a6899559e2b89c2f2a15296af06fb3a08
2412,2021-06-30,2021,2,2021-08-06,2021-08-06T14:32:17+08:00,2021-08-06,2021-08-06,2021-08-09,MOPS_EXACT,official_timestamp_second_precision,CONSOLIDATED,202102_2412_AI1.pdf,TWSE_MOPS_T57SB01_OFFICIAL_DOCUMENT_UPLOAD,9db7fd4f0d590e233f6ebf64f5626be53aa45d1d34af5b969d1891e3fe9b734c,49c1614d65a71865d88409b04c20eb8ec5bd96e9e270bc75b0a0a3c06eb20f37,EXACT_MATCH,MOPS_SINGLE_ELIGIBLE_FILING,655d46d7abae212cfc5ba7fdc8378f5f344a1fd9d46a01be32ac733a716a0481
2412,2021-09-30,2021,3,2021-11-05,2021-11-05T19:11:29+08:00,2021-11-05,2021-11-05,2021-11-08,MOPS_EXACT,official_timestamp_second_precision,CONSOLIDATED,202103_2412_AI1.pdf,TWSE_MOPS_T57SB01_OFFICIAL_DOCUMENT_UPLOAD,9db7fd4f0d590e233f6ebf64f5626be53aa45d1d34af5b969d1891e3fe9b734c,42676835447180024f76fca806b913f82b7606fe305c372b83ea9f4fa04a4f20,EXACT_MATCH,MOPS_SINGLE_ELIGIBLE_FILING,9d46230cf7bfc04c66b1d39484d5deba0ff5e80f8549a528bb1100ab0433cab1
2412,2021-12-31,2021,4,2022-02-24,2022-02-24T14:43:06+08:00,2022-02-24,2022-02-24,2022-02-25,MOPS_EXACT,official_timestamp_second_precision,CONSOLIDATED,202104_2412_AI1.pdf,TWSE_MOPS_T57SB01_OFFICIAL_DOCUMENT_UPLOAD,9db7fd4f0d590e233f6ebf64f5626be53aa45d1d34af5b969d1891e3fe9b734c,078f14d1bd5addbb275100b1e95b7b509e76912444cc8b0a14b62733584516fe,EXACT_MATCH,MOPS_CONSOLIDATED_PREFERRED_OVER_INDIVIDUAL,2e82787e1c422183ba7e92cd7f30d49004d1ff784b38b9869947710dfe2977d0
2412,2022-03-31,2022,1,2022-05-06,2022-05-06T14:32:10+08:00,2022-05-06,2022-05-06,2022-05-09,MOPS_EXACT,official_timestamp_second_precision,CONSOLIDATED,202201_2412_AI1.pdf,TWSE_MOPS_T57SB01_OFFICIAL_DOCUMENT_UPLOAD,9db7fd4f0d590e233f6ebf64f5626be53aa45d1d34af5b969d1891e3fe9b734c,c2a724dfa1799c8f5ac7dd7b2c85b237ae54b9f3c2763bac0e7b9a97ab9dd69d,EXACT_MATCH,MOPS_SINGLE_ELIGIBLE_FILING,6f3d3802f9f77b17749d53bcaf733b1d678c3c918f38c3ad5d0da55256d2c844
2412,2022-06-30,2022,2,2022-08-05,2022-08-05T18:55:33+08:00,2022-08-05,2022-08-05,2022-08-08,MOPS_EXACT,official_timestamp_second_precision,CONSOLIDATED,202202_2412_AI1.pdf,TWSE_MOPS_T57SB01_OFFICIAL_DOCUMENT_UPLOAD,9db7fd4f0d590e233f6ebf64f5626be53aa45d1d34af5b969d1891e3fe9b734c,46c7fa69a83fd83c101ad6c4ce2dfaced3a56f51f3ba3106488af77bceea4059,EXACT_MATCH,MOPS_SINGLE_ELIGIBLE_FILING,a79c544568753ad6f03adc8c214920f47a7de4c6989a08df583043b2e22c25c5
2412,2022-09-30,2022,3,2022-11-04,2022-11-04T14:58:14+08:00,2022-11-04,2022-11-04,2022-11-07,MOPS_EXACT,official_timestamp_second_precision,CONSOLIDATED,202203_2412_AI1.pdf,TWSE_MOPS_T57SB01_OFFICIAL_DOCUMENT_UPLOAD,9db7fd4f0d590e233f6ebf64f5626be53aa45d1d34af5b969d1891e3fe9b734c,d553ba37627e03df7fc325e353d5c1297dc2b9973253be9ba8b8f3fef66f5509,EXACT_MATCH,MOPS_SINGLE_ELIGIBLE_FILING,271ddf57cdf8802021c55d5bd1c2a073216bc9bc977eace3f7ff02c35221fab5
2412,2022-12-31,2022,4,2023-02-24,2023-02-24T17:22:01+08:00,2023-02-24,2023-02-24,2023-03-01,MOPS_EXACT,official_timestamp_second_precision,CONSOLIDATED,202204_2412_AI1.pdf,TWSE_MOPS_T57SB01_OFFICIAL_DOCUMENT_UPLOAD,9db7fd4f0d590e233f6ebf64f5626be53aa45d1d34af5b969d1891e3fe9b734c,104f6f117913ac84b715cc63c20daa40d4d0d4ff97544aec65271b7ac53827ac,EXACT_MATCH,MOPS_CONSOLIDATED_PREFERRED_OVER_INDIVIDUAL,72bd3c37457f2a2ea27729a7ebcb1c6453dd4576bf90de112436bedaad4002d3
2412,2023-03-31,2023,1,2023-05-11,2023-05-11T14:44:20+08:00,2023-05-11,2023-05-11,2023-05-12,MOPS_EXACT,official_timestamp_second_precision,CONSOLIDATED,202301_2412_AI1.pdf,TWSE_MOPS_T57SB01_OFFICIAL_DOCUMENT_UPLOAD,9db7fd4f0d590e233f6ebf64f5626be53aa45d1d34af5b969d1891e3fe9b734c,846fd45f52b9ebcd1e560df694d1d9a2116b35b7aa6e8c6c511870a41ee2b985,EXACT_MATCH,MOPS_SINGLE_ELIGIBLE_FILING,9427eda02d63f4c0eee15a2dd09872583be76d7838c827e624faa59bd291fe6a
2412,2023-06-30,2023,2,2023-08-10,2023-08-10T14:51:31+08:00,2023-08-10,2023-08-10,2023-08-11,MOPS_EXACT,official_timestamp_second_precision,CONSOLIDATED,202302_2412_AI1.pdf,TWSE_MOPS_T57SB01_OFFICIAL_DOCUMENT_UPLOAD,9db7fd4f0d590e233f6ebf64f5626be53aa45d1d34af5b969d1891e3fe9b734c,587a4a0743ea19b579f333a9eaefddb5039f1d1f2d95a422943965c4cb904d54,EXACT_MATCH,MOPS_SINGLE_ELIGIBLE_FILING,9c8e03480589b7323eb318afb7765aa4df70cc11b735e4f71edda2c03963bec8
2412,2023-09-30,2023,3,2023-11-09,2023-11-09T14:34:01+08:00,2023-11-09,2023-11-09,2023-11-10,MOPS_EXACT,official_timestamp_second_precision,CONSOLIDATED,202303_2412_AI1.pdf,TWSE_MOPS_T57SB01_OFFICIAL_DOCUMENT_UPLOAD,9db7fd4f0d590e233f6ebf64f5626be53aa45d1d34af5b969d1891e3fe9b734c,8c350d779157c960e964cdceffd7be6f7c81cf6ef363850acb4a83f932071724,EXACT_MATCH,MOPS_SINGLE_ELIGIBLE_FILING,65911c6651aff132dc0ec630cc2229c7c680a80043f719d6e16418cb41abfdc5
2412,2023-12-31,2023,4,2024-02-23,2024-02-23T17:57:12+08:00,2024-02-23,2024-02-23,2024-02-26,MOPS_EXACT,official_timestamp_second_precision,CONSOLIDATED,202304_2412_AI1.pdf,TWSE_MOPS_T57SB01_OFFICIAL_DOCUMENT_UPLOAD,9db7fd4f0d590e233f6ebf64f5626be53aa45d1d34af5b969d1891e3fe9b734c,6c7deb910639ce833b16e7726a740dbadbfb82e72d6b44d0a73389188eed9dfc,EXACT_MATCH,MOPS_CONSOLIDATED_PREFERRED_OVER_INDIVIDUAL,da942b6cd92a712647721c4504c0fb7e1b0a5e7453622219216eb277557adc65
2412,2024-03-31,2024,1,2024-05-10,2024-05-10T15:28:22+08:00,2024-05-10,2024-05-10,2024-05-13,MOPS_EXACT,official_timestamp_second_precision,CONSOLIDATED,202401_2412_AI1.pdf,TWSE_MOPS_T57SB01_OFFICIAL_DOCUMENT_UPLOAD,9db7fd4f0d590e233f6ebf64f5626be53aa45d1d34af5b969d1891e3fe9b734c,fa91f61001dbeded90f7e45cb862c980574cacc437eeb37a153a89aaea964c4c,EXACT_MATCH,MOPS_SINGLE_ELIGIBLE_FILING,616903201afed5194f2a84cf1e6650ac30a16b2c41ea14a090daa1bc55549511
2412,2024-06-30,2024,2,2024-08-09,2024-08-09T16:52:52+08:00,2024-08-09,2024-08-09,2024-08-12,MOPS_EXACT,official_timestamp_second_precision,CONSOLIDATED,202402_2412_AI1.pdf,TWSE_MOPS_T57SB01_OFFICIAL_DOCUMENT_UPLOAD,9db7fd4f0d590e233f6ebf64f5626be53aa45d1d34af5b969d1891e3fe9b734c,ba157b52042e14daaeaff0b0d0bfd86d5522570e88c653d0bf57bdf06b3430ae,EXACT_MATCH,MOPS_SINGLE_ELIGIBLE_FILING,42a3edfeddd03f5bd2b863c44dee6a4936a5194af8ba528ae86651feeabc041d
2412,2024-09-30,2024,3,2024-11-08,2024-11-08T16:35:32+08:00,2024-11-08,2024-11-08,2024-11-11,MOPS_EXACT,official_timestamp_second_precision,CONSOLIDATED,202403_2412_AI1.pdf,TWSE_MOPS_T57SB01_OFFICIAL_DOCUMENT_UPLOAD,9db7fd4f0d590e233f6ebf64f5626be53aa45d1d34af5b969d1891e3fe9b734c,9f1e5c946249d66ee4d2e5d0bf1c77022f416c7646a6ce2803f181a0156bc8bc,EXACT_MATCH,MOPS_SINGLE_ELIGIBLE_FILING,16fac87b6f41fd718a88081396dab11a27005adf13ddeadfeb3e3576d4e624fa
2412,2024-12-31,2024,4,2025-02-27,2025-02-27T14:35:03+08:00,2025-02-27,2025-02-27,2025-03-03,MOPS_EXACT,official_timestamp_second_precision,CONSOLIDATED,202404_2412_AI1.pdf,TWSE_MOPS_T57SB01_OFFICIAL_DOCUMENT_UPLOAD,9db7fd4f0d590e233f6ebf64f5626be53aa45d1d34af5b969d1891e3fe9b734c,9dfee4486cf6d6fea460a93047c4dc2ebb355c3e529751d83561ac1abfa23f0d,EXACT_MATCH,MOPS_CONSOLIDATED_PREFERRED_OVER_INDIVIDUAL,91ebe547c5ea49055a0be52801a9adf1efd9390d80cdc79b0b5373f07cb761ff
2412,2025-03-31,2025,1,2025-05-09,2025-05-09T17:38:03+08:00,2025-05-09,2025-05-09,2025-05-12,MOPS_EXACT,official_timestamp_second_precision,CONSOLIDATED,202501_2412_AI1.pdf,TWSE_MOPS_T57SB01_OFFICIAL_DOCUMENT_UPLOAD,9db7fd4f0d590e233f6ebf64f5626be53aa45d1d34af5b969d1891e3fe9b734c,964f037cb4a33ca2010111df834fd5b8c7ef9f41bf7a754c55958f5d9268c0f5,EXACT_MATCH,MOPS_SINGLE_ELIGIBLE_FILING,6b676c235ec818c17644ed05a2ac8ab51650af74da79ad806f2029bd21b8ab1f
2412,2025-06-30,2025,2,2025-08-11,2025-08-11T15:01:15+08:00,2025-08-11,2025-08-11,2025-08-12,MOPS_EXACT,official_timestamp_second_precision,CONSOLIDATED,202502_2412_AI1.pdf,TWSE_MOPS_T57SB01_OFFICIAL_DOCUMENT_UPLOAD,9db7fd4f0d590e233f6ebf64f5626be53aa45d1d34af5b969d1891e3fe9b734c,9a7466ef121a3ce89712871e4626408ab1ae6a50df9eaeddca5d40fd3e7b64c5,EXACT_MATCH,MOPS_SINGLE_ELIGIBLE_FILING,e6bd8e5b8c4e8fb9d8cb527274fd3eb4e4f46c4892862aeec9a92f99e4305815
2412,2025-09-30,2025,3,2025-11-10,2025-11-10T14:32:39+08:00,2025-11-10,2025-11-10,2025-11-11,MOPS_EXACT,official_timestamp_second_precision,CONSOLIDATED,202503_2412_AI1.pdf,TWSE_MOPS_T57SB01_OFFICIAL_DOCUMENT_UPLOAD,9db7fd4f0d590e233f6ebf64f5626be53aa45d1d34af5b969d1891e3fe9b734c,8cc03769d1a676d3cc29fc5e16788b37308b838bceaab91772f3ec9a8f8379de,EXACT_MATCH,MOPS_SINGLE_ELIGIBLE_FILING,328ff7f6e6a6488a93f900f2005170b0d38b18935fec8014fb0ae678c7075ae8
2412,2025-12-31,2025,4,2026-02-26,2026-02-26T18:06:03+08:00,2026-02-26,2026-02-26,2026-03-02,MOPS_EXACT,official_timestamp_second_precision,CONSOLIDATED,202504_2412_AI1.pdf,TWSE_MOPS_T57SB01_OFFICIAL_DOCUMENT_UPLOAD,9db7fd4f0d590e233f6ebf64f5626be53aa45d1d34af5b969d1891e3fe9b734c,ea42c8d5349e5a4146e98d8693d08f6625218d8680a342dd6fe4937fe5d476c3,EXACT_MATCH,MOPS_CONSOLIDATED_PREFERRED_OVER_INDIVIDUAL,b3b5aadab538bd20d22115fcf09916664cb8c484cab4c37aa6fd8b336cdbc60d
2412,2026-03-31,2026,1,2026-05-11,2026-05-11T14:41:03+08:00,2026-05-11,2026-05-11,2026-05-12,MOPS_EXACT,official_timestamp_second_precision,CONSOLIDATED,202601_2412_AI1.pdf,TWSE_MOPS_T57SB01_OFFICIAL_DOCUMENT_UPLOAD,9db7fd4f0d590e233f6ebf64f5626be53aa45d1d34af5b969d1891e3fe9b734c,a9e8b0efcd6dfe0b83e1d196103535fa69634e9e72fcde34a7224df42b227c5b,EXACT_MATCH,MOPS_SINGLE_ELIGIBLE_FILING,7809d22808a76e204409f4b5ad8ddb80078cc809aec13f9a77173a1a68d7a88d
2412,2026-06-30,2026,2,2026-08-10,2026-08-10T14:39:49+08:00,2026-08-10,2026-08-10,2026-08-11,MOPS_EXACT,official_timestamp_second_precision,CONSOLIDATED,202602_2412_AI1.pdf,TWSE_MOPS_T57SB01_OFFICIAL_DOCUMENT_UPLOAD,9db7fd4f0d590e233f6ebf64f5626be53aa45d1d34af5b969d1891e3fe9b734c,bc078ec96f6ed5669bc9507606bba63fdb9257edda925178c9d721985af51df0,EXACT_MATCH,MOPS_SINGLE_ELIGIBLE_FILING,1fab2e07b37702a79356c567f09e4c7b81f59f8eda4bdd6cf9221f6f02a3403d
2449,2016-03-31,2016,1,2016-05-12,2016-05-12T17:07:17+08:00,2016-05-12,2016-05-12,2016-05-13,MOPS_EXACT,official_timestamp_second_precision,CONSOLIDATED,201601_2449_AI1.pdf,TWSE_MOPS_T57SB01_OFFICIAL_DOCUMENT_UPLOAD,308dee898e7f228511ae604a7860ab2e098411d94efe546e1fc664244e038f7e,52b3d092ec696881925c28c6f822ae021bb9ab1b944b24fb1455e22f39885839,EXACT_MATCH,MOPS_SINGLE_ELIGIBLE_FILING,75151047dd326bb2d0fb2b8f993acdf8c4b7d1009d205a798633fdb1a90c9237
2449,2016-06-30,2016,2,2016-08-05,2016-08-05T16:06:07+08:00,2016-08-05,2016-08-05,2016-08-08,MOPS_EXACT,official_timestamp_second_precision,CONSOLIDATED,201602_2449_AI1.pdf,TWSE_MOPS_T57SB01_OFFICIAL_DOCUMENT_UPLOAD,308dee898e7f228511ae604a7860ab2e098411d94efe546e1fc664244e038f7e,6cc545f98ada8e60decc5ad5288ec682dc16cb9689e533772022034d70d808c3,EXACT_MATCH,MOPS_SINGLE_ELIGIBLE_FILING,b604bd6d9b620102b233517e5c9468f521045b833ec42bc370acf0f220cfc4c2
2449,2016-09-30,2016,3,2016-11-07,2016-11-07T16:18:14+08:00,2016-11-07,2016-11-07,2016-11-08,MOPS_EXACT,official_timestamp_second_precision,CONSOLIDATED,201603_2449_AI1.pdf,TWSE_MOPS_T57SB01_OFFICIAL_DOCUMENT_UPLOAD,308dee898e7f228511ae604a7860ab2e098411d94efe546e1fc664244e038f7e,88549c8c5cad8f4870610331849dbc4952e6dd4b9ae25405854ce20aeca158ac,EXACT_MATCH,MOPS_SINGLE_ELIGIBLE_FILING,a0695cd0a70d0a595d8a4c829a865abd4b43e0dc9bb0ed649b40b3e1c2d0c0c8
2449,2016-12-31,2016,4,2017-03-21,2017-03-21T16:34:04+08:00,2017-03-21,2017-03-21,2017-03-22,MOPS_EXACT,official_timestamp_second_precision,CONSOLIDATED,201604_2449_AI1.pdf,TWSE_MOPS_T57SB01_OFFICIAL_DOCUMENT_UPLOAD,308dee898e7f228511ae604a7860ab2e098411d94efe546e1fc664244e038f7e,48c5d9c6b6f566614cf666b1c2f971c8577eb5a358656decd3934a467082de2b,EXACT_MATCH,MOPS_CONSOLIDATED_PREFERRED_OVER_INDIVIDUAL,e07e3d0d2d14866c074f79d359a8ab48507d77bcbe08b10f7e157ee0f9727b2b
2449,2017-03-31,2017,1,2017-05-11,2017-05-11T14:15:37+08:00,2017-05-11,2017-05-11,2017-05-12,MOPS_EXACT,official_timestamp_second_precision,CONSOLIDATED,201701_2449_AI1.pdf,TWSE_MOPS_T57SB01_OFFICIAL_DOCUMENT_UPLOAD,308dee898e7f228511ae604a7860ab2e098411d94efe546e1fc664244e038f7e,e91bcbbca5acf50ceb3daa8f4a4889f144c540d6ffb07a1b0167e5fa2d882200,EXACT_MATCH,MOPS_SINGLE_ELIGIBLE_FILING,883d9bf2518ce7422a6f33ed9eb6ae18bdf99d3d2b2522bcda9efb52f18b5548
2449,2017-06-30,2017,2,2017-08-11,2017-08-11T13:36:52+08:00,2017-08-11,2017-08-11,2017-08-14,MOPS_EXACT,official_timestamp_second_precision,CONSOLIDATED,201702_2449_AI1.pdf,TWSE_MOPS_T57SB01_OFFICIAL_DOCUMENT_UPLOAD,308dee898e7f228511ae604a7860ab2e098411d94efe546e1fc664244e038f7e,66c829af5c9dbf455562c00109575fcfc1c7e6ba7c82fc67a1d03556ef94f910,EXACT_MATCH,MOPS_SINGLE_ELIGIBLE_FILING,c282dc71ea849e6488203358b59a48bda7be5ea8c1379bb0530fb912efe55fe5
2449,2017-09-30,2017,3,2017-11-10,2017-11-10T14:07:32+08:00,2017-11-10,2017-11-10,2017-11-13,MOPS_EXACT,official_timestamp_second_precision,CONSOLIDATED,201703_2449_AI1.pdf,TWSE_MOPS_T57SB01_OFFICIAL_DOCUMENT_UPLOAD,308dee898e7f228511ae604a7860ab2e098411d94efe546e1fc664244e038f7e,fa948314b02ae0a5d02fc1433aa333489cf372ad9f9ae6f63430872428ead934,EXACT_MATCH,MOPS_SINGLE_ELIGIBLE_FILING,cef39fd5f1a2397de479d3352e8a245d38d468e8cc7c022c2dc10dbe2b530d06
2449,2017-12-31,2017,4,2018-03-28,2018-03-28T09:40:38+08:00,2018-03-28,2018-03-28,2018-03-29,MOPS_EXACT,official_timestamp_second_precision,CONSOLIDATED,201704_2449_AI1.pdf,TWSE_MOPS_T57SB01_OFFICIAL_DOCUMENT_UPLOAD,308dee898e7f228511ae604a7860ab2e098411d94efe546e1fc664244e038f7e,046444d2b57785a239e192191781aa975274bf42f94d018cb7eaf66b639ec171,EXACT_MATCH,MOPS_CONSOLIDATED_PREFERRED_OVER_INDIVIDUAL,36ea1cd792f16e3ebe5269f4bf09e57af0bb8f27d203495200e00ec612f84002
2449,2018-03-31,2018,1,2018-05-14,2018-05-14T14:07:29+08:00,2018-05-14,2018-05-14,2018-05-15,MOPS_EXACT,official_timestamp_second_precision,CONSOLIDATED,201801_2449_AI1.pdf,TWSE_MOPS_T57SB01_OFFICIAL_DOCUMENT_UPLOAD,308dee898e7f228511ae604a7860ab2e098411d94efe546e1fc664244e038f7e,cbeb394f56f2790df5adb7daebb77841a710d9427d8efbd4dd5c3a6b89ebf586,EXACT_MATCH,MOPS_SINGLE_ELIGIBLE_FILING,59f379e498519675e2963353df16ec5e0bd2e2b35ce816ff41ce9895b2ec0e79
2449,2018-06-30,2018,2,2018-08-10,2018-08-10T17:40:41+08:00,2018-08-10,2018-08-10,2018-08-13,MOPS_EXACT,official_timestamp_second_precision,CONSOLIDATED,201802_2449_AI1.pdf,TWSE_MOPS_T57SB01_OFFICIAL_DOCUMENT_UPLOAD,308dee898e7f228511ae604a7860ab2e098411d94efe546e1fc664244e038f7e,dbcaf0b52c0a4266584b671bd9d2b6b615fa44ced1eb4987fdeae619fb6f39f9,EXACT_MATCH,MOPS_SINGLE_ELIGIBLE_FILING,532877f6a16b77ed0cddefa1d18aecf5c884d141ccdf0e5926feccfcf33c567f
2449,2018-09-30,2018,3,2018-11-12,2018-11-12T13:50:13+08:00,2018-11-12,2018-11-12,2018-11-13,MOPS_EXACT,official_timestamp_second_precision,CONSOLIDATED,201803_2449_AI1.pdf,TWSE_MOPS_T57SB01_OFFICIAL_DOCUMENT_UPLOAD,308dee898e7f228511ae604a7860ab2e098411d94efe546e1fc664244e038f7e,7541d1b29289b1f072e75868e4323cdf5ca8a4926120d1677e511f799d94547e,EXACT_MATCH,MOPS_SINGLE_ELIGIBLE_FILING,dc0f2d8f262cc5e6856deeec53393b79f8b6c671b96cc9edcb803a413aa9d18e
2449,2018-12-31,2018,4,2019-03-22,2019-03-22T13:28:54+08:00,2019-03-22,2019-03-22,2019-03-25,MOPS_EXACT,official_timestamp_second_precision,CONSOLIDATED,201804_2449_AI1.pdf,TWSE_MOPS_T57SB01_OFFICIAL_DOCUMENT_UPLOAD,308dee898e7f228511ae604a7860ab2e098411d94efe546e1fc664244e038f7e,9ea422f18b0e4d36c545b41b4b9904c77e77061609c4c61411ba981317cb513b,EXACT_MATCH,MOPS_CONSOLIDATED_PREFERRED_OVER_INDIVIDUAL,705f412f6a98616abb48987d1530bf5d743ff7fc81a59f3004a3926ca618c103
2449,2019-03-31,2019,1,2019-05-09,2019-05-09T15:28:38+08:00,2019-05-09,2019-05-09,2019-05-10,MOPS_EXACT,official_timestamp_second_precision,CONSOLIDATED,201901_2449_AI1.pdf,TWSE_MOPS_T57SB01_OFFICIAL_DOCUMENT_UPLOAD,308dee898e7f228511ae604a7860ab2e098411d94efe546e1fc664244e038f7e,03a03ebe4d373342929260de581c62853b26f1782195045033e994b0a2dfdf49,EXACT_MATCH,MOPS_SINGLE_ELIGIBLE_FILING,87b6c7242d60508d260f890a624126894fd494437605e0e123379dc0c0da1fdf
2449,2019-06-30,2019,2,2019-08-14,2019-08-14T16:07:43+08:00,2019-08-14,2019-08-14,2019-08-15,MOPS_EXACT,official_timestamp_second_precision,CONSOLIDATED,201902_2449_AI1.pdf,TWSE_MOPS_T57SB01_OFFICIAL_DOCUMENT_UPLOAD,308dee898e7f228511ae604a7860ab2e098411d94efe546e1fc664244e038f7e,3cd28d872e54ba5acb96935f7b3e9225d3ad17cceb916c04c7452e4d1b7d1e57,EXACT_MATCH,MOPS_SINGLE_ELIGIBLE_FILING,0ad22e619e3022bad88185054d167b2ee5993115c4311adc9a82efe1a6896f56
2449,2019-09-30,2019,3,2019-11-08,2019-11-08T14:45:59+08:00,2019-11-08,2019-11-08,2019-11-11,MOPS_EXACT,official_timestamp_second_precision,CONSOLIDATED,201903_2449_AI1.pdf,TWSE_MOPS_T57SB01_OFFICIAL_DOCUMENT_UPLOAD,308dee898e7f228511ae604a7860ab2e098411d94efe546e1fc664244e038f7e,23335d8a073805724bdd9622c9ac1d3b042065e7ed1be62b105e20b88394b174,EXACT_MATCH,MOPS_SINGLE_ELIGIBLE_FILING,7b0291df105b4ddebebf4c0c33d0eae94249d1fde5bbd035256eeb6090b232e7
2449,2019-12-31,2019,4,2020-03-13,2020-03-13T15:06:24+08:00,2020-03-13,2020-03-13,2020-03-16,MOPS_EXACT,official_timestamp_second_precision,CONSOLIDATED,201904_2449_AI1.pdf,TWSE_MOPS_T57SB01_OFFICIAL_DOCUMENT_UPLOAD,308dee898e7f228511ae604a7860ab2e098411d94efe546e1fc664244e038f7e,adc79a35a32fbf90e9c44401c94cf51f9c77d9f56017fad2ed24b41195f473b1,EXACT_MATCH,MOPS_CONSOLIDATED_PREFERRED_OVER_INDIVIDUAL,dec2b146e50cac16951f514e6155ed3c69228e7d25079123390549332b356836
2449,2020-03-31,2020,1,2020-05-08,2020-05-08T14:56:13+08:00,2020-05-08,2020-05-08,2020-05-11,MOPS_EXACT,official_timestamp_second_precision,CONSOLIDATED,202001_2449_AI1.pdf,TWSE_MOPS_T57SB01_OFFICIAL_DOCUMENT_UPLOAD,308dee898e7f228511ae604a7860ab2e098411d94efe546e1fc664244e038f7e,b55f9762f2494c4ae52adaf7705400f6b1c7b4c99c1f743cb61f5d87596f7e92,EXACT_MATCH,MOPS_SINGLE_ELIGIBLE_FILING,3d3fee645c1d7454e1d9d1d5211abd168d5e91f3bae9b93aa9e1b9a0090c751a
2449,2020-06-30,2020,2,2020-08-07,2020-08-07T15:22:56+08:00,2020-08-07,2020-08-07,2020-08-10,MOPS_EXACT,official_timestamp_second_precision,CONSOLIDATED,202002_2449_AI1.pdf,TWSE_MOPS_T57SB01_OFFICIAL_DOCUMENT_UPLOAD,308dee898e7f228511ae604a7860ab2e098411d94efe546e1fc664244e038f7e,77dc30f043985eb5c514f7f9ab1af8b4fd96612f018d0d8077a0a3c5ffec93bd,EXACT_MATCH,MOPS_SINGLE_ELIGIBLE_FILING,6a4318e703d4a97053dff8de05e35b35b0ce953e77c9bce000b07e5fc5a2c92e
2449,2020-09-30,2020,3,2020-10-30,2020-10-30T16:18:13+08:00,2020-10-30,2020-10-30,2020-11-02,MOPS_EXACT,official_timestamp_second_precision,CONSOLIDATED,202003_2449_AI1.pdf,TWSE_MOPS_T57SB01_OFFICIAL_DOCUMENT_UPLOAD,308dee898e7f228511ae604a7860ab2e098411d94efe546e1fc664244e038f7e,d972640919bb0984f4c2d6d2d77566533a1f3218d150cd833b269b4d3252e591,EXACT_MATCH,MOPS_SINGLE_ELIGIBLE_FILING,498bb9fc561649d5a2e694876e9878d0d4a2d18a48714d8c23324e149da4ed58
2449,2020-12-31,2020,4,2021-03-17,2021-03-17T15:59:20+08:00,2021-03-17,2021-03-17,2021-03-18,MOPS_EXACT,official_timestamp_second_precision,CONSOLIDATED,202004_2449_AI1.pdf,TWSE_MOPS_T57SB01_OFFICIAL_DOCUMENT_UPLOAD,308dee898e7f228511ae604a7860ab2e098411d94efe546e1fc664244e038f7e,71f3ab345cc4af76665d9c3b8f72c9747faecef65b06d7104fb391f27591a25b,EXACT_MATCH,MOPS_CONSOLIDATED_PREFERRED_OVER_INDIVIDUAL,bd28a6e0f5a6abbc9db98242f3ccfa711400454931790ef3b0fec86003cec3f8
2449,2021-03-31,2021,1,2021-05-13,2021-05-13T13:53:59+08:00,2021-05-13,2021-05-13,2021-05-14,MOPS_EXACT,official_timestamp_second_precision,CONSOLIDATED,202101_2449_AI1.pdf,TWSE_MOPS_T57SB01_OFFICIAL_DOCUMENT_UPLOAD,308dee898e7f228511ae604a7860ab2e098411d94efe546e1fc664244e038f7e,abb1f218f3dadff12f0be5b3a352a11d58212e571015178626a10b4ac9648086,EXACT_MATCH,MOPS_SINGLE_ELIGIBLE_FILING,6181520156a0210e5bd6740f5ed77eeac471b4b3688e4d6ceeb538b01208e4c5
2449,2021-06-30,2021,2,2021-08-11,2021-08-11T17:35:34+08:00,2021-08-11,2021-08-11,2021-08-12,MOPS_EXACT,official_timestamp_second_precision,CONSOLIDATED,202102_2449_AI1.pdf,TWSE_MOPS_T57SB01_OFFICIAL_DOCUMENT_UPLOAD,308dee898e7f228511ae604a7860ab2e098411d94efe546e1fc664244e038f7e,5c0f6cd6bb50277b0a7d278b13e7826c7a84be2d11d5b8840ec14851b5ccb241,EXACT_MATCH,MOPS_SINGLE_ELIGIBLE_FILING,d96240f9310b6061182341dcf72e5f11d1a1e031c53d9c33968e6667b132a364
2449,2021-09-30,2021,3,2021-11-08,2021-11-08T15:05:07+08:00,2021-11-08,2021-11-08,2021-11-09,MOPS_EXACT,official_timestamp_second_precision,CONSOLIDATED,202103_2449_AI1.pdf,TWSE_MOPS_T57SB01_OFFICIAL_DOCUMENT_UPLOAD,308dee898e7f228511ae604a7860ab2e098411d94efe546e1fc664244e038f7e,b5555e6efc2b27fc01f5958d87bd0cb2ac70d0ee71571d9cf1fd5489d5eeefd4,EXACT_MATCH,MOPS_SINGLE_ELIGIBLE_FILING,bb6097b25bb59e8590d1d5ca98ff5d58d59829b39fe0c06f383fb5d73212ba6e
2449,2021-12-31,2021,4,2022-03-10,2022-03-10T13:42:44+08:00,2022-03-10,2022-03-10,2022-03-11,MOPS_EXACT,official_timestamp_second_precision,CONSOLIDATED,202104_2449_AI1.pdf,TWSE_MOPS_T57SB01_OFFICIAL_DOCUMENT_UPLOAD,308dee898e7f228511ae604a7860ab2e098411d94efe546e1fc664244e038f7e,a9c26812c9363cf0045065e3ceee7473ceb97ad88a1e81513f00321ad311be72,EXACT_MATCH,MOPS_CONSOLIDATED_PREFERRED_OVER_INDIVIDUAL,fc5ecf857863cf8f5e202abcf0f3230c849cc64f017127399574ff4dc442b8ec
2449,2022-03-31,2022,1,2022-05-10,2022-05-10T16:11:40+08:00,2022-05-10,2022-05-10,2022-05-11,MOPS_EXACT,official_timestamp_second_precision,CONSOLIDATED,202201_2449_AI1.pdf,TWSE_MOPS_T57SB01_OFFICIAL_DOCUMENT_UPLOAD,308dee898e7f228511ae604a7860ab2e098411d94efe546e1fc664244e038f7e,5a0d41ce2fe3a77aa7eab63aa6a5a93fb0617a9d45908b883d59d09ebb26f8b9,EXACT_MATCH,MOPS_SINGLE_ELIGIBLE_FILING,b5515014fdc97a717dc5ecd209d02e2f97d605da47793ad3b35de692aa2b01e7
2449,2022-06-30,2022,2,2022-08-10,2022-08-10T13:43:40+08:00,2022-08-10,2022-08-10,2022-08-11,MOPS_EXACT,official_timestamp_second_precision,CONSOLIDATED,202202_2449_AI1.pdf,TWSE_MOPS_T57SB01_OFFICIAL_DOCUMENT_UPLOAD,308dee898e7f228511ae604a7860ab2e098411d94efe546e1fc664244e038f7e,30e96e102cffb8a9ff155f92e899f1b949f5f76cf0e67dc4b699a1b3c20a3f2e,EXACT_MATCH,MOPS_SINGLE_ELIGIBLE_FILING,00e2be1036f782d98fbbdafd39313509a6822e209ae5300c326c475daf94ce23
2449,2022-09-30,2022,3,2022-11-08,2022-11-08T16:15:21+08:00,2022-11-08,2022-11-08,2022-11-09,MOPS_EXACT,official_timestamp_second_precision,CONSOLIDATED,202203_2449_AI1.pdf,TWSE_MOPS_T57SB01_OFFICIAL_DOCUMENT_UPLOAD,308dee898e7f228511ae604a7860ab2e098411d94efe546e1fc664244e038f7e,257456c5338bff6adc3cfdce857ea36ccae0aba808dbec583b4429cb6bc0f389,EXACT_MATCH,MOPS_SINGLE_ELIGIBLE_FILING,45ac3ae6f6665ca417d2794e2af486d34fdc2fa882de9aa91b46a80c2121db66
2449,2022-12-31,2022,4,2023-03-14,2023-03-14T13:38:35+08:00,2023-03-14,2023-03-14,2023-03-15,MOPS_EXACT,official_timestamp_second_precision,CONSOLIDATED,202204_2449_AI1.pdf,TWSE_MOPS_T57SB01_OFFICIAL_DOCUMENT_UPLOAD,308dee898e7f228511ae604a7860ab2e098411d94efe546e1fc664244e038f7e,0b2a5dc8096f44c45b69d8d30f3a231fed2d62318cdcc4580bf0f73fbc16f590,EXACT_MATCH,MOPS_CONSOLIDATED_PREFERRED_OVER_INDIVIDUAL,b61de5a10c6299085855c2465bc1f805d9e12c62dced2d60f9d67a6e23f226ee
2449,2023-03-31,2023,1,2023-05-10,2023-05-10T13:54:36+08:00,2023-05-10,2023-05-10,2023-05-11,MOPS_EXACT,official_timestamp_second_precision,CONSOLIDATED,202301_2449_AI1.pdf,TWSE_MOPS_T57SB01_OFFICIAL_DOCUMENT_UPLOAD,308dee898e7f228511ae604a7860ab2e098411d94efe546e1fc664244e038f7e,ba18856b60c76a2e0f58ea150ae7559b1b36c1b949689cd3e6648d4d70170aea,EXACT_MATCH,MOPS_SINGLE_ELIGIBLE_FILING,bdfd017c1550b2714f3a75fbe828aaa65908cd41366ae31bcb7b323ade999664
2449,2023-06-30,2023,2,2023-08-09,2023-08-09T15:37:52+08:00,2023-08-09,2023-08-09,2023-08-10,MOPS_EXACT,official_timestamp_second_precision,CONSOLIDATED,202302_2449_AI1.pdf,TWSE_MOPS_T57SB01_OFFICIAL_DOCUMENT_UPLOAD,308dee898e7f228511ae604a7860ab2e098411d94efe546e1fc664244e038f7e,3dda973cfaaf1a0f2c135924e0c81cd34b2057cf6864e001b657efd544ae1f44,EXACT_MATCH,MOPS_SINGLE_ELIGIBLE_FILING,8a4c2aa14b733957a78daec53fd36608745d06a3767269c6737394c0b74dd659
2449,2023-09-30,2023,3,2023-11-08,2023-11-08T15:04:53+08:00,2023-11-08,2023-11-08,2023-11-09,MOPS_EXACT,official_timestamp_second_precision,CONSOLIDATED,202303_2449_AI1.pdf,TWSE_MOPS_T57SB01_OFFICIAL_DOCUMENT_UPLOAD,308dee898e7f228511ae604a7860ab2e098411d94efe546e1fc664244e038f7e,a7f14d4987ed6084c4294c39a486275237d4bf4c031945ecb98b3d9f131b0a17,EXACT_MATCH,MOPS_SINGLE_ELIGIBLE_FILING,2769d16f592d148cfd8eed407b19d255d8671165d9e0298beda826f44cb2887f
2449,2023-12-31,2023,4,2024-02-27,2024-02-27T14:33:17+08:00,2024-02-27,2024-02-27,2024-02-29,MOPS_EXACT,official_timestamp_second_precision,CONSOLIDATED,202304_2449_AI1.pdf,TWSE_MOPS_T57SB01_OFFICIAL_DOCUMENT_UPLOAD,308dee898e7f228511ae604a7860ab2e098411d94efe546e1fc664244e038f7e,f7ec1b6e04546788d5ee86c39dfd487a7d73985d0d9ba1ea727f1ea631dde1c2,EXACT_MATCH,MOPS_CONSOLIDATED_PREFERRED_OVER_INDIVIDUAL,3f3b5ae7437ccd79b31fb39962ff56c0fa8d059b0ce4b2e2b73c4a15e33a0cc6
2449,2024-03-31,2024,1,2024-05-07,2024-05-07T13:54:00+08:00,2024-05-07,2024-05-07,2024-05-08,MOPS_EXACT,official_timestamp_second_precision,CONSOLIDATED,202401_2449_AI1.pdf,TWSE_MOPS_T57SB01_OFFICIAL_DOCUMENT_UPLOAD,308dee898e7f228511ae604a7860ab2e098411d94efe546e1fc664244e038f7e,01d07acbcb952480f144c5f82a5cae8e638f8b983cca4f7c8ffb44e140cd5a69,EXACT_MATCH,MOPS_SINGLE_ELIGIBLE_FILING,a823424d7f72ee1b2412aef14a64843f2ab7fb1b0bb30921edc0dbfebd00b024
2449,2024-06-30,2024,2,2024-08-12,2024-08-12T14:11:19+08:00,2024-08-12,2024-08-12,2024-08-13,MOPS_EXACT,official_timestamp_second_precision,CONSOLIDATED,202402_2449_AI1.pdf,TWSE_MOPS_T57SB01_OFFICIAL_DOCUMENT_UPLOAD,308dee898e7f228511ae604a7860ab2e098411d94efe546e1fc664244e038f7e,3558c9e60f697e828db97b359f2a601720bd86f813032961dd606819333f5505,EXACT_MATCH,MOPS_SINGLE_ELIGIBLE_FILING,9fa55dc1d7e7fbbe9bebba42d65490177c500dfbf88f319e22f1a414d0355c27
2449,2024-09-30,2024,3,2024-11-11,2024-11-11T13:54:53+08:00,2024-11-11,2024-11-11,2024-11-12,MOPS_EXACT,official_timestamp_second_precision,CONSOLIDATED,202403_2449_AI1.pdf,TWSE_MOPS_T57SB01_OFFICIAL_DOCUMENT_UPLOAD,308dee898e7f228511ae604a7860ab2e098411d94efe546e1fc664244e038f7e,075c5ccf398b723507f3a25684c042b2f0c1d6a282cd242e602633048e468cfe,EXACT_MATCH,MOPS_SINGLE_ELIGIBLE_FILING,c638c80c134e0104baaa5e460ee9eb2d03c26dc6c5675af0fdcec7322c7cf6d2
2449,2024-12-31,2024,4,2025-02-25,2025-02-25T13:56:15+08:00,2025-02-25,2025-02-25,2025-02-26,MOPS_EXACT,official_timestamp_second_precision,CONSOLIDATED,202404_2449_AI1.pdf,TWSE_MOPS_T57SB01_OFFICIAL_DOCUMENT_UPLOAD,308dee898e7f228511ae604a7860ab2e098411d94efe546e1fc664244e038f7e,ec390489407ddc5fe053088a33cfa8d9d5b365565be922233fbcfe560da18440,EXACT_MATCH,MOPS_CONSOLIDATED_PREFERRED_OVER_INDIVIDUAL,663855fda126aac274fa5bdf7019c8b0ccb005ae1c6bc719f4aad68530e1c80a
2449,2025-03-31,2025,1,2025-05-12,2025-05-12T13:42:46+08:00,2025-05-12,2025-05-12,2025-05-13,MOPS_EXACT,official_timestamp_second_precision,CONSOLIDATED,202501_2449_AI1.pdf,TWSE_MOPS_T57SB01_OFFICIAL_DOCUMENT_UPLOAD,308dee898e7f228511ae604a7860ab2e098411d94efe546e1fc664244e038f7e,d8a6447a9e2e8a241ea72546c420e60ded6026e397ecc051bc4c5ae1b172ce1b,EXACT_MATCH,MOPS_SINGLE_ELIGIBLE_FILING,9d08925d1f3a779f19bd94de49fad1e76a8787ca49598f67cd3a4c51c14f5b4d
2449,2025-06-30,2025,2,2025-08-11,2025-08-11T13:50:49+08:00,2025-08-11,2025-08-11,2025-08-12,MOPS_EXACT,official_timestamp_second_precision,CONSOLIDATED,202502_2449_AI1.pdf,TWSE_MOPS_T57SB01_OFFICIAL_DOCUMENT_UPLOAD,308dee898e7f228511ae604a7860ab2e098411d94efe546e1fc664244e038f7e,db4208201aa1d457d13dcc541baeabdb736c1b1e09d061ca3bc7433c87142469,EXACT_MATCH,MOPS_SINGLE_ELIGIBLE_FILING,733644b83931277ee2ea0d6abc7b5550ea57e91cf8b09acd1672d0256e4ef416
2449,2025-09-30,2025,3,2025-11-10,2025-11-10T13:46:06+08:00,2025-11-10,2025-11-10,2025-11-11,MOPS_EXACT,official_timestamp_second_precision,CONSOLIDATED,202503_2449_AI1.pdf,TWSE_MOPS_T57SB01_OFFICIAL_DOCUMENT_UPLOAD,308dee898e7f228511ae604a7860ab2e098411d94efe546e1fc664244e038f7e,5a1e578fe6a99e2e9143d9d313ce64ddb6819ce916a272c596a65cd16c65a375,EXACT_MATCH,MOPS_SINGLE_ELIGIBLE_FILING,49cd75afa4c43ce422cedf123b27c1c8f827a86e607713c35dc432f8678f0e98
2449,2025-12-31,2025,4,2026-03-09,2026-03-09T14:18:24+08:00,2026-03-09,2026-03-09,2026-03-10,MOPS_EXACT,official_timestamp_second_precision,CONSOLIDATED,202504_2449_AI1.pdf,TWSE_MOPS_T57SB01_OFFICIAL_DOCUMENT_UPLOAD,308dee898e7f228511ae604a7860ab2e098411d94efe546e1fc664244e038f7e,a5e70e7ff07dbf03d67a828813bbeff1f761697d59ac10af95894a2d3e80c6aa,EXACT_MATCH,MOPS_CONSOLIDATED_PREFERRED_OVER_INDIVIDUAL,9e6f1c024ebc73ec7fb37be671f1c679405eb13bf27e0412fc488d3559bfac65
2449,2026-03-31,2026,1,2026-05-11,2026-05-11T15:25:43+08:00,2026-05-11,2026-05-11,2026-05-12,MOPS_EXACT,official_timestamp_second_precision,CONSOLIDATED,202601_2449_AI1.pdf,TWSE_MOPS_T57SB01_OFFICIAL_DOCUMENT_UPLOAD,308dee898e7f228511ae604a7860ab2e098411d94efe546e1fc664244e038f7e,09abd8c7465f91fbe21d05f1cff9a57b2de9d1da694a8cdb5e7206e703419b40,EXACT_MATCH,MOPS_SINGLE_ELIGIBLE_FILING,54806182bd453ba9486482917e88172f2cbcfd97364569df7fc5d0dce16421e7
2449,2026-06-30,2026,2,2026-08-10,2026-08-10T16:42:24+08:00,2026-08-10,2026-08-10,2026-08-11,MOPS_EXACT,official_timestamp_second_precision,CONSOLIDATED,202602_2449_AI1.pdf,TWSE_MOPS_T57SB01_OFFICIAL_DOCUMENT_UPLOAD,308dee898e7f228511ae604a7860ab2e098411d94efe546e1fc664244e038f7e,d4760d8cc6bf9e4198312f79636ff6ce3fc7c3d2a218951f04e97a46dd3fd914,EXACT_MATCH,MOPS_SINGLE_ELIGIBLE_FILING,7aecc2a75003181ac6d2368d77205f0d8875220e036b0a3e2832ba4918dfb4b6
2454,2016-03-31,2016,1,2016-05-16,2016-05-16T13:51:49+08:00,2016-05-16,2016-05-16,2016-05-17,MOPS_EXACT,official_timestamp_second_precision,CONSOLIDATED,201601_2454_AI1.pdf,TWSE_MOPS_T57SB01_OFFICIAL_DOCUMENT_UPLOAD,0745fb8ce7e5f23776ef832d4a88a81ff89ce7d855c61383d8dd001629d48b41,374ef5367e91585ad7f92426442624c0e6c591785492a2ca6f90566afd9c16a9,EXACT_MATCH,MOPS_SINGLE_ELIGIBLE_FILING,9f1164ff84955d228cfd6dbe8b9c110be82c243fc58c7c9e971ced6d4d964a20
2454,2016-06-30,2016,2,2016-08-15,2016-08-15T10:44:01+08:00,2016-08-15,2016-08-15,2016-08-16,MOPS_EXACT,official_timestamp_second_precision,CONSOLIDATED,201602_2454_AI1.pdf,TWSE_MOPS_T57SB01_OFFICIAL_DOCUMENT_UPLOAD,0745fb8ce7e5f23776ef832d4a88a81ff89ce7d855c61383d8dd001629d48b41,8cbd685a253795257b937e11a857924eeb338fd9f83594cd743f6e27b42f828b,EXACT_MATCH,MOPS_SINGLE_ELIGIBLE_FILING,614288e9f1e66446e8b4545c375385ae3b72a0021d19b5e41e6e605f7c3b242f
2454,2016-09-30,2016,3,2016-11-14,2016-11-14T12:16:11+08:00,2016-11-14,2016-11-14,2016-11-15,MOPS_EXACT,official_timestamp_second_precision,CONSOLIDATED,201603_2454_AI1.pdf,TWSE_MOPS_T57SB01_OFFICIAL_DOCUMENT_UPLOAD,0745fb8ce7e5f23776ef832d4a88a81ff89ce7d855c61383d8dd001629d48b41,e3234d5065baba835467c1137eb093d8fb510153f9364c05ddae328e471c03fa,EXACT_MATCH,MOPS_SINGLE_ELIGIBLE_FILING,4e67edc5d6c8aa640bbb0e0b8f650d53652ad6f1d01feae344e1a99085c27286
2454,2016-12-31,2016,4,2017-03-22,2017-03-22T14:45:48+08:00,2017-03-22,2017-03-22,2017-03-23,MOPS_EXACT,official_timestamp_second_precision,CONSOLIDATED,201604_2454_AI1.pdf,TWSE_MOPS_T57SB01_OFFICIAL_DOCUMENT_UPLOAD,0745fb8ce7e5f23776ef832d4a88a81ff89ce7d855c61383d8dd001629d48b41,5fef3cea354f9866d89e3a2876ccc2b7034d8ed9a98f7d71b16f755353abde43,EXACT_MATCH,MOPS_CONSOLIDATED_PREFERRED_OVER_INDIVIDUAL,1b907bf226d399c588a6c62310d1c2877afe0e3cd545df4a773565a4350ab840
2454,2017-03-31,2017,1,2017-05-15,2017-05-15T17:53:41+08:00,2017-05-15,2017-05-15,2017-05-16,MOPS_EXACT,official_timestamp_second_precision,CONSOLIDATED,201701_2454_AI1.pdf,TWSE_MOPS_T57SB01_OFFICIAL_DOCUMENT_UPLOAD,0745fb8ce7e5f23776ef832d4a88a81ff89ce7d855c61383d8dd001629d48b41,8a58f8f9e7e77ecc45241080642d1c050305be75a750c0e5fd18a19e9faa63fe,EXACT_MATCH,MOPS_SINGLE_ELIGIBLE_FILING,801e6efcb9baed2a049174a96b988b9f91b4db47487897774427144526b610a6
2454,2017-06-30,2017,2,2017-08-14,2017-08-14T14:51:48+08:00,2017-08-14,2017-08-14,2017-08-15,MOPS_EXACT,official_timestamp_second_precision,CONSOLIDATED,201702_2454_AI1.pdf,TWSE_MOPS_T57SB01_OFFICIAL_DOCUMENT_UPLOAD,0745fb8ce7e5f23776ef832d4a88a81ff89ce7d855c61383d8dd001629d48b41,df5352a903d96cccbe068fa6b4c54bb9046c3f8f522f3b5166f713b521ff8939,EXACT_MATCH,MOPS_SINGLE_ELIGIBLE_FILING,91f08021791d80478a914011e8952638fe4a4052c7b5b44ce3a15ca4c8002146
2454,2017-09-30,2017,3,2017-11-14,2017-11-14T16:02:28+08:00,2017-11-14,2017-11-14,2017-11-15,MOPS_EXACT,official_timestamp_second_precision,CONSOLIDATED,201703_2454_AI1.pdf,TWSE_MOPS_T57SB01_OFFICIAL_DOCUMENT_UPLOAD,0745fb8ce7e5f23776ef832d4a88a81ff89ce7d855c61383d8dd001629d48b41,0cb6a93137d169faa2dec07604a6b723610252216aacc2566a2a49c5bee86781,EXACT_MATCH,MOPS_SINGLE_ELIGIBLE_FILING,69facc450301c8c12d3eb2f87b6dba021d63765cda2a581a3ce7c98b220de57c
2454,2017-12-31,2017,4,2018-03-30,2018-03-30T17:11:58+08:00,2018-03-30,2018-03-30,2018-03-31,MOPS_EXACT,official_timestamp_second_precision,CONSOLIDATED,201704_2454_AI1.pdf,TWSE_MOPS_T57SB01_OFFICIAL_DOCUMENT_UPLOAD,0745fb8ce7e5f23776ef832d4a88a81ff89ce7d855c61383d8dd001629d48b41,3523283853c3e2bba412bd267a5f36fdcc0357f6d03411f9bd223a20d29a764b,EXACT_MATCH,MOPS_CONSOLIDATED_PREFERRED_OVER_INDIVIDUAL,666ce01afce220146afaf5590a2746ec2389960a602a2795bb62d2ae479782e0
2454,2018-03-31,2018,1,2018-05-15,2018-05-15T09:49:25+08:00,2018-05-15,2018-05-15,2018-05-16,MOPS_EXACT,official_timestamp_second_precision,CONSOLIDATED,201801_2454_AI1.pdf,TWSE_MOPS_T57SB01_OFFICIAL_DOCUMENT_UPLOAD,0745fb8ce7e5f23776ef832d4a88a81ff89ce7d855c61383d8dd001629d48b41,15a7955f9b0506258005332ce0f92eaab23ea86b2c5b89a1cf6df10140286bbc,EXACT_MATCH,MOPS_SINGLE_ELIGIBLE_FILING,f0ee1dd28ca9b4e93e6d4c0ebf9a468060f3e9bdb9f86f2cbb46e2aac76dc7b1
2454,2018-06-30,2018,2,2018-08-13,2018-08-13T17:34:57+08:00,2018-08-13,2018-08-13,2018-08-14,MOPS_EXACT,official_timestamp_second_precision,CONSOLIDATED,201802_2454_AI1.pdf,TWSE_MOPS_T57SB01_OFFICIAL_DOCUMENT_UPLOAD,0745fb8ce7e5f23776ef832d4a88a81ff89ce7d855c61383d8dd001629d48b41,2124e86284626caf829a6573893a98ad15f1d51f9ca0dd1ebbcbc4402ebecd02,EXACT_MATCH,MOPS_SINGLE_ELIGIBLE_FILING,746428c763510d3e00eb4100a19d80e2f07a5e15d0fa651b19f26692c63a77a4
2454,2018-09-30,2018,3,2018-11-13,2018-11-13T16:35:06+08:00,2018-11-13,2018-11-13,2018-11-14,MOPS_EXACT,official_timestamp_second_precision,CONSOLIDATED,201803_2454_AI1.pdf,TWSE_MOPS_T57SB01_OFFICIAL_DOCUMENT_UPLOAD,0745fb8ce7e5f23776ef832d4a88a81ff89ce7d855c61383d8dd001629d48b41,c4f5a439a61e1b90c1966dcc834ad48e7ff6336341bb5561728614f0aa41362a,EXACT_MATCH,MOPS_SINGLE_ELIGIBLE_FILING,cbbc2ca00fd6bfa2e02abbc98dfe3c90c97224f6998de02b749cf59748cc0e65
2454,2018-12-31,2018,4,2019-03-29,2019-03-29T17:49:32+08:00,2019-03-29,2019-03-29,2019-04-01,MOPS_EXACT,official_timestamp_second_precision,CONSOLIDATED,201804_2454_AI1.pdf,TWSE_MOPS_T57SB01_OFFICIAL_DOCUMENT_UPLOAD,0745fb8ce7e5f23776ef832d4a88a81ff89ce7d855c61383d8dd001629d48b41,213c6ec48ca8e88424c1846fdb3c2609188f3a1bb9109d5b8210a3a87a5e633d,EXACT_MATCH,MOPS_CONSOLIDATED_PREFERRED_OVER_INDIVIDUAL,7aea103a5587fa8882b006f5f348f626d7b85038d2c977209a021868ef21a0c0
2454,2019-03-31,2019,1,2019-05-15,2019-05-15T15:51:26+08:00,2019-05-15,2019-05-15,2019-05-16,MOPS_EXACT,official_timestamp_second_precision,CONSOLIDATED,201901_2454_AI1.pdf,TWSE_MOPS_T57SB01_OFFICIAL_DOCUMENT_UPLOAD,0745fb8ce7e5f23776ef832d4a88a81ff89ce7d855c61383d8dd001629d48b41,d8312afd00955754b4827d00d7671c566c62e9a6dd98d061d57c47ff66ad4bc0,EXACT_MATCH,MOPS_SINGLE_ELIGIBLE_FILING,143932eedb68200c0502873eb9260ea6ef7bd0eb2322cd53ef3e90a27518e21e
2454,2019-06-30,2019,2,2019-08-14,2019-08-14T14:43:56+08:00,2019-08-14,2019-08-14,2019-08-15,MOPS_EXACT,official_timestamp_second_precision,CONSOLIDATED,201902_2454_AI1.pdf,TWSE_MOPS_T57SB01_OFFICIAL_DOCUMENT_UPLOAD,0745fb8ce7e5f23776ef832d4a88a81ff89ce7d855c61383d8dd001629d48b41,78bbd28c85b9db0c3e556851ecdf865fe044e25020ca7f5a1ccb58bda3757345,EXACT_MATCH,MOPS_SINGLE_ELIGIBLE_FILING,48ad13c4163cd04ca6bcb52c86aedc23197c3f407505b5d560490bfc2cc3445d
2454,2019-09-30,2019,3,2019-11-14,2019-11-14T15:58:45+08:00,2019-11-14,2019-11-14,2019-11-15,MOPS_EXACT,official_timestamp_second_precision,CONSOLIDATED,201903_2454_AI1.pdf,TWSE_MOPS_T57SB01_OFFICIAL_DOCUMENT_UPLOAD,0745fb8ce7e5f23776ef832d4a88a81ff89ce7d855c61383d8dd001629d48b41,2957ce79ae83f5ce425d09a883a06ba9f7d5fb3fb3dbb60f13a06e861b34a68e,EXACT_MATCH,MOPS_SINGLE_ELIGIBLE_FILING,60cfc2891a42ce2a2be272d3c13f7a40b5594e8c343bba6b3e269f5ceac8cd62
2454,2019-12-31,2019,4,2020-03-31,2020-03-31T15:21:47+08:00,2020-03-31,2020-03-31,2020-04-01,MOPS_EXACT,official_timestamp_second_precision,CONSOLIDATED,201904_2454_AI1.pdf,TWSE_MOPS_T57SB01_OFFICIAL_DOCUMENT_UPLOAD,0745fb8ce7e5f23776ef832d4a88a81ff89ce7d855c61383d8dd001629d48b41,e0d86cf5e0b39af8bee04b6298930d66f3923aad5cb565bbec29a0ce8bddb71f,EXACT_MATCH,MOPS_CONSOLIDATED_PREFERRED_OVER_INDIVIDUAL,5c88138890c6b63ed987743d77a7761fab89fac5a48c279be233649e18399964
2454,2020-03-31,2020,1,2020-05-15,2020-05-15T15:06:46+08:00,2020-05-15,2020-05-15,2020-05-18,MOPS_EXACT,official_timestamp_second_precision,CONSOLIDATED,202001_2454_AI1.pdf,TWSE_MOPS_T57SB01_OFFICIAL_DOCUMENT_UPLOAD,0745fb8ce7e5f23776ef832d4a88a81ff89ce7d855c61383d8dd001629d48b41,784ed66bf5acba61a3e70007d52e5336ad7756b83133098849a291541a624829,EXACT_MATCH,MOPS_SINGLE_ELIGIBLE_FILING,e1c581499df90064262b1856a7f2b45578e5cbf0d5d1429e3b8e68718d0648b2
2454,2020-06-30,2020,2,2020-08-14,2020-08-14T15:06:07+08:00,2020-08-14,2020-08-14,2020-08-17,MOPS_EXACT,official_timestamp_second_precision,CONSOLIDATED,202002_2454_AI1.pdf,TWSE_MOPS_T57SB01_OFFICIAL_DOCUMENT_UPLOAD,0745fb8ce7e5f23776ef832d4a88a81ff89ce7d855c61383d8dd001629d48b41,037e0ef040c7a56de6c2bb943bb4b32eb5748a436b198a3f2522e1baba1a0892,EXACT_MATCH,MOPS_SINGLE_ELIGIBLE_FILING,92e4dfab1e785cd27de42319fdd85a53fec6d915ad5c304e121114bf5f7dae89
2454,2020-09-30,2020,3,2020-11-13,2020-11-13T16:56:15+08:00,2020-11-13,2020-11-13,2020-11-16,MOPS_EXACT,official_timestamp_second_precision,CONSOLIDATED,202003_2454_AI1.pdf,TWSE_MOPS_T57SB01_OFFICIAL_DOCUMENT_UPLOAD,0745fb8ce7e5f23776ef832d4a88a81ff89ce7d855c61383d8dd001629d48b41,9bfaf173383973e494ccf40c02f50325479c560e67db6040bd3c0894b9e34a54,EXACT_MATCH,MOPS_SINGLE_ELIGIBLE_FILING,5b60f3360ff6cc2b3dfa111ae6327461c422b1c230cbd2567ee2f2fb91f0a0ad
2454,2020-12-31,2020,4,2021-03-30,2021-03-30T17:49:52+08:00,2021-03-30,2021-03-30,2021-03-31,MOPS_EXACT,official_timestamp_second_precision,CONSOLIDATED,202004_2454_AI1.pdf,TWSE_MOPS_T57SB01_OFFICIAL_DOCUMENT_UPLOAD,0745fb8ce7e5f23776ef832d4a88a81ff89ce7d855c61383d8dd001629d48b41,26964c45601ba437686a45e8baec89c466ae91cca55dc8e94a423c796023fe5c,EXACT_MATCH,MOPS_CONSOLIDATED_PREFERRED_OVER_INDIVIDUAL,a31545209913e1f7b15fcb81cc420f06c2b86b94d1e48c1c3d8f243222ea8f65
2454,2021-03-31,2021,1,2021-05-14,2021-05-14T14:46:41+08:00,2021-05-14,2021-05-14,2021-05-17,MOPS_EXACT,official_timestamp_second_precision,CONSOLIDATED,202101_2454_AI1.pdf,TWSE_MOPS_T57SB01_OFFICIAL_DOCUMENT_UPLOAD,0745fb8ce7e5f23776ef832d4a88a81ff89ce7d855c61383d8dd001629d48b41,c736daf0c880bf1dcdcecd1baa8c0906f2275ee986a756a2cb3afce4b6561037,EXACT_MATCH,MOPS_SINGLE_ELIGIBLE_FILING,b0c8fa4cf0f542d19e3ef4e3545a45481dd4c85a24a7f21dec9eb63718a42041
2454,2021-06-30,2021,2,2021-08-13,2021-08-13T18:54:32+08:00,2021-08-13,2021-08-13,2021-08-16,MOPS_EXACT,official_timestamp_second_precision,CONSOLIDATED,202102_2454_AI1.pdf,TWSE_MOPS_T57SB01_OFFICIAL_DOCUMENT_UPLOAD,0745fb8ce7e5f23776ef832d4a88a81ff89ce7d855c61383d8dd001629d48b41,5a313289ce5e3448c96b50f31539a3c3e1b5e7c312e0eb12e012705cc69a5e49,EXACT_MATCH,MOPS_SINGLE_ELIGIBLE_FILING,7315a722c100c9963e6a88469fcf5cac3aba1c03fc24bbdc85657cdd6a8cfd48
2454,2021-09-30,2021,3,2021-11-12,2021-11-12T14:10:04+08:00,2021-11-12,2021-11-12,2021-11-15,MOPS_EXACT,official_timestamp_second_precision,CONSOLIDATED,202103_2454_AI1.pdf,TWSE_MOPS_T57SB01_OFFICIAL_DOCUMENT_UPLOAD,0745fb8ce7e5f23776ef832d4a88a81ff89ce7d855c61383d8dd001629d48b41,5de12d2fda2f374251d59445ef591682cc562df698bb8c5ed98b3cd57d57d594,EXACT_MATCH,MOPS_SINGLE_ELIGIBLE_FILING,68ab3ab6c2772a9eb5bcbe153f481b942336882121ed87f9680fe0e8ab0a17f0
2454,2021-12-31,2021,4,2022-02-25,2022-02-25T17:12:50+08:00,2022-02-25,2022-02-25,2022-03-01,MOPS_EXACT,official_timestamp_second_precision,CONSOLIDATED,202104_2454_AI1.pdf,TWSE_MOPS_T57SB01_OFFICIAL_DOCUMENT_UPLOAD,0745fb8ce7e5f23776ef832d4a88a81ff89ce7d855c61383d8dd001629d48b41,4948ef298806cbc03e1cea2e8724eee3560e7ebb0f0b4421e55db907d2827594,EXACT_MATCH,MOPS_CONSOLIDATED_PREFERRED_OVER_INDIVIDUAL,bb772a8b9589bfe62eecb876aa42ed6d9251b704ff955eddbc971427d5d0c12a
2454,2022-03-31,2022,1,2022-05-13,2022-05-13T16:30:09+08:00,2022-05-13,2022-05-13,2022-05-16,MOPS_EXACT,official_timestamp_second_precision,CONSOLIDATED,202201_2454_AI1.pdf,TWSE_MOPS_T57SB01_OFFICIAL_DOCUMENT_UPLOAD,0745fb8ce7e5f23776ef832d4a88a81ff89ce7d855c61383d8dd001629d48b41,b23752a7f0d8d72f4e8ce3216464f2090a6c219cc632ecb16674140afb0329c4,EXACT_MATCH,MOPS_SINGLE_ELIGIBLE_FILING,950310c3817c1ab234dcffe8946954277dfd134a481d63deae4835d1e1e9e2ba
2454,2022-06-30,2022,2,2022-08-12,2022-08-12T15:52:01+08:00,2022-08-12,2022-08-12,2022-08-15,MOPS_EXACT,official_timestamp_second_precision,CONSOLIDATED,202202_2454_AI1.pdf,TWSE_MOPS_T57SB01_OFFICIAL_DOCUMENT_UPLOAD,0745fb8ce7e5f23776ef832d4a88a81ff89ce7d855c61383d8dd001629d48b41,713d0568731ff2a8c93854a84378aa6908d41fd6595fb60d92995e03e2f7e755,EXACT_MATCH,MOPS_SINGLE_ELIGIBLE_FILING,7af784153d5d13727328f571f8bf7d01effe14f50af1ce65178c2e507ba5725d
2454,2022-09-30,2022,3,2022-11-11,2022-11-11T15:22:52+08:00,2022-11-11,2022-11-11,2022-11-14,MOPS_EXACT,official_timestamp_second_precision,CONSOLIDATED,202203_2454_AI1.pdf,TWSE_MOPS_T57SB01_OFFICIAL_DOCUMENT_UPLOAD,0745fb8ce7e5f23776ef832d4a88a81ff89ce7d855c61383d8dd001629d48b41,4a6a44469040abadc38df235526dc46ab30894ff541824dc46e223038edce071,EXACT_MATCH,MOPS_SINGLE_ELIGIBLE_FILING,2a45ee8fb4033d8524e767d9ea65e2f7d501af0886209381b2089fd78871f45f
2454,2022-12-31,2022,4,2023-02-24,2023-02-24T18:11:16+08:00,2023-02-24,2023-02-24,2023-03-01,MOPS_EXACT,official_timestamp_second_precision,CONSOLIDATED,202204_2454_AI1.pdf,TWSE_MOPS_T57SB01_OFFICIAL_DOCUMENT_UPLOAD,0745fb8ce7e5f23776ef832d4a88a81ff89ce7d855c61383d8dd001629d48b41,6ecbeb6fe8c67ccf8dc22a65ade5fb31db26278f83819c0c5c6bac5f053b5e97,EXACT_MATCH,MOPS_CONSOLIDATED_PREFERRED_OVER_INDIVIDUAL,9e88538428c2c2a3c23d5e862a0a08a692de643b3cfb56bb79f0090281c78c60
2454,2023-03-31,2023,1,2023-05-12,2023-05-12T15:37:50+08:00,2023-05-12,2023-05-12,2023-05-15,MOPS_EXACT,official_timestamp_second_precision,CONSOLIDATED,202301_2454_AI1.pdf,TWSE_MOPS_T57SB01_OFFICIAL_DOCUMENT_UPLOAD,0745fb8ce7e5f23776ef832d4a88a81ff89ce7d855c61383d8dd001629d48b41,36ab85f9f391ca851e06fc44a2c55df89d6a04cbde7a42bc0ab9f087bae0ac76,EXACT_MATCH,MOPS_SINGLE_ELIGIBLE_FILING,0e2e4745583a8ca2d90069a1e0dcbd9c276ec72f6eeff5bfed448baab3e8eb92
2454,2023-06-30,2023,2,2023-08-11,2023-08-11T14:51:31+08:00,2023-08-11,2023-08-11,2023-08-14,MOPS_EXACT,official_timestamp_second_precision,CONSOLIDATED,202302_2454_AI1.pdf,TWSE_MOPS_T57SB01_OFFICIAL_DOCUMENT_UPLOAD,0745fb8ce7e5f23776ef832d4a88a81ff89ce7d855c61383d8dd001629d48b41,e0703a66946bf2c1007b3720c25c82f8a844d931a4a72242c6134e2a78b273e2,EXACT_MATCH,MOPS_SINGLE_ELIGIBLE_FILING,b3fdec83da1fde36315bf4e08f5132ae3a1b765112739d08dd78584feb465a53
2454,2023-09-30,2023,3,2023-11-13,2023-11-13T15:40:28+08:00,2023-11-13,2023-11-13,2023-11-14,MOPS_EXACT,official_timestamp_second_precision,CONSOLIDATED,202303_2454_AI1.pdf,TWSE_MOPS_T57SB01_OFFICIAL_DOCUMENT_UPLOAD,0745fb8ce7e5f23776ef832d4a88a81ff89ce7d855c61383d8dd001629d48b41,bc028b6f796ed49c88671d3731da87e2402e638f6b7194ac3fe47ed7e1aa6a3a,EXACT_MATCH,MOPS_SINGLE_ELIGIBLE_FILING,ae5117e6a416a00ced400623af2ee163640fc69553e50554e3f179d98dd715cd
2454,2023-12-31,2023,4,2024-02-27,2024-02-27T17:45:00+08:00,2024-02-27,2024-02-27,2024-02-29,MOPS_EXACT,official_timestamp_second_precision,CONSOLIDATED,202304_2454_AI1.pdf,TWSE_MOPS_T57SB01_OFFICIAL_DOCUMENT_UPLOAD,0745fb8ce7e5f23776ef832d4a88a81ff89ce7d855c61383d8dd001629d48b41,714ee4a1419debecaa7304af18d0785ab4cd89b1a95b03699ccb5b6eea8c5b55,EXACT_MATCH,MOPS_CONSOLIDATED_PREFERRED_OVER_INDIVIDUAL,c600e2ef90eff7ef7fabf656c0ce3357a955703fb186f65c673eb8b1cad5728d
2454,2024-03-31,2024,1,2024-05-14,2024-05-14T14:22:15+08:00,2024-05-14,2024-05-14,2024-05-15,MOPS_EXACT,official_timestamp_second_precision,CONSOLIDATED,202401_2454_AI1.pdf,TWSE_MOPS_T57SB01_OFFICIAL_DOCUMENT_UPLOAD,0745fb8ce7e5f23776ef832d4a88a81ff89ce7d855c61383d8dd001629d48b41,2f332b2adf383add0b6884d292e75cfa6392450f28346d3913f3834cee192412,EXACT_MATCH,MOPS_SINGLE_ELIGIBLE_FILING,6972463aec6ffe12e291b6c6acd42de031c3e51c29c67cfa58108c7e81a1cbf1
2454,2024-06-30,2024,2,2024-08-13,2024-08-13T17:27:52+08:00,2024-08-13,2024-08-13,2024-08-14,MOPS_EXACT,official_timestamp_second_precision,CONSOLIDATED,202402_2454_AI1.pdf,TWSE_MOPS_T57SB01_OFFICIAL_DOCUMENT_UPLOAD,0745fb8ce7e5f23776ef832d4a88a81ff89ce7d855c61383d8dd001629d48b41,32b09abc667262b5cd716a25463292837751e6e6dfa98229a92f02953976e44c,EXACT_MATCH,MOPS_SINGLE_ELIGIBLE_FILING,00efa6896078dce0a26d4d09ebbdc53ee6aa5418cbb40ee4fe5ab463222bcd72
2454,2024-09-30,2024,3,2024-11-13,2024-11-13T16:20:58+08:00,2024-11-13,2024-11-13,2024-11-14,MOPS_EXACT,official_timestamp_second_precision,CONSOLIDATED,202403_2454_AI1.pdf,TWSE_MOPS_T57SB01_OFFICIAL_DOCUMENT_UPLOAD,0745fb8ce7e5f23776ef832d4a88a81ff89ce7d855c61383d8dd001629d48b41,b6aaff919afe0d02bf040d349a72a30f939aa0858f770ac09c7cb499b2b361dd,EXACT_MATCH,MOPS_SINGLE_ELIGIBLE_FILING,a633bdb6aea65f0b70de7b3341c78d3ab706534a7e85e237cf4c2e509a4ee3d8
2454,2024-12-31,2024,4,2025-02-27,2025-02-27T18:07:29+08:00,2025-02-27,2025-02-27,2025-03-03,MOPS_EXACT,official_timestamp_second_precision,CONSOLIDATED,202404_2454_AI1.pdf,TWSE_MOPS_T57SB01_OFFICIAL_DOCUMENT_UPLOAD,0745fb8ce7e5f23776ef832d4a88a81ff89ce7d855c61383d8dd001629d48b41,08c8c7245305c95fbbeb3440216b4d81262c6ce1ba37cd031eba4af04a7033f7,EXACT_MATCH,MOPS_CONSOLIDATED_PREFERRED_OVER_INDIVIDUAL,d236cc54682ccf781f747910b7863c82175b3218b89c72090a4d03af48348e77
2454,2025-03-31,2025,1,2025-05-14,2025-05-14T14:54:43+08:00,2025-05-14,2025-05-14,2025-05-15,MOPS_EXACT,official_timestamp_second_precision,CONSOLIDATED,202501_2454_AI1.pdf,TWSE_MOPS_T57SB01_OFFICIAL_DOCUMENT_UPLOAD,0745fb8ce7e5f23776ef832d4a88a81ff89ce7d855c61383d8dd001629d48b41,30f5dd04c7711de6ad0ac279f36a95d61d4ba384ee08c0897c1e0aa8af5b18f2,EXACT_MATCH,MOPS_SINGLE_ELIGIBLE_FILING,9e86c88960b7957074b4fcc0233ed1120f26935188cc80f1fa940a586be53fa8
2454,2025-06-30,2025,2,2025-08-13,2025-08-13T13:53:47+08:00,2025-08-13,2025-08-13,2025-08-14,MOPS_EXACT,official_timestamp_second_precision,CONSOLIDATED,202502_2454_AI1.pdf,TWSE_MOPS_T57SB01_OFFICIAL_DOCUMENT_UPLOAD,0745fb8ce7e5f23776ef832d4a88a81ff89ce7d855c61383d8dd001629d48b41,c40af3b7eaf90e584c5da2ddc71fcc7f5207d73d39b9f66e301d7c5294807f5a,EXACT_MATCH,MOPS_SINGLE_ELIGIBLE_FILING,60a742950a143c15095a56520acb0996ce19944a3cd14566a55ebd84eec99964
2454,2025-09-30,2025,3,2025-11-13,2025-11-13T16:03:53+08:00,2025-11-13,2025-11-13,2025-11-14,MOPS_EXACT,official_timestamp_second_precision,CONSOLIDATED,202503_2454_AI1.pdf,TWSE_MOPS_T57SB01_OFFICIAL_DOCUMENT_UPLOAD,0745fb8ce7e5f23776ef832d4a88a81ff89ce7d855c61383d8dd001629d48b41,82fa6c37b6d8d63306bfc077c1fc7a75dd3d6b904592470219e6424053a9d8d7,EXACT_MATCH,MOPS_SINGLE_ELIGIBLE_FILING,6198130c8c13935ad9d4a39d71af2805534ea07769969b74ae5f959fe563c7e6
2454,2025-12-31,2025,4,2026-02-26,2026-02-26T17:00:05+08:00,2026-02-26,2026-02-26,2026-03-02,MOPS_EXACT,official_timestamp_second_precision,CONSOLIDATED,202504_2454_AI1.pdf,TWSE_MOPS_T57SB01_OFFICIAL_DOCUMENT_UPLOAD,0745fb8ce7e5f23776ef832d4a88a81ff89ce7d855c61383d8dd001629d48b41,6ff20a66faf4ae53caeddfe8b55b2a0a0cc1ca1d85cd16e171aa0f7211cd0398,EXACT_MATCH,MOPS_CONSOLIDATED_PREFERRED_OVER_INDIVIDUAL,dbfbe51e6de0ee84d7efe85d4f4245742aed42cd4b2f6ffc74450b245c9eb017
2454,2026-03-31,2026,1,2026-05-14,2026-05-14T17:05:13+08:00,2026-05-14,2026-05-14,2026-05-15,MOPS_EXACT,official_timestamp_second_precision,CONSOLIDATED,202601_2454_AI1.pdf,TWSE_MOPS_T57SB01_OFFICIAL_DOCUMENT_UPLOAD,0745fb8ce7e5f23776ef832d4a88a81ff89ce7d855c61383d8dd001629d48b41,bfb2088da60a3716e13f0fee198dc5671ecb21148a3c38e99e0d236b8de71951,EXACT_MATCH,MOPS_SINGLE_ELIGIBLE_FILING,e68358216abbeb5bd217e888b83641300edd7b163c2841abc2c5a9173cbbc1d6
2454,2026-06-30,2026,2,2026-07-31,2026-07-31T16:55:20+08:00,2026-07-31,2026-07-31,2026-08-03,MOPS_EXACT,official_timestamp_second_precision,CONSOLIDATED,202602_2454_AI1.pdf,TWSE_MOPS_T57SB01_OFFICIAL_DOCUMENT_UPLOAD,0745fb8ce7e5f23776ef832d4a88a81ff89ce7d855c61383d8dd001629d48b41,f6c3b489bd8c54693c435b0b03dc5e789320e1fb63e285f1e97f7bca4a59693d,EXACT_MATCH,MOPS_SINGLE_ELIGIBLE_FILING,f29bd17ae30e13d708a53a738c7f6f4de1227ff53bee36646e6fc7c04019e418
2603,2016-03-31,2016,1,2016-05-13,2016-05-13T17:34:18+08:00,2016-05-13,2016-05-13,2016-05-16,MOPS_EXACT,official_timestamp_second_precision,CONSOLIDATED,201601_2603_AI1.pdf,TWSE_MOPS_T57SB01_OFFICIAL_DOCUMENT_UPLOAD,aecb2ddc1e63c0eddf5172516b1c575c1534a52f93221d7f89f7502bca3de7c7,492483175739f78e6a1a47a8a2d09afa79c9b470ce62687c3b860b3da28adb4d,EXACT_MATCH,MOPS_SINGLE_ELIGIBLE_FILING,50e4493c9a46a3927a3619407a6f55a29791a39fcfc93fe5de66de5ba350f1d7
2603,2016-06-30,2016,2,2016-08-12,2016-08-12T17:37:26+08:00,2016-08-12,2016-08-12,2016-08-15,MOPS_EXACT,official_timestamp_second_precision,CONSOLIDATED,201602_2603_AI1.pdf,TWSE_MOPS_T57SB01_OFFICIAL_DOCUMENT_UPLOAD,aecb2ddc1e63c0eddf5172516b1c575c1534a52f93221d7f89f7502bca3de7c7,2074e1bca864e5a66b37a555872eed07e17856810c1efa7dc44dd6b004bed35c,EXACT_MATCH,MOPS_SINGLE_ELIGIBLE_FILING,4125cf421b8bc231af2ae1e5193933b3259468354933a57aedc3fcbd2de6b034
2603,2016-09-30,2016,3,2016-11-11,2016-11-11T17:46:44+08:00,2016-11-11,2016-11-11,2016-11-14,MOPS_EXACT,official_timestamp_second_precision,CONSOLIDATED,201603_2603_AI1.pdf,TWSE_MOPS_T57SB01_OFFICIAL_DOCUMENT_UPLOAD,aecb2ddc1e63c0eddf5172516b1c575c1534a52f93221d7f89f7502bca3de7c7,bfc84006efaed7a06801b30d567ac13964e6996ec95f8eabc04fe5fab19baabc,EXACT_MATCH,MOPS_SINGLE_ELIGIBLE_FILING,75ce536da2751a264c96d361f09c7d00bc048ace5dd290b8b8c2c90ae13bbe4e
2603,2016-12-31,2016,4,2017-03-31,2017-03-31T17:34:03+08:00,2017-03-31,2017-03-31,2017-04-05,MOPS_EXACT,official_timestamp_second_precision,CONSOLIDATED,201604_2603_AI1.pdf,TWSE_MOPS_T57SB01_OFFICIAL_DOCUMENT_UPLOAD,aecb2ddc1e63c0eddf5172516b1c575c1534a52f93221d7f89f7502bca3de7c7,5346712be223467ba9ff713151350cd5aa6fdd2cc163eb76c6cb0470bd3c24ae,EXACT_MATCH,MOPS_CONSOLIDATED_PREFERRED_OVER_INDIVIDUAL,404a999bf97373c7e63a6872ab833c575574bbaf0562292e9c9676a12f0b3bce
2603,2017-03-31,2017,1,2017-05-12,2017-05-12T17:50:45+08:00,2017-05-12,2017-05-12,2017-05-15,MOPS_EXACT,official_timestamp_second_precision,CONSOLIDATED,201701_2603_AI1.pdf,TWSE_MOPS_T57SB01_OFFICIAL_DOCUMENT_UPLOAD,aecb2ddc1e63c0eddf5172516b1c575c1534a52f93221d7f89f7502bca3de7c7,c7a4a591d286fd3972310dca3185f73832660b905c62135c9ff486d8bc9e32c6,EXACT_MATCH,MOPS_SINGLE_ELIGIBLE_FILING,626b81adfbcf8d4b08f43a5e7be5b03d3500f59ae73c5ec13d4e533565831ae4
2603,2017-06-30,2017,2,2017-08-11,2017-08-11T20:28:13+08:00,2017-08-11,2017-08-11,2017-08-14,MOPS_EXACT,official_timestamp_second_precision,CONSOLIDATED,201702_2603_AI1.pdf,TWSE_MOPS_T57SB01_OFFICIAL_DOCUMENT_UPLOAD,aecb2ddc1e63c0eddf5172516b1c575c1534a52f93221d7f89f7502bca3de7c7,f4b4bf64edf604d4a3a1bd15e841294d1f332392ea7047e836bafb8c9fdc322a,EXACT_MATCH,MOPS_SINGLE_ELIGIBLE_FILING,3a93b755cba2065e55bf3f8aabeb63e9be96637890bc4dd1b224203922a3dec8
2603,2017-09-30,2017,3,2017-11-13,2017-11-13T20:04:41+08:00,2017-11-13,2017-11-13,2017-11-14,MOPS_EXACT,official_timestamp_second_precision,CONSOLIDATED,201703_2603_AI1.pdf,TWSE_MOPS_T57SB01_OFFICIAL_DOCUMENT_UPLOAD,aecb2ddc1e63c0eddf5172516b1c575c1534a52f93221d7f89f7502bca3de7c7,0ea93cb3dce3582fb690d792958b5392c2c73a75315422991527a48f942e256f,EXACT_MATCH,MOPS_SINGLE_ELIGIBLE_FILING,e239988cd2263e9975e19c3be3ded84ff580857d72ab0d2f56147b7deb86d2be
2603,2017-12-31,2017,4,2018-03-23,2018-03-23T20:28:42+08:00,2018-03-23,2018-03-23,2018-03-26,MOPS_EXACT,official_timestamp_second_precision,CONSOLIDATED,201704_2603_AI1.pdf,TWSE_MOPS_T57SB01_OFFICIAL_DOCUMENT_UPLOAD,aecb2ddc1e63c0eddf5172516b1c575c1534a52f93221d7f89f7502bca3de7c7,fc043b44697e7c41b03b3620705ab2632c7093cda004d5f1139fe5d72810f46f,EXACT_MATCH,MOPS_CONSOLIDATED_PREFERRED_OVER_INDIVIDUAL,4f0d50525670a55cb07c6de0dd6e664c8c9af95cbef2e76d2ecd33ec4b86d8bc
2603,2018-03-31,2018,1,2018-05-14,2018-05-14T22:05:43+08:00,2018-05-14,2018-05-14,2018-05-15,MOPS_EXACT,official_timestamp_second_precision,CONSOLIDATED,201801_2603_AI1.pdf,TWSE_MOPS_T57SB01_OFFICIAL_DOCUMENT_UPLOAD,aecb2ddc1e63c0eddf5172516b1c575c1534a52f93221d7f89f7502bca3de7c7,90db60aa260c586c9866155a23832ee0dae0f3a14247f07b3ba5c6732d5fcf05,EXACT_MATCH,MOPS_SINGLE_ELIGIBLE_FILING,077ca7753fe4499510406eef621204091e71197a45d381d44958a730c991d0e7
2603,2018-06-30,2018,2,2018-08-13,2018-08-13T21:09:03+08:00,2018-08-13,2018-08-13,2018-08-14,MOPS_EXACT,official_timestamp_second_precision,CONSOLIDATED,201802_2603_AI1.pdf,TWSE_MOPS_T57SB01_OFFICIAL_DOCUMENT_UPLOAD,aecb2ddc1e63c0eddf5172516b1c575c1534a52f93221d7f89f7502bca3de7c7,b174555d1d04d63d0ee00f8ed35aa5ef0455f4a39160eaa1f1ce653c3fa98864,EXACT_MATCH,MOPS_SINGLE_ELIGIBLE_FILING,a0f56f892842db142805f09854dc1d76838af4e6fbc3e0408d713900fe08e21c
2603,2018-09-30,2018,3,2018-11-13,2018-11-13T18:52:57+08:00,2018-11-13,2018-11-13,2018-11-14,MOPS_EXACT,official_timestamp_second_precision,CONSOLIDATED,201803_2603_AI1.pdf,TWSE_MOPS_T57SB01_OFFICIAL_DOCUMENT_UPLOAD,aecb2ddc1e63c0eddf5172516b1c575c1534a52f93221d7f89f7502bca3de7c7,3e29a2f5dcc7d414cdd791184c28fde7ca5ad6c252d610e713086794feeb98ab,EXACT_MATCH,MOPS_SINGLE_ELIGIBLE_FILING,6190df79395fd1a60dfed7734ef4a1902a917a66459c03dc54f645b65eaaf8ab
2603,2018-12-31,2018,4,2019-03-22,2019-03-22T21:12:30+08:00,2019-03-22,2019-03-22,2019-03-25,MOPS_EXACT,official_timestamp_second_precision,CONSOLIDATED,201804_2603_AI1.pdf,TWSE_MOPS_T57SB01_OFFICIAL_DOCUMENT_UPLOAD,aecb2ddc1e63c0eddf5172516b1c575c1534a52f93221d7f89f7502bca3de7c7,e3b365a7c7d65b8074c01235d2431bd5e45e2e78b9734516476a245dfcb63689,EXACT_MATCH,MOPS_CONSOLIDATED_PREFERRED_OVER_INDIVIDUAL,a24cf622199e97e7182903a0ac3d12610755d6082b1b23f9d59b9a04a18aecc9
2603,2019-03-31,2019,1,2019-05-15,2019-05-15T17:34:32+08:00,2019-05-15,2019-05-15,2019-05-16,MOPS_EXACT,official_timestamp_second_precision,CONSOLIDATED,201901_2603_AI1.pdf,TWSE_MOPS_T57SB01_OFFICIAL_DOCUMENT_UPLOAD,aecb2ddc1e63c0eddf5172516b1c575c1534a52f93221d7f89f7502bca3de7c7,bf7554c8c769b8ed1cb2902cb153b4616410d365f443ab62f8321e9929c0d491,EXACT_MATCH,MOPS_SINGLE_ELIGIBLE_FILING,f3907506e29cfabd8a519e321f1c3c58b50bb9de6f8b012d0fab6ba0e524b5ed
2603,2019-06-30,2019,2,2019-08-14,2019-08-14T15:45:50+08:00,2019-08-14,2019-08-14,2019-08-15,MOPS_EXACT,official_timestamp_second_precision,CONSOLIDATED,201902_2603_AI1.pdf,TWSE_MOPS_T57SB01_OFFICIAL_DOCUMENT_UPLOAD,aecb2ddc1e63c0eddf5172516b1c575c1534a52f93221d7f89f7502bca3de7c7,5973a6a6567542c9812b98eb233547dce93259a7775bc1f1b90f7d3b66868646,EXACT_MATCH,MOPS_SINGLE_ELIGIBLE_FILING,e32e2905459691dd3214f10612e67c228d43f781e3778b9c6b0467ffa2e1fd87
2603,2019-09-30,2019,3,2019-11-12,2019-11-12T16:30:33+08:00,2019-11-12,2019-11-12,2019-11-13,MOPS_EXACT,official_timestamp_second_precision,CONSOLIDATED,201903_2603_AI1.pdf,TWSE_MOPS_T57SB01_OFFICIAL_DOCUMENT_UPLOAD,aecb2ddc1e63c0eddf5172516b1c575c1534a52f93221d7f89f7502bca3de7c7,90a7141b2637e08d70f54a17adef0eae6e90c0eb63e8df683e20afe2d6422177,EXACT_MATCH,MOPS_SINGLE_ELIGIBLE_FILING,0fd231af270d810ca992907ddf74268119dc46c7e08a51399a984c3504b12131
2603,2019-12-31,2019,4,2020-03-30,2020-03-30T18:14:47+08:00,2020-03-30,2020-03-30,2020-03-31,MOPS_EXACT,official_timestamp_second_precision,CONSOLIDATED,201904_2603_AI1.pdf,TWSE_MOPS_T57SB01_OFFICIAL_DOCUMENT_UPLOAD,aecb2ddc1e63c0eddf5172516b1c575c1534a52f93221d7f89f7502bca3de7c7,4f2c643c8d8273404c12200bc6ae4442eb13d5892a3ce3d0e3171622423957b9,EXACT_MATCH,MOPS_CONSOLIDATED_PREFERRED_OVER_INDIVIDUAL,4de5fe55bd6d9865ba1110904a89388ed46168805e53d4b93fc4a7dc24217c2b
2603,2020-03-31,2020,1,2020-05-14,2020-05-14T18:13:22+08:00,2020-05-14,2020-05-14,2020-05-15,MOPS_EXACT,official_timestamp_second_precision,CONSOLIDATED,202001_2603_AI1.pdf,TWSE_MOPS_T57SB01_OFFICIAL_DOCUMENT_UPLOAD,aecb2ddc1e63c0eddf5172516b1c575c1534a52f93221d7f89f7502bca3de7c7,8b7a1a39245103b61ee83865aa81290c3b4816ad9e0633169bf13da38af094b4,EXACT_MATCH,MOPS_SINGLE_ELIGIBLE_FILING,ecefa25f425f45f4d3b366ed0967a4fa1694f284f7cc2a562a93880f6223de5f
2603,2020-06-30,2020,2,2020-08-13,2020-08-13T20:01:49+08:00,2020-08-13,2020-08-13,2020-08-14,MOPS_EXACT,official_timestamp_second_precision,CONSOLIDATED,202002_2603_AI1.pdf,TWSE_MOPS_T57SB01_OFFICIAL_DOCUMENT_UPLOAD,aecb2ddc1e63c0eddf5172516b1c575c1534a52f93221d7f89f7502bca3de7c7,031809ded203fdb2270b0d16197b131b809807274b62048e84436073648100af,EXACT_MATCH,MOPS_SINGLE_ELIGIBLE_FILING,ee74c1aeaf3fd903c03cc69c8f752e6e9e6cc1f64c3559154908e735321c610c
2603,2020-09-30,2020,3,2020-11-12,2020-11-12T19:09:25+08:00,2020-11-12,2020-11-12,2020-11-13,MOPS_EXACT,official_timestamp_second_precision,CONSOLIDATED,202003_2603_AI1.pdf,TWSE_MOPS_T57SB01_OFFICIAL_DOCUMENT_UPLOAD,aecb2ddc1e63c0eddf5172516b1c575c1534a52f93221d7f89f7502bca3de7c7,496a3d3e3f1b4dd9d6f2f068dd67bcedc64fb5a920e61e3feeac9502b414c981,EXACT_MATCH,MOPS_SINGLE_ELIGIBLE_FILING,e484478ee33bd10e36e3d6a6e09aad40c9a56c41a50fd0ed752f93b2fd615259
2603,2020-12-31,2020,4,2021-03-23,2021-03-23T19:09:11+08:00,2021-03-23,2021-03-23,2021-03-24,MOPS_EXACT,official_timestamp_second_precision,CONSOLIDATED,202004_2603_AI1.pdf,TWSE_MOPS_T57SB01_OFFICIAL_DOCUMENT_UPLOAD,aecb2ddc1e63c0eddf5172516b1c575c1534a52f93221d7f89f7502bca3de7c7,25e4da79c4982ef9425a48f8b22d72afeb94890e676562e7e7c9c0e45244a4e8,EXACT_MATCH,MOPS_CONSOLIDATED_PREFERRED_OVER_INDIVIDUAL,6aa3951271903827617c3033a27c83efebd0dc886be1236bb188ef21421eea54
2603,2021-03-31,2021,1,2021-05-07,2021-05-07T18:22:06+08:00,2021-05-07,2021-05-07,2021-05-10,MOPS_EXACT,official_timestamp_second_precision,CONSOLIDATED,202101_2603_AI1.pdf,TWSE_MOPS_T57SB01_OFFICIAL_DOCUMENT_UPLOAD,aecb2ddc1e63c0eddf5172516b1c575c1534a52f93221d7f89f7502bca3de7c7,f09cd752ded4bd1df85a47b893276f434c7b3abcc1da2ae85f8026560c4ba30b,EXACT_MATCH,MOPS_SINGLE_ELIGIBLE_FILING,b22d03a7c4f7f0946a75544868497d96167dd3955e31a30d5d8ffc957ea7fe73
2603,2021-06-30,2021,2,2021-08-06,2021-08-06T20:40:34+08:00,2021-08-06,2021-08-06,2021-08-09,MOPS_EXACT,official_timestamp_second_precision,CONSOLIDATED,202102_2603_AI1.pdf,TWSE_MOPS_T57SB01_OFFICIAL_DOCUMENT_UPLOAD,aecb2ddc1e63c0eddf5172516b1c575c1534a52f93221d7f89f7502bca3de7c7,c519df3adc7b4918a8bae6c341a50f5f5591c0e1a30b16e2f7f23f35c159a78a,EXACT_MATCH,MOPS_SINGLE_ELIGIBLE_FILING,b97d64e74c4a1d3554fc4d66a7331a0097c5d56e7892f3029266460b71514403
2603,2021-09-30,2021,3,2021-11-05,2021-11-05T19:57:56+08:00,2021-11-05,2021-11-05,2021-11-08,MOPS_EXACT,official_timestamp_second_precision,CONSOLIDATED,202103_2603_AI1.pdf,TWSE_MOPS_T57SB01_OFFICIAL_DOCUMENT_UPLOAD,aecb2ddc1e63c0eddf5172516b1c575c1534a52f93221d7f89f7502bca3de7c7,09ed6b1679a7b19ac239005324b271d191a63449f2218c93e9c70c54935f7109,EXACT_MATCH,MOPS_SINGLE_ELIGIBLE_FILING,d5e172a964c6249492c5b5b367e47706f268ce678da05eb627ac26a475ac2c14
2603,2021-12-31,2021,4,2022-03-15,2022-03-15T20:31:03+08:00,2022-03-15,2022-03-15,2022-03-16,MOPS_EXACT,official_timestamp_second_precision,CONSOLIDATED,202104_2603_AI1.pdf,TWSE_MOPS_T57SB01_OFFICIAL_DOCUMENT_UPLOAD,aecb2ddc1e63c0eddf5172516b1c575c1534a52f93221d7f89f7502bca3de7c7,7e462897e6055ac590545394952d4fbf6830a526486b0fb1d835692abb106da3,EXACT_MATCH,MOPS_CONSOLIDATED_PREFERRED_OVER_INDIVIDUAL,a9f2badf9ec5fcc135cf7c592f9bc39f63600c446abd6a9f79e7db15628fb5f1
2603,2022-03-31,2022,1,2022-05-06,2022-05-06T19:46:27+08:00,2022-05-06,2022-05-06,2022-05-09,MOPS_EXACT,official_timestamp_second_precision,CONSOLIDATED,202201_2603_AI1.pdf,TWSE_MOPS_T57SB01_OFFICIAL_DOCUMENT_UPLOAD,aecb2ddc1e63c0eddf5172516b1c575c1534a52f93221d7f89f7502bca3de7c7,420da0c33f26900c9c0b8053c02acc1eb10bec45e0919dcd9cbe1afe8a977197,EXACT_MATCH,MOPS_SINGLE_ELIGIBLE_FILING,6aeb15ebe6c123564e1f89e3e0b9044eb266d5cddb9589881388b4d1b328eb94
2603,2022-06-30,2022,2,2022-08-05,2022-08-05T17:38:26+08:00,2022-08-05,2022-08-05,2022-08-08,MOPS_EXACT,official_timestamp_second_precision,CONSOLIDATED,202202_2603_AI1.pdf,TWSE_MOPS_T57SB01_OFFICIAL_DOCUMENT_UPLOAD,aecb2ddc1e63c0eddf5172516b1c575c1534a52f93221d7f89f7502bca3de7c7,c65ec36a23389df56fcb4a164d121a1d5d4cbcb8bc7ac11d40e1be10c64f827b,EXACT_MATCH,MOPS_SINGLE_ELIGIBLE_FILING,f4bd312e63b51679d931ce6703958a61738373a3e0fea18b3ddbfe7475eb0de1
2603,2022-09-30,2022,3,2022-11-04,2022-11-04T17:19:04+08:00,2022-11-04,2022-11-04,2022-11-07,MOPS_EXACT,official_timestamp_second_precision,CONSOLIDATED,202203_2603_AI1.pdf,TWSE_MOPS_T57SB01_OFFICIAL_DOCUMENT_UPLOAD,aecb2ddc1e63c0eddf5172516b1c575c1534a52f93221d7f89f7502bca3de7c7,598ede5c5fc29fd14575836f1f9a87f0b2939fd99ca37b3279feea9c12d9bf61,EXACT_MATCH,MOPS_SINGLE_ELIGIBLE_FILING,3fb204e4dbf8efe7db165f2292d6e53ba8c753dd95b729cd8cb6d5e2f4f53ba7
2603,2022-12-31,2022,4,2023-03-14,2023-03-14T19:16:41+08:00,2023-03-14,2023-03-14,2023-03-15,MOPS_EXACT,official_timestamp_second_precision,CONSOLIDATED,202204_2603_AI1.pdf,TWSE_MOPS_T57SB01_OFFICIAL_DOCUMENT_UPLOAD,aecb2ddc1e63c0eddf5172516b1c575c1534a52f93221d7f89f7502bca3de7c7,0aeb3d26d3e002a2108383f702a99e64d68f3e2b1bfb990ec1ce390edc8d9250,EXACT_MATCH,MOPS_CONSOLIDATED_PREFERRED_OVER_INDIVIDUAL,d4aac9e94442d6bd03c0a25be82953caee578251b687919ac85849f3c9b1912b
2603,2023-03-31,2023,1,2023-05-12,2023-05-12T18:39:16+08:00,2023-05-12,2023-05-12,2023-05-15,MOPS_EXACT,official_timestamp_second_precision,CONSOLIDATED,202301_2603_AI1.pdf,TWSE_MOPS_T57SB01_OFFICIAL_DOCUMENT_UPLOAD,aecb2ddc1e63c0eddf5172516b1c575c1534a52f93221d7f89f7502bca3de7c7,f6c02df79f5aa65ae1a7b05ae89b8e46d205d55b1536bc599c8bc1941185a2be,EXACT_MATCH,MOPS_SINGLE_ELIGIBLE_FILING,fbe40d6a18cb25a4efafe2fa5ef92bce3b6d6c33b4293b78ee87de0cff3430ce
2603,2023-06-30,2023,2,2023-08-11,2023-08-11T18:05:24+08:00,2023-08-11,2023-08-11,2023-08-14,MOPS_EXACT,official_timestamp_second_precision,CONSOLIDATED,202302_2603_AI1.pdf,TWSE_MOPS_T57SB01_OFFICIAL_DOCUMENT_UPLOAD,aecb2ddc1e63c0eddf5172516b1c575c1534a52f93221d7f89f7502bca3de7c7,31fe4cef3caf61c9a6ff03f12f0fc9fbfcd5e67feca894b4729e0b5e7dbf8d14,EXACT_MATCH,MOPS_SINGLE_ELIGIBLE_FILING,933f713dc8aa0858ad55c5fcd361c1764a9b4b39fb54cafb0d7de4275d23e585
2603,2023-09-30,2023,3,2023-11-13,2023-11-13T18:02:32+08:00,2023-11-13,2023-11-13,2023-11-14,MOPS_EXACT,official_timestamp_second_precision,CONSOLIDATED,202303_2603_AI1.pdf,TWSE_MOPS_T57SB01_OFFICIAL_DOCUMENT_UPLOAD,aecb2ddc1e63c0eddf5172516b1c575c1534a52f93221d7f89f7502bca3de7c7,d6306501284b714071ca959e446a3e383cfc6cc9bb70f79a81a53ceb7c71e568,EXACT_MATCH,MOPS_SINGLE_ELIGIBLE_FILING,43a5c9fefccb8e941a7d924282e78e7c61e2cf27d1658228eb0f21c1f43dbc7d
2603,2023-12-31,2023,4,2024-03-14,2024-03-14T20:07:48+08:00,2024-03-14,2024-03-14,2024-03-15,MOPS_EXACT,official_timestamp_second_precision,CONSOLIDATED,202304_2603_AI1.pdf,TWSE_MOPS_T57SB01_OFFICIAL_DOCUMENT_UPLOAD,aecb2ddc1e63c0eddf5172516b1c575c1534a52f93221d7f89f7502bca3de7c7,cb55f7b8ff3e51ff774c852b2dc99d1354b730ff0f7d0aaad153da2d33b13aa3,EXACT_MATCH,MOPS_CONSOLIDATED_PREFERRED_OVER_INDIVIDUAL,e9dbdb17c5767a1feeaa7f2f6b8393dc6d56052b4cf598b1fa8f16cfd293b53d
2603,2024-03-31,2024,1,2024-05-14,2024-05-14T18:51:06+08:00,2024-05-14,2024-05-14,2024-05-15,MOPS_EXACT,official_timestamp_second_precision,CONSOLIDATED,202401_2603_AI1.pdf,TWSE_MOPS_T57SB01_OFFICIAL_DOCUMENT_UPLOAD,aecb2ddc1e63c0eddf5172516b1c575c1534a52f93221d7f89f7502bca3de7c7,25716013db922bd90bea309c6b660dfe9aa7abd1030a25b971116f65fef2bcd3,EXACT_MATCH,MOPS_SINGLE_ELIGIBLE_FILING,1d05c7c23bd00f75633aa267d862943f1dc03d8f9e43f3d2c670e19115612bcd
2603,2024-06-30,2024,2,2024-08-13,2024-08-13T18:44:22+08:00,2024-08-13,2024-08-13,2024-08-14,MOPS_EXACT,official_timestamp_second_precision,CONSOLIDATED,202402_2603_AI1.pdf,TWSE_MOPS_T57SB01_OFFICIAL_DOCUMENT_UPLOAD,aecb2ddc1e63c0eddf5172516b1c575c1534a52f93221d7f89f7502bca3de7c7,ed56e298eac4680537ba9ae41b9d4376ed23d2d10cfc67ad7b6879c6ef97cd33,EXACT_MATCH,MOPS_SINGLE_ELIGIBLE_FILING,58484d3c369cdd684f83390aea1f6bd78e9b3e484a319f138e0bee0a177e8ec2
2603,2024-09-30,2024,3,2024-11-13,2024-11-13T18:49:46+08:00,2024-11-13,2024-11-13,2024-11-14,MOPS_EXACT,official_timestamp_second_precision,CONSOLIDATED,202403_2603_AI1.pdf,TWSE_MOPS_T57SB01_OFFICIAL_DOCUMENT_UPLOAD,aecb2ddc1e63c0eddf5172516b1c575c1534a52f93221d7f89f7502bca3de7c7,da765c88761133ae6ba815cb51576381d09ad6188b3c9a86dad58ec91f1c7f4e,EXACT_MATCH,MOPS_SINGLE_ELIGIBLE_FILING,d10d63d0e6acf6abd33d7dbba857ffc41c1fa36f61f39e7f0f2e244dd7c36a89
2603,2024-12-31,2024,4,2025-03-13,2025-03-13T19:32:45+08:00,2025-03-13,2025-03-13,2025-03-14,MOPS_EXACT,official_timestamp_second_precision,CONSOLIDATED,202404_2603_AI1.pdf,TWSE_MOPS_T57SB01_OFFICIAL_DOCUMENT_UPLOAD,aecb2ddc1e63c0eddf5172516b1c575c1534a52f93221d7f89f7502bca3de7c7,57fae8368579be4acdea13b9f50ef17d74a19583a0def93b9ee6420abf0d9b89,EXACT_MATCH,MOPS_CONSOLIDATED_PREFERRED_OVER_INDIVIDUAL,581895daaad950db824601aab2f7a7b22b5676b5f18021d404c6b189c83fa696
2603,2025-03-31,2025,1,2025-05-13,2025-05-13T18:19:44+08:00,2025-05-13,2025-05-13,2025-05-14,MOPS_EXACT,official_timestamp_second_precision,CONSOLIDATED,202501_2603_AI1.pdf,TWSE_MOPS_T57SB01_OFFICIAL_DOCUMENT_UPLOAD,aecb2ddc1e63c0eddf5172516b1c575c1534a52f93221d7f89f7502bca3de7c7,7cca0d66590a7fde19a6c7a861d2136da618302fe26b87231c8bff777d32077e,EXACT_MATCH,MOPS_SINGLE_ELIGIBLE_FILING,f15ca352b5d0046e52883bda38688a0c76c8ebf535a14d60e2a0bdba260515f6
2603,2025-06-30,2025,2,2025-08-13,2025-08-13T18:53:20+08:00,2025-08-13,2025-08-13,2025-08-14,MOPS_EXACT,official_timestamp_second_precision,CONSOLIDATED,202502_2603_AI1.pdf,TWSE_MOPS_T57SB01_OFFICIAL_DOCUMENT_UPLOAD,aecb2ddc1e63c0eddf5172516b1c575c1534a52f93221d7f89f7502bca3de7c7,187f27f225d3629c817eed919cd143e77dade0dd6ca6db302d8dbded0b045deb,EXACT_MATCH,MOPS_SINGLE_ELIGIBLE_FILING,59a48dc676b85c0c6ebaa4e66f762e7cd5f629d9420e438db5aed2d9162fa12f
2603,2025-09-30,2025,3,2025-11-12,2025-11-12T19:56:44+08:00,2025-11-12,2025-11-12,2025-11-13,MOPS_EXACT,official_timestamp_second_precision,CONSOLIDATED,202503_2603_AI1.pdf,TWSE_MOPS_T57SB01_OFFICIAL_DOCUMENT_UPLOAD,aecb2ddc1e63c0eddf5172516b1c575c1534a52f93221d7f89f7502bca3de7c7,5cf5de79143314494620f8d7831f9afcebf9e819d0cb43137b2a34758d5504a3,EXACT_MATCH,MOPS_SINGLE_ELIGIBLE_FILING,90a0ef2fb8b11719fe4190632a84056e051b0085941bd7d0e431e02a2ca6cb5e
2603,2025-12-31,2025,4,2026-03-13,2026-03-13T19:53:19+08:00,2026-03-13,2026-03-13,2026-03-16,MOPS_EXACT,official_timestamp_second_precision,CONSOLIDATED,202504_2603_AI1.pdf,TWSE_MOPS_T57SB01_OFFICIAL_DOCUMENT_UPLOAD,aecb2ddc1e63c0eddf5172516b1c575c1534a52f93221d7f89f7502bca3de7c7,a61590b73c8f6d526e7b7fededc190a6026b74504cb5d2d8397dcd2577e17721,EXACT_MATCH,MOPS_CONSOLIDATED_PREFERRED_OVER_INDIVIDUAL,9ec7803659d394a3b2df2baebcd33454cb9b3914677b9d56b2ced20858650e3c
2603,2026-03-31,2026,1,2026-05-14,2026-05-14T19:35:55+08:00,2026-05-14,2026-05-14,2026-05-15,MOPS_EXACT,official_timestamp_second_precision,CONSOLIDATED,202601_2603_AI1.pdf,TWSE_MOPS_T57SB01_OFFICIAL_DOCUMENT_UPLOAD,aecb2ddc1e63c0eddf5172516b1c575c1534a52f93221d7f89f7502bca3de7c7,525926f50437e56a3f4da242bb582a70f62c0c85f94ce5df6df5784db6c638e2,EXACT_MATCH,MOPS_SINGLE_ELIGIBLE_FILING,08e1edada2b11c9e14446547d8f50da71f6b9a61b39ce9c3cbac64ab2fd37ce2
2603,2026-06-30,2026,2,2026-08-13,2026-08-13T19:23:53+08:00,2026-08-13,2026-08-13,2026-08-14,MOPS_EXACT,official_timestamp_second_precision,CONSOLIDATED,202602_2603_AI1.pdf,TWSE_MOPS_T57SB01_OFFICIAL_DOCUMENT_UPLOAD,aecb2ddc1e63c0eddf5172516b1c575c1534a52f93221d7f89f7502bca3de7c7,a065e137ab038da92ae8bbb7a9177a675bab80382362e77d5ddafc6fdd0b4a44,EXACT_MATCH,MOPS_SINGLE_ELIGIBLE_FILING,e910dc114ca2a6db5334160fc789cb3fa1d5ea5ac1b41d027483f415bda08eee
2880,2016-03-31,2016,1,2016-05-30,2016-05-30T10:22:08+08:00,2016-05-30,2016-05-30,2016-05-31,MOPS_EXACT,official_timestamp_second_precision,CONSOLIDATED,201601_2880_AI1.pdf,TWSE_MOPS_T57SB01_OFFICIAL_DOCUMENT_UPLOAD,5f3a53c986b2786817d28532285b56f1715992c9678278db0b9cd78bc74bc24d,75525ee10b84c9e90180166f6f3cb257e6e6c6c04f570f4456b0a99f45b274f6,EXACT_MATCH,MOPS_SINGLE_ELIGIBLE_FILING,1b1b965dcfe928296b7649d958d6911baf3ab7de050d98719d048c01af5003b2
2880,2016-06-30,2016,2,2016-08-31,2016-08-31T14:02:03+08:00,2016-08-31,2016-08-31,2016-09-01,MOPS_EXACT,official_timestamp_second_precision,CONSOLIDATED,201602_2880_AI1.pdf,TWSE_MOPS_T57SB01_OFFICIAL_DOCUMENT_UPLOAD,5f3a53c986b2786817d28532285b56f1715992c9678278db0b9cd78bc74bc24d,44fa9b2f583726f06103cc08b4e78fc4f889e5cf48e8520c77832ef4958491c0,EXACT_MATCH,MOPS_SINGLE_ELIGIBLE_FILING,773bf4aeac9f712579704d7de922215062a449ab0bf1bb9a94a7b5840bca73ea
2880,2016-09-30,2016,3,2016-11-29,2016-11-29T13:34:58+08:00,2016-11-29,2016-11-29,2016-11-30,MOPS_EXACT,official_timestamp_second_precision,CONSOLIDATED,201603_2880_AI1.pdf,TWSE_MOPS_T57SB01_OFFICIAL_DOCUMENT_UPLOAD,5f3a53c986b2786817d28532285b56f1715992c9678278db0b9cd78bc74bc24d,6a00cd3f598aadb6b212d3e2b8e3ee98d5c87b17aa675ede0a70a4bbe1f9558c,EXACT_MATCH,MOPS_SINGLE_ELIGIBLE_FILING,eb276f250bd01943e738929db128060f13463e8af9a0f39bd74c324c3a896e44
2880,2016-12-31,2016,4,2017-03-31,2017-03-31T09:42:18+08:00,2017-03-31,2017-03-31,2017-04-05,MOPS_EXACT,official_timestamp_second_precision,CONSOLIDATED,201604_2880_AI1.pdf,TWSE_MOPS_T57SB01_OFFICIAL_DOCUMENT_UPLOAD,5f3a53c986b2786817d28532285b56f1715992c9678278db0b9cd78bc74bc24d,a29d9fe570eda0185c16a52fc3675168423486a14c6c4107cb63b41385a3ad85,EXACT_MATCH,MOPS_SINGLE_ELIGIBLE_FILING,cc30969092b34d805f7dae415cf94c05d40bf666c001ad4020ab87155b8cdcf1
2880,2017-03-31,2017,1,2017-05-31,2017-05-31T11:55:22+08:00,2017-05-31,2017-05-31,2017-06-01,MOPS_EXACT,official_timestamp_second_precision,CONSOLIDATED,201701_2880_AI1.pdf,TWSE_MOPS_T57SB01_OFFICIAL_DOCUMENT_UPLOAD,5f3a53c986b2786817d28532285b56f1715992c9678278db0b9cd78bc74bc24d,4d205f8df722da8b96b566df1b7f0d917cf744cdfd31ac1ae7da24bc92c5eb82,EXACT_MATCH,MOPS_SINGLE_ELIGIBLE_FILING,a7c925e5de48421527f5d47b5ef9b3c13283e1889e5c7a2c1b0621ff6940225e
2880,2017-06-30,2017,2,2017-08-30,2017-08-30T11:13:03+08:00,2017-08-30,2017-08-30,2017-08-31,MOPS_EXACT,official_timestamp_second_precision,CONSOLIDATED,201702_2880_AI1.pdf,TWSE_MOPS_T57SB01_OFFICIAL_DOCUMENT_UPLOAD,5f3a53c986b2786817d28532285b56f1715992c9678278db0b9cd78bc74bc24d,d1c42a9e2a0522d7ec08c5a931a76223d6f65ebaa641530b92bd1f2083fe73d0,EXACT_MATCH,MOPS_SINGLE_ELIGIBLE_FILING,ed0a661b9007a63de6c3effe4bf7f21efe1311f3ec5ca4cd29fa8a24fa2ad2c0
2880,2017-09-30,2017,3,2017-11-29,2017-11-29T13:27:38+08:00,2017-11-29,2017-11-29,2017-11-30,MOPS_EXACT,official_timestamp_second_precision,CONSOLIDATED,201703_2880_AI1.pdf,TWSE_MOPS_T57SB01_OFFICIAL_DOCUMENT_UPLOAD,5f3a53c986b2786817d28532285b56f1715992c9678278db0b9cd78bc74bc24d,ac81ec53640db883c4ec74083a5c741180ca81d1d0433c715a1106ec70299ba1,EXACT_MATCH,MOPS_SINGLE_ELIGIBLE_FILING,bbd13c74a9436a8a9d7d140cca97e11a26a4cdf06096922419759d8c68cc83c9
2880,2017-12-31,2017,4,2018-03-31,2018-03-31T17:00:02+08:00,2018-03-31,2018-03-31,2018-04-02,MOPS_EXACT,official_timestamp_second_precision,CONSOLIDATED,201704_2880_AI1.pdf,TWSE_MOPS_T57SB01_OFFICIAL_DOCUMENT_UPLOAD,5f3a53c986b2786817d28532285b56f1715992c9678278db0b9cd78bc74bc24d,4cafd4eda98f6c8a4e820a338a641136f4f893637379c5b73db047c8d4f199b4,EXACT_MATCH,MOPS_SINGLE_ELIGIBLE_FILING,342703572592526a6a3f709472b3b33ab974bfee48dad4e4108f59dc830ebdfa
2880,2018-03-31,2018,1,2018-05-30,2018-05-30T13:07:24+08:00,2018-05-30,2018-05-30,2018-05-31,MOPS_EXACT,official_timestamp_second_precision,CONSOLIDATED,201801_2880_AI1.pdf,TWSE_MOPS_T57SB01_OFFICIAL_DOCUMENT_UPLOAD,5f3a53c986b2786817d28532285b56f1715992c9678278db0b9cd78bc74bc24d,ba25b9c40f7633b3213efa8bf87f7786da9fc45a6a1353e5641e38e23b7aa1b6,EXACT_MATCH,MOPS_SINGLE_ELIGIBLE_FILING,9f9487550d0aac79138a37f2cddf9cd8c725a50767565c81b699b4c9842b1d7f
2880,2018-06-30,2018,2,2018-08-30,2018-08-30T14:47:36+08:00,2018-08-30,2018-08-30,2018-08-31,MOPS_EXACT,official_timestamp_second_precision,CONSOLIDATED,201802_2880_AI1.pdf,TWSE_MOPS_T57SB01_OFFICIAL_DOCUMENT_UPLOAD,5f3a53c986b2786817d28532285b56f1715992c9678278db0b9cd78bc74bc24d,e2d658807653121e82b185be27ed0abe1e554bd5db270cfd00a485e09294b82d,EXACT_MATCH,MOPS_SINGLE_ELIGIBLE_FILING,5b17d637fb4d9f19dc91ce09a1e5938317d7b0e25de2563fb7745f181322167b
2880,2018-09-30,2018,3,2018-11-29,2018-11-29T10:55:12+08:00,2018-11-29,2018-11-29,2018-11-30,MOPS_EXACT,official_timestamp_second_precision,CONSOLIDATED,201803_2880_AI1.pdf,TWSE_MOPS_T57SB01_OFFICIAL_DOCUMENT_UPLOAD,5f3a53c986b2786817d28532285b56f1715992c9678278db0b9cd78bc74bc24d,7d0a3d3b3094649dfcf22afa8e3c1acbf85f2c4cf3d507734c4c7eb89fee4d28,EXACT_MATCH,MOPS_SINGLE_ELIGIBLE_FILING,e35f32cdf4b278f012906f6fe64a5bc11d0012e139d0fa92db5bf28f77da2b2c
2880,2018-12-31,2018,4,2019-03-29,2019-03-29T13:44:44+08:00,2019-03-29,2019-03-29,2019-04-01,MOPS_EXACT,official_timestamp_second_precision,CONSOLIDATED,201804_2880_AI1.pdf,TWSE_MOPS_T57SB01_OFFICIAL_DOCUMENT_UPLOAD,5f3a53c986b2786817d28532285b56f1715992c9678278db0b9cd78bc74bc24d,8003e667786ce954939d28af5dcb99bc81be266351588c92bd3300cfb8ff4d20,EXACT_MATCH,MOPS_SINGLE_ELIGIBLE_FILING,e27d36b802d5cb7c650d0c247f06bcd1d0e2774db480e59b8f47b98aa2926cb8
2880,2019-03-31,2019,1,2019-05-30,2019-05-30T11:13:11+08:00,2019-05-30,2019-05-30,2019-05-31,MOPS_EXACT,official_timestamp_second_precision,CONSOLIDATED,201901_2880_AI1.pdf,TWSE_MOPS_T57SB01_OFFICIAL_DOCUMENT_UPLOAD,5f3a53c986b2786817d28532285b56f1715992c9678278db0b9cd78bc74bc24d,56f72f0bc61e36b20ac67f6a45479f6ee01f97d47775135d9132669fcebfa9b8,EXACT_MATCH,MOPS_SINGLE_ELIGIBLE_FILING,dd065a97cf0a70874f08408efbf783071932a0962835ac3067875754efad0f47
2880,2019-06-30,2019,2,2019-08-30,2019-08-30T13:33:47+08:00,2019-08-30,2019-08-30,2019-09-02,MOPS_EXACT,official_timestamp_second_precision,CONSOLIDATED,201902_2880_AI1.pdf,TWSE_MOPS_T57SB01_OFFICIAL_DOCUMENT_UPLOAD,5f3a53c986b2786817d28532285b56f1715992c9678278db0b9cd78bc74bc24d,70405816d61ed9a64592372500479cbc1baa72d24e0ef691b9b31580402a6729,EXACT_MATCH,MOPS_SINGLE_ELIGIBLE_FILING,9b97fbb7e8d6305ed38f57ffcd607890d74d33adb68019d7e5a515ca6001ba36
2880,2019-09-30,2019,3,2019-11-29,2019-11-29T11:43:00+08:00,2019-11-29,2019-11-29,2019-12-02,MOPS_EXACT,official_timestamp_second_precision,CONSOLIDATED,201903_2880_AI1.pdf,TWSE_MOPS_T57SB01_OFFICIAL_DOCUMENT_UPLOAD,5f3a53c986b2786817d28532285b56f1715992c9678278db0b9cd78bc74bc24d,96d0a9558f003ee6fbed31750988f308e0c4d0af77225f9c65f507f9a85635eb,EXACT_MATCH,MOPS_SINGLE_ELIGIBLE_FILING,7517b3cc2fa1c85fc1f1091e793f952003e9b64aa85412ca8b2b844e205f4e75
2880,2019-12-31,2019,4,2020-03-31,2020-03-31T15:06:36+08:00,2020-03-31,2020-03-31,2020-04-01,MOPS_EXACT,official_timestamp_second_precision,CONSOLIDATED,201904_2880_AI1.pdf,TWSE_MOPS_T57SB01_OFFICIAL_DOCUMENT_UPLOAD,5f3a53c986b2786817d28532285b56f1715992c9678278db0b9cd78bc74bc24d,bbf75dad44f3a2319da275fefa9787e73c5324a31dc3f6aebedc959bb60b829a,EXACT_MATCH,MOPS_SINGLE_ELIGIBLE_FILING,5ab9949de08791b4003010e2cadfdb151883b466dd87810d42e2e948fefc11de
2880,2020-03-31,2020,1,2020-05-29,2020-05-29T13:28:48+08:00,2020-05-29,2020-05-29,2020-06-01,MOPS_EXACT,official_timestamp_second_precision,CONSOLIDATED,202001_2880_AI1.pdf,TWSE_MOPS_T57SB01_OFFICIAL_DOCUMENT_UPLOAD,5f3a53c986b2786817d28532285b56f1715992c9678278db0b9cd78bc74bc24d,f5a30f8264739dc14ac861f956b18a13181302e24e8bd8cb66c26fb023993d2d,EXACT_MATCH,MOPS_SINGLE_ELIGIBLE_FILING,c0c0f21378a12d154110d085d01c330e33cc71203647c795e464449e4852f7d3
2880,2020-06-30,2020,2,2020-08-31,2020-08-31T13:38:07+08:00,2020-08-31,2020-08-31,2020-09-01,MOPS_EXACT,official_timestamp_second_precision,CONSOLIDATED,202002_2880_AI1.pdf,TWSE_MOPS_T57SB01_OFFICIAL_DOCUMENT_UPLOAD,5f3a53c986b2786817d28532285b56f1715992c9678278db0b9cd78bc74bc24d,328c08ada9c7c5241f1d0dd60f91fff895a8636b9ec45b634d37823bbf0562d2,EXACT_MATCH,MOPS_SINGLE_ELIGIBLE_FILING,e3832527fa7e49c9ca69c8f3a685cf1273df05ecd22d723877129ea98339592c
2880,2020-09-30,2020,3,2020-11-30,2020-11-30T09:43:16+08:00,2020-11-30,2020-11-30,2020-12-01,MOPS_EXACT,official_timestamp_second_precision,CONSOLIDATED,202003_2880_AI1.pdf,TWSE_MOPS_T57SB01_OFFICIAL_DOCUMENT_UPLOAD,5f3a53c986b2786817d28532285b56f1715992c9678278db0b9cd78bc74bc24d,ade58d03ae8f8f6e8a29d6e76eb6dd160f713d3a18a747411568033ccef6bc0a,EXACT_MATCH,MOPS_SINGLE_ELIGIBLE_FILING,8379ce7a080e04a593de39cc44daa4c4dc609b38b31371a83e07cb59e38f8690
2880,2020-12-31,2020,4,2021-03-31,2021-03-31T13:12:55+08:00,2021-03-31,2021-03-31,2021-04-01,MOPS_EXACT,official_timestamp_second_precision,CONSOLIDATED,202004_2880_AI1.pdf,TWSE_MOPS_T57SB01_OFFICIAL_DOCUMENT_UPLOAD,5f3a53c986b2786817d28532285b56f1715992c9678278db0b9cd78bc74bc24d,fec1ab9bb21eea5ec3e0ff3a4ea632374b753efbcfbab935e342d9ac8b9e3d41,EXACT_MATCH,MOPS_SINGLE_ELIGIBLE_FILING,220fd6c00ace32d4d325193e64296235cd718057e248b2caa4d8eaffa0178bf3
2880,2021-03-31,2021,1,2021-05-27,2021-05-27T13:04:13+08:00,2021-05-27,2021-05-27,2021-05-28,MOPS_EXACT,official_timestamp_second_precision,CONSOLIDATED,202101_2880_AI1.pdf,TWSE_MOPS_T57SB01_OFFICIAL_DOCUMENT_UPLOAD,5f3a53c986b2786817d28532285b56f1715992c9678278db0b9cd78bc74bc24d,c16b7d508ee72c03443ea0047f27069c579ae44420b1f4ff3f248daeb322f064,EXACT_MATCH,MOPS_SINGLE_ELIGIBLE_FILING,0e67cca7e8c8a35e23931305c2487cf62913cd42851e9b8ee16a29ce92fd71a0
2880,2021-06-30,2021,2,2021-08-31,2021-08-31T10:41:54+08:00,2021-08-31,2021-08-31,2021-09-01,MOPS_EXACT,official_timestamp_second_precision,CONSOLIDATED,202102_2880_AI1.pdf,TWSE_MOPS_T57SB01_OFFICIAL_DOCUMENT_UPLOAD,5f3a53c986b2786817d28532285b56f1715992c9678278db0b9cd78bc74bc24d,be11e62e61842238af6755bfb7e8216db8b7be2ae78e669ba2ad96da9df9ae0b,EXACT_MATCH,MOPS_SINGLE_ELIGIBLE_FILING,aab4a43d7ed3f8d33e045db315a24f33571d46177bbdd7e3c8d4272a00c755d2
2880,2021-09-30,2021,3,2021-11-29,2021-11-29T09:55:29+08:00,2021-11-29,2021-11-29,2021-11-30,MOPS_EXACT,official_timestamp_second_precision,CONSOLIDATED,202103_2880_AI1.pdf,TWSE_MOPS_T57SB01_OFFICIAL_DOCUMENT_UPLOAD,5f3a53c986b2786817d28532285b56f1715992c9678278db0b9cd78bc74bc24d,ef19b71a5d3feb975a7002d003798f1d55ffaf543f817c8aefc6a293205fd4b9,EXACT_MATCH,MOPS_SINGLE_ELIGIBLE_FILING,a5c0827b0b66856e5d90219a8ec66daa40e293606b0d9bcdfa3fbd285856f9d0
2880,2021-12-31,2021,4,2022-03-16,2022-03-16T14:13:03+08:00,2022-03-16,2022-03-16,2022-03-17,MOPS_EXACT,official_timestamp_second_precision,CONSOLIDATED,202104_2880_AI1.pdf,TWSE_MOPS_T57SB01_OFFICIAL_DOCUMENT_UPLOAD,5f3a53c986b2786817d28532285b56f1715992c9678278db0b9cd78bc74bc24d,a64c2e49a32a4d32f293b26a30063c89bc7ae2ac5bd9b371979a3c07249869d9,EXACT_MATCH,MOPS_SINGLE_ELIGIBLE_FILING,7da56a6eb95e91d64bf034b7b9acd118867ccfa2f78805c54723904ff5f942de
2880,2022-03-31,2022,1,2022-05-30,2022-05-30T13:11:57+08:00,2022-05-30,2022-05-30,2022-05-31,MOPS_EXACT,official_timestamp_second_precision,CONSOLIDATED,202201_2880_AI1.pdf,TWSE_MOPS_T57SB01_OFFICIAL_DOCUMENT_UPLOAD,5f3a53c986b2786817d28532285b56f1715992c9678278db0b9cd78bc74bc24d,f42e2fed9c6cb69ebe8ec99046ad5c7aec87ddc98b041f58f556046ed36db933,EXACT_MATCH,MOPS_SINGLE_ELIGIBLE_FILING,34c4e6a02779cd92cf7504d5ba91c12a7fa0bdc047c6dbae554485f240593c98
2880,2022-06-30,2022,2,2022-08-31,2022-08-31T10:03:02+08:00,2022-08-31,2022-08-31,2022-09-01,MOPS_EXACT,official_timestamp_second_precision,CONSOLIDATED,202202_2880_AI1.pdf,TWSE_MOPS_T57SB01_OFFICIAL_DOCUMENT_UPLOAD,5f3a53c986b2786817d28532285b56f1715992c9678278db0b9cd78bc74bc24d,5a242b80d40c8d861dfceb05147c79e74701ff4554f573723735eaa9bc78e134,EXACT_MATCH,MOPS_SINGLE_ELIGIBLE_FILING,bf3f153a0a094249280b6ac0b4bffee33429b836eab05c4d0cf76964e064f8f8
2880,2022-09-30,2022,3,2022-11-28,2022-11-28T18:11:29+08:00,2022-11-28,2022-11-28,2022-11-29,MOPS_EXACT,official_timestamp_second_precision,CONSOLIDATED,202203_2880_AI1.pdf,TWSE_MOPS_T57SB01_OFFICIAL_DOCUMENT_UPLOAD,5f3a53c986b2786817d28532285b56f1715992c9678278db0b9cd78bc74bc24d,b38712e55eb237da1b186fb2bf6a43415d52a1deaf11cf528df3f89ba798f188,EXACT_MATCH,MOPS_SINGLE_ELIGIBLE_FILING,2d1d62fc167f29d02b157511440f871048d8e70b5752490bebafc5e0ae0b4c17
2880,2022-12-31,2022,4,2023-03-15,2023-03-15T15:39:38+08:00,2023-03-15,2023-03-15,2023-03-16,MOPS_EXACT,official_timestamp_second_precision,CONSOLIDATED,202204_2880_AI1.pdf,TWSE_MOPS_T57SB01_OFFICIAL_DOCUMENT_UPLOAD,5f3a53c986b2786817d28532285b56f1715992c9678278db0b9cd78bc74bc24d,97d5a5b15380539d2310ab2f29cafeb6337dba318286ee3cbe571da647c8a550,EXACT_MATCH,MOPS_SINGLE_ELIGIBLE_FILING,b39d20826b41bf5a1f72b1ce3bd30d625939a5b917f95d973c63bc98ca3a7a1b
2880,2023-03-31,2023,1,2023-05-26,2023-05-26T17:24:57+08:00,2023-05-26,2023-05-26,2023-05-29,MOPS_EXACT,official_timestamp_second_precision,CONSOLIDATED,202301_2880_AI1.pdf,TWSE_MOPS_T57SB01_OFFICIAL_DOCUMENT_UPLOAD,5f3a53c986b2786817d28532285b56f1715992c9678278db0b9cd78bc74bc24d,74c938b0f175f61f66091579d3040e8d80dbf311b29b5b3d70381b7b65e6d3a5,EXACT_MATCH,MOPS_SINGLE_ELIGIBLE_FILING,3502e314678d1783378eaa8d225a37843a296aadbe66f03314cdc5b8c7f0ad04
2880,2023-06-30,2023,2,2023-08-29,2023-08-29T18:02:18+08:00,2023-08-29,2023-08-29,2023-08-30,MOPS_EXACT,official_timestamp_second_precision,CONSOLIDATED,202302_2880_AI1.pdf,TWSE_MOPS_T57SB01_OFFICIAL_DOCUMENT_UPLOAD,5f3a53c986b2786817d28532285b56f1715992c9678278db0b9cd78bc74bc24d,f5f5e5fadf83e054930215fc3a30c48e112d46beb2bc310bd355f1bf771df45c,EXACT_MATCH,MOPS_SINGLE_ELIGIBLE_FILING,1fb22c1b07ec736a79f3268ddd305635fc70e748c68fc328c2902b20eaecad79
2880,2023-09-30,2023,3,2023-11-27,2023-11-27T19:18:49+08:00,2023-11-27,2023-11-27,2023-11-28,MOPS_EXACT,official_timestamp_second_precision,CONSOLIDATED,202303_2880_AI1.pdf,TWSE_MOPS_T57SB01_OFFICIAL_DOCUMENT_UPLOAD,5f3a53c986b2786817d28532285b56f1715992c9678278db0b9cd78bc74bc24d,b9f95e297f16a2fbb397ae24a8f726233332ff149a4312a653677e41e52787cd,EXACT_MATCH,MOPS_SINGLE_ELIGIBLE_FILING,575910b8b5e11b34d3d883c60d731bc4e601b6d27ec51aa3cbe6c2dafdacf7bb
2880,2023-12-31,2023,4,2024-03-14,2024-03-14T15:28:57+08:00,2024-03-14,2024-03-14,2024-03-15,MOPS_EXACT,official_timestamp_second_precision,CONSOLIDATED,202304_2880_AI1.pdf,TWSE_MOPS_T57SB01_OFFICIAL_DOCUMENT_UPLOAD,5f3a53c986b2786817d28532285b56f1715992c9678278db0b9cd78bc74bc24d,83915366de2bf6ede6b83e85031a83e069e8e620d221a9622dffe89a9b8e1621,EXACT_MATCH,MOPS_SINGLE_ELIGIBLE_FILING,89f5c9f9456671ac7c5d833237139ee4d9e183d9dc671cd23ef4b4ace722b7fa
2880,2024-03-31,2024,1,2024-05-29,2024-05-29T13:04:28+08:00,2024-05-29,2024-05-29,2024-05-30,MOPS_EXACT,official_timestamp_second_precision,CONSOLIDATED,202401_2880_AI1.pdf,TWSE_MOPS_T57SB01_OFFICIAL_DOCUMENT_UPLOAD,5f3a53c986b2786817d28532285b56f1715992c9678278db0b9cd78bc74bc24d,d5b90a38821be9be799d7ec4ef8dd11e30e4a83661eca43c5415b6631fc004cc,EXACT_MATCH,MOPS_SINGLE_ELIGIBLE_FILING,9c1a22ea953a96087d821cf5005c9a73d216832c33401fe79e3b644d4b798b51
2880,2024-06-30,2024,2,2024-08-29,2024-08-29T13:03:15+08:00,2024-08-29,2024-08-29,2024-08-30,MOPS_EXACT,official_timestamp_second_precision,CONSOLIDATED,202402_2880_AI1.pdf,TWSE_MOPS_T57SB01_OFFICIAL_DOCUMENT_UPLOAD,5f3a53c986b2786817d28532285b56f1715992c9678278db0b9cd78bc74bc24d,32f590e530c2111ed96952bb7e909feafda9f74a917739b405f908b9146bf7dd,EXACT_MATCH,MOPS_SINGLE_ELIGIBLE_FILING,4eb3efda22386c4a3ad8f947e5a38fd1573fce5ba9079196fdffe11ebb3d009a
2880,2024-09-30,2024,3,2024-11-28,2024-11-28T13:06:27+08:00,2024-11-28,2024-11-28,2024-11-29,MOPS_EXACT,official_timestamp_second_precision,CONSOLIDATED,202403_2880_AI1.pdf,TWSE_MOPS_T57SB01_OFFICIAL_DOCUMENT_UPLOAD,5f3a53c986b2786817d28532285b56f1715992c9678278db0b9cd78bc74bc24d,6bfa10de4523c327ea3fc97d040b1ea3335f53714daa875f14a9cbdbcd71d823,EXACT_MATCH,MOPS_SINGLE_ELIGIBLE_FILING,2aec41180926011a110f59e7a0774eed913a9a6373bd63cdd1541f0277fe8dc6
2880,2024-12-31,2024,4,2025-03-17,2025-03-17T13:04:43+08:00,2025-03-17,2025-03-17,2025-03-18,MOPS_EXACT,official_timestamp_second_precision,CONSOLIDATED,202404_2880_AI1.pdf,TWSE_MOPS_T57SB01_OFFICIAL_DOCUMENT_UPLOAD,5f3a53c986b2786817d28532285b56f1715992c9678278db0b9cd78bc74bc24d,a66f5ca3b5e3b5dd3b1950732f6980bef182a8f7fd9e832816f56e57d4d6826c,EXACT_MATCH,MOPS_SINGLE_ELIGIBLE_FILING,e0c602695ff8212cf94d7592cc833ce6aae10f4b4b424f70e632fcc1a609e28d
2880,2025-03-31,2025,1,2025-05-28,2025-05-28T15:20:22+08:00,2025-05-28,2025-05-28,2025-05-29,MOPS_EXACT,official_timestamp_second_precision,CONSOLIDATED,202501_2880_AI1.pdf,TWSE_MOPS_T57SB01_OFFICIAL_DOCUMENT_UPLOAD,5f3a53c986b2786817d28532285b56f1715992c9678278db0b9cd78bc74bc24d,f296c3a611e92b02596f209d030a11d67032da76ae20b3cc8c29427fcf5055f2,EXACT_MATCH,MOPS_SINGLE_ELIGIBLE_FILING,f054c8ab4a081a06e8f226eab24828388b5135fc55831579ef1ad67280048a89
2880,2025-06-30,2025,2,2025-08-28,2025-08-28T13:08:00+08:00,2025-08-28,2025-08-28,2025-08-29,MOPS_EXACT,official_timestamp_second_precision,CONSOLIDATED,202502_2880_AI1.pdf,TWSE_MOPS_T57SB01_OFFICIAL_DOCUMENT_UPLOAD,5f3a53c986b2786817d28532285b56f1715992c9678278db0b9cd78bc74bc24d,aff176e25a09a25e4910d5519e4bcc9242deaebc4b9c4c18dce7c9a9a02017f2,EXACT_MATCH,MOPS_SINGLE_ELIGIBLE_FILING,8747c47ca2c25cc795d0527c867c886dc2b8c2c1c118b7df8909a68047251031
2880,2025-09-30,2025,3,2025-11-27,2025-11-27T10:26:24+08:00,2025-11-27,2025-11-27,2025-11-28,MOPS_EXACT,official_timestamp_second_precision,CONSOLIDATED,202503_2880_AI1.pdf,TWSE_MOPS_T57SB01_OFFICIAL_DOCUMENT_UPLOAD,5f3a53c986b2786817d28532285b56f1715992c9678278db0b9cd78bc74bc24d,8024873e344798dadb992281f72b0d427abae859c3bb634b411ef77c75180935,EXACT_MATCH,MOPS_SINGLE_ELIGIBLE_FILING,c7a8ea1ab1724d17e7e2ba299ba44054e610b2bfa63bfa559881995c6265a174
2880,2025-12-31,2025,4,2026-03-13,2026-03-13T09:02:31+08:00,2026-03-13,2026-03-13,2026-03-16,MOPS_EXACT,official_timestamp_second_precision,CONSOLIDATED,202504_2880_AI1.pdf,TWSE_MOPS_T57SB01_OFFICIAL_DOCUMENT_UPLOAD,5f3a53c986b2786817d28532285b56f1715992c9678278db0b9cd78bc74bc24d,9581db9ef4ec0922effc94e17209da54f809486f0e59857eb9398b598a4d866c,EXACT_MATCH,MOPS_SINGLE_ELIGIBLE_FILING,762020d3001603c7c0f0f3ba7c99f3e01aa17e9af927afe4c6a20c9627df72f4
2880,2026-03-31,2026,1,2026-05-28,2026-05-28T09:18:02+08:00,2026-05-28,2026-05-28,2026-05-29,MOPS_EXACT,official_timestamp_second_precision,CONSOLIDATED,202601_2880_AI1.pdf,TWSE_MOPS_T57SB01_OFFICIAL_DOCUMENT_UPLOAD,5f3a53c986b2786817d28532285b56f1715992c9678278db0b9cd78bc74bc24d,149f22675db21bd8f2f530f6b240461824eeff1fdd9798784c2420fa25f144d4,EXACT_MATCH,MOPS_SINGLE_ELIGIBLE_FILING,26ff4f0c61bf5624f98b240f3129483fce18241781a20f79d52549f3bb770b1c
2880,2026-06-30,2026,2,2026-08-27,2026-08-27T14:56:45+08:00,2026-08-27,2026-08-27,2026-08-28,MOPS_EXACT,official_timestamp_second_precision,CONSOLIDATED,202602_2880_AI1.pdf,TWSE_MOPS_T57SB01_OFFICIAL_DOCUMENT_UPLOAD,5f3a53c986b2786817d28532285b56f1715992c9678278db0b9cd78bc74bc24d,f6ecd0ee5e59e847524c86a1827d5dd03eb0faa2be9d89881a140ccc6967f3c8,EXACT_MATCH,MOPS_SINGLE_ELIGIBLE_FILING,f5ae77aad5843c0f3a46d794358ab5eae6d739daf1afb54f40fd9b1914e82218
2881,2016-03-31,2016,1,2016-05-30,2016-05-30T11:48:10+08:00,2016-05-30,2016-05-30,2016-05-31,MOPS_EXACT,official_timestamp_second_precision,CONSOLIDATED,201601_2881_AI1.pdf,TWSE_MOPS_T57SB01_OFFICIAL_DOCUMENT_UPLOAD,503688e5e74f1cf71ea477a2e36893bfafb04871cb944302f0a2c52b7b7ec96d,9b5be83e0516ae215fa40944d348702549e32a12f30815f86597a36fbeb9e659,EXACT_MATCH,MOPS_SINGLE_ELIGIBLE_FILING,367b5a60ef0b0be546fe9a8ddd6ebbd1e12705ec566e4166f6eaaa987c584058
2881,2016-06-30,2016,2,2016-08-29,2016-08-29T17:52:40+08:00,2016-08-29,2016-08-29,2016-08-30,MOPS_EXACT,official_timestamp_second_precision,CONSOLIDATED,201602_2881_AI1.pdf,TWSE_MOPS_T57SB01_OFFICIAL_DOCUMENT_UPLOAD,503688e5e74f1cf71ea477a2e36893bfafb04871cb944302f0a2c52b7b7ec96d,a04dce4931dc86af91ad52d1a73276762b16e81961c0e6d8e3a34de9979eff6d,EXACT_MATCH,MOPS_SINGLE_ELIGIBLE_FILING,c641adc3c211bbd3ab8a292d2d65aa7f5c4f4fe88d81c4e05efcbac504e2ae87
2881,2016-09-30,2016,3,2016-11-29,2016-11-29T14:37:49+08:00,2016-11-29,2016-11-29,2016-11-30,MOPS_EXACT,official_timestamp_second_precision,CONSOLIDATED,201603_2881_AI1.pdf,TWSE_MOPS_T57SB01_OFFICIAL_DOCUMENT_UPLOAD,503688e5e74f1cf71ea477a2e36893bfafb04871cb944302f0a2c52b7b7ec96d,83d7dd9d7c5873af1c0efe20f929127fad787044c387078aa3a80256b9e1efe1,EXACT_MATCH,MOPS_SINGLE_ELIGIBLE_FILING,b6cbee1e4791ae89ffea257a717592dbe3a73e50d6b374e4a761578854757b26
2881,2016-12-31,2016,4,2017-03-31,2017-03-31T10:31:54+08:00,2017-03-31,2017-03-31,2017-04-05,MOPS_EXACT,official_timestamp_second_precision,CONSOLIDATED,201604_2881_AI1.pdf,TWSE_MOPS_T57SB01_OFFICIAL_DOCUMENT_UPLOAD,503688e5e74f1cf71ea477a2e36893bfafb04871cb944302f0a2c52b7b7ec96d,915eef06edad6968407c9c69621e7e88b0966213f7bcaa5031ef907a2be8fe94,EXACT_MATCH,MOPS_SINGLE_ELIGIBLE_FILING,ae8a74e901308e1adf567da58c21f694908d78648c0a58c1c28afc6faef656f7
2881,2017-03-31,2017,1,2017-05-31,2017-05-31T14:33:29+08:00,2017-05-31,2017-05-31,2017-06-01,MOPS_EXACT,official_timestamp_second_precision,CONSOLIDATED,201701_2881_AI1.pdf,TWSE_MOPS_T57SB01_OFFICIAL_DOCUMENT_UPLOAD,503688e5e74f1cf71ea477a2e36893bfafb04871cb944302f0a2c52b7b7ec96d,dc8fcfc77f6c8ebdce5759fc3ab36dde68de8f29c297abedad1c8bf950f2f931,EXACT_MATCH,MOPS_SINGLE_ELIGIBLE_FILING,0acd606c1aa04af6b43674d727545c3e4b78559f0f3c48669909428b6f21bc4f
2881,2017-06-30,2017,2,2017-08-31,2017-08-31T13:34:40+08:00,2017-08-31,2017-08-31,2017-09-01,MOPS_EXACT,official_timestamp_second_precision,CONSOLIDATED,201702_2881_AI1.pdf,TWSE_MOPS_T57SB01_OFFICIAL_DOCUMENT_UPLOAD,503688e5e74f1cf71ea477a2e36893bfafb04871cb944302f0a2c52b7b7ec96d,589cfdcea33f66f97baccce03b51996e5ceefd8d6ee9bd6976ad8e871e6cbbe8,EXACT_MATCH,MOPS_SINGLE_ELIGIBLE_FILING,5c50e10e4edb9d5e0b3a0d01acbd96b9adb27db502c3e515ade1e4aae9339c1d
2881,2017-09-30,2017,3,2017-11-29,2017-11-29T15:06:53+08:00,2017-11-29,2017-11-29,2017-11-30,MOPS_EXACT,official_timestamp_second_precision,CONSOLIDATED,201703_2881_AI1.pdf,TWSE_MOPS_T57SB01_OFFICIAL_DOCUMENT_UPLOAD,503688e5e74f1cf71ea477a2e36893bfafb04871cb944302f0a2c52b7b7ec96d,2dbb3196bb2a5b02b6fae55a7fe3bdbc765a452ff90288ae08efcf42215c62e8,EXACT_MATCH,MOPS_SINGLE_ELIGIBLE_FILING,401c4b65faeb39d64d8d7f51974b5d1b4a10761abf3c176f859c2c33da82dbc9
2881,2017-12-31,2017,4,2018-03-31,2018-03-31T12:24:36+08:00,2018-03-31,2018-03-31,2018-04-02,MOPS_EXACT,official_timestamp_second_precision,CONSOLIDATED,201704_2881_AI1.pdf,TWSE_MOPS_T57SB01_OFFICIAL_DOCUMENT_UPLOAD,503688e5e74f1cf71ea477a2e36893bfafb04871cb944302f0a2c52b7b7ec96d,9ea1088b82ee9bab7cd168baa1caa395ed2c26ab368d06b333417215b8207cb9,EXACT_MATCH,MOPS_SINGLE_ELIGIBLE_FILING,ff82ccecfcc426f2a96ecdbcc2e9b6fd0ebeccbcde124dc03019acd7c2b7c9ac
2881,2018-03-31,2018,1,2018-05-30,2018-05-30T14:27:46+08:00,2018-05-30,2018-05-30,2018-05-31,MOPS_EXACT,official_timestamp_second_precision,CONSOLIDATED,201801_2881_AI1.pdf,TWSE_MOPS_T57SB01_OFFICIAL_DOCUMENT_UPLOAD,503688e5e74f1cf71ea477a2e36893bfafb04871cb944302f0a2c52b7b7ec96d,5d5db5b3476117d20ae212a7184eccd93ba80d74e86230de9c9180b0b8b3f171,EXACT_MATCH,MOPS_SINGLE_ELIGIBLE_FILING,8e72f007fcd069ec1ffc08c20b93a7d8a99a5c8b1c626eb933fe9fbc31f1498b
2881,2018-06-30,2018,2,2018-08-31,2018-08-31T11:05:08+08:00,2018-08-31,2018-08-31,2018-09-03,MOPS_EXACT,official_timestamp_second_precision,CONSOLIDATED,201802_2881_AI1.pdf,TWSE_MOPS_T57SB01_OFFICIAL_DOCUMENT_UPLOAD,503688e5e74f1cf71ea477a2e36893bfafb04871cb944302f0a2c52b7b7ec96d,3cbf4e607e1947f4440693c5c466657591515162eadeb096f83b732269f14210,EXACT_MATCH,MOPS_SINGLE_ELIGIBLE_FILING,6afe6cfc9078153eef253879d7583a9a3b3d062b9cf373ffd6543e40a68bd8b8
2881,2018-09-30,2018,3,2018-11-29,2018-11-29T12:03:21+08:00,2018-11-29,2018-11-29,2018-11-30,MOPS_EXACT,official_timestamp_second_precision,CONSOLIDATED,201803_2881_AI1.pdf,TWSE_MOPS_T57SB01_OFFICIAL_DOCUMENT_UPLOAD,503688e5e74f1cf71ea477a2e36893bfafb04871cb944302f0a2c52b7b7ec96d,8b73a2761fc2396a1def56a83936526f270c30098bd34e1c0b0f7522e882ec72,EXACT_MATCH,MOPS_SINGLE_ELIGIBLE_FILING,28dfa4cf1d913c6bdff2370ed284e613ef4c82aead256d891b20f9cd5ddfba23
2881,2018-12-31,2018,4,2019-04-01,2019-04-01T13:39:17+08:00,2019-04-01,2019-04-01,2019-04-02,MOPS_EXACT,official_timestamp_second_precision,CONSOLIDATED,201804_2881_AI1.pdf,TWSE_MOPS_T57SB01_OFFICIAL_DOCUMENT_UPLOAD,503688e5e74f1cf71ea477a2e36893bfafb04871cb944302f0a2c52b7b7ec96d,4866113c603e81899e4cb9437919c91c989154a744d319d85c5c7fe26882c6ca,EXACT_MATCH,MOPS_SINGLE_ELIGIBLE_FILING,d1776a2582f1fd7c0df89e9070f7e8fa81556862da7674e8e1e7b7d951219720
2881,2019-03-31,2019,1,2019-05-30,2019-05-30T11:44:59+08:00,2019-05-30,2019-05-30,2019-05-31,MOPS_EXACT,official_timestamp_second_precision,CONSOLIDATED,201901_2881_AI1.pdf,TWSE_MOPS_T57SB01_OFFICIAL_DOCUMENT_UPLOAD,503688e5e74f1cf71ea477a2e36893bfafb04871cb944302f0a2c52b7b7ec96d,9a43b08e34863c6d84b8dda8b5a04f76eca6c1fe4d0ccbe30a1569a503c21315,EXACT_MATCH,MOPS_SINGLE_ELIGIBLE_FILING,ea45a1a75033d01722c04999b54a68d6bc9f460d46ef854185715252055b7816
2881,2019-06-30,2019,2,2019-08-30,2019-08-30T14:42:45+08:00,2019-08-30,2019-08-30,2019-09-02,MOPS_EXACT,official_timestamp_second_precision,CONSOLIDATED,201902_2881_AI1.pdf,TWSE_MOPS_T57SB01_OFFICIAL_DOCUMENT_UPLOAD,503688e5e74f1cf71ea477a2e36893bfafb04871cb944302f0a2c52b7b7ec96d,928f85e0e33a30401a19c97ecb70844a4f66373dddeaf4b2cfd5096dd4d66897,EXACT_MATCH,MOPS_SINGLE_ELIGIBLE_FILING,b4a2fd42c9048467580f17d4edea159b97ac573e86f71a5e3820b5033ab8b951
2881,2019-09-30,2019,3,2019-11-29,2019-11-29T09:59:42+08:00,2019-11-29,2019-11-29,2019-12-02,MOPS_EXACT,official_timestamp_second_precision,CONSOLIDATED,201903_2881_AI1.pdf,TWSE_MOPS_T57SB01_OFFICIAL_DOCUMENT_UPLOAD,503688e5e74f1cf71ea477a2e36893bfafb04871cb944302f0a2c52b7b7ec96d,6d894374ad194ac57722a2fccc921598027991265ab9c488e1e525abeb37ccd5,EXACT_MATCH,MOPS_SINGLE_ELIGIBLE_FILING,5dae0099626affe7ab0f53b86beaf4a491da909b94c0a8e06b93857ca8e16081
2881,2019-12-31,2019,4,2020-03-31,2020-03-31T09:19:57+08:00,2020-03-31,2020-03-31,2020-04-01,MOPS_EXACT,official_timestamp_second_precision,CONSOLIDATED,201904_2881_AI1.pdf,TWSE_MOPS_T57SB01_OFFICIAL_DOCUMENT_UPLOAD,503688e5e74f1cf71ea477a2e36893bfafb04871cb944302f0a2c52b7b7ec96d,1314f00ccbd4c697bc7e9c86c65397a4e046cf7dd56b3a8f0a0162083cc6ea89,EXACT_MATCH,MOPS_SINGLE_ELIGIBLE_FILING,39bf0cc0e13bf3e4f410b40d088df0bad747bbf864349dd5a1f87def336ab795
2881,2020-03-31,2020,1,2020-05-29,2020-05-29T10:19:07+08:00,2020-05-29,2020-05-29,2020-06-01,MOPS_EXACT,official_timestamp_second_precision,CONSOLIDATED,202001_2881_AI1.pdf,TWSE_MOPS_T57SB01_OFFICIAL_DOCUMENT_UPLOAD,503688e5e74f1cf71ea477a2e36893bfafb04871cb944302f0a2c52b7b7ec96d,87398795c583c758260760b9c17f9f7531341246c6d0c9938a7cf67939f493eb,EXACT_MATCH,MOPS_SINGLE_ELIGIBLE_FILING,cee99704d4fd44e1a9c1a975d28f8647f5deb23975939876e335d2689028f305
2881,2020-06-30,2020,2,2020-08-31,2020-08-31T09:25:22+08:00,2020-08-31,2020-08-31,2020-09-01,MOPS_EXACT,official_timestamp_second_precision,CONSOLIDATED,202002_2881_AI1.pdf,TWSE_MOPS_T57SB01_OFFICIAL_DOCUMENT_UPLOAD,503688e5e74f1cf71ea477a2e36893bfafb04871cb944302f0a2c52b7b7ec96d,d97640f0ec5e8ceef3336931ebc7ebc9607f0f4c6211511e76e4e734a798eb57,EXACT_MATCH,MOPS_SINGLE_ELIGIBLE_FILING,d8755377f59af24817d5ae876ed7bdce3357728ae39a551223b19274e157a4b1
2881,2020-09-30,2020,3,2020-11-27,2020-11-27T13:58:11+08:00,2020-11-27,2020-11-27,2020-11-30,MOPS_EXACT,official_timestamp_second_precision,CONSOLIDATED,202003_2881_AI1.pdf,TWSE_MOPS_T57SB01_OFFICIAL_DOCUMENT_UPLOAD,503688e5e74f1cf71ea477a2e36893bfafb04871cb944302f0a2c52b7b7ec96d,8207296e00708220eabc69aafc072d58fd64a8cb7b4a3a31b2e7284ee58f0cb4,EXACT_MATCH,MOPS_SINGLE_ELIGIBLE_FILING,7b23de8b17ff79a48ec620c2218e06415805760888cb1534d4421211179936a9
2881,2020-12-31,2020,4,2021-03-31,2021-03-31T14:28:34+08:00,2021-03-31,2021-03-31,2021-04-01,MOPS_EXACT,official_timestamp_second_precision,CONSOLIDATED,202004_2881_AI1.pdf,TWSE_MOPS_T57SB01_OFFICIAL_DOCUMENT_UPLOAD,503688e5e74f1cf71ea477a2e36893bfafb04871cb944302f0a2c52b7b7ec96d,372afb6edb54c850759fd24b6c3def22f78e5e6e333bb8606603ad6a1dcd5eae,EXACT_MATCH,MOPS_SINGLE_ELIGIBLE_FILING,97e3059a2268e09808661c9c333bfd48cbd400cf22e7db1f88445aacbf2fdf10
2881,2021-03-31,2021,1,2021-05-31,2021-05-31T11:20:35+08:00,2021-05-31,2021-05-31,2021-06-01,MOPS_EXACT,official_timestamp_second_precision,CONSOLIDATED,202101_2881_AI1.pdf,TWSE_MOPS_T57SB01_OFFICIAL_DOCUMENT_UPLOAD,503688e5e74f1cf71ea477a2e36893bfafb04871cb944302f0a2c52b7b7ec96d,afbdb957b35bdc2bdf50afeb89101c8b9905410caec7d7b385113e994b54a1ef,EXACT_MATCH,MOPS_SINGLE_ELIGIBLE_FILING,b3c34580c087ca74103ceff977c3227b011662a51437273cb4bd0301e5e0f956
2881,2021-06-30,2021,2,2021-08-30,2021-08-30T11:23:53+08:00,2021-08-30,2021-08-30,2021-08-31,MOPS_EXACT,official_timestamp_second_precision,CONSOLIDATED,202102_2881_AI1.pdf,TWSE_MOPS_T57SB01_OFFICIAL_DOCUMENT_UPLOAD,503688e5e74f1cf71ea477a2e36893bfafb04871cb944302f0a2c52b7b7ec96d,c05c6752135bb2708962bbfa9172ebcaa9c11443f8f832a1e957dc9c3234b577,EXACT_MATCH,MOPS_SINGLE_ELIGIBLE_FILING,f19ab7b2b90639349d9ec3f150c68b7bf7ac03c13dc4af105b6ebe95bd646235
2881,2021-09-30,2021,3,2021-11-26,2021-11-26T09:34:27+08:00,2021-11-26,2021-11-26,2021-11-29,MOPS_EXACT,official_timestamp_second_precision,CONSOLIDATED,202103_2881_AI1.pdf,TWSE_MOPS_T57SB01_OFFICIAL_DOCUMENT_UPLOAD,503688e5e74f1cf71ea477a2e36893bfafb04871cb944302f0a2c52b7b7ec96d,9755e5ba8dffe71db1ea49811e8fe16cbd9affee0da7cf02d111f90d4b90f0b5,EXACT_MATCH,MOPS_SINGLE_ELIGIBLE_FILING,a602ce63207183d52355f388f24f67713ead141256dcd5ccd6f6919e16c9a08d
2881,2021-12-31,2021,4,2022-03-28,2022-03-28T10:40:30+08:00,2022-03-28,2022-03-28,2022-03-29,MOPS_EXACT,official_timestamp_second_precision,CONSOLIDATED,202104_2881_AI1.pdf,TWSE_MOPS_T57SB01_OFFICIAL_DOCUMENT_UPLOAD,503688e5e74f1cf71ea477a2e36893bfafb04871cb944302f0a2c52b7b7ec96d,93923cf9114e3564b14965a2dccd8b391bc44dbc926d75e9d4d11c22d075f5b3,EXACT_MATCH,MOPS_SINGLE_ELIGIBLE_FILING,18f1205c1bde35af4502b4c369631520dcc336f6dbcaa8676b16e34c0ec0edc3
2881,2022-03-31,2022,1,2022-05-27,2022-05-27T15:18:43+08:00,2022-05-27,2022-05-27,2022-05-30,MOPS_EXACT,official_timestamp_second_precision,CONSOLIDATED,202201_2881_AI1.pdf,TWSE_MOPS_T57SB01_OFFICIAL_DOCUMENT_UPLOAD,503688e5e74f1cf71ea477a2e36893bfafb04871cb944302f0a2c52b7b7ec96d,719830d9007446ec0f85cb30936e844f8722b927f4809d659d9a67639acbcb95,EXACT_MATCH,MOPS_SINGLE_ELIGIBLE_FILING,8687c5018158b5be73b09a9f869c3129a23b60284719d37d152cc3ba7d90fc6a
2881,2022-06-30,2022,2,2022-08-30,2022-08-30T10:04:36+08:00,2022-08-30,2022-08-30,2022-08-31,MOPS_EXACT,official_timestamp_second_precision,CONSOLIDATED,202202_2881_AI1.pdf,TWSE_MOPS_T57SB01_OFFICIAL_DOCUMENT_UPLOAD,503688e5e74f1cf71ea477a2e36893bfafb04871cb944302f0a2c52b7b7ec96d,409ba59a0b18f62684340f63e143175cf219b7d7ba9f9552746bb4a6c9fe9b05,EXACT_MATCH,MOPS_SINGLE_ELIGIBLE_FILING,211eb539e1a80fe02587e3d43bddeb6b1692c38324b59de9c1fb0427696e2f1f
2881,2022-09-30,2022,3,2022-11-28,2022-11-28T11:35:19+08:00,2022-11-28,2022-11-28,2022-11-29,MOPS_EXACT,official_timestamp_second_precision,CONSOLIDATED,202203_2881_AI1.pdf,TWSE_MOPS_T57SB01_OFFICIAL_DOCUMENT_UPLOAD,503688e5e74f1cf71ea477a2e36893bfafb04871cb944302f0a2c52b7b7ec96d,008d366fee5d3974b83b6dca55c08ca39c826968f2aaf50044fb485dffa1c0ab,EXACT_MATCH,MOPS_SINGLE_ELIGIBLE_FILING,b9b273ac916e993179b4a9ff7628f6bc95038f968374b292f2a25ef2bea19fbb
2881,2022-12-31,2022,4,2023-03-16,2023-03-16T10:29:24+08:00,2023-03-16,2023-03-16,2023-03-17,MOPS_EXACT,official_timestamp_second_precision,CONSOLIDATED,202204_2881_AI1.pdf,TWSE_MOPS_T57SB01_OFFICIAL_DOCUMENT_UPLOAD,503688e5e74f1cf71ea477a2e36893bfafb04871cb944302f0a2c52b7b7ec96d,d805e2394a86002cb782cf9a543d7c2fe912ab3c206fe7f8719776bdf5245903,EXACT_MATCH,MOPS_SINGLE_ELIGIBLE_FILING,8365030f72e77acc209c13736a1768c908b25f967fc4242e627fbaf68cf2c394
2881,2023-03-31,2023,1,2023-05-26,2023-05-26T10:03:56+08:00,2023-05-26,2023-05-26,2023-05-29,MOPS_EXACT,official_timestamp_second_precision,CONSOLIDATED,202301_2881_AI1.pdf,TWSE_MOPS_T57SB01_OFFICIAL_DOCUMENT_UPLOAD,503688e5e74f1cf71ea477a2e36893bfafb04871cb944302f0a2c52b7b7ec96d,54a84041173357ebd238e7ee98fba0446530445f22626da8fcec9acddc0a33de,EXACT_MATCH,MOPS_SINGLE_ELIGIBLE_FILING,3668c1b817c98e35553a298c9c28fff71a9a9bf025c4caed845d3bc142666620
2881,2023-06-30,2023,2,2023-08-30,2023-08-30T09:29:48+08:00,2023-08-30,2023-08-30,2023-08-31,MOPS_EXACT,official_timestamp_second_precision,CONSOLIDATED,202302_2881_AI1.pdf,TWSE_MOPS_T57SB01_OFFICIAL_DOCUMENT_UPLOAD,503688e5e74f1cf71ea477a2e36893bfafb04871cb944302f0a2c52b7b7ec96d,abb600e6a32653a5210c8c68f7009090ad91358592d7f542f72c740c2d7d8a1b,EXACT_MATCH,MOPS_SINGLE_ELIGIBLE_FILING,509b28a5b379aa1697782001c5ffdb9cbf190b3f0657e9ec00e113c3a455db19
2881,2023-09-30,2023,3,2023-11-24,2023-11-24T10:14:47+08:00,2023-11-24,2023-11-24,2023-11-27,MOPS_EXACT,official_timestamp_second_precision,CONSOLIDATED,202303_2881_AI1.pdf,TWSE_MOPS_T57SB01_OFFICIAL_DOCUMENT_UPLOAD,503688e5e74f1cf71ea477a2e36893bfafb04871cb944302f0a2c52b7b7ec96d,8d4a0f2813ab258d22fc2a0937ae60dc8572acf048018c242945197a5ed5fc34,EXACT_MATCH,MOPS_SINGLE_ELIGIBLE_FILING,19a78862ec1adc43fb28a66be482fd24b9bf77d264a7663f85a9661dda941d2d
2881,2023-12-31,2023,4,2024-03-15,2024-03-15T11:16:06+08:00,2024-03-15,2024-03-15,2024-03-18,MOPS_EXACT,official_timestamp_second_precision,CONSOLIDATED,202304_2881_AI1.pdf,TWSE_MOPS_T57SB01_OFFICIAL_DOCUMENT_UPLOAD,503688e5e74f1cf71ea477a2e36893bfafb04871cb944302f0a2c52b7b7ec96d,32a2c2125ff5ad3f59d50a82840fb46f4b5792fcd8cbac14dc0c82c4aeb65c77,EXACT_MATCH,MOPS_SINGLE_ELIGIBLE_FILING,da5226b243d57754702b778476d097860b405c3c10478bdc6c992c16fbcf008d
2881,2024-03-31,2024,1,2024-05-28,2024-05-28T09:42:22+08:00,2024-05-28,2024-05-28,2024-05-29,MOPS_EXACT,official_timestamp_second_precision,CONSOLIDATED,202401_2881_AI1.pdf,TWSE_MOPS_T57SB01_OFFICIAL_DOCUMENT_UPLOAD,503688e5e74f1cf71ea477a2e36893bfafb04871cb944302f0a2c52b7b7ec96d,9038229aebafbf444be472ba73fafb6da38d8a4bdefdee0052d7a42b6dfdd5e1,EXACT_MATCH,MOPS_SINGLE_ELIGIBLE_FILING,d6118627030c429f2ea9cbe236329ea2278cc2f4b2d94959ef28e0303de73d9e
2881,2024-06-30,2024,2,2024-08-30,2024-08-30T09:46:31+08:00,2024-08-30,2024-08-30,2024-09-02,MOPS_EXACT,official_timestamp_second_precision,CONSOLIDATED,202402_2881_AI1.pdf,TWSE_MOPS_T57SB01_OFFICIAL_DOCUMENT_UPLOAD,503688e5e74f1cf71ea477a2e36893bfafb04871cb944302f0a2c52b7b7ec96d,c5fe9f0d08d85e28c5819ebe29d11636002d26fcc8e24f116c8da72b70c44428,EXACT_MATCH,MOPS_SINGLE_ELIGIBLE_FILING,66439c3954c93b9e17cdb7e518dbbf900d77dea578cff162989d75d381c7fac8
2881,2024-09-30,2024,3,2024-11-28,2024-11-28T09:59:32+08:00,2024-11-28,2024-11-28,2024-11-29,MOPS_EXACT,official_timestamp_second_precision,CONSOLIDATED,202403_2881_AI1.pdf,TWSE_MOPS_T57SB01_OFFICIAL_DOCUMENT_UPLOAD,503688e5e74f1cf71ea477a2e36893bfafb04871cb944302f0a2c52b7b7ec96d,610044292d1d05b346982666ee37f05eef98024de2db6c295a39a4cd2b2c6d7e,EXACT_MATCH,MOPS_SINGLE_ELIGIBLE_FILING,272c46d78ec4f14034bc6e6cbdefb766ecf3808953da96fcd1b4b8b666086744
2881,2024-12-31,2024,4,2025-03-17,2025-03-17T10:28:44+08:00,2025-03-17,2025-03-17,2025-03-18,MOPS_EXACT,official_timestamp_second_precision,CONSOLIDATED,202404_2881_AI1.pdf,TWSE_MOPS_T57SB01_OFFICIAL_DOCUMENT_UPLOAD,503688e5e74f1cf71ea477a2e36893bfafb04871cb944302f0a2c52b7b7ec96d,6da85a1fac480028ce1d26816d7926e30f9e498d8d5060f494884dd756c2998b,EXACT_MATCH,MOPS_SINGLE_ELIGIBLE_FILING,5401a714b51d3e5c1a348488c3a7fbf021c7bb8a6dd1200a510b0a73bd44672d
2881,2025-03-31,2025,1,2025-05-29,2025-05-29T16:03:54+08:00,2025-05-29,2025-05-29,2025-06-02,MOPS_EXACT,official_timestamp_second_precision,CONSOLIDATED,202501_2881_AI1.pdf,TWSE_MOPS_T57SB01_OFFICIAL_DOCUMENT_UPLOAD,503688e5e74f1cf71ea477a2e36893bfafb04871cb944302f0a2c52b7b7ec96d,0b15b375f84b0f7bbe373623238558343672606282dc712b6eb77d8aa730538a,EXACT_MATCH,MOPS_SINGLE_ELIGIBLE_FILING,5d180d05c98b2e1a898b753d6c96f386bcc1d8b87501ee90072a9f84453cb040
2881,2025-06-30,2025,2,2025-08-22,2025-08-22T14:04:39+08:00,2025-08-22,2025-08-22,2025-08-25,MOPS_EXACT,official_timestamp_second_precision,CONSOLIDATED,202502_2881_AI1.pdf,TWSE_MOPS_T57SB01_OFFICIAL_DOCUMENT_UPLOAD,503688e5e74f1cf71ea477a2e36893bfafb04871cb944302f0a2c52b7b7ec96d,886d1c898d08847fcfab73f4afec0a0326dc67aff16738f0c4f2d7810821f829,EXACT_MATCH,MOPS_SINGLE_ELIGIBLE_FILING,3557e33058c6f9b130bf002db750edb4d2ffe0f56b442988c5265596cc852460
2881,2025-09-30,2025,3,2025-11-27,2025-11-27T09:27:05+08:00,2025-11-27,2025-11-27,2025-11-28,MOPS_EXACT,official_timestamp_second_precision,CONSOLIDATED,202503_2881_AI1.pdf,TWSE_MOPS_T57SB01_OFFICIAL_DOCUMENT_UPLOAD,503688e5e74f1cf71ea477a2e36893bfafb04871cb944302f0a2c52b7b7ec96d,24a3172573d2300a9bb86325ce0c3285bffab75f0fd32fcee3dc819aab8e4126,EXACT_MATCH,MOPS_SINGLE_ELIGIBLE_FILING,44f0cb7df9201f394c7a40fe0627b55b0d24679fe32ed9fd63e3f2daa54c3fcd
2881,2025-12-31,2025,4,2026-03-16,2026-03-16T10:27:27+08:00,2026-03-16,2026-03-16,2026-03-17,MOPS_EXACT,official_timestamp_second_precision,CONSOLIDATED,202504_2881_AI1.pdf,TWSE_MOPS_T57SB01_OFFICIAL_DOCUMENT_UPLOAD,503688e5e74f1cf71ea477a2e36893bfafb04871cb944302f0a2c52b7b7ec96d,bfbd6316705a3da39311f3576e0d749691779e1939e217f15ca5e42df6fc73c9,EXACT_MATCH,MOPS_SINGLE_ELIGIBLE_FILING,913916993ec81f56811f9730b1fe28b434ba2563d876fd2cf4b783f66e7eae7c
2881,2026-03-31,2026,1,2026-05-29,2026-05-29T12:01:13+08:00,2026-05-29,2026-05-29,2026-06-01,MOPS_EXACT,official_timestamp_second_precision,CONSOLIDATED,202601_2881_AI1.pdf,TWSE_MOPS_T57SB01_OFFICIAL_DOCUMENT_UPLOAD,503688e5e74f1cf71ea477a2e36893bfafb04871cb944302f0a2c52b7b7ec96d,01a30506d929a56f664758b031bae8a52d4e6d122669f70f25de48691b4ab305,EXACT_MATCH,MOPS_SINGLE_ELIGIBLE_FILING,ea5465eeb3afbf64ed736c976f768af9239bc47771eb0e9977df38291a3616d1
2881,2026-06-30,2026,2,2026-08-28,2026-08-28T14:09:26+08:00,2026-08-28,2026-08-28,2026-08-31,MOPS_EXACT,official_timestamp_second_precision,CONSOLIDATED,202602_2881_AI1.pdf,TWSE_MOPS_T57SB01_OFFICIAL_DOCUMENT_UPLOAD,503688e5e74f1cf71ea477a2e36893bfafb04871cb944302f0a2c52b7b7ec96d,b90814d7355eedd3ef4522ef956565c58abea57df3c9fd3561c577288ca0f5fa,EXACT_MATCH,MOPS_SINGLE_ELIGIBLE_FILING,cf33c9c6cb1997d730ef0b82b25657980bc7eb2e9209de51fec52340f6d2baec
2882,2016-03-31,2016,1,2016-05-30,2016-05-30T13:52:32+08:00,2016-05-30,2016-05-30,2016-05-31,MOPS_EXACT,official_timestamp_second_precision,CONSOLIDATED,201601_2882_AI1.pdf,TWSE_MOPS_T57SB01_OFFICIAL_DOCUMENT_UPLOAD,5759cc2056e8176d1be648111831769e7efa84066351d1ecbb641abc1d2e5f73,1e2f11b361a64c36582a89eea80cfe23af7ed3439df9e745fcd9e5fbe0bf3470,EXACT_MATCH,MOPS_SINGLE_ELIGIBLE_FILING,3a81bd0ca9b0fecab93e1bd57f49e2f8c99f47e2ca7b289e194093eac70ef0b2
2882,2016-06-30,2016,2,2016-08-31,2016-08-31T13:57:24+08:00,2016-08-31,2016-08-31,2016-09-01,MOPS_EXACT,official_timestamp_second_precision,CONSOLIDATED,201602_2882_AI1.pdf,TWSE_MOPS_T57SB01_OFFICIAL_DOCUMENT_UPLOAD,5759cc2056e8176d1be648111831769e7efa84066351d1ecbb641abc1d2e5f73,da825e7f97aa1f06f7dfcfb79bf4cb46a8cb0e01cf41f75975bd5183a11f5be7,EXACT_MATCH,MOPS_SINGLE_ELIGIBLE_FILING,18299ebb01cf7448b018df0e214d7496c187e153fd91d9577d2ee7461f7fe4a3
2882,2016-09-30,2016,3,2016-11-29,2016-11-29T13:56:34+08:00,2016-11-29,2016-11-29,2016-11-30,MOPS_EXACT,official_timestamp_second_precision,CONSOLIDATED,201603_2882_AI1.pdf,TWSE_MOPS_T57SB01_OFFICIAL_DOCUMENT_UPLOAD,5759cc2056e8176d1be648111831769e7efa84066351d1ecbb641abc1d2e5f73,6f149dec0d02d319b726bd8929fd80fd0a1979656cdcef1806002436fcbca0e3,EXACT_MATCH,MOPS_SINGLE_ELIGIBLE_FILING,0f1d8b6f3b961e8b759f2bff9cc7aafe89207621448a6fe47d329af7a1664e08
2882,2016-12-31,2016,4,2017-03-31,2017-03-31T14:11:56+08:00,2017-03-31,2017-03-31,2017-04-05,MOPS_EXACT,official_timestamp_second_precision,CONSOLIDATED,201604_2882_AI1.pdf,TWSE_MOPS_T57SB01_OFFICIAL_DOCUMENT_UPLOAD,5759cc2056e8176d1be648111831769e7efa84066351d1ecbb641abc1d2e5f73,d83f7bd330e64c2b5f84600d9f2c6809a989cdb9e33d77c1176e2d634e6f91ae,EXACT_MATCH,MOPS_SINGLE_ELIGIBLE_FILING,cdb9352d36eef6d91a6662de83832b25f9c722ee271c63f315c4d1fd89ca31ba
2882,2017-03-31,2017,1,2017-05-31,2017-05-31T14:04:02+08:00,2017-05-31,2017-05-31,2017-06-01,MOPS_EXACT,official_timestamp_second_precision,CONSOLIDATED,201701_2882_AI1.pdf,TWSE_MOPS_T57SB01_OFFICIAL_DOCUMENT_UPLOAD,5759cc2056e8176d1be648111831769e7efa84066351d1ecbb641abc1d2e5f73,4643bb3763b5ab309334ea0ef80fe867952dac64458e2288979263a3d62c3ef9,EXACT_MATCH,MOPS_SINGLE_ELIGIBLE_FILING,f2fab321b3cf2e3f71cf76b367696b4d1b8c72817a1c1f3b66b09341d6b1581e
2882,2017-06-30,2017,2,2017-08-31,2017-08-31T13:52:37+08:00,2017-08-31,2017-08-31,2017-09-01,MOPS_EXACT,official_timestamp_second_precision,CONSOLIDATED,201702_2882_AI1.pdf,TWSE_MOPS_T57SB01_OFFICIAL_DOCUMENT_UPLOAD,5759cc2056e8176d1be648111831769e7efa84066351d1ecbb641abc1d2e5f73,def8b2b26c8400502b21f87ee2f906b8ccb760a3d022f6a11fabb474cd94605f,EXACT_MATCH,MOPS_SINGLE_ELIGIBLE_FILING,e09051d548347f541cf1f2b7fefe4950c4267ecf30303165bdcd364b2295bc4d
2882,2017-09-30,2017,3,2017-11-29,2017-11-29T14:17:15+08:00,2017-11-29,2017-11-29,2017-11-30,MOPS_EXACT,official_timestamp_second_precision,CONSOLIDATED,201703_2882_AI1.pdf,TWSE_MOPS_T57SB01_OFFICIAL_DOCUMENT_UPLOAD,5759cc2056e8176d1be648111831769e7efa84066351d1ecbb641abc1d2e5f73,2dd11ec3b58cde66303de02b22af02aef64d6b346fc8672645925d1102b03e8e,EXACT_MATCH,MOPS_SINGLE_ELIGIBLE_FILING,1f1b8422f9145a8c1800314e725740afd48d4211dc876f5ce03ef772f8653471
2882,2017-12-31,2017,4,2018-03-31,2018-03-31T14:14:53+08:00,2018-03-31,2018-03-31,2018-04-02,MOPS_EXACT,official_timestamp_second_precision,CONSOLIDATED,201704_2882_AI1.pdf,TWSE_MOPS_T57SB01_OFFICIAL_DOCUMENT_UPLOAD,5759cc2056e8176d1be648111831769e7efa84066351d1ecbb641abc1d2e5f73,7039d38b5c722fe64668717d92cbd4ed9b5c861ed57126f472fe4066150fd023,EXACT_MATCH,MOPS_SINGLE_ELIGIBLE_FILING,677a7e5344fa8e1962c769d72c0d1fb85c886ce19e0e27bf071a06eeea5fe7d3
2882,2018-03-31,2018,1,2018-05-30,2018-05-30T14:29:11+08:00,2018-05-30,2018-05-30,2018-05-31,MOPS_EXACT,official_timestamp_second_precision,CONSOLIDATED,201801_2882_AI1.pdf,TWSE_MOPS_T57SB01_OFFICIAL_DOCUMENT_UPLOAD,5759cc2056e8176d1be648111831769e7efa84066351d1ecbb641abc1d2e5f73,346753c1a18eddec9297f2cd3dd7ef972a4842420a9b3a4a2b82ad4d23b523c6,EXACT_MATCH,MOPS_SINGLE_ELIGIBLE_FILING,bebbd8f7da8288dece681c83898c41524861349b62c615d9e76c2bf552b0c49b
2882,2018-06-30,2018,2,2018-08-31,2018-08-31T14:10:18+08:00,2018-08-31,2018-08-31,2018-09-03,MOPS_EXACT,official_timestamp_second_precision,CONSOLIDATED,201802_2882_AI1.pdf,TWSE_MOPS_T57SB01_OFFICIAL_DOCUMENT_UPLOAD,5759cc2056e8176d1be648111831769e7efa84066351d1ecbb641abc1d2e5f73,d209a50a4422a101184c12035b35064e23fac740ecbd953dfeed87884520d0a5,EXACT_MATCH,MOPS_SINGLE_ELIGIBLE_FILING,d3fe451dc75b3c73c9ba49fc91fa25c4397dc2305b553fbff5289e548a1a0ca8
2882,2018-09-30,2018,3,2018-11-29,2018-11-29T14:17:15+08:00,2018-11-29,2018-11-29,2018-11-30,MOPS_EXACT,official_timestamp_second_precision,CONSOLIDATED,201803_2882_AI1.pdf,TWSE_MOPS_T57SB01_OFFICIAL_DOCUMENT_UPLOAD,5759cc2056e8176d1be648111831769e7efa84066351d1ecbb641abc1d2e5f73,9388e4a25f10a4697a79c684f96f5cf03c38a65d49e9cc2bfbb65ace7f4fc580,EXACT_MATCH,MOPS_SINGLE_ELIGIBLE_FILING,c0be748d640c233d3874eed51687f4903081ca28e8e3ff44cc30eeb5a3d7c34e
2882,2018-12-31,2018,4,2019-04-01,2019-04-01T14:24:51+08:00,2019-04-01,2019-04-01,2019-04-02,MOPS_EXACT,official_timestamp_second_precision,CONSOLIDATED,201804_2882_AI1.pdf,TWSE_MOPS_T57SB01_OFFICIAL_DOCUMENT_UPLOAD,5759cc2056e8176d1be648111831769e7efa84066351d1ecbb641abc1d2e5f73,80e6a29e00ba5510dde7ac9e873078b3e3a5662403517be08c2a0ff7107cca15,EXACT_MATCH,MOPS_SINGLE_ELIGIBLE_FILING,a06ed75026469fac5042b43c4cabfaad0772f4471730a2910fb133d9b8f52228
2882,2019-03-31,2019,1,2019-05-30,2019-05-30T14:43:02+08:00,2019-05-30,2019-05-30,2019-05-31,MOPS_EXACT,official_timestamp_second_precision,CONSOLIDATED,201901_2882_AI1.pdf,TWSE_MOPS_T57SB01_OFFICIAL_DOCUMENT_UPLOAD,5759cc2056e8176d1be648111831769e7efa84066351d1ecbb641abc1d2e5f73,446bd9b66203d3ff6006e68ab93d5c6ae110493332b2951ad48d8cb23ab020ce,EXACT_MATCH,MOPS_SINGLE_ELIGIBLE_FILING,ae391443af37588118d169c042d707ded3260af6080658b8020b576adc26305d
2882,2019-06-30,2019,2,2019-09-02,2019-09-02T14:00:19+08:00,2019-09-02,2019-09-02,2019-09-03,MOPS_EXACT,official_timestamp_second_precision,CONSOLIDATED,201902_2882_AI1.pdf,TWSE_MOPS_T57SB01_OFFICIAL_DOCUMENT_UPLOAD,5759cc2056e8176d1be648111831769e7efa84066351d1ecbb641abc1d2e5f73,82445f668bec5ed87dd79dcf0f057f19d7c1b8ac9c24f492e9c775556bcd30bf,EXACT_MATCH,MOPS_SINGLE_ELIGIBLE_FILING,b6401803cc5c0889103ac29337a1b6fb53eb85ab0c81dbaec11c18fff1129115
2882,2019-09-30,2019,3,2019-11-29,2019-11-29T13:56:46+08:00,2019-11-29,2019-11-29,2019-12-02,MOPS_EXACT,official_timestamp_second_precision,CONSOLIDATED,201903_2882_AI1.pdf,TWSE_MOPS_T57SB01_OFFICIAL_DOCUMENT_UPLOAD,5759cc2056e8176d1be648111831769e7efa84066351d1ecbb641abc1d2e5f73,eb351486fee82d3886febded0df756d62b317b687cec9970ff7a19db1b4c374b,EXACT_MATCH,MOPS_SINGLE_ELIGIBLE_FILING,af61525559671823910e64dafc70ba3e962f5bd21603d0d89c2f5f294ed26506
2882,2019-12-31,2019,4,2020-03-31,2020-03-31T15:18:10+08:00,2020-03-31,2020-03-31,2020-04-01,MOPS_EXACT,official_timestamp_second_precision,CONSOLIDATED,201904_2882_AI1.pdf,TWSE_MOPS_T57SB01_OFFICIAL_DOCUMENT_UPLOAD,5759cc2056e8176d1be648111831769e7efa84066351d1ecbb641abc1d2e5f73,ec57766885343d392210456782a9bf507972c43004819376d4486fe3586266cd,EXACT_MATCH,MOPS_SINGLE_ELIGIBLE_FILING,9ad3be297a1e68bd2110b28ed65110ef1bc43ebd7df82f36088870a7ce3340db
2882,2020-03-31,2020,1,2020-06-01,2020-06-01T14:01:28+08:00,2020-06-01,2020-06-01,2020-06-02,MOPS_EXACT,official_timestamp_second_precision,CONSOLIDATED,202001_2882_AI1.pdf,TWSE_MOPS_T57SB01_OFFICIAL_DOCUMENT_UPLOAD,5759cc2056e8176d1be648111831769e7efa84066351d1ecbb641abc1d2e5f73,7cf4a1649a76fb5b9962fc4e31280793a4ed354ecf81d18ec70bb37059baa8ad,EXACT_MATCH,MOPS_SINGLE_ELIGIBLE_FILING,24a9ee947ee2a5f811a557f690b7200ca18c7dfc605d0f2750959d76cde9e79f
2882,2020-06-30,2020,2,2020-08-31,2020-08-31T14:09:16+08:00,2020-08-31,2020-08-31,2020-09-01,MOPS_EXACT,official_timestamp_second_precision,CONSOLIDATED,202002_2882_AI1.pdf,TWSE_MOPS_T57SB01_OFFICIAL_DOCUMENT_UPLOAD,5759cc2056e8176d1be648111831769e7efa84066351d1ecbb641abc1d2e5f73,b3d8e252d5f178800d3acd7605e01049661b7e5f8951bfb6eddc6322ab6f31b2,EXACT_MATCH,MOPS_SINGLE_ELIGIBLE_FILING,dc8fa600acce1e4ee616341460e1c0cff4295e1f6c023bc66ff2191dc995eda5
2882,2020-09-30,2020,3,2020-11-27,2020-11-27T13:58:22+08:00,2020-11-27,2020-11-27,2020-11-30,MOPS_EXACT,official_timestamp_second_precision,CONSOLIDATED,202003_2882_AI1.pdf,TWSE_MOPS_T57SB01_OFFICIAL_DOCUMENT_UPLOAD,5759cc2056e8176d1be648111831769e7efa84066351d1ecbb641abc1d2e5f73,3258a9012ed1498cca1e4970bf355ddec47e98723da42fdf33484f22304d4b84,EXACT_MATCH,MOPS_SINGLE_ELIGIBLE_FILING,86b80aa31561973fcd6ee04413de72de9d92bfdc0cc28c850c0c6edf6cd026f8
2882,2020-12-31,2020,4,2021-03-31,2021-03-31T13:52:37+08:00,2021-03-31,2021-03-31,2021-04-01,MOPS_EXACT,official_timestamp_second_precision,CONSOLIDATED,202004_2882_AI1.pdf,TWSE_MOPS_T57SB01_OFFICIAL_DOCUMENT_UPLOAD,5759cc2056e8176d1be648111831769e7efa84066351d1ecbb641abc1d2e5f73,77c641be147eee7aaeacdf3b0fadc8d4ecfb0c2f36cb2962672b7fd0649d2bad,EXACT_MATCH,MOPS_SINGLE_ELIGIBLE_FILING,ddc00e79b5186253bb65dccfc4d6675f4e033e1e6cccfcde91c0dbd4a30fd56b
2882,2021-03-31,2021,1,2021-05-28,2021-05-28T13:59:23+08:00,2021-05-28,2021-05-28,2021-05-31,MOPS_EXACT,official_timestamp_second_precision,CONSOLIDATED,202101_2882_AI1.pdf,TWSE_MOPS_T57SB01_OFFICIAL_DOCUMENT_UPLOAD,5759cc2056e8176d1be648111831769e7efa84066351d1ecbb641abc1d2e5f73,76f501948c222f4ddd67b3a810425bb6bcd88d59b2bf7b01b7896f8467f41c7e,EXACT_MATCH,MOPS_SINGLE_ELIGIBLE_FILING,9ce8b1f364442299dbe029b82256c370ef528206f755bbc52d9af7151dde33b5
2882,2021-06-30,2021,2,2021-08-31,2021-08-31T13:57:58+08:00,2021-08-31,2021-08-31,2021-09-01,MOPS_EXACT,official_timestamp_second_precision,CONSOLIDATED,202102_2882_AI1.pdf,TWSE_MOPS_T57SB01_OFFICIAL_DOCUMENT_UPLOAD,5759cc2056e8176d1be648111831769e7efa84066351d1ecbb641abc1d2e5f73,b2f374f8686a71fe797515368ab7d01ca19274e29930887525de404ee9d42730,EXACT_MATCH,MOPS_SINGLE_ELIGIBLE_FILING,086c7f33a643bc15699472ef6729c916a5b8346d09bcfb684933198aaecd64c9
2882,2021-09-30,2021,3,2021-11-29,2021-11-29T13:59:12+08:00,2021-11-29,2021-11-29,2021-11-30,MOPS_EXACT,official_timestamp_second_precision,CONSOLIDATED,202103_2882_AI1.pdf,TWSE_MOPS_T57SB01_OFFICIAL_DOCUMENT_UPLOAD,5759cc2056e8176d1be648111831769e7efa84066351d1ecbb641abc1d2e5f73,667821e49f471fc7cd0c6534e303f5d9aa837dee59f5c6c044dd0014b965ac49,EXACT_MATCH,MOPS_SINGLE_ELIGIBLE_FILING,dcde260166e53926641d4322b594664a7db03e7834b76d05860e065f866bb4ed
2882,2021-12-31,2021,4,2022-03-31,2022-03-31T14:08:00+08:00,2022-03-31,2022-03-31,2022-04-01,MOPS_EXACT,official_timestamp_second_precision,CONSOLIDATED,202104_2882_AI1.pdf,TWSE_MOPS_T57SB01_OFFICIAL_DOCUMENT_UPLOAD,5759cc2056e8176d1be648111831769e7efa84066351d1ecbb641abc1d2e5f73,ebdeae76e7c04f7d6d80c82b509774c0129268682dffa4ea0b2c23566c2e635d,EXACT_MATCH,MOPS_SINGLE_ELIGIBLE_FILING,12ef4c166345888476aa423c034fe56db79a9e153b6669a4c6c2d626a111970d
2882,2022-03-31,2022,1,2022-05-27,2022-05-27T14:04:18+08:00,2022-05-27,2022-05-27,2022-05-30,MOPS_EXACT,official_timestamp_second_precision,CONSOLIDATED,202201_2882_AI1.pdf,TWSE_MOPS_T57SB01_OFFICIAL_DOCUMENT_UPLOAD,5759cc2056e8176d1be648111831769e7efa84066351d1ecbb641abc1d2e5f73,c0c5d3817427b4aa913ae6ab6f5a675e6cfa0980c3e1b261fadba9f63b415f2f,EXACT_MATCH,MOPS_SINGLE_ELIGIBLE_FILING,c8fe449cbffa99ad40eb8a802fd8e8976ca0340977e7bcb0face24be779a8dc4
2882,2022-06-30,2022,2,2022-08-31,2022-08-31T14:07:01+08:00,2022-08-31,2022-08-31,2022-09-01,MOPS_EXACT,official_timestamp_second_precision,CONSOLIDATED,202202_2882_AI1.pdf,TWSE_MOPS_T57SB01_OFFICIAL_DOCUMENT_UPLOAD,5759cc2056e8176d1be648111831769e7efa84066351d1ecbb641abc1d2e5f73,a9ea84306467e15b3998bf3e174305ad205153317059f120776082c42ace6529,EXACT_MATCH,MOPS_SINGLE_ELIGIBLE_FILING,2737200c314ca38a13c9052f51316377d1af45eb642c968bfc615955a917ba93
2882,2022-09-30,2022,3,2022-11-29,2022-11-29T13:43:29+08:00,2022-11-29,2022-11-29,2022-11-30,MOPS_EXACT,official_timestamp_second_precision,CONSOLIDATED,202203_2882_AI1.pdf,TWSE_MOPS_T57SB01_OFFICIAL_DOCUMENT_UPLOAD,5759cc2056e8176d1be648111831769e7efa84066351d1ecbb641abc1d2e5f73,c965558cf99b9fed6400f8a9c331b51640bed68b502588cbb39178bcd7232b7f,EXACT_MATCH,MOPS_SINGLE_ELIGIBLE_FILING,337c7793352729f21e3a82fa8bfcb9e9a8aef9fdfcb5ad9d733139886f85025e
2882,2022-12-31,2022,4,2023-03-16,2023-03-16T13:43:06+08:00,2023-03-16,2023-03-16,2023-03-17,MOPS_EXACT,official_timestamp_second_precision,CONSOLIDATED,202204_2882_AI1.pdf,TWSE_MOPS_T57SB01_OFFICIAL_DOCUMENT_UPLOAD,5759cc2056e8176d1be648111831769e7efa84066351d1ecbb641abc1d2e5f73,461f04d40b494081b57077208765b62a210d956db0579d3ca4108b79b390ab51,EXACT_MATCH,MOPS_SINGLE_ELIGIBLE_FILING,213ef94fa6f310e0b4637872dcf9ee42b23c1efe596e6b61e254a4995cdd3e4e
2882,2023-03-31,2023,1,2023-05-30,2023-05-30T13:32:25+08:00,2023-05-30,2023-05-30,2023-05-31,MOPS_EXACT,official_timestamp_second_precision,CONSOLIDATED,202301_2882_AI1.pdf,TWSE_MOPS_T57SB01_OFFICIAL_DOCUMENT_UPLOAD,5759cc2056e8176d1be648111831769e7efa84066351d1ecbb641abc1d2e5f73,7436950c612ae30bc529570d9bcc5ae0451d9102fab818f66baa18b15c1ea8f1,EXACT_MATCH,MOPS_SINGLE_ELIGIBLE_FILING,b4dceea81fb35f63fd11b7f5e835830121b11fc92dbc792dc722f5dae9969235
2882,2023-06-30,2023,2,2023-08-31,2023-08-31T14:10:07+08:00,2023-08-31,2023-08-31,2023-09-01,MOPS_EXACT,official_timestamp_second_precision,CONSOLIDATED,202302_2882_AI1.pdf,TWSE_MOPS_T57SB01_OFFICIAL_DOCUMENT_UPLOAD,5759cc2056e8176d1be648111831769e7efa84066351d1ecbb641abc1d2e5f73,08572a97595f4ee4e770f36abce0c0d406dfe7b3dcec7be544987ba546c108e6,EXACT_MATCH,MOPS_SINGLE_ELIGIBLE_FILING,949b200c87f352c850bf44be565c37636a67cb17d9e430a1eef0d2c47dace0ab
2882,2023-09-30,2023,3,2023-11-29,2023-11-29T14:02:14+08:00,2023-11-29,2023-11-29,2023-11-30,MOPS_EXACT,official_timestamp_second_precision,CONSOLIDATED,202303_2882_AI1.pdf,TWSE_MOPS_T57SB01_OFFICIAL_DOCUMENT_UPLOAD,5759cc2056e8176d1be648111831769e7efa84066351d1ecbb641abc1d2e5f73,3a170c2e6e91959a1830822076891c3a0bc57d5b7c87148fcca1754d71ffb339,EXACT_MATCH,MOPS_SINGLE_ELIGIBLE_FILING,6fa4a2dc77fc5a5e29f6e59543b3652b097639ac2bbb6cdccec9cf31a2630176
2882,2023-12-31,2023,4,2024-03-15,2024-03-15T17:07:45+08:00,2024-03-15,2024-03-15,2024-03-18,MOPS_EXACT,official_timestamp_second_precision,CONSOLIDATED,202304_2882_AI1.pdf,TWSE_MOPS_T57SB01_OFFICIAL_DOCUMENT_UPLOAD,5759cc2056e8176d1be648111831769e7efa84066351d1ecbb641abc1d2e5f73,a4ed0bccbec082fc5b0bb6eaddc323dbc22d34ecf36974d9410ea84501ad009f,EXACT_MATCH,MOPS_SINGLE_ELIGIBLE_FILING,96e65cb1787bed2669c4338791174b7ed7edb2fa4357d357e4b168ddd3713b5d
2882,2024-03-31,2024,1,2024-05-30,2024-05-30T13:47:42+08:00,2024-05-30,2024-05-30,2024-05-31,MOPS_EXACT,official_timestamp_second_precision,CONSOLIDATED,202401_2882_AI1.pdf,TWSE_MOPS_T57SB01_OFFICIAL_DOCUMENT_UPLOAD,5759cc2056e8176d1be648111831769e7efa84066351d1ecbb641abc1d2e5f73,19f9b59c6c89c403d134da9630545797dcda373610a542566d23acbf694c8b07,EXACT_MATCH,MOPS_SINGLE_ELIGIBLE_FILING,86b7576c82bcf811f6e9bb75d3128df7da30e946cf20ab22b53a75aa783481e8
2882,2024-06-30,2024,2,2024-08-30,2024-08-30T13:34:59+08:00,2024-08-30,2024-08-30,2024-09-02,MOPS_EXACT,official_timestamp_second_precision,CONSOLIDATED,202402_2882_AI1.pdf,TWSE_MOPS_T57SB01_OFFICIAL_DOCUMENT_UPLOAD,5759cc2056e8176d1be648111831769e7efa84066351d1ecbb641abc1d2e5f73,05cbdc85f4d75d92a0a601750deec3f68c7e80a8c4cd737b22733cd6ac0a06eb,EXACT_MATCH,MOPS_SINGLE_ELIGIBLE_FILING,046de954a3233df54fb6ef5777ed0ed8cf39b5844acebc3a25332721618e357f
2882,2024-09-30,2024,3,2024-11-29,2024-11-29T13:46:42+08:00,2024-11-29,2024-11-29,2024-12-02,MOPS_EXACT,official_timestamp_second_precision,CONSOLIDATED,202403_2882_AI1.pdf,TWSE_MOPS_T57SB01_OFFICIAL_DOCUMENT_UPLOAD,5759cc2056e8176d1be648111831769e7efa84066351d1ecbb641abc1d2e5f73,fa9dfa9ad76ac4b7cc41427d5e957124ab645be1038a4cd8f008e3d8969aa556,EXACT_MATCH,MOPS_SINGLE_ELIGIBLE_FILING,ae4ee084f78a8e28949c0426ac5e676a067c8332fae95f217ccfc98ec3aeee91
2882,2024-12-31,2024,4,2025-03-17,2025-03-17T13:46:53+08:00,2025-03-17,2025-03-17,2025-03-18,MOPS_EXACT,official_timestamp_second_precision,CONSOLIDATED,202404_2882_AI1.pdf,TWSE_MOPS_T57SB01_OFFICIAL_DOCUMENT_UPLOAD,5759cc2056e8176d1be648111831769e7efa84066351d1ecbb641abc1d2e5f73,08b277d775b31b22e0bb0b03e23882b5095ca77df2f51827f4d898c67d50087a,EXACT_MATCH,MOPS_SINGLE_ELIGIBLE_FILING,4ce7c933f910b80595239e884bdd6f7cd612bf1f39ecbc43b244e5ae73849035
2882,2025-03-31,2025,1,2025-06-02,2025-06-02T13:44:19+08:00,2025-06-02,2025-06-02,2025-06-03,MOPS_EXACT,official_timestamp_second_precision,CONSOLIDATED,202501_2882_AI1.pdf,TWSE_MOPS_T57SB01_OFFICIAL_DOCUMENT_UPLOAD,5759cc2056e8176d1be648111831769e7efa84066351d1ecbb641abc1d2e5f73,ca9f4b7f66ade9ff55b12831237966063ed6644bc324b060ca7fbb77f9ea4e44,EXACT_MATCH,MOPS_SINGLE_ELIGIBLE_FILING,56fcc610aa1d2565070b18206f20b13b9f159809645f7dc26685a0fbd1978494
2882,2025-06-30,2025,2,2025-08-29,2025-08-29T13:31:34+08:00,2025-08-29,2025-08-29,2025-09-01,MOPS_EXACT,official_timestamp_second_precision,CONSOLIDATED,202502_2882_AI1.pdf,TWSE_MOPS_T57SB01_OFFICIAL_DOCUMENT_UPLOAD,5759cc2056e8176d1be648111831769e7efa84066351d1ecbb641abc1d2e5f73,b2998604f90bfa6ac54dcf54996c2fc2019e73b70478517a2873bd7415643d6f,EXACT_MATCH,MOPS_SINGLE_ELIGIBLE_FILING,8b57b33907bbb23618973663e317ee7fb74985ce6e71740f48dbcffeef5459bc
2882,2025-09-30,2025,3,2025-12-01,2025-12-01T13:48:31+08:00,2025-12-01,2025-12-01,2025-12-02,MOPS_EXACT,official_timestamp_second_precision,CONSOLIDATED,202503_2882_AI1.pdf,TWSE_MOPS_T57SB01_OFFICIAL_DOCUMENT_UPLOAD,5759cc2056e8176d1be648111831769e7efa84066351d1ecbb641abc1d2e5f73,1931e21dc76a7298def8e40e7bb43784d3cb4eedc4de1e0ae0b6aefa92eaae66,EXACT_MATCH,MOPS_SINGLE_ELIGIBLE_FILING,aedef43224cb494f2f95bb99f60f96bdeec68ebc7bf72c55b8e69134f5b6adc6
2882,2025-12-31,2025,4,2026-03-16,2026-03-16T15:43:58+08:00,2026-03-16,2026-03-16,2026-03-17,MOPS_EXACT,official_timestamp_second_precision,CONSOLIDATED,202504_2882_AI1.pdf,TWSE_MOPS_T57SB01_OFFICIAL_DOCUMENT_UPLOAD,5759cc2056e8176d1be648111831769e7efa84066351d1ecbb641abc1d2e5f73,54a421d60670628a3e0e28547b5f8d82b4b1973110caec7a35507ec696e9a83f,EXACT_MATCH,MOPS_SINGLE_ELIGIBLE_FILING,ef8288289a9d9c9eaeda5455edf9734270a8fa9e0ba7b438c673efcfb0e588fc
2882,2026-03-31,2026,1,2026-06-01,2026-06-01T13:10:01+08:00,2026-06-01,2026-06-01,2026-06-02,MOPS_EXACT,official_timestamp_second_precision,CONSOLIDATED,202601_2882_AI1.pdf,TWSE_MOPS_T57SB01_OFFICIAL_DOCUMENT_UPLOAD,5759cc2056e8176d1be648111831769e7efa84066351d1ecbb641abc1d2e5f73,1dbb7df475649e4a13faa405b4dc2a9521e743e14399acc490bcd1c67b21486c,EXACT_MATCH,MOPS_SINGLE_ELIGIBLE_FILING,334dc8b65e6123f954e297f1dccca4aa08bc4ee461670b98e1b3303664fb3c37
2882,2026-06-30,2026,2,2026-08-31,2026-08-31T14:07:55+08:00,2026-08-31,2026-08-31,2026-09-01,MOPS_EXACT,official_timestamp_second_precision,CONSOLIDATED,202602_2882_AI1.pdf,TWSE_MOPS_T57SB01_OFFICIAL_DOCUMENT_UPLOAD,5759cc2056e8176d1be648111831769e7efa84066351d1ecbb641abc1d2e5f73,54e8132d4e2bb4b577541515a23cc61e33e3c7159b11ea869f7e33ef51fc6242,EXACT_MATCH,MOPS_SINGLE_ELIGIBLE_FILING,144162c2ea3475a4a918a3c44895c5db8dab30bf6bd27a20f6ffe610594126b4
2883,2016-03-31,2016,1,2016-05-30,2016-05-30T16:00:31+08:00,2016-05-30,2016-05-30,2016-05-31,MOPS_EXACT,official_timestamp_second_precision,CONSOLIDATED,201601_2883_AI1.pdf,TWSE_MOPS_T57SB01_OFFICIAL_DOCUMENT_UPLOAD,5b2847e58e26e3e01928fff1b0296f61b678ab48e87125395da9b489827857d6,91f96fe7452912f64e14386b3ae3f8fa41aca96b29dd8833fad0a2157ead516e,EXACT_MATCH,MOPS_SINGLE_ELIGIBLE_FILING,0b4b403c2e438f62b647c29b61e34788ab62876c8f8473e33f4781c74d19d3d1
2883,2016-06-30,2016,2,2016-08-31,2016-08-31T13:42:42+08:00,2016-08-31,2016-08-31,2016-09-01,MOPS_EXACT,official_timestamp_second_precision,CONSOLIDATED,201602_2883_AI1.pdf,TWSE_MOPS_T57SB01_OFFICIAL_DOCUMENT_UPLOAD,5b2847e58e26e3e01928fff1b0296f61b678ab48e87125395da9b489827857d6,ca53857540cbce232c15ce69d601f190de8adc214c3dff6858e961259911c3e7,EXACT_MATCH,MOPS_SINGLE_ELIGIBLE_FILING,d436520175f5f18807313f5a4026575c3b70d6b919fd816abd74ca5c45368c33
2883,2016-09-30,2016,3,2016-11-22,2016-11-22T09:14:28+08:00,2016-11-22,2016-11-22,2016-11-23,MOPS_EXACT,official_timestamp_second_precision,CONSOLIDATED,201603_2883_AI1.pdf,TWSE_MOPS_T57SB01_OFFICIAL_DOCUMENT_UPLOAD,5b2847e58e26e3e01928fff1b0296f61b678ab48e87125395da9b489827857d6,ef8ceed7887fb688de81da3696ca6b3cb5191c84b0631b79e3841e15a5bfb651,EXACT_MATCH,MOPS_SINGLE_ELIGIBLE_FILING,3dc42d8c1498c6f54f6e5995a3aa938bcaa2adb1ee1dcf4c21deb6efe2ae9425
2883,2016-12-31,2016,4,2017-03-31,2017-03-31T13:37:22+08:00,2017-03-31,2017-03-31,2017-04-05,MOPS_EXACT,official_timestamp_second_precision,CONSOLIDATED,201604_2883_AI1.pdf,TWSE_MOPS_T57SB01_OFFICIAL_DOCUMENT_UPLOAD,5b2847e58e26e3e01928fff1b0296f61b678ab48e87125395da9b489827857d6,7bffba89367ace92b89ef29127e10b1d4346cb6b16103367f39b045603ebd361,EXACT_MATCH,MOPS_SINGLE_ELIGIBLE_FILING,ee8f3056897cfcf744af297bf8ac3db26225124aef33e4ba1ca483cc2a75c080
2883,2017-03-31,2017,1,2017-05-26,2017-05-26T13:56:55+08:00,2017-05-26,2017-05-26,2017-05-31,MOPS_EXACT,official_timestamp_second_precision,CONSOLIDATED,201701_2883_AI1.pdf,TWSE_MOPS_T57SB01_OFFICIAL_DOCUMENT_UPLOAD,5b2847e58e26e3e01928fff1b0296f61b678ab48e87125395da9b489827857d6,19a2e86df770d55c2334f09744731a3c083b82de8894dcdd47d23d09461b5802,EXACT_MATCH,MOPS_SINGLE_ELIGIBLE_FILING,39b97e4ad394cb377aefdcd185d28be98c312b3bf11ee46985a500728a7f2fab
2883,2017-06-30,2017,2,2017-08-31,2017-08-31T13:32:50+08:00,2017-08-31,2017-08-31,2017-09-01,MOPS_EXACT,official_timestamp_second_precision,CONSOLIDATED,201702_2883_AI1.pdf,TWSE_MOPS_T57SB01_OFFICIAL_DOCUMENT_UPLOAD,5b2847e58e26e3e01928fff1b0296f61b678ab48e87125395da9b489827857d6,12cf388be1cdf7d9e839b8bab9a0e14bb903e891a8033e4cc7070d8268e52f51,EXACT_MATCH,MOPS_SINGLE_ELIGIBLE_FILING,b348b295d5ec2619e915252a7edf4c90370eb9394bd7ed09e05f22bfc4acfaef
2883,2017-09-30,2017,3,2017-11-29,2017-11-29T13:30:08+08:00,2017-11-29,2017-11-29,2017-11-30,MOPS_EXACT,official_timestamp_second_precision,CONSOLIDATED,201703_2883_AI1.pdf,TWSE_MOPS_T57SB01_OFFICIAL_DOCUMENT_UPLOAD,5b2847e58e26e3e01928fff1b0296f61b678ab48e87125395da9b489827857d6,1a2b42e4bc581c36cfb6f33c13d06c248f19f27e76608e899db9e753a6bc2ca0,EXACT_MATCH,MOPS_SINGLE_ELIGIBLE_FILING,8fdaa3d958c0f371cb5f33c9099cd307f6f77cb91cc8232e33db15def7653873
2883,2017-12-31,2017,4,2018-03-31,2018-03-31T13:31:08+08:00,2018-03-31,2018-03-31,2018-04-02,MOPS_EXACT,official_timestamp_second_precision,CONSOLIDATED,201704_2883_AI1.pdf,TWSE_MOPS_T57SB01_OFFICIAL_DOCUMENT_UPLOAD,5b2847e58e26e3e01928fff1b0296f61b678ab48e87125395da9b489827857d6,dad89cdad784b0679294f2183b3f4fd7ea54fc0b618c930b9e0bff3488252dc8,EXACT_MATCH,MOPS_SINGLE_ELIGIBLE_FILING,83515cf717f5ab2e0d1ca194a5424bbf88aba6560ff50ddebfd880875cc53f84
2883,2018-03-31,2018,1,2018-05-30,2018-05-30T13:40:58+08:00,2018-05-30,2018-05-30,2018-05-31,MOPS_EXACT,official_timestamp_second_precision,CONSOLIDATED,201801_2883_AI1.pdf,TWSE_MOPS_T57SB01_OFFICIAL_DOCUMENT_UPLOAD,5b2847e58e26e3e01928fff1b0296f61b678ab48e87125395da9b489827857d6,80fa3b6e1d803f63014d89c4dc1d42aac4b2f8d58dfa50d1889cbc1137bf3e2b,EXACT_MATCH,MOPS_SINGLE_ELIGIBLE_FILING,4d53e8d0f6ece561df6a64ba7c60bb3fd0aee38538d460ef6247adfcea845fb2
2883,2018-06-30,2018,2,2018-08-31,2018-08-31T13:33:07+08:00,2018-08-31,2018-08-31,2018-09-03,MOPS_EXACT,official_timestamp_second_precision,CONSOLIDATED,201802_2883_AI1.pdf,TWSE_MOPS_T57SB01_OFFICIAL_DOCUMENT_UPLOAD,5b2847e58e26e3e01928fff1b0296f61b678ab48e87125395da9b489827857d6,2cf6adfd1a6ca1b15f93856ba7b788223d5e3a9d30737b56eb86d7883f49aab2,EXACT_MATCH,MOPS_SINGLE_ELIGIBLE_FILING,387d496a0495c8fc3fa07376ab5771ba231d1527c8093e05ac88500c59a429b5
2883,2018-09-30,2018,3,2018-11-29,2018-11-29T13:36:44+08:00,2018-11-29,2018-11-29,2018-11-30,MOPS_EXACT,official_timestamp_second_precision,CONSOLIDATED,201803_2883_AI1.pdf,TWSE_MOPS_T57SB01_OFFICIAL_DOCUMENT_UPLOAD,5b2847e58e26e3e01928fff1b0296f61b678ab48e87125395da9b489827857d6,689153d5ef8a464d57995f4a52ee5c0a463653d12c2f2d257fb6e8a195aa6b29,EXACT_MATCH,MOPS_SINGLE_ELIGIBLE_FILING,3f63d4a573cea051a4cdbd8ff3c424033da34e1785f15d5923efb4b85badf192
2883,2018-12-31,2018,4,2019-03-29,2019-03-29T16:03:18+08:00,2019-03-29,2019-03-29,2019-04-01,MOPS_EXACT,official_timestamp_second_precision,CONSOLIDATED,201804_2883_AI1.pdf,TWSE_MOPS_T57SB01_OFFICIAL_DOCUMENT_UPLOAD,5b2847e58e26e3e01928fff1b0296f61b678ab48e87125395da9b489827857d6,0dd1edaaa4e6c5ab84fb126d6b537dd74b6d6bfe7a53fd5f5e032c9e745f603d,EXACT_MATCH,MOPS_SINGLE_ELIGIBLE_FILING,ac74683c99314757acd18bd9564d523bdc5d2d6e6cb0056d7559358b0e6f079c
2883,2019-03-31,2019,1,2019-05-30,2019-05-30T13:42:50+08:00,2019-05-30,2019-05-30,2019-05-31,MOPS_EXACT,official_timestamp_second_precision,CONSOLIDATED,201901_2883_AI1.pdf,TWSE_MOPS_T57SB01_OFFICIAL_DOCUMENT_UPLOAD,5b2847e58e26e3e01928fff1b0296f61b678ab48e87125395da9b489827857d6,445767a917df50030cea6b11c8d8fe6fc240c6b1e3fe5fdab989883dfd5243d9,EXACT_MATCH,MOPS_SINGLE_ELIGIBLE_FILING,69b7210000049be9fb6867eabb39e7ec35a52f08d5ca4104298d1b100eb643df
2883,2019-06-30,2019,2,2019-08-30,2019-08-30T13:42:21+08:00,2019-08-30,2019-08-30,2019-09-02,MOPS_EXACT,official_timestamp_second_precision,CONSOLIDATED,201902_2883_AI1.pdf,TWSE_MOPS_T57SB01_OFFICIAL_DOCUMENT_UPLOAD,5b2847e58e26e3e01928fff1b0296f61b678ab48e87125395da9b489827857d6,6580133ec4b4fd4d1f1407c256c13c7bdcbca6e60c2b29e5e9eb47c347a692f9,EXACT_MATCH,MOPS_SINGLE_ELIGIBLE_FILING,83f068fb0dd6aea210a6ba451e8befaeb0bcdf6c05219be4c04ab9ac61ec66d5
2883,2019-09-30,2019,3,2019-11-28,2019-11-28T13:36:11+08:00,2019-11-28,2019-11-28,2019-11-29,MOPS_EXACT,official_timestamp_second_precision,CONSOLIDATED,201903_2883_AI1.pdf,TWSE_MOPS_T57SB01_OFFICIAL_DOCUMENT_UPLOAD,5b2847e58e26e3e01928fff1b0296f61b678ab48e87125395da9b489827857d6,1b92f63de8f403a55e930f200103d52124f6b7fd35eeb285d8f9e3e48b255d6c,EXACT_MATCH,MOPS_SINGLE_ELIGIBLE_FILING,b5a9abda0b356a5a567e38fd86e8fd3b9ee44af8bd6ee3d0597953f2eb5cf4b6
2883,2019-12-31,2019,4,2020-03-31,2020-03-31T13:33:26+08:00,2020-03-31,2020-03-31,2020-04-01,MOPS_EXACT,official_timestamp_second_precision,CONSOLIDATED,201904_2883_AI1.pdf,TWSE_MOPS_T57SB01_OFFICIAL_DOCUMENT_UPLOAD,5b2847e58e26e3e01928fff1b0296f61b678ab48e87125395da9b489827857d6,2d213268b2afad8d263fb7320cbd5382114335a58b9ff9941fa10d16f20fec34,EXACT_MATCH,MOPS_SINGLE_ELIGIBLE_FILING,02143d2113f0024cbbc7dc6856eae0629d33a26936623802a970445661d6bf43
2883,2020-03-31,2020,1,2020-05-29,2020-05-29T13:41:08+08:00,2020-05-29,2020-05-29,2020-06-01,MOPS_EXACT,official_timestamp_second_precision,CONSOLIDATED,202001_2883_AI1.pdf,TWSE_MOPS_T57SB01_OFFICIAL_DOCUMENT_UPLOAD,5b2847e58e26e3e01928fff1b0296f61b678ab48e87125395da9b489827857d6,f5e417a53cb2781d577c354bd9265805732546d5e1f916d807b58a679aa2a723,EXACT_MATCH,MOPS_SINGLE_ELIGIBLE_FILING,b4e238bbdec0674de565a89d0e8ba7864923f3fa248f3877d30a1b8fbbb4d3b2
2883,2020-06-30,2020,2,2020-08-31,2020-08-31T13:42:22+08:00,2020-08-31,2020-08-31,2020-09-01,MOPS_EXACT,official_timestamp_second_precision,CONSOLIDATED,202002_2883_AI1.pdf,TWSE_MOPS_T57SB01_OFFICIAL_DOCUMENT_UPLOAD,5b2847e58e26e3e01928fff1b0296f61b678ab48e87125395da9b489827857d6,0d1c5f03869c3d177481e8918cfc4390a98abcff444e53a07549ef86cb38da79,EXACT_MATCH,MOPS_SINGLE_ELIGIBLE_FILING,895efee20d6c8c6e529ae81fe7f5f0d7c6e8f537a2341d8267d49daa36f5bcfe
2883,2020-09-30,2020,3,2020-11-25,2020-11-25T14:00:53+08:00,2020-11-25,2020-11-25,2020-11-26,MOPS_EXACT,official_timestamp_second_precision,CONSOLIDATED,202003_2883_AI1.pdf,TWSE_MOPS_T57SB01_OFFICIAL_DOCUMENT_UPLOAD,5b2847e58e26e3e01928fff1b0296f61b678ab48e87125395da9b489827857d6,31855b59435cad42418f03bddfd0673ef213cec034a9a1348a4b44e7915eff91,EXACT_MATCH,MOPS_SINGLE_ELIGIBLE_FILING,db3fb3f412f805580abf1cec787e815325933f569dd99291fe3982be2500f2f7
2883,2020-12-31,2020,4,2021-03-23,2021-03-23T13:35:24+08:00,2021-03-23,2021-03-23,2021-03-24,MOPS_EXACT,official_timestamp_second_precision,CONSOLIDATED,202004_2883_AI1.pdf,TWSE_MOPS_T57SB01_OFFICIAL_DOCUMENT_UPLOAD,5b2847e58e26e3e01928fff1b0296f61b678ab48e87125395da9b489827857d6,62c0d8093d9de3965a880127dd280da6b3661d4e9f432627cf4ecbcad4082055,EXACT_MATCH,MOPS_SINGLE_ELIGIBLE_FILING,a02c3844060286f7578744db17ff0803d1ad3325f0154f8814e902fd6310ee37
2883,2021-03-31,2021,1,2021-05-21,2021-05-21T16:10:46+08:00,2021-05-21,2021-05-21,2021-05-24,MOPS_EXACT,official_timestamp_second_precision,CONSOLIDATED,202101_2883_AI1.pdf,TWSE_MOPS_T57SB01_OFFICIAL_DOCUMENT_UPLOAD,5b2847e58e26e3e01928fff1b0296f61b678ab48e87125395da9b489827857d6,e13b436dc9b49ce79efc77ce5213efc2a0e1fb10d2280806db61290108bb947d,EXACT_MATCH,MOPS_SINGLE_ELIGIBLE_FILING,f18aad511a075ce912d7c1b116a7c8b41a252758a8e43f16c32ddd2a1efd0fb4
2883,2021-06-30,2021,2,2021-08-24,2021-08-24T13:40:39+08:00,2021-08-24,2021-08-24,2021-08-25,MOPS_EXACT,official_timestamp_second_precision,CONSOLIDATED,202102_2883_AI1.pdf,TWSE_MOPS_T57SB01_OFFICIAL_DOCUMENT_UPLOAD,5b2847e58e26e3e01928fff1b0296f61b678ab48e87125395da9b489827857d6,d4d160c959c3384bbf5e093962c26c8d3218c0696f4d336b5dbd72764b5a3028,EXACT_MATCH,MOPS_SINGLE_ELIGIBLE_FILING,3c471ba7d9da2259cac18723f0d64f146bb3b95ba7b89ac547e58678eec5e8c8
2883,2021-09-30,2021,3,2021-11-19,2021-11-19T16:12:22+08:00,2021-11-19,2021-11-19,2021-11-22,MOPS_EXACT,official_timestamp_second_precision,CONSOLIDATED,202103_2883_AI1.pdf,TWSE_MOPS_T57SB01_OFFICIAL_DOCUMENT_UPLOAD,5b2847e58e26e3e01928fff1b0296f61b678ab48e87125395da9b489827857d6,9edd91b76ebd74bb0519fd3a8520f311954d9426665222f0586c40ec1d334c7b,EXACT_MATCH,MOPS_SINGLE_ELIGIBLE_FILING,a0d151eff12e70dcc699dd7991eba8949b941ddfd552fa73493b547988e6188d
2883,2021-12-31,2021,4,2022-03-15,2022-03-15T14:01:36+08:00,2022-03-15,2022-03-15,2022-03-16,MOPS_EXACT,official_timestamp_second_precision,CONSOLIDATED,202104_2883_AI1.pdf,TWSE_MOPS_T57SB01_OFFICIAL_DOCUMENT_UPLOAD,5b2847e58e26e3e01928fff1b0296f61b678ab48e87125395da9b489827857d6,e570ddac1d7c2dd3a1adf4e1b560a163572772a6d6f2d31006a5fdbf3dcd374c,EXACT_MATCH,MOPS_SINGLE_ELIGIBLE_FILING,bb612b784bb9db9e4915daebbb25f301269a9554671f12bd5c29309d4c2929b9
2883,2022-03-31,2022,1,2022-05-27,2022-05-27T13:43:10+08:00,2022-05-27,2022-05-27,2022-05-30,MOPS_EXACT,official_timestamp_second_precision,CONSOLIDATED,202201_2883_AI1.pdf,TWSE_MOPS_T57SB01_OFFICIAL_DOCUMENT_UPLOAD,5b2847e58e26e3e01928fff1b0296f61b678ab48e87125395da9b489827857d6,8d459e9e59f8b3691895bc3dccca1056fa1cae439e0aa9428f41e296974750da,EXACT_MATCH,MOPS_SINGLE_ELIGIBLE_FILING,a9d3059060f3299e3e2a20a2bf4c7bba1eebb6a568c8c22ecd12bb7fbb5852f8
2883,2022-06-30,2022,2,2022-08-25,2022-08-25T13:45:51+08:00,2022-08-25,2022-08-25,2022-08-26,MOPS_EXACT,official_timestamp_second_precision,CONSOLIDATED,202202_2883_AI1.pdf,TWSE_MOPS_T57SB01_OFFICIAL_DOCUMENT_UPLOAD,5b2847e58e26e3e01928fff1b0296f61b678ab48e87125395da9b489827857d6,ff17142a6bdd292c1e0853ff059c993f349d9dadc559b05d6b6d5c4cd52f30f8,EXACT_MATCH,MOPS_SINGLE_ELIGIBLE_FILING,0fdb254321c5a672fcbd8e3759b4ac27920e7a4b38b43f1e7c3272f6130bc31e
2883,2022-09-30,2022,3,2022-11-28,2022-11-28T17:11:13+08:00,2022-11-28,2022-11-28,2022-11-29,MOPS_EXACT,official_timestamp_second_precision,CONSOLIDATED,202203_2883_AI1.pdf,TWSE_MOPS_T57SB01_OFFICIAL_DOCUMENT_UPLOAD,5b2847e58e26e3e01928fff1b0296f61b678ab48e87125395da9b489827857d6,2a927faa0ef5bad45bf37085a3f4e796633c952621efd4495a7a5f01215fe9a3,EXACT_MATCH,MOPS_SINGLE_ELIGIBLE_FILING,600a528e07cba9bd5a70e987340f7215d1d8bee5b899d59c19d933b1a2a28367
2883,2022-12-31,2022,4,2023-02-21,2023-02-21T13:42:31+08:00,2023-02-21,2023-02-21,2023-02-22,MOPS_EXACT,official_timestamp_second_precision,CONSOLIDATED,202204_2883_AI1.pdf,TWSE_MOPS_T57SB01_OFFICIAL_DOCUMENT_UPLOAD,5b2847e58e26e3e01928fff1b0296f61b678ab48e87125395da9b489827857d6,36317f27db786e522206b849a3869c452c282df932b9e1476882fc408cb859d4,EXACT_MATCH,MOPS_SINGLE_ELIGIBLE_FILING,c718f7545389d9a5695c6da966e3696ec11373fc23fd0c55254da0597d02bca3
2883,2023-03-31,2023,1,2023-05-23,2023-05-23T13:56:34+08:00,2023-05-23,2023-05-23,2023-05-24,MOPS_EXACT,official_timestamp_second_precision,CONSOLIDATED,202301_2883_AI1.pdf,TWSE_MOPS_T57SB01_OFFICIAL_DOCUMENT_UPLOAD,5b2847e58e26e3e01928fff1b0296f61b678ab48e87125395da9b489827857d6,65ec5f11b1d5d249c4ed922e56da4b1771a2c6668ac5c1660eae74a64c298230,EXACT_MATCH,MOPS_SINGLE_ELIGIBLE_FILING,a5b08129e7ca3e7c7b8366fb5f1f6267337db5789211938f7a64bbcb4d9fd41d
2883,2023-06-30,2023,2,2023-08-22,2023-08-22T13:41:48+08:00,2023-08-22,2023-08-22,2023-08-23,MOPS_EXACT,official_timestamp_second_precision,CONSOLIDATED,202302_2883_AI1.pdf,TWSE_MOPS_T57SB01_OFFICIAL_DOCUMENT_UPLOAD,5b2847e58e26e3e01928fff1b0296f61b678ab48e87125395da9b489827857d6,a8e24737866f0cf412fdb91ddf12db32ea27cdb3b55ff3d1480d4c9eab0f666f,EXACT_MATCH,MOPS_SINGLE_ELIGIBLE_FILING,c1f024d8edf916737764c3051494c402193eaf1a48ba1872e0b79a34eae41a45
2883,2023-09-30,2023,3,2023-11-21,2023-11-21T13:36:26+08:00,2023-11-21,2023-11-21,2023-11-22,MOPS_EXACT,official_timestamp_second_precision,CONSOLIDATED,202303_2883_AI1.pdf,TWSE_MOPS_T57SB01_OFFICIAL_DOCUMENT_UPLOAD,5b2847e58e26e3e01928fff1b0296f61b678ab48e87125395da9b489827857d6,9261c8028fd47032dfee75dc3241dc6c898b158aabb6a31c0975bf61efef89bc,EXACT_MATCH,MOPS_SINGLE_ELIGIBLE_FILING,1b5fc63221b91a2d584492419b9230cde5d78ee3857f2ad2d65749043410f98d
2883,2023-12-31,2023,4,2024-03-12,2024-03-12T14:19:09+08:00,2024-03-12,2024-03-12,2024-03-13,MOPS_EXACT,official_timestamp_second_precision,CONSOLIDATED,202304_2883_AI1.pdf,TWSE_MOPS_T57SB01_OFFICIAL_DOCUMENT_UPLOAD,5b2847e58e26e3e01928fff1b0296f61b678ab48e87125395da9b489827857d6,46434ec8758045678b486a35354753f46eb3fe53b26eaecc221f5bc9ef97f557,EXACT_MATCH,MOPS_SINGLE_ELIGIBLE_FILING,60d9dbce41a6ee5a559b9d97d96a7ac6879f8f22b99f5d9b787779c596cfff2c
2883,2024-03-31,2024,1,2024-05-21,2024-05-21T14:03:57+08:00,2024-05-21,2024-05-21,2024-05-22,MOPS_EXACT,official_timestamp_second_precision,CONSOLIDATED,202401_2883_AI1.pdf,TWSE_MOPS_T57SB01_OFFICIAL_DOCUMENT_UPLOAD,5b2847e58e26e3e01928fff1b0296f61b678ab48e87125395da9b489827857d6,9c76f0572d518b16e5a474e5560424e91527b889dad4927c47f485d0d9b3426d,EXACT_MATCH,MOPS_SINGLE_ELIGIBLE_FILING,9b1696cfa061caa714fc1d834b48976b8ec22cbd545a7fe2846b79765340d962
2883,2024-06-30,2024,2,2024-08-26,2024-08-26T14:04:26+08:00,2024-08-26,2024-08-26,2024-08-27,MOPS_EXACT,official_timestamp_second_precision,CONSOLIDATED,202402_2883_AI1.pdf,TWSE_MOPS_T57SB01_OFFICIAL_DOCUMENT_UPLOAD,5b2847e58e26e3e01928fff1b0296f61b678ab48e87125395da9b489827857d6,ff24323bc622089de5c090832459451428b184d4d3d5297e21b18db259a6b639,EXACT_MATCH,MOPS_SINGLE_ELIGIBLE_FILING,714106db68231c7e0e371fc7575dab6e097f25676458595841394e533d73000c
2883,2024-09-30,2024,3,2024-11-25,2024-11-25T13:46:38+08:00,2024-11-25,2024-11-25,2024-11-26,MOPS_EXACT,official_timestamp_second_precision,CONSOLIDATED,202403_2883_AI1.pdf,TWSE_MOPS_T57SB01_OFFICIAL_DOCUMENT_UPLOAD,5b2847e58e26e3e01928fff1b0296f61b678ab48e87125395da9b489827857d6,0edc9c6dc97d24f57eb83d7fdd3b6778bbafddbbc8a4d586fa93f5efc2369d7b,EXACT_MATCH,MOPS_SINGLE_ELIGIBLE_FILING,5efa2002d72f84256d06dc03ebbb843b92760dea7edec232697541648494c390
2883,2024-12-31,2024,4,2025-03-11,2025-03-11T14:16:30+08:00,2025-03-11,2025-03-11,2025-03-12,MOPS_EXACT,official_timestamp_second_precision,CONSOLIDATED,202404_2883_AI1.pdf,TWSE_MOPS_T57SB01_OFFICIAL_DOCUMENT_UPLOAD,5b2847e58e26e3e01928fff1b0296f61b678ab48e87125395da9b489827857d6,280d014f208a60784c8e962b7a26f12e9e3b4435249421f62583a79ed755e1dd,EXACT_MATCH,MOPS_SINGLE_ELIGIBLE_FILING,1a9d5fbcb9fc2bc2b7fa0d25bec9698696c0f29beea50789f7ea220807337f86
2883,2025-03-31,2025,1,2025-05-23,2025-05-23T13:46:05+08:00,2025-05-23,2025-05-23,2025-05-26,MOPS_EXACT,official_timestamp_second_precision,CONSOLIDATED,202501_2883_AI1.pdf,TWSE_MOPS_T57SB01_OFFICIAL_DOCUMENT_UPLOAD,5b2847e58e26e3e01928fff1b0296f61b678ab48e87125395da9b489827857d6,3c417de9823da4b260b09240070cc0fd7c13a8b8066bd9397fa5236be420c42a,EXACT_MATCH,MOPS_SINGLE_ELIGIBLE_FILING,5921aa82ffa4e58bad6f82dd5827a518187ea0e071d8107bcc278739eab4f311
2883,2025-06-30,2025,2,2025-08-25,2025-08-25T14:04:49+08:00,2025-08-25,2025-08-25,2025-08-26,MOPS_EXACT,official_timestamp_second_precision,CONSOLIDATED,202502_2883_AI1.pdf,TWSE_MOPS_T57SB01_OFFICIAL_DOCUMENT_UPLOAD,5b2847e58e26e3e01928fff1b0296f61b678ab48e87125395da9b489827857d6,0d517e36b10f7fdd13f8c88ad6de7d3011466838754a108bf5924a2583a3aad3,EXACT_MATCH,MOPS_SINGLE_ELIGIBLE_FILING,b217187f7d25e9379012e42ecfc163c66b09838471884cfd6b345a03f94d8a2f
2883,2025-09-30,2025,3,2025-11-24,2025-11-24T14:01:54+08:00,2025-11-24,2025-11-24,2025-11-25,MOPS_EXACT,official_timestamp_second_precision,CONSOLIDATED,202503_2883_AI1.pdf,TWSE_MOPS_T57SB01_OFFICIAL_DOCUMENT_UPLOAD,5b2847e58e26e3e01928fff1b0296f61b678ab48e87125395da9b489827857d6,69b9f2ef4b88783647d562c60091bfcaf2e03b01f1d86eb99968e2ad48120bff,EXACT_MATCH,MOPS_SINGLE_ELIGIBLE_FILING,bebba42f49ae2859550f8a96f36b146bd3a2a65f55a04719b326c29a4feb7d32
2883,2025-12-31,2025,4,2026-03-14,2026-03-14T11:52:59+08:00,2026-03-14,2026-03-14,2026-03-16,MOPS_EXACT,official_timestamp_second_precision,CONSOLIDATED,202504_2883_AI1.pdf,TWSE_MOPS_T57SB01_OFFICIAL_DOCUMENT_UPLOAD,5b2847e58e26e3e01928fff1b0296f61b678ab48e87125395da9b489827857d6,77ae2caea9ec0a0ba3906d2e560941d6e5ede748a0528b498af08c57f4e75888,EXACT_MATCH,MOPS_SINGLE_ELIGIBLE_FILING,a789f43f63d77cb1eb6c4911da96e9439c7b49861762498f47dd4673216c39a6
2883,2026-03-31,2026,1,2026-05-27,2026-05-27T15:26:08+08:00,2026-05-27,2026-05-27,2026-05-28,MOPS_EXACT,official_timestamp_second_precision,CONSOLIDATED,202601_2883_AI1.pdf,TWSE_MOPS_T57SB01_OFFICIAL_DOCUMENT_UPLOAD,5b2847e58e26e3e01928fff1b0296f61b678ab48e87125395da9b489827857d6,48c649ab33c308c82fac16d02910563072dc7bfb558f0207ffe8712d7fc7439e,EXACT_MATCH,MOPS_SINGLE_ELIGIBLE_FILING,f8ee4954392b8aabb7755ea1747ec24ef6e23b324095e35f8cab9f7f024fbcf3
2883,2026-06-30,2026,2,2026-08-27,2026-08-27T16:17:53+08:00,2026-08-27,2026-08-27,2026-08-28,MOPS_EXACT,official_timestamp_second_precision,CONSOLIDATED,202602_2883_AI1.pdf,TWSE_MOPS_T57SB01_OFFICIAL_DOCUMENT_UPLOAD,5b2847e58e26e3e01928fff1b0296f61b678ab48e87125395da9b489827857d6,df270fa14c4e3e8a1bdb250b86c3b889a42f959bc2d4defadfc452e6cc4e44f2,EXACT_MATCH,MOPS_SINGLE_ELIGIBLE_FILING,b094cf539d4e5c26a1c6b45de972fd20208db9f334c76e9f875bde5b546eefbb
2884,2016-03-31,2016,1,2016-05-12,2016-05-12T10:03:43+08:00,2016-05-12,2016-05-12,2016-05-13,MOPS_EXACT,official_timestamp_second_precision,CONSOLIDATED,201601_2884_AI1.pdf,TWSE_MOPS_T57SB01_OFFICIAL_DOCUMENT_UPLOAD,15cf7b93b3841bae8da2390ed25fbf29eca0feab313b16755e5f8345f8b9d907,dc86a3360363b4dc577fae9438dd855fcbc4ce903545f57351256bc513bcbb5d,EXACT_MATCH,MOPS_SINGLE_ELIGIBLE_FILING,1f31390b21430baedd8cb1bbd42c7cc62c23b73f86c1e8b392603da425a4e780
2884,2016-06-30,2016,2,2016-08-24,2016-08-24T10:46:33+08:00,2016-08-24,2016-08-24,2016-08-25,MOPS_EXACT,official_timestamp_second_precision,CONSOLIDATED,201602_2884_AI1.pdf,TWSE_MOPS_T57SB01_OFFICIAL_DOCUMENT_UPLOAD,15cf7b93b3841bae8da2390ed25fbf29eca0feab313b16755e5f8345f8b9d907,2145dd7a3c7cbe12502ea404bb68459c4f602a83e5c4e85fa160f53a16468beb,EXACT_MATCH,MOPS_SINGLE_ELIGIBLE_FILING,25d752026199b7306b28e0ed331259b8548970d15ea67c82f65a5bfdae3968d6
2884,2016-09-30,2016,3,2016-11-14,2016-11-14T10:52:31+08:00,2016-11-14,2016-11-14,2016-11-15,MOPS_EXACT,official_timestamp_second_precision,CONSOLIDATED,201603_2884_AI1.pdf,TWSE_MOPS_T57SB01_OFFICIAL_DOCUMENT_UPLOAD,15cf7b93b3841bae8da2390ed25fbf29eca0feab313b16755e5f8345f8b9d907,a45296034ccab8e36577d641bf4138271f30277d33fb3b2e1dc96ceda9abd741,EXACT_MATCH,MOPS_SINGLE_ELIGIBLE_FILING,edbd2ba510e928bdc901ca83ace57f34435e654e00662e6274ef6817490f16d9
2884,2016-12-31,2016,4,2017-03-29,2017-03-29T18:33:12+08:00,2017-03-29,2017-03-29,2017-03-30,MOPS_EXACT,official_timestamp_second_precision,CONSOLIDATED,201604_2884_AI1.pdf,TWSE_MOPS_T57SB01_OFFICIAL_DOCUMENT_UPLOAD,15cf7b93b3841bae8da2390ed25fbf29eca0feab313b16755e5f8345f8b9d907,9217beb73864a17f6f57fad21a32fb1e39bc38e138355e3d02675743f0c40168,EXACT_MATCH,MOPS_SINGLE_ELIGIBLE_FILING,9ad6aa5ccc14fb485e5098a77e0a3182cb2b18a76ee609d8ecf0f085cda8d395
2884,2017-03-31,2017,1,2017-05-12,2017-05-12T13:11:48+08:00,2017-05-12,2017-05-12,2017-05-15,MOPS_EXACT,official_timestamp_second_precision,CONSOLIDATED,201701_2884_AI1.pdf,TWSE_MOPS_T57SB01_OFFICIAL_DOCUMENT_UPLOAD,15cf7b93b3841bae8da2390ed25fbf29eca0feab313b16755e5f8345f8b9d907,5cefe59353ca06ec527bcbbf65e76039a4faa8b910ffe111f8fc6a16ab65e508,EXACT_MATCH,MOPS_SINGLE_ELIGIBLE_FILING,56c1be1d8ed27578369cefe670f83254b00774fee2b531f3bd40785ad4420c7d
2884,2017-06-30,2017,2,2017-08-23,2017-08-23T16:22:57+08:00,2017-08-23,2017-08-23,2017-08-24,MOPS_EXACT,official_timestamp_second_precision,CONSOLIDATED,201702_2884_AI1.pdf,TWSE_MOPS_T57SB01_OFFICIAL_DOCUMENT_UPLOAD,15cf7b93b3841bae8da2390ed25fbf29eca0feab313b16755e5f8345f8b9d907,439213f55f2f66af4c100b6ca0fb34a1aa94f5f92b0c12d2407d92544af941ab,EXACT_MATCH,MOPS_SINGLE_ELIGIBLE_FILING,c07914bbf391493e05c8538c279709178a118eedf3b11ce1ed922842f39366fb
2884,2017-09-30,2017,3,2017-11-14,2017-11-14T10:14:48+08:00,2017-11-14,2017-11-14,2017-11-15,MOPS_EXACT,official_timestamp_second_precision,CONSOLIDATED,201703_2884_AI1.pdf,TWSE_MOPS_T57SB01_OFFICIAL_DOCUMENT_UPLOAD,15cf7b93b3841bae8da2390ed25fbf29eca0feab313b16755e5f8345f8b9d907,bd29d6b08459cf08c646fc11c3ff0ffab837776478c8eff08ac91ef1b35d2c37,EXACT_MATCH,MOPS_SINGLE_ELIGIBLE_FILING,bcc2d57487a146fa2c0e427ca0f4b42e7a3fa96d1f3b53ee0626b57b3fb0627b
2884,2017-12-31,2017,4,2018-03-23,2018-03-23T20:19:06+08:00,2018-03-23,2018-03-23,2018-03-26,MOPS_EXACT,official_timestamp_second_precision,CONSOLIDATED,201704_2884_AI1.pdf,TWSE_MOPS_T57SB01_OFFICIAL_DOCUMENT_UPLOAD,15cf7b93b3841bae8da2390ed25fbf29eca0feab313b16755e5f8345f8b9d907,a5507aa00e2d1edece1f4306b393170f1fa6c678d439940d1322320923135aae,EXACT_MATCH,MOPS_SINGLE_ELIGIBLE_FILING,18db775871cf7923dac1e27e7ad959d58168d9f71e06aca3c602b7be8b6aa3c5
2884,2018-03-31,2018,1,2018-05-18,2018-05-18T09:23:53+08:00,2018-05-18,2018-05-18,2018-05-21,MOPS_EXACT,official_timestamp_second_precision,CONSOLIDATED,201801_2884_AI1.pdf,TWSE_MOPS_T57SB01_OFFICIAL_DOCUMENT_UPLOAD,15cf7b93b3841bae8da2390ed25fbf29eca0feab313b16755e5f8345f8b9d907,3bb5fb9795ca136cc088b3e1cfff5b437a42a5336dedb198d58ca9d37a34bab8,EXACT_MATCH,MOPS_SINGLE_ELIGIBLE_FILING,a76e565e1892f3901db9901e8cd62bdf7893f3e159fd5389ea0cf1f9c6ed046a
2884,2018-06-30,2018,2,2018-08-27,2018-08-27T16:05:07+08:00,2018-08-27,2018-08-27,2018-08-28,MOPS_EXACT,official_timestamp_second_precision,CONSOLIDATED,201802_2884_AI1.pdf,TWSE_MOPS_T57SB01_OFFICIAL_DOCUMENT_UPLOAD,15cf7b93b3841bae8da2390ed25fbf29eca0feab313b16755e5f8345f8b9d907,f77431b80cfd2f0263905770ec286057fc85c9352bc1f77abef7fd9b1198005e,EXACT_MATCH,MOPS_SINGLE_ELIGIBLE_FILING,c428e4c5ee3fceaf24fd0231caacdc10123451eac56207da38977b4ddf5d2fb5
2884,2018-09-30,2018,3,2018-11-14,2018-11-14T15:55:39+08:00,2018-11-14,2018-11-14,2018-11-15,MOPS_EXACT,official_timestamp_second_precision,CONSOLIDATED,201803_2884_AI1.pdf,TWSE_MOPS_T57SB01_OFFICIAL_DOCUMENT_UPLOAD,15cf7b93b3841bae8da2390ed25fbf29eca0feab313b16755e5f8345f8b9d907,b3b0630902922e4d1fefbdcf93cd52493a286f4e95448004fabc955137897ca2,EXACT_MATCH,MOPS_SINGLE_ELIGIBLE_FILING,4ea5499c8722b910a16232ae521afe1fd22a06df2b0b9530b65387b7541b67db
2884,2018-12-31,2018,4,2019-03-28,2019-03-28T09:07:38+08:00,2019-03-28,2019-03-28,2019-03-29,MOPS_EXACT,official_timestamp_second_precision,CONSOLIDATED,201804_2884_AI1.pdf,TWSE_MOPS_T57SB01_OFFICIAL_DOCUMENT_UPLOAD,15cf7b93b3841bae8da2390ed25fbf29eca0feab313b16755e5f8345f8b9d907,851f2d543916d963e7d87b5786f3319df5b6d5062439b6225b26dd78ad422871,EXACT_MATCH,MOPS_SINGLE_ELIGIBLE_FILING,7ffc03bc373bf04f448f30110789a5b5d59b3f0fc2a4a4afbfd0e758578f3933
2884,2019-03-31,2019,1,2019-05-17,2019-05-17T14:44:43+08:00,2019-05-17,2019-05-17,2019-05-20,MOPS_EXACT,official_timestamp_second_precision,CONSOLIDATED,201901_2884_AI1.pdf,TWSE_MOPS_T57SB01_OFFICIAL_DOCUMENT_UPLOAD,15cf7b93b3841bae8da2390ed25fbf29eca0feab313b16755e5f8345f8b9d907,14601e5fb785680da72ab6a8068854be2440ec0cc5435cbd4746e2d36246acd6,EXACT_MATCH,MOPS_SINGLE_ELIGIBLE_FILING,c3527c16a33536540eb800159d30db855e78e88fc2dc88b44547906a306ed5ff
2884,2019-06-30,2019,2,2019-08-28,2019-08-28T13:37:00+08:00,2019-08-28,2019-08-28,2019-08-29,MOPS_EXACT,official_timestamp_second_precision,CONSOLIDATED,201902_2884_AI1.pdf,TWSE_MOPS_T57SB01_OFFICIAL_DOCUMENT_UPLOAD,15cf7b93b3841bae8da2390ed25fbf29eca0feab313b16755e5f8345f8b9d907,916ebfd364007e73a704ccb49fe97e1976bfa16645422f2247051738b53cebf6,EXACT_MATCH,MOPS_SINGLE_ELIGIBLE_FILING,70441327307f95a5e48fd9f425de6771618e4c7352b35c345f2afeefbb130250
2884,2019-09-30,2019,3,2019-11-18,2019-11-18T14:42:39+08:00,2019-11-18,2019-11-18,2019-11-19,MOPS_EXACT,official_timestamp_second_precision,CONSOLIDATED,201903_2884_AI1.pdf,TWSE_MOPS_T57SB01_OFFICIAL_DOCUMENT_UPLOAD,15cf7b93b3841bae8da2390ed25fbf29eca0feab313b16755e5f8345f8b9d907,020cf1879f4a0becee5dac5e812d737c7c6ec7bebd7a54be5c216b5ca6496902,EXACT_MATCH,MOPS_SINGLE_ELIGIBLE_FILING,a561d3446682a0ccd423ad42f7264e586fcae2b33560a4b8449a098f1b74c852
2884,2019-12-31,2019,4,2020-03-30,2020-03-30T08:41:05+08:00,2020-03-30,2020-03-30,2020-03-31,MOPS_EXACT,official_timestamp_second_precision,CONSOLIDATED,201904_2884_AI1.pdf,TWSE_MOPS_T57SB01_OFFICIAL_DOCUMENT_UPLOAD,15cf7b93b3841bae8da2390ed25fbf29eca0feab313b16755e5f8345f8b9d907,b8624509360bef094967c769dca6dc9ddd74212f08f4dc881cb36baed9cef6cd,EXACT_MATCH,MOPS_SINGLE_ELIGIBLE_FILING,bb39f6761c22345087a083ba7157443368711a4535e12c21f454ef48e805be0f
2884,2020-03-31,2020,1,2020-05-14,2020-05-14T16:28:02+08:00,2020-05-14,2020-05-14,2020-05-15,MOPS_EXACT,official_timestamp_second_precision,CONSOLIDATED,202001_2884_AI1.pdf,TWSE_MOPS_T57SB01_OFFICIAL_DOCUMENT_UPLOAD,15cf7b93b3841bae8da2390ed25fbf29eca0feab313b16755e5f8345f8b9d907,21f1d5573d7bd850acb93c8030208f7bbed123fdc353751fc1e85ed2503933a5,EXACT_MATCH,MOPS_SINGLE_ELIGIBLE_FILING,ec0c3cd8db3f2252facbcdf751cfa169cd5fb5fe20a9c99031659872e21a1314
2884,2020-06-30,2020,2,2020-08-26,2020-08-26T17:24:45+08:00,2020-08-26,2020-08-26,2020-08-27,MOPS_EXACT,official_timestamp_second_precision,CONSOLIDATED,202002_2884_AI1.pdf,TWSE_MOPS_T57SB01_OFFICIAL_DOCUMENT_UPLOAD,15cf7b93b3841bae8da2390ed25fbf29eca0feab313b16755e5f8345f8b9d907,8a32fdf08cc00e07adce9db25dd0d682edaf03c4159abe5d6be968e2da315f7d,EXACT_MATCH,MOPS_SINGLE_ELIGIBLE_FILING,2ce310f964c2c9b5d815f1e4ed0e8b0048cec5139e6a0138a88f257631549aa2
2884,2020-09-30,2020,3,2020-11-16,2020-11-16T17:04:00+08:00,2020-11-16,2020-11-16,2020-11-17,MOPS_EXACT,official_timestamp_second_precision,CONSOLIDATED,202003_2884_AI1.pdf,TWSE_MOPS_T57SB01_OFFICIAL_DOCUMENT_UPLOAD,15cf7b93b3841bae8da2390ed25fbf29eca0feab313b16755e5f8345f8b9d907,13943b194359ca999ee73079763fac27a596339196796077a5c978bd96cd63cd,EXACT_MATCH,MOPS_SINGLE_ELIGIBLE_FILING,c74a037b289f22df23129c1a90386f0cb5e06e59e35bf7bfaafefcc1326aa747
2884,2020-12-31,2020,4,2021-03-19,2021-03-19T20:07:02+08:00,2021-03-19,2021-03-19,2021-03-22,MOPS_EXACT,official_timestamp_second_precision,CONSOLIDATED,202004_2884_AI1.pdf,TWSE_MOPS_T57SB01_OFFICIAL_DOCUMENT_UPLOAD,15cf7b93b3841bae8da2390ed25fbf29eca0feab313b16755e5f8345f8b9d907,6b3fbb2765510528c49204e77d83cead896e288a5afa6db1d71fb0bb404603f4,EXACT_MATCH,MOPS_SINGLE_ELIGIBLE_FILING,1320dd6a4437589cb0f957dad780f870ff91fbd85c12f5ae51e006d3c196be69
2884,2021-03-31,2021,1,2021-05-13,2021-05-13T15:51:38+08:00,2021-05-13,2021-05-13,2021-05-14,MOPS_EXACT,official_timestamp_second_precision,CONSOLIDATED,202101_2884_AI1.pdf,TWSE_MOPS_T57SB01_OFFICIAL_DOCUMENT_UPLOAD,15cf7b93b3841bae8da2390ed25fbf29eca0feab313b16755e5f8345f8b9d907,d455acb54bf4a39768d1b9cbccaba3fa5ff142c26b88bbf63a30994c6a1384f5,EXACT_MATCH,MOPS_SINGLE_ELIGIBLE_FILING,574dc1db0a6f83c6812ef87c607d8678ed06ea2d5490b7c7bed0090c892a32d0
2884,2021-06-30,2021,2,2021-08-20,2021-08-20T20:43:02+08:00,2021-08-20,2021-08-20,2021-08-23,MOPS_EXACT,official_timestamp_second_precision,CONSOLIDATED,202102_2884_AI1.pdf,TWSE_MOPS_T57SB01_OFFICIAL_DOCUMENT_UPLOAD,15cf7b93b3841bae8da2390ed25fbf29eca0feab313b16755e5f8345f8b9d907,7f5f2a62539a4db4896feadcfa8fc7aa0792443592bd8eee24ba1e29ee55ce76,EXACT_MATCH,MOPS_SINGLE_ELIGIBLE_FILING,ccc54beb61ce3e39735a3e044860f54ae19d72e809684c1d8452075f489b5d10
2884,2021-09-30,2021,3,2021-11-12,2021-11-12T18:50:08+08:00,2021-11-12,2021-11-12,2021-11-15,MOPS_EXACT,official_timestamp_second_precision,CONSOLIDATED,202103_2884_AI1.pdf,TWSE_MOPS_T57SB01_OFFICIAL_DOCUMENT_UPLOAD,15cf7b93b3841bae8da2390ed25fbf29eca0feab313b16755e5f8345f8b9d907,81838a3bf10404527908752027dc56b2e6274daf90c8209bfb90bf583e008e1c,EXACT_MATCH,MOPS_SINGLE_ELIGIBLE_FILING,924b61fa1c5465beed8b12811238e3c21af44d222f60beac879acc3e67683996
2884,2021-12-31,2021,4,2022-03-11,2022-03-11T19:52:42+08:00,2022-03-11,2022-03-11,2022-03-14,MOPS_EXACT,official_timestamp_second_precision,CONSOLIDATED,202104_2884_AI1.pdf,TWSE_MOPS_T57SB01_OFFICIAL_DOCUMENT_UPLOAD,15cf7b93b3841bae8da2390ed25fbf29eca0feab313b16755e5f8345f8b9d907,cde415ee802921e6b3292d29a166daf759b16503f74658872b7cbb1b77767bff,EXACT_MATCH,MOPS_SINGLE_ELIGIBLE_FILING,fa02cdd12309fc8f92d6faf74d4133a6354f792d3f6168d8ebe554d40e6171ea
2884,2022-03-31,2022,1,2022-05-13,2022-05-13T17:57:35+08:00,2022-05-13,2022-05-13,2022-05-16,MOPS_EXACT,official_timestamp_second_precision,CONSOLIDATED,202201_2884_AI1.pdf,TWSE_MOPS_T57SB01_OFFICIAL_DOCUMENT_UPLOAD,15cf7b93b3841bae8da2390ed25fbf29eca0feab313b16755e5f8345f8b9d907,16f72c2361be8329ef3674f3856e650a91862799ab0ff75527f128d8de216dd3,EXACT_MATCH,MOPS_SINGLE_ELIGIBLE_FILING,a627d2587d873d2578ae3aff87227a68e801686cb38ace5d4c0b2e621103b86b
2884,2022-06-30,2022,2,2022-08-19,2022-08-19T18:31:30+08:00,2022-08-19,2022-08-19,2022-08-22,MOPS_EXACT,official_timestamp_second_precision,CONSOLIDATED,202202_2884_AI1.pdf,TWSE_MOPS_T57SB01_OFFICIAL_DOCUMENT_UPLOAD,15cf7b93b3841bae8da2390ed25fbf29eca0feab313b16755e5f8345f8b9d907,bcbc981fabdae804f602d4d2fb359324bbc10017b7686fcd4318ab9237b0f728,EXACT_MATCH,MOPS_SINGLE_ELIGIBLE_FILING,75680368b43473f9425ca429f7448e4255cdbbfca97e6503be106611bde4c8ec
2884,2022-09-30,2022,3,2022-11-11,2022-11-11T16:45:36+08:00,2022-11-11,2022-11-11,2022-11-14,MOPS_EXACT,official_timestamp_second_precision,CONSOLIDATED,202203_2884_AI1.pdf,TWSE_MOPS_T57SB01_OFFICIAL_DOCUMENT_UPLOAD,15cf7b93b3841bae8da2390ed25fbf29eca0feab313b16755e5f8345f8b9d907,b9c3d6e96564ad38c63fb339bf4156db08304f0176da3ea7229b0b3ee2283d0a,EXACT_MATCH,MOPS_SINGLE_ELIGIBLE_FILING,e927f928b3f1c7b625a8438412978cdf405bd0a4f4f8ca3366db4073bd04670b
2884,2022-12-31,2022,4,2023-02-24,2023-02-24T13:33:10+08:00,2023-02-24,2023-02-24,2023-03-01,MOPS_EXACT,official_timestamp_second_precision,CONSOLIDATED,202204_2884_AI1.pdf,TWSE_MOPS_T57SB01_OFFICIAL_DOCUMENT_UPLOAD,15cf7b93b3841bae8da2390ed25fbf29eca0feab313b16755e5f8345f8b9d907,add701aeba9cc0fda7498bd41b8c33d9ba6f3b28c9ed9ff952ef408e2a9df6cc,EXACT_MATCH,MOPS_SINGLE_ELIGIBLE_FILING,ce5fb4c0bb26512b0da464986c3facabe09e3846055ae232a3f26325c64acc14
2884,2023-03-31,2023,1,2023-05-15,2023-05-15T09:05:52+08:00,2023-05-15,2023-05-15,2023-05-16,MOPS_EXACT,official_timestamp_second_precision,CONSOLIDATED,202301_2884_AI1.pdf,TWSE_MOPS_T57SB01_OFFICIAL_DOCUMENT_UPLOAD,15cf7b93b3841bae8da2390ed25fbf29eca0feab313b16755e5f8345f8b9d907,46a1fa1f793942763cc35c192a31512f0b0b70ecab880f1e58d09b7cb31d40d0,EXACT_MATCH,MOPS_SINGLE_ELIGIBLE_FILING,abe6e4229a92329205db171f9d98d023853c7c2526f488c68979e1a3bf3519c0
2884,2023-06-30,2023,2,2023-08-28,2023-08-28T10:38:18+08:00,2023-08-28,2023-08-28,2023-08-29,MOPS_EXACT,official_timestamp_second_precision,CONSOLIDATED,202302_2884_AI1.pdf,TWSE_MOPS_T57SB01_OFFICIAL_DOCUMENT_UPLOAD,15cf7b93b3841bae8da2390ed25fbf29eca0feab313b16755e5f8345f8b9d907,b1a825df36e051b7b53ef6fd172a4fef363db616fc1d3b725e1df159c53504a1,EXACT_MATCH,MOPS_SINGLE_ELIGIBLE_FILING,1bd017610e8cbf246d0abb3c7dd8852a95aab098f9b7fc7a9497bfb636dd5222
2884,2023-09-30,2023,3,2023-11-13,2023-11-13T18:44:03+08:00,2023-11-13,2023-11-13,2023-11-14,MOPS_EXACT,official_timestamp_second_precision,CONSOLIDATED,202303_2884_AI1.pdf,TWSE_MOPS_T57SB01_OFFICIAL_DOCUMENT_UPLOAD,15cf7b93b3841bae8da2390ed25fbf29eca0feab313b16755e5f8345f8b9d907,171ea98dcf4275870ae046069c5db868c77484798c4fca79bd5b497c74d51d5d,EXACT_MATCH,MOPS_SINGLE_ELIGIBLE_FILING,27d8ac8e50b94fbd454f455b8e439e8f7cb650e68643af679ac04fe855c67c18
2884,2023-12-31,2023,4,2024-03-15,2024-03-15T14:10:01+08:00,2024-03-15,2024-03-15,2024-03-18,MOPS_EXACT,official_timestamp_second_precision,CONSOLIDATED,202304_2884_AI1.pdf,TWSE_MOPS_T57SB01_OFFICIAL_DOCUMENT_UPLOAD,15cf7b93b3841bae8da2390ed25fbf29eca0feab313b16755e5f8345f8b9d907,9811dc62fe1c70ebfcfbe7a7cdd8bd6bbc409621b82fc33b9514869c612f9135,EXACT_MATCH,MOPS_SINGLE_ELIGIBLE_FILING,c5df718cef653682239d0b03c09cb62f4facb582a328545a42a8a84af52ce1db
2884,2024-03-31,2024,1,2024-05-13,2024-05-13T13:31:07+08:00,2024-05-13,2024-05-13,2024-05-14,MOPS_EXACT,official_timestamp_second_precision,CONSOLIDATED,202401_2884_AI1.pdf,TWSE_MOPS_T57SB01_OFFICIAL_DOCUMENT_UPLOAD,15cf7b93b3841bae8da2390ed25fbf29eca0feab313b16755e5f8345f8b9d907,efb4b8ef3cfff7ea9332bb1500a81a5e17ed590358c38d8ac086460c3da6b779,EXACT_MATCH,MOPS_SINGLE_ELIGIBLE_FILING,f260110665cc650fe6a2fcd7a5cae627c47d0afac814add2714a4fbf2495b828
2884,2024-06-30,2024,2,2024-08-22,2024-08-22T16:09:40+08:00,2024-08-22,2024-08-22,2024-08-23,MOPS_EXACT,official_timestamp_second_precision,CONSOLIDATED,202402_2884_AI1.pdf,TWSE_MOPS_T57SB01_OFFICIAL_DOCUMENT_UPLOAD,15cf7b93b3841bae8da2390ed25fbf29eca0feab313b16755e5f8345f8b9d907,d25939f3de3ffbf4d52df1a6e304c087478de34296f9bd8e0aac3d65308f95e9,EXACT_MATCH,MOPS_SINGLE_ELIGIBLE_FILING,15a763b2479fbe2de2cc11e3c65755184381a69309b06fe6516ef9bfca242ffa
2884,2024-09-30,2024,3,2024-11-13,2024-11-13T16:44:20+08:00,2024-11-13,2024-11-13,2024-11-14,MOPS_EXACT,official_timestamp_second_precision,CONSOLIDATED,202403_2884_AI1.pdf,TWSE_MOPS_T57SB01_OFFICIAL_DOCUMENT_UPLOAD,15cf7b93b3841bae8da2390ed25fbf29eca0feab313b16755e5f8345f8b9d907,8f53610d2a97f6b94a17600a78588a2fed506067be2dfeecdd5cc23dfedef5dd,EXACT_MATCH,MOPS_SINGLE_ELIGIBLE_FILING,729c27f3bf3c7d1c99ff4964dfc26f5733de538b60990403e658bae76d00cc80
2884,2024-12-31,2024,4,2025-03-12,2025-03-12T19:28:00+08:00,2025-03-12,2025-03-12,2025-03-13,MOPS_EXACT,official_timestamp_second_precision,CONSOLIDATED,202404_2884_AI1.pdf,TWSE_MOPS_T57SB01_OFFICIAL_DOCUMENT_UPLOAD,15cf7b93b3841bae8da2390ed25fbf29eca0feab313b16755e5f8345f8b9d907,da472bed5e232c1eedbdf9f14e87602adde97f354255daeda186c9f789c97544,EXACT_MATCH,MOPS_SINGLE_ELIGIBLE_FILING,d73de06d861483a37b532235471735d6f347a1eeea024c2f34d8c5f330d90f7e
2884,2025-03-31,2025,1,2025-05-13,2025-05-13T18:11:31+08:00,2025-05-13,2025-05-13,2025-05-14,MOPS_EXACT,official_timestamp_second_precision,CONSOLIDATED,202501_2884_AI1.pdf,TWSE_MOPS_T57SB01_OFFICIAL_DOCUMENT_UPLOAD,15cf7b93b3841bae8da2390ed25fbf29eca0feab313b16755e5f8345f8b9d907,23c1e8e41633a1138c95d42d306507d40cc4d3fa613897caf8a4bb8ea0e25017,EXACT_MATCH,MOPS_SINGLE_ELIGIBLE_FILING,30ef9584569c19421cd09ec322074e3d14eb84df34fe94c9bbf63b53308cd16d
2884,2025-06-30,2025,2,2025-08-20,2025-08-20T16:53:20+08:00,2025-08-20,2025-08-20,2025-08-21,MOPS_EXACT,official_timestamp_second_precision,CONSOLIDATED,202502_2884_AI1.pdf,TWSE_MOPS_T57SB01_OFFICIAL_DOCUMENT_UPLOAD,15cf7b93b3841bae8da2390ed25fbf29eca0feab313b16755e5f8345f8b9d907,d421dfd9ac534c0f1cdc305bf80f682dba53ab42c97a9bb5a4945cde769beb19,EXACT_MATCH,MOPS_SINGLE_ELIGIBLE_FILING,15e5a57c4091b9ae91daf98e4bd9f28a581a3370961417a79d2b9eaa381f2f8c
2884,2025-09-30,2025,3,2025-11-13,2025-11-13T15:29:22+08:00,2025-11-13,2025-11-13,2025-11-14,MOPS_EXACT,official_timestamp_second_precision,CONSOLIDATED,202503_2884_AI1.pdf,TWSE_MOPS_T57SB01_OFFICIAL_DOCUMENT_UPLOAD,15cf7b93b3841bae8da2390ed25fbf29eca0feab313b16755e5f8345f8b9d907,83a82dec5f05fbed9d88506cf96623e3bdf4b1e561348752b546b13badb50634,EXACT_MATCH,MOPS_SINGLE_ELIGIBLE_FILING,edf36afd58229314b202e78d6c4ad0020c32e18249cfdc4ed8471d052ac35c0b
2884,2025-12-31,2025,4,2026-03-16,2026-03-16T14:04:38+08:00,2026-03-16,2026-03-16,2026-03-17,MOPS_EXACT,official_timestamp_second_precision,CONSOLIDATED,202504_2884_AI1.pdf,TWSE_MOPS_T57SB01_OFFICIAL_DOCUMENT_UPLOAD,15cf7b93b3841bae8da2390ed25fbf29eca0feab313b16755e5f8345f8b9d907,efd557f67b86eb7618f3a39c4a73725c908bd2880cd63574df7394ca18d46ee4,EXACT_MATCH,MOPS_SINGLE_ELIGIBLE_FILING,0648ea8ec8d5e069d35d7a23ecb17dde66503a87dea61f42a1b8426d29a652ed
2884,2026-03-31,2026,1,2026-05-13,2026-05-13T15:24:43+08:00,2026-05-13,2026-05-13,2026-05-14,MOPS_EXACT,official_timestamp_second_precision,CONSOLIDATED,202601_2884_AI1.pdf,TWSE_MOPS_T57SB01_OFFICIAL_DOCUMENT_UPLOAD,15cf7b93b3841bae8da2390ed25fbf29eca0feab313b16755e5f8345f8b9d907,065a3b606d674f35e72ab50e1468194e6cccab508c4b8ebeb44a2f10e7066669,EXACT_MATCH,MOPS_SINGLE_ELIGIBLE_FILING,730c18e56d88c42384d1137185a9e2f479ea9d9eca0af4c99dc56a52379e507a
2884,2026-06-30,2026,2,2026-08-24,2026-08-24T11:24:19+08:00,2026-08-24,2026-08-24,2026-08-25,MOPS_EXACT,official_timestamp_second_precision,CONSOLIDATED,202602_2884_AI1.pdf,TWSE_MOPS_T57SB01_OFFICIAL_DOCUMENT_UPLOAD,15cf7b93b3841bae8da2390ed25fbf29eca0feab313b16755e5f8345f8b9d907,fc710b5b7957fe7edcf29dd153f9563c44670a77ab51fd84ca272af3d3bfc9d1,EXACT_MATCH,MOPS_SINGLE_ELIGIBLE_FILING,c15f2c1c4936f78d58a5ccf90636e5482d2915a790f04bbcd70bedc4c6cf614d
2885,2016-03-31,2016,1,2016-05-30,2016-05-30T13:33:50+08:00,2016-05-30,2016-05-30,2016-05-31,MOPS_EXACT,official_timestamp_second_precision,CONSOLIDATED,201601_2885_AI1.pdf,TWSE_MOPS_T57SB01_OFFICIAL_DOCUMENT_UPLOAD,c8bfe6cf88660b59b5c39eaaa1e816028567eb64819917ef42f104cc8606b01f,13bfa44f3bd1328f3b68ea4e142aaa496e06983e8bfb845664ef06cd7b4b0ddc,EXACT_MATCH,MOPS_SINGLE_ELIGIBLE_FILING,45322461c4fb6d4cf8677a88c12a61fe46179e70bfd8d6e630030e38cbffcf19
2885,2016-06-30,2016,2,2016-08-31,2016-08-31T13:40:48+08:00,2016-08-31,2016-08-31,2016-09-01,MOPS_EXACT,official_timestamp_second_precision,CONSOLIDATED,201602_2885_AI1.pdf,TWSE_MOPS_T57SB01_OFFICIAL_DOCUMENT_UPLOAD,c8bfe6cf88660b59b5c39eaaa1e816028567eb64819917ef42f104cc8606b01f,537a0718cd401961497bc2d399294db056ac43fe334bcc562854500b502df9ce,EXACT_MATCH,MOPS_SINGLE_ELIGIBLE_FILING,9873a24a24eb35a68384230d9fbc9f9398b4a84c235ee118d3cc6a82e202f057
2885,2016-09-30,2016,3,2016-11-29,2016-11-29T14:22:44+08:00,2016-11-29,2016-11-29,2016-11-30,MOPS_EXACT,official_timestamp_second_precision,CONSOLIDATED,201603_2885_AI1.pdf,TWSE_MOPS_T57SB01_OFFICIAL_DOCUMENT_UPLOAD,c8bfe6cf88660b59b5c39eaaa1e816028567eb64819917ef42f104cc8606b01f,94c54cd1674367ec5fdc7f11a7c94ed28eaa7f3d3eaa46828a4084a63ed7ebdb,EXACT_MATCH,MOPS_SINGLE_ELIGIBLE_FILING,12e2ceba89d2f774366763abd10f2142b80fada74e62f25577045c40f1f2b040
2885,2016-12-31,2016,4,2017-03-31,2017-03-31T13:53:37+08:00,2017-03-31,2017-03-31,2017-04-05,MOPS_EXACT,official_timestamp_second_precision,CONSOLIDATED,201604_2885_AI1.pdf,TWSE_MOPS_T57SB01_OFFICIAL_DOCUMENT_UPLOAD,c8bfe6cf88660b59b5c39eaaa1e816028567eb64819917ef42f104cc8606b01f,96f6ecdb334356c3f447109593bfe78aa01febadd4afaf06a4de26e0098ed2d6,EXACT_MATCH,MOPS_SINGLE_ELIGIBLE_FILING,3252cdd59f17757b3f4d7f2b43f0a89dfd45bdb23401c5a8060613e66d98eb5a
2885,2017-03-31,2017,1,2017-05-25,2017-05-25T15:04:07+08:00,2017-05-25,2017-05-25,2017-05-26,MOPS_EXACT,official_timestamp_second_precision,CONSOLIDATED,201701_2885_AI1.pdf,TWSE_MOPS_T57SB01_OFFICIAL_DOCUMENT_UPLOAD,c8bfe6cf88660b59b5c39eaaa1e816028567eb64819917ef42f104cc8606b01f,9b710c274de0e9d979b0e8f10c4a158065e5bec105b497368003cd1ed8a97bfa,EXACT_MATCH,MOPS_SINGLE_ELIGIBLE_FILING,aca2d297f6433910dc38a2a266e34e9662730e44637b767cdc0a225d7945587b
2885,2017-06-30,2017,2,2017-08-31,2017-08-31T14:30:32+08:00,2017-08-31,2017-08-31,2017-09-01,MOPS_EXACT,official_timestamp_second_precision,CONSOLIDATED,201702_2885_AI1.pdf,TWSE_MOPS_T57SB01_OFFICIAL_DOCUMENT_UPLOAD,c8bfe6cf88660b59b5c39eaaa1e816028567eb64819917ef42f104cc8606b01f,9229236724b2fb67a46e214c329b6a5eaf6d74cf248cd368d206290df7b4327b,EXACT_MATCH,MOPS_SINGLE_ELIGIBLE_FILING,9cc60f70f37ad2adea45a383d0ac241109b3cbbfccd047cd47d199f3cb42bbfd
2885,2017-09-30,2017,3,2017-11-29,2017-11-29T13:35:04+08:00,2017-11-29,2017-11-29,2017-11-30,MOPS_EXACT,official_timestamp_second_precision,CONSOLIDATED,201703_2885_AI1.pdf,TWSE_MOPS_T57SB01_OFFICIAL_DOCUMENT_UPLOAD,c8bfe6cf88660b59b5c39eaaa1e816028567eb64819917ef42f104cc8606b01f,1f05970e6beb0f33d974175f3fabfa9b77ce9e8b954a8ebd32bea3d1b36e8c7b,EXACT_MATCH,MOPS_SINGLE_ELIGIBLE_FILING,19bdda0fe2789d451916946ffc605d97f372446b0f4f389864f3048430a845ed
2885,2017-12-31,2017,4,2018-03-30,2018-03-30T15:50:24+08:00,2018-03-30,2018-03-30,2018-03-31,MOPS_EXACT,official_timestamp_second_precision,CONSOLIDATED,201704_2885_AI1.pdf,TWSE_MOPS_T57SB01_OFFICIAL_DOCUMENT_UPLOAD,c8bfe6cf88660b59b5c39eaaa1e816028567eb64819917ef42f104cc8606b01f,13c59cef6d2c46448e82ff76451871f005a41b5f6ddfe48e782d673be1ebc2fa,EXACT_MATCH,MOPS_SINGLE_ELIGIBLE_FILING,832f9b93061fce865c9af767cb7d0616e0f77da29b681993050187c9eed2efd2
2885,2018-03-31,2018,1,2018-05-30,2018-05-30T15:52:32+08:00,2018-05-30,2018-05-30,2018-05-31,MOPS_EXACT,official_timestamp_second_precision,CONSOLIDATED,201801_2885_AI1.pdf,TWSE_MOPS_T57SB01_OFFICIAL_DOCUMENT_UPLOAD,c8bfe6cf88660b59b5c39eaaa1e816028567eb64819917ef42f104cc8606b01f,f4f5065d3620cd66b8517beaf46f1e9c1b6a3ff47168d3bb04d79ddae8360b4b,EXACT_MATCH,MOPS_SINGLE_ELIGIBLE_FILING,523e4485f08d4eb6734cd3bfc03aacdcd13dd34262541e8ec000c6924a7b87fe
2885,2018-06-30,2018,2,2018-08-31,2018-08-31T13:25:02+08:00,2018-08-31,2018-08-31,2018-09-03,MOPS_EXACT,official_timestamp_second_precision,CONSOLIDATED,201802_2885_AI1.pdf,TWSE_MOPS_T57SB01_OFFICIAL_DOCUMENT_UPLOAD,c8bfe6cf88660b59b5c39eaaa1e816028567eb64819917ef42f104cc8606b01f,723ec571a9f447239798379534e10f1392d01bf0e391b278473e6555465f44bd,EXACT_MATCH,MOPS_SINGLE_ELIGIBLE_FILING,b74f3d19c92578df41bded161376a85fc034717404176b9b308d56f9f5ea62c5
2885,2018-09-30,2018,3,2018-11-29,2018-11-29T14:43:40+08:00,2018-11-29,2018-11-29,2018-11-30,MOPS_EXACT,official_timestamp_second_precision,CONSOLIDATED,201803_2885_AI1.pdf,TWSE_MOPS_T57SB01_OFFICIAL_DOCUMENT_UPLOAD,c8bfe6cf88660b59b5c39eaaa1e816028567eb64819917ef42f104cc8606b01f,ded887c5d5d3d0e7eada53a2b1e11c6b4af1f18ddfcbba18ef11b62ecc03c8c3,EXACT_MATCH,MOPS_SINGLE_ELIGIBLE_FILING,291470c0e55f71da850b57424271798096dba8fdf3087c6770fd9f9d777ab929
2885,2018-12-31,2018,4,2019-03-29,2019-03-29T11:43:53+08:00,2019-03-29,2019-03-29,2019-04-01,MOPS_EXACT,official_timestamp_second_precision,CONSOLIDATED,201804_2885_AI1.pdf,TWSE_MOPS_T57SB01_OFFICIAL_DOCUMENT_UPLOAD,c8bfe6cf88660b59b5c39eaaa1e816028567eb64819917ef42f104cc8606b01f,3241a744ff5ea0ad9b81a59b840b6207fcd4dfd9794503d1bf941efd4ed2f60b,EXACT_MATCH,MOPS_SINGLE_ELIGIBLE_FILING,74a87abe8953e7ced0dda4bfaa9549e1efd24c61bbde0977a6c032cbf6bf1366
2885,2019-03-31,2019,1,2019-05-30,2019-05-30T14:14:22+08:00,2019-05-30,2019-05-30,2019-05-31,MOPS_EXACT,official_timestamp_second_precision,CONSOLIDATED,201901_2885_AI1.pdf,TWSE_MOPS_T57SB01_OFFICIAL_DOCUMENT_UPLOAD,c8bfe6cf88660b59b5c39eaaa1e816028567eb64819917ef42f104cc8606b01f,fe922136fbf309dc4041bf3befd17cacf16f32deb1ccb8faa7d14d436c8e0e45,EXACT_MATCH,MOPS_SINGLE_ELIGIBLE_FILING,df90a9075ed984c8a0c45bdd87d98582c71da41b451808d16e1cdc2d50a3d46c
2885,2019-06-30,2019,2,2019-08-30,2019-08-30T15:30:25+08:00,2019-08-30,2019-08-30,2019-09-02,MOPS_EXACT,official_timestamp_second_precision,CONSOLIDATED,201902_2885_AI1.pdf,TWSE_MOPS_T57SB01_OFFICIAL_DOCUMENT_UPLOAD,c8bfe6cf88660b59b5c39eaaa1e816028567eb64819917ef42f104cc8606b01f,462415d4ed3d480810c2a7532388ce38b03e033b04059c66e3221d63fd353329,EXACT_MATCH,MOPS_SINGLE_ELIGIBLE_FILING,23ffeeb3b2c3dfd2b89f98f1ddfb7cd08e64ae579ca83b3e89ac17ab705f28de
2885,2019-09-30,2019,3,2019-11-29,2019-11-29T12:00:33+08:00,2019-11-29,2019-11-29,2019-12-02,MOPS_EXACT,official_timestamp_second_precision,CONSOLIDATED,201903_2885_AI1.pdf,TWSE_MOPS_T57SB01_OFFICIAL_DOCUMENT_UPLOAD,c8bfe6cf88660b59b5c39eaaa1e816028567eb64819917ef42f104cc8606b01f,6e225be322b21fc9374fe0c007ded5e2daea6b889c680cf39ac86010f2d9a5e9,EXACT_MATCH,MOPS_SINGLE_ELIGIBLE_FILING,4b9c6e8749dbf61fdc4c4e408977e6db064344cea16ca9a8d649bede24f04618
2885,2019-12-31,2019,4,2020-03-23,2020-03-23T17:53:58+08:00,2020-03-23,2020-03-23,2020-03-24,MOPS_EXACT,official_timestamp_second_precision,CONSOLIDATED,201904_2885_AI1.pdf,TWSE_MOPS_T57SB01_OFFICIAL_DOCUMENT_UPLOAD,c8bfe6cf88660b59b5c39eaaa1e816028567eb64819917ef42f104cc8606b01f,9a2b8fa246dc10a0eae74efb073cddae8e390210de1d7ba5df776a726597ce39,EXACT_MATCH,MOPS_SINGLE_ELIGIBLE_FILING,c7f0932e30a0b19470b397e3b5acad041dc2dd8e55509848d1d52f7d2ad0fc66
2885,2020-03-31,2020,1,2020-05-22,2020-05-22T17:27:09+08:00,2020-05-22,2020-05-22,2020-05-25,MOPS_EXACT,official_timestamp_second_precision,CONSOLIDATED,202001_2885_AI1.pdf,TWSE_MOPS_T57SB01_OFFICIAL_DOCUMENT_UPLOAD,c8bfe6cf88660b59b5c39eaaa1e816028567eb64819917ef42f104cc8606b01f,2bba6bb20694fbb328da3c3b18ca62d2a60a3b386385d91941c1f7c065540aaf,EXACT_MATCH,MOPS_SINGLE_ELIGIBLE_FILING,6906c163c56a7280ca6e705e1950fd3bba8402e94707ee1b17fc7035148c6d5d
2885,2020-06-30,2020,2,2020-08-21,2020-08-21T17:14:49+08:00,2020-08-21,2020-08-21,2020-08-24,MOPS_EXACT,official_timestamp_second_precision,CONSOLIDATED,202002_2885_AI1.pdf,TWSE_MOPS_T57SB01_OFFICIAL_DOCUMENT_UPLOAD,c8bfe6cf88660b59b5c39eaaa1e816028567eb64819917ef42f104cc8606b01f,8bdb68719764f9d5627fa8485c2ba1c9be9c85dfe0dbc0e81eda843c025a513f,EXACT_MATCH,MOPS_SINGLE_ELIGIBLE_FILING,abfd044117f7e83b02dce11c9e4c1f626f9f1a6090c01093934f02ccf057253a
2885,2020-09-30,2020,3,2020-11-20,2020-11-20T17:09:54+08:00,2020-11-20,2020-11-20,2020-11-23,MOPS_EXACT,official_timestamp_second_precision,CONSOLIDATED,202003_2885_AI1.pdf,TWSE_MOPS_T57SB01_OFFICIAL_DOCUMENT_UPLOAD,c8bfe6cf88660b59b5c39eaaa1e816028567eb64819917ef42f104cc8606b01f,2236849dfec1312a31eda9c269b14684576a50f03ead774cb71f2de933bf6d7e,EXACT_MATCH,MOPS_SINGLE_ELIGIBLE_FILING,1390fc88a06dcde89377364d2ca2e83a98c01334754a4ca0e3b5d8f7486e858d
2885,2020-12-31,2020,4,2021-03-23,2021-03-23T17:08:59+08:00,2021-03-23,2021-03-23,2021-03-24,MOPS_EXACT,official_timestamp_second_precision,CONSOLIDATED,202004_2885_AI1.pdf,TWSE_MOPS_T57SB01_OFFICIAL_DOCUMENT_UPLOAD,c8bfe6cf88660b59b5c39eaaa1e816028567eb64819917ef42f104cc8606b01f,3cc304fd1827312617a639adb8a9db9715a6deeb3180045128462428d0f9e1f7,EXACT_MATCH,MOPS_SINGLE_ELIGIBLE_FILING,126f9e90ce8aa23bc455add766fbd081de7993f43ba4764bad7502eb817f1ffe
2885,2021-03-31,2021,1,2021-05-21,2021-05-21T15:10:20+08:00,2021-05-21,2021-05-21,2021-05-24,MOPS_EXACT,official_timestamp_second_precision,CONSOLIDATED,202101_2885_AI1.pdf,TWSE_MOPS_T57SB01_OFFICIAL_DOCUMENT_UPLOAD,c8bfe6cf88660b59b5c39eaaa1e816028567eb64819917ef42f104cc8606b01f,faa8ae9dc8e599ff310bca8f8bcf316232fb42f9cf95c0ce585c3ac5c07f5317,EXACT_MATCH,MOPS_SINGLE_ELIGIBLE_FILING,a133e80d765b4c5aed58683b5f2d9ffee683b004ecfb88760190c14db5e220eb
2885,2021-06-30,2021,2,2021-08-23,2021-08-23T15:10:16+08:00,2021-08-23,2021-08-23,2021-08-24,MOPS_EXACT,official_timestamp_second_precision,CONSOLIDATED,202102_2885_AI1.pdf,TWSE_MOPS_T57SB01_OFFICIAL_DOCUMENT_UPLOAD,c8bfe6cf88660b59b5c39eaaa1e816028567eb64819917ef42f104cc8606b01f,a94e5e065b1b70ab941c706754e052a4934db57ce140f6fbfa811a894c577445,EXACT_MATCH,MOPS_SINGLE_ELIGIBLE_FILING,e7e0aeeedb11f15dcf45c783609d27071893648832bd256c41f3a868f725acc1
2885,2021-09-30,2021,3,2021-11-19,2021-11-19T16:10:09+08:00,2021-11-19,2021-11-19,2021-11-22,MOPS_EXACT,official_timestamp_second_precision,CONSOLIDATED,202103_2885_AI1.pdf,TWSE_MOPS_T57SB01_OFFICIAL_DOCUMENT_UPLOAD,c8bfe6cf88660b59b5c39eaaa1e816028567eb64819917ef42f104cc8606b01f,de42e959cf867b1101bd2ef16e1892909bd4111ee44893cc8ac5f501f2b66812,EXACT_MATCH,MOPS_SINGLE_ELIGIBLE_FILING,e4747aca3d220190046ea6fa83e4e9241ebfb1f14705dda9df27574c3010f866
2885,2021-12-31,2021,4,2022-03-15,2022-03-15T16:40:10+08:00,2022-03-15,2022-03-15,2022-03-16,MOPS_EXACT,official_timestamp_second_precision,CONSOLIDATED,202104_2885_AI1.pdf,TWSE_MOPS_T57SB01_OFFICIAL_DOCUMENT_UPLOAD,c8bfe6cf88660b59b5c39eaaa1e816028567eb64819917ef42f104cc8606b01f,9850f1af44f8435ad7097c020d81df435c0891ba7f81b50a25b82e79a9938f77,EXACT_MATCH,MOPS_SINGLE_ELIGIBLE_FILING,1a2e5da968264d327b1085f74d06e381593197e926527c8a2143983cdea6d79c
2885,2022-03-31,2022,1,2022-05-20,2022-05-20T16:01:03+08:00,2022-05-20,2022-05-20,2022-05-23,MOPS_EXACT,official_timestamp_second_precision,CONSOLIDATED,202201_2885_AI1.pdf,TWSE_MOPS_T57SB01_OFFICIAL_DOCUMENT_UPLOAD,c8bfe6cf88660b59b5c39eaaa1e816028567eb64819917ef42f104cc8606b01f,092253cbd1dc15e68349175f1cfcaff1787ff6807c5911b8ecf56e68790bf9aa,EXACT_MATCH,MOPS_SINGLE_ELIGIBLE_FILING,cac2b4813c90dc9b61eee3332e2cedba078d8bf1fe9a92f2a8b5a63f5b76b520
2885,2022-06-30,2022,2,2022-08-23,2022-08-23T16:22:44+08:00,2022-08-23,2022-08-23,2022-08-24,MOPS_EXACT,official_timestamp_second_precision,CONSOLIDATED,202202_2885_AI1.pdf,TWSE_MOPS_T57SB01_OFFICIAL_DOCUMENT_UPLOAD,c8bfe6cf88660b59b5c39eaaa1e816028567eb64819917ef42f104cc8606b01f,82be6817164a8a7ec0599c200e06dc648d8022ed35d2944614d44ba6025ba6fe,EXACT_MATCH,MOPS_SINGLE_ELIGIBLE_FILING,94876ef90b207e2b392d49808efe92988d4e561d5b29d03e38157bdaecffc040
2885,2022-09-30,2022,3,2022-11-21,2022-11-21T16:41:14+08:00,2022-11-21,2022-11-21,2022-11-22,MOPS_EXACT,official_timestamp_second_precision,CONSOLIDATED,202203_2885_AI1.pdf,TWSE_MOPS_T57SB01_OFFICIAL_DOCUMENT_UPLOAD,c8bfe6cf88660b59b5c39eaaa1e816028567eb64819917ef42f104cc8606b01f,cc5acacc12894e90b7f1a19864f916868b5de46a00d98e55b59983651ae7479a,EXACT_MATCH,MOPS_SINGLE_ELIGIBLE_FILING,71a754bce287f832b6d450ca89298a214e77c78506f7bd26ec38ef7a179da2f8
2885,2022-12-31,2022,4,2023-03-15,2023-03-15T16:44:12+08:00,2023-03-15,2023-03-15,2023-03-16,MOPS_EXACT,official_timestamp_second_precision,CONSOLIDATED,202204_2885_AI1.pdf,TWSE_MOPS_T57SB01_OFFICIAL_DOCUMENT_UPLOAD,c8bfe6cf88660b59b5c39eaaa1e816028567eb64819917ef42f104cc8606b01f,6811ea0deb97e02f67ee2e09707fef8323873c44e2bb68f9542057a7e54b2c54,EXACT_MATCH,MOPS_SINGLE_ELIGIBLE_FILING,076364e6576654f4e36a952a991b241d799b891b97b22a7bc3a3ee4ebc038761
2885,2023-03-31,2023,1,2023-05-22,2023-05-22T16:13:20+08:00,2023-05-22,2023-05-22,2023-05-23,MOPS_EXACT,official_timestamp_second_precision,CONSOLIDATED,202301_2885_AI1.pdf,TWSE_MOPS_T57SB01_OFFICIAL_DOCUMENT_UPLOAD,c8bfe6cf88660b59b5c39eaaa1e816028567eb64819917ef42f104cc8606b01f,b3064cb3dd597a4bd16bc02419086137221367853736eef1ef20cfc46be43c2f,EXACT_MATCH,MOPS_SINGLE_ELIGIBLE_FILING,065113abac05aab4e2606f82f22aff399cee97748d53010a8176b398ecab9f9f
2885,2023-06-30,2023,2,2023-08-23,2023-08-23T16:12:01+08:00,2023-08-23,2023-08-23,2023-08-24,MOPS_EXACT,official_timestamp_second_precision,CONSOLIDATED,202302_2885_AI1.pdf,TWSE_MOPS_T57SB01_OFFICIAL_DOCUMENT_UPLOAD,c8bfe6cf88660b59b5c39eaaa1e816028567eb64819917ef42f104cc8606b01f,30f9274c07ade505c319f999af91605207b8349031e57c6ca290c02684021165,EXACT_MATCH,MOPS_SINGLE_ELIGIBLE_FILING,ad88bd0e343965715e3b0e82538c26ead67e1a1e13a762c582cf553dc6dcb7d2
2885,2023-09-30,2023,3,2023-11-21,2023-11-21T15:57:49+08:00,2023-11-21,2023-11-21,2023-11-22,MOPS_EXACT,official_timestamp_second_precision,CONSOLIDATED,202303_2885_AI1.pdf,TWSE_MOPS_T57SB01_OFFICIAL_DOCUMENT_UPLOAD,c8bfe6cf88660b59b5c39eaaa1e816028567eb64819917ef42f104cc8606b01f,7c6ef207cd68a77210364fc3a57f31ffc7b0979fcd2ceddbb3fce635039a43a6,EXACT_MATCH,MOPS_SINGLE_ELIGIBLE_FILING,d684697e8c3eabf0c37d8a7fab49382a2ffef2b05d963b20de6866e2bd776803
2885,2023-12-31,2023,4,2024-03-14,2024-03-14T16:50:16+08:00,2024-03-14,2024-03-14,2024-03-15,MOPS_EXACT,official_timestamp_second_precision,CONSOLIDATED,202304_2885_AI1.pdf,TWSE_MOPS_T57SB01_OFFICIAL_DOCUMENT_UPLOAD,c8bfe6cf88660b59b5c39eaaa1e816028567eb64819917ef42f104cc8606b01f,bd5e45feb8e46fad4929f3c34abda64d79d82245d5de674cb0c8a7c1da94bcb2,EXACT_MATCH,MOPS_SINGLE_ELIGIBLE_FILING,d605a6abdf45e4259531ac20432d87df3e6cfb086477ab4206563d033586104e
2885,2024-03-31,2024,1,2024-05-22,2024-05-22T16:16:43+08:00,2024-05-22,2024-05-22,2024-05-23,MOPS_EXACT,official_timestamp_second_precision,CONSOLIDATED,202401_2885_AI1.pdf,TWSE_MOPS_T57SB01_OFFICIAL_DOCUMENT_UPLOAD,c8bfe6cf88660b59b5c39eaaa1e816028567eb64819917ef42f104cc8606b01f,5f0ec32aaf4119d1dd3316f9a1bf26d95ebba56178b9b9ce2642b4ac151590ff,EXACT_MATCH,MOPS_SINGLE_ELIGIBLE_FILING,7d803695adfaa584086d7923632c5f3028084cc96e94aa1c658a8fd4e5d9700e
2885,2024-06-30,2024,2,2024-08-23,2024-08-23T16:13:06+08:00,2024-08-23,2024-08-23,2024-08-26,MOPS_EXACT,official_timestamp_second_precision,CONSOLIDATED,202402_2885_AI1.pdf,TWSE_MOPS_T57SB01_OFFICIAL_DOCUMENT_UPLOAD,c8bfe6cf88660b59b5c39eaaa1e816028567eb64819917ef42f104cc8606b01f,ac87f58a429d515cd6915ed1e4a0a240f0105bfe55096c7ca2eaa769feada812,EXACT_MATCH,MOPS_SINGLE_ELIGIBLE_FILING,a6d797e96d0bcf37c84ba3094f3155f8b32e39a85cad97fe1d77ca29b901891a
2885,2024-09-30,2024,3,2024-11-20,2024-11-20T16:25:21+08:00,2024-11-20,2024-11-20,2024-11-21,MOPS_EXACT,official_timestamp_second_precision,CONSOLIDATED,202403_2885_AI1.pdf,TWSE_MOPS_T57SB01_OFFICIAL_DOCUMENT_UPLOAD,c8bfe6cf88660b59b5c39eaaa1e816028567eb64819917ef42f104cc8606b01f,35f5fb62a838ee96d02d50239222049dcc82c33a41ab3428c5f94fb2571abcb2,EXACT_MATCH,MOPS_SINGLE_ELIGIBLE_FILING,7cc3719186c8d44eb7203687af432fcca32209ff2c5157be85ce5e2285c8f6a9
2885,2024-12-31,2024,4,2025-03-14,2025-03-14T16:28:20+08:00,2025-03-14,2025-03-14,2025-03-17,MOPS_EXACT,official_timestamp_second_precision,CONSOLIDATED,202404_2885_AI1.pdf,TWSE_MOPS_T57SB01_OFFICIAL_DOCUMENT_UPLOAD,c8bfe6cf88660b59b5c39eaaa1e816028567eb64819917ef42f104cc8606b01f,bdc0f78b96fe975fd8d75ec63d3b73f479900742a7926e99a7b52dc45000c54c,EXACT_MATCH,MOPS_SINGLE_ELIGIBLE_FILING,ebd87bd58cf798df8d5921909b48c4f44c20c7d52433dd5ae57318493887f7d0
2885,2025-03-31,2025,1,2025-05-22,2025-05-22T16:19:22+08:00,2025-05-22,2025-05-22,2025-05-23,MOPS_EXACT,official_timestamp_second_precision,CONSOLIDATED,202501_2885_AI1.pdf,TWSE_MOPS_T57SB01_OFFICIAL_DOCUMENT_UPLOAD,c8bfe6cf88660b59b5c39eaaa1e816028567eb64819917ef42f104cc8606b01f,15afc3f5b16d2e2a617dfbdb7874832faa1c3694bdaf809f666c28d695009d47,EXACT_MATCH,MOPS_SINGLE_ELIGIBLE_FILING,7fff58e9d44bca929463c2736ac3fc5a41eafb74261d7af3cf4ee5ac868a6d56
2885,2025-06-30,2025,2,2025-08-22,2025-08-22T16:35:10+08:00,2025-08-22,2025-08-22,2025-08-25,MOPS_EXACT,official_timestamp_second_precision,CONSOLIDATED,202502_2885_AI1.pdf,TWSE_MOPS_T57SB01_OFFICIAL_DOCUMENT_UPLOAD,c8bfe6cf88660b59b5c39eaaa1e816028567eb64819917ef42f104cc8606b01f,a50bc41ebf121725a9460c2745c1a51f17a59cd851241de082111493f13065fe,EXACT_MATCH,MOPS_SINGLE_ELIGIBLE_FILING,e5f1e33f0ea83f5e69db2ff1fa467baed17e64f41b0936744553057d5aed5344
2885,2025-09-30,2025,3,2025-11-21,2025-11-21T16:35:31+08:00,2025-11-21,2025-11-21,2025-11-24,MOPS_EXACT,official_timestamp_second_precision,CONSOLIDATED,202503_2885_AI1.pdf,TWSE_MOPS_T57SB01_OFFICIAL_DOCUMENT_UPLOAD,c8bfe6cf88660b59b5c39eaaa1e816028567eb64819917ef42f104cc8606b01f,6ab0dcfc2a3962d971a64cb792c958f0a38da2c3cb381f236a342b2f603890d1,EXACT_MATCH,MOPS_SINGLE_ELIGIBLE_FILING,180890ea96f4829c970f4bc1266299b97f12c5e9e979a9646cebf8388f577b95
2885,2025-12-31,2025,4,2026-03-13,2026-03-13T16:53:44+08:00,2026-03-13,2026-03-13,2026-03-16,MOPS_EXACT,official_timestamp_second_precision,CONSOLIDATED,202504_2885_AI1.pdf,TWSE_MOPS_T57SB01_OFFICIAL_DOCUMENT_UPLOAD,c8bfe6cf88660b59b5c39eaaa1e816028567eb64819917ef42f104cc8606b01f,b83507b0d0954e52000e96a2005f764cca1d89eada63fde0e84b2bafb3fb5505,EXACT_MATCH,MOPS_SINGLE_ELIGIBLE_FILING,2cbfc524e6c600dd087ea7dc5b3dfcb213324cd7dea5e7a8eebe9496c01a1215
2885,2026-03-31,2026,1,2026-05-22,2026-05-22T16:34:14+08:00,2026-05-22,2026-05-22,2026-05-25,MOPS_EXACT,official_timestamp_second_precision,CONSOLIDATED,202601_2885_AI1.pdf,TWSE_MOPS_T57SB01_OFFICIAL_DOCUMENT_UPLOAD,c8bfe6cf88660b59b5c39eaaa1e816028567eb64819917ef42f104cc8606b01f,95424c0cd174827a19335dd9f811116d338a8a231585437685a4b4c478c4de99,EXACT_MATCH,MOPS_SINGLE_ELIGIBLE_FILING,08da1f9b0e5d7af9d1ad97cc894003e4f4d064bad32b494d42edf62e566c0853
2885,2026-06-30,2026,2,2026-08-24,2026-08-24T17:16:18+08:00,2026-08-24,2026-08-24,2026-08-25,MOPS_EXACT,official_timestamp_second_precision,CONSOLIDATED,202602_2885_AI1.pdf,TWSE_MOPS_T57SB01_OFFICIAL_DOCUMENT_UPLOAD,c8bfe6cf88660b59b5c39eaaa1e816028567eb64819917ef42f104cc8606b01f,0f4b9bc92a17a5f5fc5d00c74ec4553af0ded2313dca2afd2783e2b36d5a88f8,EXACT_MATCH,MOPS_SINGLE_ELIGIBLE_FILING,1c2fdaf5e61d64032d32babe6131966f2729b46b9c6623be37feaf5a3d02c4dd
2886,2016-03-31,2016,1,2016-05-24,2016-05-24T16:17:46+08:00,2016-05-24,2016-05-24,2016-05-25,MOPS_EXACT,official_timestamp_second_precision,CONSOLIDATED,201601_2886_AI1.pdf,TWSE_MOPS_T57SB01_OFFICIAL_DOCUMENT_UPLOAD,3cbb126c7b8dc8e86c17aff98f62e0935ae296abebed9e41a31a303db1ca461d,4512b2aabdd49ae291d19e2d9eab1a66905a52dfa52f02e511eed208c38501f9,EXACT_MATCH,MOPS_SINGLE_ELIGIBLE_FILING,8b0ddcce1fb67880ce751eb1baf2fcf470d5d56a83db85d9856bda52f422c8b4
2886,2016-06-30,2016,2,2016-08-30,2016-08-30T08:33:22+08:00,2016-08-30,2016-08-30,2016-08-31,MOPS_EXACT,official_timestamp_second_precision,CONSOLIDATED,201602_2886_AI1.pdf,TWSE_MOPS_T57SB01_OFFICIAL_DOCUMENT_UPLOAD,3cbb126c7b8dc8e86c17aff98f62e0935ae296abebed9e41a31a303db1ca461d,829ec2a4ab9630201d476d2e5cb63405c0402f020bd73bb20949f45ad4daf490,EXACT_MATCH,MOPS_SINGLE_ELIGIBLE_FILING,c0cc3159e1e62f4adbe9f85c0f89bff1b2d34e5e0c1008a2e91c041e37b87494
2886,2016-09-30,2016,3,2016-11-28,2016-11-28T14:41:24+08:00,2016-11-28,2016-11-28,2016-11-29,MOPS_EXACT,official_timestamp_second_precision,CONSOLIDATED,201603_2886_AI1.pdf,TWSE_MOPS_T57SB01_OFFICIAL_DOCUMENT_UPLOAD,3cbb126c7b8dc8e86c17aff98f62e0935ae296abebed9e41a31a303db1ca461d,473af973266d0909295a76abf1615857eacd7b6d2aae26e69b46ab19ffbee005,EXACT_MATCH,MOPS_SINGLE_ELIGIBLE_FILING,7af2ce18a4d167405b6910a9071e42e7d4ee5db1d1a47acf2e7975ee3f07b7eb
2886,2016-12-31,2016,4,2017-03-31,2017-03-31T13:34:31+08:00,2017-03-31,2017-03-31,2017-04-05,MOPS_EXACT,official_timestamp_second_precision,CONSOLIDATED,201604_2886_AI1.pdf,TWSE_MOPS_T57SB01_OFFICIAL_DOCUMENT_UPLOAD,3cbb126c7b8dc8e86c17aff98f62e0935ae296abebed9e41a31a303db1ca461d,5a7dae096505a48addf4ee231d8e8a0f4bb59a04a141ac46df8a2d484025e54a,EXACT_MATCH,MOPS_SINGLE_ELIGIBLE_FILING,3901c8e7d1d9a39d100cd68e5cb7491392e2e7b7973f6180f61d906e04fd1d9a
2886,2017-03-31,2017,1,2017-05-23,2017-05-23T17:36:03+08:00,2017-05-23,2017-05-23,2017-05-24,MOPS_EXACT,official_timestamp_second_precision,CONSOLIDATED,201701_2886_AI1.pdf,TWSE_MOPS_T57SB01_OFFICIAL_DOCUMENT_UPLOAD,3cbb126c7b8dc8e86c17aff98f62e0935ae296abebed9e41a31a303db1ca461d,554becde2d1958ffbe25acaeba69b0ae758522d2f7aac4478c70316fe5d6c996,EXACT_MATCH,MOPS_SINGLE_ELIGIBLE_FILING,66dc5b029f2eba63fee190d03c7884f0dd5d7fb4bc348024f3eee7bf31456eb9
2886,2017-06-30,2017,2,2017-08-29,2017-08-29T17:15:38+08:00,2017-08-29,2017-08-29,2017-08-30,MOPS_EXACT,official_timestamp_second_precision,CONSOLIDATED,201702_2886_AI1.pdf,TWSE_MOPS_T57SB01_OFFICIAL_DOCUMENT_UPLOAD,3cbb126c7b8dc8e86c17aff98f62e0935ae296abebed9e41a31a303db1ca461d,28f5d119c345284ea0238f5aaf30a6f295a1a3b99906c24739931fd94e26c669,EXACT_MATCH,MOPS_SINGLE_ELIGIBLE_FILING,5adff83116510f96a22127467393af85ef2dec118802630b10516c44830231ed
2886,2017-09-30,2017,3,2017-11-29,2017-11-29T13:42:15+08:00,2017-11-29,2017-11-29,2017-11-30,MOPS_EXACT,official_timestamp_second_precision,CONSOLIDATED,201703_2886_AI1.pdf,TWSE_MOPS_T57SB01_OFFICIAL_DOCUMENT_UPLOAD,3cbb126c7b8dc8e86c17aff98f62e0935ae296abebed9e41a31a303db1ca461d,da95bff2852f2700005a16a15492925de58aa80ceaabb562d136e0a5b6c758be,EXACT_MATCH,MOPS_SINGLE_ELIGIBLE_FILING,ccd90c73f59691033a1290fc7c4d3ff56bc691a22ac72e2770727a4d6fc45470
2886,2017-12-31,2017,4,2018-03-30,2018-03-30T13:58:23+08:00,2018-03-30,2018-03-30,2018-03-31,MOPS_EXACT,official_timestamp_second_precision,CONSOLIDATED,201704_2886_AI1.pdf,TWSE_MOPS_T57SB01_OFFICIAL_DOCUMENT_UPLOAD,3cbb126c7b8dc8e86c17aff98f62e0935ae296abebed9e41a31a303db1ca461d,b33d762fc56dc17d446d3516f33ad6dd29705b6c22a961a1ba5364adfe21d801,EXACT_MATCH,MOPS_SINGLE_ELIGIBLE_FILING,78c5b968733e3ec941f112aacaa1e7770c0dc139371448a448671c80952abc8a
2886,2018-03-31,2018,1,2018-05-28,2018-05-28T08:43:20+08:00,2018-05-28,2018-05-28,2018-05-29,MOPS_EXACT,official_timestamp_second_precision,CONSOLIDATED,201801_2886_AI1.pdf,TWSE_MOPS_T57SB01_OFFICIAL_DOCUMENT_UPLOAD,3cbb126c7b8dc8e86c17aff98f62e0935ae296abebed9e41a31a303db1ca461d,92970a7406b101d172fefade6da342f93fb69ed14ced61b347110c72eb4e02e2,EXACT_MATCH,MOPS_SINGLE_ELIGIBLE_FILING,4e218926a85f4a0256065a614a20c91aa4567480814c6f886b3cc3d601dd105d
2886,2018-06-30,2018,2,2018-08-30,2018-08-30T13:45:18+08:00,2018-08-30,2018-08-30,2018-08-31,MOPS_EXACT,official_timestamp_second_precision,CONSOLIDATED,201802_2886_AI1.pdf,TWSE_MOPS_T57SB01_OFFICIAL_DOCUMENT_UPLOAD,3cbb126c7b8dc8e86c17aff98f62e0935ae296abebed9e41a31a303db1ca461d,49e5b9962cd3016385dc9c736be7a875ebbae54b2ed529715142a1176ad900d1,EXACT_MATCH,MOPS_SINGLE_ELIGIBLE_FILING,759192549574eb7745f6408d0e7e58e4bdc0100550c8d8d31d22c63199f30bb6
2886,2018-09-30,2018,3,2018-11-28,2018-11-28T16:03:56+08:00,2018-11-28,2018-11-28,2018-11-29,MOPS_EXACT,official_timestamp_second_precision,CONSOLIDATED,201803_2886_AI1.pdf,TWSE_MOPS_T57SB01_OFFICIAL_DOCUMENT_UPLOAD,3cbb126c7b8dc8e86c17aff98f62e0935ae296abebed9e41a31a303db1ca461d,56ee9bb4a29976284e7153d174b97a8fbd2a3baeeb6ba0336967d53adff6b7f7,EXACT_MATCH,MOPS_SINGLE_ELIGIBLE_FILING,89c0e49c0a895db162cb3dc0c3360d318e57ace00938fbcad48f5aa8ed692e3a
2886,2018-12-31,2018,4,2019-03-28,2019-03-28T16:47:10+08:00,2019-03-28,2019-03-28,2019-03-29,MOPS_EXACT,official_timestamp_second_precision,CONSOLIDATED,201804_2886_AI1.pdf,TWSE_MOPS_T57SB01_OFFICIAL_DOCUMENT_UPLOAD,3cbb126c7b8dc8e86c17aff98f62e0935ae296abebed9e41a31a303db1ca461d,627ca357e2e53c06523dc9aa853fc155384a3aa1ae4ae19682b804d8a2be91bf,EXACT_MATCH,MOPS_SINGLE_ELIGIBLE_FILING,f8ad42bfca23c6ff378f2074df756d3a6c64929b8bfc07240fe88f9198b815fd
2886,2019-03-31,2019,1,2019-05-29,2019-05-29T14:28:49+08:00,2019-05-29,2019-05-29,2019-05-30,MOPS_EXACT,official_timestamp_second_precision,CONSOLIDATED,201901_2886_AI1.pdf,TWSE_MOPS_T57SB01_OFFICIAL_DOCUMENT_UPLOAD,3cbb126c7b8dc8e86c17aff98f62e0935ae296abebed9e41a31a303db1ca461d,9d113e63a9612b9084fed61403aefc00a93eba9372a79d299afcd5d0398684b2,EXACT_MATCH,MOPS_SINGLE_ELIGIBLE_FILING,11b2a0e5391cf22c39d5a55d727753506bafc0d2ed3fd0a5a5aeec23d9ab8d32
2886,2019-06-30,2019,2,2019-08-30,2019-08-30T08:50:51+08:00,2019-08-30,2019-08-30,2019-09-02,MOPS_EXACT,official_timestamp_second_precision,CONSOLIDATED,201902_2886_AI1.pdf,TWSE_MOPS_T57SB01_OFFICIAL_DOCUMENT_UPLOAD,3cbb126c7b8dc8e86c17aff98f62e0935ae296abebed9e41a31a303db1ca461d,045d9afb5202841ed3bcd91747d88f06c4c8e698d7b42a719cec4f7eb0668a08,EXACT_MATCH,MOPS_SINGLE_ELIGIBLE_FILING,7c8908a20824f0837ef3c0e07d87c4be5ff9214a9d6db346ab6800d4a9d909d1
2886,2019-09-30,2019,3,2019-11-28,2019-11-28T13:20:15+08:00,2019-11-28,2019-11-28,2019-11-29,MOPS_EXACT,official_timestamp_second_precision,CONSOLIDATED,201903_2886_AI1.pdf,TWSE_MOPS_T57SB01_OFFICIAL_DOCUMENT_UPLOAD,3cbb126c7b8dc8e86c17aff98f62e0935ae296abebed9e41a31a303db1ca461d,2bf43aff074c5f1ecec96c9db4846511d9e59a1d8b1063c39ec21143e9596610,EXACT_MATCH,MOPS_SINGLE_ELIGIBLE_FILING,bd6c2992ae6bb16148b16280048247476944da85aaf778df8756dcfb54afff7b
2886,2019-12-31,2019,4,2020-03-31,2020-03-31T08:33:05+08:00,2020-03-31,2020-03-31,2020-04-01,MOPS_EXACT,official_timestamp_second_precision,CONSOLIDATED,201904_2886_AI1.pdf,TWSE_MOPS_T57SB01_OFFICIAL_DOCUMENT_UPLOAD,3cbb126c7b8dc8e86c17aff98f62e0935ae296abebed9e41a31a303db1ca461d,31a57b322d516ca4a353361675c64a575b34f135f64a3c2eee71873693b2dac8,EXACT_MATCH,MOPS_SINGLE_ELIGIBLE_FILING,d7373ebf33c76f84667d1620fa385127afc5653fcef2224e03d18344e2be6cb9
2886,2020-03-31,2020,1,2020-05-29,2020-05-29T08:55:48+08:00,2020-05-29,2020-05-29,2020-06-01,MOPS_EXACT,official_timestamp_second_precision,CONSOLIDATED,202001_2886_AI1.pdf,TWSE_MOPS_T57SB01_OFFICIAL_DOCUMENT_UPLOAD,3cbb126c7b8dc8e86c17aff98f62e0935ae296abebed9e41a31a303db1ca461d,614ce7c5524133add0c27c4112b56169c70ceef17c9a7ad092e8b1cb91140bb1,EXACT_MATCH,MOPS_SINGLE_ELIGIBLE_FILING,73652056be440d21935cc5aaf4f228a8364c609f1991bd05fde7eb7d2a40d763
2886,2020-06-30,2020,2,2020-08-28,2020-08-28T16:57:13+08:00,2020-08-28,2020-08-28,2020-08-31,MOPS_EXACT,official_timestamp_second_precision,CONSOLIDATED,202002_2886_AI1.pdf,TWSE_MOPS_T57SB01_OFFICIAL_DOCUMENT_UPLOAD,3cbb126c7b8dc8e86c17aff98f62e0935ae296abebed9e41a31a303db1ca461d,dd8b49e0f5d035f408ac8991a564121ed6eef16cb80bc29e558ada651a07037e,EXACT_MATCH,MOPS_SINGLE_ELIGIBLE_FILING,a1dc1a3f063602acfbc95f4e844beac7fece50b641575d7f52bbfb2f33a411d4
2886,2020-09-30,2020,3,2020-11-25,2020-11-25T16:58:38+08:00,2020-11-25,2020-11-25,2020-11-26,MOPS_EXACT,official_timestamp_second_precision,CONSOLIDATED,202003_2886_AI1.pdf,TWSE_MOPS_T57SB01_OFFICIAL_DOCUMENT_UPLOAD,3cbb126c7b8dc8e86c17aff98f62e0935ae296abebed9e41a31a303db1ca461d,cbf52ec75899cb5cd17892c7d115e73b586e3f57700e6e296ccd0f236196039b,EXACT_MATCH,MOPS_SINGLE_ELIGIBLE_FILING,07d2dd1da54af6222c185ffd553dbbe0058c9be788f876c4827b4fec826cb6bc
2886,2020-12-31,2020,4,2021-03-30,2021-03-30T13:46:44+08:00,2021-03-30,2021-03-30,2021-03-31,MOPS_EXACT,official_timestamp_second_precision,CONSOLIDATED,202004_2886_AI1.pdf,TWSE_MOPS_T57SB01_OFFICIAL_DOCUMENT_UPLOAD,3cbb126c7b8dc8e86c17aff98f62e0935ae296abebed9e41a31a303db1ca461d,7a0d1842fd9e29da6710be53119ad9207660b1c8ccdb407a7f6b6902485e2cee,EXACT_MATCH,MOPS_SINGLE_ELIGIBLE_FILING,ee85d51ed118245500662748f263da96f6be398f19b17a40a9db93b9e5747a3c
2886,2021-03-31,2021,1,2021-05-27,2021-05-27T13:47:30+08:00,2021-05-27,2021-05-27,2021-05-28,MOPS_EXACT,official_timestamp_second_precision,CONSOLIDATED,202101_2886_AI1.pdf,TWSE_MOPS_T57SB01_OFFICIAL_DOCUMENT_UPLOAD,3cbb126c7b8dc8e86c17aff98f62e0935ae296abebed9e41a31a303db1ca461d,edb94176bdcda0c7607594d4875280c2b4e27135d0934f0b6571cace45c50ee1,EXACT_MATCH,MOPS_SINGLE_ELIGIBLE_FILING,84c0548060fba4b12519ffa0190ac822d4191836b4a8d1f0323ee5ffd9430f62
2886,2021-06-30,2021,2,2021-08-27,2021-08-27T14:37:45+08:00,2021-08-27,2021-08-27,2021-08-30,MOPS_EXACT,official_timestamp_second_precision,CONSOLIDATED,202102_2886_AI1.pdf,TWSE_MOPS_T57SB01_OFFICIAL_DOCUMENT_UPLOAD,3cbb126c7b8dc8e86c17aff98f62e0935ae296abebed9e41a31a303db1ca461d,e132a7ebd433b7adda5ad5e1a95cf618830d66a87521820d015316210d2f7bde,EXACT_MATCH,MOPS_SINGLE_ELIGIBLE_FILING,ba0e9b8906d1e6c45e2a869556976c56716cbfcb08c0338bbc02394fa1a7cfcb
2886,2021-09-30,2021,3,2021-11-26,2021-11-26T13:49:35+08:00,2021-11-26,2021-11-26,2021-11-29,MOPS_EXACT,official_timestamp_second_precision,CONSOLIDATED,202103_2886_AI1.pdf,TWSE_MOPS_T57SB01_OFFICIAL_DOCUMENT_UPLOAD,3cbb126c7b8dc8e86c17aff98f62e0935ae296abebed9e41a31a303db1ca461d,01cf998a50ecb61c905693374946ace827eae069be2524eb6a54b76f2c72daae,EXACT_MATCH,MOPS_SINGLE_ELIGIBLE_FILING,878cf36ccd7b7ac5ef057cc3453f5530ecc57d821d73ca3da36757f12a8e0a82
2886,2021-12-31,2021,4,2022-03-15,2022-03-15T19:24:41+08:00,2022-03-15,2022-03-15,2022-03-16,MOPS_EXACT,official_timestamp_second_precision,CONSOLIDATED,202104_2886_AI1.pdf,TWSE_MOPS_T57SB01_OFFICIAL_DOCUMENT_UPLOAD,3cbb126c7b8dc8e86c17aff98f62e0935ae296abebed9e41a31a303db1ca461d,d64bc2f4006f19c3705c6fbe7c4d1e1490e08d9d85aaad6dd5b5e24ae8cb64bc,EXACT_MATCH,MOPS_SINGLE_ELIGIBLE_FILING,94a68813b395f9a83dccf3503806130e15c8d494e12868f1967dc537543ff45b
2886,2022-03-31,2022,1,2022-05-26,2022-05-26T15:55:31+08:00,2022-05-26,2022-05-26,2022-05-27,MOPS_EXACT,official_timestamp_second_precision,CONSOLIDATED,202201_2886_AI1.pdf,TWSE_MOPS_T57SB01_OFFICIAL_DOCUMENT_UPLOAD,3cbb126c7b8dc8e86c17aff98f62e0935ae296abebed9e41a31a303db1ca461d,f652f22e7090b3564cdbd6ccb8bc3d62c5a1ec27bc6266237e1bcd06bba3e857,EXACT_MATCH,MOPS_SINGLE_ELIGIBLE_FILING,3b91343f0c976f2f0467316029679653397947cfdf4f9feac8428a9e423a1fb6
2886,2022-06-30,2022,2,2022-08-29,2022-08-29T15:09:56+08:00,2022-08-29,2022-08-29,2022-08-30,MOPS_EXACT,official_timestamp_second_precision,CONSOLIDATED,202202_2886_AI1.pdf,TWSE_MOPS_T57SB01_OFFICIAL_DOCUMENT_UPLOAD,3cbb126c7b8dc8e86c17aff98f62e0935ae296abebed9e41a31a303db1ca461d,7c5db1dca215c9d5e17123fb1409e375fda005c064f0dd464fb45ce5db97f352,EXACT_MATCH,MOPS_SINGLE_ELIGIBLE_FILING,a6bf5703f23f50d9fd034c67e5ad1e0068320a792c0bd301a9dd5f3aa0ef34d0
2886,2022-09-30,2022,3,2022-11-23,2022-11-23T16:28:51+08:00,2022-11-23,2022-11-23,2022-11-24,MOPS_EXACT,official_timestamp_second_precision,CONSOLIDATED,202203_2886_AI1.pdf,TWSE_MOPS_T57SB01_OFFICIAL_DOCUMENT_UPLOAD,3cbb126c7b8dc8e86c17aff98f62e0935ae296abebed9e41a31a303db1ca461d,59f59156a34277a3f9170e35e0bffb1d2b6a2627dac42f9d7dcf8e2521a0eb89,EXACT_MATCH,MOPS_SINGLE_ELIGIBLE_FILING,010975a972e98b164ff2b05f54a5389bb2c1ed3c81be1f14481d842f776aba64
2886,2022-12-31,2022,4,2023-03-15,2023-03-15T13:40:27+08:00,2023-03-15,2023-03-15,2023-03-16,MOPS_EXACT,official_timestamp_second_precision,CONSOLIDATED,202204_2886_AI1.pdf,TWSE_MOPS_T57SB01_OFFICIAL_DOCUMENT_UPLOAD,3cbb126c7b8dc8e86c17aff98f62e0935ae296abebed9e41a31a303db1ca461d,98713571436e9889ef0b894975f6a3d6574dee1907613259edf03c9a62310634,EXACT_MATCH,MOPS_SINGLE_ELIGIBLE_FILING,a8e44dbe404789a681a7999ae2e9ac1d85bb11adca34722ef3670966be6e5dc1
2886,2023-03-31,2023,1,2023-05-24,2023-05-24T14:16:54+08:00,2023-05-24,2023-05-24,2023-05-25,MOPS_EXACT,official_timestamp_second_precision,CONSOLIDATED,202301_2886_AI1.pdf,TWSE_MOPS_T57SB01_OFFICIAL_DOCUMENT_UPLOAD,3cbb126c7b8dc8e86c17aff98f62e0935ae296abebed9e41a31a303db1ca461d,620ba54e66dad27e037b56137b8cd4aa4a478790f52944a281f8c0c2bbd44528,EXACT_MATCH,MOPS_SINGLE_ELIGIBLE_FILING,6fd0b5f8d982ca297430950d0737393ec11af748c006db8e35b2d0d157589019
2886,2023-06-30,2023,2,2023-08-30,2023-08-30T13:43:33+08:00,2023-08-30,2023-08-30,2023-08-31,MOPS_EXACT,official_timestamp_second_precision,CONSOLIDATED,202302_2886_AI1.pdf,TWSE_MOPS_T57SB01_OFFICIAL_DOCUMENT_UPLOAD,3cbb126c7b8dc8e86c17aff98f62e0935ae296abebed9e41a31a303db1ca461d,a7b0ff0bf208b4b40c58c3d5f2117c3a3c3857c8543a3dfb5ab66a0bb62de474,EXACT_MATCH,MOPS_SINGLE_ELIGIBLE_FILING,b300b112349ad3868179770364df7ddd09c5939e31e5e98b66c6a18ac3cd1934
2886,2023-09-30,2023,3,2023-11-28,2023-11-28T17:45:37+08:00,2023-11-28,2023-11-28,2023-11-29,MOPS_EXACT,official_timestamp_second_precision,CONSOLIDATED,202303_2886_AI1.pdf,TWSE_MOPS_T57SB01_OFFICIAL_DOCUMENT_UPLOAD,3cbb126c7b8dc8e86c17aff98f62e0935ae296abebed9e41a31a303db1ca461d,8fa04d8251ad0d235ee1efe6bfc46e29ef27a4ddaab54c10915110a80d5f1fde,EXACT_MATCH,MOPS_SINGLE_ELIGIBLE_FILING,2bbb6138341deeca0c7596d8bf0b2b60d490d6f45d3900b0ea4e1d611992b159
2886,2023-12-31,2023,4,2024-03-13,2024-03-13T17:23:59+08:00,2024-03-13,2024-03-13,2024-03-14,MOPS_EXACT,official_timestamp_second_precision,CONSOLIDATED,202304_2886_AI1.pdf,TWSE_MOPS_T57SB01_OFFICIAL_DOCUMENT_UPLOAD,3cbb126c7b8dc8e86c17aff98f62e0935ae296abebed9e41a31a303db1ca461d,f494d65aaec85d0fdfecbc970afa78dda9e4a435bcdba57e35130ec0fd1cee65,EXACT_MATCH,MOPS_SINGLE_ELIGIBLE_FILING,da4a4ccd0df1ea58316c0b25be86f7a22cc10e3c4532424bb990377b80fa78fb
2886,2024-03-31,2024,1,2024-05-28,2024-05-28T17:38:54+08:00,2024-05-28,2024-05-28,2024-05-29,MOPS_EXACT,official_timestamp_second_precision,CONSOLIDATED,202401_2886_AI1.pdf,TWSE_MOPS_T57SB01_OFFICIAL_DOCUMENT_UPLOAD,3cbb126c7b8dc8e86c17aff98f62e0935ae296abebed9e41a31a303db1ca461d,6f215b5c7a20d380a75011c8e92baab746778e59909c50011917efbc7c646e65,EXACT_MATCH,MOPS_SINGLE_ELIGIBLE_FILING,2d51bc1da96acb101d18fd147552ea892b74c820953c6c736e97712c555eb873
2886,2024-06-30,2024,2,2024-08-28,2024-08-28T13:47:14+08:00,2024-08-28,2024-08-28,2024-08-29,MOPS_EXACT,official_timestamp_second_precision,CONSOLIDATED,202402_2886_AI1.pdf,TWSE_MOPS_T57SB01_OFFICIAL_DOCUMENT_UPLOAD,3cbb126c7b8dc8e86c17aff98f62e0935ae296abebed9e41a31a303db1ca461d,4d649062562b6e95c89fc89c32e961992b760409a666752359543438e84684d9,EXACT_MATCH,MOPS_SINGLE_ELIGIBLE_FILING,2ae8b0b6bc40f584c33f74c5e37f02ce4a9ac5cc4566743694c4e8e5c50108fa
2886,2024-09-30,2024,3,2024-11-26,2024-11-26T17:59:54+08:00,2024-11-26,2024-11-26,2024-11-27,MOPS_EXACT,official_timestamp_second_precision,CONSOLIDATED,202403_2886_AI1.pdf,TWSE_MOPS_T57SB01_OFFICIAL_DOCUMENT_UPLOAD,3cbb126c7b8dc8e86c17aff98f62e0935ae296abebed9e41a31a303db1ca461d,b4af7c82844f9b4f6c0e7b4acf4bd1ed8f09c5bbce7ed31a3cf8bd42af532435,EXACT_MATCH,MOPS_SINGLE_ELIGIBLE_FILING,e7ce5214aa8566f1bd94a6d3b0cd65ce8ba0636d34b4b7d287b8c5c6aa5d9356
2886,2024-12-31,2024,4,2025-02-26,2025-02-26T17:50:32+08:00,2025-02-26,2025-02-26,2025-02-27,MOPS_EXACT,official_timestamp_second_precision,CONSOLIDATED,202404_2886_AI1.pdf,TWSE_MOPS_T57SB01_OFFICIAL_DOCUMENT_UPLOAD,3cbb126c7b8dc8e86c17aff98f62e0935ae296abebed9e41a31a303db1ca461d,60357dd7ae694f2621658a6f48214a6e8c6493c42ae5276e578f0a00d8ee23e5,EXACT_MATCH,MOPS_SINGLE_ELIGIBLE_FILING,5d07a16f2c2f9212846f824c54aa3f97676878339d275d38021f5199d5d1eb60
2886,2025-03-31,2025,1,2025-05-21,2025-05-21T15:11:56+08:00,2025-05-21,2025-05-21,2025-05-22,MOPS_EXACT,official_timestamp_second_precision,CONSOLIDATED,202501_2886_AI1.pdf,TWSE_MOPS_T57SB01_OFFICIAL_DOCUMENT_UPLOAD,3cbb126c7b8dc8e86c17aff98f62e0935ae296abebed9e41a31a303db1ca461d,d4c3cf2afb772a24196f94e8f05124b8e3a60b668a01e922fd1d59cef8feb0ce,EXACT_MATCH,MOPS_SINGLE_ELIGIBLE_FILING,ec2ec677434f648699392ed4790f5f2f17b45831d0614e6855f2b8479fc3dbd3
2886,2025-06-30,2025,2,2025-08-27,2025-08-27T15:15:03+08:00,2025-08-27,2025-08-27,2025-08-28,MOPS_EXACT,official_timestamp_second_precision,CONSOLIDATED,202502_2886_AI1.pdf,TWSE_MOPS_T57SB01_OFFICIAL_DOCUMENT_UPLOAD,3cbb126c7b8dc8e86c17aff98f62e0935ae296abebed9e41a31a303db1ca461d,5b75f6db00c9843130bec6aa08bf0bd44d98b9cefec8267e6ff0e664dffa4d24,EXACT_MATCH,MOPS_SINGLE_ELIGIBLE_FILING,7efce466c77ff0065d2c4b404f2e836bdce98020134fd72f86218bcdad59c2f0
2886,2025-09-30,2025,3,2025-11-20,2025-11-20T15:23:02+08:00,2025-11-20,2025-11-20,2025-11-21,MOPS_EXACT,official_timestamp_second_precision,CONSOLIDATED,202503_2886_AI1.pdf,TWSE_MOPS_T57SB01_OFFICIAL_DOCUMENT_UPLOAD,3cbb126c7b8dc8e86c17aff98f62e0935ae296abebed9e41a31a303db1ca461d,244039af2bd7aaeb8b1cc491689958328caee457e852a8a8ac54975a53b7d2c5,EXACT_MATCH,MOPS_SINGLE_ELIGIBLE_FILING,94699944b2e5243960f4826033345aac1c1a4d1defe8c8e84926d1a0ed25b401
2886,2025-12-31,2025,4,2026-03-16,2026-03-16T13:40:07+08:00,2026-03-16,2026-03-16,2026-03-17,MOPS_EXACT,official_timestamp_second_precision,CONSOLIDATED,202504_2886_AI1.pdf,TWSE_MOPS_T57SB01_OFFICIAL_DOCUMENT_UPLOAD,3cbb126c7b8dc8e86c17aff98f62e0935ae296abebed9e41a31a303db1ca461d,48c37473f44a3cefca6a7b7222bad7df7bdaf0b97a8052f551410289eecbc1d1,EXACT_MATCH,MOPS_SINGLE_ELIGIBLE_FILING,2b3ad2718bd18382af9f0d3d2ac3f4878b63e1a12198850cb4f93711e15e4f76
2886,2026-03-31,2026,1,2026-05-20,2026-05-20T15:23:02+08:00,2026-05-20,2026-05-20,2026-05-21,MOPS_EXACT,official_timestamp_second_precision,CONSOLIDATED,202601_2886_AI1.pdf,TWSE_MOPS_T57SB01_OFFICIAL_DOCUMENT_UPLOAD,3cbb126c7b8dc8e86c17aff98f62e0935ae296abebed9e41a31a303db1ca461d,186b52942fc5ffb07276392bbe23ab143cac9bae4fdd16f29ea2c93350aa8ab7,EXACT_MATCH,MOPS_SINGLE_ELIGIBLE_FILING,52af459112531595b7978f6e81b7618b5972292ae71e9eadce67a933980f32dc
2886,2026-06-30,2026,2,2026-08-27,2026-08-27T15:13:29+08:00,2026-08-27,2026-08-27,2026-08-28,MOPS_EXACT,official_timestamp_second_precision,CONSOLIDATED,202602_2886_AI1.pdf,TWSE_MOPS_T57SB01_OFFICIAL_DOCUMENT_UPLOAD,3cbb126c7b8dc8e86c17aff98f62e0935ae296abebed9e41a31a303db1ca461d,8bcd2016ca5a3c8ecddb041c74b4e9bbe5f134d6f265e50d73d2fc2a5afbb2a2,EXACT_MATCH,MOPS_SINGLE_ELIGIBLE_FILING,e029378a85946083044db5e419101769f670c08d0579a99b549559fdfc192895
2887,2016-03-31,2016,1,2016-05-27,2016-05-27T12:09:36+08:00,2016-05-27,2016-05-27,2016-05-30,MOPS_EXACT,official_timestamp_second_precision,CONSOLIDATED,201601_2887_AI1.pdf,TWSE_MOPS_T57SB01_OFFICIAL_DOCUMENT_UPLOAD,9a455f5bc81e1aceda8a70a93439471110fda81902b3236ddb0a382416f6cb65,3010e44af77f8e49ea6f27258b6c9154b81bc5f449d6f1d43d5db1e14e9d1242,EXACT_MATCH,MOPS_SINGLE_ELIGIBLE_FILING,2de54a03811dea4f81a3955a8cfdefe309214c8fce3ccb5f429005d1125d0213
2887,2016-06-30,2016,2,2016-08-30,2016-08-30T15:03:46+08:00,2016-08-30,2016-08-30,2016-08-31,MOPS_EXACT,official_timestamp_second_precision,CONSOLIDATED,201602_2887_AI1.pdf,TWSE_MOPS_T57SB01_OFFICIAL_DOCUMENT_UPLOAD,9a455f5bc81e1aceda8a70a93439471110fda81902b3236ddb0a382416f6cb65,4389fd263636f85e33e66039676b660043d338bbd08e29e3a133183df6bc1699,EXACT_MATCH,MOPS_SINGLE_ELIGIBLE_FILING,254fc8bfe0304ff40bc371ea6065d64e08b5fc3aaa55c79faa30940837705ce9
2887,2016-09-30,2016,3,2016-11-28,2016-11-28T10:46:48+08:00,2016-11-28,2016-11-28,2016-11-29,MOPS_EXACT,official_timestamp_second_precision,CONSOLIDATED,201603_2887_AI1.pdf,TWSE_MOPS_T57SB01_OFFICIAL_DOCUMENT_UPLOAD,9a455f5bc81e1aceda8a70a93439471110fda81902b3236ddb0a382416f6cb65,592873b62a0c781a926671ae7bfd67e4dd379fd26e7c7e1edf3bf493d5adf520,EXACT_MATCH,MOPS_SINGLE_ELIGIBLE_FILING,fc5f916575eaa3bc834c4c3cc0f1c7794556ea1bb3557e0790a807f04dc85818
2887,2016-12-31,2016,4,2017-02-24,2017-02-24T14:53:17+08:00,2017-02-24,2017-02-24,2017-03-01,MOPS_EXACT,official_timestamp_second_precision,CONSOLIDATED,201604_2887_AI1.pdf,TWSE_MOPS_T57SB01_OFFICIAL_DOCUMENT_UPLOAD,9a455f5bc81e1aceda8a70a93439471110fda81902b3236ddb0a382416f6cb65,69b5ed25176ecaa5aff6848c2346b274991c24748d1d03ae67776af79caaee93,EXACT_MATCH,MOPS_SINGLE_ELIGIBLE_FILING,d57a7d6a6fadeb41a67ecf0dab500a7d44bb459c4549ed59884c19d098143d68
2887,2017-03-31,2017,1,2017-05-26,2017-05-26T09:13:30+08:00,2017-05-26,2017-05-26,2017-05-31,MOPS_EXACT,official_timestamp_second_precision,CONSOLIDATED,201701_2887_AI1.pdf,TWSE_MOPS_T57SB01_OFFICIAL_DOCUMENT_UPLOAD,9a455f5bc81e1aceda8a70a93439471110fda81902b3236ddb0a382416f6cb65,27378bad771fba98bc510da68e116b75e2af4ff62a8d874327dbac8e3b963581,EXACT_MATCH,MOPS_SINGLE_ELIGIBLE_FILING,2ab70e2ad5d265072049fe92e916846cbfd50027d752f4b3fe3f4637ee36b3cb
2887,2017-06-30,2017,2,2017-08-31,2017-08-31T14:46:27+08:00,2017-08-31,2017-08-31,2017-09-01,MOPS_EXACT,official_timestamp_second_precision,CONSOLIDATED,201702_2887_AI1.pdf,TWSE_MOPS_T57SB01_OFFICIAL_DOCUMENT_UPLOAD,9a455f5bc81e1aceda8a70a93439471110fda81902b3236ddb0a382416f6cb65,4ebb0cc4209e5e745dd363b9dee6faf0a10afbb4cea232b7b669143b9239efbb,EXACT_MATCH,MOPS_SINGLE_ELIGIBLE_FILING,205e0b0555828d5a959e96231f6b8a8b18d2a015b96c554cb9441d747677ff1d
2887,2017-09-30,2017,3,2017-11-28,2017-11-28T14:10:28+08:00,2017-11-28,2017-11-28,2017-11-29,MOPS_EXACT,official_timestamp_second_precision,CONSOLIDATED,201703_2887_AI1.pdf,TWSE_MOPS_T57SB01_OFFICIAL_DOCUMENT_UPLOAD,9a455f5bc81e1aceda8a70a93439471110fda81902b3236ddb0a382416f6cb65,ef8892d69504c9cf7163b8046ec5c36d162c107e3f02238df82ce6012a58bb1c,EXACT_MATCH,MOPS_SINGLE_ELIGIBLE_FILING,355a004da140d46817141f3140d2c9f0c4f4b9ef001f42c42349d7147a78285b
2887,2017-12-31,2017,4,2018-02-27,2018-02-27T14:39:47+08:00,2018-02-27,2018-02-27,2018-03-01,MOPS_EXACT,official_timestamp_second_precision,CONSOLIDATED,201704_2887_AI1.pdf,TWSE_MOPS_T57SB01_OFFICIAL_DOCUMENT_UPLOAD,9a455f5bc81e1aceda8a70a93439471110fda81902b3236ddb0a382416f6cb65,bd27e5e2654ce7f3fd56420151a620bd0cce46b414e117b5f8343141086f2bbe,EXACT_MATCH,MOPS_SINGLE_ELIGIBLE_FILING,7ec46625d59929fd9d6d66f2a1edca0eca4f303adfae18e937f229da960ccd70
2887,2018-03-31,2018,1,2018-05-30,2018-05-30T09:21:02+08:00,2018-05-30,2018-05-30,2018-05-31,MOPS_EXACT,official_timestamp_second_precision,CONSOLIDATED,201801_2887_AI1.pdf,TWSE_MOPS_T57SB01_OFFICIAL_DOCUMENT_UPLOAD,9a455f5bc81e1aceda8a70a93439471110fda81902b3236ddb0a382416f6cb65,d93481725cbf12a3d9e0674917ee73f5491dfb46992eb48edc6a64f62cca696a,EXACT_MATCH,MOPS_SINGLE_ELIGIBLE_FILING,7cc30fea9b1ba1a63ee150c4af91c7076858f486985c88b64596e4403f0573cb
2887,2018-06-30,2018,2,2018-08-31,2018-08-31T11:13:44+08:00,2018-08-31,2018-08-31,2018-09-03,MOPS_EXACT,official_timestamp_second_precision,CONSOLIDATED,201802_2887_AI1.pdf,TWSE_MOPS_T57SB01_OFFICIAL_DOCUMENT_UPLOAD,9a455f5bc81e1aceda8a70a93439471110fda81902b3236ddb0a382416f6cb65,e1e4eb6fa29c73648dc6055f676794549cbc41b376df6991b820cb3288cf327b,EXACT_MATCH,MOPS_SINGLE_ELIGIBLE_FILING,eebf7ba32311cc572889f8b1f6cdd391b7287cf888d4e4036b885f783b49031d
2887,2018-09-30,2018,3,2018-11-29,2018-11-29T10:34:07+08:00,2018-11-29,2018-11-29,2018-11-30,MOPS_EXACT,official_timestamp_second_precision,CONSOLIDATED,201803_2887_AI1.pdf,TWSE_MOPS_T57SB01_OFFICIAL_DOCUMENT_UPLOAD,9a455f5bc81e1aceda8a70a93439471110fda81902b3236ddb0a382416f6cb65,20aeda82d2d785d9739ac20bfe8ed35756258f9c20bc9e892b3113f57cbfce2a,EXACT_MATCH,MOPS_SINGLE_ELIGIBLE_FILING,5f8cd673b895ce90b454c9b39f29aa5c648b5dffa879327c8c5abfb25182a238
2887,2018-12-31,2018,4,2019-02-27,2019-02-27T13:56:22+08:00,2019-02-27,2019-02-27,2019-03-04,MOPS_EXACT,official_timestamp_second_precision,CONSOLIDATED,201804_2887_AI1.pdf,TWSE_MOPS_T57SB01_OFFICIAL_DOCUMENT_UPLOAD,9a455f5bc81e1aceda8a70a93439471110fda81902b3236ddb0a382416f6cb65,2b077be46e257a9bb6b5e183e8c8b0359d12274191e9a10294e0a2815837a0f4,EXACT_MATCH,MOPS_SINGLE_ELIGIBLE_FILING,ff3bf5db9253b66d51acb7f54bddf0c5699918d0446412b4f50cecf7c7e127c2
2887,2019-03-31,2019,1,2019-05-30,2019-05-30T09:57:53+08:00,2019-05-30,2019-05-30,2019-05-31,MOPS_EXACT,official_timestamp_second_precision,CONSOLIDATED,201901_2887_AI1.pdf,TWSE_MOPS_T57SB01_OFFICIAL_DOCUMENT_UPLOAD,9a455f5bc81e1aceda8a70a93439471110fda81902b3236ddb0a382416f6cb65,f2f342c0c7cf68385448edbc4183c372b5751fb37d7f7e6366cfa7fd557c83d4,EXACT_MATCH,MOPS_SINGLE_ELIGIBLE_FILING,a488adf31cf1f5cccf5998fa072af74435fa55e20c436989d815371706989297
2887,2019-06-30,2019,2,2019-08-30,2019-08-30T10:27:06+08:00,2019-08-30,2019-08-30,2019-09-02,MOPS_EXACT,official_timestamp_second_precision,CONSOLIDATED,201902_2887_AI1.pdf,TWSE_MOPS_T57SB01_OFFICIAL_DOCUMENT_UPLOAD,9a455f5bc81e1aceda8a70a93439471110fda81902b3236ddb0a382416f6cb65,7df50d8514444127d67dfcff9bf7f8f4739d2a3380c95c9680ebeb56fe255cd1,EXACT_MATCH,MOPS_SINGLE_ELIGIBLE_FILING,ada8f7ef9178b6550dbfec1839d4d138cdc05a7a35dc45fb2c3825d10f69fdf6
2887,2019-09-30,2019,3,2019-11-29,2019-11-29T09:58:14+08:00,2019-11-29,2019-11-29,2019-12-02,MOPS_EXACT,official_timestamp_second_precision,CONSOLIDATED,201903_2887_AI1.pdf,TWSE_MOPS_T57SB01_OFFICIAL_DOCUMENT_UPLOAD,9a455f5bc81e1aceda8a70a93439471110fda81902b3236ddb0a382416f6cb65,d446b1b1268bee6d439bd2093052818fafe5c67fc2c386dbabbbb8d450d28926,EXACT_MATCH,MOPS_SINGLE_ELIGIBLE_FILING,38814ed73b6092534e28d9e790dfc9ece1bbfeca32fd0eee64fb8dab35ba346f
2887,2019-12-31,2019,4,2020-02-27,2020-02-27T15:47:42+08:00,2020-02-27,2020-02-27,2020-03-02,MOPS_EXACT,official_timestamp_second_precision,CONSOLIDATED,201904_2887_AI1.pdf,TWSE_MOPS_T57SB01_OFFICIAL_DOCUMENT_UPLOAD,9a455f5bc81e1aceda8a70a93439471110fda81902b3236ddb0a382416f6cb65,e88408ff81434eb09d5f83433c147b69e7685d44973c7d2a95696eef8cd4241e,EXACT_MATCH,MOPS_SINGLE_ELIGIBLE_FILING,94827a86521f9ac2e16affb3c092ee790d9c14cf9000dd71fbbe0907e33f0b2b
2887,2020-03-31,2020,1,2020-05-22,2020-05-22T11:12:52+08:00,2020-05-22,2020-05-22,2020-05-25,MOPS_EXACT,official_timestamp_second_precision,CONSOLIDATED,202001_2887_AI1.pdf,TWSE_MOPS_T57SB01_OFFICIAL_DOCUMENT_UPLOAD,9a455f5bc81e1aceda8a70a93439471110fda81902b3236ddb0a382416f6cb65,8ba84bed57841f952d4088c8f9cad892b4a403fbd9dde8e56e0dbd42713f1464,EXACT_MATCH,MOPS_SINGLE_ELIGIBLE_FILING,451e0d1cd936ce0465b69050da9e863cc14c55abd0db97f23bd18b3b43626a05
2887,2020-06-30,2020,2,2020-08-21,2020-08-21T15:10:23+08:00,2020-08-21,2020-08-21,2020-08-24,MOPS_EXACT,official_timestamp_second_precision,CONSOLIDATED,202002_2887_AI1.pdf,TWSE_MOPS_T57SB01_OFFICIAL_DOCUMENT_UPLOAD,9a455f5bc81e1aceda8a70a93439471110fda81902b3236ddb0a382416f6cb65,cd1918be643b98c7ca8228090edbb4387a435663c6569735a5b0af7928548f3e,EXACT_MATCH,MOPS_SINGLE_ELIGIBLE_FILING,ab0cf52d404960c3846ee76ca781d346488e7d3692d10749bd6bb20c8dc9f1aa
2887,2020-09-30,2020,3,2020-11-20,2020-11-20T12:09:05+08:00,2020-11-20,2020-11-20,2020-11-23,MOPS_EXACT,official_timestamp_second_precision,CONSOLIDATED,202003_2887_AI1.pdf,TWSE_MOPS_T57SB01_OFFICIAL_DOCUMENT_UPLOAD,9a455f5bc81e1aceda8a70a93439471110fda81902b3236ddb0a382416f6cb65,70c2a00eab52611e8d0f150eb6e5ec8a930a6acd8d29c37d7dc9b2479cbfa442,EXACT_MATCH,MOPS_SINGLE_ELIGIBLE_FILING,2a5386d9eb69e035ef49b90f662491683ceb1d80a75757f65af4dba7544d174c
2887,2020-12-31,2020,4,2021-02-26,2021-02-26T14:41:52+08:00,2021-02-26,2021-02-26,2021-03-02,MOPS_EXACT,official_timestamp_second_precision,CONSOLIDATED,202004_2887_AI1.pdf,TWSE_MOPS_T57SB01_OFFICIAL_DOCUMENT_UPLOAD,9a455f5bc81e1aceda8a70a93439471110fda81902b3236ddb0a382416f6cb65,430656ed00f7e53aa61879a889e0f6ef89102a73ab7577bfc890d28267dd188d,EXACT_MATCH,MOPS_SINGLE_ELIGIBLE_FILING,cda43a203107f16471793c9de1cfca465406c9cc62ff30a9912a61355d2ffba6
2887,2021-03-31,2021,1,2021-05-21,2021-05-21T13:53:14+08:00,2021-05-21,2021-05-21,2021-05-24,MOPS_EXACT,official_timestamp_second_precision,CONSOLIDATED,202101_2887_AI1.pdf,TWSE_MOPS_T57SB01_OFFICIAL_DOCUMENT_UPLOAD,9a455f5bc81e1aceda8a70a93439471110fda81902b3236ddb0a382416f6cb65,f012fe4d38821de2a7be29f8279305e848b4c3b064cdb20687897c23b3774382,EXACT_MATCH,MOPS_SINGLE_ELIGIBLE_FILING,7a51211b1d16da3627d4e72e33d5468d12152637c489026f2594cbed20063bda
2887,2021-06-30,2021,2,2021-08-20,2021-08-20T12:01:03+08:00,2021-08-20,2021-08-20,2021-08-23,MOPS_EXACT,official_timestamp_second_precision,CONSOLIDATED,202102_2887_AI1.pdf,TWSE_MOPS_T57SB01_OFFICIAL_DOCUMENT_UPLOAD,9a455f5bc81e1aceda8a70a93439471110fda81902b3236ddb0a382416f6cb65,4c3fe911549903b8f66aea43b430a7c45d374ef4ca96eb7143defc7a59439a9f,EXACT_MATCH,MOPS_SINGLE_ELIGIBLE_FILING,20e04ef389a398521763d9d61f7278aacf712ea2baf5ddac4377d743230ffb42
2887,2021-09-30,2021,3,2021-11-19,2021-11-19T14:09:18+08:00,2021-11-19,2021-11-19,2021-11-22,MOPS_EXACT,official_timestamp_second_precision,CONSOLIDATED,202103_2887_AI1.pdf,TWSE_MOPS_T57SB01_OFFICIAL_DOCUMENT_UPLOAD,9a455f5bc81e1aceda8a70a93439471110fda81902b3236ddb0a382416f6cb65,f97a29db850b1da6aeb97f8d53e64c74277b4f1f702ef166e6753b68952d8392,EXACT_MATCH,MOPS_SINGLE_ELIGIBLE_FILING,5f4179f13d11b41c0154e73181a207900a904b3f43339c6e6dfaba7b95e38a92
2887,2021-12-31,2021,4,2022-02-25,2022-02-25T13:49:36+08:00,2022-02-25,2022-02-25,2022-03-01,MOPS_EXACT,official_timestamp_second_precision,CONSOLIDATED,202104_2887_AI1.pdf,TWSE_MOPS_T57SB01_OFFICIAL_DOCUMENT_UPLOAD,9a455f5bc81e1aceda8a70a93439471110fda81902b3236ddb0a382416f6cb65,8047570f74c9f8e25478349b882759ecbac63fac49b7c4d5818c39382dc4a65d,EXACT_MATCH,MOPS_SINGLE_ELIGIBLE_FILING,2d42fce0a948df13f7eae755567aab96437722ec65cc8486cee38a867a2f3bf1
2887,2022-03-31,2022,1,2022-05-20,2022-05-20T14:13:15+08:00,2022-05-20,2022-05-20,2022-05-23,MOPS_EXACT,official_timestamp_second_precision,CONSOLIDATED,202201_2887_AI1.pdf,TWSE_MOPS_T57SB01_OFFICIAL_DOCUMENT_UPLOAD,9a455f5bc81e1aceda8a70a93439471110fda81902b3236ddb0a382416f6cb65,eb7486733d20d32407495e84f0bde30fcfa037438a825f303e2d73a43387c840,EXACT_MATCH,MOPS_SINGLE_ELIGIBLE_FILING,ae71a7c2375522db7d3d627620e33d9a248ec9d9783d1f73f4a538cf9c81c96d
2887,2022-06-30,2022,2,2022-08-19,2022-08-19T12:17:43+08:00,2022-08-19,2022-08-19,2022-08-22,MOPS_EXACT,official_timestamp_second_precision,CONSOLIDATED,202202_2887_AI1.pdf,TWSE_MOPS_T57SB01_OFFICIAL_DOCUMENT_UPLOAD,9a455f5bc81e1aceda8a70a93439471110fda81902b3236ddb0a382416f6cb65,63cbff5eefb9e4511ec54eddecd95a0791c2837c6aac801ca594b6c84c013724,EXACT_MATCH,MOPS_SINGLE_ELIGIBLE_FILING,664d0433d6e9b858326b7244dde1c8d221952798e90e5d7658d1f09635c418fc
2887,2022-09-30,2022,3,2022-11-18,2022-11-18T11:24:18+08:00,2022-11-18,2022-11-18,2022-11-21,MOPS_EXACT,official_timestamp_second_precision,CONSOLIDATED,202203_2887_AI1.pdf,TWSE_MOPS_T57SB01_OFFICIAL_DOCUMENT_UPLOAD,9a455f5bc81e1aceda8a70a93439471110fda81902b3236ddb0a382416f6cb65,01d430b83208d7b9a66bd570fff744dcc6c7955ef79af16c1c51b883f5d02354,EXACT_MATCH,MOPS_SINGLE_ELIGIBLE_FILING,c49d72bfabe00da84c87261f5fc6c206276de13145b504f4df881b050c310f9a
2887,2022-12-31,2022,4,2023-02-24,2023-02-24T12:46:11+08:00,2023-02-24,2023-02-24,2023-03-01,MOPS_EXACT,official_timestamp_second_precision,CONSOLIDATED,202204_2887_AI1.pdf,TWSE_MOPS_T57SB01_OFFICIAL_DOCUMENT_UPLOAD,9a455f5bc81e1aceda8a70a93439471110fda81902b3236ddb0a382416f6cb65,4377a5512ba3a683adbb34bd71448320eca4ce6782331b5d780eb0348aa43245,EXACT_MATCH,MOPS_SINGLE_ELIGIBLE_FILING,38b2e5053bd5b18dede0a80f11d11c56b31bb4bdc31cbbc50c29154fd118508e
2887,2023-03-31,2023,1,2023-05-19,2023-05-19T11:37:58+08:00,2023-05-19,2023-05-19,2023-05-22,MOPS_EXACT,official_timestamp_second_precision,CONSOLIDATED,202301_2887_AI1.pdf,TWSE_MOPS_T57SB01_OFFICIAL_DOCUMENT_UPLOAD,9a455f5bc81e1aceda8a70a93439471110fda81902b3236ddb0a382416f6cb65,6220f689162d74cb904c36d32194335c0e0f9b4d9de6060ba4e4cc738350a718,EXACT_MATCH,MOPS_SINGLE_ELIGIBLE_FILING,1cbce25e85954ff5250536000e3e996b9eb7aa4cb4702d45b87ac9c0dcdbc174
2887,2023-06-30,2023,2,2023-08-25,2023-08-25T13:46:31+08:00,2023-08-25,2023-08-25,2023-08-28,MOPS_EXACT,official_timestamp_second_precision,CONSOLIDATED,202302_2887_AI1.pdf,TWSE_MOPS_T57SB01_OFFICIAL_DOCUMENT_UPLOAD,9a455f5bc81e1aceda8a70a93439471110fda81902b3236ddb0a382416f6cb65,c75b70a3939fc371c98f86d3740b8424f4ffd55e426289e36b1d1c7f6c544768,EXACT_MATCH,MOPS_SINGLE_ELIGIBLE_FILING,131aa073828f3bb4d79f2b7fb0f4db03c8dac6c617a967d58ecf54063d420a1d
2887,2023-09-30,2023,3,2023-11-24,2023-11-24T09:50:21+08:00,2023-11-24,2023-11-24,2023-11-27,MOPS_EXACT,official_timestamp_second_precision,CONSOLIDATED,202303_2887_AI1.pdf,TWSE_MOPS_T57SB01_OFFICIAL_DOCUMENT_UPLOAD,9a455f5bc81e1aceda8a70a93439471110fda81902b3236ddb0a382416f6cb65,dfa82832c0f0bede2ce69e336b7e4899eadb8bc66767987d5da447f8c1afe002,EXACT_MATCH,MOPS_SINGLE_ELIGIBLE_FILING,00ed136ea3dc26000ec2a1dafa8c3b41768cfdb895b6a6bfab2bd72db45ceea2
2887,2023-12-31,2023,4,2024-02-23,2024-02-23T12:21:40+08:00,2024-02-23,2024-02-23,2024-02-26,MOPS_EXACT,official_timestamp_second_precision,CONSOLIDATED,202304_2887_AI1.pdf,TWSE_MOPS_T57SB01_OFFICIAL_DOCUMENT_UPLOAD,9a455f5bc81e1aceda8a70a93439471110fda81902b3236ddb0a382416f6cb65,4967d73be17e8941ab3c01e113b52eb72cca023ccb4c209eef12079cabd1366a,EXACT_MATCH,MOPS_SINGLE_ELIGIBLE_FILING,b0f05436996485dffe5e93dd4a957a031dbde548d9fafcc11f9b7231b087afa9
2887,2024-03-31,2024,1,2024-05-24,2024-05-24T13:41:18+08:00,2024-05-24,2024-05-24,2024-05-27,MOPS_EXACT,official_timestamp_second_precision,CONSOLIDATED,202401_2887_AI1.pdf,TWSE_MOPS_T57SB01_OFFICIAL_DOCUMENT_UPLOAD,9a455f5bc81e1aceda8a70a93439471110fda81902b3236ddb0a382416f6cb65,eb8fa3ab646c3bc39348c49ea2fe52bd3bd68e931608ed8f40b0d776e1aea835,EXACT_MATCH,MOPS_SINGLE_ELIGIBLE_FILING,784fa5e2a065337397b79087939762e01579ac1703b22d41aac3073a562e9480
2887,2024-06-30,2024,2,2024-08-30,2024-08-30T13:38:21+08:00,2024-08-30,2024-08-30,2024-09-02,MOPS_EXACT,official_timestamp_second_precision,CONSOLIDATED,202402_2887_AI1.pdf,TWSE_MOPS_T57SB01_OFFICIAL_DOCUMENT_UPLOAD,9a455f5bc81e1aceda8a70a93439471110fda81902b3236ddb0a382416f6cb65,cb41f31a5bc694fba06e8dd30b1abed146bf499309cdb8a1ac7a9689012b15b5,EXACT_MATCH,MOPS_SINGLE_ELIGIBLE_FILING,76e222b21c5d44799f4febd1b603011ba836689603438a615841383e57df1632
2887,2024-09-30,2024,3,2024-11-29,2024-11-29T10:44:12+08:00,2024-11-29,2024-11-29,2024-12-02,MOPS_EXACT,official_timestamp_second_precision,CONSOLIDATED,202403_2887_AI1.pdf,TWSE_MOPS_T57SB01_OFFICIAL_DOCUMENT_UPLOAD,9a455f5bc81e1aceda8a70a93439471110fda81902b3236ddb0a382416f6cb65,d44f00f5467bd76857bb41e7d4b3ce6689446e20a2e0b7bdc6200d6fe8f5fd6d,EXACT_MATCH,MOPS_SINGLE_ELIGIBLE_FILING,c3bbfb3cca5ff00c57cc87887dfae4d47d414c024afda0fb41e23eced6d426a6
2887,2024-12-31,2024,4,2025-02-21,2025-02-21T13:36:04+08:00,2025-02-21,2025-02-21,2025-02-24,MOPS_EXACT,official_timestamp_second_precision,CONSOLIDATED,202404_2887_AI1.pdf,TWSE_MOPS_T57SB01_OFFICIAL_DOCUMENT_UPLOAD,9a455f5bc81e1aceda8a70a93439471110fda81902b3236ddb0a382416f6cb65,933446bb9ed8689c892a48f065744410c7ac703b7bcf9afe26f1672adbd5a3ef,EXACT_MATCH,MOPS_SINGLE_ELIGIBLE_FILING,a3f1ef27bb98f4576f85caf37e059baf0520e307b90ec5cf883b70f10896eb78
2887,2025-03-31,2025,1,2025-05-15,2025-05-15T14:39:13+08:00,2025-05-15,2025-05-15,2025-05-16,MOPS_EXACT,official_timestamp_second_precision,CONSOLIDATED,202501_2887_AI1.pdf,TWSE_MOPS_T57SB01_OFFICIAL_DOCUMENT_UPLOAD,9a455f5bc81e1aceda8a70a93439471110fda81902b3236ddb0a382416f6cb65,d5fd5fc48801e664199e1b4abd71ae5bffb25f529d1b298ad2aede089634e925,EXACT_MATCH,MOPS_SINGLE_ELIGIBLE_FILING,e26023cce28239177293c10e7f56880cc1843090aaf4f509714046ff693538be
2887,2025-06-30,2025,2,2025-08-29,2025-08-29T09:59:51+08:00,2025-08-29,2025-08-29,2025-09-01,MOPS_EXACT,official_timestamp_second_precision,CONSOLIDATED,202502_2887_AI1.pdf,TWSE_MOPS_T57SB01_OFFICIAL_DOCUMENT_UPLOAD,9a455f5bc81e1aceda8a70a93439471110fda81902b3236ddb0a382416f6cb65,5cced1b81e8822e983aa2bde7ca7be7cab050d8f3612cd3dfa78296eee529f22,EXACT_MATCH,MOPS_SINGLE_ELIGIBLE_FILING,0a4ab5741cb142f3613d2020d29070cb22035752da53e1f07da4ced3621059be
2887,2025-09-30,2025,3,2025-11-28,2025-11-28T13:38:28+08:00,2025-11-28,2025-11-28,2025-12-01,MOPS_EXACT,official_timestamp_second_precision,CONSOLIDATED,202503_2887_AI1.pdf,TWSE_MOPS_T57SB01_OFFICIAL_DOCUMENT_UPLOAD,9a455f5bc81e1aceda8a70a93439471110fda81902b3236ddb0a382416f6cb65,58c115941e0688156040579c09af004b672e1a1a35951e4c24b74b3076f8ecff,EXACT_MATCH,MOPS_SINGLE_ELIGIBLE_FILING,d22cd0ec06665bc1304c150653629eef63502e5c7f95448aed38cafa631bbf01
2887,2025-12-31,2025,4,2026-03-13,2026-03-13T17:25:04+08:00,2026-03-13,2026-03-13,2026-03-16,MOPS_EXACT,official_timestamp_second_precision,CONSOLIDATED,202504_2887_AI1.pdf,TWSE_MOPS_T57SB01_OFFICIAL_DOCUMENT_UPLOAD,9a455f5bc81e1aceda8a70a93439471110fda81902b3236ddb0a382416f6cb65,292c28cc5f2c64ea9b82cecbd9b4b20167bdf0c6869e2e9d0c7e25c20257f2cd,EXACT_MATCH,MOPS_SINGLE_ELIGIBLE_FILING,15682410e829a1e2c590e3b9375b2af0aa219ef667e08dc1bb20bc68db3999ea
2887,2026-03-31,2026,1,2026-06-01,2026-06-01T14:31:43+08:00,2026-06-01,2026-06-01,2026-06-02,MOPS_EXACT,official_timestamp_second_precision,CONSOLIDATED,202601_2887_AI1.pdf,TWSE_MOPS_T57SB01_OFFICIAL_DOCUMENT_UPLOAD,9a455f5bc81e1aceda8a70a93439471110fda81902b3236ddb0a382416f6cb65,53468adf3f7fd569c73fd6b393903109ea944e0177758321ad20bf045ff687e1,EXACT_MATCH,MOPS_SINGLE_ELIGIBLE_FILING,9c89a834196c4fd17515bcb16afeb711b7d7db29e3463a067aefb979f56724bf
2887,2026-06-30,2026,2,2026-08-31,2026-08-31T13:48:11+08:00,2026-08-31,2026-08-31,2026-09-01,MOPS_EXACT,official_timestamp_second_precision,CONSOLIDATED,202602_2887_AI1.pdf,TWSE_MOPS_T57SB01_OFFICIAL_DOCUMENT_UPLOAD,9a455f5bc81e1aceda8a70a93439471110fda81902b3236ddb0a382416f6cb65,b433bfbf0b18b24516eb0092cb35d87a9262dd4f31ec852585446ca9f62dfb84,EXACT_MATCH,MOPS_SINGLE_ELIGIBLE_FILING,c40df1ea827c92f5889291ee6e4bb2e28b56bea24afca505a45e591000edd100
2890,2016-03-31,2016,1,2016-05-26,2016-05-26T10:08:46+08:00,2016-05-26,2016-05-26,2016-05-27,MOPS_EXACT,official_timestamp_second_precision,CONSOLIDATED,201601_2890_AI1.pdf,TWSE_MOPS_T57SB01_OFFICIAL_DOCUMENT_UPLOAD,bdd9f67c975e500e77eda4cd5f1d8f3f71e458a8f08da0b08d8ae4502ea98123,3719fb4bf921b6d6a51391e43b43d0015e036bb5c4dc09ab589b50dfe8dcf7c2,EXACT_MATCH,MOPS_SINGLE_ELIGIBLE_FILING,8b1bdf29d4eeb7c753573e6283cad87e7287eefd04052a9533e0d0713cac5bb3
2890,2016-06-30,2016,2,2016-08-30,2016-08-30T09:39:39+08:00,2016-08-30,2016-08-30,2016-08-31,MOPS_EXACT,official_timestamp_second_precision,CONSOLIDATED,201602_2890_AI1.pdf,TWSE_MOPS_T57SB01_OFFICIAL_DOCUMENT_UPLOAD,bdd9f67c975e500e77eda4cd5f1d8f3f71e458a8f08da0b08d8ae4502ea98123,e8345e46ec71740523d54c88950f607b693a9ef502709e30b955eee3e1833852,EXACT_MATCH,MOPS_SINGLE_ELIGIBLE_FILING,3fcb493edacf0df1d5eadb483a936cf21b88ccf0277e3a59ad172600cc8975ea
2890,2016-09-30,2016,3,2016-11-29,2016-11-29T09:31:18+08:00,2016-11-29,2016-11-29,2016-11-30,MOPS_EXACT,official_timestamp_second_precision,CONSOLIDATED,201603_2890_AI1.pdf,TWSE_MOPS_T57SB01_OFFICIAL_DOCUMENT_UPLOAD,bdd9f67c975e500e77eda4cd5f1d8f3f71e458a8f08da0b08d8ae4502ea98123,b72071d13f02a71c7f79942aa75c7e41a5a1a69e97a496be516cc3a884f61509,EXACT_MATCH,MOPS_SINGLE_ELIGIBLE_FILING,9512743f76398059987d33c3c86cf11c646f9287c2265d9af2c660528935e030
2890,2016-12-31,2016,4,2017-03-31,2017-03-31T09:56:35+08:00,2017-03-31,2017-03-31,2017-04-05,MOPS_EXACT,official_timestamp_second_precision,CONSOLIDATED,201604_2890_AI1.pdf,TWSE_MOPS_T57SB01_OFFICIAL_DOCUMENT_UPLOAD,bdd9f67c975e500e77eda4cd5f1d8f3f71e458a8f08da0b08d8ae4502ea98123,7f925612b4f2f5c328baa252ab0680905a31558dc85a9836945baadb6e208664,EXACT_MATCH,MOPS_SINGLE_ELIGIBLE_FILING,10846cd4377aca751cbebe29d8a6a2faee6c6b7f021eb7e764058cf25c82561d
2890,2017-03-31,2017,1,2017-05-26,2017-05-26T17:40:36+08:00,2017-05-26,2017-05-26,2017-05-31,MOPS_EXACT,official_timestamp_second_precision,CONSOLIDATED,201701_2890_AI1.pdf,TWSE_MOPS_T57SB01_OFFICIAL_DOCUMENT_UPLOAD,bdd9f67c975e500e77eda4cd5f1d8f3f71e458a8f08da0b08d8ae4502ea98123,d5f43dc455981e3805992ea4758e5c42e81b35087daa64f44de9339ff2210cd5,EXACT_MATCH,MOPS_SINGLE_ELIGIBLE_FILING,6cb9bc7847fe780ac84e8ae90eb9e45bb044bdc9c8c7f8a28880200bffb4c075
2890,2017-06-30,2017,2,2017-08-31,2017-08-31T09:18:15+08:00,2017-08-31,2017-08-31,2017-09-01,MOPS_EXACT,official_timestamp_second_precision,CONSOLIDATED,201702_2890_AI1.pdf,TWSE_MOPS_T57SB01_OFFICIAL_DOCUMENT_UPLOAD,bdd9f67c975e500e77eda4cd5f1d8f3f71e458a8f08da0b08d8ae4502ea98123,a2fa87017e3b412c64357accea43639b7c40209d3a410b417be9da693b1b3038,EXACT_MATCH,MOPS_SINGLE_ELIGIBLE_FILING,394f6c5f410b7614c85768375401783c815ab152fd7770f84fd435ae90efbdcb
2890,2017-09-30,2017,3,2017-11-29,2017-11-29T09:46:46+08:00,2017-11-29,2017-11-29,2017-11-30,MOPS_EXACT,official_timestamp_second_precision,CONSOLIDATED,201703_2890_AI1.pdf,TWSE_MOPS_T57SB01_OFFICIAL_DOCUMENT_UPLOAD,bdd9f67c975e500e77eda4cd5f1d8f3f71e458a8f08da0b08d8ae4502ea98123,7ea97963b331d97f29d9f160c2a60a48a571efc2f407eff20e4629de8863963d,EXACT_MATCH,MOPS_SINGLE_ELIGIBLE_FILING,79a57cbd1469c133464900a6449db48ab6c5e229ebca3a7a938d0cac51b920b9
2890,2017-12-31,2017,4,2018-03-30,2018-03-30T10:10:36+08:00,2018-03-30,2018-03-30,2018-03-31,MOPS_EXACT,official_timestamp_second_precision,CONSOLIDATED,201704_2890_AI1.pdf,TWSE_MOPS_T57SB01_OFFICIAL_DOCUMENT_UPLOAD,bdd9f67c975e500e77eda4cd5f1d8f3f71e458a8f08da0b08d8ae4502ea98123,ed84b81fe4208f73ba1867dc5f146541627ff2fa38380bf01c689810fbd28176,EXACT_MATCH,MOPS_SINGLE_ELIGIBLE_FILING,58211ec41219389dbf6926496bf18c65765dd723ca8cdb51177bc2dc7c7a5991
2890,2018-03-31,2018,1,2018-05-30,2018-05-30T09:45:19+08:00,2018-05-30,2018-05-30,2018-05-31,MOPS_EXACT,official_timestamp_second_precision,CONSOLIDATED,201801_2890_AI1.pdf,TWSE_MOPS_T57SB01_OFFICIAL_DOCUMENT_UPLOAD,bdd9f67c975e500e77eda4cd5f1d8f3f71e458a8f08da0b08d8ae4502ea98123,4a76580c9c599fb8d262e4b1a558dbb02d3be00992b1cd35ccce306cd2f6c388,EXACT_MATCH,MOPS_SINGLE_ELIGIBLE_FILING,0edfae3d704d4c49c7203e309d5799d00da0b87c993a66552186da39ae6c827e
2890,2018-06-30,2018,2,2018-08-30,2018-08-30T12:31:02+08:00,2018-08-30,2018-08-30,2018-08-31,MOPS_EXACT,official_timestamp_second_precision,CONSOLIDATED,201802_2890_AI1.pdf,TWSE_MOPS_T57SB01_OFFICIAL_DOCUMENT_UPLOAD,bdd9f67c975e500e77eda4cd5f1d8f3f71e458a8f08da0b08d8ae4502ea98123,aa18487d8d3259e170de6536ddab9448eac8b85ec161978f5f6c941615ec1fcf,EXACT_MATCH,MOPS_SINGLE_ELIGIBLE_FILING,5ec31ca577ac305632f4c4b5ec3b94703c880731f433ebdfd4e907a76de0a84d
2890,2018-09-30,2018,3,2018-11-28,2018-11-28T10:05:33+08:00,2018-11-28,2018-11-28,2018-11-29,MOPS_EXACT,official_timestamp_second_precision,CONSOLIDATED,201803_2890_AI1.pdf,TWSE_MOPS_T57SB01_OFFICIAL_DOCUMENT_UPLOAD,bdd9f67c975e500e77eda4cd5f1d8f3f71e458a8f08da0b08d8ae4502ea98123,88b252ded0e33574cca3bda541a082e68f080e62d66a42f57ed0fae134cd2840,EXACT_MATCH,MOPS_SINGLE_ELIGIBLE_FILING,eebb3e8f01ee0378a80765158cc51913aa34fc3422322381965409dd1485acd8
2890,2018-12-31,2018,4,2019-03-29,2019-03-29T10:10:28+08:00,2019-03-29,2019-03-29,2019-04-01,MOPS_EXACT,official_timestamp_second_precision,CONSOLIDATED,201804_2890_AI1.pdf,TWSE_MOPS_T57SB01_OFFICIAL_DOCUMENT_UPLOAD,bdd9f67c975e500e77eda4cd5f1d8f3f71e458a8f08da0b08d8ae4502ea98123,dbcff1a5cde8a7dd9438d791544fc6dcd8049283f180e0b344d14259fd807b9e,EXACT_MATCH,MOPS_SINGLE_ELIGIBLE_FILING,72e4d781775993e56615e11d580638ca9e6da2bbc127dbc2cf9cfd235b213242
2890,2019-03-31,2019,1,2019-05-30,2019-05-30T09:52:00+08:00,2019-05-30,2019-05-30,2019-05-31,MOPS_EXACT,official_timestamp_second_precision,CONSOLIDATED,201901_2890_AI1.pdf,TWSE_MOPS_T57SB01_OFFICIAL_DOCUMENT_UPLOAD,bdd9f67c975e500e77eda4cd5f1d8f3f71e458a8f08da0b08d8ae4502ea98123,f87ee09cfa265c6c53c932988eb0f3cb3bf11860f149e98c9cfd411d5c4aee55,EXACT_MATCH,MOPS_SINGLE_ELIGIBLE_FILING,e86091631772ab46d6b2d2e1fedb931aa3f96dae25be6e1bb7578e3159a9954f
2890,2019-06-30,2019,2,2019-08-29,2019-08-29T10:36:03+08:00,2019-08-29,2019-08-29,2019-08-30,MOPS_EXACT,official_timestamp_second_precision,CONSOLIDATED,201902_2890_AI1.pdf,TWSE_MOPS_T57SB01_OFFICIAL_DOCUMENT_UPLOAD,bdd9f67c975e500e77eda4cd5f1d8f3f71e458a8f08da0b08d8ae4502ea98123,eeb8f4801f0300905fd7e0f852008a172d1a5c0565244869ab96b881a1e495bc,EXACT_MATCH,MOPS_SINGLE_ELIGIBLE_FILING,e3abdbe4e82129bcf3fa3f60ef8ed69df43b225d724f906eb8c06bc253c15a2b
2890,2019-09-30,2019,3,2019-11-28,2019-11-28T09:36:55+08:00,2019-11-28,2019-11-28,2019-11-29,MOPS_EXACT,official_timestamp_second_precision,CONSOLIDATED,201903_2890_AI1.pdf,TWSE_MOPS_T57SB01_OFFICIAL_DOCUMENT_UPLOAD,bdd9f67c975e500e77eda4cd5f1d8f3f71e458a8f08da0b08d8ae4502ea98123,335a301bad288cc0443bc6272bb4f4a01976be41eaf683b125bfa8b28d6a35f9,EXACT_MATCH,MOPS_SINGLE_ELIGIBLE_FILING,ae92cc5ab92c95f967d9bdb0dba6cae950d45293428356b607c5079d4e2362c7
2890,2019-12-31,2019,4,2020-03-20,2020-03-20T17:09:32+08:00,2020-03-20,2020-03-20,2020-03-23,MOPS_EXACT,official_timestamp_second_precision,CONSOLIDATED,201904_2890_AI1.pdf,TWSE_MOPS_T57SB01_OFFICIAL_DOCUMENT_UPLOAD,bdd9f67c975e500e77eda4cd5f1d8f3f71e458a8f08da0b08d8ae4502ea98123,9b339c0b24d41bf3f9494ae5a1ec7179e70ebfb470a5343987317388608c1f65,EXACT_MATCH,MOPS_SINGLE_ELIGIBLE_FILING,29dbd30060d697ede9c6b71e4e98d30bfba0ae69bd7e0b8ced718c2f1348cb65
2890,2020-03-31,2020,1,2020-05-22,2020-05-22T17:12:13+08:00,2020-05-22,2020-05-22,2020-05-25,MOPS_EXACT,official_timestamp_second_precision,CONSOLIDATED,202001_2890_AI1.pdf,TWSE_MOPS_T57SB01_OFFICIAL_DOCUMENT_UPLOAD,bdd9f67c975e500e77eda4cd5f1d8f3f71e458a8f08da0b08d8ae4502ea98123,5fc7781e4c86c4f5f6ea79fe0f9dc9e9aa2c2d6c21d76a0025f76d212ad855c2,EXACT_MATCH,MOPS_SINGLE_ELIGIBLE_FILING,d4c25fdfce33a82d51f94db37e6e4633b75a033969a2b4768393033acd5c675d
2890,2020-06-30,2020,2,2020-08-21,2020-08-21T15:32:35+08:00,2020-08-21,2020-08-21,2020-08-24,MOPS_EXACT,official_timestamp_second_precision,CONSOLIDATED,202002_2890_AI1.pdf,TWSE_MOPS_T57SB01_OFFICIAL_DOCUMENT_UPLOAD,bdd9f67c975e500e77eda4cd5f1d8f3f71e458a8f08da0b08d8ae4502ea98123,f4aedda1f356c2a71b6231f0de8285a66f9feb18168fac3cfb3cf5d397d08eed,EXACT_MATCH,MOPS_SINGLE_ELIGIBLE_FILING,9b317ce4cfa318d2b1abda4e0daa557da615b36cdf0f3d56cd62c2f0514a4b39
2890,2020-09-30,2020,3,2020-11-20,2020-11-20T15:09:48+08:00,2020-11-20,2020-11-20,2020-11-23,MOPS_EXACT,official_timestamp_second_precision,CONSOLIDATED,202003_2890_AI1.pdf,TWSE_MOPS_T57SB01_OFFICIAL_DOCUMENT_UPLOAD,bdd9f67c975e500e77eda4cd5f1d8f3f71e458a8f08da0b08d8ae4502ea98123,4ca64963b4b011f9c88d882f83feac276e804059d527596b5bb482d6f39cc252,EXACT_MATCH,MOPS_SINGLE_ELIGIBLE_FILING,394712561d96670f4a70bd3cff0a3384086661c732109db24d63b51de8ecd0ba
2890,2020-12-31,2020,4,2021-03-19,2021-03-19T16:49:03+08:00,2021-03-19,2021-03-19,2021-03-22,MOPS_EXACT,official_timestamp_second_precision,CONSOLIDATED,202004_2890_AI1.pdf,TWSE_MOPS_T57SB01_OFFICIAL_DOCUMENT_UPLOAD,bdd9f67c975e500e77eda4cd5f1d8f3f71e458a8f08da0b08d8ae4502ea98123,03bbdb3857431e7a6ffa857b8aa60f2112784086d6d31a4ef1d169a7f0ce1c22,EXACT_MATCH,MOPS_SINGLE_ELIGIBLE_FILING,3b4c7f8b3096e34801fe5b9c34ba21f20bf0357c1d4a1d43ac24b4e28a3a2b15
2890,2021-03-31,2021,1,2021-05-21,2021-05-21T15:32:15+08:00,2021-05-21,2021-05-21,2021-05-24,MOPS_EXACT,official_timestamp_second_precision,CONSOLIDATED,202101_2890_AI1.pdf,TWSE_MOPS_T57SB01_OFFICIAL_DOCUMENT_UPLOAD,bdd9f67c975e500e77eda4cd5f1d8f3f71e458a8f08da0b08d8ae4502ea98123,92d8d8c0cd9b666c6ba6ec167686c36d477cf3cbc975a81f730bedf4eccb6a6c,EXACT_MATCH,MOPS_SINGLE_ELIGIBLE_FILING,5546e4731a50da31df8b23f7f47af286d912794ee4d328fa7e837cb3c42edac8
2890,2021-06-30,2021,2,2021-08-20,2021-08-20T16:04:14+08:00,2021-08-20,2021-08-20,2021-08-23,MOPS_EXACT,official_timestamp_second_precision,CONSOLIDATED,202102_2890_AI1.pdf,TWSE_MOPS_T57SB01_OFFICIAL_DOCUMENT_UPLOAD,bdd9f67c975e500e77eda4cd5f1d8f3f71e458a8f08da0b08d8ae4502ea98123,0ec00e02e93dd3ff2e2015c522891f3440308a0313165487122dda924f4f0265,EXACT_MATCH,MOPS_SINGLE_ELIGIBLE_FILING,5c56e20aa56a666ff3abbdb8b095164b95e21f4adeb4125e7bacac5b7ae751a4
2890,2021-09-30,2021,3,2021-11-19,2021-11-19T16:37:19+08:00,2021-11-19,2021-11-19,2021-11-22,MOPS_EXACT,official_timestamp_second_precision,CONSOLIDATED,202103_2890_AI1.pdf,TWSE_MOPS_T57SB01_OFFICIAL_DOCUMENT_UPLOAD,bdd9f67c975e500e77eda4cd5f1d8f3f71e458a8f08da0b08d8ae4502ea98123,2de518927c8b407a99da829f7f457dc94519fdbc66fcc37eae6e276242a86554,EXACT_MATCH,MOPS_SINGLE_ELIGIBLE_FILING,f3695f35350177b4847e0caf07eb2eaeb80df19637a18913a293c622e0a38cc0
2890,2021-12-31,2021,4,2022-03-15,2022-03-15T15:04:07+08:00,2022-03-15,2022-03-15,2022-03-16,MOPS_EXACT,official_timestamp_second_precision,CONSOLIDATED,202104_2890_AI1.pdf,TWSE_MOPS_T57SB01_OFFICIAL_DOCUMENT_UPLOAD,bdd9f67c975e500e77eda4cd5f1d8f3f71e458a8f08da0b08d8ae4502ea98123,86294e47abd4ee5b223e30f5fe1cc80619871b341acc04244b67a7d7aceef2a9,EXACT_MATCH,MOPS_SINGLE_ELIGIBLE_FILING,b278d9aff5416c7d563a6b8bc70de6b11b33c9c79f653a777c05c65fd6f36e60
2890,2022-03-31,2022,1,2022-05-20,2022-05-20T16:09:44+08:00,2022-05-20,2022-05-20,2022-05-23,MOPS_EXACT,official_timestamp_second_precision,CONSOLIDATED,202201_2890_AI1.pdf,TWSE_MOPS_T57SB01_OFFICIAL_DOCUMENT_UPLOAD,bdd9f67c975e500e77eda4cd5f1d8f3f71e458a8f08da0b08d8ae4502ea98123,3fcc62981982a99e810e913d8ee16acdc4ea54f90a896001e43d7c2569acd839,EXACT_MATCH,MOPS_SINGLE_ELIGIBLE_FILING,dabc7ecd3e2b6af9d359f48fb0729b04315897e41af20f979d00974493f26f2e
2890,2022-06-30,2022,2,2022-08-19,2022-08-19T16:52:36+08:00,2022-08-19,2022-08-19,2022-08-22,MOPS_EXACT,official_timestamp_second_precision,CONSOLIDATED,202202_2890_AI1.pdf,TWSE_MOPS_T57SB01_OFFICIAL_DOCUMENT_UPLOAD,bdd9f67c975e500e77eda4cd5f1d8f3f71e458a8f08da0b08d8ae4502ea98123,eba052d8879c96e0fb53f44b9b395f79e8c5c8294ae834ccc02f6bcd6628f065,EXACT_MATCH,MOPS_SINGLE_ELIGIBLE_FILING,febf569913117a53350c25d63602a8e82634a00a68ddc623d7d803cc08cb2136
2890,2022-09-30,2022,3,2022-11-18,2022-11-18T16:54:00+08:00,2022-11-18,2022-11-18,2022-11-21,MOPS_EXACT,official_timestamp_second_precision,CONSOLIDATED,202203_2890_AI1.pdf,TWSE_MOPS_T57SB01_OFFICIAL_DOCUMENT_UPLOAD,bdd9f67c975e500e77eda4cd5f1d8f3f71e458a8f08da0b08d8ae4502ea98123,fd28a703f49e65bbaf120253eb86a2d28470daa8deb8b9a1c9c0851966d54d6f,EXACT_MATCH,MOPS_SINGLE_ELIGIBLE_FILING,6b96208ebd082fac134f7f771b6d6c95ac920ffe2f9e2d0d2828d4e496d4f550
2890,2022-12-31,2022,4,2023-03-10,2023-03-10T14:34:50+08:00,2023-03-10,2023-03-10,2023-03-13,MOPS_EXACT,official_timestamp_second_precision,CONSOLIDATED,202204_2890_AI1.pdf,TWSE_MOPS_T57SB01_OFFICIAL_DOCUMENT_UPLOAD,bdd9f67c975e500e77eda4cd5f1d8f3f71e458a8f08da0b08d8ae4502ea98123,6124aa50d6c6304780c2d9b95bc14bf91e2be96b625d773591e1483bfdf30185,EXACT_MATCH,MOPS_SINGLE_ELIGIBLE_FILING,994ab35ebc8dcd4f866f8fe9545e2d9dda825fe1df8072756cc55e6e57678ab6
2890,2023-03-31,2023,1,2023-05-19,2023-05-19T16:51:45+08:00,2023-05-19,2023-05-19,2023-05-22,MOPS_EXACT,official_timestamp_second_precision,CONSOLIDATED,202301_2890_AI1.pdf,TWSE_MOPS_T57SB01_OFFICIAL_DOCUMENT_UPLOAD,bdd9f67c975e500e77eda4cd5f1d8f3f71e458a8f08da0b08d8ae4502ea98123,33db2dad5368436adb0297e7b843d2326ee66f34d8c537b994d1352fdbc0f54a,EXACT_MATCH,MOPS_SINGLE_ELIGIBLE_FILING,d47fc90be4c42c8e2acd1c4a6bba429ea9b6b030502d732f19a8f7b6d154ef43
2890,2023-06-30,2023,2,2023-08-25,2023-08-25T14:04:27+08:00,2023-08-25,2023-08-25,2023-08-28,MOPS_EXACT,official_timestamp_second_precision,CONSOLIDATED,202302_2890_AI1.pdf,TWSE_MOPS_T57SB01_OFFICIAL_DOCUMENT_UPLOAD,bdd9f67c975e500e77eda4cd5f1d8f3f71e458a8f08da0b08d8ae4502ea98123,cde47300b3aaa3605d6093925eaaefe9818d546007d933c0485d1b0f6a9fd567,EXACT_MATCH,MOPS_SINGLE_ELIGIBLE_FILING,ef0a252bf32b81b3a88dcb3a3f5c9064ce0f10f555db973b4070d621a3105269
2890,2023-09-30,2023,3,2023-11-24,2023-11-24T15:10:36+08:00,2023-11-24,2023-11-24,2023-11-27,MOPS_EXACT,official_timestamp_second_precision,CONSOLIDATED,202303_2890_AI1.pdf,TWSE_MOPS_T57SB01_OFFICIAL_DOCUMENT_UPLOAD,bdd9f67c975e500e77eda4cd5f1d8f3f71e458a8f08da0b08d8ae4502ea98123,4003813669d7dfad020000bd289fe2ca4b10e9b4ab9859588034dd7ae5968e21,EXACT_MATCH,MOPS_SINGLE_ELIGIBLE_FILING,cc9ea308b4cf2b6587a3a1bdfc5e2d446c4212b43c1017f3e725d531f4780fbb
2890,2023-12-31,2023,4,2024-03-08,2024-03-08T13:40:10+08:00,2024-03-08,2024-03-08,2024-03-11,MOPS_EXACT,official_timestamp_second_precision,CONSOLIDATED,202304_2890_AI1.pdf,TWSE_MOPS_T57SB01_OFFICIAL_DOCUMENT_UPLOAD,bdd9f67c975e500e77eda4cd5f1d8f3f71e458a8f08da0b08d8ae4502ea98123,ed37770869ab2211909536880a4b2b4464638bdfd38b2b6e194daaf69dcf4d84,EXACT_MATCH,MOPS_SINGLE_ELIGIBLE_FILING,fd3e02749a0149d3e760d40874769577d3f7666e149e7d79b99ee5e086352c3e
2890,2024-03-31,2024,1,2024-05-24,2024-05-24T15:32:57+08:00,2024-05-24,2024-05-24,2024-05-27,MOPS_EXACT,official_timestamp_second_precision,CONSOLIDATED,202401_2890_AI1.pdf,TWSE_MOPS_T57SB01_OFFICIAL_DOCUMENT_UPLOAD,bdd9f67c975e500e77eda4cd5f1d8f3f71e458a8f08da0b08d8ae4502ea98123,38f27aacb018406c30ce42d4a392e475b07ef5d9951744091fe7e21df3099155,EXACT_MATCH,MOPS_SINGLE_ELIGIBLE_FILING,251ecfce5ba7ad2352eb07b1b672abb11a41b1480ee237ba8466017515941739
2890,2024-06-30,2024,2,2024-08-23,2024-08-23T16:08:51+08:00,2024-08-23,2024-08-23,2024-08-26,MOPS_EXACT,official_timestamp_second_precision,CONSOLIDATED,202402_2890_AI1.pdf,TWSE_MOPS_T57SB01_OFFICIAL_DOCUMENT_UPLOAD,bdd9f67c975e500e77eda4cd5f1d8f3f71e458a8f08da0b08d8ae4502ea98123,e9c590d309540864228a33a9c859a5aa66e81f793c345ebbef73cf013dacfb6b,EXACT_MATCH,MOPS_SINGLE_ELIGIBLE_FILING,30b3ace610d03f979a1aaed9651b6807200f87176bd56d9e0d5c5eca514969ce
2890,2024-09-30,2024,3,2024-11-22,2024-11-22T14:22:24+08:00,2024-11-22,2024-11-22,2024-11-25,MOPS_EXACT,official_timestamp_second_precision,CONSOLIDATED,202403_2890_AI1.pdf,TWSE_MOPS_T57SB01_OFFICIAL_DOCUMENT_UPLOAD,bdd9f67c975e500e77eda4cd5f1d8f3f71e458a8f08da0b08d8ae4502ea98123,310cad914fa74329064ea5769969aa942291cc0e437d9e8b22647d3390555bb1,EXACT_MATCH,MOPS_SINGLE_ELIGIBLE_FILING,d71b979bdc49fcfe7c2e69d14baf9620271e8ee2b19103647c8694cc89d69ebc
2890,2024-12-31,2024,4,2025-03-07,2025-03-07T15:00:02+08:00,2025-03-07,2025-03-07,2025-03-10,MOPS_EXACT,official_timestamp_second_precision,CONSOLIDATED,202404_2890_AI1.pdf,TWSE_MOPS_T57SB01_OFFICIAL_DOCUMENT_UPLOAD,bdd9f67c975e500e77eda4cd5f1d8f3f71e458a8f08da0b08d8ae4502ea98123,18600f7a0121f81d36e3fabb667793e5c7282d32882da8a9dd56fc172be3c51b,EXACT_MATCH,MOPS_SINGLE_ELIGIBLE_FILING,e8444b3b1beaef7ccf0880604965fef545621891f55ab23bb173de9f52ad421c
2890,2025-03-31,2025,1,2025-05-23,2025-05-23T15:51:29+08:00,2025-05-23,2025-05-23,2025-05-26,MOPS_EXACT,official_timestamp_second_precision,CONSOLIDATED,202501_2890_AI1.pdf,TWSE_MOPS_T57SB01_OFFICIAL_DOCUMENT_UPLOAD,bdd9f67c975e500e77eda4cd5f1d8f3f71e458a8f08da0b08d8ae4502ea98123,7379d7b744fe4c33a1374892d0ba17fc264beb200c6b2df59fa16b5fe8225ae9,EXACT_MATCH,MOPS_SINGLE_ELIGIBLE_FILING,20ca7cf7bba75f3a10b5b611e661b6e1a8b9f750a27aed352a91461fa02e6ee6
2890,2025-06-30,2025,2,2025-08-22,2025-08-22T14:28:16+08:00,2025-08-22,2025-08-22,2025-08-25,MOPS_EXACT,official_timestamp_second_precision,CONSOLIDATED,202502_2890_AI1.pdf,TWSE_MOPS_T57SB01_OFFICIAL_DOCUMENT_UPLOAD,bdd9f67c975e500e77eda4cd5f1d8f3f71e458a8f08da0b08d8ae4502ea98123,8554941d8a3f391df0063b155eeede6c8b35907638f9bdae796146190b4423e0,EXACT_MATCH,MOPS_SINGLE_ELIGIBLE_FILING,1c757e4119c44daa3a98526cb0f923b27296072296f81dcdcce85defbd1193c9
2890,2025-09-30,2025,3,2025-11-21,2025-11-21T14:16:05+08:00,2025-11-21,2025-11-21,2025-11-24,MOPS_EXACT,official_timestamp_second_precision,CONSOLIDATED,202503_2890_AI1.pdf,TWSE_MOPS_T57SB01_OFFICIAL_DOCUMENT_UPLOAD,bdd9f67c975e500e77eda4cd5f1d8f3f71e458a8f08da0b08d8ae4502ea98123,3f181eed374511a8eaf625a8c1135ce39194b592ceab562971ebb4fbfb9501da,EXACT_MATCH,MOPS_SINGLE_ELIGIBLE_FILING,b4286b1541dac9e4be511790f7450f410140c397bebff269334d312eb395d610
2890,2025-12-31,2025,4,2026-03-13,2026-03-13T13:32:16+08:00,2026-03-13,2026-03-13,2026-03-16,MOPS_EXACT,official_timestamp_second_precision,CONSOLIDATED,202504_2890_AI1.pdf,TWSE_MOPS_T57SB01_OFFICIAL_DOCUMENT_UPLOAD,bdd9f67c975e500e77eda4cd5f1d8f3f71e458a8f08da0b08d8ae4502ea98123,2c6c7507fa6e45ecc2911342b1ea827665ecbf80d2f8b9386e8a27e5b0033954,EXACT_MATCH,MOPS_SINGLE_ELIGIBLE_FILING,b65b1a8e08d08da28292b889ab27292c0b26548d642a8e0eb3afef00be329747
2890,2026-03-31,2026,1,2026-05-27,2026-05-27T13:36:06+08:00,2026-05-27,2026-05-27,2026-05-28,MOPS_EXACT,official_timestamp_second_precision,CONSOLIDATED,202601_2890_AI1.pdf,TWSE_MOPS_T57SB01_OFFICIAL_DOCUMENT_UPLOAD,bdd9f67c975e500e77eda4cd5f1d8f3f71e458a8f08da0b08d8ae4502ea98123,2fede0457c634799cbde175ccfdbcbb0d026565a6b29783f0a28b97dd60c08ca,EXACT_MATCH,MOPS_SINGLE_ELIGIBLE_FILING,dc0232e8ef8c15db43339a3599c882a1300f7ba301115ae74bfb3e31571a38b2
2890,2026-06-30,2026,2,2026-08-25,2026-08-25T09:19:02+08:00,2026-08-25,2026-08-25,2026-08-26,MOPS_EXACT,official_timestamp_second_precision,CONSOLIDATED,202602_2890_AI1.pdf,TWSE_MOPS_T57SB01_OFFICIAL_DOCUMENT_UPLOAD,bdd9f67c975e500e77eda4cd5f1d8f3f71e458a8f08da0b08d8ae4502ea98123,02ead4b7e5f9cfbe1a63cf6b5bb0544f30758eceb542cdb482ca8790adcefa22,EXACT_MATCH,MOPS_SINGLE_ELIGIBLE_FILING,3e98f8bdf5e465a11046c5854a9bc9d30cabaf9efaca4b8535bed8f6f7719d2b
2891,2016-03-31,2016,1,2016-05-27,2016-05-27T16:38:30+08:00,2016-05-27,2016-05-27,2016-05-30,MOPS_EXACT,official_timestamp_second_precision,CONSOLIDATED,201601_2891_AI1.pdf,TWSE_MOPS_T57SB01_OFFICIAL_DOCUMENT_UPLOAD,22f622add7fa94fc08bf72f3d3647f206ef59b88510f005c757d9b06437a821e,da12ebc4bdc82c9d36f7a6ddaf0b944622b1fced2dd3f895ba183d895c9b8874,EXACT_MATCH,MOPS_SINGLE_ELIGIBLE_FILING,fe395247a5a9032a43a903db70c55944dba211b118d8b2a035cf72b1c50da681
2891,2016-06-30,2016,2,2016-08-29,2016-08-29T16:15:22+08:00,2016-08-29,2016-08-29,2016-08-30,MOPS_EXACT,official_timestamp_second_precision,CONSOLIDATED,201602_2891_AI1.pdf,TWSE_MOPS_T57SB01_OFFICIAL_DOCUMENT_UPLOAD,22f622add7fa94fc08bf72f3d3647f206ef59b88510f005c757d9b06437a821e,c775ca7ccc6a9c46c4cd68124f9a585e1f17ffaa3d0375e17b886b1c7a216671,EXACT_MATCH,MOPS_SINGLE_ELIGIBLE_FILING,14b0d1e30e9f110911acf4ca37283d32a5d14f4ea70e0e458974ea062035ee08
2891,2016-09-30,2016,3,2016-11-29,2016-11-29T15:48:07+08:00,2016-11-29,2016-11-29,2016-11-30,MOPS_EXACT,official_timestamp_second_precision,CONSOLIDATED,201603_2891_AI1.pdf,TWSE_MOPS_T57SB01_OFFICIAL_DOCUMENT_UPLOAD,22f622add7fa94fc08bf72f3d3647f206ef59b88510f005c757d9b06437a821e,c72134baf34b7fd87039d92cb8c3506d06285fe04befb7ac90c86e24be451ce8,EXACT_MATCH,MOPS_SINGLE_ELIGIBLE_FILING,7ad01a32c5c6daebf30ed318a26e3c7a285201445e9550d10890d871c78bdbb7
2891,2016-12-31,2016,4,2017-03-30,2017-03-30T15:49:10+08:00,2017-03-30,2017-03-30,2017-03-31,MOPS_EXACT,official_timestamp_second_precision,CONSOLIDATED,201604_2891_AI1.pdf,TWSE_MOPS_T57SB01_OFFICIAL_DOCUMENT_UPLOAD,22f622add7fa94fc08bf72f3d3647f206ef59b88510f005c757d9b06437a821e,e4819762c3555c401161d814c4ebfb966f799035bd9760a034ea663747e1c130,EXACT_MATCH,MOPS_SINGLE_ELIGIBLE_FILING,ce9a76deac01a3422127a0f7643516a0b702f61f5d290322562833450bd1a359
2891,2017-03-31,2017,1,2017-05-26,2017-05-26T15:01:08+08:00,2017-05-26,2017-05-26,2017-05-31,MOPS_EXACT,official_timestamp_second_precision,CONSOLIDATED,201701_2891_AI1.pdf,TWSE_MOPS_T57SB01_OFFICIAL_DOCUMENT_UPLOAD,22f622add7fa94fc08bf72f3d3647f206ef59b88510f005c757d9b06437a821e,c4aece91c0014bf7c0741acaf72efff1bb7780bd004ba5491b3ea6ec890ea2a3,EXACT_MATCH,MOPS_SINGLE_ELIGIBLE_FILING,d2036918a19255a096eae789d154b7aae587a39b42ada3071a82b6a58a9fc71e
2891,2017-06-30,2017,2,2017-08-30,2017-08-30T17:32:48+08:00,2017-08-30,2017-08-30,2017-08-31,MOPS_EXACT,official_timestamp_second_precision,CONSOLIDATED,201702_2891_AI1.pdf,TWSE_MOPS_T57SB01_OFFICIAL_DOCUMENT_UPLOAD,22f622add7fa94fc08bf72f3d3647f206ef59b88510f005c757d9b06437a821e,e9af6940d639a9bb5a536d09bc5b9d91f941073a833161f38bc74f211dca3f88,EXACT_MATCH,MOPS_SINGLE_ELIGIBLE_FILING,2ef5ca57a9dc2ce7f7aa703efadb8aaf39efbd11f1356436b46d71f7dca3c015
2891,2017-09-30,2017,3,2017-11-29,2017-11-29T14:59:38+08:00,2017-11-29,2017-11-29,2017-11-30,MOPS_EXACT,official_timestamp_second_precision,CONSOLIDATED,201703_2891_AI1.pdf,TWSE_MOPS_T57SB01_OFFICIAL_DOCUMENT_UPLOAD,22f622add7fa94fc08bf72f3d3647f206ef59b88510f005c757d9b06437a821e,bd1b1b1ff77347d5c135fe18e690497a430787256447b59bd6b7b5a09925918d,EXACT_MATCH,MOPS_SINGLE_ELIGIBLE_FILING,86c2c452b5d7bfb706bec7654cae54447ed4ea012ecc203c7b2f128a5dca7a43
2891,2017-12-31,2017,4,2018-03-23,2018-03-23T17:12:31+08:00,2018-03-23,2018-03-23,2018-03-26,MOPS_EXACT,official_timestamp_second_precision,CONSOLIDATED,201704_2891_AI1.pdf,TWSE_MOPS_T57SB01_OFFICIAL_DOCUMENT_UPLOAD,22f622add7fa94fc08bf72f3d3647f206ef59b88510f005c757d9b06437a821e,22b6f488561c03f9e87f31a2ca39912c681e4a6f28d9885e23c3b320c5516287,EXACT_MATCH,MOPS_SINGLE_ELIGIBLE_FILING,e8334049cc1b48f851a8ccc0485ff45523742af434372d93d0af49dd0596dbdc
2891,2018-03-31,2018,1,2018-05-29,2018-05-29T15:41:47+08:00,2018-05-29,2018-05-29,2018-05-30,MOPS_EXACT,official_timestamp_second_precision,CONSOLIDATED,201801_2891_AI1.pdf,TWSE_MOPS_T57SB01_OFFICIAL_DOCUMENT_UPLOAD,22f622add7fa94fc08bf72f3d3647f206ef59b88510f005c757d9b06437a821e,39c35b83d5f1af0571eca76aa5bc59ef18231aa1aae9a1f657c40681429bf941,EXACT_MATCH,MOPS_SINGLE_ELIGIBLE_FILING,69c624d01bc87ecd4acd179f891a35a18e80a15a2f5f3bf7be1c0830b407ae4b
2891,2018-06-30,2018,2,2018-08-30,2018-08-30T17:41:31+08:00,2018-08-30,2018-08-30,2018-08-31,MOPS_EXACT,official_timestamp_second_precision,CONSOLIDATED,201802_2891_AI1.pdf,TWSE_MOPS_T57SB01_OFFICIAL_DOCUMENT_UPLOAD,22f622add7fa94fc08bf72f3d3647f206ef59b88510f005c757d9b06437a821e,3985265a2c3bffabcb53b8d71f984403c47233ebfd913ef1e5797a13021ef564,EXACT_MATCH,MOPS_SINGLE_ELIGIBLE_FILING,337bbd83b606659f8e94c5dd60dcb7b8c219bacbaf910d6c4ce9e49c77d71e90
2891,2018-09-30,2018,3,2018-11-27,2018-11-27T15:49:51+08:00,2018-11-27,2018-11-27,2018-11-28,MOPS_EXACT,official_timestamp_second_precision,CONSOLIDATED,201803_2891_AI1.pdf,TWSE_MOPS_T57SB01_OFFICIAL_DOCUMENT_UPLOAD,22f622add7fa94fc08bf72f3d3647f206ef59b88510f005c757d9b06437a821e,6ae52a70169c1f818d1934600710926e24f60ac6e1ebe09a389bd46bb400ec79,EXACT_MATCH,MOPS_SINGLE_ELIGIBLE_FILING,7886f694624b85a600851e4c984bea51dd4f97a0f4716fa7b1e68bccdc6b018f
2891,2018-12-31,2018,4,2019-03-25,2019-03-25T17:23:18+08:00,2019-03-25,2019-03-25,2019-03-26,MOPS_EXACT,official_timestamp_second_precision,CONSOLIDATED,201804_2891_AI1.pdf,TWSE_MOPS_T57SB01_OFFICIAL_DOCUMENT_UPLOAD,22f622add7fa94fc08bf72f3d3647f206ef59b88510f005c757d9b06437a821e,d4901f61825542de99bf1d8fe64f91602edfb21df014bdf1b5bc36388896d028,EXACT_MATCH,MOPS_SINGLE_ELIGIBLE_FILING,0ea28a400ef0bada060bb7bb6e35a00f4cc30ba061bdc5875d444f49f2c3dca8
2891,2019-03-31,2019,1,2019-05-28,2019-05-28T15:22:34+08:00,2019-05-28,2019-05-28,2019-05-29,MOPS_EXACT,official_timestamp_second_precision,CONSOLIDATED,201901_2891_AI1.pdf,TWSE_MOPS_T57SB01_OFFICIAL_DOCUMENT_UPLOAD,22f622add7fa94fc08bf72f3d3647f206ef59b88510f005c757d9b06437a821e,407d5061a4e1553c25150867355115138efe9ee6f4db083e6c574d1a591a39cb,EXACT_MATCH,MOPS_SINGLE_ELIGIBLE_FILING,8e6fe19a27c1eb4a8b5188c6c21c4a1f0560fa3d196fbdc1d4e4cff492e12c19
2891,2019-06-30,2019,2,2019-08-28,2019-08-28T17:18:45+08:00,2019-08-28,2019-08-28,2019-08-29,MOPS_EXACT,official_timestamp_second_precision,CONSOLIDATED,201902_2891_AI1.pdf,TWSE_MOPS_T57SB01_OFFICIAL_DOCUMENT_UPLOAD,22f622add7fa94fc08bf72f3d3647f206ef59b88510f005c757d9b06437a821e,13da6ab1df4c4403b12f109f8b48ab8d508cd4849627ae661db3e71ca7e499d4,EXACT_MATCH,MOPS_SINGLE_ELIGIBLE_FILING,23f96b22989bf8b2721683904f78fdbfb1ba340d79bd52d3db80098fd5eb260e
2891,2019-09-30,2019,3,2019-11-28,2019-11-28T15:15:13+08:00,2019-11-28,2019-11-28,2019-11-29,MOPS_EXACT,official_timestamp_second_precision,CONSOLIDATED,201903_2891_AI1.pdf,TWSE_MOPS_T57SB01_OFFICIAL_DOCUMENT_UPLOAD,22f622add7fa94fc08bf72f3d3647f206ef59b88510f005c757d9b06437a821e,e67cfe096442f724406b8b0c39c4395173aa61aeeee364c2f0a3563a36ef0eac,EXACT_MATCH,MOPS_SINGLE_ELIGIBLE_FILING,eb88939c45c5d4e7f2b720706784b3f0df2f76853b30f4a4245fd1ef8f9522c8
2891,2019-12-31,2019,4,2020-03-30,2020-03-30T18:14:23+08:00,2020-03-30,2020-03-30,2020-03-31,MOPS_EXACT,official_timestamp_second_precision,CONSOLIDATED,201904_2891_AI1.pdf,TWSE_MOPS_T57SB01_OFFICIAL_DOCUMENT_UPLOAD,22f622add7fa94fc08bf72f3d3647f206ef59b88510f005c757d9b06437a821e,99db5be3fd74957e8284adf73bdae2da9fc4ab9978108ed06293870acbc70b75,EXACT_MATCH,MOPS_SINGLE_ELIGIBLE_FILING,cc5ec55f22213d38bd39d9fe830e4cda008683a4d44d89a74646f2b479608c47
2891,2020-03-31,2020,1,2020-05-22,2020-05-22T14:53:03+08:00,2020-05-22,2020-05-22,2020-05-25,MOPS_EXACT,official_timestamp_second_precision,CONSOLIDATED,202001_2891_AI1.pdf,TWSE_MOPS_T57SB01_OFFICIAL_DOCUMENT_UPLOAD,22f622add7fa94fc08bf72f3d3647f206ef59b88510f005c757d9b06437a821e,84f91f7fa9fd28587569cf3daf4bf8694574d177dc70fad1ba329da22e4a72a0,EXACT_MATCH,MOPS_SINGLE_ELIGIBLE_FILING,47f0f31ec3ee0854dfa06b9c163f59ab9a1dba5509db965ebb28d18986d2fe8b
2891,2020-06-30,2020,2,2020-08-21,2020-08-21T15:01:27+08:00,2020-08-21,2020-08-21,2020-08-24,MOPS_EXACT,official_timestamp_second_precision,CONSOLIDATED,202002_2891_AI1.pdf,TWSE_MOPS_T57SB01_OFFICIAL_DOCUMENT_UPLOAD,22f622add7fa94fc08bf72f3d3647f206ef59b88510f005c757d9b06437a821e,64c9203a810603264f6def37413cdecfa4e0170aa4179353442a2648add01bb9,EXACT_MATCH,MOPS_SINGLE_ELIGIBLE_FILING,4061fe3f19cfde3fe36f810fd37ad5ed1a14a97bce5f14dc2b700c20abdfae25
2891,2020-09-30,2020,3,2020-11-20,2020-11-20T14:50:51+08:00,2020-11-20,2020-11-20,2020-11-23,MOPS_EXACT,official_timestamp_second_precision,CONSOLIDATED,202003_2891_AI1.pdf,TWSE_MOPS_T57SB01_OFFICIAL_DOCUMENT_UPLOAD,22f622add7fa94fc08bf72f3d3647f206ef59b88510f005c757d9b06437a821e,78e2f77d019a90cbfb21a1ac1fe701f67b58a0f19bb9e7601b8435f663e59a82,EXACT_MATCH,MOPS_SINGLE_ELIGIBLE_FILING,f2377624520668c7234630c3d7f931f3aaf5ed44a9473e828dc991a30fe31c6e
2891,2020-12-31,2020,4,2021-03-19,2021-03-19T17:17:12+08:00,2021-03-19,2021-03-19,2021-03-22,MOPS_EXACT,official_timestamp_second_precision,CONSOLIDATED,202004_2891_AI1.pdf,TWSE_MOPS_T57SB01_OFFICIAL_DOCUMENT_UPLOAD,22f622add7fa94fc08bf72f3d3647f206ef59b88510f005c757d9b06437a821e,4808654d1881e864635ac1709641a52c41964daf4f5fbbb7945fcc681dd64d8a,EXACT_MATCH,MOPS_SINGLE_ELIGIBLE_FILING,6c1ac328f47b30fab3e95494f4055ba9a0b67d58d6d081529a9a689c32385774
2891,2021-03-31,2021,1,2021-05-21,2021-05-21T17:37:28+08:00,2021-05-21,2021-05-21,2021-05-24,MOPS_EXACT,official_timestamp_second_precision,CONSOLIDATED,202101_2891_AI1.pdf,TWSE_MOPS_T57SB01_OFFICIAL_DOCUMENT_UPLOAD,22f622add7fa94fc08bf72f3d3647f206ef59b88510f005c757d9b06437a821e,8fe90f4980fc1b9ada76d73e6270896ce6a79e599aa0277c5b1273fc00c274b0,EXACT_MATCH,MOPS_SINGLE_ELIGIBLE_FILING,9f2d5cf22c2c7f3d02b04df8efc6d89a353ebde94d7e541e996e3a8c07b54931
2891,2021-06-30,2021,2,2021-08-20,2021-08-20T17:38:33+08:00,2021-08-20,2021-08-20,2021-08-23,MOPS_EXACT,official_timestamp_second_precision,CONSOLIDATED,202102_2891_AI1.pdf,TWSE_MOPS_T57SB01_OFFICIAL_DOCUMENT_UPLOAD,22f622add7fa94fc08bf72f3d3647f206ef59b88510f005c757d9b06437a821e,31bf25d87a5b340c90e2f916f593a4b9dc48819ca3573952607e8047e0c6c88a,EXACT_MATCH,MOPS_SINGLE_ELIGIBLE_FILING,474cc121e90a5e271d678f081bc92e4441db293a7b61159113295985a1e1bdee
2891,2021-09-30,2021,3,2021-11-19,2021-11-19T18:50:18+08:00,2021-11-19,2021-11-19,2021-11-22,MOPS_EXACT,official_timestamp_second_precision,CONSOLIDATED,202103_2891_AI1.pdf,TWSE_MOPS_T57SB01_OFFICIAL_DOCUMENT_UPLOAD,22f622add7fa94fc08bf72f3d3647f206ef59b88510f005c757d9b06437a821e,50922d1edad70752384aba62651bf55163894c3489905706f16598e108c87416,EXACT_MATCH,MOPS_SINGLE_ELIGIBLE_FILING,d9206b325ab6182fa206e6bab1f1a2971e7d8b8c4beed3d24296e89d3aaa60b3
2891,2021-12-31,2021,4,2022-03-15,2022-03-15T18:33:52+08:00,2022-03-15,2022-03-15,2022-03-16,MOPS_EXACT,official_timestamp_second_precision,CONSOLIDATED,202104_2891_AI1.pdf,TWSE_MOPS_T57SB01_OFFICIAL_DOCUMENT_UPLOAD,22f622add7fa94fc08bf72f3d3647f206ef59b88510f005c757d9b06437a821e,3a823f2eb3549a244b8bc40ad9cab51f114bcb1d54f720b20be9cba8a0a44345,EXACT_MATCH,MOPS_SINGLE_ELIGIBLE_FILING,5cbeef8129a17b6ec7daa2097d7187aefd0349b0ca70a57039d53921dbe97b02
2891,2022-03-31,2022,1,2022-05-24,2022-05-24T16:22:40+08:00,2022-05-24,2022-05-24,2022-05-25,MOPS_EXACT,official_timestamp_second_precision,CONSOLIDATED,202201_2891_AI1.pdf,TWSE_MOPS_T57SB01_OFFICIAL_DOCUMENT_UPLOAD,22f622add7fa94fc08bf72f3d3647f206ef59b88510f005c757d9b06437a821e,9b041291d514b185a5a509fc2f11d3ebff5631a187e0105deb7a3e83bfdc00ad,EXACT_MATCH,MOPS_SINGLE_ELIGIBLE_FILING,95912f44fea26bd8c0ce7a471f6de0ae3da34a17b744908fa0e0e7a7db2bd5eb
2891,2022-06-30,2022,2,2022-08-19,2022-08-19T18:22:35+08:00,2022-08-19,2022-08-19,2022-08-22,MOPS_EXACT,official_timestamp_second_precision,CONSOLIDATED,202202_2891_AI1.pdf,TWSE_MOPS_T57SB01_OFFICIAL_DOCUMENT_UPLOAD,22f622add7fa94fc08bf72f3d3647f206ef59b88510f005c757d9b06437a821e,b7eb4ce48d2c200c47722bf105a14c162417206033dfab281ba9fb6ca5a7d09d,EXACT_MATCH,MOPS_SINGLE_ELIGIBLE_FILING,3a37c2c9f61bcce3e7f6c37d64b4a4e14e186f354990694eb5ccd3006c1f51ac
2891,2022-09-30,2022,3,2022-11-25,2022-11-25T15:49:18+08:00,2022-11-25,2022-11-25,2022-11-28,MOPS_EXACT,official_timestamp_second_precision,CONSOLIDATED,202203_2891_AI1.pdf,TWSE_MOPS_T57SB01_OFFICIAL_DOCUMENT_UPLOAD,22f622add7fa94fc08bf72f3d3647f206ef59b88510f005c757d9b06437a821e,99b841ba4961bc49813f872a44649575f7752434f94c4304efba1417ef32ba7d,EXACT_MATCH,MOPS_SINGLE_ELIGIBLE_FILING,d515f0f8e01c35e7a3b0627c811250d1d9b5ad7d47806d474fa4ad15480a1776
2891,2022-12-31,2022,4,2023-03-15,2023-03-15T17:49:50+08:00,2023-03-15,2023-03-15,2023-03-16,MOPS_EXACT,official_timestamp_second_precision,CONSOLIDATED,202204_2891_AI1.pdf,TWSE_MOPS_T57SB01_OFFICIAL_DOCUMENT_UPLOAD,22f622add7fa94fc08bf72f3d3647f206ef59b88510f005c757d9b06437a821e,be007f1732fd5980bfd87ad3f0227671aabb180dbf2ea68d007ec81dfcc4e5b4,EXACT_MATCH,MOPS_SINGLE_ELIGIBLE_FILING,72d587c39511a7c07bd9c3c3872881de51df5ad133843941abd5cd60ee535c62
2891,2023-03-31,2023,1,2023-05-26,2023-05-26T16:16:56+08:00,2023-05-26,2023-05-26,2023-05-29,MOPS_EXACT,official_timestamp_second_precision,CONSOLIDATED,202301_2891_AI1.pdf,TWSE_MOPS_T57SB01_OFFICIAL_DOCUMENT_UPLOAD,22f622add7fa94fc08bf72f3d3647f206ef59b88510f005c757d9b06437a821e,d28237e0710a60667c825c4e401d2385f1e5464fa4a402e0adf90271f63a6b53,EXACT_MATCH,MOPS_SINGLE_ELIGIBLE_FILING,07b164336e2fb847016b01e4a9df0952faf4e1b8f06b46a760a807cfe01abf9c
2891,2023-06-30,2023,2,2023-08-25,2023-08-25T17:53:51+08:00,2023-08-25,2023-08-25,2023-08-28,MOPS_EXACT,official_timestamp_second_precision,CONSOLIDATED,202302_2891_AI1.pdf,TWSE_MOPS_T57SB01_OFFICIAL_DOCUMENT_UPLOAD,22f622add7fa94fc08bf72f3d3647f206ef59b88510f005c757d9b06437a821e,cd4df77b3416f5ededbb0ffa2c6dd48c4cf2e3109ff0a795e84b78b5bf73cca5,EXACT_MATCH,MOPS_SINGLE_ELIGIBLE_FILING,b0d1c88d0f04c8fe9cfa0e1319f11750c79c46deac7bf2e16e170663a599bfe8
2891,2023-09-30,2023,3,2023-11-24,2023-11-24T16:17:14+08:00,2023-11-24,2023-11-24,2023-11-27,MOPS_EXACT,official_timestamp_second_precision,CONSOLIDATED,202303_2891_AI1.pdf,TWSE_MOPS_T57SB01_OFFICIAL_DOCUMENT_UPLOAD,22f622add7fa94fc08bf72f3d3647f206ef59b88510f005c757d9b06437a821e,8e3008f71eb7850951bd2b78bd5054f8e4c4b80b37aa1b8a00202d89844760d8,EXACT_MATCH,MOPS_SINGLE_ELIGIBLE_FILING,2e733b092b50de9b553bb8b9f7bfbe194d056918a26bf95e46fa8e9e76bf7915
2891,2023-12-31,2023,4,2024-03-14,2024-03-14T17:17:28+08:00,2024-03-14,2024-03-14,2024-03-15,MOPS_EXACT,official_timestamp_second_precision,CONSOLIDATED,202304_2891_AI1.pdf,TWSE_MOPS_T57SB01_OFFICIAL_DOCUMENT_UPLOAD,22f622add7fa94fc08bf72f3d3647f206ef59b88510f005c757d9b06437a821e,23c7bc86fffb023d0286e2e7769e0f263ed432e0253dfcca0fb7e099a06c7b1c,EXACT_MATCH,MOPS_SINGLE_ELIGIBLE_FILING,28f9811ed0a3df0e02f77986614d84aa93ebf70d4e7429e35d19e1087bb2cb55
2891,2024-03-31,2024,1,2024-05-24,2024-05-24T16:22:16+08:00,2024-05-24,2024-05-24,2024-05-27,MOPS_EXACT,official_timestamp_second_precision,CONSOLIDATED,202401_2891_AI1.pdf,TWSE_MOPS_T57SB01_OFFICIAL_DOCUMENT_UPLOAD,22f622add7fa94fc08bf72f3d3647f206ef59b88510f005c757d9b06437a821e,ff98b358d549a49284f5933560e7c32ec98ddaddbe584556ee722ed1f8bc2df9,EXACT_MATCH,MOPS_SINGLE_ELIGIBLE_FILING,a2a0cb6ec02acb2816c2e7d5089057bd9247cf23687f3858a38553a4291391ac
2891,2024-06-30,2024,2,2024-08-23,2024-08-23T16:58:03+08:00,2024-08-23,2024-08-23,2024-08-26,MOPS_EXACT,official_timestamp_second_precision,CONSOLIDATED,202402_2891_AI1.pdf,TWSE_MOPS_T57SB01_OFFICIAL_DOCUMENT_UPLOAD,22f622add7fa94fc08bf72f3d3647f206ef59b88510f005c757d9b06437a821e,85aafb689ac5a1708da461c11140539afce9644ad543a470da6e2045aa874ffd,EXACT_MATCH,MOPS_SINGLE_ELIGIBLE_FILING,c0ea7d859f63e6f410864e7f87f0c650bfbfe4f5e7b0a21eccb8638da8091546
2891,2024-09-30,2024,3,2024-11-22,2024-11-22T14:42:39+08:00,2024-11-22,2024-11-22,2024-11-25,MOPS_EXACT,official_timestamp_second_precision,CONSOLIDATED,202403_2891_AI1.pdf,TWSE_MOPS_T57SB01_OFFICIAL_DOCUMENT_UPLOAD,22f622add7fa94fc08bf72f3d3647f206ef59b88510f005c757d9b06437a821e,ae5a166c3d784cd24ae45339998db11f16b85fbaff6cae7a6f3235837b264f44,EXACT_MATCH,MOPS_SINGLE_ELIGIBLE_FILING,a9f175882a590381b6a0fbbe56a6b0aba8680054999a6884fd2ec48f14c7e88a
2891,2024-12-31,2024,4,2025-03-14,2025-03-14T16:36:34+08:00,2025-03-14,2025-03-14,2025-03-17,MOPS_EXACT,official_timestamp_second_precision,CONSOLIDATED,202404_2891_AI1.pdf,TWSE_MOPS_T57SB01_OFFICIAL_DOCUMENT_UPLOAD,22f622add7fa94fc08bf72f3d3647f206ef59b88510f005c757d9b06437a821e,656d4f445b9fb92bdad7d555f2d61255d14c154f2816ae95f1eb7970a1298583,EXACT_MATCH,MOPS_SINGLE_ELIGIBLE_FILING,bb1e39b657fc1ce9ab671b4f65c3401bed891f14240bf6f49741b764f59f0fcc
2891,2025-03-31,2025,1,2025-05-23,2025-05-23T15:17:59+08:00,2025-05-23,2025-05-23,2025-05-26,MOPS_EXACT,official_timestamp_second_precision,CONSOLIDATED,202501_2891_AI1.pdf,TWSE_MOPS_T57SB01_OFFICIAL_DOCUMENT_UPLOAD,22f622add7fa94fc08bf72f3d3647f206ef59b88510f005c757d9b06437a821e,d9c7577c02d1a0a53c7ece726f5c58a7045ede65ee1105ef38cbb01005227c41,EXACT_MATCH,MOPS_SINGLE_ELIGIBLE_FILING,3fb01ea3d29320ba3dabcf9d58a9ea36deb7738eacd85c0b8e50b9f0a643c833
2891,2025-06-30,2025,2,2025-08-22,2025-08-22T17:02:45+08:00,2025-08-22,2025-08-22,2025-08-25,MOPS_EXACT,official_timestamp_second_precision,CONSOLIDATED,202502_2891_AI1.pdf,TWSE_MOPS_T57SB01_OFFICIAL_DOCUMENT_UPLOAD,22f622add7fa94fc08bf72f3d3647f206ef59b88510f005c757d9b06437a821e,bbd3b01354ad70e9b5374e6fbbad2b3f4d8795b382021cd49ab7fb24578a4fb5,EXACT_MATCH,MOPS_SINGLE_ELIGIBLE_FILING,82237617df9032265d1b90488e68af99bae02f8d978010c8a218388fadd0ad6f
2891,2025-09-30,2025,3,2025-11-21,2025-11-21T15:06:36+08:00,2025-11-21,2025-11-21,2025-11-24,MOPS_EXACT,official_timestamp_second_precision,CONSOLIDATED,202503_2891_AI1.pdf,TWSE_MOPS_T57SB01_OFFICIAL_DOCUMENT_UPLOAD,22f622add7fa94fc08bf72f3d3647f206ef59b88510f005c757d9b06437a821e,9da0b4a304449a548a3a8512658c3b3c1b1a8eebcbc2fe08ce0eb2248913391b,EXACT_MATCH,MOPS_SINGLE_ELIGIBLE_FILING,426bf1d98a34a153924d66b828c792115cc1d9bb6bfc7c411d3de90ac75b8ec1
2891,2025-12-31,2025,4,2026-03-13,2026-03-13T17:20:27+08:00,2026-03-13,2026-03-13,2026-03-16,MOPS_EXACT,official_timestamp_second_precision,CONSOLIDATED,202504_2891_AI1.pdf,TWSE_MOPS_T57SB01_OFFICIAL_DOCUMENT_UPLOAD,22f622add7fa94fc08bf72f3d3647f206ef59b88510f005c757d9b06437a821e,f97a4432bb4aaf4730f36f5d4eea02f31cbd563bfce281840391981e5749055c,EXACT_MATCH,MOPS_SINGLE_ELIGIBLE_FILING,1c1aff15fde9b8c2ec645091157cc14945bb950ce1b8b924fc71340e72d79b9b
2891,2026-03-31,2026,1,2026-05-22,2026-05-22T16:55:39+08:00,2026-05-22,2026-05-22,2026-05-25,MOPS_EXACT,official_timestamp_second_precision,CONSOLIDATED,202601_2891_AI1.pdf,TWSE_MOPS_T57SB01_OFFICIAL_DOCUMENT_UPLOAD,22f622add7fa94fc08bf72f3d3647f206ef59b88510f005c757d9b06437a821e,9c9e994b2a9d64e0e29da0f02fb10600b4f7af28e19592ba7bc5e38f2ff21555,EXACT_MATCH,MOPS_SINGLE_ELIGIBLE_FILING,ae090140a7d4ef28918500fed9a57a2149015c789713b711045f4824663f3d74
2891,2026-06-30,2026,2,2026-08-21,2026-08-21T18:13:01+08:00,2026-08-21,2026-08-21,2026-08-24,MOPS_EXACT,official_timestamp_second_precision,CONSOLIDATED,202602_2891_AI1.pdf,TWSE_MOPS_T57SB01_OFFICIAL_DOCUMENT_UPLOAD,22f622add7fa94fc08bf72f3d3647f206ef59b88510f005c757d9b06437a821e,497450b607f50407dfd3822d8ca5b5eaaabda761eaa8d347afba2a7022ad638a,EXACT_MATCH,MOPS_SINGLE_ELIGIBLE_FILING,6f001f5167a74c2f56e4b253eb483f45724cb99235a37c967c917fc24a9e7df6
2892,2016-03-31,2016,1,2016-05-25,2016-05-25T14:58:56+08:00,2016-05-25,2016-05-25,2016-05-26,MOPS_EXACT,official_timestamp_second_precision,CONSOLIDATED,201601_2892_AI1.pdf,TWSE_MOPS_T57SB01_OFFICIAL_DOCUMENT_UPLOAD,f2531179c0651f579b3fd9d5d9eca3c2d1da330eaf2eaa9eb480d72666e3b0ed,70cae6b1824a686f4824e6d6b2b69bd6a0a1bd60a4cbdfc9aad6b1aab625bc07,EXACT_MATCH,MOPS_SINGLE_ELIGIBLE_FILING,01bf721c5f1b47026d74115eb6118e6129b8bb39eff965abcb73e82cfb8fe7b3
2892,2016-06-30,2016,2,2016-08-30,2016-08-30T11:36:18+08:00,2016-08-30,2016-08-30,2016-08-31,MOPS_EXACT,official_timestamp_second_precision,CONSOLIDATED,201602_2892_AI1.pdf,TWSE_MOPS_T57SB01_OFFICIAL_DOCUMENT_UPLOAD,f2531179c0651f579b3fd9d5d9eca3c2d1da330eaf2eaa9eb480d72666e3b0ed,c371c0aa80cccd05bf68682b9e12b8406fe0d6d24dcf675ed03629a3f5708876,EXACT_MATCH,MOPS_SINGLE_ELIGIBLE_FILING,2ee691282b6cdedaa2f9e9c1be69ff522872c8af898f81ae17baea341ccec635
2892,2016-09-30,2016,3,2016-11-25,2016-11-25T17:09:49+08:00,2016-11-25,2016-11-25,2016-11-28,MOPS_EXACT,official_timestamp_second_precision,CONSOLIDATED,201603_2892_AI1.pdf,TWSE_MOPS_T57SB01_OFFICIAL_DOCUMENT_UPLOAD,f2531179c0651f579b3fd9d5d9eca3c2d1da330eaf2eaa9eb480d72666e3b0ed,8a1416805e3794a4745e97649167db0df191a02ef925c6029d96258493f9cd07,EXACT_MATCH,MOPS_SINGLE_ELIGIBLE_FILING,1bf140fedc0935a168261cdba0221e8a66f7c41e7ba8db479a0e88a5cab19930
2892,2016-12-31,2016,4,2017-03-30,2017-03-30T17:29:27+08:00,2017-03-30,2017-03-30,2017-03-31,MOPS_EXACT,official_timestamp_second_precision,CONSOLIDATED,201604_2892_AI1.pdf,TWSE_MOPS_T57SB01_OFFICIAL_DOCUMENT_UPLOAD,f2531179c0651f579b3fd9d5d9eca3c2d1da330eaf2eaa9eb480d72666e3b0ed,c0623c99ca513cd38d58f67df5923dcb41bdcd60415a84f5cfb0bb9db2162155,EXACT_MATCH,MOPS_SINGLE_ELIGIBLE_FILING,150cd20f5f6b8fbf103914383360822fc0ce6d7e620b3b117bd0772c9ac1dac3
2892,2017-03-31,2017,1,2017-05-24,2017-05-24T14:23:31+08:00,2017-05-24,2017-05-24,2017-05-25,MOPS_EXACT,official_timestamp_second_precision,CONSOLIDATED,201701_2892_AI1.pdf,TWSE_MOPS_T57SB01_OFFICIAL_DOCUMENT_UPLOAD,f2531179c0651f579b3fd9d5d9eca3c2d1da330eaf2eaa9eb480d72666e3b0ed,59017f041ad3c0c83223525e3a35014fe8f4daf0d95f1b8eaded313ffac023ec,EXACT_MATCH,MOPS_SINGLE_ELIGIBLE_FILING,d2bc234486c51b0f98067198987b0672db3cd1eacdfeac675b125bba55998a01
2892,2017-06-30,2017,2,2017-08-29,2017-08-29T13:36:26+08:00,2017-08-29,2017-08-29,2017-08-30,MOPS_EXACT,official_timestamp_second_precision,CONSOLIDATED,201702_2892_AI1.pdf,TWSE_MOPS_T57SB01_OFFICIAL_DOCUMENT_UPLOAD,f2531179c0651f579b3fd9d5d9eca3c2d1da330eaf2eaa9eb480d72666e3b0ed,0bc6286926117cb745f266b16b5cce678f57147c92ef057eff3082580c1eb0e0,EXACT_MATCH,MOPS_SINGLE_ELIGIBLE_FILING,4b98e2cf5ef47eb13a182e7140ef86d766cdc1387857a5ffccc7db21ae23a8ce
2892,2017-09-30,2017,3,2017-11-28,2017-11-28T14:07:18+08:00,2017-11-28,2017-11-28,2017-11-29,MOPS_EXACT,official_timestamp_second_precision,CONSOLIDATED,201703_2892_AI1.pdf,TWSE_MOPS_T57SB01_OFFICIAL_DOCUMENT_UPLOAD,f2531179c0651f579b3fd9d5d9eca3c2d1da330eaf2eaa9eb480d72666e3b0ed,404ff5cf2e0997e16a525541c2cd4cfcf4f15b8dbb592d7b3d041ba251621d9c,EXACT_MATCH,MOPS_SINGLE_ELIGIBLE_FILING,925dbaefd10572cc9280c8e8b2b3959dbbf49c0bf8394f259814286dde0eb358
2892,2017-12-31,2017,4,2018-03-29,2018-03-29T13:18:17+08:00,2018-03-29,2018-03-29,2018-03-30,MOPS_EXACT,official_timestamp_second_precision,CONSOLIDATED,201704_2892_AI1.pdf,TWSE_MOPS_T57SB01_OFFICIAL_DOCUMENT_UPLOAD,f2531179c0651f579b3fd9d5d9eca3c2d1da330eaf2eaa9eb480d72666e3b0ed,9f3d1a15e6085281b3aac1e3f88561a127b347055b937925fc0fe4d3fa90f1ce,EXACT_MATCH,MOPS_SINGLE_ELIGIBLE_FILING,4953274beb4c98ef9747a4d602e52778e5633e17a0b1b8462f7df921f9199d3a
2892,2018-03-31,2018,1,2018-05-28,2018-05-28T17:37:43+08:00,2018-05-28,2018-05-28,2018-05-29,MOPS_EXACT,official_timestamp_second_precision,CONSOLIDATED,201801_2892_AI1.pdf,TWSE_MOPS_T57SB01_OFFICIAL_DOCUMENT_UPLOAD,f2531179c0651f579b3fd9d5d9eca3c2d1da330eaf2eaa9eb480d72666e3b0ed,eecc40be42700f92d709e7453091002529248e82c19cec8bcd3e86b54cabb720,EXACT_MATCH,MOPS_SINGLE_ELIGIBLE_FILING,9d85ca72a35422c03791a29f9b4b59b3760627a642b34b4acb149027d78f7bec
2892,2018-06-30,2018,2,2018-08-29,2018-08-29T15:32:17+08:00,2018-08-29,2018-08-29,2018-08-30,MOPS_EXACT,official_timestamp_second_precision,CONSOLIDATED,201802_2892_AI1.pdf,TWSE_MOPS_T57SB01_OFFICIAL_DOCUMENT_UPLOAD,f2531179c0651f579b3fd9d5d9eca3c2d1da330eaf2eaa9eb480d72666e3b0ed,5feec28aa8865e718affd9e1e5bb69f41b5ce7071b54973ef8fb1caf612f4196,EXACT_MATCH,MOPS_SINGLE_ELIGIBLE_FILING,a58b06c811f461d1f41655c0ea8459fee4b5007e288c1b032aa5d2db1dbc1d71
2892,2018-09-30,2018,3,2018-11-27,2018-11-27T14:04:05+08:00,2018-11-27,2018-11-27,2018-11-28,MOPS_EXACT,official_timestamp_second_precision,CONSOLIDATED,201803_2892_AI1.pdf,TWSE_MOPS_T57SB01_OFFICIAL_DOCUMENT_UPLOAD,f2531179c0651f579b3fd9d5d9eca3c2d1da330eaf2eaa9eb480d72666e3b0ed,8531efaddd980de1b7c1f8f6301deac62c47cfdf46f873b4f71292f2465ff590,EXACT_MATCH,MOPS_SINGLE_ELIGIBLE_FILING,631a270ae6177bb22edf1e576fae998b91fac801af01c736d6c71faea3982abc
2892,2018-12-31,2018,4,2019-03-27,2019-03-27T17:55:37+08:00,2019-03-27,2019-03-27,2019-03-28,MOPS_EXACT,official_timestamp_second_precision,CONSOLIDATED,201804_2892_AI1.pdf,TWSE_MOPS_T57SB01_OFFICIAL_DOCUMENT_UPLOAD,f2531179c0651f579b3fd9d5d9eca3c2d1da330eaf2eaa9eb480d72666e3b0ed,13e96789fbd7f5f70ab515ff6105df06391b9b6ae5a7836261771343ca461998,EXACT_MATCH,MOPS_SINGLE_ELIGIBLE_FILING,e294d11d90687c7f65d03b196b4957143bd1991f4b89ea15d1c4fe8c88e951be
2892,2019-03-31,2019,1,2019-05-29,2019-05-29T13:25:28+08:00,2019-05-29,2019-05-29,2019-05-30,MOPS_EXACT,official_timestamp_second_precision,CONSOLIDATED,201901_2892_AI1.pdf,TWSE_MOPS_T57SB01_OFFICIAL_DOCUMENT_UPLOAD,f2531179c0651f579b3fd9d5d9eca3c2d1da330eaf2eaa9eb480d72666e3b0ed,0d9f69324ede3a486a3caf576e6edb2932e3d138727947192e00bbf58b531f13,EXACT_MATCH,MOPS_SINGLE_ELIGIBLE_FILING,7e33b0cded687f30731067178d429056805dcc8735c061aa44020dbbcd734a93
2892,2019-06-30,2019,2,2019-08-28,2019-08-28T18:27:55+08:00,2019-08-28,2019-08-28,2019-08-29,MOPS_EXACT,official_timestamp_second_precision,CONSOLIDATED,201902_2892_AI1.pdf,TWSE_MOPS_T57SB01_OFFICIAL_DOCUMENT_UPLOAD,f2531179c0651f579b3fd9d5d9eca3c2d1da330eaf2eaa9eb480d72666e3b0ed,bfa834713dc31f6c24e9859378f64f2740b87bf55cff8712a87f1ea3d8f9a17f,EXACT_MATCH,MOPS_SINGLE_ELIGIBLE_FILING,51fbfdb61e80ec63dbd97ab6cdad4aff89196c0c0ee38d50001bd5bd3d8ed0e9
2892,2019-09-30,2019,3,2019-11-27,2019-11-27T13:14:45+08:00,2019-11-27,2019-11-27,2019-11-28,MOPS_EXACT,official_timestamp_second_precision,CONSOLIDATED,201903_2892_AI1.pdf,TWSE_MOPS_T57SB01_OFFICIAL_DOCUMENT_UPLOAD,f2531179c0651f579b3fd9d5d9eca3c2d1da330eaf2eaa9eb480d72666e3b0ed,79ae2e84908640704c495e30748354a208f9e58438be396aa5359c6104af9c6e,EXACT_MATCH,MOPS_SINGLE_ELIGIBLE_FILING,2dd1c7dc0f189d1607224187934e93fc28159141643f2ff59eaf12e9467a3d9d
2892,2019-12-31,2019,4,2020-03-30,2020-03-30T15:01:40+08:00,2020-03-30,2020-03-30,2020-03-31,MOPS_EXACT,official_timestamp_second_precision,CONSOLIDATED,201904_2892_AI1.pdf,TWSE_MOPS_T57SB01_OFFICIAL_DOCUMENT_UPLOAD,f2531179c0651f579b3fd9d5d9eca3c2d1da330eaf2eaa9eb480d72666e3b0ed,b9115ece660f286ff61db181fc6108346aa9356aa127a9f13fc284c7bda7ebf2,EXACT_MATCH,MOPS_SINGLE_ELIGIBLE_FILING,3e1efa58d4018de4c7698b7f15ad1deb2313ed3b2270f7739f433c3a81e4f4d2
2892,2020-03-31,2020,1,2020-05-28,2020-05-28T14:25:58+08:00,2020-05-28,2020-05-28,2020-05-29,MOPS_EXACT,official_timestamp_second_precision,CONSOLIDATED,202001_2892_AI1.pdf,TWSE_MOPS_T57SB01_OFFICIAL_DOCUMENT_UPLOAD,f2531179c0651f579b3fd9d5d9eca3c2d1da330eaf2eaa9eb480d72666e3b0ed,7bfb21b85962c3b20c4423e78340f0662772dc8ffeb8295e8ca83f67f6523a74,EXACT_MATCH,MOPS_SINGLE_ELIGIBLE_FILING,ccd1cad7dff1e8835b6026ac829c0fd3c4ad6a22f21ce97fe902e20fb4cdccd3
2892,2020-06-30,2020,2,2020-08-27,2020-08-27T17:25:07+08:00,2020-08-27,2020-08-27,2020-08-28,MOPS_EXACT,official_timestamp_second_precision,CONSOLIDATED,202002_2892_AI1.pdf,TWSE_MOPS_T57SB01_OFFICIAL_DOCUMENT_UPLOAD,f2531179c0651f579b3fd9d5d9eca3c2d1da330eaf2eaa9eb480d72666e3b0ed,a1f5f34fba593a13d38efde796768a0484114da8f31c6414bd8bce3b68226b0c,EXACT_MATCH,MOPS_SINGLE_ELIGIBLE_FILING,8b6508c1a91200c03289375e4bd7cf1e866dbb03ad92966ef94d8c231264bd10
2892,2020-09-30,2020,3,2020-11-27,2020-11-27T11:36:56+08:00,2020-11-27,2020-11-27,2020-11-30,MOPS_EXACT,official_timestamp_second_precision,CONSOLIDATED,202003_2892_AI1.pdf,TWSE_MOPS_T57SB01_OFFICIAL_DOCUMENT_UPLOAD,f2531179c0651f579b3fd9d5d9eca3c2d1da330eaf2eaa9eb480d72666e3b0ed,0b6b11c3b34b6862d81a3325b92a09a5829d5a7bcd28316005c5920d8a9efa1c,EXACT_MATCH,MOPS_SINGLE_ELIGIBLE_FILING,8f4b791ad4c80db1333c3b6c3fff8ae8000e05ea8e0687b9ff3f033742fe1a25
2892,2020-12-31,2020,4,2021-03-29,2021-03-29T13:31:32+08:00,2021-03-29,2021-03-29,2021-03-30,MOPS_EXACT,official_timestamp_second_precision,CONSOLIDATED,202004_2892_AI1.pdf,TWSE_MOPS_T57SB01_OFFICIAL_DOCUMENT_UPLOAD,f2531179c0651f579b3fd9d5d9eca3c2d1da330eaf2eaa9eb480d72666e3b0ed,75f5bf6340af501cf49ef4ea7c98e1edb6ab1c20d69eb98f0f0db6ee59ea6a34,EXACT_MATCH,MOPS_SINGLE_ELIGIBLE_FILING,5ae57a12e3771344f9999bea5807a1239fb45355f7778050308e29f2387c4d4f
2892,2021-03-31,2021,1,2021-05-28,2021-05-28T10:40:09+08:00,2021-05-28,2021-05-28,2021-05-31,MOPS_EXACT,official_timestamp_second_precision,CONSOLIDATED,202101_2892_AI1.pdf,TWSE_MOPS_T57SB01_OFFICIAL_DOCUMENT_UPLOAD,f2531179c0651f579b3fd9d5d9eca3c2d1da330eaf2eaa9eb480d72666e3b0ed,80490c1ebda6f6fa0f7f1f5c156c5b171e5a1e0bd39400b3ca8844385eb5f143,EXACT_MATCH,MOPS_SINGLE_ELIGIBLE_FILING,ed19519760372194084648c2683edd540726cb0620a8ace49cf8026dce4e1cf2
2892,2021-06-30,2021,2,2021-08-27,2021-08-27T14:15:08+08:00,2021-08-27,2021-08-27,2021-08-30,MOPS_EXACT,official_timestamp_second_precision,CONSOLIDATED,202102_2892_AI1.pdf,TWSE_MOPS_T57SB01_OFFICIAL_DOCUMENT_UPLOAD,f2531179c0651f579b3fd9d5d9eca3c2d1da330eaf2eaa9eb480d72666e3b0ed,64b67c4c05412295cf64b9cf7b9b09573c3ee1ea332b5dc0c356b8a0355fa089,EXACT_MATCH,MOPS_SINGLE_ELIGIBLE_FILING,0c3b09cb49e082edd08c06c6f87c16eba640332459bf7b87762e3fdabaa604f1
2892,2021-09-30,2021,3,2021-11-26,2021-11-26T14:13:34+08:00,2021-11-26,2021-11-26,2021-11-29,MOPS_EXACT,official_timestamp_second_precision,CONSOLIDATED,202103_2892_AI1.pdf,TWSE_MOPS_T57SB01_OFFICIAL_DOCUMENT_UPLOAD,f2531179c0651f579b3fd9d5d9eca3c2d1da330eaf2eaa9eb480d72666e3b0ed,230662ec9cfd4526eb1e10bec3c83912b190314f449304859b41974bd34947b6,EXACT_MATCH,MOPS_SINGLE_ELIGIBLE_FILING,85e08c3fa093701f3361ac149dea61f88f8558ef45dc540c1497df8e802f0c2a
2892,2021-12-31,2021,4,2022-03-14,2022-03-14T13:48:56+08:00,2022-03-14,2022-03-14,2022-03-15,MOPS_EXACT,official_timestamp_second_precision,CONSOLIDATED,202104_2892_AI1.pdf,TWSE_MOPS_T57SB01_OFFICIAL_DOCUMENT_UPLOAD,f2531179c0651f579b3fd9d5d9eca3c2d1da330eaf2eaa9eb480d72666e3b0ed,b8ddc42fa873da257bb804c572adc9b96e6b13622336d9b3c366ae2b3531f81a,EXACT_MATCH,MOPS_SINGLE_ELIGIBLE_FILING,ce11c56f72bace3c2c152e4a566d7a8a2e0b644310e9e701e2b488501f631112
2892,2022-03-31,2022,1,2022-05-30,2022-05-30T10:15:59+08:00,2022-05-30,2022-05-30,2022-05-31,MOPS_EXACT,official_timestamp_second_precision,CONSOLIDATED,202201_2892_AI1.pdf,TWSE_MOPS_T57SB01_OFFICIAL_DOCUMENT_UPLOAD,f2531179c0651f579b3fd9d5d9eca3c2d1da330eaf2eaa9eb480d72666e3b0ed,6636fdc35f2811f4b3f7caffa068aa4d9eb2c3ac365293ab22870b842a60a0cc,EXACT_MATCH,MOPS_SINGLE_ELIGIBLE_FILING,448dcaeea713c311112deabc610af2738e089228cee1d370b9201c2fa0134d01
2892,2022-06-30,2022,2,2022-08-29,2022-08-29T13:24:40+08:00,2022-08-29,2022-08-29,2022-08-30,MOPS_EXACT,official_timestamp_second_precision,CONSOLIDATED,202202_2892_AI1.pdf,TWSE_MOPS_T57SB01_OFFICIAL_DOCUMENT_UPLOAD,f2531179c0651f579b3fd9d5d9eca3c2d1da330eaf2eaa9eb480d72666e3b0ed,091d82e2e9adc50d672916c0cb20c5ca26b622f7a32fa08b57f8b33e88aa8d03,EXACT_MATCH,MOPS_SINGLE_ELIGIBLE_FILING,6f329bb881442b216bc3854a920de6f548934647ab3b0214f833460ec9f51400
2892,2022-09-30,2022,3,2022-11-29,2022-11-29T14:27:02+08:00,2022-11-29,2022-11-29,2022-11-30,MOPS_EXACT,official_timestamp_second_precision,CONSOLIDATED,202203_2892_AI1.pdf,TWSE_MOPS_T57SB01_OFFICIAL_DOCUMENT_UPLOAD,f2531179c0651f579b3fd9d5d9eca3c2d1da330eaf2eaa9eb480d72666e3b0ed,402621daa7e4f003a8171c867d26ebe86f073287d3d33415aea106b4cb1041e1,EXACT_MATCH,MOPS_SINGLE_ELIGIBLE_FILING,2a261b145a1f0ce1b052e22dfcd49a4841f839b87e32d4a7ac5354bc96964681
2892,2022-12-31,2022,4,2023-03-13,2023-03-13T13:53:44+08:00,2023-03-13,2023-03-13,2023-03-14,MOPS_EXACT,official_timestamp_second_precision,CONSOLIDATED,202204_2892_AI1.pdf,TWSE_MOPS_T57SB01_OFFICIAL_DOCUMENT_UPLOAD,f2531179c0651f579b3fd9d5d9eca3c2d1da330eaf2eaa9eb480d72666e3b0ed,7558a0518538e75a3d40128f619e73d32a06d09c1b9753be251af3beeaafe187,EXACT_MATCH,MOPS_SINGLE_ELIGIBLE_FILING,bf977842288346a7df406b8cfe47ba8e42d07bdd925ffae5a5deb82342931d1d
2892,2023-03-31,2023,1,2023-05-29,2023-05-29T10:58:53+08:00,2023-05-29,2023-05-29,2023-05-30,MOPS_EXACT,official_timestamp_second_precision,CONSOLIDATED,202301_2892_AI1.pdf,TWSE_MOPS_T57SB01_OFFICIAL_DOCUMENT_UPLOAD,f2531179c0651f579b3fd9d5d9eca3c2d1da330eaf2eaa9eb480d72666e3b0ed,88207487ea5700865f7f453a079bf2ec3ce5243cbb620cedba3fdf2fa4c769fe,EXACT_MATCH,MOPS_SINGLE_ELIGIBLE_FILING,b0a5b7a42386752a15f5562f15164f5e7906e5835ab4cf6f5e1ebe1885400e8f
2892,2023-06-30,2023,2,2023-08-28,2023-08-28T14:02:37+08:00,2023-08-28,2023-08-28,2023-08-29,MOPS_EXACT,official_timestamp_second_precision,CONSOLIDATED,202302_2892_AI1.pdf,TWSE_MOPS_T57SB01_OFFICIAL_DOCUMENT_UPLOAD,f2531179c0651f579b3fd9d5d9eca3c2d1da330eaf2eaa9eb480d72666e3b0ed,6724fa9bbe1e39dd1c6e8eda30e801f1220fbf1d933342f1e129573ba2b37c57,EXACT_MATCH,MOPS_SINGLE_ELIGIBLE_FILING,bb82e9a0142ac6197eda9ba1d8564e041c3a1a31a2845f09120ef374f38a0a1a
2892,2023-09-30,2023,3,2023-11-29,2023-11-29T10:35:30+08:00,2023-11-29,2023-11-29,2023-11-30,MOPS_EXACT,official_timestamp_second_precision,CONSOLIDATED,202303_2892_AI1.pdf,TWSE_MOPS_T57SB01_OFFICIAL_DOCUMENT_UPLOAD,f2531179c0651f579b3fd9d5d9eca3c2d1da330eaf2eaa9eb480d72666e3b0ed,a2d53c26a36fb1caa1c194bd5adca4df714cc85707d80ce7e28bfc409763ec4c,EXACT_MATCH,MOPS_SINGLE_ELIGIBLE_FILING,9a876a2b26911fa4075bec206fbbc47d5797487e0cdc5fdec9430ab9330f5632
2892,2023-12-31,2023,4,2024-03-13,2024-03-13T14:26:07+08:00,2024-03-13,2024-03-13,2024-03-14,MOPS_EXACT,official_timestamp_second_precision,CONSOLIDATED,202304_2892_AI1.pdf,TWSE_MOPS_T57SB01_OFFICIAL_DOCUMENT_UPLOAD,f2531179c0651f579b3fd9d5d9eca3c2d1da330eaf2eaa9eb480d72666e3b0ed,052c436cbe6d011affc8907bcb68472a80429c85513572e09a061e60cd18cf59,EXACT_MATCH,MOPS_SINGLE_ELIGIBLE_FILING,3bd54fb7fff0f619f68dcc75341a62a6905925034d78d9f6636b4eb23afaee85
2892,2024-03-31,2024,1,2024-05-28,2024-05-28T10:40:18+08:00,2024-05-28,2024-05-28,2024-05-29,MOPS_EXACT,official_timestamp_second_precision,CONSOLIDATED,202401_2892_AI1.pdf,TWSE_MOPS_T57SB01_OFFICIAL_DOCUMENT_UPLOAD,f2531179c0651f579b3fd9d5d9eca3c2d1da330eaf2eaa9eb480d72666e3b0ed,e5575f49dd8211ddb96f02ae82f1e9b0525d7183c1454cd01227672c05c18326,EXACT_MATCH,MOPS_SINGLE_ELIGIBLE_FILING,e561a8ed45f34945ab22abec4a204be027720a2b8370a8fcbda2aeb995efa1d6
2892,2024-06-30,2024,2,2024-08-26,2024-08-26T13:59:00+08:00,2024-08-26,2024-08-26,2024-08-27,MOPS_EXACT,official_timestamp_second_precision,CONSOLIDATED,202402_2892_AI1.pdf,TWSE_MOPS_T57SB01_OFFICIAL_DOCUMENT_UPLOAD,f2531179c0651f579b3fd9d5d9eca3c2d1da330eaf2eaa9eb480d72666e3b0ed,e54e620eac55b95ff53854fbf3bab3fdf5b84a866382a760b3581a311a8f279e,EXACT_MATCH,MOPS_SINGLE_ELIGIBLE_FILING,ab79a82ab18c5c9fab2ad6c99cbf46edf2cdd0d46706772876f041c0084dd691
2892,2024-09-30,2024,3,2024-11-28,2024-11-28T11:02:30+08:00,2024-11-28,2024-11-28,2024-11-29,MOPS_EXACT,official_timestamp_second_precision,CONSOLIDATED,202403_2892_AI1.pdf,TWSE_MOPS_T57SB01_OFFICIAL_DOCUMENT_UPLOAD,f2531179c0651f579b3fd9d5d9eca3c2d1da330eaf2eaa9eb480d72666e3b0ed,05b54339f223c300d94d7f81eaf9714f8b6c33ffa571d8eb2d8c848867201e50,EXACT_MATCH,MOPS_SINGLE_ELIGIBLE_FILING,d980507b1a0e23552af9925c402b57dcb038786cff4782f867d00f957240ee4f
2892,2024-12-31,2024,4,2025-03-13,2025-03-13T11:06:55+08:00,2025-03-13,2025-03-13,2025-03-14,MOPS_EXACT,official_timestamp_second_precision,CONSOLIDATED,202404_2892_AI1.pdf,TWSE_MOPS_T57SB01_OFFICIAL_DOCUMENT_UPLOAD,f2531179c0651f579b3fd9d5d9eca3c2d1da330eaf2eaa9eb480d72666e3b0ed,57dea8a81882544ae05b753725e2531f88d9d32869a14095beb205b44a325600,EXACT_MATCH,MOPS_SINGLE_ELIGIBLE_FILING,a855466f795b474b732eeb72e3922e11bd01bd4599d8efe0bf1b07ae34a12822
2892,2025-03-31,2025,1,2025-05-27,2025-05-27T10:57:25+08:00,2025-05-27,2025-05-27,2025-05-28,MOPS_EXACT,official_timestamp_second_precision,CONSOLIDATED,202501_2892_AI1.pdf,TWSE_MOPS_T57SB01_OFFICIAL_DOCUMENT_UPLOAD,f2531179c0651f579b3fd9d5d9eca3c2d1da330eaf2eaa9eb480d72666e3b0ed,b1faac02fcb725241a057f6d49672f047a559393cc3f7993bf2b36a94bee0765,EXACT_MATCH,MOPS_SINGLE_ELIGIBLE_FILING,2bbdd890aa8098da2c3ce8292bb22a917d1c4a87c740bf3499502ff00504c21e
2892,2025-06-30,2025,2,2025-08-27,2025-08-27T10:54:44+08:00,2025-08-27,2025-08-27,2025-08-28,MOPS_EXACT,official_timestamp_second_precision,CONSOLIDATED,202502_2892_AI1.pdf,TWSE_MOPS_T57SB01_OFFICIAL_DOCUMENT_UPLOAD,f2531179c0651f579b3fd9d5d9eca3c2d1da330eaf2eaa9eb480d72666e3b0ed,f27afb63b640d9e5de0c78a2e5671a2a1fbf1e3bb3fb31f2b170d1932d076fb8,EXACT_MATCH,MOPS_SINGLE_ELIGIBLE_FILING,f82bc1b64a2d3e39891baa0e782c8b0565a7b48a5bdcde9de6e9ebc8aff42f84
2892,2025-09-30,2025,3,2025-11-26,2025-11-26T10:24:04+08:00,2025-11-26,2025-11-26,2025-11-27,MOPS_EXACT,official_timestamp_second_precision,CONSOLIDATED,202503_2892_AI1.pdf,TWSE_MOPS_T57SB01_OFFICIAL_DOCUMENT_UPLOAD,f2531179c0651f579b3fd9d5d9eca3c2d1da330eaf2eaa9eb480d72666e3b0ed,467d8aac957b76cd595f3a5824492ce50d54829aa017cf439fadbbced0047a0f,EXACT_MATCH,MOPS_SINGLE_ELIGIBLE_FILING,f7211f406c351b8667d2ace1907483e5d0c5186dbacc8150b66337e6430b1c66
2892,2025-12-31,2025,4,2026-03-12,2026-03-12T15:39:32+08:00,2026-03-12,2026-03-12,2026-03-13,MOPS_EXACT,official_timestamp_second_precision,CONSOLIDATED,202504_2892_AI1.pdf,TWSE_MOPS_T57SB01_OFFICIAL_DOCUMENT_UPLOAD,f2531179c0651f579b3fd9d5d9eca3c2d1da330eaf2eaa9eb480d72666e3b0ed,b4e9025110d8de5c38b13d176042156ce8cda10a503e21f9e4dc46cf3556d4ad,EXACT_MATCH,MOPS_SINGLE_ELIGIBLE_FILING,622cfa05495a54a3b3ac998f943939608e6f6e367a7700a164ae3b9d8c0e5395
2892,2026-03-31,2026,1,2026-05-28,2026-05-28T10:37:29+08:00,2026-05-28,2026-05-28,2026-05-29,MOPS_EXACT,official_timestamp_second_precision,CONSOLIDATED,202601_2892_AI1.pdf,TWSE_MOPS_T57SB01_OFFICIAL_DOCUMENT_UPLOAD,f2531179c0651f579b3fd9d5d9eca3c2d1da330eaf2eaa9eb480d72666e3b0ed,83c3514d688f857f31063c754aabb8ff1cf242ecc5bbd5a4bb26a1429dd36971,EXACT_MATCH,MOPS_SINGLE_ELIGIBLE_FILING,74703b4eb1a50a2918ff6e28465860662837aecf2854f86967fce7110f4d78fa
2892,2026-06-30,2026,2,2026-08-27,2026-08-27T14:24:32+08:00,2026-08-27,2026-08-27,2026-08-28,MOPS_EXACT,official_timestamp_second_precision,CONSOLIDATED,202602_2892_AI1.pdf,TWSE_MOPS_T57SB01_OFFICIAL_DOCUMENT_UPLOAD,f2531179c0651f579b3fd9d5d9eca3c2d1da330eaf2eaa9eb480d72666e3b0ed,bf9e3f98672848abc50c3e3ff4478c38b24389422e6c758c0e69244a80c273c7,EXACT_MATCH,MOPS_SINGLE_ELIGIBLE_FILING,cbfaa7063573f280702bde8008899d359df221f0941ea26cbd86c400a0391de4
3008,2016-03-31,2016,1,2016-05-12,2016-05-12T13:54:41+08:00,2016-05-12,2016-05-12,2016-05-13,MOPS_EXACT,official_timestamp_second_precision,CONSOLIDATED,201601_3008_AI1.pdf,TWSE_MOPS_T57SB01_OFFICIAL_DOCUMENT_UPLOAD,6c79ae81d7f7f6642158c25464a30914b778428453572fd22efb125fa8e73139,ea9ad102835bce0da7f2a045005c3ec9e9f3afee31f4fa6a7e0c40ca6da170f5,EXACT_MATCH,MOPS_SINGLE_ELIGIBLE_FILING,6bc60c0f81efcd19e3c5f69247ef94b5a74a150a5cf5c78b8347aa7bad288428
3008,2016-06-30,2016,2,2016-08-12,2016-08-12T15:55:02+08:00,2016-08-12,2016-08-12,2016-08-15,MOPS_EXACT,official_timestamp_second_precision,CONSOLIDATED,201602_3008_AI1.pdf,TWSE_MOPS_T57SB01_OFFICIAL_DOCUMENT_UPLOAD,6c79ae81d7f7f6642158c25464a30914b778428453572fd22efb125fa8e73139,8205e597a923a3405ab2282f5b1785174c4b2c25146f33fa1a17d761e5695472,EXACT_MATCH,MOPS_SINGLE_ELIGIBLE_FILING,38835aee94c15c7415746d6b30658f54fff58f8215f08b4962e6bee5e2f59c80
3008,2016-09-30,2016,3,2016-11-08,2016-11-08T15:25:08+08:00,2016-11-08,2016-11-08,2016-11-09,MOPS_EXACT,official_timestamp_second_precision,CONSOLIDATED,201603_3008_AI1.pdf,TWSE_MOPS_T57SB01_OFFICIAL_DOCUMENT_UPLOAD,6c79ae81d7f7f6642158c25464a30914b778428453572fd22efb125fa8e73139,228a849d79e5bfa45588a882d077a4bce8a9a991d0d4aa776eca20ee79648f4f,EXACT_MATCH,MOPS_SINGLE_ELIGIBLE_FILING,0a786b8a6534456e8ed4c9fbe4b6c27d67f41dda1fbedbb44c446c95412587af
3008,2016-12-31,2016,4,2017-02-24,2017-02-24T15:52:32+08:00,2017-02-24,2017-02-24,2017-03-01,MOPS_EXACT,official_timestamp_second_precision,CONSOLIDATED,201604_3008_AI1.pdf,TWSE_MOPS_T57SB01_OFFICIAL_DOCUMENT_UPLOAD,6c79ae81d7f7f6642158c25464a30914b778428453572fd22efb125fa8e73139,27b0fff0a8012f72b85f72dc2df57bdb258ac37606a0941a69563cb77d80bab3,EXACT_MATCH,MOPS_CONSOLIDATED_PREFERRED_OVER_INDIVIDUAL,8d4f2366f85d72737db7414bf921b98bda7f010b6bafada1eed20847c74d6ced
3008,2017-03-31,2017,1,2017-05-12,2017-05-12T16:26:59+08:00,2017-05-12,2017-05-12,2017-05-15,MOPS_EXACT,official_timestamp_second_precision,CONSOLIDATED,201701_3008_AI1.pdf,TWSE_MOPS_T57SB01_OFFICIAL_DOCUMENT_UPLOAD,6c79ae81d7f7f6642158c25464a30914b778428453572fd22efb125fa8e73139,feec08470de58131df349942886bdc5b9cab43e7cea1ed0a386b61d5c3d3afab,EXACT_MATCH,MOPS_SINGLE_ELIGIBLE_FILING,8ee8454687815324b3b23660edfb25c7a790ac5ae4039689c3901da97fb8e117
3008,2017-06-30,2017,2,2017-08-11,2017-08-11T11:53:12+08:00,2017-08-11,2017-08-11,2017-08-14,MOPS_EXACT,official_timestamp_second_precision,CONSOLIDATED,201702_3008_AI1.pdf,TWSE_MOPS_T57SB01_OFFICIAL_DOCUMENT_UPLOAD,6c79ae81d7f7f6642158c25464a30914b778428453572fd22efb125fa8e73139,d82c61e46bf6c774d9b05440740406883cc63df7406d29e4ca0fc9c70ce97b30,EXACT_MATCH,MOPS_SINGLE_ELIGIBLE_FILING,7394cf826f5f3341242179b00aeb5ca7800d07fe3da07bbba1b1d171537092d6
3008,2017-09-30,2017,3,2017-11-08,2017-11-08T10:46:42+08:00,2017-11-08,2017-11-08,2017-11-09,MOPS_EXACT,official_timestamp_second_precision,CONSOLIDATED,201703_3008_AI1.pdf,TWSE_MOPS_T57SB01_OFFICIAL_DOCUMENT_UPLOAD,6c79ae81d7f7f6642158c25464a30914b778428453572fd22efb125fa8e73139,a96e42e8280463ad71728325ba20f7bf3adab42f8c6762261bd03d86e0819100,EXACT_MATCH,MOPS_SINGLE_ELIGIBLE_FILING,e493a40b03f5787fa129f66ca213caab42d23559e90deb3a6a30a627492ba48a
3008,2017-12-31,2017,4,2018-02-27,2018-02-27T14:48:58+08:00,2018-02-27,2018-02-27,2018-03-01,MOPS_EXACT,official_timestamp_second_precision,CONSOLIDATED,201704_3008_AI1.pdf,TWSE_MOPS_T57SB01_OFFICIAL_DOCUMENT_UPLOAD,6c79ae81d7f7f6642158c25464a30914b778428453572fd22efb125fa8e73139,76ef27fa9927a873c05115a6ac818bfb36e6533e03ebb049afec616ef8c9af27,EXACT_MATCH,MOPS_CONSOLIDATED_PREFERRED_OVER_INDIVIDUAL,5a8018f4bb86266df36b8659735e6a84c2a28ef8fb6d8af3ea7fe96bd79dcbb2
3008,2018-03-31,2018,1,2018-05-14,2018-05-14T14:50:32+08:00,2018-05-14,2018-05-14,2018-05-15,MOPS_EXACT,official_timestamp_second_precision,CONSOLIDATED,201801_3008_AI1.pdf,TWSE_MOPS_T57SB01_OFFICIAL_DOCUMENT_UPLOAD,6c79ae81d7f7f6642158c25464a30914b778428453572fd22efb125fa8e73139,8d69078e913db01edc2667caec5e0a5e2f13e81dc9937b87c240645c8c435779,EXACT_MATCH,MOPS_SINGLE_ELIGIBLE_FILING,61b98fe240d2f5e06231111c106c563d351af8e8f6c0955204f0a2ee37549d42
3008,2018-06-30,2018,2,2018-08-14,2018-08-14T14:39:20+08:00,2018-08-14,2018-08-14,2018-08-15,MOPS_EXACT,official_timestamp_second_precision,CONSOLIDATED,201802_3008_AI1.pdf,TWSE_MOPS_T57SB01_OFFICIAL_DOCUMENT_UPLOAD,6c79ae81d7f7f6642158c25464a30914b778428453572fd22efb125fa8e73139,3a184cd603bc582f25791e86fa5822cf3aebc55fd63c9c9885c23020bf26e244,EXACT_MATCH,MOPS_SINGLE_ELIGIBLE_FILING,8ca46aaccb1f7f3458065cc13aa5dd6781a7ec99d9d0f5d43f7395f5320f3bc3
3008,2018-09-30,2018,3,2018-11-13,2018-11-13T14:23:43+08:00,2018-11-13,2018-11-13,2018-11-14,MOPS_EXACT,official_timestamp_second_precision,CONSOLIDATED,201803_3008_AI1.pdf,TWSE_MOPS_T57SB01_OFFICIAL_DOCUMENT_UPLOAD,6c79ae81d7f7f6642158c25464a30914b778428453572fd22efb125fa8e73139,a2ed944c4032d50463c63d99b6d31a1813f75b6d9b29d833ec966bcae73336a9,EXACT_MATCH,MOPS_SINGLE_ELIGIBLE_FILING,edd11dce29b3369d9d8ff01c743c876f8f77026a19a642d1ea1631bf42ad9cf5
3008,2018-12-31,2018,4,2019-02-27,2019-02-27T08:55:03+08:00,2019-02-27,2019-02-27,2019-03-04,MOPS_EXACT,official_timestamp_second_precision,CONSOLIDATED,201804_3008_AI1.pdf,TWSE_MOPS_T57SB01_OFFICIAL_DOCUMENT_UPLOAD,6c79ae81d7f7f6642158c25464a30914b778428453572fd22efb125fa8e73139,c09679275fbb69aa85cd36d030529ed7b2c234a35cbb45457beaab1e31c2aa10,EXACT_MATCH,MOPS_CONSOLIDATED_PREFERRED_OVER_INDIVIDUAL,6f1aad3a25a89d6fe0fdf3b51117e253a5cba30f86fb1e2fce157d7875faf330
3008,2019-03-31,2019,1,2019-05-13,2019-05-13T14:55:34+08:00,2019-05-13,2019-05-13,2019-05-14,MOPS_EXACT,official_timestamp_second_precision,CONSOLIDATED,201901_3008_AI1.pdf,TWSE_MOPS_T57SB01_OFFICIAL_DOCUMENT_UPLOAD,6c79ae81d7f7f6642158c25464a30914b778428453572fd22efb125fa8e73139,acf712b6ecd11c398f568a433a4b9abad213120a431aaaa4a76dd0a9657240bb,EXACT_MATCH,MOPS_SINGLE_ELIGIBLE_FILING,d9b59387f36d422486e9fd0e71361f5cba11f10dc3e51b62c841bd1c8fc3835d
3008,2019-06-30,2019,2,2019-08-09,2019-08-09T11:15:49+08:00,2019-08-09,2019-08-09,2019-08-12,MOPS_EXACT,official_timestamp_second_precision,CONSOLIDATED,201902_3008_AI1.pdf,TWSE_MOPS_T57SB01_OFFICIAL_DOCUMENT_UPLOAD,6c79ae81d7f7f6642158c25464a30914b778428453572fd22efb125fa8e73139,649881c6cfc49c74deb7fb4b80c0fef2ec63b6c0cdbb6401b1dd4f52494e9fde,EXACT_MATCH,MOPS_SINGLE_ELIGIBLE_FILING,1497b78324fa19f37950d14ac447b0821014b96ea0f5279250125b985bba8e47
3008,2019-09-30,2019,3,2019-11-12,2019-11-12T14:09:45+08:00,2019-11-12,2019-11-12,2019-11-13,MOPS_EXACT,official_timestamp_second_precision,CONSOLIDATED,201903_3008_AI1.pdf,TWSE_MOPS_T57SB01_OFFICIAL_DOCUMENT_UPLOAD,6c79ae81d7f7f6642158c25464a30914b778428453572fd22efb125fa8e73139,3dbba6c2a17b4a262d406f301c82606c6322b016be500e69c39124749912336d,EXACT_MATCH,MOPS_SINGLE_ELIGIBLE_FILING,97d1c0fc4c9793d91242bb5bf9f1c12edcbab056fbe3bff1edfe028e4302743d
3008,2019-12-31,2019,4,2020-02-27,2020-02-27T14:44:14+08:00,2020-02-27,2020-02-27,2020-03-02,MOPS_EXACT,official_timestamp_second_precision,CONSOLIDATED,201904_3008_AI1.pdf,TWSE_MOPS_T57SB01_OFFICIAL_DOCUMENT_UPLOAD,6c79ae81d7f7f6642158c25464a30914b778428453572fd22efb125fa8e73139,0468d48575cb8ce572e5ccf36be3fbda6521c3103b1448b4d92dc158ae34a25a,EXACT_MATCH,MOPS_CONSOLIDATED_PREFERRED_OVER_INDIVIDUAL,f38ba19ab0134fba490987b0f7abccbed4b70d2e6d443d4446b98e9502ee1d82
3008,2020-03-31,2020,1,2020-04-22,2020-04-22T15:58:11+08:00,2020-04-22,2020-04-22,2020-04-23,MOPS_EXACT,official_timestamp_second_precision,CONSOLIDATED,202001_3008_AI1.pdf,TWSE_MOPS_T57SB01_OFFICIAL_DOCUMENT_UPLOAD,6c79ae81d7f7f6642158c25464a30914b778428453572fd22efb125fa8e73139,61b5cc15f535a44eef2f4f105d7c65a466ee10f63b1849edabcc8ea5f93a8cab,EXACT_MATCH,MOPS_SINGLE_ELIGIBLE_FILING,234663adcdfb1d8c2f92d56940e93d3ac9d6df22c8dc232f45e1367bd949b7f1
3008,2020-06-30,2020,2,2020-07-28,2020-07-28T10:42:50+08:00,2020-07-28,2020-07-28,2020-07-29,MOPS_EXACT,official_timestamp_second_precision,CONSOLIDATED,202002_3008_AI1.pdf,TWSE_MOPS_T57SB01_OFFICIAL_DOCUMENT_UPLOAD,6c79ae81d7f7f6642158c25464a30914b778428453572fd22efb125fa8e73139,d87fc4ef8c20d2601e13c4c7988531653a5d2acf4484a8f1430ea8bf94a073f8,EXACT_MATCH,MOPS_SINGLE_ELIGIBLE_FILING,538afa2dcdb85142ca416174462431f423b14cda293c88dd7453fe943cc207db
3008,2020-09-30,2020,3,2020-10-27,2020-10-27T14:06:34+08:00,2020-10-27,2020-10-27,2020-10-28,MOPS_EXACT,official_timestamp_second_precision,CONSOLIDATED,202003_3008_AI1.pdf,TWSE_MOPS_T57SB01_OFFICIAL_DOCUMENT_UPLOAD,6c79ae81d7f7f6642158c25464a30914b778428453572fd22efb125fa8e73139,154f0937e8b14be280886e99c03dd22e2b3d3e70e9c0835d4c4de267024017c7,EXACT_MATCH,MOPS_SINGLE_ELIGIBLE_FILING,c2aef242a21f5c4060c71996ab21c80c42ec430a84714a762e51738e21dfc9e6
3008,2020-12-31,2020,4,2021-02-23,2021-02-23T14:31:08+08:00,2021-02-23,2021-02-23,2021-02-24,MOPS_EXACT,official_timestamp_second_precision,CONSOLIDATED,202004_3008_AI1.pdf,TWSE_MOPS_T57SB01_OFFICIAL_DOCUMENT_UPLOAD,6c79ae81d7f7f6642158c25464a30914b778428453572fd22efb125fa8e73139,f589b41b15dc0613f5522472f16fe6c27d38293c9bc6c48122937f67cd4dad04,EXACT_MATCH,MOPS_CONSOLIDATED_PREFERRED_OVER_INDIVIDUAL,d9e5c8d4e6c24479dd06dcfb3b4a4f3054b487bd20fca808886742bf531a74c6
3008,2021-03-31,2021,1,2021-04-28,2021-04-28T08:40:29+08:00,2021-04-28,2021-04-28,2021-04-29,MOPS_EXACT,official_timestamp_second_precision,CONSOLIDATED,202101_3008_AI1.pdf,TWSE_MOPS_T57SB01_OFFICIAL_DOCUMENT_UPLOAD,6c79ae81d7f7f6642158c25464a30914b778428453572fd22efb125fa8e73139,fa361d1baa4fbca28c25b2ae193e1fbbdfeff02c535ac20819e3825526f5c43a,EXACT_MATCH,MOPS_SINGLE_ELIGIBLE_FILING,01aaf0bcb0d11b300298c0d76b8be6b546d8ea654bdb3197ee6e61f73d760d9b
3008,2021-06-30,2021,2,2021-07-27,2021-07-27T08:33:15+08:00,2021-07-27,2021-07-27,2021-07-28,MOPS_EXACT,official_timestamp_second_precision,CONSOLIDATED,202102_3008_AI1.pdf,TWSE_MOPS_T57SB01_OFFICIAL_DOCUMENT_UPLOAD,6c79ae81d7f7f6642158c25464a30914b778428453572fd22efb125fa8e73139,fa2bd32cbec4e1d96bb2631d3bd0a692cebda757dd117a022862e9bbf8915391,EXACT_MATCH,MOPS_SINGLE_ELIGIBLE_FILING,74b123b6a495022c7bebda9d55cdbe6f5e9f9017f9639692ebdbe7e59324b210
3008,2021-09-30,2021,3,2021-10-26,2021-10-26T14:31:58+08:00,2021-10-26,2021-10-26,2021-10-27,MOPS_EXACT,official_timestamp_second_precision,CONSOLIDATED,202103_3008_AI1.pdf,TWSE_MOPS_T57SB01_OFFICIAL_DOCUMENT_UPLOAD,6c79ae81d7f7f6642158c25464a30914b778428453572fd22efb125fa8e73139,51a5d6473caaec20463d44b6e0f4d0e6728be7c11fec72cdff991c429a6d68b3,EXACT_MATCH,MOPS_SINGLE_ELIGIBLE_FILING,9b620886b96530b1d384ee7e9541fd7d455a750d3b235fe84c739e8fc9ef17a5
3008,2021-12-31,2021,4,2022-02-25,2022-02-25T08:55:09+08:00,2022-02-25,2022-02-25,2022-03-01,MOPS_EXACT,official_timestamp_second_precision,CONSOLIDATED,202104_3008_AI1.pdf,TWSE_MOPS_T57SB01_OFFICIAL_DOCUMENT_UPLOAD,6c79ae81d7f7f6642158c25464a30914b778428453572fd22efb125fa8e73139,c5a75493fbb729e949a8dcc468639d54a5700bc37cfe78d7be55603c6a01dbb2,EXACT_MATCH,MOPS_CONSOLIDATED_PREFERRED_OVER_INDIVIDUAL,18ca5963480db230cf1c0fdcd042524d5e46c0554c2f880da402a7fbeede6977
3008,2022-03-31,2022,1,2022-04-28,2022-04-28T13:17:22+08:00,2022-04-28,2022-04-28,2022-04-29,MOPS_EXACT,official_timestamp_second_precision,CONSOLIDATED,202201_3008_AI1.pdf,TWSE_MOPS_T57SB01_OFFICIAL_DOCUMENT_UPLOAD,6c79ae81d7f7f6642158c25464a30914b778428453572fd22efb125fa8e73139,8688b1accefd3ed8a75acc26be44c16cef428ab1344fd387d55b7edda485fe9d,EXACT_MATCH,MOPS_SINGLE_ELIGIBLE_FILING,343198a74f0c25983634fc725ac6e14f19a071ae26f2e831e4f247c9cb56a9e0
3008,2022-06-30,2022,2,2022-08-03,2022-08-03T14:07:33+08:00,2022-08-03,2022-08-03,2022-08-04,MOPS_EXACT,official_timestamp_second_precision,CONSOLIDATED,202202_3008_AI1.pdf,TWSE_MOPS_T57SB01_OFFICIAL_DOCUMENT_UPLOAD,6c79ae81d7f7f6642158c25464a30914b778428453572fd22efb125fa8e73139,74da052ec5a2d867a7965ac5c61f99ac338f36dc64e76c103202424e756a078f,EXACT_MATCH,MOPS_SINGLE_ELIGIBLE_FILING,3ca5e94951af0fc34bbf0b8f33e5c907e22f97149a0bef59949d65c810f3c9fd
3008,2022-09-30,2022,3,2022-11-04,2022-11-04T14:51:46+08:00,2022-11-04,2022-11-04,2022-11-07,MOPS_EXACT,official_timestamp_second_precision,CONSOLIDATED,202203_3008_AI1.pdf,TWSE_MOPS_T57SB01_OFFICIAL_DOCUMENT_UPLOAD,6c79ae81d7f7f6642158c25464a30914b778428453572fd22efb125fa8e73139,ba14ff186dc7066a209cbd02a6633e20a2c09cf09efd421c23c0246b2871040e,EXACT_MATCH,MOPS_SINGLE_ELIGIBLE_FILING,2aec63a4e45389db2929b6f335f212e1165234868bd053eb5ab3d7b5b871ac03
3008,2022-12-31,2022,4,2023-02-24,2023-02-24T14:41:24+08:00,2023-02-24,2023-02-24,2023-03-01,MOPS_EXACT,official_timestamp_second_precision,CONSOLIDATED,202204_3008_AI1.pdf,TWSE_MOPS_T57SB01_OFFICIAL_DOCUMENT_UPLOAD,6c79ae81d7f7f6642158c25464a30914b778428453572fd22efb125fa8e73139,20bd46b00ae06d61b0c1d82823e090e4559fcf8fd9ccc436ac12118ed0bbc422,EXACT_MATCH,MOPS_CONSOLIDATED_PREFERRED_OVER_INDIVIDUAL,a2fc86815d01f01f9c1e5222845a3d3f3ace54ea7eb1e0f544e954f669252b5f
3008,2023-03-31,2023,1,2023-05-05,2023-05-05T14:56:21+08:00,2023-05-05,2023-05-05,2023-05-08,MOPS_EXACT,official_timestamp_second_precision,CONSOLIDATED,202301_3008_AI1.pdf,TWSE_MOPS_T57SB01_OFFICIAL_DOCUMENT_UPLOAD,6c79ae81d7f7f6642158c25464a30914b778428453572fd22efb125fa8e73139,b7970b7861c5027edaa05be547e92d7b90d2e6442cdba89bc869227466f98d0c,EXACT_MATCH,MOPS_SINGLE_ELIGIBLE_FILING,a3bcbec78b697f7a0c49909a118ebc1ae7fa8978e26239486f356b56999eff09
3008,2023-06-30,2023,2,2023-08-01,2023-08-01T14:20:35+08:00,2023-08-01,2023-08-01,2023-08-02,MOPS_EXACT,official_timestamp_second_precision,CONSOLIDATED,202302_3008_AI1.pdf,TWSE_MOPS_T57SB01_OFFICIAL_DOCUMENT_UPLOAD,6c79ae81d7f7f6642158c25464a30914b778428453572fd22efb125fa8e73139,79982a2f4d24b3673fa0551a1054170e8832c6bc0f95cfc7d5ad4c10f330395b,EXACT_MATCH,MOPS_SINGLE_ELIGIBLE_FILING,063efdbf8d883e35e5f72a8482c36bc8e099b396bff2e01a7da36eaa5599f443
3008,2023-09-30,2023,3,2023-11-07,2023-11-07T16:37:21+08:00,2023-11-07,2023-11-07,2023-11-08,MOPS_EXACT,official_timestamp_second_precision,CONSOLIDATED,202303_3008_AI1.pdf,TWSE_MOPS_T57SB01_OFFICIAL_DOCUMENT_UPLOAD,6c79ae81d7f7f6642158c25464a30914b778428453572fd22efb125fa8e73139,6ca59ba994d5c08ca0fa341dbbdce5dda8af28b7525abd34de8d35049079270a,EXACT_MATCH,MOPS_SINGLE_ELIGIBLE_FILING,b8604cf36d9f33c2e70d2dcf0129acc0d40d066c9af81b3c150b735411788c94
3008,2023-12-31,2023,4,2024-02-29,2024-02-29T16:13:16+08:00,2024-02-29,2024-02-29,2024-03-01,MOPS_EXACT,official_timestamp_second_precision,CONSOLIDATED,202304_3008_AI1.pdf,TWSE_MOPS_T57SB01_OFFICIAL_DOCUMENT_UPLOAD,6c79ae81d7f7f6642158c25464a30914b778428453572fd22efb125fa8e73139,54295e47ed0533456696944cffa7018c229e74c37e546b953d936ba5c08b2be1,EXACT_MATCH,MOPS_CONSOLIDATED_PREFERRED_OVER_INDIVIDUAL,00c49ef9cd82d6c9f0dd584d8bd85a147f9f526b02573d0e95e812e00cfcc29b
3008,2024-03-31,2024,1,2024-05-13,2024-05-13T11:24:27+08:00,2024-05-13,2024-05-13,2024-05-14,MOPS_EXACT,official_timestamp_second_precision,CONSOLIDATED,202401_3008_AI1.pdf,TWSE_MOPS_T57SB01_OFFICIAL_DOCUMENT_UPLOAD,6c79ae81d7f7f6642158c25464a30914b778428453572fd22efb125fa8e73139,a10a62a7503ac96035d6580d71ed7892d65a9036f804bf87d3d7633fa05abc90,EXACT_MATCH,MOPS_SINGLE_ELIGIBLE_FILING,9b9317169d61ab7123eea661c0aeb7f0d17cced6aea379c574fe87dba68338c5
3008,2024-06-30,2024,2,2024-08-05,2024-08-05T14:51:04+08:00,2024-08-05,2024-08-05,2024-08-06,MOPS_EXACT,official_timestamp_second_precision,CONSOLIDATED,202402_3008_AI1.pdf,TWSE_MOPS_T57SB01_OFFICIAL_DOCUMENT_UPLOAD,6c79ae81d7f7f6642158c25464a30914b778428453572fd22efb125fa8e73139,5b0ee9667d468c69a0794e70326a6f42cf74fd74c5f3849f3be771b908682023,EXACT_MATCH,MOPS_SINGLE_ELIGIBLE_FILING,35751103f6f891e4cda514c1d7e5127b0673e9cf14ede06ad9f707ef9329a970
3008,2024-09-30,2024,3,2024-11-06,2024-11-06T14:04:02+08:00,2024-11-06,2024-11-06,2024-11-07,MOPS_EXACT,official_timestamp_second_precision,CONSOLIDATED,202403_3008_AI1.pdf,TWSE_MOPS_T57SB01_OFFICIAL_DOCUMENT_UPLOAD,6c79ae81d7f7f6642158c25464a30914b778428453572fd22efb125fa8e73139,ffdd9e3b0ffa0e624ad69718a50add6713301906c1a1cc83a1c83f21f18bf280,EXACT_MATCH,MOPS_SINGLE_ELIGIBLE_FILING,8a796d28712ed08aae6ad5c9db9d5534d68ecc6ce356e327279e325385ec3736
3008,2024-12-31,2024,4,2025-02-27,2025-02-27T14:18:36+08:00,2025-02-27,2025-02-27,2025-03-03,MOPS_EXACT,official_timestamp_second_precision,CONSOLIDATED,202404_3008_AI1.pdf,TWSE_MOPS_T57SB01_OFFICIAL_DOCUMENT_UPLOAD,6c79ae81d7f7f6642158c25464a30914b778428453572fd22efb125fa8e73139,63d93bc5fbb35e75d84f21b3604551df7e7d930cd884ecd528cb608938002f11,EXACT_MATCH,MOPS_CONSOLIDATED_PREFERRED_OVER_INDIVIDUAL,aad81272e24e30b85648c4f5aa1ea77c7a9321c2474d710e47a100f173aaf3d4
3008,2025-03-31,2025,1,2025-05-12,2025-05-12T11:05:49+08:00,2025-05-12,2025-05-12,2025-05-13,MOPS_EXACT,official_timestamp_second_precision,CONSOLIDATED,202501_3008_AI1.pdf,TWSE_MOPS_T57SB01_OFFICIAL_DOCUMENT_UPLOAD,6c79ae81d7f7f6642158c25464a30914b778428453572fd22efb125fa8e73139,0cb105340df854ba5c9b99cdcbd80730ddf50262cb5467dc4b1b7bf61c8b65ad,EXACT_MATCH,MOPS_SINGLE_ELIGIBLE_FILING,f2fb4943123427344519a8109ceec0e424cfc0cbf9eaf7bdf68c1569d7225279
3008,2025-06-30,2025,2,2025-08-08,2025-08-08T09:36:06+08:00,2025-08-08,2025-08-08,2025-08-11,MOPS_EXACT,official_timestamp_second_precision,CONSOLIDATED,202502_3008_AI1.pdf,TWSE_MOPS_T57SB01_OFFICIAL_DOCUMENT_UPLOAD,6c79ae81d7f7f6642158c25464a30914b778428453572fd22efb125fa8e73139,eb1d88740fef61ea5f0d7ad5493a6846113f545959393634b546dfd24c8bc446,EXACT_MATCH,MOPS_SINGLE_ELIGIBLE_FILING,526303e77bde8a654bf359e64e89c48687b8de12af5ba9c221c9b5054612cba1
3008,2025-09-30,2025,3,2025-11-05,2025-11-05T14:04:16+08:00,2025-11-05,2025-11-05,2025-11-06,MOPS_EXACT,official_timestamp_second_precision,CONSOLIDATED,202503_3008_AI1.pdf,TWSE_MOPS_T57SB01_OFFICIAL_DOCUMENT_UPLOAD,6c79ae81d7f7f6642158c25464a30914b778428453572fd22efb125fa8e73139,9c4d1e9c0c5c06fe676454727a6860319ff31e6b43d1f52de012af8c9370fca5,EXACT_MATCH,MOPS_SINGLE_ELIGIBLE_FILING,4584ee1ca81c47b1111b5e702c3f25ada1b45a0bb217bec143e9a6f0e75dec66
3008,2025-12-31,2025,4,2026-02-26,2026-02-26T14:04:56+08:00,2026-02-26,2026-02-26,2026-03-02,MOPS_EXACT,official_timestamp_second_precision,CONSOLIDATED,202504_3008_AI1.pdf,TWSE_MOPS_T57SB01_OFFICIAL_DOCUMENT_UPLOAD,6c79ae81d7f7f6642158c25464a30914b778428453572fd22efb125fa8e73139,782dc7425d77a0f395923e64842b820256aed10283aa7787874427bcedea6be6,EXACT_MATCH,MOPS_CONSOLIDATED_PREFERRED_OVER_INDIVIDUAL,4b8236def9a5130e7071b34750dcdee35b09f478a13358f2fa1f05be09666927
3008,2026-03-31,2026,1,2026-04-30,2026-04-30T13:58:01+08:00,2026-04-30,2026-04-30,2026-05-04,MOPS_EXACT,official_timestamp_second_precision,CONSOLIDATED,202601_3008_AI1.pdf,TWSE_MOPS_T57SB01_OFFICIAL_DOCUMENT_UPLOAD,6c79ae81d7f7f6642158c25464a30914b778428453572fd22efb125fa8e73139,be2c8827f19cdb8e07f44fdafd4a14815228869cca94c6f4404929c7cd7d9e0a,EXACT_MATCH,MOPS_SINGLE_ELIGIBLE_FILING,b32e18b436914c93987a359ec67b6556246742f3ba81fa0e62611e4bbaf0f253
3008,2026-06-30,2026,2,2026-08-06,2026-08-06T13:53:40+08:00,2026-08-06,2026-08-06,2026-08-07,MOPS_EXACT,official_timestamp_second_precision,CONSOLIDATED,202602_3008_AI1.pdf,TWSE_MOPS_T57SB01_OFFICIAL_DOCUMENT_UPLOAD,6c79ae81d7f7f6642158c25464a30914b778428453572fd22efb125fa8e73139,1227b25306de8affe14ae51a17098abbb5e400ac6c388532464b1ef1439f7937,EXACT_MATCH,MOPS_SINGLE_ELIGIBLE_FILING,78efe43cfc6ce2d28619e0b4d18f5e41d9f2dbcfadfbf0e59d39c2427257b758
3017,2016-03-31,2016,1,2016-05-12,2016-05-12T16:44:20+08:00,2016-05-12,2016-05-12,2016-05-13,MOPS_EXACT,official_timestamp_second_precision,CONSOLIDATED,201601_3017_AI1.pdf,TWSE_MOPS_T57SB01_OFFICIAL_DOCUMENT_UPLOAD,ada7ad2c9f847dca04734615dee891f21e1b083a7dd744217f0f7aa4c3dffabc,398fa3d1f72e3b06ff8626c949655aeaf683ceea0bc0ae800f4dfe373dfe27eb,EXACT_MATCH,MOPS_SINGLE_ELIGIBLE_FILING,1bfb4f76025f66eea3795222747c6e9fe2fd5e594cd8805da1bb88924f602c02
3017,2016-06-30,2016,2,2016-08-10,2016-08-10T16:47:57+08:00,2016-08-10,2016-08-10,2016-08-11,MOPS_EXACT,official_timestamp_second_precision,CONSOLIDATED,201602_3017_AI1.pdf,TWSE_MOPS_T57SB01_OFFICIAL_DOCUMENT_UPLOAD,ada7ad2c9f847dca04734615dee891f21e1b083a7dd744217f0f7aa4c3dffabc,b3083190a8a574a83e1b6340e72d89099ca4fb6880a6caf95c61861cb62b70f6,EXACT_MATCH,MOPS_SINGLE_ELIGIBLE_FILING,80034eb619dad642cd1ca4005ee2636c0fbc24380d1cda7eeef1a03125859960
3017,2016-09-30,2016,3,2016-11-10,2016-11-10T13:34:39+08:00,2016-11-10,2016-11-10,2016-11-11,MOPS_EXACT,official_timestamp_second_precision,CONSOLIDATED,201603_3017_AI1.pdf,TWSE_MOPS_T57SB01_OFFICIAL_DOCUMENT_UPLOAD,ada7ad2c9f847dca04734615dee891f21e1b083a7dd744217f0f7aa4c3dffabc,ecd1936a85a17eb308b2c998036ecfc7677d18665cbba74a643ad5418b4d3ff0,EXACT_MATCH,MOPS_SINGLE_ELIGIBLE_FILING,a3b935c494cb793896fa5d959e2584db0ca23587132736ef3b38128e4aceb4d3
3017,2016-12-31,2016,4,2017-03-22,2017-03-22T16:24:58+08:00,2017-03-22,2017-03-22,2017-03-23,MOPS_EXACT,official_timestamp_second_precision,CONSOLIDATED,201604_3017_AI1.pdf,TWSE_MOPS_T57SB01_OFFICIAL_DOCUMENT_UPLOAD,ada7ad2c9f847dca04734615dee891f21e1b083a7dd744217f0f7aa4c3dffabc,05744d00a9681dac54de69e19759a9953240d44b4e915dde95ed5cdfaa3a6f82,EXACT_MATCH,MOPS_CONSOLIDATED_PREFERRED_OVER_INDIVIDUAL,c615273867b334ac83f1b96ea856d793b72ea233f40dc625b844f1a45675cd26
3017,2017-03-31,2017,1,2017-05-10,2017-05-10T18:05:35+08:00,2017-05-10,2017-05-10,2017-05-11,MOPS_EXACT,official_timestamp_second_precision,CONSOLIDATED,201701_3017_AI1.pdf,TWSE_MOPS_T57SB01_OFFICIAL_DOCUMENT_UPLOAD,ada7ad2c9f847dca04734615dee891f21e1b083a7dd744217f0f7aa4c3dffabc,53229500409653d5bd6365a4bc0f343654e5ce82377d667eb3828a51c58fbe51,EXACT_MATCH,MOPS_SINGLE_ELIGIBLE_FILING,4107d6d8e7f71bc5222cd21e3992273881b66ff8e59c1a4374365499d8362cf8
3017,2017-06-30,2017,2,2017-08-08,2017-08-08T15:33:38+08:00,2017-08-08,2017-08-08,2017-08-09,MOPS_EXACT,official_timestamp_second_precision,CONSOLIDATED,201702_3017_AI1.pdf,TWSE_MOPS_T57SB01_OFFICIAL_DOCUMENT_UPLOAD,ada7ad2c9f847dca04734615dee891f21e1b083a7dd744217f0f7aa4c3dffabc,71a932e4c82fd965891d767f573a7d16bfd3fad4cd9d4ff0cf14de1902a94012,EXACT_MATCH,MOPS_SINGLE_ELIGIBLE_FILING,8c6bdecbc37f8567d2c951020217528f0145f1604a99ecec3d54fee3b7a0cac4
3017,2017-09-30,2017,3,2017-11-08,2017-11-08T15:37:08+08:00,2017-11-08,2017-11-08,2017-11-09,MOPS_EXACT,official_timestamp_second_precision,CONSOLIDATED,201703_3017_AI1.pdf,TWSE_MOPS_T57SB01_OFFICIAL_DOCUMENT_UPLOAD,ada7ad2c9f847dca04734615dee891f21e1b083a7dd744217f0f7aa4c3dffabc,ccd570f0fd5e046a686b002e03b1f76b305d0aabe5420dd47d82441b64f037d6,EXACT_MATCH,MOPS_SINGLE_ELIGIBLE_FILING,795a247d71e5d768bdfc2894a181619b3b99cd979418e2997863f3239422a801
3017,2017-12-31,2017,4,2018-03-20,2018-03-20T19:55:02+08:00,2018-03-20,2018-03-20,2018-03-21,MOPS_EXACT,official_timestamp_second_precision,CONSOLIDATED,201704_3017_AI1.pdf,TWSE_MOPS_T57SB01_OFFICIAL_DOCUMENT_UPLOAD,ada7ad2c9f847dca04734615dee891f21e1b083a7dd744217f0f7aa4c3dffabc,1c61c19b41b8d89ac95ca93ed3172ddb5abb6926be4b66e8bfec3ed74a4d9e34,EXACT_MATCH,MOPS_CONSOLIDATED_PREFERRED_OVER_INDIVIDUAL,c4751ee578408ec3748ae1a6708bd31853a71141fab5a3595a6bb8942369193a
3017,2018-03-31,2018,1,2018-05-10,2018-05-10T17:07:08+08:00,2018-05-10,2018-05-10,2018-05-11,MOPS_EXACT,official_timestamp_second_precision,CONSOLIDATED,201801_3017_AI1.pdf,TWSE_MOPS_T57SB01_OFFICIAL_DOCUMENT_UPLOAD,ada7ad2c9f847dca04734615dee891f21e1b083a7dd744217f0f7aa4c3dffabc,f3b73a5c70e1da8949359bbac0afbe53860237944289b44e23217f3d49db189a,EXACT_MATCH,MOPS_SINGLE_ELIGIBLE_FILING,c218a849e67aaf45ce432d7d20602d1cb7672909797fbd2231e2b950413b966b
3017,2018-06-30,2018,2,2018-08-08,2018-08-08T16:48:57+08:00,2018-08-08,2018-08-08,2018-08-09,MOPS_EXACT,official_timestamp_second_precision,CONSOLIDATED,201802_3017_AI1.pdf,TWSE_MOPS_T57SB01_OFFICIAL_DOCUMENT_UPLOAD,ada7ad2c9f847dca04734615dee891f21e1b083a7dd744217f0f7aa4c3dffabc,c8d2cd46f528614420993cb1ab674667c0ac190dfee5cfd9b3ac87deb49ba6a8,EXACT_MATCH,MOPS_SINGLE_ELIGIBLE_FILING,27fc70f4c40bd95167a04cfcc8a012a63ebf0880d87f7db41379d5488ca2bc80
3017,2018-09-30,2018,3,2018-11-08,2018-11-08T16:26:56+08:00,2018-11-08,2018-11-08,2018-11-09,MOPS_EXACT,official_timestamp_second_precision,CONSOLIDATED,201803_3017_AI1.pdf,TWSE_MOPS_T57SB01_OFFICIAL_DOCUMENT_UPLOAD,ada7ad2c9f847dca04734615dee891f21e1b083a7dd744217f0f7aa4c3dffabc,458e6763d7ea7ac1d8506f75d967fb923d718b49731ab413683f0032929dc810,EXACT_MATCH,MOPS_SINGLE_ELIGIBLE_FILING,c37caef677540e053a949a839ebf9c222dc22b18069e52b81e4975e607385eb4
3017,2018-12-31,2018,4,2019-03-13,2019-03-13T18:27:21+08:00,2019-03-13,2019-03-13,2019-03-14,MOPS_EXACT,official_timestamp_second_precision,CONSOLIDATED,201804_3017_AI1.pdf,TWSE_MOPS_T57SB01_OFFICIAL_DOCUMENT_UPLOAD,ada7ad2c9f847dca04734615dee891f21e1b083a7dd744217f0f7aa4c3dffabc,84189f9e3248c5f32c34ef668656345ee3947015ec55edd67df5f9a5e74067f8,EXACT_MATCH,MOPS_CONSOLIDATED_PREFERRED_OVER_INDIVIDUAL,a5c3d673afc819c5c96315b6b5eca3697d36bf47cf09fc4f704893a630250c2f
3017,2019-03-31,2019,1,2019-05-09,2019-05-09T15:03:22+08:00,2019-05-09,2019-05-09,2019-05-10,MOPS_EXACT,official_timestamp_second_precision,CONSOLIDATED,201901_3017_AI1.pdf,TWSE_MOPS_T57SB01_OFFICIAL_DOCUMENT_UPLOAD,ada7ad2c9f847dca04734615dee891f21e1b083a7dd744217f0f7aa4c3dffabc,dc6d4e5bc0e324f07cffa2ee22eac513a92e7f4da1bff17c0367dc52267e2ad0,EXACT_MATCH,MOPS_SINGLE_ELIGIBLE_FILING,637b79bebbd09065d0feb5f326ff0c3891f2f61038a8c40c0e897cf47d30e0cb
3017,2019-06-30,2019,2,2019-08-06,2019-08-06T18:09:31+08:00,2019-08-06,2019-08-06,2019-08-07,MOPS_EXACT,official_timestamp_second_precision,CONSOLIDATED,201902_3017_AI1.pdf,TWSE_MOPS_T57SB01_OFFICIAL_DOCUMENT_UPLOAD,ada7ad2c9f847dca04734615dee891f21e1b083a7dd744217f0f7aa4c3dffabc,b540d21c62281999f79607cfde1a51089e56a9647758b6db5e70606c0170f841,EXACT_MATCH,MOPS_SINGLE_ELIGIBLE_FILING,731c025f869068e5244f1663cf0996c61e4b59896ef4463923ab8d3561ad6862
3017,2019-09-30,2019,3,2019-11-13,2019-11-13T15:15:00+08:00,2019-11-13,2019-11-13,2019-11-14,MOPS_EXACT,official_timestamp_second_precision,CONSOLIDATED,201903_3017_AI1.pdf,TWSE_MOPS_T57SB01_OFFICIAL_DOCUMENT_UPLOAD,ada7ad2c9f847dca04734615dee891f21e1b083a7dd744217f0f7aa4c3dffabc,f249f81b3394f26475f6fd169be17ae275dbaf560e37bab696c22b07f0772bac,EXACT_MATCH,MOPS_SINGLE_ELIGIBLE_FILING,c3cf52095ed1e56d35afbd34b17942afa66fa83cdf28509746230473c7b8a05b
3017,2019-12-31,2019,4,2020-03-13,2020-03-13T15:45:04+08:00,2020-03-13,2020-03-13,2020-03-16,MOPS_EXACT,official_timestamp_second_precision,CONSOLIDATED,201904_3017_AI1.pdf,TWSE_MOPS_T57SB01_OFFICIAL_DOCUMENT_UPLOAD,ada7ad2c9f847dca04734615dee891f21e1b083a7dd744217f0f7aa4c3dffabc,e391dfba763e406f1596521a573897d8d14394977fd9642e4af53a7c821fe2cd,EXACT_MATCH,MOPS_CONSOLIDATED_PREFERRED_OVER_INDIVIDUAL,f548dc53743ddeb35e19f5bc5db32befacd3213c894335b33566802203508899
3017,2020-03-31,2020,1,2020-05-14,2020-05-14T13:39:02+08:00,2020-05-14,2020-05-14,2020-05-15,MOPS_EXACT,official_timestamp_second_precision,CONSOLIDATED,202001_3017_AI1.pdf,TWSE_MOPS_T57SB01_OFFICIAL_DOCUMENT_UPLOAD,ada7ad2c9f847dca04734615dee891f21e1b083a7dd744217f0f7aa4c3dffabc,65223c7ac4dedce6dad200ccfe23d572d17548ef0056a1428c7c271dbb4e5a97,EXACT_MATCH,MOPS_SINGLE_ELIGIBLE_FILING,b5e00d01c6d8146528df6d581aba4807fa32fad7ac3e1bb99c855b8c70e2e329
3017,2020-06-30,2020,2,2020-08-11,2020-08-11T15:24:28+08:00,2020-08-11,2020-08-11,2020-08-12,MOPS_EXACT,official_timestamp_second_precision,CONSOLIDATED,202002_3017_AI1.pdf,TWSE_MOPS_T57SB01_OFFICIAL_DOCUMENT_UPLOAD,ada7ad2c9f847dca04734615dee891f21e1b083a7dd744217f0f7aa4c3dffabc,3d32db86ccd6c6d825983c9f3465659307701f79b3dee1f22390dae002bc6fa5,EXACT_MATCH,MOPS_SINGLE_ELIGIBLE_FILING,06c297f347776ea4f57c6d9d65a95ccb94701a10e61413eb90c99e52b9c746fd
3017,2020-09-30,2020,3,2020-11-10,2020-11-10T15:12:44+08:00,2020-11-10,2020-11-10,2020-11-11,MOPS_EXACT,official_timestamp_second_precision,CONSOLIDATED,202003_3017_AI1.pdf,TWSE_MOPS_T57SB01_OFFICIAL_DOCUMENT_UPLOAD,ada7ad2c9f847dca04734615dee891f21e1b083a7dd744217f0f7aa4c3dffabc,521a3249edac21ba41df953c8091f1237c3879f0be6170a35101aa3abaffdc04,EXACT_MATCH,MOPS_SINGLE_ELIGIBLE_FILING,63716cb491c88b216c8646b9f3098afa9b7a2503237d6ef48075c774e17f2b88
3017,2020-12-31,2020,4,2021-03-23,2021-03-23T17:28:34+08:00,2021-03-23,2021-03-23,2021-03-24,MOPS_EXACT,official_timestamp_second_precision,CONSOLIDATED,202004_3017_AI1.pdf,TWSE_MOPS_T57SB01_OFFICIAL_DOCUMENT_UPLOAD,ada7ad2c9f847dca04734615dee891f21e1b083a7dd744217f0f7aa4c3dffabc,963f9c38cb1294426b502721d8e1e5fc92dd3b7e35ed2487b4b1a4fcfa5bcaca,EXACT_MATCH,MOPS_CONSOLIDATED_PREFERRED_OVER_INDIVIDUAL,1f520f1f7b99d5b21e03c168fdc598bb62423467accd2bc7bf0ceb5d950932b5
3017,2021-03-31,2021,1,2021-05-11,2021-05-11T14:55:47+08:00,2021-05-11,2021-05-11,2021-05-12,MOPS_EXACT,official_timestamp_second_precision,CONSOLIDATED,202101_3017_AI1.pdf,TWSE_MOPS_T57SB01_OFFICIAL_DOCUMENT_UPLOAD,ada7ad2c9f847dca04734615dee891f21e1b083a7dd744217f0f7aa4c3dffabc,b914f434cae90f0fcec05a000460171df39b95e0e0237055af4b06242343b04e,EXACT_MATCH,MOPS_SINGLE_ELIGIBLE_FILING,f80c8b1044610b6c36b9de2b3acdb3549bcc2893bd204eb4eab35bc81732eb7d
3017,2021-06-30,2021,2,2021-08-06,2021-08-06T19:55:09+08:00,2021-08-06,2021-08-06,2021-08-09,MOPS_EXACT,official_timestamp_second_precision,CONSOLIDATED,202102_3017_AI1.pdf,TWSE_MOPS_T57SB01_OFFICIAL_DOCUMENT_UPLOAD,ada7ad2c9f847dca04734615dee891f21e1b083a7dd744217f0f7aa4c3dffabc,5ea5a1045db0dd6604665e31148e51931b086181f27f9bd1be4d5bf1b90d94f7,EXACT_MATCH,MOPS_SINGLE_ELIGIBLE_FILING,2a7d295b0bcb29dfb18a2c8ac91df50557d161676edefd048d0ff8aa87973c33
3017,2021-09-30,2021,3,2021-11-11,2021-11-11T15:09:06+08:00,2021-11-11,2021-11-11,2021-11-12,MOPS_EXACT,official_timestamp_second_precision,CONSOLIDATED,202103_3017_AI1.pdf,TWSE_MOPS_T57SB01_OFFICIAL_DOCUMENT_UPLOAD,ada7ad2c9f847dca04734615dee891f21e1b083a7dd744217f0f7aa4c3dffabc,91d286cebaddfbf8030ec8960171e36deea492044fac0dfc9fc9e3537101c571,EXACT_MATCH,MOPS_SINGLE_ELIGIBLE_FILING,08d5028ce7ab0e1652767ac4d0502c6ff819facbdd4aa3c477c1b70ea2262a87
3017,2021-12-31,2021,4,2022-03-18,2022-03-18T16:20:04+08:00,2022-03-18,2022-03-18,2022-03-21,MOPS_EXACT,official_timestamp_second_precision,CONSOLIDATED,202104_3017_AI1.pdf,TWSE_MOPS_T57SB01_OFFICIAL_DOCUMENT_UPLOAD,ada7ad2c9f847dca04734615dee891f21e1b083a7dd744217f0f7aa4c3dffabc,126b4d60d97da631677c773117e986eddffa40ed5f54d76db1b07a5654c8fa02,EXACT_MATCH,MOPS_CONSOLIDATED_PREFERRED_OVER_INDIVIDUAL,3f18fc30c468f55eed09462a872de15bb684ebb8851cc23b26dfdada19c2e7f5
3017,2022-03-31,2022,1,2022-05-11,2022-05-11T17:15:04+08:00,2022-05-11,2022-05-11,2022-05-12,MOPS_EXACT,official_timestamp_second_precision,CONSOLIDATED,202201_3017_AI1.pdf,TWSE_MOPS_T57SB01_OFFICIAL_DOCUMENT_UPLOAD,ada7ad2c9f847dca04734615dee891f21e1b083a7dd744217f0f7aa4c3dffabc,68e7f374e158fcc7d73e3b4da36afe980cb25565b817c9c51d4a5521563408aa,EXACT_MATCH,MOPS_SINGLE_ELIGIBLE_FILING,bde2475b4c3af24f7cdd2d3b8f865c221c2671e700fe1502168632cc5e206f4d
3017,2022-06-30,2022,2,2022-08-09,2022-08-09T17:02:41+08:00,2022-08-09,2022-08-09,2022-08-10,MOPS_EXACT,official_timestamp_second_precision,CONSOLIDATED,202202_3017_AI1.pdf,TWSE_MOPS_T57SB01_OFFICIAL_DOCUMENT_UPLOAD,ada7ad2c9f847dca04734615dee891f21e1b083a7dd744217f0f7aa4c3dffabc,f59bffa2787a785be0653754937806873eb6e0d4b3abe801d912761252425598,EXACT_MATCH,MOPS_SINGLE_ELIGIBLE_FILING,46862084d162e5c1749df351a5169d91bd0fe00ed5b143c454d583e6232d71db
3017,2022-09-30,2022,3,2022-11-11,2022-11-11T16:25:25+08:00,2022-11-11,2022-11-11,2022-11-14,MOPS_EXACT,official_timestamp_second_precision,CONSOLIDATED,202203_3017_AI1.pdf,TWSE_MOPS_T57SB01_OFFICIAL_DOCUMENT_UPLOAD,ada7ad2c9f847dca04734615dee891f21e1b083a7dd744217f0f7aa4c3dffabc,a76501a12eb2c523030616b88514445e8e76b4b6a12d3a5cd50c49bec2e9153e,EXACT_MATCH,MOPS_SINGLE_ELIGIBLE_FILING,5b258abf5a53d0ac1ec2ba495df05f99db03e6a0e9ba7eae1878f1d354976faa
3017,2022-12-31,2022,4,2023-03-13,2023-03-13T17:17:43+08:00,2023-03-13,2023-03-13,2023-03-14,MOPS_EXACT,official_timestamp_second_precision,CONSOLIDATED,202204_3017_AI1.pdf,TWSE_MOPS_T57SB01_OFFICIAL_DOCUMENT_UPLOAD,ada7ad2c9f847dca04734615dee891f21e1b083a7dd744217f0f7aa4c3dffabc,146f9e62ee78fbc3a729e9d76bcdaae3f2c0c14c55a00aa277cd0987227d83a8,EXACT_MATCH,MOPS_CONSOLIDATED_PREFERRED_OVER_INDIVIDUAL,3aefd05aaf34a480a5062d2e878c693c78d64022521762264417edc5f32e7332
3017,2023-03-31,2023,1,2023-05-10,2023-05-10T17:29:01+08:00,2023-05-10,2023-05-10,2023-05-11,MOPS_EXACT,official_timestamp_second_precision,CONSOLIDATED,202301_3017_AI1.pdf,TWSE_MOPS_T57SB01_OFFICIAL_DOCUMENT_UPLOAD,ada7ad2c9f847dca04734615dee891f21e1b083a7dd744217f0f7aa4c3dffabc,71ea92e56074ac7cc327db47fb5d06478c7a5b2232fe29ea6104999e1ad59f42,EXACT_MATCH,MOPS_SINGLE_ELIGIBLE_FILING,e9e7996e9eab2bb888c425b4a035d6699e222a5e986e8fe6fd2c5c4ab8262164
3017,2023-06-30,2023,2,2023-08-09,2023-08-09T16:17:43+08:00,2023-08-09,2023-08-09,2023-08-10,MOPS_EXACT,official_timestamp_second_precision,CONSOLIDATED,202302_3017_AI1.pdf,TWSE_MOPS_T57SB01_OFFICIAL_DOCUMENT_UPLOAD,ada7ad2c9f847dca04734615dee891f21e1b083a7dd744217f0f7aa4c3dffabc,2d06d4703f46366f951be3a0cf3d03ae6b50c2e9b94530cb9e7c7421e14fc2fc,EXACT_MATCH,MOPS_SINGLE_ELIGIBLE_FILING,8d7193769c7e312ef556ebc5fa7e0847bd0a4cbd2cde77e69f05b4a76cd8bc74
3017,2023-09-30,2023,3,2023-11-10,2023-11-10T18:02:38+08:00,2023-11-10,2023-11-10,2023-11-13,MOPS_EXACT,official_timestamp_second_precision,CONSOLIDATED,202303_3017_AI1.pdf,TWSE_MOPS_T57SB01_OFFICIAL_DOCUMENT_UPLOAD,ada7ad2c9f847dca04734615dee891f21e1b083a7dd744217f0f7aa4c3dffabc,07cb82cc2cfc5becfcad1cdf77371f4ceb705c5573cd3037ddb2e7457777d67a,EXACT_MATCH,MOPS_SINGLE_ELIGIBLE_FILING,74aba0bcd11846ca6bd2a60537e5f73186e62ade55ebd46ae8034f877980d852
3017,2023-12-31,2023,4,2024-03-13,2024-03-13T17:28:32+08:00,2024-03-13,2024-03-13,2024-03-14,MOPS_EXACT,official_timestamp_second_precision,CONSOLIDATED,202304_3017_AI1.pdf,TWSE_MOPS_T57SB01_OFFICIAL_DOCUMENT_UPLOAD,ada7ad2c9f847dca04734615dee891f21e1b083a7dd744217f0f7aa4c3dffabc,a68e1e67fa545b214a3b6fdb174c189a5242374780abd97a28467ec763c6fbe6,EXACT_MATCH,MOPS_CONSOLIDATED_PREFERRED_OVER_INDIVIDUAL,abf99585a17de6e217e884a12d3a67fb62cad601d4b49a2fde4f54502f64e8a5
3017,2024-03-31,2024,1,2024-05-10,2024-05-10T17:05:31+08:00,2024-05-10,2024-05-10,2024-05-13,MOPS_EXACT,official_timestamp_second_precision,CONSOLIDATED,202401_3017_AI1.pdf,TWSE_MOPS_T57SB01_OFFICIAL_DOCUMENT_UPLOAD,ada7ad2c9f847dca04734615dee891f21e1b083a7dd744217f0f7aa4c3dffabc,a7384874d5066ccd85733e8e23a30f7ecaba81ac2f9d048ca577f2666046d5ce,EXACT_MATCH,MOPS_SINGLE_ELIGIBLE_FILING,ff1dff1d178b6078c7e30341558b2b18a8445cd3fe40e24f5abd0b5c17c351a2
3017,2024-06-30,2024,2,2024-08-09,2024-08-09T14:43:33+08:00,2024-08-09,2024-08-09,2024-08-12,MOPS_EXACT,official_timestamp_second_precision,CONSOLIDATED,202402_3017_AI1.pdf,TWSE_MOPS_T57SB01_OFFICIAL_DOCUMENT_UPLOAD,ada7ad2c9f847dca04734615dee891f21e1b083a7dd744217f0f7aa4c3dffabc,4cdce13e4678ae1a1db94f704e0736db6cd8b988179f5bf6a694cb9edb577e81,EXACT_MATCH,MOPS_SINGLE_ELIGIBLE_FILING,c8b05d22b9dca3e5a0199ab7750373647c3a24c637fbe06c7751309cb84bb279
3017,2024-09-30,2024,3,2024-11-14,2024-11-14T13:52:13+08:00,2024-11-14,2024-11-14,2024-11-15,MOPS_EXACT,official_timestamp_second_precision,CONSOLIDATED,202403_3017_AI1.pdf,TWSE_MOPS_T57SB01_OFFICIAL_DOCUMENT_UPLOAD,ada7ad2c9f847dca04734615dee891f21e1b083a7dd744217f0f7aa4c3dffabc,21f47a9da9991021fe446fbce45bad12bf7b0ccea78c3bd4140de5bfa91b1f4a,EXACT_MATCH,MOPS_SINGLE_ELIGIBLE_FILING,63630291bdb420a219c378129769414d99edae3d9060a047977149540bf528be
3017,2024-12-31,2024,4,2025-03-12,2025-03-12T14:57:49+08:00,2025-03-12,2025-03-12,2025-03-13,MOPS_EXACT,official_timestamp_second_precision,CONSOLIDATED,202404_3017_AI1.pdf,TWSE_MOPS_T57SB01_OFFICIAL_DOCUMENT_UPLOAD,ada7ad2c9f847dca04734615dee891f21e1b083a7dd744217f0f7aa4c3dffabc,b16f323b0f3683677a0719ef68b64da7334bcbde8911f4943ebf56a02b42c377,EXACT_MATCH,MOPS_CONSOLIDATED_PREFERRED_OVER_INDIVIDUAL,94ab635e60254a22ac5699d0699e5c48e97b0ae8dd507d0ddaf684e8ad7c64ce
3017,2025-03-31,2025,1,2025-05-13,2025-05-13T15:40:36+08:00,2025-05-13,2025-05-13,2025-05-14,MOPS_EXACT,official_timestamp_second_precision,CONSOLIDATED,202501_3017_AI1.pdf,TWSE_MOPS_T57SB01_OFFICIAL_DOCUMENT_UPLOAD,ada7ad2c9f847dca04734615dee891f21e1b083a7dd744217f0f7aa4c3dffabc,39617f321c2f1b4d95cacdf7a2028bdc303a1104583307676deab63c34bc27a8,EXACT_MATCH,MOPS_SINGLE_ELIGIBLE_FILING,3bce597a00c199d4db8e945ff11025450adbe5c1f87021dbfa6a5f75ea97a4e3
3017,2025-06-30,2025,2,2025-08-14,2025-08-14T03:51:47+08:00,2025-08-14,2025-08-14,2025-08-15,MOPS_EXACT,official_timestamp_second_precision,CONSOLIDATED,202502_3017_AI1.pdf,TWSE_MOPS_T57SB01_OFFICIAL_DOCUMENT_UPLOAD,ada7ad2c9f847dca04734615dee891f21e1b083a7dd744217f0f7aa4c3dffabc,2fbb14c9b43e2e4ae767d63285d4a2aa3d25e1e8768968c84de1562a78630819,EXACT_MATCH,MOPS_SINGLE_ELIGIBLE_FILING,1895cb9d5dfab27db2a71cbb1ed44525adf39feed56083b705c3f1385ccfaa4e
3017,2025-09-30,2025,3,2025-11-12,2025-11-12T15:01:52+08:00,2025-11-12,2025-11-12,2025-11-13,MOPS_EXACT,official_timestamp_second_precision,CONSOLIDATED,202503_3017_AI1.pdf,TWSE_MOPS_T57SB01_OFFICIAL_DOCUMENT_UPLOAD,ada7ad2c9f847dca04734615dee891f21e1b083a7dd744217f0f7aa4c3dffabc,a2a4fec6940a2089202d9293dedf2e7da5f7bc2cecc118f27a89db629e9ac67d,EXACT_MATCH,MOPS_SINGLE_ELIGIBLE_FILING,9173014c1ce45f45d4b0a805664af4b655e6c8fe926d49d3c50aecd79801d4cd
3017,2025-12-31,2025,4,2026-03-11,2026-03-11T18:17:02+08:00,2026-03-11,2026-03-11,2026-03-12,MOPS_EXACT,official_timestamp_second_precision,CONSOLIDATED,202504_3017_AI1.pdf,TWSE_MOPS_T57SB01_OFFICIAL_DOCUMENT_UPLOAD,ada7ad2c9f847dca04734615dee891f21e1b083a7dd744217f0f7aa4c3dffabc,43c3793b8d1cb98daf9f9919ee0620245bbede4d14d8926b1fd6892b472f126c,EXACT_MATCH,MOPS_CONSOLIDATED_PREFERRED_OVER_INDIVIDUAL,a99b3f6f1493f690c9205d8f3ba93fb5f3aea994d91e4090147221a6f562fa07
3017,2026-03-31,2026,1,2026-05-14,2026-05-14T14:25:01+08:00,2026-05-14,2026-05-14,2026-05-15,MOPS_EXACT,official_timestamp_second_precision,CONSOLIDATED,202601_3017_AI1.pdf,TWSE_MOPS_T57SB01_OFFICIAL_DOCUMENT_UPLOAD,ada7ad2c9f847dca04734615dee891f21e1b083a7dd744217f0f7aa4c3dffabc,4f6bef4ac99e11160c09d8288aa71fb5e675a977ac02a6cc1574eed7ca49aef8,EXACT_MATCH,MOPS_SINGLE_ELIGIBLE_FILING,056fdc4bce065af803f3171eba40525009b1fba0d511ec0e239da5a6771a3764
3017,2026-06-30,2026,2,2026-08-12,2026-08-12T16:00:26+08:00,2026-08-12,2026-08-12,2026-08-13,MOPS_EXACT,official_timestamp_second_precision,CONSOLIDATED,202602_3017_AI1.pdf,TWSE_MOPS_T57SB01_OFFICIAL_DOCUMENT_UPLOAD,ada7ad2c9f847dca04734615dee891f21e1b083a7dd744217f0f7aa4c3dffabc,8fe0ff832afc0ef07014b6fbf00c90aef04a4076e27ddce007406a6a354a750e,EXACT_MATCH,MOPS_SINGLE_ELIGIBLE_FILING,450e99cabaad2fd276033e8440ba2161afaeb70696c63930f5b1168537f0967c
3037,2016-03-31,2016,1,2016-05-13,2016-05-13T14:17:04+08:00,2016-05-13,2016-05-13,2016-05-16,MOPS_EXACT,official_timestamp_second_precision,CONSOLIDATED,201601_3037_AI1.pdf,TWSE_MOPS_T57SB01_OFFICIAL_DOCUMENT_UPLOAD,5db50c5e0dab06011ff25fee088c65b22c8e4f708c7d0af86fc80924a7a455aa,b968efe122b6fff5c009bfd73c17483c5ea9a2615d0d54394780b40f020e2068,EXACT_MATCH,MOPS_SINGLE_ELIGIBLE_FILING,c0d327131d33529fd7d775a4481ce44ca33386a0724e17380f3eb05258d279b1
3037,2016-06-30,2016,2,2016-08-15,2016-08-15T10:00:30+08:00,2016-08-15,2016-08-15,2016-08-16,MOPS_EXACT,official_timestamp_second_precision,CONSOLIDATED,201602_3037_AI1.pdf,TWSE_MOPS_T57SB01_OFFICIAL_DOCUMENT_UPLOAD,5db50c5e0dab06011ff25fee088c65b22c8e4f708c7d0af86fc80924a7a455aa,497403c35dd26f22294e2e06682dfb937e46c6243dd1764198906e28730f66cc,EXACT_MATCH,MOPS_SINGLE_ELIGIBLE_FILING,a37fa6ae8c6ba2387adf2b5dbeed1307c57e2b306668425938f33f6219fca49a
3037,2016-09-30,2016,3,2016-11-14,2016-11-14T17:10:33+08:00,2016-11-14,2016-11-14,2016-11-15,MOPS_EXACT,official_timestamp_second_precision,CONSOLIDATED,201603_3037_AI1.pdf,TWSE_MOPS_T57SB01_OFFICIAL_DOCUMENT_UPLOAD,5db50c5e0dab06011ff25fee088c65b22c8e4f708c7d0af86fc80924a7a455aa,16cd5345fa512f6f7ccb9eb0191891c4248c9256a3e2ca9af5494ed24c67be8a,EXACT_MATCH,MOPS_SINGLE_ELIGIBLE_FILING,980cb6e5a989b15ab440b2b2cd25d382bc0a91889269414d181aacfcb9b0f4cd
3037,2016-12-31,2016,4,2017-03-31,2017-03-31T13:22:54+08:00,2017-03-31,2017-03-31,2017-04-05,MOPS_EXACT,official_timestamp_second_precision,CONSOLIDATED,201604_3037_AI1.pdf,TWSE_MOPS_T57SB01_OFFICIAL_DOCUMENT_UPLOAD,5db50c5e0dab06011ff25fee088c65b22c8e4f708c7d0af86fc80924a7a455aa,5f5c8bd43842c38d826247045d376f05898ed148cd88664a2d12d3c39436f0b3,EXACT_MATCH,MOPS_CONSOLIDATED_PREFERRED_OVER_INDIVIDUAL,e9fcf5de64bd63e2a5ed5dbdfe0c2d162d55448a45fc2a73ac70ec560ef89cf8
3037,2017-03-31,2017,1,2017-05-15,2017-05-15T11:45:30+08:00,2017-05-15,2017-05-15,2017-05-16,MOPS_EXACT,official_timestamp_second_precision,CONSOLIDATED,201701_3037_AI1.pdf,TWSE_MOPS_T57SB01_OFFICIAL_DOCUMENT_UPLOAD,5db50c5e0dab06011ff25fee088c65b22c8e4f708c7d0af86fc80924a7a455aa,136250a93dc2bed36c9be952d6983ed0b8e7e8d38e5fca64c799d48463f82331,EXACT_MATCH,MOPS_SINGLE_ELIGIBLE_FILING,92152061d863c31f5c3797b24352f21dc14ec23a5920004fe009163b82a27265
3037,2017-06-30,2017,2,2017-08-14,2017-08-14T11:55:21+08:00,2017-08-14,2017-08-14,2017-08-15,MOPS_EXACT,official_timestamp_second_precision,CONSOLIDATED,201702_3037_AI1.pdf,TWSE_MOPS_T57SB01_OFFICIAL_DOCUMENT_UPLOAD,5db50c5e0dab06011ff25fee088c65b22c8e4f708c7d0af86fc80924a7a455aa,c7c8cc43739c66f9e4f165c8ed354c09d2a1608a2b5324cd39d0718e46352f75,EXACT_MATCH,MOPS_SINGLE_ELIGIBLE_FILING,8194c9fdbf82bf52d6754c68e6e91bbe67f287ba501b00cd66a2b11e4cd99f34
3037,2017-09-30,2017,3,2017-11-14,2017-11-14T09:49:36+08:00,2017-11-14,2017-11-14,2017-11-15,MOPS_EXACT,official_timestamp_second_precision,CONSOLIDATED,201703_3037_AI1.pdf,TWSE_MOPS_T57SB01_OFFICIAL_DOCUMENT_UPLOAD,5db50c5e0dab06011ff25fee088c65b22c8e4f708c7d0af86fc80924a7a455aa,3bc20645fc59185606b065268df58d39e334c29f0ff3efb05169a8038f9cbfff,EXACT_MATCH,MOPS_SINGLE_ELIGIBLE_FILING,844dbfcd85c28bf8a7611ccb6a67cc8276184522e1e3a37acccc2c9fe8141ad9
3037,2017-12-31,2017,4,2018-03-26,2018-03-26T14:32:11+08:00,2018-03-26,2018-03-26,2018-03-27,MOPS_EXACT,official_timestamp_second_precision,CONSOLIDATED,201704_3037_AI1.pdf,TWSE_MOPS_T57SB01_OFFICIAL_DOCUMENT_UPLOAD,5db50c5e0dab06011ff25fee088c65b22c8e4f708c7d0af86fc80924a7a455aa,3788b1ba14d6c4b979178afa07c11704256c8f552a3f234143f6cc5abee6411c,EXACT_MATCH,MOPS_CONSOLIDATED_PREFERRED_OVER_INDIVIDUAL,81987330bbadf1fa5bb2cd7848609a99dc57f961ca2c89ab89c1eaabf8265971
3037,2018-03-31,2018,1,2018-05-15,2018-05-15T15:18:27+08:00,2018-05-15,2018-05-15,2018-05-16,MOPS_EXACT,official_timestamp_second_precision,CONSOLIDATED,201801_3037_AI1.pdf,TWSE_MOPS_T57SB01_OFFICIAL_DOCUMENT_UPLOAD,5db50c5e0dab06011ff25fee088c65b22c8e4f708c7d0af86fc80924a7a455aa,e9d66176bec7f341d12d895577923cf271cde24eb551a889c2381a845fd0ee70,EXACT_MATCH,MOPS_SINGLE_ELIGIBLE_FILING,abf159a1e495f53595d1c5db7ddce2a3e8580ef24fd4252ba39feb2b9f2cadd0
3037,2018-06-30,2018,2,2018-08-14,2018-08-14T13:30:23+08:00,2018-08-14,2018-08-14,2018-08-15,MOPS_EXACT,official_timestamp_second_precision,CONSOLIDATED,201802_3037_AI1.pdf,TWSE_MOPS_T57SB01_OFFICIAL_DOCUMENT_UPLOAD,5db50c5e0dab06011ff25fee088c65b22c8e4f708c7d0af86fc80924a7a455aa,c28705c5b0901a1ef52149224d3d5997aa0bd809b84d53a453dfc414e4802c57,EXACT_MATCH,MOPS_SINGLE_ELIGIBLE_FILING,b33e74cd286473107dcf19351ac65358a41297dd07bef087d185154ff0fadf1b
3037,2018-09-30,2018,3,2018-11-14,2018-11-14T13:29:22+08:00,2018-11-14,2018-11-14,2018-11-15,MOPS_EXACT,official_timestamp_second_precision,CONSOLIDATED,201803_3037_AI1.pdf,TWSE_MOPS_T57SB01_OFFICIAL_DOCUMENT_UPLOAD,5db50c5e0dab06011ff25fee088c65b22c8e4f708c7d0af86fc80924a7a455aa,958dc606a05ec0a0d54b34b0cf1b1d0fe6f72972d7ade208d1233d2513ee720b,EXACT_MATCH,MOPS_SINGLE_ELIGIBLE_FILING,8a19ef458d2898f98d4e560492bf8783cf1dfdcd85e7d61dcaebda11b4c3135d
3037,2018-12-31,2018,4,2019-03-29,2019-03-29T17:06:34+08:00,2019-03-29,2019-03-29,2019-04-01,MOPS_EXACT,official_timestamp_second_precision,CONSOLIDATED,201804_3037_AI1.pdf,TWSE_MOPS_T57SB01_OFFICIAL_DOCUMENT_UPLOAD,5db50c5e0dab06011ff25fee088c65b22c8e4f708c7d0af86fc80924a7a455aa,cf12af07269fa26bfd5ce5d97bf1f1db6c6e7f3db8fe2d0754d928ade9aad5fe,EXACT_MATCH,MOPS_CONSOLIDATED_PREFERRED_OVER_INDIVIDUAL,02f01c088b78c5189ef1f1a8c2231f6246ad10c9b26486a93e1300c65a3dc8b8
3037,2019-03-31,2019,1,2019-05-13,2019-05-13T19:23:51+08:00,2019-05-13,2019-05-13,2019-05-14,MOPS_EXACT,official_timestamp_second_precision,CONSOLIDATED,201901_3037_AI1.pdf,TWSE_MOPS_T57SB01_OFFICIAL_DOCUMENT_UPLOAD,5db50c5e0dab06011ff25fee088c65b22c8e4f708c7d0af86fc80924a7a455aa,5bceb28df59c9652a723af0fd541f569df21e00edcb4fcf5c196882f8d395af0,EXACT_MATCH,MOPS_SINGLE_ELIGIBLE_FILING,dd3a9c00af6d94d412367daa97f958ce4595dbf174375e4cb9e713b5a1f517bb
3037,2019-06-30,2019,2,2019-08-13,2019-08-13T18:45:13+08:00,2019-08-13,2019-08-13,2019-08-14,MOPS_EXACT,official_timestamp_second_precision,CONSOLIDATED,201902_3037_AI1.pdf,TWSE_MOPS_T57SB01_OFFICIAL_DOCUMENT_UPLOAD,5db50c5e0dab06011ff25fee088c65b22c8e4f708c7d0af86fc80924a7a455aa,292defaa645182308acb645a73f24d5da770e368df778f80a37e8233208459db,EXACT_MATCH,MOPS_SINGLE_ELIGIBLE_FILING,f67a746152f8379f10096557901ba07c52c6cb45264031ae5638c554d4ceb633
3037,2019-09-30,2019,3,2019-11-13,2019-11-13T18:07:58+08:00,2019-11-13,2019-11-13,2019-11-14,MOPS_EXACT,official_timestamp_second_precision,CONSOLIDATED,201903_3037_AI1.pdf,TWSE_MOPS_T57SB01_OFFICIAL_DOCUMENT_UPLOAD,5db50c5e0dab06011ff25fee088c65b22c8e4f708c7d0af86fc80924a7a455aa,2ea7075c8aa998bb2298b47a4f773973a42617ce5549659ad7b112952024c874,EXACT_MATCH,MOPS_SINGLE_ELIGIBLE_FILING,3ced9d56fa00aafb3edce822fd8fd9e6eb235def673bd03bdc5d1f30e3cde733
3037,2019-12-31,2019,4,2020-03-30,2020-03-30T20:04:25+08:00,2020-03-30,2020-03-30,2020-03-31,MOPS_EXACT,official_timestamp_second_precision,CONSOLIDATED,201904_3037_AI1.pdf,TWSE_MOPS_T57SB01_OFFICIAL_DOCUMENT_UPLOAD,5db50c5e0dab06011ff25fee088c65b22c8e4f708c7d0af86fc80924a7a455aa,c724351a5c663365cc1d3f991ffdc40825f9a2724d019281423ecbc95823541c,EXACT_MATCH,MOPS_CONSOLIDATED_PREFERRED_OVER_INDIVIDUAL,f1536cb45ff50c8fd9673664a2742ebdcfbb84c06b6a2b38a958994a378f9361
3037,2020-03-31,2020,1,2020-05-12,2020-05-12T13:51:14+08:00,2020-05-12,2020-05-12,2020-05-13,MOPS_EXACT,official_timestamp_second_precision,CONSOLIDATED,202001_3037_AI1.pdf,TWSE_MOPS_T57SB01_OFFICIAL_DOCUMENT_UPLOAD,5db50c5e0dab06011ff25fee088c65b22c8e4f708c7d0af86fc80924a7a455aa,54d764a8e9b43a3fd1a4a6cbb3edbf8d33882b23f500d75ac541e9e73b0f5bf0,EXACT_MATCH,MOPS_SINGLE_ELIGIBLE_FILING,39742ab311c241bbc2c640f3c409248e81c93727de3eeedce2b388ab1be8b40a
3037,2020-06-30,2020,2,2020-07-30,2020-07-30T16:41:31+08:00,2020-07-30,2020-07-30,2020-07-31,MOPS_EXACT,official_timestamp_second_precision,CONSOLIDATED,202002_3037_AI1.pdf,TWSE_MOPS_T57SB01_OFFICIAL_DOCUMENT_UPLOAD,5db50c5e0dab06011ff25fee088c65b22c8e4f708c7d0af86fc80924a7a455aa,a93d60f6f8dcc2efce67376735cb4f78c86f93535713de1965a263c78a11aa1a,EXACT_MATCH,MOPS_SINGLE_ELIGIBLE_FILING,8aba20b589f1a821244e2b53cc574ec0ede459221b54e98a88663151852ff195
3037,2020-09-30,2020,3,2020-10-29,2020-10-29T16:59:51+08:00,2020-10-29,2020-10-29,2020-10-30,MOPS_EXACT,official_timestamp_second_precision,CONSOLIDATED,202003_3037_AI1.pdf,TWSE_MOPS_T57SB01_OFFICIAL_DOCUMENT_UPLOAD,5db50c5e0dab06011ff25fee088c65b22c8e4f708c7d0af86fc80924a7a455aa,a80483a2a5993f189d6054a199e6195950496d6c7a14946b62705ac4e7aacb41,EXACT_MATCH,MOPS_SINGLE_ELIGIBLE_FILING,e77bfcb8abe3779f39bffb9f47baa977d0a2a23e584a9c37a2f04af2feb3170a
3037,2020-12-31,2020,4,2021-02-25,2021-02-25T16:42:10+08:00,2021-02-25,2021-02-25,2021-02-26,MOPS_EXACT,official_timestamp_second_precision,CONSOLIDATED,202004_3037_AI1.pdf,TWSE_MOPS_T57SB01_OFFICIAL_DOCUMENT_UPLOAD,5db50c5e0dab06011ff25fee088c65b22c8e4f708c7d0af86fc80924a7a455aa,559899a5e05dbbb3deb3f2c071d5fce5501ec6863df53bf4507c498baa81fb33,EXACT_MATCH,MOPS_CONSOLIDATED_PREFERRED_OVER_INDIVIDUAL,4c74d6f8b809b7dbee8200dd5aa5a1aa32c45d33df14ba6c464400baff131930
3037,2021-03-31,2021,1,2021-04-29,2021-04-29T15:37:11+08:00,2021-04-29,2021-04-29,2021-05-03,MOPS_EXACT,official_timestamp_second_precision,CONSOLIDATED,202101_3037_AI1.pdf,TWSE_MOPS_T57SB01_OFFICIAL_DOCUMENT_UPLOAD,5db50c5e0dab06011ff25fee088c65b22c8e4f708c7d0af86fc80924a7a455aa,38e6a5df43f4b51b8751e1a517a029b487614530bce48bf992f7774ffada9198,EXACT_MATCH,MOPS_SINGLE_ELIGIBLE_FILING,a2da4bf71a6addcf7f049c41e19b6bb6b61a7e7988b39a91f4c6bf4b6617d4c0
3037,2021-06-30,2021,2,2021-07-29,2021-07-29T14:40:37+08:00,2021-07-29,2021-07-29,2021-07-30,MOPS_EXACT,official_timestamp_second_precision,CONSOLIDATED,202102_3037_AI1.pdf,TWSE_MOPS_T57SB01_OFFICIAL_DOCUMENT_UPLOAD,5db50c5e0dab06011ff25fee088c65b22c8e4f708c7d0af86fc80924a7a455aa,9e574a0ab70bd1b36eef6790de40727ca4550997eb03aea4aca92c3514da9900,EXACT_MATCH,MOPS_SINGLE_ELIGIBLE_FILING,b4a06b1e57324151a46cc588d53caceeb708add8f934b8328013153871766428
3037,2021-09-30,2021,3,2021-10-28,2021-10-28T16:45:42+08:00,2021-10-28,2021-10-28,2021-10-29,MOPS_EXACT,official_timestamp_second_precision,CONSOLIDATED,202103_3037_AI1.pdf,TWSE_MOPS_T57SB01_OFFICIAL_DOCUMENT_UPLOAD,5db50c5e0dab06011ff25fee088c65b22c8e4f708c7d0af86fc80924a7a455aa,c9c40fd34c689838dc07ca3c049940e996aa40082ec201c08b95d266a78b8a78,EXACT_MATCH,MOPS_SINGLE_ELIGIBLE_FILING,8a75f40df6ff03c5ae35bf9d96ec51676acd04389f7e8564d9d9eb88cc3294de
3037,2021-12-31,2021,4,2022-02-24,2022-02-24T16:06:02+08:00,2022-02-24,2022-02-24,2022-02-25,MOPS_EXACT,official_timestamp_second_precision,CONSOLIDATED,202104_3037_AI1.pdf,TWSE_MOPS_T57SB01_OFFICIAL_DOCUMENT_UPLOAD,5db50c5e0dab06011ff25fee088c65b22c8e4f708c7d0af86fc80924a7a455aa,2ed70dc63b1bfecda510b5f8578a5c5479d7e9206b48c196de3b7e9fbc01ffcb,EXACT_MATCH,MOPS_CONSOLIDATED_PREFERRED_OVER_INDIVIDUAL,612a8d6d024998e1fd7c3ec39382ff747301684348cf18305a849ed75ae24df6
3037,2022-03-31,2022,1,2022-04-28,2022-04-28T15:51:04+08:00,2022-04-28,2022-04-28,2022-04-29,MOPS_EXACT,official_timestamp_second_precision,CONSOLIDATED,202201_3037_AI1.pdf,TWSE_MOPS_T57SB01_OFFICIAL_DOCUMENT_UPLOAD,5db50c5e0dab06011ff25fee088c65b22c8e4f708c7d0af86fc80924a7a455aa,4da6d04f4e0d0f6ff38bdcd250a1b8042b141cc567978c4dedbd04e6ba5f75be,EXACT_MATCH,MOPS_SINGLE_ELIGIBLE_FILING,6ff96676d34207b54c20ab79bcc0d76e24e1127148f58f4b6e19367e48c8e562
3037,2022-06-30,2022,2,2022-07-28,2022-07-28T16:53:13+08:00,2022-07-28,2022-07-28,2022-07-29,MOPS_EXACT,official_timestamp_second_precision,CONSOLIDATED,202202_3037_AI1.pdf,TWSE_MOPS_T57SB01_OFFICIAL_DOCUMENT_UPLOAD,5db50c5e0dab06011ff25fee088c65b22c8e4f708c7d0af86fc80924a7a455aa,2c89ae06ce602a8f24e2124feabc48050a7cdc46738a6b863466d4edc61b74b0,EXACT_MATCH,MOPS_SINGLE_ELIGIBLE_FILING,0e66c890e994221d0b627b98b9cdc8570e1a43ccfc0c98367388f5c594733f6d
3037,2022-09-30,2022,3,2022-10-27,2022-10-27T16:49:44+08:00,2022-10-27,2022-10-27,2022-10-28,MOPS_EXACT,official_timestamp_second_precision,CONSOLIDATED,202203_3037_AI1.pdf,TWSE_MOPS_T57SB01_OFFICIAL_DOCUMENT_UPLOAD,5db50c5e0dab06011ff25fee088c65b22c8e4f708c7d0af86fc80924a7a455aa,c16ab8e1e45117050a5064da311d60454951d0974e3752e751e8f2003f9aec4a,EXACT_MATCH,MOPS_SINGLE_ELIGIBLE_FILING,8c291cd2df72aecd819d735c18f0912727d32a4daea6609d2642d7ed0aadb50a
3037,2022-12-31,2022,4,2023-02-23,2023-02-23T17:36:55+08:00,2023-02-23,2023-02-23,2023-02-24,MOPS_EXACT,official_timestamp_second_precision,CONSOLIDATED,202204_3037_AI1.pdf,TWSE_MOPS_T57SB01_OFFICIAL_DOCUMENT_UPLOAD,5db50c5e0dab06011ff25fee088c65b22c8e4f708c7d0af86fc80924a7a455aa,b42e3754cea2b8d06a3e96ced0459f1f6103b2528da012932cac0173b1c583bb,EXACT_MATCH,MOPS_CONSOLIDATED_PREFERRED_OVER_INDIVIDUAL,88bac04e40dc4d51c89e3f10ce4e83b464362de7beebbe8ab0833de3dcc1171e
3037,2023-03-31,2023,1,2023-04-27,2023-04-27T17:16:41+08:00,2023-04-27,2023-04-27,2023-04-28,MOPS_EXACT,official_timestamp_second_precision,CONSOLIDATED,202301_3037_AI1.pdf,TWSE_MOPS_T57SB01_OFFICIAL_DOCUMENT_UPLOAD,5db50c5e0dab06011ff25fee088c65b22c8e4f708c7d0af86fc80924a7a455aa,cefcac77fde23278c116e48ce70f1aa07eab850b2c40fe5edaedd0c7a7f92dae,EXACT_MATCH,MOPS_SINGLE_ELIGIBLE_FILING,61c959bd70f866e938210d969fda809fd00cc993ea87af65e6917ecfc5ab36f3
3037,2023-06-30,2023,2,2023-07-27,2023-07-27T17:45:36+08:00,2023-07-27,2023-07-27,2023-07-28,MOPS_EXACT,official_timestamp_second_precision,CONSOLIDATED,202302_3037_AI1.pdf,TWSE_MOPS_T57SB01_OFFICIAL_DOCUMENT_UPLOAD,5db50c5e0dab06011ff25fee088c65b22c8e4f708c7d0af86fc80924a7a455aa,081294c1299a30290328434c4290ba8ecd7c51dcd3bb352d56ab81f1c6741444,EXACT_MATCH,MOPS_SINGLE_ELIGIBLE_FILING,0a1ce5884295a67bd0ddaa148ab0ad49d06aa9467d6c1ab73003357839e2c483
3037,2023-09-30,2023,3,2023-10-26,2023-10-26T15:14:28+08:00,2023-10-26,2023-10-26,2023-10-27,MOPS_EXACT,official_timestamp_second_precision,CONSOLIDATED,202303_3037_AI1.pdf,TWSE_MOPS_T57SB01_OFFICIAL_DOCUMENT_UPLOAD,5db50c5e0dab06011ff25fee088c65b22c8e4f708c7d0af86fc80924a7a455aa,9c66b7bfb9e24a9f44ff0827f86ed24b79b747eb4238e2fc5e09e3c3d4d3dc78,EXACT_MATCH,MOPS_SINGLE_ELIGIBLE_FILING,b7826b57904e635ca3d14df3cfd8403c653e05a5100b49122bc84dcf50e4c9c2
3037,2023-12-31,2023,4,2024-02-27,2024-02-27T17:55:15+08:00,2024-02-27,2024-02-27,2024-02-29,MOPS_EXACT,official_timestamp_second_precision,CONSOLIDATED,202304_3037_AI1.pdf,TWSE_MOPS_T57SB01_OFFICIAL_DOCUMENT_UPLOAD,5db50c5e0dab06011ff25fee088c65b22c8e4f708c7d0af86fc80924a7a455aa,4e9872ee88b1208498a9c5d7cf49965e9a1bdc02caac3d088b09b5080a757623,EXACT_MATCH,MOPS_CONSOLIDATED_PREFERRED_OVER_INDIVIDUAL,b4f10a5b435430a60a3e25fe13017366b337bd6bdf96f987f88f905045bce2f6
3037,2024-03-31,2024,1,2024-04-25,2024-04-25T16:53:13+08:00,2024-04-25,2024-04-25,2024-04-26,MOPS_EXACT,official_timestamp_second_precision,CONSOLIDATED,202401_3037_AI1.pdf,TWSE_MOPS_T57SB01_OFFICIAL_DOCUMENT_UPLOAD,5db50c5e0dab06011ff25fee088c65b22c8e4f708c7d0af86fc80924a7a455aa,d8a2a69ea8124696ac7292a8a2b95a835bfcf5b061e934acc5cda13c1a32719b,EXACT_MATCH,MOPS_SINGLE_ELIGIBLE_FILING,0c306830994cfcbb95ecaccbec923181111fcf8701eedb10b869b2386d19a41e
3037,2024-06-30,2024,2,2024-08-01,2024-08-01T16:16:28+08:00,2024-08-01,2024-08-01,2024-08-02,MOPS_EXACT,official_timestamp_second_precision,CONSOLIDATED,202402_3037_AI1.pdf,TWSE_MOPS_T57SB01_OFFICIAL_DOCUMENT_UPLOAD,5db50c5e0dab06011ff25fee088c65b22c8e4f708c7d0af86fc80924a7a455aa,556e1df5e8c0b0e0fe8c74c45f3045fa1e00f441d2abd5aa00eefb0bc2d928d8,EXACT_MATCH,MOPS_SINGLE_ELIGIBLE_FILING,781ce024d6689a8aa9ab5baa1da8c641fd50257922f9710d3fd557f44150fefa
3037,2024-09-30,2024,3,2024-11-05,2024-11-05T09:56:32+08:00,2024-11-05,2024-11-05,2024-11-06,MOPS_EXACT,official_timestamp_second_precision,CONSOLIDATED,202403_3037_AI1.pdf,TWSE_MOPS_T57SB01_OFFICIAL_DOCUMENT_UPLOAD,5db50c5e0dab06011ff25fee088c65b22c8e4f708c7d0af86fc80924a7a455aa,d7e3a423a80a93318fd766f1b965cb9f9122d7ca7ec5b65b5db9d977a88f2e59,EXACT_MATCH,MOPS_SINGLE_ELIGIBLE_FILING,ab5da4e7b71241f3f93731fa05c59b7d4ccfd4e2779796cfd59f77ad2f725b6b
3037,2024-12-31,2024,4,2025-02-27,2025-02-27T14:28:19+08:00,2025-02-27,2025-02-27,2025-03-03,MOPS_EXACT,official_timestamp_second_precision,CONSOLIDATED,202404_3037_AI1.pdf,TWSE_MOPS_T57SB01_OFFICIAL_DOCUMENT_UPLOAD,5db50c5e0dab06011ff25fee088c65b22c8e4f708c7d0af86fc80924a7a455aa,140cccd6f5e94cba16de4389d271a5eb192c5024924071c56dd9b85d03db2557,EXACT_MATCH,MOPS_CONSOLIDATED_PREFERRED_OVER_INDIVIDUAL,d42c81a722f5bb1febe3bfcf9bc5f14d8ed78dc6cf19139d2870d2dad75d6b39
3037,2025-03-31,2025,1,2025-04-24,2025-04-24T13:22:50+08:00,2025-04-24,2025-04-24,2025-04-25,MOPS_EXACT,official_timestamp_second_precision,CONSOLIDATED,202501_3037_AI1.pdf,TWSE_MOPS_T57SB01_OFFICIAL_DOCUMENT_UPLOAD,5db50c5e0dab06011ff25fee088c65b22c8e4f708c7d0af86fc80924a7a455aa,3390a1fb243f23aded3365fc4a87d2600819d894c716467cd59e995787ea2c5d,EXACT_MATCH,MOPS_SINGLE_ELIGIBLE_FILING,ae28b9750c038712943d8f5dc01299e06fc0f4ee806150c05ae2b87b868433c3
3037,2025-06-30,2025,2,2025-07-31,2025-07-31T13:34:25+08:00,2025-07-31,2025-07-31,2025-08-01,MOPS_EXACT,official_timestamp_second_precision,CONSOLIDATED,202502_3037_AI1.pdf,TWSE_MOPS_T57SB01_OFFICIAL_DOCUMENT_UPLOAD,5db50c5e0dab06011ff25fee088c65b22c8e4f708c7d0af86fc80924a7a455aa,ac273ae7c771006d5024f0c14d787e3a634e658f196767380288ec5fd2ca74c5,EXACT_MATCH,MOPS_SINGLE_ELIGIBLE_FILING,7220aaa3f231d8496281c1318639de58a5832e968bbb80495404f45fc4f1df1b
3037,2025-09-30,2025,3,2025-10-30,2025-10-30T18:45:28+08:00,2025-10-30,2025-10-30,2025-10-31,MOPS_EXACT,official_timestamp_second_precision,CONSOLIDATED,202503_3037_AI1.pdf,TWSE_MOPS_T57SB01_OFFICIAL_DOCUMENT_UPLOAD,5db50c5e0dab06011ff25fee088c65b22c8e4f708c7d0af86fc80924a7a455aa,250625d0bf745005569c2a52d145484a7e079fb9354f494e203827a79f0b8e4b,EXACT_MATCH,MOPS_SINGLE_ELIGIBLE_FILING,e0940f36635a71f22157c693d4e6c07ea7e8c7bad4242ab2f80b1fdb755078a2
3037,2025-12-31,2025,4,2026-02-26,2026-02-26T18:51:44+08:00,2026-02-26,2026-02-26,2026-03-02,MOPS_EXACT,official_timestamp_second_precision,CONSOLIDATED,202504_3037_AI1.pdf,TWSE_MOPS_T57SB01_OFFICIAL_DOCUMENT_UPLOAD,5db50c5e0dab06011ff25fee088c65b22c8e4f708c7d0af86fc80924a7a455aa,1280f077096c4e7a1d82754c07cf6e822c87cd33f8d725d3a03c7e19feb644de,EXACT_MATCH,MOPS_CONSOLIDATED_PREFERRED_OVER_INDIVIDUAL,2a1a7be37eebf83c50f093d5fa384da4af887e572065a1cb0acede5b8c6010aa
3037,2026-03-31,2026,1,2026-04-30,2026-04-30T16:04:18+08:00,2026-04-30,2026-04-30,2026-05-04,MOPS_EXACT,official_timestamp_second_precision,CONSOLIDATED,202601_3037_AI1.pdf,TWSE_MOPS_T57SB01_OFFICIAL_DOCUMENT_UPLOAD,5db50c5e0dab06011ff25fee088c65b22c8e4f708c7d0af86fc80924a7a455aa,e1f7fdd57c87e8f97a868fe7fe2e39d128e1be13db449737318b62bc131b2c7b,EXACT_MATCH,MOPS_SINGLE_ELIGIBLE_FILING,6c99328ad09d33fc3cb6955bcac53c70a2bb839a402204869c6f165f92122bc5
3037,2026-06-30,2026,2,2026-07-30,2026-07-30T14:40:41+08:00,2026-07-30,2026-07-30,2026-07-31,MOPS_EXACT,official_timestamp_second_precision,CONSOLIDATED,202602_3037_AI1.pdf,TWSE_MOPS_T57SB01_OFFICIAL_DOCUMENT_UPLOAD,5db50c5e0dab06011ff25fee088c65b22c8e4f708c7d0af86fc80924a7a455aa,4297b7632b9dc4438975f26e4c33e00fa9f6f04506ea713a4959cc7cfd93925b,EXACT_MATCH,MOPS_SINGLE_ELIGIBLE_FILING,f025c9eba6cd53ec3ee89deb511de8770f5de034b4b52759dcbb9517eef1b046
3045,2016-03-31,2016,1,2016-04-28,2016-04-28T19:11:58+08:00,2016-04-28,2016-04-28,2016-04-29,MOPS_EXACT,official_timestamp_second_precision,CONSOLIDATED,201601_3045_AI1.pdf,TWSE_MOPS_T57SB01_OFFICIAL_DOCUMENT_UPLOAD,20224f28bcfdeb75249d77fea3e17de1edfdfb9b3a91a2b53307e8e8ac6f893c,d3333e282ecbca55e6353cda3b2f1b3451893c92586dedce7613cad8cc35d8f3,EXACT_MATCH,MOPS_SINGLE_ELIGIBLE_FILING,2b53ac21501edeb5786e27417c220421304527323ed6891133bc0908e999afbb
3045,2016-06-30,2016,2,2016-07-27,2016-07-27T17:45:43+08:00,2016-07-27,2016-07-27,2016-07-28,MOPS_EXACT,official_timestamp_second_precision,CONSOLIDATED,201602_3045_AI1.pdf,TWSE_MOPS_T57SB01_OFFICIAL_DOCUMENT_UPLOAD,20224f28bcfdeb75249d77fea3e17de1edfdfb9b3a91a2b53307e8e8ac6f893c,6f7fa7be60ef713cd6dc9e688269dc6c0a57e0586784261af7b8ce273a4f554a,EXACT_MATCH,MOPS_SINGLE_ELIGIBLE_FILING,a6864a027d3d1682434ed103c984fafef82d1040a97baa92a8f5c62ab77644d7
3045,2016-09-30,2016,3,2016-10-28,2016-10-28T16:38:48+08:00,2016-10-28,2016-10-28,2016-10-31,MOPS_EXACT,official_timestamp_second_precision,CONSOLIDATED,201603_3045_AI1.pdf,TWSE_MOPS_T57SB01_OFFICIAL_DOCUMENT_UPLOAD,20224f28bcfdeb75249d77fea3e17de1edfdfb9b3a91a2b53307e8e8ac6f893c,bbb8aec85d2f77bcb96a6b5808d4b31c578c91733385922c4f5110f347828691,EXACT_MATCH,MOPS_SINGLE_ELIGIBLE_FILING,695dddcac1cd4d983170571ac3212be4237ab12c985e54f0c55092326a106edf
3045,2016-12-31,2016,4,2017-01-25,2017-01-25T18:41:43+08:00,2017-01-25,2017-01-25,2017-02-02,MOPS_EXACT,official_timestamp_second_precision,CONSOLIDATED,201604_3045_AI1.pdf,TWSE_MOPS_T57SB01_OFFICIAL_DOCUMENT_UPLOAD,20224f28bcfdeb75249d77fea3e17de1edfdfb9b3a91a2b53307e8e8ac6f893c,36f16a50df209faf68c176aab39b0bccc1031459c4f71ff1ea0400aa91cf8008,EXACT_MATCH,MOPS_CONSOLIDATED_PREFERRED_OVER_INDIVIDUAL,0e8207e6d1e964f97cc6cca3996cb139685caf18162d79f55af4f8f29e2f16c6
3045,2017-03-31,2017,1,2017-05-04,2017-05-04T18:26:27+08:00,2017-05-04,2017-05-04,2017-05-05,MOPS_EXACT,official_timestamp_second_precision,CONSOLIDATED,201701_3045_AI1.pdf,TWSE_MOPS_T57SB01_OFFICIAL_DOCUMENT_UPLOAD,20224f28bcfdeb75249d77fea3e17de1edfdfb9b3a91a2b53307e8e8ac6f893c,6433ef8ba2877d7b24825c4ded7ce08b961488e4fec62cce18ee595a4d1862c9,EXACT_MATCH,MOPS_SINGLE_ELIGIBLE_FILING,dd057fa42b8813f1cc4cd1160b96b877e998c881c291309a987e92c675a3da76
3045,2017-06-30,2017,2,2017-08-02,2017-08-02T18:01:21+08:00,2017-08-02,2017-08-02,2017-08-03,MOPS_EXACT,official_timestamp_second_precision,CONSOLIDATED,201702_3045_AI1.pdf,TWSE_MOPS_T57SB01_OFFICIAL_DOCUMENT_UPLOAD,20224f28bcfdeb75249d77fea3e17de1edfdfb9b3a91a2b53307e8e8ac6f893c,c83679803fb096f9153d4174a7f39f9fb895d1ff772a40de2b828ea6accf0a07,EXACT_MATCH,MOPS_SINGLE_ELIGIBLE_FILING,a89ca760fc3fc2561a9441a23c09f0e4fb9290b5ab01ce765079a355b6231d56
3045,2017-09-30,2017,3,2017-11-03,2017-11-03T17:00:21+08:00,2017-11-03,2017-11-03,2017-11-06,MOPS_EXACT,official_timestamp_second_precision,CONSOLIDATED,201703_3045_AI1.pdf,TWSE_MOPS_T57SB01_OFFICIAL_DOCUMENT_UPLOAD,20224f28bcfdeb75249d77fea3e17de1edfdfb9b3a91a2b53307e8e8ac6f893c,58534a4c804542e0c54b1cb4f698db906949c40b042722a432909ae183c3a1bb,EXACT_MATCH,MOPS_SINGLE_ELIGIBLE_FILING,d14e099e3a0ffce73d344b792a21afcf9833ad10b5e3df3fd308605fa90123f3
3045,2017-12-31,2017,4,2018-02-01,2018-02-01T19:14:47+08:00,2018-02-01,2018-02-01,2018-02-02,MOPS_EXACT,official_timestamp_second_precision,CONSOLIDATED,201704_3045_AI1.pdf,TWSE_MOPS_T57SB01_OFFICIAL_DOCUMENT_UPLOAD,20224f28bcfdeb75249d77fea3e17de1edfdfb9b3a91a2b53307e8e8ac6f893c,7e5865c8760bd5f2f7b4808a55cafb827e2203a3caf353f7d171edc6482528bc,EXACT_MATCH,MOPS_CONSOLIDATED_PREFERRED_OVER_INDIVIDUAL,3d82848f42f0eb71895bab8bf6907de15f793e06ff5cfdc4afe3862991c1480e
3045,2018-03-31,2018,1,2018-04-27,2018-04-27T19:10:10+08:00,2018-04-27,2018-04-27,2018-04-30,MOPS_EXACT,official_timestamp_second_precision,CONSOLIDATED,201801_3045_AI1.pdf,TWSE_MOPS_T57SB01_OFFICIAL_DOCUMENT_UPLOAD,20224f28bcfdeb75249d77fea3e17de1edfdfb9b3a91a2b53307e8e8ac6f893c,02de1b304c1685ac76ddc440c63e3e054a9f2da2dd2f05fee4ecf507ff6df872,EXACT_MATCH,MOPS_SINGLE_ELIGIBLE_FILING,36780a046ed2c265322f1f22bf32521e1e940eca21d0f250b9c2f38b556c9fc0
3045,2018-06-30,2018,2,2018-08-07,2018-08-07T16:46:34+08:00,2018-08-07,2018-08-07,2018-08-08,MOPS_EXACT,official_timestamp_second_precision,CONSOLIDATED,201802_3045_AI1.pdf,TWSE_MOPS_T57SB01_OFFICIAL_DOCUMENT_UPLOAD,20224f28bcfdeb75249d77fea3e17de1edfdfb9b3a91a2b53307e8e8ac6f893c,4195400955ae033e6aff0dbaa8125d671672c69175c4c71c1d2db017650175fe,EXACT_MATCH,MOPS_SINGLE_ELIGIBLE_FILING,5b8c71d07230c83cd31f62b0b99afab1442b379babe0b70364211d7094f6428b
3045,2018-09-30,2018,3,2018-11-05,2018-11-05T13:56:48+08:00,2018-11-05,2018-11-05,2018-11-06,MOPS_EXACT,official_timestamp_second_precision,CONSOLIDATED,201803_3045_AI1.pdf,TWSE_MOPS_T57SB01_OFFICIAL_DOCUMENT_UPLOAD,20224f28bcfdeb75249d77fea3e17de1edfdfb9b3a91a2b53307e8e8ac6f893c,4784a803b066217726deecc6b9471ea32f38a2b99f68b63d7009352caf3da153,EXACT_MATCH,MOPS_SINGLE_ELIGIBLE_FILING,7826fe5f38b9750ee76543c88ddbb0987849f23149f2a4fbd629514d205e8bc6
3045,2018-12-31,2018,4,2019-02-22,2019-02-22T17:35:02+08:00,2019-02-22,2019-02-22,2019-02-25,MOPS_EXACT,official_timestamp_second_precision,CONSOLIDATED,201804_3045_AI1.pdf,TWSE_MOPS_T57SB01_OFFICIAL_DOCUMENT_UPLOAD,20224f28bcfdeb75249d77fea3e17de1edfdfb9b3a91a2b53307e8e8ac6f893c,b77022392cb8545991a949f3be5fc73319acea7dac8cebbcab8886fa37360055,EXACT_MATCH,MOPS_CONSOLIDATED_PREFERRED_OVER_INDIVIDUAL,736da5c0156c24531265e5ea39001045bae30e3907d72a3480b598548d99b957
3045,2019-03-31,2019,1,2019-05-08,2019-05-08T17:24:14+08:00,2019-05-08,2019-05-08,2019-05-09,MOPS_EXACT,official_timestamp_second_precision,CONSOLIDATED,201901_3045_AI1.pdf,TWSE_MOPS_T57SB01_OFFICIAL_DOCUMENT_UPLOAD,20224f28bcfdeb75249d77fea3e17de1edfdfb9b3a91a2b53307e8e8ac6f893c,15dc7798fe725502ebb93909d1d566b60f895e3c3505192d88f32d4047787ca8,EXACT_MATCH,MOPS_SINGLE_ELIGIBLE_FILING,95730b6d535ef7d3f4559cdac57207ae68a69be682c7462443d6b338d5cba2dc
3045,2019-06-30,2019,2,2019-07-25,2019-07-25T17:53:38+08:00,2019-07-25,2019-07-25,2019-07-26,MOPS_EXACT,official_timestamp_second_precision,CONSOLIDATED,201902_3045_AI1.pdf,TWSE_MOPS_T57SB01_OFFICIAL_DOCUMENT_UPLOAD,20224f28bcfdeb75249d77fea3e17de1edfdfb9b3a91a2b53307e8e8ac6f893c,c6123674e5105a2fa87e6648bfe768359680362886a8bc563620084a1cc28ed7,EXACT_MATCH,MOPS_SINGLE_ELIGIBLE_FILING,2ab14e14804771d5bdeb57af43e379ea4e705c3b742965b126425ffea4138a6b
3045,2019-09-30,2019,3,2019-11-08,2019-11-08T15:20:43+08:00,2019-11-08,2019-11-08,2019-11-11,MOPS_EXACT,official_timestamp_second_precision,CONSOLIDATED,201903_3045_AI1.pdf,TWSE_MOPS_T57SB01_OFFICIAL_DOCUMENT_UPLOAD,20224f28bcfdeb75249d77fea3e17de1edfdfb9b3a91a2b53307e8e8ac6f893c,64f924ba15baedacd1b4868edf7c8858a003c93bf8a0867e26332cd1def3060e,EXACT_MATCH,MOPS_SINGLE_ELIGIBLE_FILING,64eebb98d471c326c5eedf648a7b231eec35bfeddf77ed742bb90622037a018e
3045,2019-12-31,2019,4,2020-02-21,2020-02-21T20:18:08+08:00,2020-02-21,2020-02-21,2020-02-24,MOPS_EXACT,official_timestamp_second_precision,CONSOLIDATED,201904_3045_AI1.pdf,TWSE_MOPS_T57SB01_OFFICIAL_DOCUMENT_UPLOAD,20224f28bcfdeb75249d77fea3e17de1edfdfb9b3a91a2b53307e8e8ac6f893c,b4edc2d64ba5a8c17eb009e278bb43c88308889f2f94f6f5cfdb0c6e80497eec,EXACT_MATCH,MOPS_CONSOLIDATED_PREFERRED_OVER_INDIVIDUAL,3d33e9759c85183e31608053795163cb8225a783558dc0626cef2d44763cd768
3045,2020-03-31,2020,1,2020-05-05,2020-05-05T11:01:24+08:00,2020-05-05,2020-05-05,2020-05-06,MOPS_EXACT,official_timestamp_second_precision,CONSOLIDATED,202001_3045_AI1.pdf,TWSE_MOPS_T57SB01_OFFICIAL_DOCUMENT_UPLOAD,20224f28bcfdeb75249d77fea3e17de1edfdfb9b3a91a2b53307e8e8ac6f893c,9cc9cd595a02f616ebe24ad26dd18ad34fad57b299131bd860c35182dad80046,EXACT_MATCH,MOPS_SINGLE_ELIGIBLE_FILING,446cc4bcfb5ca8d5bcfe4e04b0a0adc8b7a1a2e9f14274cc0b08db7811ff8948
3045,2020-06-30,2020,2,2020-08-04,2020-08-04T18:18:21+08:00,2020-08-04,2020-08-04,2020-08-05,MOPS_EXACT,official_timestamp_second_precision,CONSOLIDATED,202002_3045_AI1.pdf,TWSE_MOPS_T57SB01_OFFICIAL_DOCUMENT_UPLOAD,20224f28bcfdeb75249d77fea3e17de1edfdfb9b3a91a2b53307e8e8ac6f893c,6b68c1fe5ffa384146331b9f925a3b87d1df91eeae4ef635a064fe0a848c13ab,EXACT_MATCH,MOPS_SINGLE_ELIGIBLE_FILING,654e4e301782e99689e6111810bb03b0be8a056914689ebffd1bea669bd9b2d7
3045,2020-09-30,2020,3,2020-11-06,2020-11-06T15:51:45+08:00,2020-11-06,2020-11-06,2020-11-09,MOPS_EXACT,official_timestamp_second_precision,CONSOLIDATED,202003_3045_AI1.pdf,TWSE_MOPS_T57SB01_OFFICIAL_DOCUMENT_UPLOAD,20224f28bcfdeb75249d77fea3e17de1edfdfb9b3a91a2b53307e8e8ac6f893c,7040dec9192e159026e4f0b620a756acb9944ebcb8722d68713e9040e41d0e2a,EXACT_MATCH,MOPS_SINGLE_ELIGIBLE_FILING,b172334d6a3e34f79055abfe8d9210fbbd67d02ddf87bfef8501a45b8eb9dc2e
3045,2020-12-31,2020,4,2021-02-25,2021-02-25T18:16:45+08:00,2021-02-25,2021-02-25,2021-02-26,MOPS_EXACT,official_timestamp_second_precision,CONSOLIDATED,202004_3045_AI1.pdf,TWSE_MOPS_T57SB01_OFFICIAL_DOCUMENT_UPLOAD,20224f28bcfdeb75249d77fea3e17de1edfdfb9b3a91a2b53307e8e8ac6f893c,d037cf8f63a91856f8a8db194472c4decca19aab0a78dc076892dcb9a6ae45b2,EXACT_MATCH,MOPS_CONSOLIDATED_PREFERRED_OVER_INDIVIDUAL,fa61f1abf7c9754074498ecf484c4efbe262349cb31b2edd52135ad84a692571
3045,2021-03-31,2021,1,2021-05-04,2021-05-04T18:38:21+08:00,2021-05-04,2021-05-04,2021-05-05,MOPS_EXACT,official_timestamp_second_precision,CONSOLIDATED,202101_3045_AI1.pdf,TWSE_MOPS_T57SB01_OFFICIAL_DOCUMENT_UPLOAD,20224f28bcfdeb75249d77fea3e17de1edfdfb9b3a91a2b53307e8e8ac6f893c,1c42780dff99ce544d35bd98175666b679a02f15704a66b64c7cc4c781c5888e,EXACT_MATCH,MOPS_SINGLE_ELIGIBLE_FILING,5dd1ef99aec776b7434c811b3e65e8f2716b124b2e0cf9f6645c037ccb5b91c2
3045,2021-06-30,2021,2,2021-08-05,2021-08-05T16:45:16+08:00,2021-08-05,2021-08-05,2021-08-06,MOPS_EXACT,official_timestamp_second_precision,CONSOLIDATED,202102_3045_AI1.pdf,TWSE_MOPS_T57SB01_OFFICIAL_DOCUMENT_UPLOAD,20224f28bcfdeb75249d77fea3e17de1edfdfb9b3a91a2b53307e8e8ac6f893c,eb3b0cef5802fa651121950c5be27a48ab182bfa6720859d60965d411765ec0b,EXACT_MATCH,MOPS_SINGLE_ELIGIBLE_FILING,8bf8d1de81aa913c3cf32d5e47809f0602ddc513dd50ad36482de0eec3b57076
3045,2021-09-30,2021,3,2021-11-04,2021-11-04T18:28:33+08:00,2021-11-04,2021-11-04,2021-11-05,MOPS_EXACT,official_timestamp_second_precision,CONSOLIDATED,202103_3045_AI1.pdf,TWSE_MOPS_T57SB01_OFFICIAL_DOCUMENT_UPLOAD,20224f28bcfdeb75249d77fea3e17de1edfdfb9b3a91a2b53307e8e8ac6f893c,6559ffb96227f10b7152e73aaff3a79f940443ae4e75e25bc4908cf0769486e9,EXACT_MATCH,MOPS_SINGLE_ELIGIBLE_FILING,61bb1b0e70377df890712d27d98736b1a4e61fb339b4a186eadd690e22f431da
3045,2021-12-31,2021,4,2022-02-22,2022-02-22T17:37:39+08:00,2022-02-22,2022-02-22,2022-02-23,MOPS_EXACT,official_timestamp_second_precision,CONSOLIDATED,202104_3045_AI1.pdf,TWSE_MOPS_T57SB01_OFFICIAL_DOCUMENT_UPLOAD,20224f28bcfdeb75249d77fea3e17de1edfdfb9b3a91a2b53307e8e8ac6f893c,8606994a2d7a6daf86f3c11dbd7902a59b3da5083d8c7668f6d6e9315083346c,EXACT_MATCH,MOPS_CONSOLIDATED_PREFERRED_OVER_INDIVIDUAL,62adbda74791aa866ced15e3361ad356e8534c0c00e9a0a443b54eda958ac76a
3045,2022-03-31,2022,1,2022-05-06,2022-05-06T18:14:21+08:00,2022-05-06,2022-05-06,2022-05-09,MOPS_EXACT,official_timestamp_second_precision,CONSOLIDATED,202201_3045_AI1.pdf,TWSE_MOPS_T57SB01_OFFICIAL_DOCUMENT_UPLOAD,20224f28bcfdeb75249d77fea3e17de1edfdfb9b3a91a2b53307e8e8ac6f893c,d392591d92edd1a474708221b4a2117c251ac40ddacbff620afee23dc4aef8d5,EXACT_MATCH,MOPS_SINGLE_ELIGIBLE_FILING,55d10051647980926e6ea0a453df55d4834687b2cf29e0a48866b37f951f5198
3045,2022-06-30,2022,2,2022-08-05,2022-08-05T16:59:46+08:00,2022-08-05,2022-08-05,2022-08-08,MOPS_EXACT,official_timestamp_second_precision,CONSOLIDATED,202202_3045_AI1.pdf,TWSE_MOPS_T57SB01_OFFICIAL_DOCUMENT_UPLOAD,20224f28bcfdeb75249d77fea3e17de1edfdfb9b3a91a2b53307e8e8ac6f893c,1c49ef42a4aa8a20f8de95cd57ee3b1e152e06d9c38a68822919313f3dd677b9,EXACT_MATCH,MOPS_SINGLE_ELIGIBLE_FILING,79ab4d3c8a1aac8f1ade6dfa2b20ddf6948ede2eee58ce47d8e8389588fe6e73
3045,2022-09-30,2022,3,2022-11-10,2022-11-10T18:22:13+08:00,2022-11-10,2022-11-10,2022-11-11,MOPS_EXACT,official_timestamp_second_precision,CONSOLIDATED,202203_3045_AI1.pdf,TWSE_MOPS_T57SB01_OFFICIAL_DOCUMENT_UPLOAD,20224f28bcfdeb75249d77fea3e17de1edfdfb9b3a91a2b53307e8e8ac6f893c,ee5560ce670df9de25562b862f47ed28bce61414d08677f26d4fc6446e6d9734,EXACT_MATCH,MOPS_SINGLE_ELIGIBLE_FILING,0297e83244ab8ed0c541cb934f13421e37f76c0add39e9e37ced54e62391cfce
3045,2022-12-31,2022,4,2023-02-24,2023-02-24T21:13:00+08:00,2023-02-24,2023-02-24,2023-03-01,MOPS_EXACT,official_timestamp_second_precision,CONSOLIDATED,202204_3045_AI1.pdf,TWSE_MOPS_T57SB01_OFFICIAL_DOCUMENT_UPLOAD,20224f28bcfdeb75249d77fea3e17de1edfdfb9b3a91a2b53307e8e8ac6f893c,bafbb3003e0b13cc04eb7c8e6d02c736224da0813b6cd1c321001fea3611ff7c,EXACT_MATCH,MOPS_CONSOLIDATED_PREFERRED_OVER_INDIVIDUAL,2c015462976d3955b3bb7a3ae358ae2d2f5ff0999e37ccd6425a9ced91716c40
3045,2023-03-31,2023,1,2023-05-08,2023-05-08T12:28:07+08:00,2023-05-08,2023-05-08,2023-05-09,MOPS_EXACT,official_timestamp_second_precision,CONSOLIDATED,202301_3045_AI1.pdf,TWSE_MOPS_T57SB01_OFFICIAL_DOCUMENT_UPLOAD,20224f28bcfdeb75249d77fea3e17de1edfdfb9b3a91a2b53307e8e8ac6f893c,eb24b1d2008da5e88c09e61b5f4e8144de08d5d9a962792d714d3e3598aab108,EXACT_MATCH,MOPS_SINGLE_ELIGIBLE_FILING,0643c679a16ee54d44360ea1ba51e0c656b61a23255d7d33e98ba48dfa307d35
3045,2023-06-30,2023,2,2023-08-04,2023-08-04T19:15:56+08:00,2023-08-04,2023-08-04,2023-08-07,MOPS_EXACT,official_timestamp_second_precision,CONSOLIDATED,202302_3045_AI1.pdf,TWSE_MOPS_T57SB01_OFFICIAL_DOCUMENT_UPLOAD,20224f28bcfdeb75249d77fea3e17de1edfdfb9b3a91a2b53307e8e8ac6f893c,650c66aef8d814a8c2741743f3c8838909da367fec8081f8d5d8bae09a64eb1c,EXACT_MATCH,MOPS_SINGLE_ELIGIBLE_FILING,e42b6749be83ef85833a8893f7a863d28276340719446e51d21ffcd720ab7373
3045,2023-09-30,2023,3,2023-11-14,2023-11-14T17:30:04+08:00,2023-11-14,2023-11-14,2023-11-15,MOPS_EXACT,official_timestamp_second_precision,CONSOLIDATED,202303_3045_AI1.pdf,TWSE_MOPS_T57SB01_OFFICIAL_DOCUMENT_UPLOAD,20224f28bcfdeb75249d77fea3e17de1edfdfb9b3a91a2b53307e8e8ac6f893c,3982235cc48a8ac89b94fe462bf0624c35691e893826bb43af1aa03ddf2bfc71,EXACT_MATCH,MOPS_SINGLE_ELIGIBLE_FILING,936cb8580fdb9cc4bea19456aea69463aa92ccff29467f634c30171ceff78a5e
3045,2023-12-31,2023,4,2024-02-27,2024-02-27T16:20:01+08:00,2024-02-27,2024-02-27,2024-02-29,MOPS_EXACT,official_timestamp_second_precision,CONSOLIDATED,202304_3045_AI1.pdf,TWSE_MOPS_T57SB01_OFFICIAL_DOCUMENT_UPLOAD,20224f28bcfdeb75249d77fea3e17de1edfdfb9b3a91a2b53307e8e8ac6f893c,aa413eaa0e2f553be32f3dae30715ecf32ac98bda2405140924b8fb4bdad86ea,EXACT_MATCH,MOPS_CONSOLIDATED_PREFERRED_OVER_INDIVIDUAL,92166b56d72effe8109f3b3cab077b974ae01b616652358d181aa67f4400b51d
3045,2024-03-31,2024,1,2024-05-14,2024-05-14T16:56:08+08:00,2024-05-14,2024-05-14,2024-05-15,MOPS_EXACT,official_timestamp_second_precision,CONSOLIDATED,202401_3045_AI1.pdf,TWSE_MOPS_T57SB01_OFFICIAL_DOCUMENT_UPLOAD,20224f28bcfdeb75249d77fea3e17de1edfdfb9b3a91a2b53307e8e8ac6f893c,87652779d94c2c129588be5f42e324f0342d1a0e2290ad374a9470091dfc3dd3,EXACT_MATCH,MOPS_SINGLE_ELIGIBLE_FILING,6313b74f9881ae04c3f5db35c8c6d11bc2d02ce77493fed3180b25fdf25b9aeb
3045,2024-06-30,2024,2,2024-08-09,2024-08-09T13:51:01+08:00,2024-08-09,2024-08-09,2024-08-12,MOPS_EXACT,official_timestamp_second_precision,CONSOLIDATED,202402_3045_AI1.pdf,TWSE_MOPS_T57SB01_OFFICIAL_DOCUMENT_UPLOAD,20224f28bcfdeb75249d77fea3e17de1edfdfb9b3a91a2b53307e8e8ac6f893c,d1fb669e4e19820ad3899e43d2ee75a97a5340f35611c2b435403a3496f33a6d,EXACT_MATCH,MOPS_SINGLE_ELIGIBLE_FILING,a09fa005ffd60c52b446b5484fc0cd7a8f9db884e8cbba21472c8b41fbf520c7
3045,2024-09-30,2024,3,2024-11-13,2024-11-13T16:04:44+08:00,2024-11-13,2024-11-13,2024-11-14,MOPS_EXACT,official_timestamp_second_precision,CONSOLIDATED,202403_3045_AI1.pdf,TWSE_MOPS_T57SB01_OFFICIAL_DOCUMENT_UPLOAD,20224f28bcfdeb75249d77fea3e17de1edfdfb9b3a91a2b53307e8e8ac6f893c,c7280813ce856e51eb72e128b2156678f12533f22492cb8616dfb27c9273c7a8,EXACT_MATCH,MOPS_SINGLE_ELIGIBLE_FILING,c87ca484c1a19e3d9d974c4c829cc856cf3f5d5ef2d07248f0816f380c5f78b6
3045,2024-12-31,2024,4,2025-02-27,2025-02-27T19:41:08+08:00,2025-02-27,2025-02-27,2025-03-03,MOPS_EXACT,official_timestamp_second_precision,CONSOLIDATED,202404_3045_AI1.pdf,TWSE_MOPS_T57SB01_OFFICIAL_DOCUMENT_UPLOAD,20224f28bcfdeb75249d77fea3e17de1edfdfb9b3a91a2b53307e8e8ac6f893c,608a63d7f2d7c311e4a82f699c44780b7e59e18078b2e7b83a40ffda79d56c0b,EXACT_MATCH,MOPS_CONSOLIDATED_PREFERRED_OVER_INDIVIDUAL,683501eeac5fa97cabc1ef9a744e8392cef69dccec4314ada9a7f7c1b389dd85
3045,2025-03-31,2025,1,2025-05-13,2025-05-13T16:51:49+08:00,2025-05-13,2025-05-13,2025-05-14,MOPS_EXACT,official_timestamp_second_precision,CONSOLIDATED,202501_3045_AI1.pdf,TWSE_MOPS_T57SB01_OFFICIAL_DOCUMENT_UPLOAD,20224f28bcfdeb75249d77fea3e17de1edfdfb9b3a91a2b53307e8e8ac6f893c,f15d9cace6c4ff5b88d490299ec3822d1cfa248107ebd2de9ce8c53e6a3706e3,EXACT_MATCH,MOPS_SINGLE_ELIGIBLE_FILING,764e8e7405e800e2ee0d74774ab9c86f801d1b9f3a2ac202a1c2b080766e6942
3045,2025-06-30,2025,2,2025-08-07,2025-08-07T21:40:22+08:00,2025-08-07,2025-08-07,2025-08-08,MOPS_EXACT,official_timestamp_second_precision,CONSOLIDATED,202502_3045_AI1.pdf,TWSE_MOPS_T57SB01_OFFICIAL_DOCUMENT_UPLOAD,20224f28bcfdeb75249d77fea3e17de1edfdfb9b3a91a2b53307e8e8ac6f893c,44b1d651f709eda5aa6e67c630a3686f8597d2a0c533239f6fc908ac21caf96f,EXACT_MATCH,MOPS_SINGLE_ELIGIBLE_FILING,2ca117df7756b342a091f47130d16e087703409c5388a3fa6a2713dcf30dad13
3045,2025-09-30,2025,3,2025-11-12,2025-11-12T17:40:46+08:00,2025-11-12,2025-11-12,2025-11-13,MOPS_EXACT,official_timestamp_second_precision,CONSOLIDATED,202503_3045_AI1.pdf,TWSE_MOPS_T57SB01_OFFICIAL_DOCUMENT_UPLOAD,20224f28bcfdeb75249d77fea3e17de1edfdfb9b3a91a2b53307e8e8ac6f893c,1fc28b70d32bebd9abd7106fa03fe764479bfbbd93d80bbe505fbd9e6f9234af,EXACT_MATCH,MOPS_SINGLE_ELIGIBLE_FILING,a7d7acc0017b55b299b5b8ee4a31015388ce10f3e457c12fa02e9b27b1fda1e5
3045,2025-12-31,2025,4,2026-03-16,2026-03-16T13:34:39+08:00,2026-03-16,2026-03-16,2026-03-17,MOPS_EXACT,official_timestamp_second_precision,CONSOLIDATED,202504_3045_AI1.pdf,TWSE_MOPS_T57SB01_OFFICIAL_DOCUMENT_UPLOAD,20224f28bcfdeb75249d77fea3e17de1edfdfb9b3a91a2b53307e8e8ac6f893c,8c8012681188194b9023df2ecdf12d2e04e952e9ffbb9769d7a05aa571e74faa,EXACT_MATCH,MOPS_CONSOLIDATED_PREFERRED_OVER_INDIVIDUAL,beb6bd4141802c4560290d93220bda56872f13249899e8967c1993b304d31bd2
3045,2026-03-31,2026,1,2026-05-13,2026-05-13T16:29:32+08:00,2026-05-13,2026-05-13,2026-05-14,MOPS_EXACT,official_timestamp_second_precision,CONSOLIDATED,202601_3045_AI1.pdf,TWSE_MOPS_T57SB01_OFFICIAL_DOCUMENT_UPLOAD,20224f28bcfdeb75249d77fea3e17de1edfdfb9b3a91a2b53307e8e8ac6f893c,0dd8b9392db95babc65818566ff4720565cc8f77c01831a263f7a8e0125ce9ef,EXACT_MATCH,MOPS_SINGLE_ELIGIBLE_FILING,3fd42ec46fcd2e79a4e5189efa3de6f7eb7f63852a10ee0cbbc8836089d95b8f
3045,2026-06-30,2026,2,2026-08-05,2026-08-05T17:15:59+08:00,2026-08-05,2026-08-05,2026-08-06,MOPS_EXACT,official_timestamp_second_precision,CONSOLIDATED,202602_3045_AI1.pdf,TWSE_MOPS_T57SB01_OFFICIAL_DOCUMENT_UPLOAD,20224f28bcfdeb75249d77fea3e17de1edfdfb9b3a91a2b53307e8e8ac6f893c,6c9cc84c020128d385661d047e0ae07736f6a9d7b69681d3494e8779c1b9f843,EXACT_MATCH,MOPS_SINGLE_ELIGIBLE_FILING,228879a25e20a48131ff54bce9643d899bbf005a64e082218d906f07a83b39bb
3231,2016-03-31,2016,1,2016-05-16,2016-05-16T10:13:47+08:00,2016-05-16,2016-05-16,2016-05-17,MOPS_EXACT,official_timestamp_second_precision,CONSOLIDATED,201601_3231_AI1.pdf,TWSE_MOPS_T57SB01_OFFICIAL_DOCUMENT_UPLOAD,d8bf0276a4e74c163247ee006aa6afefaa2a97970480379c75cf9ee2100e2bc7,20ec86229048257aa115477888da1e7a4da6dd8f9ca1b9a47320dd0432d166ef,EXACT_MATCH,MOPS_SINGLE_ELIGIBLE_FILING,14e69e163fa15955b82ed9a4f81736ff6b52c74e5d5a9140575c94fc35793dbb
3231,2016-06-30,2016,2,2016-08-15,2016-08-15T11:17:48+08:00,2016-08-15,2016-08-15,2016-08-16,MOPS_EXACT,official_timestamp_second_precision,CONSOLIDATED,201602_3231_AI1.pdf,TWSE_MOPS_T57SB01_OFFICIAL_DOCUMENT_UPLOAD,d8bf0276a4e74c163247ee006aa6afefaa2a97970480379c75cf9ee2100e2bc7,9017f106b6a03260e06ac45f6fd417e6794d9c6d2d3139a03329cb5fcab6967c,EXACT_MATCH,MOPS_SINGLE_ELIGIBLE_FILING,0f1ddd6ca5b21338f6005d301431ef07284105ec27eafff6200f95773142009a
3231,2016-09-30,2016,3,2016-11-14,2016-11-14T09:31:44+08:00,2016-11-14,2016-11-14,2016-11-15,MOPS_EXACT,official_timestamp_second_precision,CONSOLIDATED,201603_3231_AI1.pdf,TWSE_MOPS_T57SB01_OFFICIAL_DOCUMENT_UPLOAD,d8bf0276a4e74c163247ee006aa6afefaa2a97970480379c75cf9ee2100e2bc7,e3da6c26808e5ec5f0131f61a608bf36af3bc66c2b2d51e19520dd322174f8e3,EXACT_MATCH,MOPS_SINGLE_ELIGIBLE_FILING,7ff8e2f8e416de1fc021599c5e02e9c6ec3383b913be2033c9f7303ede86c92e
3231,2016-12-31,2016,4,2017-03-28,2017-03-28T18:25:27+08:00,2017-03-28,2017-03-28,2017-03-29,MOPS_EXACT,official_timestamp_second_precision,CONSOLIDATED,201604_3231_AI1.pdf,TWSE_MOPS_T57SB01_OFFICIAL_DOCUMENT_UPLOAD,d8bf0276a4e74c163247ee006aa6afefaa2a97970480379c75cf9ee2100e2bc7,0bff3e15116932d642566f49ae48cc830fa12656e60c081ce1bcbef75b63bc1b,EXACT_MATCH,MOPS_CONSOLIDATED_PREFERRED_OVER_INDIVIDUAL,6b58489d53f5085512274c75f33d71a2b48590d4db13227ba7d92a66434664d5
3231,2017-03-31,2017,1,2017-05-12,2017-05-12T08:40:50+08:00,2017-05-12,2017-05-12,2017-05-15,MOPS_EXACT,official_timestamp_second_precision,CONSOLIDATED,201701_3231_AI1.pdf,TWSE_MOPS_T57SB01_OFFICIAL_DOCUMENT_UPLOAD,d8bf0276a4e74c163247ee006aa6afefaa2a97970480379c75cf9ee2100e2bc7,c169711e785d8e33e41a0ad9b3c778d63b2a34538586918e3f605e275283a25f,EXACT_MATCH,MOPS_SINGLE_ELIGIBLE_FILING,0eeb350bf818ad68b911ae1d3802129787beed0ef978593a54e0f9f9ef0e86cb
3231,2017-06-30,2017,2,2017-08-14,2017-08-14T10:15:45+08:00,2017-08-14,2017-08-14,2017-08-15,MOPS_EXACT,official_timestamp_second_precision,CONSOLIDATED,201702_3231_AI1.pdf,TWSE_MOPS_T57SB01_OFFICIAL_DOCUMENT_UPLOAD,d8bf0276a4e74c163247ee006aa6afefaa2a97970480379c75cf9ee2100e2bc7,2a7dcfddcb9ffee9e1c539008b1aa646eb221d4f69d087c93a1345bef424cb53,EXACT_MATCH,MOPS_SINGLE_ELIGIBLE_FILING,d85d4546a0226d057a432a6dab317483b83ee85b8fb039768859edc285d7c6a9
3231,2017-09-30,2017,3,2017-11-13,2017-11-13T14:54:12+08:00,2017-11-13,2017-11-13,2017-11-14,MOPS_EXACT,official_timestamp_second_precision,CONSOLIDATED,201703_3231_AI1.pdf,TWSE_MOPS_T57SB01_OFFICIAL_DOCUMENT_UPLOAD,d8bf0276a4e74c163247ee006aa6afefaa2a97970480379c75cf9ee2100e2bc7,bbe93e9eca807a11f5bfb26151fc915ce694bbd4dcf55afcf386c32b64ccecd0,EXACT_MATCH,MOPS_SINGLE_ELIGIBLE_FILING,41b22c6b547bd7b0013eacd0a02c526763438d3e4eeb06cb07b17900510a358c
3231,2017-12-31,2017,4,2018-03-14,2018-03-14T16:33:23+08:00,2018-03-14,2018-03-14,2018-03-15,MOPS_EXACT,official_timestamp_second_precision,CONSOLIDATED,201704_3231_AI1.pdf,TWSE_MOPS_T57SB01_OFFICIAL_DOCUMENT_UPLOAD,d8bf0276a4e74c163247ee006aa6afefaa2a97970480379c75cf9ee2100e2bc7,08641ccf9df87877f43accebbd0d84ac35634c3daaf58a44c743c45e372a1be3,EXACT_MATCH,MOPS_CONSOLIDATED_PREFERRED_OVER_INDIVIDUAL,a30d071230bffd70f6a7747090c4be96e439b60b80d58b948f1737cf312c5ecd
3231,2018-03-31,2018,1,2018-05-15,2018-05-15T10:26:42+08:00,2018-05-15,2018-05-15,2018-05-16,MOPS_EXACT,official_timestamp_second_precision,CONSOLIDATED,201801_3231_AI1.pdf,TWSE_MOPS_T57SB01_OFFICIAL_DOCUMENT_UPLOAD,d8bf0276a4e74c163247ee006aa6afefaa2a97970480379c75cf9ee2100e2bc7,54e4596f1b1eb4d0c4a42adddc89c9176e7517f072e1a2b00f436412b0f5354e,EXACT_MATCH,MOPS_SINGLE_ELIGIBLE_FILING,8bc8312cda1c09152059e204eb29f2554cf68900bb1ad0befea42dfefb40d996
3231,2018-06-30,2018,2,2018-08-13,2018-08-13T16:50:27+08:00,2018-08-13,2018-08-13,2018-08-14,MOPS_EXACT,official_timestamp_second_precision,CONSOLIDATED,201802_3231_AI1.pdf,TWSE_MOPS_T57SB01_OFFICIAL_DOCUMENT_UPLOAD,d8bf0276a4e74c163247ee006aa6afefaa2a97970480379c75cf9ee2100e2bc7,8b739607c1d8745eb5a9651a204e91d966b39444e293d04587d133316a8dc957,EXACT_MATCH,MOPS_SINGLE_ELIGIBLE_FILING,22fafb0a5d402614fec24828366e8501006a48ae2cc46d077c05db1f7e329d2b
3231,2018-09-30,2018,3,2018-11-13,2018-11-13T13:49:32+08:00,2018-11-13,2018-11-13,2018-11-14,MOPS_EXACT,official_timestamp_second_precision,CONSOLIDATED,201803_3231_AI1.pdf,TWSE_MOPS_T57SB01_OFFICIAL_DOCUMENT_UPLOAD,d8bf0276a4e74c163247ee006aa6afefaa2a97970480379c75cf9ee2100e2bc7,34a5ea6fd40f132b1f2a3e052bad9422704a39fa5b5c4cdf6527f353275c91b1,EXACT_MATCH,MOPS_SINGLE_ELIGIBLE_FILING,eb13190aaea638ef4fe0ecb9ba6c90442a61a0975c26ef1e9697d681027e9da9
3231,2018-12-31,2018,4,2019-03-28,2019-03-28T16:08:55+08:00,2019-03-28,2019-03-28,2019-03-29,MOPS_EXACT,official_timestamp_second_precision,CONSOLIDATED,201804_3231_AI1.pdf,TWSE_MOPS_T57SB01_OFFICIAL_DOCUMENT_UPLOAD,d8bf0276a4e74c163247ee006aa6afefaa2a97970480379c75cf9ee2100e2bc7,1c6218c28d4c203e30de3c37ef1d91e169922b5e00d8e9a5e5b00129432f4e7e,EXACT_MATCH,MOPS_CONSOLIDATED_PREFERRED_OVER_INDIVIDUAL,9e83bc6232c652f9d79f973b59237410666b677564cd663dea8e6dc3788c0161
3231,2019-03-31,2019,1,2019-05-14,2019-05-14T14:23:41+08:00,2019-05-14,2019-05-14,2019-05-15,MOPS_EXACT,official_timestamp_second_precision,CONSOLIDATED,201901_3231_AI1.pdf,TWSE_MOPS_T57SB01_OFFICIAL_DOCUMENT_UPLOAD,d8bf0276a4e74c163247ee006aa6afefaa2a97970480379c75cf9ee2100e2bc7,2b4c887b5c7d972f632f9a475f613cd27d3847419b798b0dd4322b9804c85584,EXACT_MATCH,MOPS_SINGLE_ELIGIBLE_FILING,56d3a4672bf380b26e392a136d9cab1598ac2b4b693bb5c9d9bc16a970a4cdfd
3231,2019-06-30,2019,2,2019-08-13,2019-08-13T10:10:08+08:00,2019-08-13,2019-08-13,2019-08-14,MOPS_EXACT,official_timestamp_second_precision,CONSOLIDATED,201902_3231_AI1.pdf,TWSE_MOPS_T57SB01_OFFICIAL_DOCUMENT_UPLOAD,d8bf0276a4e74c163247ee006aa6afefaa2a97970480379c75cf9ee2100e2bc7,7f245e2f9d5c5c0e1520ac51b7ae03aad029baaaab11f6bbcc2258261dd883bc,EXACT_MATCH,MOPS_SINGLE_ELIGIBLE_FILING,85467b1555b9af87d50e570670b0682445090ffcfbfd68bd3258044c612553c4
3231,2019-09-30,2019,3,2019-11-13,2019-11-13T15:31:36+08:00,2019-11-13,2019-11-13,2019-11-14,MOPS_EXACT,official_timestamp_second_precision,CONSOLIDATED,201903_3231_AI1.pdf,TWSE_MOPS_T57SB01_OFFICIAL_DOCUMENT_UPLOAD,d8bf0276a4e74c163247ee006aa6afefaa2a97970480379c75cf9ee2100e2bc7,dc4e0d78af479b2e99a025d2de9c25d85720f9b41d5414dbdb48467da15dc848,EXACT_MATCH,MOPS_SINGLE_ELIGIBLE_FILING,564afae80484eca1ed07fa0a7c8fa0e4e757e89e8aee87f7233887c2241695fe
3231,2019-12-31,2019,4,2020-03-25,2020-03-25T14:57:48+08:00,2020-03-25,2020-03-25,2020-03-26,MOPS_EXACT,official_timestamp_second_precision,CONSOLIDATED,201904_3231_AI1.pdf,TWSE_MOPS_T57SB01_OFFICIAL_DOCUMENT_UPLOAD,d8bf0276a4e74c163247ee006aa6afefaa2a97970480379c75cf9ee2100e2bc7,39b37d3b2bc4efc3588ab21e89b219d8faf05edfee1d3f32b50fe1eb7e52a1ec,EXACT_MATCH,MOPS_CONSOLIDATED_PREFERRED_OVER_INDIVIDUAL,a140035ee3170d5cbb254e118106dde412dae8c3e4915b5a87723dac192a9ef2
3231,2020-03-31,2020,1,2020-05-14,2020-05-14T16:20:32+08:00,2020-05-14,2020-05-14,2020-05-15,MOPS_EXACT,official_timestamp_second_precision,CONSOLIDATED,202001_3231_AI1.pdf,TWSE_MOPS_T57SB01_OFFICIAL_DOCUMENT_UPLOAD,d8bf0276a4e74c163247ee006aa6afefaa2a97970480379c75cf9ee2100e2bc7,bb07c21c9e7bbcd465e725bdec66a88db1697d6f26596f982a362a2987ae6f10,EXACT_MATCH,MOPS_SINGLE_ELIGIBLE_FILING,713ec185492dbbccca88b1cac28f3a9c9c7f2c3602e330602cb78683a7910a50
3231,2020-06-30,2020,2,2020-08-13,2020-08-13T16:09:24+08:00,2020-08-13,2020-08-13,2020-08-14,MOPS_EXACT,official_timestamp_second_precision,CONSOLIDATED,202002_3231_AI1.pdf,TWSE_MOPS_T57SB01_OFFICIAL_DOCUMENT_UPLOAD,d8bf0276a4e74c163247ee006aa6afefaa2a97970480379c75cf9ee2100e2bc7,88b6682f5ce4faa0ac4509ed008ce114ee6594519fcef23e3fb541090c09fb1d,EXACT_MATCH,MOPS_SINGLE_ELIGIBLE_FILING,9abe87c476569f821c5c0696027f378f0ff0ddd34a1f960571a501c34af6a38c
3231,2020-09-30,2020,3,2020-11-13,2020-11-13T10:53:29+08:00,2020-11-13,2020-11-13,2020-11-16,MOPS_EXACT,official_timestamp_second_precision,CONSOLIDATED,202003_3231_AI1.pdf,TWSE_MOPS_T57SB01_OFFICIAL_DOCUMENT_UPLOAD,d8bf0276a4e74c163247ee006aa6afefaa2a97970480379c75cf9ee2100e2bc7,85af21f977926d0e180074bbe2ffda80d51e3465717ffbbd689efc9e76a583d0,EXACT_MATCH,MOPS_SINGLE_ELIGIBLE_FILING,b5e090a958668b46a24521badb905dab77ad7f5fccc2b5eec8dadea3e3ac6a26
3231,2020-12-31,2020,4,2021-03-25,2021-03-25T14:55:20+08:00,2021-03-25,2021-03-25,2021-03-26,MOPS_EXACT,official_timestamp_second_precision,CONSOLIDATED,202004_3231_AI1.pdf,TWSE_MOPS_T57SB01_OFFICIAL_DOCUMENT_UPLOAD,d8bf0276a4e74c163247ee006aa6afefaa2a97970480379c75cf9ee2100e2bc7,e5df593f1ccb780cc57edaf2a5f4fd5b239b6a7585793a99bf671c945d7438e7,EXACT_MATCH,MOPS_CONSOLIDATED_PREFERRED_OVER_INDIVIDUAL,5d83cb999647bad6082018373434f263451242ac5b47ee498888e2b54c1cef08
3231,2021-03-31,2021,1,2021-05-11,2021-05-11T11:21:48+08:00,2021-05-11,2021-05-11,2021-05-12,MOPS_EXACT,official_timestamp_second_precision,CONSOLIDATED,202101_3231_AI1.pdf,TWSE_MOPS_T57SB01_OFFICIAL_DOCUMENT_UPLOAD,d8bf0276a4e74c163247ee006aa6afefaa2a97970480379c75cf9ee2100e2bc7,a5abb29d7b66e292c7269b187a63abb13b20c6af488ea2d642ae341b0ac17f2b,EXACT_MATCH,MOPS_SINGLE_ELIGIBLE_FILING,d8bc9dd588256b4d37d712511f820f4cbb0f4fb15bf1705cce2a68daa8e9227f
3231,2021-06-30,2021,2,2021-08-09,2021-08-09T14:03:19+08:00,2021-08-09,2021-08-09,2021-08-10,MOPS_EXACT,official_timestamp_second_precision,CONSOLIDATED,202102_3231_AI1.pdf,TWSE_MOPS_T57SB01_OFFICIAL_DOCUMENT_UPLOAD,d8bf0276a4e74c163247ee006aa6afefaa2a97970480379c75cf9ee2100e2bc7,417b168e5a0da02b249dacd6c8010c8a3c69e00ad79f940cf50a2c6c2a7b3640,EXACT_MATCH,MOPS_SINGLE_ELIGIBLE_FILING,cf279492223b93cf0858c92f90c23ffaadeaabede4c6b4b3df47ae74322537cd
3231,2021-09-30,2021,3,2021-11-09,2021-11-09T11:49:38+08:00,2021-11-09,2021-11-09,2021-11-10,MOPS_EXACT,official_timestamp_second_precision,CONSOLIDATED,202103_3231_AI1.pdf,TWSE_MOPS_T57SB01_OFFICIAL_DOCUMENT_UPLOAD,d8bf0276a4e74c163247ee006aa6afefaa2a97970480379c75cf9ee2100e2bc7,8cb17bb1828402c520953b02ddb888589bffaed75bbc6172275cfc5f69777d96,EXACT_MATCH,MOPS_SINGLE_ELIGIBLE_FILING,354a89b96fb61317b28286592cb4518a207d17845db6b825779ab14978d95e3f
3231,2021-12-31,2021,4,2022-03-18,2022-03-18T14:59:34+08:00,2022-03-18,2022-03-18,2022-03-21,MOPS_EXACT,official_timestamp_second_precision,CONSOLIDATED,202104_3231_AI1.pdf,TWSE_MOPS_T57SB01_OFFICIAL_DOCUMENT_UPLOAD,d8bf0276a4e74c163247ee006aa6afefaa2a97970480379c75cf9ee2100e2bc7,a7e6ec47766122e5df42207486e218012cc26465ef1f81460ed10b7203f34bf0,EXACT_MATCH,MOPS_CONSOLIDATED_PREFERRED_OVER_INDIVIDUAL,009a42624609f1299b9516459f48a22242d3fe5d26ad811b8273bbbb7f1a728c
3231,2022-03-31,2022,1,2022-05-11,2022-05-11T09:09:36+08:00,2022-05-11,2022-05-11,2022-05-12,MOPS_EXACT,official_timestamp_second_precision,CONSOLIDATED,202201_3231_AI1.pdf,TWSE_MOPS_T57SB01_OFFICIAL_DOCUMENT_UPLOAD,d8bf0276a4e74c163247ee006aa6afefaa2a97970480379c75cf9ee2100e2bc7,6aa77c9b865bf5cbddda975d0ca5a00529c8631bc56b537af07f233e9a377c94,EXACT_MATCH,MOPS_SINGLE_ELIGIBLE_FILING,8b769026b0522bd85b5a1d393c3275d45a120fbcf8020abdb7f71ee7dd100469
3231,2022-06-30,2022,2,2022-08-10,2022-08-10T14:24:30+08:00,2022-08-10,2022-08-10,2022-08-11,MOPS_EXACT,official_timestamp_second_precision,CONSOLIDATED,202202_3231_AI1.pdf,TWSE_MOPS_T57SB01_OFFICIAL_DOCUMENT_UPLOAD,d8bf0276a4e74c163247ee006aa6afefaa2a97970480379c75cf9ee2100e2bc7,dee75ebbf55a0378602ddc0a75a9e368d61cedcaa4dc9b9ee02b3ace74bd90c0,EXACT_MATCH,MOPS_SINGLE_ELIGIBLE_FILING,05a0cd5ffe763ee5022b42e32739bbd6a98811670ba6799213ad75f726193599
3231,2022-09-30,2022,3,2022-11-10,2022-11-10T11:07:48+08:00,2022-11-10,2022-11-10,2022-11-11,MOPS_EXACT,official_timestamp_second_precision,CONSOLIDATED,202203_3231_AI1.pdf,TWSE_MOPS_T57SB01_OFFICIAL_DOCUMENT_UPLOAD,d8bf0276a4e74c163247ee006aa6afefaa2a97970480379c75cf9ee2100e2bc7,1683255c31e844a382858ecf6dcecf9237551cbb027b53489274c30ae70c6c7e,EXACT_MATCH,MOPS_SINGLE_ELIGIBLE_FILING,efc31951b0868d384f0f0331e7c3ab9c008fff38d8ede0eb7eaf1d720e3d84ea
3231,2022-12-31,2022,4,2023-03-15,2023-03-15T13:21:02+08:00,2023-03-15,2023-03-15,2023-03-16,MOPS_EXACT,official_timestamp_second_precision,CONSOLIDATED,202204_3231_AI1.pdf,TWSE_MOPS_T57SB01_OFFICIAL_DOCUMENT_UPLOAD,d8bf0276a4e74c163247ee006aa6afefaa2a97970480379c75cf9ee2100e2bc7,ed5fc737a91bf38ea52dadcd4aa6a51f8a4012c1d26597bde70cf7ecf3eb7e44,EXACT_MATCH,MOPS_CONSOLIDATED_PREFERRED_OVER_INDIVIDUAL,230f4c73b5525f6a36ee558999bd56f5bc2c63c6d192f47aac2a20a7b766d0ac
3231,2023-03-31,2023,1,2023-05-12,2023-05-12T12:03:38+08:00,2023-05-12,2023-05-12,2023-05-15,MOPS_EXACT,official_timestamp_second_precision,CONSOLIDATED,202301_3231_AI1.pdf,TWSE_MOPS_T57SB01_OFFICIAL_DOCUMENT_UPLOAD,d8bf0276a4e74c163247ee006aa6afefaa2a97970480379c75cf9ee2100e2bc7,fcca95b9bb79ff06e5a9128f3c06c4077adbc9ed782a7eca4fc86cc5e6c7a5c4,EXACT_MATCH,MOPS_SINGLE_ELIGIBLE_FILING,54130479bf2c6bfa25bcdba093e803d177603e39953a2fea2bbde4ead3696556
3231,2023-06-30,2023,2,2023-08-09,2023-08-09T15:15:17+08:00,2023-08-09,2023-08-09,2023-08-10,MOPS_EXACT,official_timestamp_second_precision,CONSOLIDATED,202302_3231_AI1.pdf,TWSE_MOPS_T57SB01_OFFICIAL_DOCUMENT_UPLOAD,d8bf0276a4e74c163247ee006aa6afefaa2a97970480379c75cf9ee2100e2bc7,cede6fcd02b5bacfa7ac6a4fb85f863801c6d83d29bbac4010ad02d214eb9471,EXACT_MATCH,MOPS_SINGLE_ELIGIBLE_FILING,3efe881c7435123218f31d6141ec233d6334531dadf59c8832d4592295a952fc
3231,2023-09-30,2023,3,2023-11-10,2023-11-10T16:26:21+08:00,2023-11-10,2023-11-10,2023-11-13,MOPS_EXACT,official_timestamp_second_precision,CONSOLIDATED,202303_3231_AI1.pdf,TWSE_MOPS_T57SB01_OFFICIAL_DOCUMENT_UPLOAD,d8bf0276a4e74c163247ee006aa6afefaa2a97970480379c75cf9ee2100e2bc7,35b689f765a84fc5b1cbbb3da0e660c266b1029f1ea4d3345004dbd90ffd67d6,EXACT_MATCH,MOPS_SINGLE_ELIGIBLE_FILING,79d40402dec219ac27e366eda0a56d1059fb8258e9f384ec91befcf22f0bd823
3231,2023-12-31,2023,4,2024-03-12,2024-03-12T17:42:49+08:00,2024-03-12,2024-03-12,2024-03-13,MOPS_EXACT,official_timestamp_second_precision,CONSOLIDATED,202304_3231_AI1.pdf,TWSE_MOPS_T57SB01_OFFICIAL_DOCUMENT_UPLOAD,d8bf0276a4e74c163247ee006aa6afefaa2a97970480379c75cf9ee2100e2bc7,a37e71134499d965695e96aae7413946f30ac008a9c4ed1eb03481f7dfd599af,EXACT_MATCH,MOPS_CONSOLIDATED_PREFERRED_OVER_INDIVIDUAL,dd3cb67b3d41bac3c25b86629809b1969b399794e50b6e68f66077ffb732630b
3231,2024-03-31,2024,1,2024-05-14,2024-05-14T14:05:51+08:00,2024-05-14,2024-05-14,2024-05-15,MOPS_EXACT,official_timestamp_second_precision,CONSOLIDATED,202401_3231_AI1.pdf,TWSE_MOPS_T57SB01_OFFICIAL_DOCUMENT_UPLOAD,d8bf0276a4e74c163247ee006aa6afefaa2a97970480379c75cf9ee2100e2bc7,7c8f81a75a1fb25ae39c62f7721480420782d2d6c39a297f6d1ba96642f373c3,EXACT_MATCH,MOPS_SINGLE_ELIGIBLE_FILING,e64bd1f3307e12cafac3d6c43fef031d6a11b319a5deb8530de3b01388f6fe26
3231,2024-06-30,2024,2,2024-08-13,2024-08-13T14:11:02+08:00,2024-08-13,2024-08-13,2024-08-14,MOPS_EXACT,official_timestamp_second_precision,CONSOLIDATED,202402_3231_AI1.pdf,TWSE_MOPS_T57SB01_OFFICIAL_DOCUMENT_UPLOAD,d8bf0276a4e74c163247ee006aa6afefaa2a97970480379c75cf9ee2100e2bc7,258178d8d68d4067c68c937ac5b99cfa044fa1c128b850304867828eddb79442,EXACT_MATCH,MOPS_SINGLE_ELIGIBLE_FILING,e713f2e67ef250fecdbc34e96640e80830aa90ad5a5032c58ad16ef2a64191a5
3231,2024-09-30,2024,3,2024-11-13,2024-11-13T17:15:40+08:00,2024-11-13,2024-11-13,2024-11-14,MOPS_EXACT,official_timestamp_second_precision,CONSOLIDATED,202403_3231_AI1.pdf,TWSE_MOPS_T57SB01_OFFICIAL_DOCUMENT_UPLOAD,d8bf0276a4e74c163247ee006aa6afefaa2a97970480379c75cf9ee2100e2bc7,8a0d7bc30e76a4eae229b54d1e6283be2d88eaed709b0f1b031d2782a73f6cde,EXACT_MATCH,MOPS_SINGLE_ELIGIBLE_FILING,351353c121ac058f795f50d01083fe2283d143b4f11939a31054c7a6cf9574f2
3231,2024-12-31,2024,4,2025-03-07,2025-03-07T16:04:51+08:00,2025-03-07,2025-03-07,2025-03-10,MOPS_EXACT,official_timestamp_second_precision,CONSOLIDATED,202404_3231_AI1.pdf,TWSE_MOPS_T57SB01_OFFICIAL_DOCUMENT_UPLOAD,d8bf0276a4e74c163247ee006aa6afefaa2a97970480379c75cf9ee2100e2bc7,b1e24281fe08f596540b0f88b5136dcb7b740c7d3f0ee035b15b48556f8d9354,EXACT_MATCH,MOPS_CONSOLIDATED_PREFERRED_OVER_INDIVIDUAL,2da75d5ca9eb61eb3636b4e938de286864a73f89eef910686120c04de3306a5a
3231,2025-03-31,2025,1,2025-05-09,2025-05-09T13:45:50+08:00,2025-05-09,2025-05-09,2025-05-12,MOPS_EXACT,official_timestamp_second_precision,CONSOLIDATED,202501_3231_AI1.pdf,TWSE_MOPS_T57SB01_OFFICIAL_DOCUMENT_UPLOAD,d8bf0276a4e74c163247ee006aa6afefaa2a97970480379c75cf9ee2100e2bc7,5f34c4ac6bf9d8907edc54770694f6e562239e81b2bc22da01567bb529e2d47d,EXACT_MATCH,MOPS_SINGLE_ELIGIBLE_FILING,05c0d9af6980aded76ebc08fcfdd4e7a3d9aa5a85c374c7e26ff35cacfe40480
3231,2025-06-30,2025,2,2025-08-13,2025-08-13T16:22:27+08:00,2025-08-13,2025-08-13,2025-08-14,MOPS_EXACT,official_timestamp_second_precision,CONSOLIDATED,202502_3231_AI1.pdf,TWSE_MOPS_T57SB01_OFFICIAL_DOCUMENT_UPLOAD,d8bf0276a4e74c163247ee006aa6afefaa2a97970480379c75cf9ee2100e2bc7,e16d789d306d0a664af4edfdd8e360a0f0d60ffec34f2fc955ef880c8cf98699,EXACT_MATCH,MOPS_SINGLE_ELIGIBLE_FILING,ad587c4619425f1cb53174f42af076786139662485aff0612b51d4e08a58f969
3231,2025-09-30,2025,3,2025-11-13,2025-11-13T10:28:43+08:00,2025-11-13,2025-11-13,2025-11-14,MOPS_EXACT,official_timestamp_second_precision,CONSOLIDATED,202503_3231_AI1.pdf,TWSE_MOPS_T57SB01_OFFICIAL_DOCUMENT_UPLOAD,d8bf0276a4e74c163247ee006aa6afefaa2a97970480379c75cf9ee2100e2bc7,6ca1be83924cface99b909f3048aaa39543848110d2092575612242800debd65,EXACT_MATCH,MOPS_SINGLE_ELIGIBLE_FILING,e685c16592098e8bb24aadbbf57b35e00aeea21e793210b7f97502424dbc706d
3231,2025-12-31,2025,4,2026-03-13,2026-03-13T16:07:35+08:00,2026-03-13,2026-03-13,2026-03-16,MOPS_EXACT,official_timestamp_second_precision,CONSOLIDATED,202504_3231_AI1.pdf,TWSE_MOPS_T57SB01_OFFICIAL_DOCUMENT_UPLOAD,d8bf0276a4e74c163247ee006aa6afefaa2a97970480379c75cf9ee2100e2bc7,c187f049190723dde6e436f5fa88c8be7c90766db46e4bd1d1d40577bde64423,EXACT_MATCH,MOPS_CONSOLIDATED_PREFERRED_OVER_INDIVIDUAL,a1088a4c099739be49a5476428df573bd348b4e15d828a2e52b1085b567de0d7
3231,2026-03-31,2026,1,2026-05-13,2026-05-13T15:59:40+08:00,2026-05-13,2026-05-13,2026-05-14,MOPS_EXACT,official_timestamp_second_precision,CONSOLIDATED,202601_3231_AI1.pdf,TWSE_MOPS_T57SB01_OFFICIAL_DOCUMENT_UPLOAD,d8bf0276a4e74c163247ee006aa6afefaa2a97970480379c75cf9ee2100e2bc7,cd26e4340b69872b7ad21218c068a5f0df046f69fa016b042d8f5ad4219a00a6,EXACT_MATCH,MOPS_SINGLE_ELIGIBLE_FILING,858a14d32bc47dddc2c35430ad77ce598ec1a63497c8d4cb039f02500f995f90
3231,2026-06-30,2026,2,2026-08-11,2026-08-11T08:44:59+08:00,2026-08-11,2026-08-11,2026-08-12,MOPS_EXACT,official_timestamp_second_precision,CONSOLIDATED,202602_3231_AI1.pdf,TWSE_MOPS_T57SB01_OFFICIAL_DOCUMENT_UPLOAD,d8bf0276a4e74c163247ee006aa6afefaa2a97970480379c75cf9ee2100e2bc7,8b6badab59be5e0e227c17615e3068494fdfe6fb2749760469c152579bae8fb4,EXACT_MATCH,MOPS_SINGLE_ELIGIBLE_FILING,9d18d3877087f827abb56e2d0ec860998f01cd561444ed4b018a00d9e1764106
3443,2016-03-31,2016,1,2016-05-10,2016-05-10T17:29:01+08:00,2016-05-10,2016-05-10,2016-05-11,MOPS_EXACT,official_timestamp_second_precision,CONSOLIDATED,201601_3443_AI1.pdf,TWSE_MOPS_T57SB01_OFFICIAL_DOCUMENT_UPLOAD,7cc009fec2f5c1aabf8b1970210c42392b376b151b189a83113085b78b0e645f,25b78c026f4d2a85db5b563ff95bdeea75b435eda6b431ba7384b556ffc4a257,EXACT_MATCH,MOPS_SINGLE_ELIGIBLE_FILING,1822c6a2fed8a9119581a1c3a684164b2f793ea257afd708ca7c962d1637a044
3443,2016-06-30,2016,2,2016-08-11,2016-08-11T14:13:22+08:00,2016-08-11,2016-08-11,2016-08-12,MOPS_EXACT,official_timestamp_second_precision,CONSOLIDATED,201602_3443_AI1.pdf,TWSE_MOPS_T57SB01_OFFICIAL_DOCUMENT_UPLOAD,7cc009fec2f5c1aabf8b1970210c42392b376b151b189a83113085b78b0e645f,76bc3b30cbb91abcfaad9b89c8a4db057e3245e2e84f841f2682d24c23ac3447,EXACT_MATCH,MOPS_SINGLE_ELIGIBLE_FILING,79ed2104e7aef7234d32a2957bd5f7de3edf3eb4aa6bdd43c04b314970e09921
3443,2016-09-30,2016,3,2016-11-10,2016-11-10T16:31:05+08:00,2016-11-10,2016-11-10,2016-11-11,MOPS_EXACT,official_timestamp_second_precision,CONSOLIDATED,201603_3443_AI1.pdf,TWSE_MOPS_T57SB01_OFFICIAL_DOCUMENT_UPLOAD,7cc009fec2f5c1aabf8b1970210c42392b376b151b189a83113085b78b0e645f,0892e394e8aee253d1d98864721da8a4c2b43559a0f9dc976c460f1ce7e9e5ef,EXACT_MATCH,MOPS_SINGLE_ELIGIBLE_FILING,bd33422cab69ddddc3d2139d7680562769b48f8982e43fa9a15e25ddbb8caf70
3443,2016-12-31,2016,4,2017-02-16,2017-02-16T16:03:13+08:00,2017-02-16,2017-02-16,2017-02-17,MOPS_EXACT,official_timestamp_second_precision,CONSOLIDATED,201604_3443_AI1.pdf,TWSE_MOPS_T57SB01_OFFICIAL_DOCUMENT_UPLOAD,7cc009fec2f5c1aabf8b1970210c42392b376b151b189a83113085b78b0e645f,c127fe178a72ce9f408a8bd483395041a568ebe0dd6cd242901396c9032a1e0a,EXACT_MATCH,MOPS_CONSOLIDATED_PREFERRED_OVER_INDIVIDUAL,981bfe38dab26bcffcfc9794f816c2b7dacc3b8f8bea6c76360eec83d062e329
3443,2017-03-31,2017,1,2017-05-11,2017-05-11T10:28:29+08:00,2017-05-11,2017-05-11,2017-05-12,MOPS_EXACT,official_timestamp_second_precision,CONSOLIDATED,201701_3443_AI1.pdf,TWSE_MOPS_T57SB01_OFFICIAL_DOCUMENT_UPLOAD,7cc009fec2f5c1aabf8b1970210c42392b376b151b189a83113085b78b0e645f,18fbee2681d4ed52e446a75ee30c287d4bfd7db13e89dbebf5b541506da021d4,EXACT_MATCH,MOPS_SINGLE_ELIGIBLE_FILING,03d04f8cd674c9e7afccdf6e35c03ee3064e6dd8f368d3823192a69d5eaf90fa
3443,2017-06-30,2017,2,2017-08-10,2017-08-10T13:55:42+08:00,2017-08-10,2017-08-10,2017-08-11,MOPS_EXACT,official_timestamp_second_precision,CONSOLIDATED,201702_3443_AI1.pdf,TWSE_MOPS_T57SB01_OFFICIAL_DOCUMENT_UPLOAD,7cc009fec2f5c1aabf8b1970210c42392b376b151b189a83113085b78b0e645f,bd5e3a5b607c28bf8e5f728a8f460fbc4d303af9663262cdd806a9791a8b74e4,EXACT_MATCH,MOPS_SINGLE_ELIGIBLE_FILING,0a00d3907cc935bf8b22009e4d980beb10ce6750e7ea3496dbcdb6d65357b8bc
3443,2017-09-30,2017,3,2017-11-09,2017-11-09T13:45:29+08:00,2017-11-09,2017-11-09,2017-11-10,MOPS_EXACT,official_timestamp_second_precision,CONSOLIDATED,201703_3443_AI1.pdf,TWSE_MOPS_T57SB01_OFFICIAL_DOCUMENT_UPLOAD,7cc009fec2f5c1aabf8b1970210c42392b376b151b189a83113085b78b0e645f,8a6eb3d939779ae36f96228d26ccb66db8be7e4e967401423da009b90cd18905,EXACT_MATCH,MOPS_SINGLE_ELIGIBLE_FILING,b96371861617e548959b15df0c98f59aecab6e217eefa387a217ac3933312d31
3443,2017-12-31,2017,4,2018-02-08,2018-02-08T14:26:19+08:00,2018-02-08,2018-02-08,2018-02-09,MOPS_EXACT,official_timestamp_second_precision,CONSOLIDATED,201704_3443_AI1.pdf,TWSE_MOPS_T57SB01_OFFICIAL_DOCUMENT_UPLOAD,7cc009fec2f5c1aabf8b1970210c42392b376b151b189a83113085b78b0e645f,d222e699da3764bf3672bdc2fcd2d639d23b7f77314aab221211571a91e73076,EXACT_MATCH,MOPS_CONSOLIDATED_PREFERRED_OVER_INDIVIDUAL,0f70de35b6cb4ba704c30b656c34d41bcf0e4b19abc6381b29fbd8d8711674c6
3443,2018-03-31,2018,1,2018-05-04,2018-05-04T15:19:37+08:00,2018-05-04,2018-05-04,2018-05-07,MOPS_EXACT,official_timestamp_second_precision,CONSOLIDATED,201801_3443_AI1.pdf,TWSE_MOPS_T57SB01_OFFICIAL_DOCUMENT_UPLOAD,7cc009fec2f5c1aabf8b1970210c42392b376b151b189a83113085b78b0e645f,b6993a4c083b81394ee0689bcddce2ef4c258453bd928ee644cc38351dc4c2ee,EXACT_MATCH,MOPS_SINGLE_ELIGIBLE_FILING,e8f2968059f247ba8655346b0d809b20fc99f595f340f50a6f34883de3c165a1
3443,2018-06-30,2018,2,2018-08-03,2018-08-03T17:45:07+08:00,2018-08-03,2018-08-03,2018-08-06,MOPS_EXACT,official_timestamp_second_precision,CONSOLIDATED,201802_3443_AI1.pdf,TWSE_MOPS_T57SB01_OFFICIAL_DOCUMENT_UPLOAD,7cc009fec2f5c1aabf8b1970210c42392b376b151b189a83113085b78b0e645f,2d945a6924b9a2fac1ae8fe8aa150d757bb84fe33129968beb147af6e1e40409,EXACT_MATCH,MOPS_SINGLE_ELIGIBLE_FILING,adfbc3960981bff50f2c51b0acfc511422d6fbecdf74aa1aca4749b830b3d08b
3443,2018-09-30,2018,3,2018-11-01,2018-11-01T16:12:19+08:00,2018-11-01,2018-11-01,2018-11-02,MOPS_EXACT,official_timestamp_second_precision,CONSOLIDATED,201803_3443_AI1.pdf,TWSE_MOPS_T57SB01_OFFICIAL_DOCUMENT_UPLOAD,7cc009fec2f5c1aabf8b1970210c42392b376b151b189a83113085b78b0e645f,789330ee5a386dab88445eee76050dc90cc4dd41737e0485c7edfb50d60580a4,EXACT_MATCH,MOPS_SINGLE_ELIGIBLE_FILING,f830af6de5011cc71b7c124c77c2d4ce931139c8f53e5ddf626e3e4ece8528be
3443,2018-12-31,2018,4,2019-01-31,2019-01-31T17:27:24+08:00,2019-01-31,2019-01-31,2019-02-11,MOPS_EXACT,official_timestamp_second_precision,CONSOLIDATED,201804_3443_AI1.pdf,TWSE_MOPS_T57SB01_OFFICIAL_DOCUMENT_UPLOAD,7cc009fec2f5c1aabf8b1970210c42392b376b151b189a83113085b78b0e645f,aef4d6dfbc3b85a111ec06958fbf20c1b291f5a9cb83e78c85d1df9f4c966c88,EXACT_MATCH,MOPS_CONSOLIDATED_PREFERRED_OVER_INDIVIDUAL,b608b1303295095b26fca7bb8f91e7d5f555fd42d84563839a9af22bb427008e
3443,2019-03-31,2019,1,2019-05-02,2019-05-02T17:11:54+08:00,2019-05-02,2019-05-02,2019-05-03,MOPS_EXACT,official_timestamp_second_precision,CONSOLIDATED,201901_3443_AI1.pdf,TWSE_MOPS_T57SB01_OFFICIAL_DOCUMENT_UPLOAD,7cc009fec2f5c1aabf8b1970210c42392b376b151b189a83113085b78b0e645f,47aa752d778439ba2b38cd35155c11ecee25b5b5f9a14ae16404d24ee91b3776,EXACT_MATCH,MOPS_SINGLE_ELIGIBLE_FILING,06005b7c098ce2af852c55545f783efa6253b2b869e015478f8690d91e2d67e7
3443,2019-06-30,2019,2,2019-08-01,2019-08-01T15:20:30+08:00,2019-08-01,2019-08-01,2019-08-02,MOPS_EXACT,official_timestamp_second_precision,CONSOLIDATED,201902_3443_AI1.pdf,TWSE_MOPS_T57SB01_OFFICIAL_DOCUMENT_UPLOAD,7cc009fec2f5c1aabf8b1970210c42392b376b151b189a83113085b78b0e645f,2df0ef76e38f84473e7d81b40d9d7ad9db790a8bb63746a2425d3ba5a9351c96,EXACT_MATCH,MOPS_SINGLE_ELIGIBLE_FILING,f3bd2fb3eaa187cbec0d60a8f6662aee657e4aa0b92293fe36828b200ee53487
3443,2019-09-30,2019,3,2019-10-31,2019-10-31T15:51:50+08:00,2019-10-31,2019-10-31,2019-11-01,MOPS_EXACT,official_timestamp_second_precision,CONSOLIDATED,201903_3443_AI1.pdf,TWSE_MOPS_T57SB01_OFFICIAL_DOCUMENT_UPLOAD,7cc009fec2f5c1aabf8b1970210c42392b376b151b189a83113085b78b0e645f,3edd7758c292b36571fedc8b71aff03108f157928ae3c3e617c608dfc7d19e27,EXACT_MATCH,MOPS_SINGLE_ELIGIBLE_FILING,2ceececafc524637c3d651e42d86ae60ef4982d6154953471cd54be5c7641a40
3443,2019-12-31,2019,4,2020-02-06,2020-02-06T16:07:42+08:00,2020-02-06,2020-02-06,2020-02-07,MOPS_EXACT,official_timestamp_second_precision,CONSOLIDATED,201904_3443_AI1.pdf,TWSE_MOPS_T57SB01_OFFICIAL_DOCUMENT_UPLOAD,7cc009fec2f5c1aabf8b1970210c42392b376b151b189a83113085b78b0e645f,fcd4d234dc2135d45933dc58ab776a8e6f165d333bce57890afeb2fa6366e450,EXACT_MATCH,MOPS_CONSOLIDATED_PREFERRED_OVER_INDIVIDUAL,539bf311af5a732c23ea475da2e86ca1ad5f64d5af506671af0458a5b2ed33a5
3443,2020-03-31,2020,1,2020-05-07,2020-05-07T17:08:40+08:00,2020-05-07,2020-05-07,2020-05-08,MOPS_EXACT,official_timestamp_second_precision,CONSOLIDATED,202001_3443_AI1.pdf,TWSE_MOPS_T57SB01_OFFICIAL_DOCUMENT_UPLOAD,7cc009fec2f5c1aabf8b1970210c42392b376b151b189a83113085b78b0e645f,73101698adb78a72f19244bb9be1c53c194e428fe7d51f680f62b604a7572865,EXACT_MATCH,MOPS_SINGLE_ELIGIBLE_FILING,686e35df8bb3172db2964a314d4f873038d5a7a6efd3d0eb2f4207cd61317229
3443,2020-06-30,2020,2,2020-07-30,2020-07-30T17:08:55+08:00,2020-07-30,2020-07-30,2020-07-31,MOPS_EXACT,official_timestamp_second_precision,CONSOLIDATED,202002_3443_AI1.pdf,TWSE_MOPS_T57SB01_OFFICIAL_DOCUMENT_UPLOAD,7cc009fec2f5c1aabf8b1970210c42392b376b151b189a83113085b78b0e645f,b2f4b65b6de9729f716db094049a22b29356203800977f280428cf7055087f47,EXACT_MATCH,MOPS_SINGLE_ELIGIBLE_FILING,543b258006a72af4d9b217da70e1cf735cf9dd0e5bd23820480a1d20bf5a69b5
3443,2020-09-30,2020,3,2020-11-05,2020-11-05T17:07:51+08:00,2020-11-05,2020-11-05,2020-11-06,MOPS_EXACT,official_timestamp_second_precision,CONSOLIDATED,202003_3443_AI1.pdf,TWSE_MOPS_T57SB01_OFFICIAL_DOCUMENT_UPLOAD,7cc009fec2f5c1aabf8b1970210c42392b376b151b189a83113085b78b0e645f,54783a20d8816d8f028deb61738bbe4c641630eb3603f3d46029d6724d147606,EXACT_MATCH,MOPS_SINGLE_ELIGIBLE_FILING,7ae0f91c883e02e4ea8e9cbcce6286c0b28152cde974a07c325cc4863c49030b
3443,2020-12-31,2020,4,2021-01-28,2021-01-28T16:57:11+08:00,2021-01-28,2021-01-28,2021-01-29,MOPS_EXACT,official_timestamp_second_precision,CONSOLIDATED,202004_3443_AI1.pdf,TWSE_MOPS_T57SB01_OFFICIAL_DOCUMENT_UPLOAD,7cc009fec2f5c1aabf8b1970210c42392b376b151b189a83113085b78b0e645f,c8eb72974e975c91f83d4b944c63a61e0ddb8842b0aa50f7e6f4163728fe8d28,EXACT_MATCH,MOPS_CONSOLIDATED_PREFERRED_OVER_INDIVIDUAL,d032e7f9ea2c2354fea0c6fe90e05c7bcd546bfb359b37dcbb6c8fd047aee2d1
3443,2021-03-31,2021,1,2021-04-29,2021-04-29T17:06:18+08:00,2021-04-29,2021-04-29,2021-05-03,MOPS_EXACT,official_timestamp_second_precision,CONSOLIDATED,202101_3443_AI1.pdf,TWSE_MOPS_T57SB01_OFFICIAL_DOCUMENT_UPLOAD,7cc009fec2f5c1aabf8b1970210c42392b376b151b189a83113085b78b0e645f,a8446700ab7b155722ccd9a819bf2b8330bb450e8edb64ff6e0853acdc5dce97,EXACT_MATCH,MOPS_SINGLE_ELIGIBLE_FILING,1095e83598908952e2c51c778fd7292f4f4330533dab1e63dcc2eee0e6721428
3443,2021-06-30,2021,2,2021-07-29,2021-07-29T17:06:15+08:00,2021-07-29,2021-07-29,2021-07-30,MOPS_EXACT,official_timestamp_second_precision,CONSOLIDATED,202102_3443_AI1.pdf,TWSE_MOPS_T57SB01_OFFICIAL_DOCUMENT_UPLOAD,7cc009fec2f5c1aabf8b1970210c42392b376b151b189a83113085b78b0e645f,5e682b06ef5d3f330abc83c668d990c008d1fd745795caf4c14318a29741c182,EXACT_MATCH,MOPS_SINGLE_ELIGIBLE_FILING,db316e983be028692b8a8852de38e6a6fd49697904cb653510b372a9caa3128e
3443,2021-09-30,2021,3,2021-10-28,2021-10-28T16:46:57+08:00,2021-10-28,2021-10-28,2021-10-29,MOPS_EXACT,official_timestamp_second_precision,CONSOLIDATED,202103_3443_AI1.pdf,TWSE_MOPS_T57SB01_OFFICIAL_DOCUMENT_UPLOAD,7cc009fec2f5c1aabf8b1970210c42392b376b151b189a83113085b78b0e645f,cf0623523d14c5266e7fb8f5cfae5c5bdbfa7c58afd0863da511b8d91c53045a,EXACT_MATCH,MOPS_SINGLE_ELIGIBLE_FILING,71886de1c2d12f3c7d142c737cc3324b7d488660b022d844aaf716afbba3d12c
3443,2021-12-31,2021,4,2022-01-26,2022-01-26T16:24:47+08:00,2022-01-26,2022-01-26,2022-02-07,MOPS_EXACT,official_timestamp_second_precision,CONSOLIDATED,202104_3443_AI1.pdf,TWSE_MOPS_T57SB01_OFFICIAL_DOCUMENT_UPLOAD,7cc009fec2f5c1aabf8b1970210c42392b376b151b189a83113085b78b0e645f,a2ad9d484caa24afbf2bae8498b1135d66c0b800aed950d4fff2528a9b07f348,EXACT_MATCH,MOPS_CONSOLIDATED_PREFERRED_OVER_INDIVIDUAL,8364c75a8ba47fd1fa22062e35362aa6271e91454414c0814a0b3d4131d38cc8
3443,2022-03-31,2022,1,2022-04-28,2022-04-28T17:25:11+08:00,2022-04-28,2022-04-28,2022-04-29,MOPS_EXACT,official_timestamp_second_precision,CONSOLIDATED,202201_3443_AI1.pdf,TWSE_MOPS_T57SB01_OFFICIAL_DOCUMENT_UPLOAD,7cc009fec2f5c1aabf8b1970210c42392b376b151b189a83113085b78b0e645f,2f0fa5a92d69d4df48fa37c3e282ff5b7bbbf253d5e073e084748abe60949c4b,EXACT_MATCH,MOPS_SINGLE_ELIGIBLE_FILING,cb6579738f017f77b76d6add9458337a70ef9f4bca62cd38186799a2a474bca1
3443,2022-06-30,2022,2,2022-07-28,2022-07-28T16:36:42+08:00,2022-07-28,2022-07-28,2022-07-29,MOPS_EXACT,official_timestamp_second_precision,CONSOLIDATED,202202_3443_AI1.pdf,TWSE_MOPS_T57SB01_OFFICIAL_DOCUMENT_UPLOAD,7cc009fec2f5c1aabf8b1970210c42392b376b151b189a83113085b78b0e645f,c30f2a394e33188ee2057935efcf1124d3c46ded32f08425e4ba46ea24d47006,EXACT_MATCH,MOPS_SINGLE_ELIGIBLE_FILING,c83f37ccced0d804f3446019a3012d8bcf239f83eb918edbe67edec0211453db
3443,2022-09-30,2022,3,2022-10-27,2022-10-27T17:04:58+08:00,2022-10-27,2022-10-27,2022-10-28,MOPS_EXACT,official_timestamp_second_precision,CONSOLIDATED,202203_3443_AI1.pdf,TWSE_MOPS_T57SB01_OFFICIAL_DOCUMENT_UPLOAD,7cc009fec2f5c1aabf8b1970210c42392b376b151b189a83113085b78b0e645f,27689b13dc4ec817e954f39334c176f414d6debcd7416bbc35680b6147d84941,EXACT_MATCH,MOPS_SINGLE_ELIGIBLE_FILING,200b2f62d4501fb4a8f3d5cdb9c21ed79e5870eb09ddbdd6b16a5a9e4a946bfe
3443,2022-12-31,2022,4,2023-02-02,2023-02-02T18:01:13+08:00,2023-02-02,2023-02-02,2023-02-03,MOPS_EXACT,official_timestamp_second_precision,CONSOLIDATED,202204_3443_AI1.pdf,TWSE_MOPS_T57SB01_OFFICIAL_DOCUMENT_UPLOAD,7cc009fec2f5c1aabf8b1970210c42392b376b151b189a83113085b78b0e645f,50377f57c2d816c33bf3a40716d5c55472d2faaf713a674fcd1aa1739f8c9fbf,EXACT_MATCH,MOPS_CONSOLIDATED_PREFERRED_OVER_INDIVIDUAL,cb6f41d8da1300904afe8a5acf8fbf27100daa0f28a2e0494a983e3aa9c42cc5
3443,2023-03-31,2023,1,2023-04-27,2023-04-27T17:08:29+08:00,2023-04-27,2023-04-27,2023-04-28,MOPS_EXACT,official_timestamp_second_precision,CONSOLIDATED,202301_3443_AI1.pdf,TWSE_MOPS_T57SB01_OFFICIAL_DOCUMENT_UPLOAD,7cc009fec2f5c1aabf8b1970210c42392b376b151b189a83113085b78b0e645f,536bbe3eb44bd34bb49e0f6551e2e9ccf559ca6aee32a2eb8c79db4bdc748bd2,EXACT_MATCH,MOPS_SINGLE_ELIGIBLE_FILING,08bdc4103d2122a80f5e8f3da447656c6ee9be723910ce961a15d868fce0a3fc
3443,2023-06-30,2023,2,2023-07-27,2023-07-27T16:42:22+08:00,2023-07-27,2023-07-27,2023-07-28,MOPS_EXACT,official_timestamp_second_precision,CONSOLIDATED,202302_3443_AI1.pdf,TWSE_MOPS_T57SB01_OFFICIAL_DOCUMENT_UPLOAD,7cc009fec2f5c1aabf8b1970210c42392b376b151b189a83113085b78b0e645f,3057ce04df72029498802ae2537239fa5c2f864baec2b3198aeaa6725a5a34ff,EXACT_MATCH,MOPS_SINGLE_ELIGIBLE_FILING,9b0d363c4eb9c7620ecdd6b94240e4d957d9c021292b0a8d45624aa19f0515b3
3443,2023-09-30,2023,3,2023-10-26,2023-10-26T16:30:57+08:00,2023-10-26,2023-10-26,2023-10-27,MOPS_EXACT,official_timestamp_second_precision,CONSOLIDATED,202303_3443_AI1.pdf,TWSE_MOPS_T57SB01_OFFICIAL_DOCUMENT_UPLOAD,7cc009fec2f5c1aabf8b1970210c42392b376b151b189a83113085b78b0e645f,b27208fe1216d681b06ba029f56681562dd7e94d13d704973bc68f65e827ae63,EXACT_MATCH,MOPS_SINGLE_ELIGIBLE_FILING,633a72ef60faeaeee6248165582bfd4059dd1910aacb58af22b3244825728891
3443,2023-12-31,2023,4,2024-01-31,2024-01-31T17:11:44+08:00,2024-01-31,2024-01-31,2024-02-01,MOPS_EXACT,official_timestamp_second_precision,CONSOLIDATED,202304_3443_AI1.pdf,TWSE_MOPS_T57SB01_OFFICIAL_DOCUMENT_UPLOAD,7cc009fec2f5c1aabf8b1970210c42392b376b151b189a83113085b78b0e645f,1c670ebe0044bba2ad83cbcd073a4dd8fc0223b4ed16c87db5e0a88d84e1e9d0,EXACT_MATCH,MOPS_CONSOLIDATED_PREFERRED_OVER_INDIVIDUAL,ab57b2e32a74641b6fa5bb7649a3d83fa5d4883a3442918f6ce177d22b11cba1
3443,2024-03-31,2024,1,2024-04-25,2024-04-25T17:03:53+08:00,2024-04-25,2024-04-25,2024-04-26,MOPS_EXACT,official_timestamp_second_precision,CONSOLIDATED,202401_3443_AI1.pdf,TWSE_MOPS_T57SB01_OFFICIAL_DOCUMENT_UPLOAD,7cc009fec2f5c1aabf8b1970210c42392b376b151b189a83113085b78b0e645f,4e5648aeefe1b2e5e0be11ba0fe7cd03d843f46f6218df951868e388ff15203c,EXACT_MATCH,MOPS_SINGLE_ELIGIBLE_FILING,dd425f9b2367f88708d61f449a0c5fba36b2bb0ac6c5c5c63850b210d6e3e7a4
3443,2024-06-30,2024,2,2024-07-25,2024-07-25T15:44:15+08:00,2024-07-25,2024-07-25,2024-07-26,MOPS_EXACT,official_timestamp_second_precision,CONSOLIDATED,202402_3443_AI1.pdf,TWSE_MOPS_T57SB01_OFFICIAL_DOCUMENT_UPLOAD,7cc009fec2f5c1aabf8b1970210c42392b376b151b189a83113085b78b0e645f,79589ec7c8d0eb5c91dacc842ca847617fd1cf3201533f4f6ccd7a03e6f0d7b0,EXACT_MATCH,MOPS_SINGLE_ELIGIBLE_FILING,9919a5872c468b3e0c354e19b3918a04f56fee7e6db3e55548fb875b7b82a22e
3443,2024-09-30,2024,3,2024-10-31,2024-10-31T16:14:24+08:00,2024-10-31,2024-10-31,2024-11-01,MOPS_EXACT,official_timestamp_second_precision,CONSOLIDATED,202403_3443_AI1.pdf,TWSE_MOPS_T57SB01_OFFICIAL_DOCUMENT_UPLOAD,7cc009fec2f5c1aabf8b1970210c42392b376b151b189a83113085b78b0e645f,a5e5803a5e92b1f0aa4d4521e43a09876c6bb35ef6ab562dc23b2b91a405e848,EXACT_MATCH,MOPS_SINGLE_ELIGIBLE_FILING,d4492f84cda171ad403326879dffd682f84907c8181ed6b5dc6146327a901e19
3443,2024-12-31,2024,4,2025-01-23,2025-01-23T17:43:45+08:00,2025-01-23,2025-01-23,2025-02-03,MOPS_EXACT,official_timestamp_second_precision,CONSOLIDATED,202404_3443_AI1.pdf,TWSE_MOPS_T57SB01_OFFICIAL_DOCUMENT_UPLOAD,7cc009fec2f5c1aabf8b1970210c42392b376b151b189a83113085b78b0e645f,9bf03cd5a2f16e50d4b6b2c32432ba22f8d5ccfc5cb494d5545198d6bb7abdfb,EXACT_MATCH,MOPS_CONSOLIDATED_PREFERRED_OVER_INDIVIDUAL,ccbd870444f08fd53dcc6b18e617a1a6f7da8ad0fbf0267fc38274164e4a5585
3443,2025-03-31,2025,1,2025-04-24,2025-04-24T17:57:40+08:00,2025-04-24,2025-04-24,2025-04-25,MOPS_EXACT,official_timestamp_second_precision,CONSOLIDATED,202501_3443_AI1.pdf,TWSE_MOPS_T57SB01_OFFICIAL_DOCUMENT_UPLOAD,7cc009fec2f5c1aabf8b1970210c42392b376b151b189a83113085b78b0e645f,673804bc83a975f84e7777afd83dd4818affec786413936ce3fb3c512b134650,EXACT_MATCH,MOPS_SINGLE_ELIGIBLE_FILING,014ac07614cdfe96cd821fb211816e5d4719c91a6f60142d3480cb0b9873c3aa
3443,2025-06-30,2025,2,2025-07-31,2025-07-31T17:02:14+08:00,2025-07-31,2025-07-31,2025-08-01,MOPS_EXACT,official_timestamp_second_precision,CONSOLIDATED,202502_3443_AI1.pdf,TWSE_MOPS_T57SB01_OFFICIAL_DOCUMENT_UPLOAD,7cc009fec2f5c1aabf8b1970210c42392b376b151b189a83113085b78b0e645f,6bb21de53f6ed1a573a53d67268ebdbb0c5dd9a43435115f45ca5008da193ee7,EXACT_MATCH,MOPS_SINGLE_ELIGIBLE_FILING,3a2580a5bffef3b1efc86fd3985f1fbf8962d43728cd18b76cced8886d01a4b9
3443,2025-09-30,2025,3,2025-10-30,2025-10-30T16:16:10+08:00,2025-10-30,2025-10-30,2025-10-31,MOPS_EXACT,official_timestamp_second_precision,CONSOLIDATED,202503_3443_AI1.pdf,TWSE_MOPS_T57SB01_OFFICIAL_DOCUMENT_UPLOAD,7cc009fec2f5c1aabf8b1970210c42392b376b151b189a83113085b78b0e645f,ae2bf3a123c5e4fb8a4d3214d7dbbe1bf67c72511aa13eb8ea70efba9221e2a5,EXACT_MATCH,MOPS_SINGLE_ELIGIBLE_FILING,682b9a214372cfbbafef3422cc4c6f1c60c545a16cdf52ad900323b3ea0b3eb0
3443,2025-12-31,2025,4,2026-01-29,2026-01-29T17:15:11+08:00,2026-01-29,2026-01-29,2026-01-30,MOPS_EXACT,official_timestamp_second_precision,CONSOLIDATED,202504_3443_AI1.pdf,TWSE_MOPS_T57SB01_OFFICIAL_DOCUMENT_UPLOAD,7cc009fec2f5c1aabf8b1970210c42392b376b151b189a83113085b78b0e645f,117ba572e3dd798b3ad230a7ee8ed5f80c1b768ff462197d5a3161454a004f94,EXACT_MATCH,MOPS_CONSOLIDATED_PREFERRED_OVER_INDIVIDUAL,266dce3889b7d0a4e10db5d1fadad5cf80037b08bb13e9d22636e06c6eebb510
3443,2026-03-31,2026,1,2026-04-30,2026-04-30T17:39:51+08:00,2026-04-30,2026-04-30,2026-05-04,MOPS_EXACT,official_timestamp_second_precision,CONSOLIDATED,202601_3443_AI1.pdf,TWSE_MOPS_T57SB01_OFFICIAL_DOCUMENT_UPLOAD,7cc009fec2f5c1aabf8b1970210c42392b376b151b189a83113085b78b0e645f,42a8025ff890706ca9ab8b6868f095f5f04011436e1577a359dece6ed7e7d9ea,EXACT_MATCH,MOPS_SINGLE_ELIGIBLE_FILING,51f04c6cdef5614f80d56833958a5807ab75cc9ff64c4c5254ee90eec5c182a7
3443,2026-06-30,2026,2,2026-07-30,2026-07-30T15:42:26+08:00,2026-07-30,2026-07-30,2026-07-31,MOPS_EXACT,official_timestamp_second_precision,CONSOLIDATED,202602_3443_AI1.pdf,TWSE_MOPS_T57SB01_OFFICIAL_DOCUMENT_UPLOAD,7cc009fec2f5c1aabf8b1970210c42392b376b151b189a83113085b78b0e645f,e22b674140a98f194d24f110351eeaff0d6c7e373f67635f8d0785a37e90b2ac,EXACT_MATCH,MOPS_SINGLE_ELIGIBLE_FILING,466be461b423de062d84cda0f9011926539b51cab745dee79db8023a752d5dde
3653,2016-03-31,2016,1,2016-04-25,2016-04-25T17:20:50+08:00,2016-04-25,2016-04-25,2016-04-26,MOPS_EXACT,official_timestamp_second_precision,CONSOLIDATED,201601_3653_AI1.pdf,TWSE_MOPS_T57SB01_OFFICIAL_DOCUMENT_UPLOAD,ac4478b32baa7c24b9fe46fe244e36cad66f633dd15dd18a77334b8a5eb35624,cc241a6cffb59ad9b575735af79ec2da58b14aaa691dceee6a4364ca558658ef,EXACT_MATCH,MOPS_SINGLE_ELIGIBLE_FILING,3f12432f2fb7c21fe915e279cb7a78482cc81e387e2be1a1b3312fb21a750d5d
3653,2016-06-30,2016,2,2016-08-12,2016-08-12T16:05:10+08:00,2016-08-12,2016-08-12,2016-08-15,MOPS_EXACT,official_timestamp_second_precision,CONSOLIDATED,201602_3653_AI1.pdf,TWSE_MOPS_T57SB01_OFFICIAL_DOCUMENT_UPLOAD,ac4478b32baa7c24b9fe46fe244e36cad66f633dd15dd18a77334b8a5eb35624,11bfb56817d041101d4d8561aac395dca30637e17a6cc903dd2ed882d1768d0f,EXACT_MATCH,MOPS_SINGLE_ELIGIBLE_FILING,5c89beb63336f52e2ab639baba7d0b63172f462d10c8f311d2d3f3a37e592baf
3653,2016-09-30,2016,3,2016-11-11,2016-11-11T16:27:06+08:00,2016-11-11,2016-11-11,2016-11-14,MOPS_EXACT,official_timestamp_second_precision,CONSOLIDATED,201603_3653_AI1.pdf,TWSE_MOPS_T57SB01_OFFICIAL_DOCUMENT_UPLOAD,ac4478b32baa7c24b9fe46fe244e36cad66f633dd15dd18a77334b8a5eb35624,252022a8811633254083114534a201a1621226249cd5bda2215711977fb4d08a,EXACT_MATCH,MOPS_SINGLE_ELIGIBLE_FILING,6c6727acf5241a89f99a2fa8bdbe698aa162b60057a6f73df8d7c22e16782f8e
3653,2016-12-31,2016,4,2017-03-15,2017-03-15T17:09:26+08:00,2017-03-15,2017-03-15,2017-03-16,MOPS_EXACT,official_timestamp_second_precision,CONSOLIDATED,201604_3653_AI1.pdf,TWSE_MOPS_T57SB01_OFFICIAL_DOCUMENT_UPLOAD,ac4478b32baa7c24b9fe46fe244e36cad66f633dd15dd18a77334b8a5eb35624,6eaf169db8b509813e84f604d0e05f47764ac616e133624da0a7c89ffa197413,EXACT_MATCH,MOPS_CONSOLIDATED_PREFERRED_OVER_INDIVIDUAL,a6753c1105121b0dee517c3017c09015fe13f5175fe0b91d5733958d08a1ab5a
3653,2017-03-31,2017,1,2017-04-25,2017-04-25T14:14:29+08:00,2017-04-25,2017-04-25,2017-04-26,MOPS_EXACT,official_timestamp_second_precision,CONSOLIDATED,201701_3653_AI1.pdf,TWSE_MOPS_T57SB01_OFFICIAL_DOCUMENT_UPLOAD,ac4478b32baa7c24b9fe46fe244e36cad66f633dd15dd18a77334b8a5eb35624,d933c4520af74b158202df3084e4f284e6f67f283f8c6ebb5ff04f0ee25996f8,EXACT_MATCH,MOPS_SINGLE_ELIGIBLE_FILING,02b579be9d15613b7a4b1637f5a85c211827e155502930a129e87dd2addf6add
3653,2017-06-30,2017,2,2017-08-11,2017-08-11T16:05:24+08:00,2017-08-11,2017-08-11,2017-08-14,MOPS_EXACT,official_timestamp_second_precision,CONSOLIDATED,201702_3653_AI1.pdf,TWSE_MOPS_T57SB01_OFFICIAL_DOCUMENT_UPLOAD,ac4478b32baa7c24b9fe46fe244e36cad66f633dd15dd18a77334b8a5eb35624,54b8dd374f2c9ec718c111e4761ccefa660bbe403fc6d98ff73b961ca2a00144,EXACT_MATCH,MOPS_SINGLE_ELIGIBLE_FILING,b2c6317a6635009950e3f979444e537af87399eed5cdca2582f7c00797abb714
3653,2017-09-30,2017,3,2017-11-10,2017-11-10T09:14:43+08:00,2017-11-10,2017-11-10,2017-11-13,MOPS_EXACT,official_timestamp_second_precision,CONSOLIDATED,201703_3653_AI1.pdf,TWSE_MOPS_T57SB01_OFFICIAL_DOCUMENT_UPLOAD,ac4478b32baa7c24b9fe46fe244e36cad66f633dd15dd18a77334b8a5eb35624,b3f7f3e9fc2d5d2766f1f54927e65b1819315b6b6ac239089653eff6f8cf8ffe,EXACT_MATCH,MOPS_SINGLE_ELIGIBLE_FILING,76a325b74054c7eb81e3a0318fc3caa590709812f5165020a4e820e1db45df8d
3653,2017-12-31,2017,4,2018-03-30,2018-03-30T11:33:16+08:00,2018-03-30,2018-03-30,2018-03-31,MOPS_EXACT,official_timestamp_second_precision,CONSOLIDATED,201704_3653_AI1.pdf,TWSE_MOPS_T57SB01_OFFICIAL_DOCUMENT_UPLOAD,ac4478b32baa7c24b9fe46fe244e36cad66f633dd15dd18a77334b8a5eb35624,6b31669356faeb6c4e500ab3da4e5d7d7c6a373d2c021260cc8d4f5b47abade4,EXACT_MATCH,MOPS_CONSOLIDATED_PREFERRED_OVER_INDIVIDUAL,73a03b5e7337934d0f316873f45434ee686d31d1ad1926645be1c6f9da72e4f3
3653,2018-03-31,2018,1,2018-05-11,2018-05-11T18:23:39+08:00,2018-05-11,2018-05-11,2018-05-14,MOPS_EXACT,official_timestamp_second_precision,CONSOLIDATED,201801_3653_AI1.pdf,TWSE_MOPS_T57SB01_OFFICIAL_DOCUMENT_UPLOAD,ac4478b32baa7c24b9fe46fe244e36cad66f633dd15dd18a77334b8a5eb35624,0cc90bfb74d3e1aa10a24dd07ed1ce8ad1438bfd12393bdea2d69ab6c3afd471,EXACT_MATCH,MOPS_SINGLE_ELIGIBLE_FILING,e941d19cc8f0373b31e2699f273b10e03a09e55461773add71902d7fb6f12dc0
3653,2018-06-30,2018,2,2018-08-13,2018-08-13T09:56:36+08:00,2018-08-13,2018-08-13,2018-08-14,MOPS_EXACT,official_timestamp_second_precision,CONSOLIDATED,201802_3653_AI1.pdf,TWSE_MOPS_T57SB01_OFFICIAL_DOCUMENT_UPLOAD,ac4478b32baa7c24b9fe46fe244e36cad66f633dd15dd18a77334b8a5eb35624,11cec7c7be9dd11b5dae9969438e9286833d10bcc4fbd72457635adbe8b2d1d4,EXACT_MATCH,MOPS_SINGLE_ELIGIBLE_FILING,b5702383aa111c4a836bd5df8ac03bdf4a1a9d20bd16308f2c55813780e45bfa
3653,2018-09-30,2018,3,2018-11-13,2018-11-13T15:31:31+08:00,2018-11-13,2018-11-13,2018-11-14,MOPS_EXACT,official_timestamp_second_precision,CONSOLIDATED,201803_3653_AI1.pdf,TWSE_MOPS_T57SB01_OFFICIAL_DOCUMENT_UPLOAD,ac4478b32baa7c24b9fe46fe244e36cad66f633dd15dd18a77334b8a5eb35624,e171428bf2ff7257796131af9159a132cef480a2634ba3a85e66292b775d3454,EXACT_MATCH,MOPS_SINGLE_ELIGIBLE_FILING,c03a19f95d451c2801b716df76f85eec9de9188ce7e08052c3b117255e59ac83
3653,2018-12-31,2018,4,2019-03-21,2019-03-21T20:35:13+08:00,2019-03-21,2019-03-21,2019-03-22,MOPS_EXACT,official_timestamp_second_precision,CONSOLIDATED,201804_3653_AI1.pdf,TWSE_MOPS_T57SB01_OFFICIAL_DOCUMENT_UPLOAD,ac4478b32baa7c24b9fe46fe244e36cad66f633dd15dd18a77334b8a5eb35624,0bd20f715cb861185953644efd975a765a23b98f44820565e253b25858c19d2d,EXACT_MATCH,MOPS_CONSOLIDATED_PREFERRED_OVER_INDIVIDUAL,b99607b3d0a2de62d778e50cb85f9e90319de847deb4b96d002deef76165f4de
3653,2019-03-31,2019,1,2019-05-03,2019-05-03T17:58:55+08:00,2019-05-03,2019-05-03,2019-05-06,MOPS_EXACT,official_timestamp_second_precision,CONSOLIDATED,201901_3653_AI1.pdf,TWSE_MOPS_T57SB01_OFFICIAL_DOCUMENT_UPLOAD,ac4478b32baa7c24b9fe46fe244e36cad66f633dd15dd18a77334b8a5eb35624,2800c48d190dde8cfa8afa9dbfd83b7947208078e38552da5c045dc4ee4bf3d6,EXACT_MATCH,MOPS_SINGLE_ELIGIBLE_FILING,84203382862e9f032fb04c9d7a94c0309629f784272bf07576b5f1b11a460386
3653,2019-06-30,2019,2,2019-08-08,2019-08-08T21:06:44+08:00,2019-08-08,2019-08-08,2019-08-12,MOPS_EXACT,official_timestamp_second_precision,CONSOLIDATED,201902_3653_AI1.pdf,TWSE_MOPS_T57SB01_OFFICIAL_DOCUMENT_UPLOAD,ac4478b32baa7c24b9fe46fe244e36cad66f633dd15dd18a77334b8a5eb35624,09b5c5b622587cc06ef106d8aa597b5a799a839d963304d1938776537832cabd,EXACT_MATCH,MOPS_SINGLE_ELIGIBLE_FILING,69df8dee14e35a2dce5d91a25c4f1ff1c48603a23509b4bdea24650b6ed4cfa3
3653,2019-09-30,2019,3,2019-11-11,2019-11-11T17:48:41+08:00,2019-11-11,2019-11-11,2019-11-12,MOPS_EXACT,official_timestamp_second_precision,CONSOLIDATED,201903_3653_AI1.pdf,TWSE_MOPS_T57SB01_OFFICIAL_DOCUMENT_UPLOAD,ac4478b32baa7c24b9fe46fe244e36cad66f633dd15dd18a77334b8a5eb35624,b9ae96acf05ab7f045635ab280897117ca5b3dfdffbb58c310a22bf4edfd110f,EXACT_MATCH,MOPS_SINGLE_ELIGIBLE_FILING,8741def5b7f880169885e52d8b105ccf4723fab585fa9ea1cf712d04bed624cf
3653,2019-12-31,2019,4,2020-03-25,2020-03-25T18:31:36+08:00,2020-03-25,2020-03-25,2020-03-26,MOPS_EXACT,official_timestamp_second_precision,CONSOLIDATED,201904_3653_AI1.pdf,TWSE_MOPS_T57SB01_OFFICIAL_DOCUMENT_UPLOAD,ac4478b32baa7c24b9fe46fe244e36cad66f633dd15dd18a77334b8a5eb35624,5997d972dbf5aa58565ae67f4b7cea993567b190d2c3b415fe05e3d19dfff98e,EXACT_MATCH,MOPS_CONSOLIDATED_PREFERRED_OVER_INDIVIDUAL,91ded208992127d3c7686e983df44ad99fc6128cdcb415230cf24aba28a5a4d9
3653,2020-03-31,2020,1,2020-05-07,2020-05-07T16:26:13+08:00,2020-05-07,2020-05-07,2020-05-08,MOPS_EXACT,official_timestamp_second_precision,CONSOLIDATED,202001_3653_AI1.pdf,TWSE_MOPS_T57SB01_OFFICIAL_DOCUMENT_UPLOAD,ac4478b32baa7c24b9fe46fe244e36cad66f633dd15dd18a77334b8a5eb35624,d6309ea5dac4083e6cb28addd925ac9b1204eef1d36d9884efc114ce2ee77312,EXACT_MATCH,MOPS_SINGLE_ELIGIBLE_FILING,a2fa21ae6427958223bb95c0a24a5615298fedcf311c2cfbf493fb00f0d5c6ad
3653,2020-06-30,2020,2,2020-08-05,2020-08-05T18:23:36+08:00,2020-08-05,2020-08-05,2020-08-06,MOPS_EXACT,official_timestamp_second_precision,CONSOLIDATED,202002_3653_AI1.pdf,TWSE_MOPS_T57SB01_OFFICIAL_DOCUMENT_UPLOAD,ac4478b32baa7c24b9fe46fe244e36cad66f633dd15dd18a77334b8a5eb35624,327b2ec8551ec8e2f532b42a11923249b21744c13c5e3f6bc6565c2cf27e6a7a,EXACT_MATCH,MOPS_SINGLE_ELIGIBLE_FILING,64e2a645e6c75be089b4fb8c13ee2ed698e938105b48cab08d6ff87b97d7143a
3653,2020-09-30,2020,3,2020-11-09,2020-11-09T17:29:42+08:00,2020-11-09,2020-11-09,2020-11-10,MOPS_EXACT,official_timestamp_second_precision,CONSOLIDATED,202003_3653_AI1.pdf,TWSE_MOPS_T57SB01_OFFICIAL_DOCUMENT_UPLOAD,ac4478b32baa7c24b9fe46fe244e36cad66f633dd15dd18a77334b8a5eb35624,f6f1f9b606da53d380a712781ecf0d4ff37be7ab60574a07eeffd75921bcceda,EXACT_MATCH,MOPS_SINGLE_ELIGIBLE_FILING,fa6a23cb6347e816e55ac2292cca9f7052cdba13d265db2f6eec91f22a5d1e4a
3653,2020-12-31,2020,4,2021-03-24,2021-03-24T18:42:43+08:00,2021-03-24,2021-03-24,2021-03-25,MOPS_EXACT,official_timestamp_second_precision,CONSOLIDATED,202004_3653_AI1.pdf,TWSE_MOPS_T57SB01_OFFICIAL_DOCUMENT_UPLOAD,ac4478b32baa7c24b9fe46fe244e36cad66f633dd15dd18a77334b8a5eb35624,739ca8a981cc3af0e2490a223dc7c787b486c41e640c62cef0c143f53e76d6b8,EXACT_MATCH,MOPS_CONSOLIDATED_PREFERRED_OVER_INDIVIDUAL,24a74f3135614bcac052d9b7195194f24564c24fa1938468646f9e9eb5f6658c
3653,2021-03-31,2021,1,2021-05-10,2021-05-10T15:47:39+08:00,2021-05-10,2021-05-10,2021-05-11,MOPS_EXACT,official_timestamp_second_precision,CONSOLIDATED,202101_3653_AI1.pdf,TWSE_MOPS_T57SB01_OFFICIAL_DOCUMENT_UPLOAD,ac4478b32baa7c24b9fe46fe244e36cad66f633dd15dd18a77334b8a5eb35624,8d7371550ac9df7693eedcbce01a85100dae66ad95f414393b476a477b867f77,EXACT_MATCH,MOPS_SINGLE_ELIGIBLE_FILING,6b5b5e08d85a91e2ca57ed27d378dfaea115138e6709c3bf1fd1b8851d428197
3653,2021-06-30,2021,2,2021-08-04,2021-08-04T17:00:07+08:00,2021-08-04,2021-08-04,2021-08-05,MOPS_EXACT,official_timestamp_second_precision,CONSOLIDATED,202102_3653_AI1.pdf,TWSE_MOPS_T57SB01_OFFICIAL_DOCUMENT_UPLOAD,ac4478b32baa7c24b9fe46fe244e36cad66f633dd15dd18a77334b8a5eb35624,cd16c8f4c344e078cc6de757592d559b3d211885fa5d369ac094a0d703df51fd,EXACT_MATCH,MOPS_SINGLE_ELIGIBLE_FILING,4a4d75470afa9463972a71e56572f4acc413427d7066ff957a070590ff6b927a
3653,2021-09-30,2021,3,2021-11-08,2021-11-08T17:09:18+08:00,2021-11-08,2021-11-08,2021-11-09,MOPS_EXACT,official_timestamp_second_precision,CONSOLIDATED,202103_3653_AI1.pdf,TWSE_MOPS_T57SB01_OFFICIAL_DOCUMENT_UPLOAD,ac4478b32baa7c24b9fe46fe244e36cad66f633dd15dd18a77334b8a5eb35624,ab833f7fba0d9a7f0100844b4c3eb945363df3e00eebf25c1c5e91f07d66e4b9,EXACT_MATCH,MOPS_SINGLE_ELIGIBLE_FILING,f318c6b0e37939ddf68a47ccc571a1dd89c43cef36b9767e455ba19a94c42a1d
3653,2021-12-31,2021,4,2022-03-21,2022-03-21T16:18:16+08:00,2022-03-21,2022-03-21,2022-03-22,MOPS_EXACT,official_timestamp_second_precision,CONSOLIDATED,202104_3653_AI1.pdf,TWSE_MOPS_T57SB01_OFFICIAL_DOCUMENT_UPLOAD,ac4478b32baa7c24b9fe46fe244e36cad66f633dd15dd18a77334b8a5eb35624,4dada6ce1d6298cc5b48b7849da82ab14caa1ebb2a4bd10a355a1ec12d69d465,EXACT_MATCH,MOPS_CONSOLIDATED_PREFERRED_OVER_INDIVIDUAL,51cbbb9fac1902b10858713b232e2c4229b1e3d59d8b7619c137e768f5b23809
3653,2022-03-31,2022,1,2022-05-09,2022-05-09T18:32:43+08:00,2022-05-09,2022-05-09,2022-05-10,MOPS_EXACT,official_timestamp_second_precision,CONSOLIDATED,202201_3653_AI1.pdf,TWSE_MOPS_T57SB01_OFFICIAL_DOCUMENT_UPLOAD,ac4478b32baa7c24b9fe46fe244e36cad66f633dd15dd18a77334b8a5eb35624,4b3dd9ac0832c9d6fda48c2d2ae2a247703f70dd13800d0451ea433aea1972e8,EXACT_MATCH,MOPS_SINGLE_ELIGIBLE_FILING,55c2ebffbbbb2efc8b0f0830b0e65ee7f0b75f53de402d2600651f9f57952aa5
3653,2022-06-30,2022,2,2022-08-08,2022-08-08T17:09:54+08:00,2022-08-08,2022-08-08,2022-08-09,MOPS_EXACT,official_timestamp_second_precision,CONSOLIDATED,202202_3653_AI1.pdf,TWSE_MOPS_T57SB01_OFFICIAL_DOCUMENT_UPLOAD,ac4478b32baa7c24b9fe46fe244e36cad66f633dd15dd18a77334b8a5eb35624,090f262a48d8b8128544ff0e2f088bd1533de0811872e5fef54d01241d4ace35,EXACT_MATCH,MOPS_SINGLE_ELIGIBLE_FILING,972d48fc9a70938108e9916a7200fc400d46e4fad7a5d4bee92098c85d4c23bd
3653,2022-09-30,2022,3,2022-11-07,2022-11-07T17:57:01+08:00,2022-11-07,2022-11-07,2022-11-08,MOPS_EXACT,official_timestamp_second_precision,CONSOLIDATED,202203_3653_AI1.pdf,TWSE_MOPS_T57SB01_OFFICIAL_DOCUMENT_UPLOAD,ac4478b32baa7c24b9fe46fe244e36cad66f633dd15dd18a77334b8a5eb35624,8649cc888fc5dfdff59fd5a98109750c948e118e52f5af61af7d381c3679a5c9,EXACT_MATCH,MOPS_SINGLE_ELIGIBLE_FILING,2233c67ec2cffabad2c9e33ae27341c1d939646bdb11f4a17a7c042a68abac1a
3653,2022-12-31,2022,4,2023-03-22,2023-03-22T15:56:16+08:00,2023-03-22,2023-03-22,2023-03-23,MOPS_EXACT,official_timestamp_second_precision,CONSOLIDATED,202204_3653_AI1.pdf,TWSE_MOPS_T57SB01_OFFICIAL_DOCUMENT_UPLOAD,ac4478b32baa7c24b9fe46fe244e36cad66f633dd15dd18a77334b8a5eb35624,82dd010c9b5d8ef42b5cea9c3f575820c1334a1080c5cf81846bbf181015d087,EXACT_MATCH,MOPS_CONSOLIDATED_PREFERRED_OVER_INDIVIDUAL,e216644bcecbb189005a33362e97670bec9214f2473c5e941c97b50eec48d9e2
3653,2023-03-31,2023,1,2023-05-08,2023-05-08T17:06:18+08:00,2023-05-08,2023-05-08,2023-05-09,MOPS_EXACT,official_timestamp_second_precision,CONSOLIDATED,202301_3653_AI1.pdf,TWSE_MOPS_T57SB01_OFFICIAL_DOCUMENT_UPLOAD,ac4478b32baa7c24b9fe46fe244e36cad66f633dd15dd18a77334b8a5eb35624,9df9488b677589e9508d871e7fe0f79f393383ac6b68ce15ee4927418a132b85,EXACT_MATCH,MOPS_SINGLE_ELIGIBLE_FILING,89ad295d35d17916052834c50bba8872b48d3d007e4e2c0d5f6f6ca68e58783d
3653,2023-06-30,2023,2,2023-08-09,2023-08-09T17:41:59+08:00,2023-08-09,2023-08-09,2023-08-10,MOPS_EXACT,official_timestamp_second_precision,CONSOLIDATED,202302_3653_AI1.pdf,TWSE_MOPS_T57SB01_OFFICIAL_DOCUMENT_UPLOAD,ac4478b32baa7c24b9fe46fe244e36cad66f633dd15dd18a77334b8a5eb35624,e8232e5dcba8deefe62ed0b39f1717d4c2b0d76c2c476b72f2231a60d35cb8f2,EXACT_MATCH,MOPS_SINGLE_ELIGIBLE_FILING,79eaf74cf9565665ef6e38a371a342332b32aa7bcbae793510716f9a922f715f
3653,2023-09-30,2023,3,2023-11-06,2023-11-06T17:05:40+08:00,2023-11-06,2023-11-06,2023-11-07,MOPS_EXACT,official_timestamp_second_precision,CONSOLIDATED,202303_3653_AI1.pdf,TWSE_MOPS_T57SB01_OFFICIAL_DOCUMENT_UPLOAD,ac4478b32baa7c24b9fe46fe244e36cad66f633dd15dd18a77334b8a5eb35624,3bfa46cdf5ef0ed01d0dadd465e5cd1bd04596a7378de243edd683f5ce61b32c,EXACT_MATCH,MOPS_SINGLE_ELIGIBLE_FILING,5c5b9c8711e4d893b5de4b7122e0d315a38ecfaf7d80a2b7647b9b26521041a3
3653,2023-12-31,2023,4,2024-03-11,2024-03-11T17:04:58+08:00,2024-03-11,2024-03-11,2024-03-12,MOPS_EXACT,official_timestamp_second_precision,CONSOLIDATED,202304_3653_AI1.pdf,TWSE_MOPS_T57SB01_OFFICIAL_DOCUMENT_UPLOAD,ac4478b32baa7c24b9fe46fe244e36cad66f633dd15dd18a77334b8a5eb35624,6386ec806907013208d32b47c5fec860a5f61b1f5fb1939938b06872eaec12c6,EXACT_MATCH,MOPS_CONSOLIDATED_PREFERRED_OVER_INDIVIDUAL,9a7c76741a3dc02c2249937aca46115de52818fd0d8604190bbdc3aa978cb803
3653,2024-03-31,2024,1,2024-05-14,2024-05-14T09:40:55+08:00,2024-05-14,2024-05-14,2024-05-15,MOPS_EXACT,official_timestamp_second_precision,CONSOLIDATED,202401_3653_AI1.pdf,TWSE_MOPS_T57SB01_OFFICIAL_DOCUMENT_UPLOAD,ac4478b32baa7c24b9fe46fe244e36cad66f633dd15dd18a77334b8a5eb35624,ef5a1628d11b6f359e55915caa330a152e13cdea1fb21b89f386dd2e86b9ea0c,EXACT_MATCH,MOPS_SINGLE_ELIGIBLE_FILING,4db76a26c644889e5a5c9e85b8e4ede7b48fff700b3d99a9813bbabae7a24ae2
3653,2024-06-30,2024,2,2024-08-08,2024-08-08T19:06:44+08:00,2024-08-08,2024-08-08,2024-08-09,MOPS_EXACT,official_timestamp_second_precision,CONSOLIDATED,202402_3653_AI1.pdf,TWSE_MOPS_T57SB01_OFFICIAL_DOCUMENT_UPLOAD,ac4478b32baa7c24b9fe46fe244e36cad66f633dd15dd18a77334b8a5eb35624,27d5ecfa6a973e369fce4ed4dfc9e1574ace97e99a9a4ca80645182a6405a50a,EXACT_MATCH,MOPS_SINGLE_ELIGIBLE_FILING,f420a2e1ddf5a4d00afbdd63c6500a0171e653e1cb0a01a0f7dac05cfd5f61e5
3653,2024-09-30,2024,3,2024-11-12,2024-11-12T13:58:01+08:00,2024-11-12,2024-11-12,2024-11-13,MOPS_EXACT,official_timestamp_second_precision,CONSOLIDATED,202403_3653_AI1.pdf,TWSE_MOPS_T57SB01_OFFICIAL_DOCUMENT_UPLOAD,ac4478b32baa7c24b9fe46fe244e36cad66f633dd15dd18a77334b8a5eb35624,916eeeab4eccce01c4906d1786c0d2ae444b18f7e341fb5c0ab57a460921bbb2,EXACT_MATCH,MOPS_SINGLE_ELIGIBLE_FILING,282ebfdfb395896ecc4e84f177e7522ade65e51eb50bb22775ffdd96730fa75c
3653,2024-12-31,2024,4,2025-02-26,2025-02-26T17:44:20+08:00,2025-02-26,2025-02-26,2025-02-27,MOPS_EXACT,official_timestamp_second_precision,CONSOLIDATED,202404_3653_AI1.pdf,TWSE_MOPS_T57SB01_OFFICIAL_DOCUMENT_UPLOAD,ac4478b32baa7c24b9fe46fe244e36cad66f633dd15dd18a77334b8a5eb35624,8d103cb4b630fe02759d8aee59275310677a590bd1a67a6c8a072023e1f65aad,EXACT_MATCH,MOPS_CONSOLIDATED_PREFERRED_OVER_INDIVIDUAL,8c8a4fdea4bea8f2c33e2a7b480a406e8cede0fd1f4b72c47c4fbeb3f6454b2a
3653,2025-03-31,2025,1,2025-05-14,2025-05-14T16:35:21+08:00,2025-05-14,2025-05-14,2025-05-15,MOPS_EXACT,official_timestamp_second_precision,CONSOLIDATED,202501_3653_AI1.pdf,TWSE_MOPS_T57SB01_OFFICIAL_DOCUMENT_UPLOAD,ac4478b32baa7c24b9fe46fe244e36cad66f633dd15dd18a77334b8a5eb35624,75589ee4b249ad99068b6be39ed6eae42b3e925aab96352ce86a4415b4dd4d45,EXACT_MATCH,MOPS_SINGLE_ELIGIBLE_FILING,5243a0fe1335f9cde5eb84b9521b171297464c97348a3ce58d2677a48a244e2c
3653,2025-06-30,2025,2,2025-08-13,2025-08-13T17:02:25+08:00,2025-08-13,2025-08-13,2025-08-14,MOPS_EXACT,official_timestamp_second_precision,CONSOLIDATED,202502_3653_AI1.pdf,TWSE_MOPS_T57SB01_OFFICIAL_DOCUMENT_UPLOAD,ac4478b32baa7c24b9fe46fe244e36cad66f633dd15dd18a77334b8a5eb35624,46bd9dee0378003f7d229305c54ca4e8d833f26a8324bac7d69d881c52bcc2a6,EXACT_MATCH,MOPS_SINGLE_ELIGIBLE_FILING,7151e2198f8f8f12d3bbc0616538c2be3ef6e473e5aaf623ad5ad4ad7cc3e06f
3653,2025-09-30,2025,3,2025-11-13,2025-11-13T15:01:35+08:00,2025-11-13,2025-11-13,2025-11-14,MOPS_EXACT,official_timestamp_second_precision,CONSOLIDATED,202503_3653_AI1.pdf,TWSE_MOPS_T57SB01_OFFICIAL_DOCUMENT_UPLOAD,ac4478b32baa7c24b9fe46fe244e36cad66f633dd15dd18a77334b8a5eb35624,feeb84525e252759179d3fc86b6b9e78051b9c420b8ba00a1aeacfced2bfdf69,EXACT_MATCH,MOPS_SINGLE_ELIGIBLE_FILING,fef7cb5f25351c02995b786e4cca7db87ae2b0971d9d86002cdf3584f16d54f4
3653,2025-12-31,2025,4,2026-03-12,2026-03-12T19:15:25+08:00,2026-03-12,2026-03-12,2026-03-13,MOPS_EXACT,official_timestamp_second_precision,CONSOLIDATED,202504_3653_AI1.pdf,TWSE_MOPS_T57SB01_OFFICIAL_DOCUMENT_UPLOAD,ac4478b32baa7c24b9fe46fe244e36cad66f633dd15dd18a77334b8a5eb35624,1c5b766a0d151dcc8ecb5979ae501370fe558ffa0be6735e65912b2e299bfc83,EXACT_MATCH,MOPS_CONSOLIDATED_PREFERRED_OVER_INDIVIDUAL,b4d2b9740ee8fec937db32fb0dceba69ec777ea937c1d2f57fffbb67f1d14710
3653,2026-03-31,2026,1,2026-05-12,2026-05-12T19:25:31+08:00,2026-05-12,2026-05-12,2026-05-13,MOPS_EXACT,official_timestamp_second_precision,CONSOLIDATED,202601_3653_AI1.pdf,TWSE_MOPS_T57SB01_OFFICIAL_DOCUMENT_UPLOAD,ac4478b32baa7c24b9fe46fe244e36cad66f633dd15dd18a77334b8a5eb35624,798af85905d8e1550d29ea60fca09d5cb2774697080dc9ce635538fd64247a5d,EXACT_MATCH,MOPS_SINGLE_ELIGIBLE_FILING,c9a1622c7b64c25ff3a14a434ecd1af2d39dc5507a01273587ae81bdd60fa669
3653,2026-06-30,2026,2,2026-08-12,2026-08-12T16:53:25+08:00,2026-08-12,2026-08-12,2026-08-13,MOPS_EXACT,official_timestamp_second_precision,CONSOLIDATED,202602_3653_AI1.pdf,TWSE_MOPS_T57SB01_OFFICIAL_DOCUMENT_UPLOAD,ac4478b32baa7c24b9fe46fe244e36cad66f633dd15dd18a77334b8a5eb35624,84c5afa6de9e26962ac0489ede2fa51f0df0d0a2c9554b6dbb3186f93bc8df4a,EXACT_MATCH,MOPS_SINGLE_ELIGIBLE_FILING,83b47e8703cbfd7bbc361bbf334fab151f57b279d600a9278f17907687b7d62e
3661,2016-03-31,2016,1,2016-05-13,2016-05-13T15:18:40+08:00,2016-05-13,2016-05-13,2016-05-16,MOPS_EXACT,official_timestamp_second_precision,CONSOLIDATED,201601_3661_AI1.pdf,TWSE_MOPS_T57SB01_OFFICIAL_DOCUMENT_UPLOAD,5550cc96846825d526642583dc4a6fed6187fabf6693afbd03d70a9e994fdc1f,382d1e3856a9feb63bf91326c0e98fb1e36e0caa13a3281cadde460a1a5f1ce6,EXACT_MATCH,MOPS_SINGLE_ELIGIBLE_FILING,8a624f1a36f296e5b0c8c12434bf5112d1dfc23678fe9f6525e954879c8d5796
3661,2016-06-30,2016,2,2016-08-12,2016-08-12T15:01:33+08:00,2016-08-12,2016-08-12,2016-08-15,MOPS_EXACT,official_timestamp_second_precision,CONSOLIDATED,201602_3661_AI1.pdf,TWSE_MOPS_T57SB01_OFFICIAL_DOCUMENT_UPLOAD,5550cc96846825d526642583dc4a6fed6187fabf6693afbd03d70a9e994fdc1f,9df7bfc9ca7ec3153fd2585d64d2c43347b269831c04f32e66676881937a1a90,EXACT_MATCH,MOPS_SINGLE_ELIGIBLE_FILING,f1a7f84ba2d9ce182f8ad4a5fb1ad9867cdae0fcb25b67324e8d2ae5fdf74ce0
3661,2016-09-30,2016,3,2016-11-14,2016-11-14T14:28:20+08:00,2016-11-14,2016-11-14,2016-11-15,MOPS_EXACT,official_timestamp_second_precision,CONSOLIDATED,201603_3661_AI1.pdf,TWSE_MOPS_T57SB01_OFFICIAL_DOCUMENT_UPLOAD,5550cc96846825d526642583dc4a6fed6187fabf6693afbd03d70a9e994fdc1f,cc81105bb65241c664a59b0b2b7c61064dbba177301596349b2ec2db8c3ee127,EXACT_MATCH,MOPS_SINGLE_ELIGIBLE_FILING,89e4ae74ee253e20f05e54afa45bc2b2dbdae28d5d081b32df57c757104b15a4
3661,2016-12-31,2016,4,2017-03-30,2017-03-30T16:17:14+08:00,2017-03-30,2017-03-30,2017-03-31,MOPS_EXACT,official_timestamp_second_precision,CONSOLIDATED,201604_3661_AI1.pdf,TWSE_MOPS_T57SB01_OFFICIAL_DOCUMENT_UPLOAD,5550cc96846825d526642583dc4a6fed6187fabf6693afbd03d70a9e994fdc1f,d6f32e4abca232ac85774b19ddcd4556b4607437536bc6bb2b55e3653b0fab9e,EXACT_MATCH,MOPS_SINGLE_ELIGIBLE_FILING,4353a06e980d490afad8c2950dcdc0fb438f6ece382636eb5dd62a46ebbe8a34
3661,2017-03-31,2017,1,2017-05-12,2017-05-12T15:46:18+08:00,2017-05-12,2017-05-12,2017-05-15,MOPS_EXACT,official_timestamp_second_precision,CONSOLIDATED,201701_3661_AI1.pdf,TWSE_MOPS_T57SB01_OFFICIAL_DOCUMENT_UPLOAD,5550cc96846825d526642583dc4a6fed6187fabf6693afbd03d70a9e994fdc1f,f283d0bd59332b40c77f29bcdb013ab26c36619abb11fe1cb3c71fe970000b39,EXACT_MATCH,MOPS_SINGLE_ELIGIBLE_FILING,a6b190d20fb4a280db3fa62948c6a393adb89e9ce8a962c37c0412de00fc8b25
3661,2017-06-30,2017,2,2017-08-11,2017-08-11T17:13:09+08:00,2017-08-11,2017-08-11,2017-08-14,MOPS_EXACT,official_timestamp_second_precision,CONSOLIDATED,201702_3661_AI1.pdf,TWSE_MOPS_T57SB01_OFFICIAL_DOCUMENT_UPLOAD,5550cc96846825d526642583dc4a6fed6187fabf6693afbd03d70a9e994fdc1f,93dcbada972666fffd747ce4235b54c1ca3ed58e72d2aa3ad61d152ea278a5e1,EXACT_MATCH,MOPS_SINGLE_ELIGIBLE_FILING,80465b7804c6db198edaadabe0ce85933d1e0f433f23192f78efe564c5dfd50c
3661,2017-09-30,2017,3,2017-11-10,2017-11-10T16:24:07+08:00,2017-11-10,2017-11-10,2017-11-13,MOPS_EXACT,official_timestamp_second_precision,CONSOLIDATED,201703_3661_AI1.pdf,TWSE_MOPS_T57SB01_OFFICIAL_DOCUMENT_UPLOAD,5550cc96846825d526642583dc4a6fed6187fabf6693afbd03d70a9e994fdc1f,86054689c46a474df923f3cb6517de4aebb9df37809e7ff75e2d2c103c10f1e5,EXACT_MATCH,MOPS_SINGLE_ELIGIBLE_FILING,e852b00bebc9b4b5d0a8776ca11bfcf148c89a92b7cfa1f269a99f251355f345
3661,2017-12-31,2017,4,2018-03-30,2018-03-30T15:17:50+08:00,2018-03-30,2018-03-30,2018-03-31,MOPS_EXACT,official_timestamp_second_precision,CONSOLIDATED,201704_3661_AI1.pdf,TWSE_MOPS_T57SB01_OFFICIAL_DOCUMENT_UPLOAD,5550cc96846825d526642583dc4a6fed6187fabf6693afbd03d70a9e994fdc1f,642ea642977d5d1cb07c6dcd141bae7ad110fa4434d482b4266423c7f81552ba,EXACT_MATCH,MOPS_SINGLE_ELIGIBLE_FILING,92ba74a2bd3f8845346e2eee74c1b3bb20785d182d262944a752f9ab6e9b9c91
3661,2018-03-31,2018,1,2018-05-15,2018-05-15T14:36:19+08:00,2018-05-15,2018-05-15,2018-05-16,MOPS_EXACT,official_timestamp_second_precision,CONSOLIDATED,201801_3661_AI1.pdf,TWSE_MOPS_T57SB01_OFFICIAL_DOCUMENT_UPLOAD,5550cc96846825d526642583dc4a6fed6187fabf6693afbd03d70a9e994fdc1f,153c2bb0c7b000cb47332053da2cdd52c8e7f8436e48890a1d0379cd5854c24f,EXACT_MATCH,MOPS_SINGLE_ELIGIBLE_FILING,7fad2c2a35d329b33d46fbe8bcae5b68ec6df7a7d65730e8a00f474e72ee5d17
3661,2018-06-30,2018,2,2018-08-13,2018-08-13T16:39:38+08:00,2018-08-13,2018-08-13,2018-08-14,MOPS_EXACT,official_timestamp_second_precision,CONSOLIDATED,201802_3661_AI1.pdf,TWSE_MOPS_T57SB01_OFFICIAL_DOCUMENT_UPLOAD,5550cc96846825d526642583dc4a6fed6187fabf6693afbd03d70a9e994fdc1f,5baccda2ab537eeeb4647d99510bc90d0b88192ce338232f6f0a7921821eb2e5,EXACT_MATCH,MOPS_SINGLE_ELIGIBLE_FILING,d36183644eea32f4b6abdfec3f3de45bcef12ce78d5b8f48383120ec188f0a05
3661,2018-09-30,2018,3,2018-11-13,2018-11-13T15:53:56+08:00,2018-11-13,2018-11-13,2018-11-14,MOPS_EXACT,official_timestamp_second_precision,CONSOLIDATED,201803_3661_AI1.pdf,TWSE_MOPS_T57SB01_OFFICIAL_DOCUMENT_UPLOAD,5550cc96846825d526642583dc4a6fed6187fabf6693afbd03d70a9e994fdc1f,08c34ea3d17831f5e8f3e4a18ea0fc974d0c18fd7ae8205085ca3dc81b08d750,EXACT_MATCH,MOPS_SINGLE_ELIGIBLE_FILING,868554fbe01ac976255bb412be2ac81f29be6ce23017f500b36dfb99f37b31a1
3661,2018-12-31,2018,4,2019-03-29,2019-03-29T15:29:55+08:00,2019-03-29,2019-03-29,2019-04-01,MOPS_EXACT,official_timestamp_second_precision,CONSOLIDATED,201804_3661_AI1.pdf,TWSE_MOPS_T57SB01_OFFICIAL_DOCUMENT_UPLOAD,5550cc96846825d526642583dc4a6fed6187fabf6693afbd03d70a9e994fdc1f,c51a485078d828189d29a8cae700e5ab830a722bd0c749fcae0994c29f3ac41e,EXACT_MATCH,MOPS_SINGLE_ELIGIBLE_FILING,be8ceceee954ad4ae7998e167dc38df3892cc8a83a1b45198a29774633f5820e
3661,2019-03-31,2019,1,2019-05-14,2019-05-14T15:07:52+08:00,2019-05-14,2019-05-14,2019-05-15,MOPS_EXACT,official_timestamp_second_precision,CONSOLIDATED,201901_3661_AI1.pdf,TWSE_MOPS_T57SB01_OFFICIAL_DOCUMENT_UPLOAD,5550cc96846825d526642583dc4a6fed6187fabf6693afbd03d70a9e994fdc1f,68bcefe51900c49a03665ee9d0f654f75ece5e21d758688bc78ee97b72d34297,EXACT_MATCH,MOPS_SINGLE_ELIGIBLE_FILING,f0e52e2ba63dd6e136cd80f638dfcbcd671d622674e770b0de030467e0790382
3661,2019-06-30,2019,2,2019-08-13,2019-08-13T14:22:10+08:00,2019-08-13,2019-08-13,2019-08-14,MOPS_EXACT,official_timestamp_second_precision,CONSOLIDATED,201902_3661_AI1.pdf,TWSE_MOPS_T57SB01_OFFICIAL_DOCUMENT_UPLOAD,5550cc96846825d526642583dc4a6fed6187fabf6693afbd03d70a9e994fdc1f,1a0cda1a0d177ec94f844d560f0e7b11a6085740a5119632ad940da0612c0307,EXACT_MATCH,MOPS_SINGLE_ELIGIBLE_FILING,15a2b5e77ff9b7d3637c6d5fe3ecc4ea8dac39d48de51111b1eaf24c9df1f690
3661,2019-09-30,2019,3,2019-11-13,2019-11-13T15:50:06+08:00,2019-11-13,2019-11-13,2019-11-14,MOPS_EXACT,official_timestamp_second_precision,CONSOLIDATED,201903_3661_AI1.pdf,TWSE_MOPS_T57SB01_OFFICIAL_DOCUMENT_UPLOAD,5550cc96846825d526642583dc4a6fed6187fabf6693afbd03d70a9e994fdc1f,259dbdb75014a11501274bce46a510fde9e93fdc40a37c46d974d4fed6bd6bca,EXACT_MATCH,MOPS_SINGLE_ELIGIBLE_FILING,1629b062a986f40aa7747c500f9d6d129755f2ce957afc1f78594d9614b0865e
3661,2019-12-31,2019,4,2020-03-27,2020-03-27T14:37:03+08:00,2020-03-27,2020-03-27,2020-03-30,MOPS_EXACT,official_timestamp_second_precision,CONSOLIDATED,201904_3661_AI1.pdf,TWSE_MOPS_T57SB01_OFFICIAL_DOCUMENT_UPLOAD,5550cc96846825d526642583dc4a6fed6187fabf6693afbd03d70a9e994fdc1f,15c25f176c6b0829a718c93b4d13964dce0a0bd7e11eddb1f84cecb69e03cc47,EXACT_MATCH,MOPS_SINGLE_ELIGIBLE_FILING,4036c512af6aecda203a655470d4418b9e102a51e0b2753c8c588bfa0d5f1e7a
3661,2020-03-31,2020,1,2020-05-14,2020-05-14T14:03:21+08:00,2020-05-14,2020-05-14,2020-05-15,MOPS_EXACT,official_timestamp_second_precision,CONSOLIDATED,202001_3661_AI1.pdf,TWSE_MOPS_T57SB01_OFFICIAL_DOCUMENT_UPLOAD,5550cc96846825d526642583dc4a6fed6187fabf6693afbd03d70a9e994fdc1f,cbf3ea386ab7a7b6be7fdff6f76f56d4807efd1c1000b3002b46b3b8be4366b4,EXACT_MATCH,MOPS_SINGLE_ELIGIBLE_FILING,cb226a9bb8f64f37d1b0833bb1d1feadeff8e61293089d7745e3ece1c73d9862
3661,2020-06-30,2020,2,2020-08-13,2020-08-13T14:07:56+08:00,2020-08-13,2020-08-13,2020-08-14,MOPS_EXACT,official_timestamp_second_precision,CONSOLIDATED,202002_3661_AI1.pdf,TWSE_MOPS_T57SB01_OFFICIAL_DOCUMENT_UPLOAD,5550cc96846825d526642583dc4a6fed6187fabf6693afbd03d70a9e994fdc1f,bccaca97022ab6e2fcb9ed65301b12f569ccbe522b6687bc38aa744258473008,EXACT_MATCH,MOPS_SINGLE_ELIGIBLE_FILING,494af42b638042933f1af5ad05d741d992b704acbdd73299c85b9024befdd403
3661,2020-09-30,2020,3,2020-11-11,2020-11-11T16:45:10+08:00,2020-11-11,2020-11-11,2020-11-12,MOPS_EXACT,official_timestamp_second_precision,CONSOLIDATED,202003_3661_AI1.pdf,TWSE_MOPS_T57SB01_OFFICIAL_DOCUMENT_UPLOAD,5550cc96846825d526642583dc4a6fed6187fabf6693afbd03d70a9e994fdc1f,d8d8cdfc8cb6e99fa1f1b08e6f3c9b81273632cc2057e6817857b6c68d85d73d,EXACT_MATCH,MOPS_SINGLE_ELIGIBLE_FILING,382a05d391a42f664eeecba881c8ee7ecb09fce365da122f04be0290dfae7408
3661,2020-12-31,2020,4,2021-03-25,2021-03-25T14:50:25+08:00,2021-03-25,2021-03-25,2021-03-26,MOPS_EXACT,official_timestamp_second_precision,CONSOLIDATED,202004_3661_AI1.pdf,TWSE_MOPS_T57SB01_OFFICIAL_DOCUMENT_UPLOAD,5550cc96846825d526642583dc4a6fed6187fabf6693afbd03d70a9e994fdc1f,80d482f4e05e8634e9cde97e2bf16fb3cd7cb9fbdaa99cc556fc5ae37bbf97c2,EXACT_MATCH,MOPS_SINGLE_ELIGIBLE_FILING,a3fe72c7cde221bf1e7bf9ae4a8c4efb6702caa75c7250d6502ef05ce8369a06
3661,2021-03-31,2021,1,2021-05-12,2021-05-12T14:41:07+08:00,2021-05-12,2021-05-12,2021-05-13,MOPS_EXACT,official_timestamp_second_precision,CONSOLIDATED,202101_3661_AI1.pdf,TWSE_MOPS_T57SB01_OFFICIAL_DOCUMENT_UPLOAD,5550cc96846825d526642583dc4a6fed6187fabf6693afbd03d70a9e994fdc1f,f9b09d5bb0506191eab941d6f30787622f65a74119ebe961a16450aff91328a5,EXACT_MATCH,MOPS_SINGLE_ELIGIBLE_FILING,7a10a6306d2ccc7f347cd92e2ec41d0e3d3f517285e6d418fff2ce7538c1664a
3661,2021-06-30,2021,2,2021-08-27,2021-08-27T15:16:47+08:00,2021-08-27,2021-08-27,2021-08-30,MOPS_EXACT,official_timestamp_second_precision,CONSOLIDATED,202102_3661_AI1.pdf,TWSE_MOPS_T57SB01_OFFICIAL_DOCUMENT_UPLOAD,5550cc96846825d526642583dc4a6fed6187fabf6693afbd03d70a9e994fdc1f,c9011300cf01ccbe9bdf0b38d722a0edfef3c9ec73141c4ee8112e7f650a4f4a,EXACT_MATCH,MOPS_SINGLE_ELIGIBLE_FILING,9aad6c71487e711df6e31dd9a54f1702aaaa9db53b8cc49373b2adc9f9953525
3661,2021-09-30,2021,3,2021-11-10,2021-11-10T16:17:57+08:00,2021-11-10,2021-11-10,2021-11-11,MOPS_EXACT,official_timestamp_second_precision,CONSOLIDATED,202103_3661_AI1.pdf,TWSE_MOPS_T57SB01_OFFICIAL_DOCUMENT_UPLOAD,5550cc96846825d526642583dc4a6fed6187fabf6693afbd03d70a9e994fdc1f,2268b2a107fd5963994c259724899cd2e21e16e6d99647e2feb642204c2339a6,EXACT_MATCH,MOPS_SINGLE_ELIGIBLE_FILING,8d088260cf04f6c63efa741b99318cdc8fe2cb0563cb37c1892d11447dde9b3c
3661,2021-12-31,2021,4,2022-03-22,2022-03-22T15:24:34+08:00,2022-03-22,2022-03-22,2022-03-23,MOPS_EXACT,official_timestamp_second_precision,CONSOLIDATED,202104_3661_AI1.pdf,TWSE_MOPS_T57SB01_OFFICIAL_DOCUMENT_UPLOAD,5550cc96846825d526642583dc4a6fed6187fabf6693afbd03d70a9e994fdc1f,145801d3dc4b5fee21283b158adef2356586c51f13cf7cf3255809daccdf0c00,EXACT_MATCH,MOPS_SINGLE_ELIGIBLE_FILING,bc936221add99746ae4d1f1b3b399cd67b5f2e85fc62661a71b708e176f432bd
3661,2022-03-31,2022,1,2022-05-13,2022-05-13T13:35:49+08:00,2022-05-13,2022-05-13,2022-05-16,MOPS_EXACT,official_timestamp_second_precision,CONSOLIDATED,202201_3661_AI1.pdf,TWSE_MOPS_T57SB01_OFFICIAL_DOCUMENT_UPLOAD,5550cc96846825d526642583dc4a6fed6187fabf6693afbd03d70a9e994fdc1f,e5721689e84fc3d9d73b6387e079c525b337cc9d2866abf7ac4f4296978986a5,EXACT_MATCH,MOPS_SINGLE_ELIGIBLE_FILING,8c90b74dab026ecd8b9552b5bb75dfc04c1d5f918dbfad01f33805a92c6b3558
3661,2022-06-30,2022,2,2022-08-29,2022-08-29T11:53:26+08:00,2022-08-29,2022-08-29,2022-08-30,MOPS_EXACT,official_timestamp_second_precision,CONSOLIDATED,202202_3661_AI1.pdf,TWSE_MOPS_T57SB01_OFFICIAL_DOCUMENT_UPLOAD,5550cc96846825d526642583dc4a6fed6187fabf6693afbd03d70a9e994fdc1f,41550b4ac2df1fb109eabc09b81a467fa0f031ba0e828191eb7e6a303864db75,EXACT_MATCH,MOPS_SINGLE_ELIGIBLE_FILING,1bd2d1c05ba4a9290ba8735088bb6d001755e0df2b14104bca72663b2e45be1b
3661,2022-09-30,2022,3,2022-11-10,2022-11-10T14:08:33+08:00,2022-11-10,2022-11-10,2022-11-11,MOPS_EXACT,official_timestamp_second_precision,CONSOLIDATED,202203_3661_AI1.pdf,TWSE_MOPS_T57SB01_OFFICIAL_DOCUMENT_UPLOAD,5550cc96846825d526642583dc4a6fed6187fabf6693afbd03d70a9e994fdc1f,a8d8783ca28a9d154d8270bdf2f67ea181bceddd4d0c53d36c89372847501494,EXACT_MATCH,MOPS_SINGLE_ELIGIBLE_FILING,38940fa224d78350eb02215cfa31193f21486785bc6822736120a59e8f09359b
3661,2022-12-31,2022,4,2023-03-22,2023-03-22T16:47:52+08:00,2023-03-22,2023-03-22,2023-03-23,MOPS_EXACT,official_timestamp_second_precision,CONSOLIDATED,202204_3661_AI1.pdf,TWSE_MOPS_T57SB01_OFFICIAL_DOCUMENT_UPLOAD,5550cc96846825d526642583dc4a6fed6187fabf6693afbd03d70a9e994fdc1f,e0b27bd6bc85a9f48ceda75765e04bc704480279f4570e939c88a30ba383fdbe,EXACT_MATCH,MOPS_SINGLE_ELIGIBLE_FILING,fcc603d2816fce413e310822a7127047f27816910a9985b3883e4193ed46168e
3661,2023-03-31,2023,1,2023-05-15,2023-05-15T09:19:04+08:00,2023-05-15,2023-05-15,2023-05-16,MOPS_EXACT,official_timestamp_second_precision,CONSOLIDATED,202301_3661_AI1.pdf,TWSE_MOPS_T57SB01_OFFICIAL_DOCUMENT_UPLOAD,5550cc96846825d526642583dc4a6fed6187fabf6693afbd03d70a9e994fdc1f,d7812380c22ff5b33644cf916ded5805ebb19b2d8b54ffbb9fe86911a8cc9990,EXACT_MATCH,MOPS_SINGLE_ELIGIBLE_FILING,6340bebace0100bd13f3bae2aee45f279468393a2e0f49556bfb4a851718bcdb
3661,2023-06-30,2023,2,2023-08-24,2023-08-24T14:28:23+08:00,2023-08-24,2023-08-24,2023-08-25,MOPS_EXACT,official_timestamp_second_precision,CONSOLIDATED,202302_3661_AI1.pdf,TWSE_MOPS_T57SB01_OFFICIAL_DOCUMENT_UPLOAD,5550cc96846825d526642583dc4a6fed6187fabf6693afbd03d70a9e994fdc1f,29260459a16d27eb2963bc14fe1ca19cc9448495720c0bf22f99cd800e9a30fa,EXACT_MATCH,MOPS_SINGLE_ELIGIBLE_FILING,1fffdd766068634ccaec1b73b1b3a0022eb2cfb2525523e750a91378ba16ba46
3661,2023-09-30,2023,3,2023-11-10,2023-11-10T11:41:15+08:00,2023-11-10,2023-11-10,2023-11-13,MOPS_EXACT,official_timestamp_second_precision,CONSOLIDATED,202303_3661_AI1.pdf,TWSE_MOPS_T57SB01_OFFICIAL_DOCUMENT_UPLOAD,5550cc96846825d526642583dc4a6fed6187fabf6693afbd03d70a9e994fdc1f,fb6c8911af9b31711b4ba7904367d82059a13294bc6fb315b025bec1ffea4727,EXACT_MATCH,MOPS_SINGLE_ELIGIBLE_FILING,aa17f9aa251046c9da2f85b8507386e113cace296a39d26b74b37ccefac75e1b
3661,2023-12-31,2023,4,2024-03-12,2024-03-12T14:52:46+08:00,2024-03-12,2024-03-12,2024-03-13,MOPS_EXACT,official_timestamp_second_precision,CONSOLIDATED,202304_3661_AI1.pdf,TWSE_MOPS_T57SB01_OFFICIAL_DOCUMENT_UPLOAD,5550cc96846825d526642583dc4a6fed6187fabf6693afbd03d70a9e994fdc1f,296355379660ed56fccadda6addd515c7d64b0cd36333a5e966861f57561edcb,EXACT_MATCH,MOPS_SINGLE_ELIGIBLE_FILING,774f0cd590c8bcaf85c817dacd0244459378ace54eac5d73d58754deadbcae6c
3661,2024-03-31,2024,1,2024-05-10,2024-05-10T14:20:25+08:00,2024-05-10,2024-05-10,2024-05-13,MOPS_EXACT,official_timestamp_second_precision,CONSOLIDATED,202401_3661_AI1.pdf,TWSE_MOPS_T57SB01_OFFICIAL_DOCUMENT_UPLOAD,5550cc96846825d526642583dc4a6fed6187fabf6693afbd03d70a9e994fdc1f,1b14de736bae8e39b128606f1a1ccde67be6ed26b4ca77733ed7ba123c571d13,EXACT_MATCH,MOPS_SINGLE_ELIGIBLE_FILING,41ed566891214f57a73a3565da8a9d53865545ed4cde96c94afcc2c050c865d8
3661,2024-06-30,2024,2,2024-08-29,2024-08-29T10:42:22+08:00,2024-08-29,2024-08-29,2024-08-30,MOPS_EXACT,official_timestamp_second_precision,CONSOLIDATED,202402_3661_AI1.pdf,TWSE_MOPS_T57SB01_OFFICIAL_DOCUMENT_UPLOAD,5550cc96846825d526642583dc4a6fed6187fabf6693afbd03d70a9e994fdc1f,bd0b02254804bf9bd8604e7472f5741ce3fa5f01bcf545671053642ce98eadc6,EXACT_MATCH,MOPS_SINGLE_ELIGIBLE_FILING,d88ae05cd1950fffff635eeece814fe4117f96b5cbc766adbf6443e422415827
3661,2024-09-30,2024,3,2024-11-11,2024-11-11T15:12:24+08:00,2024-11-11,2024-11-11,2024-11-12,MOPS_EXACT,official_timestamp_second_precision,CONSOLIDATED,202403_3661_AI1.pdf,TWSE_MOPS_T57SB01_OFFICIAL_DOCUMENT_UPLOAD,5550cc96846825d526642583dc4a6fed6187fabf6693afbd03d70a9e994fdc1f,baaf81413f7134ea532090a437da06482866bef8c9d4c8016f15d30388e58f28,EXACT_MATCH,MOPS_SINGLE_ELIGIBLE_FILING,eda4fa9858ce2bdfa43bfcaa3323049e93fcfcbe58e6ccb6e86b021457a4f3f8
3661,2024-12-31,2024,4,2025-03-13,2025-03-13T14:43:43+08:00,2025-03-13,2025-03-13,2025-03-14,MOPS_EXACT,official_timestamp_second_precision,CONSOLIDATED,202404_3661_AI1.pdf,TWSE_MOPS_T57SB01_OFFICIAL_DOCUMENT_UPLOAD,5550cc96846825d526642583dc4a6fed6187fabf6693afbd03d70a9e994fdc1f,88e98eda8d828bbfcc219fd098677ff2a0923bbbfcc5b83dc21ccf87695e8339,EXACT_MATCH,MOPS_SINGLE_ELIGIBLE_FILING,ecf945ae0a9a62e4a03d39388b8c12e24fa8a3a031a68460e9a572d85a20745b
3661,2025-03-31,2025,1,2025-05-13,2025-05-13T17:12:19+08:00,2025-05-13,2025-05-13,2025-05-14,MOPS_EXACT,official_timestamp_second_precision,CONSOLIDATED,202501_3661_AI1.pdf,TWSE_MOPS_T57SB01_OFFICIAL_DOCUMENT_UPLOAD,5550cc96846825d526642583dc4a6fed6187fabf6693afbd03d70a9e994fdc1f,9c069bcd246ed0d610fc446f665ccc1f5fbb8c092b2dfaaf5cb3d60d0f3a83a7,EXACT_MATCH,MOPS_SINGLE_ELIGIBLE_FILING,374498618330f5495cdac9e18bff05586468be31be8e32897fa3f3fbc2ccc4ea
3661,2025-06-30,2025,2,2025-08-15,2025-08-15T15:22:41+08:00,2025-08-15,2025-08-15,2025-08-18,MOPS_EXACT,official_timestamp_second_precision,CONSOLIDATED,202502_3661_AI1.pdf,TWSE_MOPS_T57SB01_OFFICIAL_DOCUMENT_UPLOAD,5550cc96846825d526642583dc4a6fed6187fabf6693afbd03d70a9e994fdc1f,47eefcd3bc582e5e0eb5f230a6491fc6246121ba76cafa175bb332c78b33e167,EXACT_MATCH,MOPS_SINGLE_ELIGIBLE_FILING,1ed132d5550194eeef5c510e14a2b2bc9b0eae0227a05bbbb28900dfe4011841
3661,2025-09-30,2025,3,2025-11-11,2025-11-11T13:44:31+08:00,2025-11-11,2025-11-11,2025-11-12,MOPS_EXACT,official_timestamp_second_precision,CONSOLIDATED,202503_3661_AI1.pdf,TWSE_MOPS_T57SB01_OFFICIAL_DOCUMENT_UPLOAD,5550cc96846825d526642583dc4a6fed6187fabf6693afbd03d70a9e994fdc1f,b9520e51da44b83e833b3e98081bf17b1ae15bbefac83f48ee36b78650ced7b8,EXACT_MATCH,MOPS_SINGLE_ELIGIBLE_FILING,abddbf5211a433930af26e2d3adefc06fd39e7be5a72b548219a0653f1eadd81
3661,2025-12-31,2025,4,2026-03-12,2026-03-12T16:16:29+08:00,2026-03-12,2026-03-12,2026-03-13,MOPS_EXACT,official_timestamp_second_precision,CONSOLIDATED,202504_3661_AI1.pdf,TWSE_MOPS_T57SB01_OFFICIAL_DOCUMENT_UPLOAD,5550cc96846825d526642583dc4a6fed6187fabf6693afbd03d70a9e994fdc1f,e4d1bb219511ed3926d8cc696ea1669fe6f95af90df966f5998f83dd3dbcee8a,EXACT_MATCH,MOPS_SINGLE_ELIGIBLE_FILING,a8e1ea34b94a69ec812c115aabaf506e02ffde9c120615d4627a2157b5e45c3a
3661,2026-03-31,2026,1,2026-05-08,2026-05-08T16:35:30+08:00,2026-05-08,2026-05-08,2026-05-11,MOPS_EXACT,official_timestamp_second_precision,CONSOLIDATED,202601_3661_AI1.pdf,TWSE_MOPS_T57SB01_OFFICIAL_DOCUMENT_UPLOAD,5550cc96846825d526642583dc4a6fed6187fabf6693afbd03d70a9e994fdc1f,f69a089bcc359f6360f1dd95618afc06bdc57439c0c1f417c81fdc9b192abfa1,EXACT_MATCH,MOPS_SINGLE_ELIGIBLE_FILING,15ada8083d00a0ea3d89bb818155f444da549fa94c0754f60ec1b1132d2a3e1a
3661,2026-06-30,2026,2,2026-08-20,2026-08-20T13:35:22+08:00,2026-08-20,2026-08-20,2026-08-21,MOPS_EXACT,official_timestamp_second_precision,CONSOLIDATED,202602_3661_AI1.pdf,TWSE_MOPS_T57SB01_OFFICIAL_DOCUMENT_UPLOAD,5550cc96846825d526642583dc4a6fed6187fabf6693afbd03d70a9e994fdc1f,2e380c28c8757346463e8d725e9fcd745b95e11d44bf44ec67393c2308a4f7e4,EXACT_MATCH,MOPS_SINGLE_ELIGIBLE_FILING,3cbd803fb22d81a7963f51033349ae35a030da37b9c6589f66cd07d206ccd9c3
3665,2016-03-31,2016,1,2016-05-13,2016-05-13T13:34:12+08:00,2016-05-13,2016-05-13,2016-05-16,MOPS_EXACT,official_timestamp_second_precision,CONSOLIDATED,201601_3665_AI1.pdf,TWSE_MOPS_T57SB01_OFFICIAL_DOCUMENT_UPLOAD,cc2de94628e17b11a329f0be5ad7963fc4dbd7d92f11dfb64ea54d6b1df348aa,78c5cfa61209d78bfd1fcf3133ef95201321a991243a073e3b94b4862649df88,EXACT_MATCH,MOPS_SINGLE_ELIGIBLE_FILING,2c4793ae796f4c2b9b7ff29a205a9d07521649ffe645383fcf7dfdd55fb2e168
3665,2016-06-30,2016,2,2016-08-12,2016-08-12T17:31:09+08:00,2016-08-12,2016-08-12,2016-08-15,MOPS_EXACT,official_timestamp_second_precision,CONSOLIDATED,201602_3665_AI1.pdf,TWSE_MOPS_T57SB01_OFFICIAL_DOCUMENT_UPLOAD,cc2de94628e17b11a329f0be5ad7963fc4dbd7d92f11dfb64ea54d6b1df348aa,526bd73f7d386297e65042b3be2b68ec66036a83b234b232633af85ace2bdf3b,EXACT_MATCH,MOPS_SINGLE_ELIGIBLE_FILING,379f75e250bd02cee9d7a5ad852d2f9676046c8f49e40411d8b032a0f74fa17b
3665,2016-09-30,2016,3,2016-11-14,2016-11-14T09:34:56+08:00,2016-11-14,2016-11-14,2016-11-15,MOPS_EXACT,official_timestamp_second_precision,CONSOLIDATED,201603_3665_AI1.pdf,TWSE_MOPS_T57SB01_OFFICIAL_DOCUMENT_UPLOAD,cc2de94628e17b11a329f0be5ad7963fc4dbd7d92f11dfb64ea54d6b1df348aa,3ae0bc83948d2fa5cb2085d0a3203f08f64e28c2019cf0ce044f8bd3d54c7138,EXACT_MATCH,MOPS_SINGLE_ELIGIBLE_FILING,8de4ca1aa18bafb24642af29b1f83d83799eb4f070acdea4828c73f0f6fcff4e
3665,2016-12-31,2016,4,2017-03-29,2017-03-29T13:59:59+08:00,2017-03-29,2017-03-29,2017-03-30,MOPS_EXACT,official_timestamp_second_precision,CONSOLIDATED,201604_3665_AI1.pdf,TWSE_MOPS_T57SB01_OFFICIAL_DOCUMENT_UPLOAD,cc2de94628e17b11a329f0be5ad7963fc4dbd7d92f11dfb64ea54d6b1df348aa,6524c8d875f8cc1f6ddb18ff359e63c297453a06bd372a12bc7b4470105bc155,EXACT_MATCH,MOPS_SINGLE_ELIGIBLE_FILING,86b976ba491f688d8229b1d2c3f5079e4997e5e35ca4592383c1f5603a50e094
3665,2017-03-31,2017,1,2017-05-12,2017-05-12T16:04:59+08:00,2017-05-12,2017-05-12,2017-05-15,MOPS_EXACT,official_timestamp_second_precision,CONSOLIDATED,201701_3665_AI1.pdf,TWSE_MOPS_T57SB01_OFFICIAL_DOCUMENT_UPLOAD,cc2de94628e17b11a329f0be5ad7963fc4dbd7d92f11dfb64ea54d6b1df348aa,50127063e516639c1d73eb6b30d8be32c2325f49ffc490b1c3bdbf3888df78e7,EXACT_MATCH,MOPS_SINGLE_ELIGIBLE_FILING,bb12fcc994680c7d409e1f427ee014d1f53508afde0a9275b0afd7a09ff5b581
3665,2017-06-30,2017,2,2017-08-14,2017-08-14T14:35:22+08:00,2017-08-14,2017-08-14,2017-08-15,MOPS_EXACT,official_timestamp_second_precision,CONSOLIDATED,201702_3665_AI1.pdf,TWSE_MOPS_T57SB01_OFFICIAL_DOCUMENT_UPLOAD,cc2de94628e17b11a329f0be5ad7963fc4dbd7d92f11dfb64ea54d6b1df348aa,9f3ff89fd51693b5b52a8db580ceb531706c233de9251fafe13c72fbbeb5bad4,EXACT_MATCH,MOPS_SINGLE_ELIGIBLE_FILING,848cdf53bbc0e443fdca06811f362a474de4ef1138ffd724d1ae40594fbc61e6
3665,2017-09-30,2017,3,2017-11-14,2017-11-14T13:48:38+08:00,2017-11-14,2017-11-14,2017-11-15,MOPS_EXACT,official_timestamp_second_precision,CONSOLIDATED,201703_3665_AI1.pdf,TWSE_MOPS_T57SB01_OFFICIAL_DOCUMENT_UPLOAD,cc2de94628e17b11a329f0be5ad7963fc4dbd7d92f11dfb64ea54d6b1df348aa,052badab8abf727975e94dbfcbaee41418ec1ac1b7131b7aeafd0e4c96672ca4,EXACT_MATCH,MOPS_SINGLE_ELIGIBLE_FILING,ebcf830068f6b6f0b3954ef48f8c1ced25066df53a0c6d9f28f6d2c89a3ddf19
3665,2017-12-31,2017,4,2018-03-22,2018-03-22T09:26:38+08:00,2018-03-22,2018-03-22,2018-03-23,MOPS_EXACT,official_timestamp_second_precision,CONSOLIDATED,201704_3665_AI1.pdf,TWSE_MOPS_T57SB01_OFFICIAL_DOCUMENT_UPLOAD,cc2de94628e17b11a329f0be5ad7963fc4dbd7d92f11dfb64ea54d6b1df348aa,79ccb60778bef8704b8e08ffa4695567d53b84c4f00749a0c3e17bea6554f3a7,EXACT_MATCH,MOPS_SINGLE_ELIGIBLE_FILING,1b5995457a935d005c00f11c6edc71bcbcda23722b796eaa5e1f7c37168e4aa2
3665,2018-03-31,2018,1,2018-05-15,2018-05-15T09:51:33+08:00,2018-05-15,2018-05-15,2018-05-16,MOPS_EXACT,official_timestamp_second_precision,CONSOLIDATED,201801_3665_AI1.pdf,TWSE_MOPS_T57SB01_OFFICIAL_DOCUMENT_UPLOAD,cc2de94628e17b11a329f0be5ad7963fc4dbd7d92f11dfb64ea54d6b1df348aa,712d887585beeba6eb78033e5db04a265551c3b9d671008bb4a7cd20c0277e23,EXACT_MATCH,MOPS_SINGLE_ELIGIBLE_FILING,7db5f6c594936c3144e4b4b1306480ab17af70ec3ffb31b6d13e3c4ebb92164d
3665,2018-06-30,2018,2,2018-08-14,2018-08-14T08:33:26+08:00,2018-08-14,2018-08-14,2018-08-15,MOPS_EXACT,official_timestamp_second_precision,CONSOLIDATED,201802_3665_AI1.pdf,TWSE_MOPS_T57SB01_OFFICIAL_DOCUMENT_UPLOAD,cc2de94628e17b11a329f0be5ad7963fc4dbd7d92f11dfb64ea54d6b1df348aa,a666df621f131bbd4eb0f567ee92e63dee19deacbb8af800e1ea98d0a9433474,EXACT_MATCH,MOPS_SINGLE_ELIGIBLE_FILING,d6fa157cf1c027231ed11b8857c63be00cc15bbe1f97efe1191968f084e3e54b
3665,2018-09-30,2018,3,2018-11-14,2018-11-14T16:29:21+08:00,2018-11-14,2018-11-14,2018-11-15,MOPS_EXACT,official_timestamp_second_precision,CONSOLIDATED,201803_3665_AI1.pdf,TWSE_MOPS_T57SB01_OFFICIAL_DOCUMENT_UPLOAD,cc2de94628e17b11a329f0be5ad7963fc4dbd7d92f11dfb64ea54d6b1df348aa,ab531c8da6d82bf93d245623c86e43c33a63b80049d85cc43b510d0d4b47d0c5,EXACT_MATCH,MOPS_SINGLE_ELIGIBLE_FILING,9fdf4acf88a2b0ab9812d5623bff02343d012be23851ecc2dadf8b55bf057a5f
3665,2018-12-31,2018,4,2019-03-25,2019-03-25T11:12:06+08:00,2019-03-25,2019-03-25,2019-03-26,MOPS_EXACT,official_timestamp_second_precision,CONSOLIDATED,201804_3665_AI1.pdf,TWSE_MOPS_T57SB01_OFFICIAL_DOCUMENT_UPLOAD,cc2de94628e17b11a329f0be5ad7963fc4dbd7d92f11dfb64ea54d6b1df348aa,ddfbe7433b0990755a6ab31a73007ebcc13f585a225cf8eb3976b92f080c5667,EXACT_MATCH,MOPS_SINGLE_ELIGIBLE_FILING,63fe8a167c9c391ce1abdbe8ce5e4d6e79b09b812b8d6851c1262d981b885676
3665,2019-03-31,2019,1,2019-05-14,2019-05-14T13:48:50+08:00,2019-05-14,2019-05-14,2019-05-15,MOPS_EXACT,official_timestamp_second_precision,CONSOLIDATED,201901_3665_AI1.pdf,TWSE_MOPS_T57SB01_OFFICIAL_DOCUMENT_UPLOAD,cc2de94628e17b11a329f0be5ad7963fc4dbd7d92f11dfb64ea54d6b1df348aa,d07296895d0e4a69eafbc1d37a93e08bdfee37140446fa85fafd8a41394f73fe,EXACT_MATCH,MOPS_SINGLE_ELIGIBLE_FILING,940be589b04b2edf0db5ae2cd5a74abd0bf24b1e54228c65a1fc35016b59dabf
3665,2019-06-30,2019,2,2019-08-14,2019-08-14T14:10:39+08:00,2019-08-14,2019-08-14,2019-08-15,MOPS_EXACT,official_timestamp_second_precision,CONSOLIDATED,201902_3665_AI1.pdf,TWSE_MOPS_T57SB01_OFFICIAL_DOCUMENT_UPLOAD,cc2de94628e17b11a329f0be5ad7963fc4dbd7d92f11dfb64ea54d6b1df348aa,95a559169e56ceac7ab54db3d1b09104181aba3495a0da495d2d468bffdbd73a,EXACT_MATCH,MOPS_SINGLE_ELIGIBLE_FILING,eee3047557ab854c91ca8d9cdf4297eaf9e17d19ab259ff63b971a505ca6ca30
3665,2019-09-30,2019,3,2019-11-14,2019-11-14T08:27:23+08:00,2019-11-14,2019-11-14,2019-11-15,MOPS_EXACT,official_timestamp_second_precision,CONSOLIDATED,201903_3665_AI1.pdf,TWSE_MOPS_T57SB01_OFFICIAL_DOCUMENT_UPLOAD,cc2de94628e17b11a329f0be5ad7963fc4dbd7d92f11dfb64ea54d6b1df348aa,616026444fb360b1bcf0492e11a9575e2e329d8c6d5fad4c14321a14254224e3,EXACT_MATCH,MOPS_SINGLE_ELIGIBLE_FILING,11a3f730a9a611656a070d26a70ca937240339cb0e72516210730292e0526d4a
3665,2019-12-31,2019,4,2020-03-25,2020-03-25T08:17:59+08:00,2020-03-25,2020-03-25,2020-03-26,MOPS_EXACT,official_timestamp_second_precision,CONSOLIDATED,201904_3665_AI1.pdf,TWSE_MOPS_T57SB01_OFFICIAL_DOCUMENT_UPLOAD,cc2de94628e17b11a329f0be5ad7963fc4dbd7d92f11dfb64ea54d6b1df348aa,f0d57e7e1b497b9c24961f532270d8fb6e1234ca2878224250af518e6950c422,EXACT_MATCH,MOPS_SINGLE_ELIGIBLE_FILING,3630bdb3f5aeaf19a49d533325dc9db02c3670f3445e2fe5c738ef12456771aa
3665,2020-03-31,2020,1,2020-05-15,2020-05-15T14:26:59+08:00,2020-05-15,2020-05-15,2020-05-18,MOPS_EXACT,official_timestamp_second_precision,CONSOLIDATED,202001_3665_AI1.pdf,TWSE_MOPS_T57SB01_OFFICIAL_DOCUMENT_UPLOAD,cc2de94628e17b11a329f0be5ad7963fc4dbd7d92f11dfb64ea54d6b1df348aa,fdbb7c78ec7e9610a9adbeb71b6b50e3d2cde0bd172fd86ad9fbf2e80aefcac1,EXACT_MATCH,MOPS_SINGLE_ELIGIBLE_FILING,dd441250607e6769693ac5205d30575b8f6d43a3f8b5b916a4c7cba4199e7131
3665,2020-06-30,2020,2,2020-08-14,2020-08-14T12:08:29+08:00,2020-08-14,2020-08-14,2020-08-17,MOPS_EXACT,official_timestamp_second_precision,CONSOLIDATED,202002_3665_AI1.pdf,TWSE_MOPS_T57SB01_OFFICIAL_DOCUMENT_UPLOAD,cc2de94628e17b11a329f0be5ad7963fc4dbd7d92f11dfb64ea54d6b1df348aa,e3b12e3781694081735093129a52181ddcd2356541df30b45105184a0890396b,EXACT_MATCH,MOPS_SINGLE_ELIGIBLE_FILING,24083bcc442c81d148f9dae5e2229fa99474a16f1d26caa6602c68d232a89e11
3665,2020-09-30,2020,3,2020-11-13,2020-11-13T17:41:51+08:00,2020-11-13,2020-11-13,2020-11-16,MOPS_EXACT,official_timestamp_second_precision,CONSOLIDATED,202003_3665_AI1.pdf,TWSE_MOPS_T57SB01_OFFICIAL_DOCUMENT_UPLOAD,cc2de94628e17b11a329f0be5ad7963fc4dbd7d92f11dfb64ea54d6b1df348aa,d33563c74675ea9adedccbd73495278848c8ab65b573b4706e8112c81e7e6227,EXACT_MATCH,MOPS_SINGLE_ELIGIBLE_FILING,37974a035810e4a1a08a18eee6cd6430bf10b467a21bf6ec2e408a6f08104d24
3665,2020-12-31,2020,4,2021-03-31,2021-03-31T13:04:56+08:00,2021-03-31,2021-03-31,2021-04-01,MOPS_EXACT,official_timestamp_second_precision,CONSOLIDATED,202004_3665_AI1.pdf,TWSE_MOPS_T57SB01_OFFICIAL_DOCUMENT_UPLOAD,cc2de94628e17b11a329f0be5ad7963fc4dbd7d92f11dfb64ea54d6b1df348aa,5dd43ca3a84f60a36e2192992f6f04c0ba918dadbbae7e074581c8109fad10ef,EXACT_MATCH,MOPS_SINGLE_ELIGIBLE_FILING,3f5427514bea2f9c1a5933cf5af85a64bebd8995986d6abfc64df28e6707d2b5
3665,2021-03-31,2021,1,2021-05-17,2021-05-17T11:53:15+08:00,2021-05-17,2021-05-17,2021-05-18,MOPS_EXACT,official_timestamp_second_precision,CONSOLIDATED,202101_3665_AI1.pdf,TWSE_MOPS_T57SB01_OFFICIAL_DOCUMENT_UPLOAD,cc2de94628e17b11a329f0be5ad7963fc4dbd7d92f11dfb64ea54d6b1df348aa,66464b84cbaaa967ddac76df8cede027870da11d9e8474e2074dd7b02158cace,EXACT_MATCH,MOPS_SINGLE_ELIGIBLE_FILING,a0d3dfe6834057b369252524fc280b32f696d39f3d2b68acb8483f834d742446
3665,2021-06-30,2021,2,2021-08-31,2021-08-31T16:32:07+08:00,2021-08-31,2021-08-31,2021-09-01,MOPS_EXACT,official_timestamp_second_precision,CONSOLIDATED,202102_3665_AI1.pdf,TWSE_MOPS_T57SB01_OFFICIAL_DOCUMENT_UPLOAD,cc2de94628e17b11a329f0be5ad7963fc4dbd7d92f11dfb64ea54d6b1df348aa,6ee9157336d43f0aa8ecb4c71f7e2ca8ee7e0960641df0dc9e2e83d9f5c43371,EXACT_MATCH,MOPS_SINGLE_ELIGIBLE_FILING,50c7574383e91350b496ca65e7537e29116dfdfe609bbe68bf57387d10d554f6
3665,2021-09-30,2021,3,2021-11-15,2021-11-15T16:18:17+08:00,2021-11-15,2021-11-15,2021-11-16,MOPS_EXACT,official_timestamp_second_precision,CONSOLIDATED,202103_3665_AI1.pdf,TWSE_MOPS_T57SB01_OFFICIAL_DOCUMENT_UPLOAD,cc2de94628e17b11a329f0be5ad7963fc4dbd7d92f11dfb64ea54d6b1df348aa,e4d2a1fed62710d35cc41112f913730423824e66337f9451ffb0289659da3f27,EXACT_MATCH,MOPS_SINGLE_ELIGIBLE_FILING,768b2bec75c0f0cb24624ede0644da0e51f8fd7b6e49d93551e6f8d8f98402b5
3665,2021-12-31,2021,4,2022-03-31,2022-03-31T16:35:02+08:00,2022-03-31,2022-03-31,2022-04-01,MOPS_EXACT,official_timestamp_second_precision,CONSOLIDATED,202104_3665_AI1.pdf,TWSE_MOPS_T57SB01_OFFICIAL_DOCUMENT_UPLOAD,cc2de94628e17b11a329f0be5ad7963fc4dbd7d92f11dfb64ea54d6b1df348aa,e324d1788a837f75c0d7a331530c317b45fcf41e610cd73786ca7a28c567bffb,EXACT_MATCH,MOPS_SINGLE_ELIGIBLE_FILING,309b18594b1a22f1e5f375ae236cb6ce9a4f8a7a04e65c5d12a47b190e173138
3665,2022-03-31,2022,1,2022-05-16,2022-05-16T15:17:59+08:00,2022-05-16,2022-05-16,2022-05-17,MOPS_EXACT,official_timestamp_second_precision,CONSOLIDATED,202201_3665_AI1.pdf,TWSE_MOPS_T57SB01_OFFICIAL_DOCUMENT_UPLOAD,cc2de94628e17b11a329f0be5ad7963fc4dbd7d92f11dfb64ea54d6b1df348aa,0e59eb02ae8fd21bd19a0c5159148b9ed95d57c74867edc133f4791f20a37699,EXACT_MATCH,MOPS_SINGLE_ELIGIBLE_FILING,a7c44986f7473eafbe1f64c0c15549f99975b3737ce4168a56b567698c62daa1
3665,2022-06-30,2022,2,2022-08-31,2022-08-31T14:10:00+08:00,2022-08-31,2022-08-31,2022-09-01,MOPS_EXACT,official_timestamp_second_precision,CONSOLIDATED,202202_3665_AI1.pdf,TWSE_MOPS_T57SB01_OFFICIAL_DOCUMENT_UPLOAD,cc2de94628e17b11a329f0be5ad7963fc4dbd7d92f11dfb64ea54d6b1df348aa,45972a099be3cd05e120e53a9bb633da6130ef1943efeccbdf993522d6440df2,EXACT_MATCH,MOPS_SINGLE_ELIGIBLE_FILING,c0a50689bc68d598648d43bff6d5e0e7b4290defbefaf8a123d200de3251c27c
3665,2022-09-30,2022,3,2022-11-14,2022-11-14T13:58:49+08:00,2022-11-14,2022-11-14,2022-11-15,MOPS_EXACT,official_timestamp_second_precision,CONSOLIDATED,202203_3665_AI1.pdf,TWSE_MOPS_T57SB01_OFFICIAL_DOCUMENT_UPLOAD,cc2de94628e17b11a329f0be5ad7963fc4dbd7d92f11dfb64ea54d6b1df348aa,a85b05f3001233acbcf06834119e33751b3d499a0fa3db66719c90f5629be7a4,EXACT_MATCH,MOPS_SINGLE_ELIGIBLE_FILING,59227738f09824e2fd5b2f69d16383b3b96385e76e5d9a7534e58483e487f5c4
3665,2022-12-31,2022,4,2023-03-31,2023-03-31T13:52:19+08:00,2023-03-31,2023-03-31,2023-04-06,MOPS_EXACT,official_timestamp_second_precision,CONSOLIDATED,202204_3665_AI1.pdf,TWSE_MOPS_T57SB01_OFFICIAL_DOCUMENT_UPLOAD,cc2de94628e17b11a329f0be5ad7963fc4dbd7d92f11dfb64ea54d6b1df348aa,10b2be85ae6f580ee365b646579c24efbeee511322eaa3988a9bcbc663023b6f,EXACT_MATCH,MOPS_SINGLE_ELIGIBLE_FILING,136d64e8d8d293270256cffd2bc6a9df37452814dc7bc8e105d82221bf1c783e
3665,2023-03-31,2023,1,2023-05-15,2023-05-15T14:24:13+08:00,2023-05-15,2023-05-15,2023-05-16,MOPS_EXACT,official_timestamp_second_precision,CONSOLIDATED,202301_3665_AI1.pdf,TWSE_MOPS_T57SB01_OFFICIAL_DOCUMENT_UPLOAD,cc2de94628e17b11a329f0be5ad7963fc4dbd7d92f11dfb64ea54d6b1df348aa,c4c2b345a43d8dce37fcb88a2fd19a1ffdbb0078314fc81c5762db5847f536e9,EXACT_MATCH,MOPS_SINGLE_ELIGIBLE_FILING,4e199961329202833be2fd8225b56fac77159f7d6d3064f7dbbbed03a6cd02ad
3665,2023-06-30,2023,2,2023-08-29,2023-08-29T08:39:00+08:00,2023-08-29,2023-08-29,2023-08-30,MOPS_EXACT,official_timestamp_second_precision,CONSOLIDATED,202302_3665_AI1.pdf,TWSE_MOPS_T57SB01_OFFICIAL_DOCUMENT_UPLOAD,cc2de94628e17b11a329f0be5ad7963fc4dbd7d92f11dfb64ea54d6b1df348aa,ef6a470b58debb7c25f467a166bcece51524b4c4b745214d187819492a8fa818,EXACT_MATCH,MOPS_SINGLE_ELIGIBLE_FILING,03f6c3672885e13cc3a8990510241086d9dfdbe7975ae7ebddac45b3063bbad9
3665,2023-09-30,2023,3,2023-11-13,2023-11-13T15:18:05+08:00,2023-11-13,2023-11-13,2023-11-14,MOPS_EXACT,official_timestamp_second_precision,CONSOLIDATED,202303_3665_AI1.pdf,TWSE_MOPS_T57SB01_OFFICIAL_DOCUMENT_UPLOAD,cc2de94628e17b11a329f0be5ad7963fc4dbd7d92f11dfb64ea54d6b1df348aa,cf68ff829323de9dad0422c42e043eebd67c45baf35753e02852a77009ee29a9,EXACT_MATCH,MOPS_SINGLE_ELIGIBLE_FILING,dfa08bb5e74cebb082dc49cd9abf309d54e7f6799a8cde29aa6d431b8caade0f
3665,2023-12-31,2023,4,2024-03-14,2024-03-14T10:20:56+08:00,2024-03-14,2024-03-14,2024-03-15,MOPS_EXACT,official_timestamp_second_precision,CONSOLIDATED,202304_3665_AI1.pdf,TWSE_MOPS_T57SB01_OFFICIAL_DOCUMENT_UPLOAD,cc2de94628e17b11a329f0be5ad7963fc4dbd7d92f11dfb64ea54d6b1df348aa,847066b6351ff50b0b0a653e7b5880cc079a642d8d95b843e086981a12f8704a,EXACT_MATCH,MOPS_SINGLE_ELIGIBLE_FILING,6ec247516a7278c2ef1ea6fc963d6da9ff773ac50cc920834bd05e587aaae2a6
3665,2024-03-31,2024,1,2024-05-14,2024-05-14T15:56:26+08:00,2024-05-14,2024-05-14,2024-05-15,MOPS_EXACT,official_timestamp_second_precision,CONSOLIDATED,202401_3665_AI1.pdf,TWSE_MOPS_T57SB01_OFFICIAL_DOCUMENT_UPLOAD,cc2de94628e17b11a329f0be5ad7963fc4dbd7d92f11dfb64ea54d6b1df348aa,029f9fd71550855e23bae318509fcf8430901f625883a633b36df865590c484b,EXACT_MATCH,MOPS_SINGLE_ELIGIBLE_FILING,c6a2fc6e0c50aa064a56ed5a7b27a970342f2af5eda22eb480e77ed06f61fc87
3665,2024-06-30,2024,2,2024-08-29,2024-08-29T09:19:00+08:00,2024-08-29,2024-08-29,2024-08-30,MOPS_EXACT,official_timestamp_second_precision,CONSOLIDATED,202402_3665_AI1.pdf,TWSE_MOPS_T57SB01_OFFICIAL_DOCUMENT_UPLOAD,cc2de94628e17b11a329f0be5ad7963fc4dbd7d92f11dfb64ea54d6b1df348aa,f5183457a36d0b3468e199d1747a0218a06f0dcfd7ec178c3dc2df22fc835597,EXACT_MATCH,MOPS_SINGLE_ELIGIBLE_FILING,b2f67bcd7bc46dfc6b0226a0767acf91e3d1e8df1ea026220d94fa4c843239fc
3665,2024-09-30,2024,3,2024-11-08,2024-11-08T14:37:36+08:00,2024-11-08,2024-11-08,2024-11-11,MOPS_EXACT,official_timestamp_second_precision,CONSOLIDATED,202403_3665_AI1.pdf,TWSE_MOPS_T57SB01_OFFICIAL_DOCUMENT_UPLOAD,cc2de94628e17b11a329f0be5ad7963fc4dbd7d92f11dfb64ea54d6b1df348aa,18bde80114466196cecd1d0c842797d9d663925622fe4135af91a7d4841f4232,EXACT_MATCH,MOPS_SINGLE_ELIGIBLE_FILING,a2a447e3fab5d37c58efd9b99deee1cf85455b5ad1c1e03a38a31aa07f38d9d6
3665,2024-12-31,2024,4,2025-03-13,2025-03-13T10:06:52+08:00,2025-03-13,2025-03-13,2025-03-14,MOPS_EXACT,official_timestamp_second_precision,CONSOLIDATED,202404_3665_AI1.pdf,TWSE_MOPS_T57SB01_OFFICIAL_DOCUMENT_UPLOAD,cc2de94628e17b11a329f0be5ad7963fc4dbd7d92f11dfb64ea54d6b1df348aa,d3b0a0bbe8c407b759d833a283d9b5d05311ba0df839314832ee77478101f28b,EXACT_MATCH,MOPS_SINGLE_ELIGIBLE_FILING,f4f4dd10b28f9c375a3085662a1601a34a8a40881e165115afdd938e81103b9f
3665,2025-03-31,2025,1,2025-05-14,2025-05-14T16:27:14+08:00,2025-05-14,2025-05-14,2025-05-15,MOPS_EXACT,official_timestamp_second_precision,CONSOLIDATED,202501_3665_AI1.pdf,TWSE_MOPS_T57SB01_OFFICIAL_DOCUMENT_UPLOAD,cc2de94628e17b11a329f0be5ad7963fc4dbd7d92f11dfb64ea54d6b1df348aa,4d87e09fe5269f3e97b0c380165d57c807e45b1e1ebd2c30d5c0118c0d60b10c,EXACT_MATCH,MOPS_SINGLE_ELIGIBLE_FILING,e598e7b4b400914e0693a25eaa022749d9049b719186245d46ee4c73c76ec516
3665,2025-06-30,2025,2,2025-08-20,2025-08-20T14:24:09+08:00,2025-08-20,2025-08-20,2025-08-21,MOPS_EXACT,official_timestamp_second_precision,CONSOLIDATED,202502_3665_AI1.pdf,TWSE_MOPS_T57SB01_OFFICIAL_DOCUMENT_UPLOAD,cc2de94628e17b11a329f0be5ad7963fc4dbd7d92f11dfb64ea54d6b1df348aa,9e64fa3848dfa1f065774e99d08f0e4f1f497483ba5b7a3c2eef46d91109161c,EXACT_MATCH,MOPS_SINGLE_ELIGIBLE_FILING,5a592f72b0865fe266375990ede928d3c0e47854d95211fc7cc6451606f50212
3665,2025-09-30,2025,3,2025-11-11,2025-11-11T10:12:30+08:00,2025-11-11,2025-11-11,2025-11-12,MOPS_EXACT,official_timestamp_second_precision,CONSOLIDATED,202503_3665_AI1.pdf,TWSE_MOPS_T57SB01_OFFICIAL_DOCUMENT_UPLOAD,cc2de94628e17b11a329f0be5ad7963fc4dbd7d92f11dfb64ea54d6b1df348aa,e5371d2e2a9c343aa2e074c6c24e74c7a50dd07038bf635f4b25a900674cfd0e,EXACT_MATCH,MOPS_SINGLE_ELIGIBLE_FILING,f2016703963f50380783d0d0c54d1388adb6387c7653dc3d10e1714ec531b5ee
3665,2025-12-31,2025,4,2026-03-13,2026-03-13T15:23:37+08:00,2026-03-13,2026-03-13,2026-03-16,MOPS_EXACT,official_timestamp_second_precision,CONSOLIDATED,202504_3665_AI1.pdf,TWSE_MOPS_T57SB01_OFFICIAL_DOCUMENT_UPLOAD,cc2de94628e17b11a329f0be5ad7963fc4dbd7d92f11dfb64ea54d6b1df348aa,d2e283df1b65e3adbf329c507c10ec6a84d6bce211fe25381496bd8f9a8f8a77,EXACT_MATCH,MOPS_SINGLE_ELIGIBLE_FILING,72b5f49e0f8d70fa647cda2ee7dfe947ddd588c7ce8bc79f94fb0718ac66e605
3665,2026-03-31,2026,1,2026-05-14,2026-05-14T15:30:20+08:00,2026-05-14,2026-05-14,2026-05-15,MOPS_EXACT,official_timestamp_second_precision,CONSOLIDATED,202601_3665_AI1.pdf,TWSE_MOPS_T57SB01_OFFICIAL_DOCUMENT_UPLOAD,cc2de94628e17b11a329f0be5ad7963fc4dbd7d92f11dfb64ea54d6b1df348aa,224bfe26904d32209a789dfd08c28101e68428d9cd12a1a906d2c17049314ecc,EXACT_MATCH,MOPS_SINGLE_ELIGIBLE_FILING,1761e9ae469872cd0bc315db676312cbe56145831071b5a4eaa3022f8d910409
3665,2026-06-30,2026,2,2026-08-25,2026-08-25T13:56:04+08:00,2026-08-25,2026-08-25,2026-08-26,MOPS_EXACT,official_timestamp_second_precision,CONSOLIDATED,202602_3665_AI1.pdf,TWSE_MOPS_T57SB01_OFFICIAL_DOCUMENT_UPLOAD,cc2de94628e17b11a329f0be5ad7963fc4dbd7d92f11dfb64ea54d6b1df348aa,26eea12091c1881379c77a78a1da00e3f88f6690fb8c81c77e50dbba60961ac3,EXACT_MATCH,MOPS_SINGLE_ELIGIBLE_FILING,b3f4c63271c4119f3f0d3db2b18c87c66b41cf600fd07408f90230926c7492c0
3711,2017-06-30,2017,2,,,2017-08-29,2017-08-29,2017-08-30,AVAILABLE_DATE_PROXY,conservative_proxy,,,,,,UNMATCHED_PROXY,MOPS_GENUINELY_UNMATCHED,921090bcb31f139bb245b57f6d9222bb6be460acebc61a87790817a68df337ab
3711,2017-09-30,2017,3,,,2017-11-29,2017-11-29,2017-11-30,AVAILABLE_DATE_PROXY,conservative_proxy,,,,,,UNMATCHED_PROXY,MOPS_GENUINELY_UNMATCHED,b6a524df854b7dca76bdec385abfccb9bb24cd8249bd7772992a2eedbc16f4fb
3711,2017-12-31,2017,4,,,2018-03-31,2018-03-31,2018-04-02,AVAILABLE_DATE_PROXY,conservative_proxy,,,,,,UNMATCHED_PROXY,MOPS_GENUINELY_UNMATCHED,3158b62fdea184d2684e4c3d4ab52442b42a295e885c6aef161a071aab2ba0c5
3711,2018-03-31,2018,1,,,2018-05-30,2018-05-30,2018-05-31,AVAILABLE_DATE_PROXY,conservative_proxy,,,,,,UNMATCHED_PROXY,MOPS_GENUINELY_UNMATCHED,75c8f1a8d8d1207a6c31ac1c2e84fa70b668c6b652a9e4f2598e68b85625ef03
3711,2018-06-30,2018,2,2018-08-13,2018-08-13T15:05:17+08:00,2018-08-13,2018-08-13,2018-08-14,MOPS_EXACT,official_timestamp_second_precision,CONSOLIDATED,201802_3711_AI1.pdf,TWSE_MOPS_T57SB01_OFFICIAL_DOCUMENT_UPLOAD,b416a1196dc8e1045f8ca5f9930af1a1042e6473bfbf2ec636a0cec7f3d267c5,3cb70dc4651fe864ed4d8d8c7339c92c0df9dae78c3959f0a762604469666872,EXACT_MATCH,MOPS_SINGLE_ELIGIBLE_FILING,eec66a593535c44141db009d96e8ede42c01a79d5688c157dabf533fe71ba207
3711,2018-09-30,2018,3,2018-11-09,2018-11-09T15:08:45+08:00,2018-11-09,2018-11-09,2018-11-12,MOPS_EXACT,official_timestamp_second_precision,CONSOLIDATED,201803_3711_AI1.pdf,TWSE_MOPS_T57SB01_OFFICIAL_DOCUMENT_UPLOAD,b416a1196dc8e1045f8ca5f9930af1a1042e6473bfbf2ec636a0cec7f3d267c5,8a2d209f7ba1e323e19eb6089a8f6302b8dc7176e36f8fb6771a0c1bc6330377,EXACT_MATCH,MOPS_SINGLE_ELIGIBLE_FILING,0d21fbbc5a4fb48b1d419a47482cebf7808c6f38d463616fe80a347ce0b7d3f3
3711,2018-12-31,2018,4,2019-02-27,2019-02-27T18:13:51+08:00,2019-02-27,2019-02-27,2019-03-04,MOPS_EXACT,official_timestamp_second_precision,CONSOLIDATED,201804_3711_AI1.pdf,TWSE_MOPS_T57SB01_OFFICIAL_DOCUMENT_UPLOAD,b416a1196dc8e1045f8ca5f9930af1a1042e6473bfbf2ec636a0cec7f3d267c5,983afdcb6bbc9a74bc5dfd718f02913782716ba5956b601ec6b9ac76d023adbf,EXACT_MATCH,MOPS_CONSOLIDATED_PREFERRED_OVER_INDIVIDUAL,720e6946089c9604cf7fe9254192af9abe257a75f70ba5a9dc797ea29aca855d
3711,2019-03-31,2019,1,2019-05-13,2019-05-13T15:56:31+08:00,2019-05-13,2019-05-13,2019-05-14,MOPS_EXACT,official_timestamp_second_precision,CONSOLIDATED,201901_3711_AI1.pdf,TWSE_MOPS_T57SB01_OFFICIAL_DOCUMENT_UPLOAD,b416a1196dc8e1045f8ca5f9930af1a1042e6473bfbf2ec636a0cec7f3d267c5,a3a222631c4b15926104569e3cb6ef1724a8c2fe11c6dbdf8112e9128250f281,EXACT_MATCH,MOPS_SINGLE_ELIGIBLE_FILING,613f611549615824e0c937d67676e321ea4d932f9912a48a684255a9c881004d
3711,2019-06-30,2019,2,2019-08-13,2019-08-13T15:53:38+08:00,2019-08-13,2019-08-13,2019-08-14,MOPS_EXACT,official_timestamp_second_precision,CONSOLIDATED,201902_3711_AI1.pdf,TWSE_MOPS_T57SB01_OFFICIAL_DOCUMENT_UPLOAD,b416a1196dc8e1045f8ca5f9930af1a1042e6473bfbf2ec636a0cec7f3d267c5,4d19bbdbdc8d35531eb2b085fddc0bbe1be85abdd783981edb4460ecb5487e9c,EXACT_MATCH,MOPS_SINGLE_ELIGIBLE_FILING,280b46a7e8345df8c7f09ea19adc766f7f7e3cb97e31965c407e5ace0be4146d
3711,2019-09-30,2019,3,2019-11-11,2019-11-11T17:19:46+08:00,2019-11-11,2019-11-11,2019-11-12,MOPS_EXACT,official_timestamp_second_precision,CONSOLIDATED,201903_3711_AI1.pdf,TWSE_MOPS_T57SB01_OFFICIAL_DOCUMENT_UPLOAD,b416a1196dc8e1045f8ca5f9930af1a1042e6473bfbf2ec636a0cec7f3d267c5,0e849aca0550774790a058b3c4b9c30afacc9652eecbe658ee15e0140935c1f1,EXACT_MATCH,MOPS_SINGLE_ELIGIBLE_FILING,ac346665bdffdce364e7387977bb1384f596d15162293cf7fb3c4dcc9d154b2c
3711,2019-12-31,2019,4,2020-03-10,2020-03-10T16:10:28+08:00,2020-03-10,2020-03-10,2020-03-11,MOPS_EXACT,official_timestamp_second_precision,CONSOLIDATED,201904_3711_AI1.pdf,TWSE_MOPS_T57SB01_OFFICIAL_DOCUMENT_UPLOAD,b416a1196dc8e1045f8ca5f9930af1a1042e6473bfbf2ec636a0cec7f3d267c5,8097672c42be7f8a38f852633210e70294238d44afc8d8bd37d46a4ea2e1a269,EXACT_MATCH,MOPS_CONSOLIDATED_PREFERRED_OVER_INDIVIDUAL,17f6acd888ee584a78f9a4b833bbca8bfcfa9c2193096c7f2d3bccd07e420337
3711,2020-03-31,2020,1,2020-05-07,2020-05-07T15:22:58+08:00,2020-05-07,2020-05-07,2020-05-08,MOPS_EXACT,official_timestamp_second_precision,CONSOLIDATED,202001_3711_AI1.pdf,TWSE_MOPS_T57SB01_OFFICIAL_DOCUMENT_UPLOAD,b416a1196dc8e1045f8ca5f9930af1a1042e6473bfbf2ec636a0cec7f3d267c5,20289120794770b44d71113ea6fe39d7ca5e8ced5db0a79e93e6b7c544ff60bc,EXACT_MATCH,MOPS_SINGLE_ELIGIBLE_FILING,a2b276aa9c57447cb0d9f80858cfc81a20cdb0eff1b61060aef8df0cff4f2139
3711,2020-06-30,2020,2,2020-08-06,2020-08-06T17:08:37+08:00,2020-08-06,2020-08-06,2020-08-07,MOPS_EXACT,official_timestamp_second_precision,CONSOLIDATED,202002_3711_AI1.pdf,TWSE_MOPS_T57SB01_OFFICIAL_DOCUMENT_UPLOAD,b416a1196dc8e1045f8ca5f9930af1a1042e6473bfbf2ec636a0cec7f3d267c5,fe75821bba806e7c0fc03943c09aae7f992db7c1817743ee29d9c0a48471e1a8,EXACT_MATCH,MOPS_SINGLE_ELIGIBLE_FILING,d83b53a4cad0f90c8f47fc6a5936c30c07e93fe8d54d2a0e77cb33b43a048488
3711,2020-09-30,2020,3,2020-11-04,2020-11-04T16:30:57+08:00,2020-11-04,2020-11-04,2020-11-05,MOPS_EXACT,official_timestamp_second_precision,CONSOLIDATED,202003_3711_AI1.pdf,TWSE_MOPS_T57SB01_OFFICIAL_DOCUMENT_UPLOAD,b416a1196dc8e1045f8ca5f9930af1a1042e6473bfbf2ec636a0cec7f3d267c5,f7c89d414c6ad398391780bd7d4fdbce119a1387c6dceb2ef083d9e00ac12dad,EXACT_MATCH,MOPS_SINGLE_ELIGIBLE_FILING,3abda6cb50e6ac4a39ca415ce1299a5e2fd82a4b1edf6cecb2c5a6ec0881523b
3711,2020-12-31,2020,4,2021-02-26,2021-02-26T19:14:47+08:00,2021-02-26,2021-02-26,2021-03-02,MOPS_EXACT,official_timestamp_second_precision,CONSOLIDATED,202004_3711_AI1.pdf,TWSE_MOPS_T57SB01_OFFICIAL_DOCUMENT_UPLOAD,b416a1196dc8e1045f8ca5f9930af1a1042e6473bfbf2ec636a0cec7f3d267c5,1941b68e740d8fd8e1123860da862db6bb64c583beadd315a06ff02d3a2511f9,EXACT_MATCH,MOPS_CONSOLIDATED_PREFERRED_OVER_INDIVIDUAL,0e301d9529302a18bf9d2f8615d8b9d489a8f1d2ea7923e2efcd8f61c73b9cc1
3711,2021-03-31,2021,1,2021-05-07,2021-05-07T17:17:13+08:00,2021-05-07,2021-05-07,2021-05-10,MOPS_EXACT,official_timestamp_second_precision,CONSOLIDATED,202101_3711_AI1.pdf,TWSE_MOPS_T57SB01_OFFICIAL_DOCUMENT_UPLOAD,b416a1196dc8e1045f8ca5f9930af1a1042e6473bfbf2ec636a0cec7f3d267c5,fa9eb5b6fc50aba19aee5e290d4e4150c2ce6b52f38ecca424845ab57ea4b333,EXACT_MATCH,MOPS_SINGLE_ELIGIBLE_FILING,907a3e8322921350ecaab1e8b09a96e44478f4e507676b1ca37935f6fe6531ae
3711,2021-06-30,2021,2,2021-08-06,2021-08-06T17:24:31+08:00,2021-08-06,2021-08-06,2021-08-09,MOPS_EXACT,official_timestamp_second_precision,CONSOLIDATED,202102_3711_AI1.pdf,TWSE_MOPS_T57SB01_OFFICIAL_DOCUMENT_UPLOAD,b416a1196dc8e1045f8ca5f9930af1a1042e6473bfbf2ec636a0cec7f3d267c5,d0f8abb83f78538f722d0c2c7fd160305acc1ddece548d6da70cc5cf71f9a21a,EXACT_MATCH,MOPS_SINGLE_ELIGIBLE_FILING,4877d04d8e52fbaee6776a019550e744318cc638b4e821ed55dfe5439de62273
3711,2021-09-30,2021,3,2021-11-05,2021-11-05T16:55:15+08:00,2021-11-05,2021-11-05,2021-11-08,MOPS_EXACT,official_timestamp_second_precision,CONSOLIDATED,202103_3711_AI1.pdf,TWSE_MOPS_T57SB01_OFFICIAL_DOCUMENT_UPLOAD,b416a1196dc8e1045f8ca5f9930af1a1042e6473bfbf2ec636a0cec7f3d267c5,2d64537b9d983692354b03a8129b80aa062cc9751d49f878e6966f324d32b202,EXACT_MATCH,MOPS_SINGLE_ELIGIBLE_FILING,772b24c9bad6f35906a2c385f3cd2a201600c021694daa6a35a04eb9b18a0e9b
3711,2021-12-31,2021,4,2022-02-25,2022-02-25T18:30:14+08:00,2022-02-25,2022-02-25,2022-03-01,MOPS_EXACT,official_timestamp_second_precision,CONSOLIDATED,202104_3711_AI1.pdf,TWSE_MOPS_T57SB01_OFFICIAL_DOCUMENT_UPLOAD,b416a1196dc8e1045f8ca5f9930af1a1042e6473bfbf2ec636a0cec7f3d267c5,e184c20423f4a28dd43f4a07f6533dc28dbf94e5c8c3765106385668dea93f0a,EXACT_MATCH,MOPS_CONSOLIDATED_PREFERRED_OVER_INDIVIDUAL,6649b16a6a0bd62b141070194694334a4d727e3962c4ae4eec7db063b1c10ef0
3711,2022-03-31,2022,1,2022-05-06,2022-05-06T17:57:46+08:00,2022-05-06,2022-05-06,2022-05-09,MOPS_EXACT,official_timestamp_second_precision,CONSOLIDATED,202201_3711_AI1.pdf,TWSE_MOPS_T57SB01_OFFICIAL_DOCUMENT_UPLOAD,b416a1196dc8e1045f8ca5f9930af1a1042e6473bfbf2ec636a0cec7f3d267c5,db491e59f7a2425a07fb4d7fd43e5ce1654e2a2b7a3b3c5b59418e2e8bbb80fa,EXACT_MATCH,MOPS_SINGLE_ELIGIBLE_FILING,e59991255a242e6f0bda19c03e70069e607527ff50fb63d523a0081bceb0d2e1
3711,2022-06-30,2022,2,2022-08-05,2022-08-05T17:17:37+08:00,2022-08-05,2022-08-05,2022-08-08,MOPS_EXACT,official_timestamp_second_precision,CONSOLIDATED,202202_3711_AI1.pdf,TWSE_MOPS_T57SB01_OFFICIAL_DOCUMENT_UPLOAD,b416a1196dc8e1045f8ca5f9930af1a1042e6473bfbf2ec636a0cec7f3d267c5,8d77cab806ad1847f97aaa3697dcb6e0897e636e446229a51e65e25406d810ca,EXACT_MATCH,MOPS_SINGLE_ELIGIBLE_FILING,6e2b7b41355e029b05b1eb37e124f2e6035a9c72a6c70e738483a12fe59ed60e
3711,2022-09-30,2022,3,2022-11-03,2022-11-03T18:50:22+08:00,2022-11-03,2022-11-03,2022-11-04,MOPS_EXACT,official_timestamp_second_precision,CONSOLIDATED,202203_3711_AI1.pdf,TWSE_MOPS_T57SB01_OFFICIAL_DOCUMENT_UPLOAD,b416a1196dc8e1045f8ca5f9930af1a1042e6473bfbf2ec636a0cec7f3d267c5,afef8c40dd11594170effe9202ae4dd47b3d127c61a56cf1d5d2d4073c8d174a,EXACT_MATCH,MOPS_SINGLE_ELIGIBLE_FILING,c3bf588c5d0ee438238e4a87a74350dda71b6a13d28853403d68e6109dbfe480
3711,2022-12-31,2022,4,2023-02-22,2023-02-22T17:34:49+08:00,2023-02-22,2023-02-22,2023-02-23,MOPS_EXACT,official_timestamp_second_precision,CONSOLIDATED,202204_3711_AI1.pdf,TWSE_MOPS_T57SB01_OFFICIAL_DOCUMENT_UPLOAD,b416a1196dc8e1045f8ca5f9930af1a1042e6473bfbf2ec636a0cec7f3d267c5,1c5a56edd5b74f08ebc9d25452ec20773bdf363c91e980303dd527019337ed6f,EXACT_MATCH,MOPS_CONSOLIDATED_PREFERRED_OVER_INDIVIDUAL,5c80a553f385f4088f34b05b24a8fa5a6ca9c018793d4aad4d31e177cce09633
3711,2023-03-31,2023,1,2023-05-09,2023-05-09T16:55:27+08:00,2023-05-09,2023-05-09,2023-05-10,MOPS_EXACT,official_timestamp_second_precision,CONSOLIDATED,202301_3711_AI1.pdf,TWSE_MOPS_T57SB01_OFFICIAL_DOCUMENT_UPLOAD,b416a1196dc8e1045f8ca5f9930af1a1042e6473bfbf2ec636a0cec7f3d267c5,2a1d6b6a27fa88b60df72cf5249987533cc6dd0638057f1dff146327f19d5f01,EXACT_MATCH,MOPS_SINGLE_ELIGIBLE_FILING,8732dc91e1416286556a668b76868c30dc1a18bc18b76e9f947432dc2de3576b
3711,2023-06-30,2023,2,2023-08-10,2023-08-10T17:18:55+08:00,2023-08-10,2023-08-10,2023-08-11,MOPS_EXACT,official_timestamp_second_precision,CONSOLIDATED,202302_3711_AI1.pdf,TWSE_MOPS_T57SB01_OFFICIAL_DOCUMENT_UPLOAD,b416a1196dc8e1045f8ca5f9930af1a1042e6473bfbf2ec636a0cec7f3d267c5,85b31312cdfa4055227dd755fe39fb8878d687414fcf31f814202dff2888d51c,EXACT_MATCH,MOPS_SINGLE_ELIGIBLE_FILING,e54f205b4d91943fdbf0d133103d0264796c367aa0959e3a77a22dea67b4e83e
3711,2023-09-30,2023,3,2023-11-07,2023-11-07T16:02:43+08:00,2023-11-07,2023-11-07,2023-11-08,MOPS_EXACT,official_timestamp_second_precision,CONSOLIDATED,202303_3711_AI1.pdf,TWSE_MOPS_T57SB01_OFFICIAL_DOCUMENT_UPLOAD,b416a1196dc8e1045f8ca5f9930af1a1042e6473bfbf2ec636a0cec7f3d267c5,bcf1fbb83db552e5212da5c07e62e2d5353daf3bbfee5e7b5443df1cbd2370cb,EXACT_MATCH,MOPS_SINGLE_ELIGIBLE_FILING,26a9f04cab6532f277d01ab39078c6fca44ff1b0dbf082942ac0aa37df9d998a
3711,2023-12-31,2023,4,2024-02-26,2024-02-26T18:23:41+08:00,2024-02-26,2024-02-26,2024-02-27,MOPS_EXACT,official_timestamp_second_precision,CONSOLIDATED,202304_3711_AI1.pdf,TWSE_MOPS_T57SB01_OFFICIAL_DOCUMENT_UPLOAD,b416a1196dc8e1045f8ca5f9930af1a1042e6473bfbf2ec636a0cec7f3d267c5,932f93385064d42c2c64c91d0a6678efb66978097bd4378acd4bdc5b1a92fd9f,EXACT_MATCH,MOPS_CONSOLIDATED_PREFERRED_OVER_INDIVIDUAL,8948f86aa45e477513a5f4ef556fa81c3cb7d765453bce952863e1f9202fa372
3711,2024-03-31,2024,1,2024-05-10,2024-05-10T17:24:25+08:00,2024-05-10,2024-05-10,2024-05-13,MOPS_EXACT,official_timestamp_second_precision,CONSOLIDATED,202401_3711_AI1.pdf,TWSE_MOPS_T57SB01_OFFICIAL_DOCUMENT_UPLOAD,b416a1196dc8e1045f8ca5f9930af1a1042e6473bfbf2ec636a0cec7f3d267c5,118729078596b4821c718c9708944f8aa822b829be79b70ccccd92b5338bbacc,EXACT_MATCH,MOPS_SINGLE_ELIGIBLE_FILING,365df168aa197078b6d90d0ae9e32c094b0a3e36bfa54cb1d8d9edab5900396b
3711,2024-06-30,2024,2,2024-08-09,2024-08-09T17:29:59+08:00,2024-08-09,2024-08-09,2024-08-12,MOPS_EXACT,official_timestamp_second_precision,CONSOLIDATED,202402_3711_AI1.pdf,TWSE_MOPS_T57SB01_OFFICIAL_DOCUMENT_UPLOAD,b416a1196dc8e1045f8ca5f9930af1a1042e6473bfbf2ec636a0cec7f3d267c5,8b7573c375ef1fa0ffdacfb17c314a96512252ac6682d4f464aa6e3e648fc3fc,EXACT_MATCH,MOPS_SINGLE_ELIGIBLE_FILING,54a1cc325dc87104a71ce49a4a9395555fa2292e59875b917c4193af88d3c9a6
3711,2024-09-30,2024,3,2024-11-06,2024-11-06T17:33:56+08:00,2024-11-06,2024-11-06,2024-11-07,MOPS_EXACT,official_timestamp_second_precision,CONSOLIDATED,202403_3711_AI1.pdf,TWSE_MOPS_T57SB01_OFFICIAL_DOCUMENT_UPLOAD,b416a1196dc8e1045f8ca5f9930af1a1042e6473bfbf2ec636a0cec7f3d267c5,7ec555a082271c7d74c4fcaf0720684d65bc104b7698445a67a6ab64ee0e4a3e,EXACT_MATCH,MOPS_SINGLE_ELIGIBLE_FILING,bcd84c84e5ab76222e439206806534eb19ea0d51b84d9bfbc3ca01da054d1e5a
3711,2024-12-31,2024,4,2025-02-24,2025-02-24T18:21:28+08:00,2025-02-24,2025-02-24,2025-02-25,MOPS_EXACT,official_timestamp_second_precision,CONSOLIDATED,202404_3711_AI1.pdf,TWSE_MOPS_T57SB01_OFFICIAL_DOCUMENT_UPLOAD,b416a1196dc8e1045f8ca5f9930af1a1042e6473bfbf2ec636a0cec7f3d267c5,87d277b810984807d7a877174e55195dc2c138286f73366bd51715cac977cb5c,EXACT_MATCH,MOPS_CONSOLIDATED_PREFERRED_OVER_INDIVIDUAL,faf2795bf8117988b6ae56c2f31426b0b5ee16c8aa0e27a5e3d8a1ea76ccd126
3711,2025-03-31,2025,1,2025-05-12,2025-05-12T17:58:14+08:00,2025-05-12,2025-05-12,2025-05-13,MOPS_EXACT,official_timestamp_second_precision,CONSOLIDATED,202501_3711_AI1.pdf,TWSE_MOPS_T57SB01_OFFICIAL_DOCUMENT_UPLOAD,b416a1196dc8e1045f8ca5f9930af1a1042e6473bfbf2ec636a0cec7f3d267c5,1f6854fc2c0c4aeec5bb590337af561fb8cd36422c7a5d17ae6397fd1f77abce,EXACT_MATCH,MOPS_SINGLE_ELIGIBLE_FILING,6e2e6a82531998f09e774f0ac7c1d7b00c71a6f432ece4e85614c01630f1aec0
3711,2025-06-30,2025,2,2025-08-11,2025-08-11T17:10:46+08:00,2025-08-11,2025-08-11,2025-08-12,MOPS_EXACT,official_timestamp_second_precision,CONSOLIDATED,202502_3711_AI1.pdf,TWSE_MOPS_T57SB01_OFFICIAL_DOCUMENT_UPLOAD,b416a1196dc8e1045f8ca5f9930af1a1042e6473bfbf2ec636a0cec7f3d267c5,582a57e7948038535558d7c3eac8005d940566d2b555b1371dcc98759dbb21e5,EXACT_MATCH,MOPS_SINGLE_ELIGIBLE_FILING,e6117e7f48441063247652172706a022c5ed50dfeb2a9ff25c8a189149dbb577
3711,2025-09-30,2025,3,2025-11-10,2025-11-10T18:11:33+08:00,2025-11-10,2025-11-10,2025-11-11,MOPS_EXACT,official_timestamp_second_precision,CONSOLIDATED,202503_3711_AI1.pdf,TWSE_MOPS_T57SB01_OFFICIAL_DOCUMENT_UPLOAD,b416a1196dc8e1045f8ca5f9930af1a1042e6473bfbf2ec636a0cec7f3d267c5,7cdcb3d9613750ab1e4f7b63cf594a794ca37a5284d41ede078bbcdfe0d9bb19,EXACT_MATCH,MOPS_SINGLE_ELIGIBLE_FILING,5609b0b14dd67f6370b4683712b7958e610b911d76f772345af88c371bd09c89
3711,2025-12-31,2025,4,2026-03-09,2026-03-09T18:14:24+08:00,2026-03-09,2026-03-09,2026-03-10,MOPS_EXACT,official_timestamp_second_precision,CONSOLIDATED,202504_3711_AI1.pdf,TWSE_MOPS_T57SB01_OFFICIAL_DOCUMENT_UPLOAD,b416a1196dc8e1045f8ca5f9930af1a1042e6473bfbf2ec636a0cec7f3d267c5,62d05a161868bb9bc37e8a4f01c244bbffacdf5c7ec3cf7579f65270d56def4e,EXACT_MATCH,MOPS_CONSOLIDATED_PREFERRED_OVER_INDIVIDUAL,9f10376dd53d6d47c360bb9566172373163b964d40c6645f60f84b1b353cd464
3711,2026-03-31,2026,1,2026-05-12,2026-05-12T17:43:23+08:00,2026-05-12,2026-05-12,2026-05-13,MOPS_EXACT,official_timestamp_second_precision,CONSOLIDATED,202601_3711_AI1.pdf,TWSE_MOPS_T57SB01_OFFICIAL_DOCUMENT_UPLOAD,b416a1196dc8e1045f8ca5f9930af1a1042e6473bfbf2ec636a0cec7f3d267c5,7a1da76342665e49fc319494387098b02df2ea8a9056c8588c55d29bec21e8bb,EXACT_MATCH,MOPS_SINGLE_ELIGIBLE_FILING,9025878f6ba25c678c13e2967e977afc2f1307d084f887b3a5437413c7cd439b
3711,2026-06-30,2026,2,2026-08-10,2026-08-10T18:00:27+08:00,2026-08-10,2026-08-10,2026-08-11,MOPS_EXACT,official_timestamp_second_precision,CONSOLIDATED,202602_3711_AI1.pdf,TWSE_MOPS_T57SB01_OFFICIAL_DOCUMENT_UPLOAD,b416a1196dc8e1045f8ca5f9930af1a1042e6473bfbf2ec636a0cec7f3d267c5,e49b407e63c871a0555bc4609f7fc9c9f197cc7e3aa39e2ef082410df99b0256,EXACT_MATCH,MOPS_SINGLE_ELIGIBLE_FILING,b52317d39cbf734dd67232b60b5af49ee84d3ab69a063e700602c14415d113f9
4904,2016-03-31,2016,1,2016-04-29,2016-04-29T20:44:54+08:00,2016-04-29,2016-04-29,2016-05-03,MOPS_EXACT,official_timestamp_second_precision,CONSOLIDATED,201601_4904_AI1.pdf,TWSE_MOPS_T57SB01_OFFICIAL_DOCUMENT_UPLOAD,941e86fde1d8ad11a6ce682647ec51f35e51372e537703fd2e2cf12e3c907b9b,1b4eb190033eb50997327b76d6363e5afd6b5d2e6d1ff1b54ae499dfa6d09fe4,EXACT_MATCH,MOPS_SINGLE_ELIGIBLE_FILING,a5f1ebc8e1723de9b87c7c4fd7cdc0b2809d3d086fc1d6db331ad9fc0f77db3a
4904,2016-06-30,2016,2,2016-07-29,2016-07-29T14:35:22+08:00,2016-07-29,2016-07-29,2016-08-01,MOPS_EXACT,official_timestamp_second_precision,CONSOLIDATED,201602_4904_AI1.pdf,TWSE_MOPS_T57SB01_OFFICIAL_DOCUMENT_UPLOAD,941e86fde1d8ad11a6ce682647ec51f35e51372e537703fd2e2cf12e3c907b9b,a43d92dc001bc9a33a96fbdea799e386f6a93c9356ab32a5a4c5540c12f58a30,EXACT_MATCH,MOPS_SINGLE_ELIGIBLE_FILING,619dad414d06227b2a0482867b4dedeaa40b2602f7cb45ab147c395f366050f7
4904,2016-09-30,2016,3,2016-11-04,2016-11-04T18:51:54+08:00,2016-11-04,2016-11-04,2016-11-07,MOPS_EXACT,official_timestamp_second_precision,CONSOLIDATED,201603_4904_AI1.pdf,TWSE_MOPS_T57SB01_OFFICIAL_DOCUMENT_UPLOAD,941e86fde1d8ad11a6ce682647ec51f35e51372e537703fd2e2cf12e3c907b9b,a5d71e31c960c5bec94676a89c3f29f7cd424037c306aa14486a6f880f2d6d5f,EXACT_MATCH,MOPS_SINGLE_ELIGIBLE_FILING,625be2c8f305457bda16de27103905c1e1962eba706bc1ec36a84f29b8ff42d2
4904,2016-12-31,2016,4,2017-02-16,2017-02-16T20:32:12+08:00,2017-02-16,2017-02-16,2017-02-17,MOPS_EXACT,official_timestamp_second_precision,CONSOLIDATED,201604_4904_AI1.pdf,TWSE_MOPS_T57SB01_OFFICIAL_DOCUMENT_UPLOAD,941e86fde1d8ad11a6ce682647ec51f35e51372e537703fd2e2cf12e3c907b9b,dbf6cf66c4589e4ae6a3fcb0455e9aeb5503ee67b7427ac0e563bfedc4bb4f04,EXACT_MATCH,MOPS_CONSOLIDATED_PREFERRED_OVER_INDIVIDUAL,8ad25192f815b43884eb5f799ec5371b872ea23fb4578ca0413deeaa9be93a11
4904,2017-03-31,2017,1,2017-05-04,2017-05-04T16:32:32+08:00,2017-05-04,2017-05-04,2017-05-05,MOPS_EXACT,official_timestamp_second_precision,CONSOLIDATED,201701_4904_AI1.pdf,TWSE_MOPS_T57SB01_OFFICIAL_DOCUMENT_UPLOAD,941e86fde1d8ad11a6ce682647ec51f35e51372e537703fd2e2cf12e3c907b9b,4eac922a30dc53740b85a726cf3cfce0d87db30ef15acf0065108ad6e906cae9,EXACT_MATCH,MOPS_SINGLE_ELIGIBLE_FILING,410e8821ee04d65737aab3670f6219d77a40ccd429bd4f45a23b5d2a898fae65
4904,2017-06-30,2017,2,2017-08-08,2017-08-08T11:16:01+08:00,2017-08-08,2017-08-08,2017-08-09,MOPS_EXACT,official_timestamp_second_precision,CONSOLIDATED,201702_4904_AI1.pdf,TWSE_MOPS_T57SB01_OFFICIAL_DOCUMENT_UPLOAD,941e86fde1d8ad11a6ce682647ec51f35e51372e537703fd2e2cf12e3c907b9b,d914cc8a5fed1db9e0cead661317778917700b60d5de2a7789e315f49c856ac0,EXACT_MATCH,MOPS_SINGLE_ELIGIBLE_FILING,8d4169b8e168ffae696de7ce27f47e68291b46429b1f6be79dba1624918e4466
4904,2017-09-30,2017,3,2017-10-31,2017-10-31T14:02:25+08:00,2017-10-31,2017-10-31,2017-11-01,MOPS_EXACT,official_timestamp_second_precision,CONSOLIDATED,201703_4904_AI1.pdf,TWSE_MOPS_T57SB01_OFFICIAL_DOCUMENT_UPLOAD,941e86fde1d8ad11a6ce682647ec51f35e51372e537703fd2e2cf12e3c907b9b,1bfe7ea5a444357887d7a09e16e35cc7e1ec2695e1bf324bce73488021b70767,EXACT_MATCH,MOPS_SINGLE_ELIGIBLE_FILING,d4779b1b047088bc8a96a78c5b8a4843954ee9cf148b6064d641621a6f936e7b
4904,2017-12-31,2017,4,2018-02-26,2018-02-26T15:17:29+08:00,2018-02-26,2018-02-26,2018-02-27,MOPS_EXACT,official_timestamp_second_precision,CONSOLIDATED,201704_4904_AI1.pdf,TWSE_MOPS_T57SB01_OFFICIAL_DOCUMENT_UPLOAD,941e86fde1d8ad11a6ce682647ec51f35e51372e537703fd2e2cf12e3c907b9b,7abbfb1738a8437cddf80ca710954bb65139e7832730cc8095fec40015352422,EXACT_MATCH,MOPS_CONSOLIDATED_PREFERRED_OVER_INDIVIDUAL,2dc875d629b3f8579fdd5dd2fa4b93ea0bc920209b60dc721d9b7ff25c56b8eb
4904,2018-03-31,2018,1,2018-05-04,2018-05-04T17:42:10+08:00,2018-05-04,2018-05-04,2018-05-07,MOPS_EXACT,official_timestamp_second_precision,CONSOLIDATED,201801_4904_AI1.pdf,TWSE_MOPS_T57SB01_OFFICIAL_DOCUMENT_UPLOAD,941e86fde1d8ad11a6ce682647ec51f35e51372e537703fd2e2cf12e3c907b9b,d328eba50a8a8cb29456e6c6496b792d8a1c6ab6ac449d839d202dd8acc7127e,EXACT_MATCH,MOPS_SINGLE_ELIGIBLE_FILING,82c4afceb8aff48aeb60609627988c09a604d7cb71cac33a3f1e2e2941e430a8
4904,2018-06-30,2018,2,2018-08-08,2018-08-08T14:04:35+08:00,2018-08-08,2018-08-08,2018-08-09,MOPS_EXACT,official_timestamp_second_precision,CONSOLIDATED,201802_4904_AI1.pdf,TWSE_MOPS_T57SB01_OFFICIAL_DOCUMENT_UPLOAD,941e86fde1d8ad11a6ce682647ec51f35e51372e537703fd2e2cf12e3c907b9b,4e1d9362765b4c382275036f1a25f9573063a97314f6f5b1904f99508a23adae,EXACT_MATCH,MOPS_SINGLE_ELIGIBLE_FILING,3b1982a7dd980a31389f1873c1a03150acc060b9de8dcb52beec5d9f5c79b331
4904,2018-09-30,2018,3,2018-11-06,2018-11-06T16:01:31+08:00,2018-11-06,2018-11-06,2018-11-07,MOPS_EXACT,official_timestamp_second_precision,CONSOLIDATED,201803_4904_AI1.pdf,TWSE_MOPS_T57SB01_OFFICIAL_DOCUMENT_UPLOAD,941e86fde1d8ad11a6ce682647ec51f35e51372e537703fd2e2cf12e3c907b9b,c75d542497bb6ebe25856f8cdf3a5a97a4895bd64261d013ecb03efe43622afa,EXACT_MATCH,MOPS_SINGLE_ELIGIBLE_FILING,054be2e31d24a8866c8c670528c696071d28a109ab8909f7d89168e898a970ac
4904,2018-12-31,2018,4,2019-02-26,2019-02-26T18:04:12+08:00,2019-02-26,2019-02-26,2019-02-27,MOPS_EXACT,official_timestamp_second_precision,CONSOLIDATED,201804_4904_AI1.pdf,TWSE_MOPS_T57SB01_OFFICIAL_DOCUMENT_UPLOAD,941e86fde1d8ad11a6ce682647ec51f35e51372e537703fd2e2cf12e3c907b9b,33a02bd5020c215871c349b6f6e84517bd29d0c9a89580ae51308c42f2e77ebb,EXACT_MATCH,MOPS_CONSOLIDATED_PREFERRED_OVER_INDIVIDUAL,8bc69751bde51c9339510d3c3a42ed256e61ccb533ade4a6fa94d347dca687f2
4904,2019-03-31,2019,1,2019-05-09,2019-05-09T14:19:18+08:00,2019-05-09,2019-05-09,2019-05-10,MOPS_EXACT,official_timestamp_second_precision,CONSOLIDATED,201901_4904_AI1.pdf,TWSE_MOPS_T57SB01_OFFICIAL_DOCUMENT_UPLOAD,941e86fde1d8ad11a6ce682647ec51f35e51372e537703fd2e2cf12e3c907b9b,f70af269d707ab16b99a463dc03185824c651661e817a8502ea41529a1052f5f,EXACT_MATCH,MOPS_SINGLE_ELIGIBLE_FILING,db533980fd33e4d2ffb65717d24dd7dee25b8b8b67c5b0ca86db1d376455323f
4904,2019-06-30,2019,2,2019-08-05,2019-08-05T17:04:49+08:00,2019-08-05,2019-08-05,2019-08-06,MOPS_EXACT,official_timestamp_second_precision,CONSOLIDATED,201902_4904_AI1.pdf,TWSE_MOPS_T57SB01_OFFICIAL_DOCUMENT_UPLOAD,941e86fde1d8ad11a6ce682647ec51f35e51372e537703fd2e2cf12e3c907b9b,9013705d96e8bda433b1ae915d3bda1a690945e3feb3e749a88bfd6c03ce6a5f,EXACT_MATCH,MOPS_SINGLE_ELIGIBLE_FILING,75888fe9313e4935f6a17ae9374d37bdda4f1b750bccc48b761a79b4758a76b7
4904,2019-09-30,2019,3,2019-11-06,2019-11-06T17:42:53+08:00,2019-11-06,2019-11-06,2019-11-07,MOPS_EXACT,official_timestamp_second_precision,CONSOLIDATED,201903_4904_AI1.pdf,TWSE_MOPS_T57SB01_OFFICIAL_DOCUMENT_UPLOAD,941e86fde1d8ad11a6ce682647ec51f35e51372e537703fd2e2cf12e3c907b9b,f3e828c6191765cb4ce173b073b33fb0e0f93e27be9201421d5bbde1ee87b0a5,EXACT_MATCH,MOPS_SINGLE_ELIGIBLE_FILING,72b6541a1b038975eec1f10902472a90f0767920c322b16d6dbc46ef5d4b37ca
4904,2019-12-31,2019,4,2020-02-20,2020-02-20T18:37:10+08:00,2020-02-20,2020-02-20,2020-02-21,MOPS_EXACT,official_timestamp_second_precision,CONSOLIDATED,201904_4904_AI1.pdf,TWSE_MOPS_T57SB01_OFFICIAL_DOCUMENT_UPLOAD,941e86fde1d8ad11a6ce682647ec51f35e51372e537703fd2e2cf12e3c907b9b,60a198acfd80424ed8b17f82712d74f196cd3b5c335fbf189b40ba9333196488,EXACT_MATCH,MOPS_CONSOLIDATED_PREFERRED_OVER_INDIVIDUAL,61a066f87ef6b6e402a9724ff264bfe6dbf0e6484b7bb8ad82fa66d049de1fb2
4904,2020-03-31,2020,1,2020-05-07,2020-05-07T16:58:30+08:00,2020-05-07,2020-05-07,2020-05-08,MOPS_EXACT,official_timestamp_second_precision,CONSOLIDATED,202001_4904_AI1.pdf,TWSE_MOPS_T57SB01_OFFICIAL_DOCUMENT_UPLOAD,941e86fde1d8ad11a6ce682647ec51f35e51372e537703fd2e2cf12e3c907b9b,e1ae693b2c9b1f33c520055b6c5488421a873806c9c3d3e793f87e27a41a2728,EXACT_MATCH,MOPS_SINGLE_ELIGIBLE_FILING,077e3fc73b039d23354279fa8ceb50e9e465bdf1562d78e74aa66aeaf0ae455e
4904,2020-06-30,2020,2,2020-07-31,2020-07-31T17:16:04+08:00,2020-07-31,2020-07-31,2020-08-03,MOPS_EXACT,official_timestamp_second_precision,CONSOLIDATED,202002_4904_AI1.pdf,TWSE_MOPS_T57SB01_OFFICIAL_DOCUMENT_UPLOAD,941e86fde1d8ad11a6ce682647ec51f35e51372e537703fd2e2cf12e3c907b9b,feae8f732eea95212375870829076f5ded859a3f4ba7cbedb928ca10e338895c,EXACT_MATCH,MOPS_SINGLE_ELIGIBLE_FILING,cd2288301d09a2f52d0c2d00ea93103281dcf5b44ae78da5cb73315a61291185
4904,2020-09-30,2020,3,2020-11-05,2020-11-05T17:54:46+08:00,2020-11-05,2020-11-05,2020-11-06,MOPS_EXACT,official_timestamp_second_precision,CONSOLIDATED,202003_4904_AI1.pdf,TWSE_MOPS_T57SB01_OFFICIAL_DOCUMENT_UPLOAD,941e86fde1d8ad11a6ce682647ec51f35e51372e537703fd2e2cf12e3c907b9b,f31068d186278ce564e5d8ced048b8147ab8b2757f2a60cb60ad3924d17d3650,EXACT_MATCH,MOPS_SINGLE_ELIGIBLE_FILING,e5481b2760b43ee53b8e6245761399f949463acf61efcb86a58bc3f08926f742
4904,2020-12-31,2020,4,2021-02-25,2021-02-25T19:09:01+08:00,2021-02-25,2021-02-25,2021-02-26,MOPS_EXACT,official_timestamp_second_precision,CONSOLIDATED,202004_4904_AI1.pdf,TWSE_MOPS_T57SB01_OFFICIAL_DOCUMENT_UPLOAD,941e86fde1d8ad11a6ce682647ec51f35e51372e537703fd2e2cf12e3c907b9b,8850a154a14a81e9d9f969722021210b9bdb2c38e7df3d215fceec364d392e29,EXACT_MATCH,MOPS_CONSOLIDATED_PREFERRED_OVER_INDIVIDUAL,b12395dd549550dd9436390ee958436899ae080bd2e3b14fa2724e44f0e49d3c
4904,2021-03-31,2021,1,2021-05-06,2021-05-06T18:06:02+08:00,2021-05-06,2021-05-06,2021-05-07,MOPS_EXACT,official_timestamp_second_precision,CONSOLIDATED,202101_4904_AI1.pdf,TWSE_MOPS_T57SB01_OFFICIAL_DOCUMENT_UPLOAD,941e86fde1d8ad11a6ce682647ec51f35e51372e537703fd2e2cf12e3c907b9b,f719c341450035cf4390f42249b9674534b3f26c44c586cfdebbab78a4a9d30a,EXACT_MATCH,MOPS_SINGLE_ELIGIBLE_FILING,21ef6db603598b9ef9c411050fdf996541721460c62c7b0ad051fd19857c4b70
4904,2021-06-30,2021,2,2021-07-30,2021-07-30T18:15:49+08:00,2021-07-30,2021-07-30,2021-08-02,MOPS_EXACT,official_timestamp_second_precision,CONSOLIDATED,202102_4904_AI1.pdf,TWSE_MOPS_T57SB01_OFFICIAL_DOCUMENT_UPLOAD,941e86fde1d8ad11a6ce682647ec51f35e51372e537703fd2e2cf12e3c907b9b,94c511b725d83d3d5d3315a1e156ab92cfd3450265e8269f7c39b7d9a4248ce3,EXACT_MATCH,MOPS_SINGLE_ELIGIBLE_FILING,b91eaa982edfbfca10d99c9ec31f193d2fd7ff72e66ec534cee1fe0994649790
4904,2021-09-30,2021,3,2021-11-04,2021-11-04T18:17:51+08:00,2021-11-04,2021-11-04,2021-11-05,MOPS_EXACT,official_timestamp_second_precision,CONSOLIDATED,202103_4904_AI1.pdf,TWSE_MOPS_T57SB01_OFFICIAL_DOCUMENT_UPLOAD,941e86fde1d8ad11a6ce682647ec51f35e51372e537703fd2e2cf12e3c907b9b,cd1281f65ef65e8a13ba349c33014bc3e0250af1946df22836c7e376e53e9669,EXACT_MATCH,MOPS_SINGLE_ELIGIBLE_FILING,33151508d16efe190c8ee868fbb8316e33afca5922e44f112675a00760099216
4904,2021-12-31,2021,4,2022-02-26,2022-02-26T16:03:53+08:00,2022-02-26,2022-02-26,2022-03-01,MOPS_EXACT,official_timestamp_second_precision,CONSOLIDATED,202104_4904_AI1.pdf,TWSE_MOPS_T57SB01_OFFICIAL_DOCUMENT_UPLOAD,941e86fde1d8ad11a6ce682647ec51f35e51372e537703fd2e2cf12e3c907b9b,5f44a3c51374080cbddea2c674808d6c157c8def9afd6dcad59e1cc91e727824,EXACT_MATCH,MOPS_CONSOLIDATED_PREFERRED_OVER_INDIVIDUAL,6e8d6db82bfadf27c8870f8f78a2e050628c2120c7d69385a4abca5964e93bd5
4904,2022-03-31,2022,1,2022-05-04,2022-05-04T18:48:16+08:00,2022-05-04,2022-05-04,2022-05-05,MOPS_EXACT,official_timestamp_second_precision,CONSOLIDATED,202201_4904_AI1.pdf,TWSE_MOPS_T57SB01_OFFICIAL_DOCUMENT_UPLOAD,941e86fde1d8ad11a6ce682647ec51f35e51372e537703fd2e2cf12e3c907b9b,cbb67171c255cca88778b940ae3c14379345d88cf83f0a6b35fd42411d12704f,EXACT_MATCH,MOPS_SINGLE_ELIGIBLE_FILING,0233aea1fd6b8af04def2619b7bc735c9ec940414ada05459527be5e40849a8a
4904,2022-06-30,2022,2,2022-08-03,2022-08-03T17:50:59+08:00,2022-08-03,2022-08-03,2022-08-04,MOPS_EXACT,official_timestamp_second_precision,CONSOLIDATED,202202_4904_AI1.pdf,TWSE_MOPS_T57SB01_OFFICIAL_DOCUMENT_UPLOAD,941e86fde1d8ad11a6ce682647ec51f35e51372e537703fd2e2cf12e3c907b9b,56249fb49f572d4b806c5d874ccc3c88d7eb22f572f0504b63449f0fa80fb0a4,EXACT_MATCH,MOPS_SINGLE_ELIGIBLE_FILING,9de68112ebbba61d539bc59c6e04ab68598ecd7a9cdfc0e7016f381f367c7aad
4904,2022-09-30,2022,3,2022-11-11,2022-11-11T18:21:51+08:00,2022-11-11,2022-11-11,2022-11-14,MOPS_EXACT,official_timestamp_second_precision,CONSOLIDATED,202203_4904_AI1.pdf,TWSE_MOPS_T57SB01_OFFICIAL_DOCUMENT_UPLOAD,941e86fde1d8ad11a6ce682647ec51f35e51372e537703fd2e2cf12e3c907b9b,db1e039f2ee04f7d3fba20c154775be0fab4fda4fb3ab5e681dd2b097f360333,EXACT_MATCH,MOPS_SINGLE_ELIGIBLE_FILING,7062afd4b2db31ea4899ccd5fe64fb223a3e35ba0158c470c9993a8ede5e7f2f
4904,2022-12-31,2022,4,2023-02-15,2023-02-15T18:56:43+08:00,2023-02-15,2023-02-15,2023-02-16,MOPS_EXACT,official_timestamp_second_precision,CONSOLIDATED,202204_4904_AI1.pdf,TWSE_MOPS_T57SB01_OFFICIAL_DOCUMENT_UPLOAD,941e86fde1d8ad11a6ce682647ec51f35e51372e537703fd2e2cf12e3c907b9b,ec42a14986c3095859d698d7b9e43608b736759522ccb1c760c15bec2846f7d1,EXACT_MATCH,MOPS_CONSOLIDATED_PREFERRED_OVER_INDIVIDUAL,9e012fd2385c9c749079de268bc4dbc979014bf0f094120371af22d4ae012251
4904,2023-03-31,2023,1,2023-05-03,2023-05-03T21:24:41+08:00,2023-05-03,2023-05-03,2023-05-04,MOPS_EXACT,official_timestamp_second_precision,CONSOLIDATED,202301_4904_AI1.pdf,TWSE_MOPS_T57SB01_OFFICIAL_DOCUMENT_UPLOAD,941e86fde1d8ad11a6ce682647ec51f35e51372e537703fd2e2cf12e3c907b9b,8b385cabf034ccc30249b62254386a46437fb8ba812e8d4a2c6bd6ed1a5fc433,EXACT_MATCH,MOPS_SINGLE_ELIGIBLE_FILING,3bbd64738718b4cd93fbc1af08e64db5c36440460e57eb267935d50f4f9c6287
4904,2023-06-30,2023,2,2023-08-09,2023-08-09T16:56:14+08:00,2023-08-09,2023-08-09,2023-08-10,MOPS_EXACT,official_timestamp_second_precision,CONSOLIDATED,202302_4904_AI1.pdf,TWSE_MOPS_T57SB01_OFFICIAL_DOCUMENT_UPLOAD,941e86fde1d8ad11a6ce682647ec51f35e51372e537703fd2e2cf12e3c907b9b,650777cbb0b765124113c9f60b8cfddf44ade8c82e6ee3406fe2b9eee38ff9ce,EXACT_MATCH,MOPS_SINGLE_ELIGIBLE_FILING,5fb5757d3eef94cde4acb97b5e46c7355f122c73feaabe326ddb8b74285be131
4904,2023-09-30,2023,3,2023-11-03,2023-11-03T18:03:41+08:00,2023-11-03,2023-11-03,2023-11-06,MOPS_EXACT,official_timestamp_second_precision,CONSOLIDATED,202303_4904_AI1.pdf,TWSE_MOPS_T57SB01_OFFICIAL_DOCUMENT_UPLOAD,941e86fde1d8ad11a6ce682647ec51f35e51372e537703fd2e2cf12e3c907b9b,dad7812898090e395446f9a62fa030617208375ff6d1d72ceb34ca9770e95d87,EXACT_MATCH,MOPS_SINGLE_ELIGIBLE_FILING,d47a8a2571909edf15d3e3e47c2267274dd386c878e550c9347b36c437f57dfb
4904,2023-12-31,2023,4,2024-02-22,2024-02-22T21:56:24+08:00,2024-02-22,2024-02-22,2024-02-23,MOPS_EXACT,official_timestamp_second_precision,CONSOLIDATED,202304_4904_AI1.pdf,TWSE_MOPS_T57SB01_OFFICIAL_DOCUMENT_UPLOAD,941e86fde1d8ad11a6ce682647ec51f35e51372e537703fd2e2cf12e3c907b9b,958ce2f1acc510a548db0e1b42e928446c1d0d84a21b3cc86be87aa4d0058239,EXACT_MATCH,MOPS_CONSOLIDATED_PREFERRED_OVER_INDIVIDUAL,41e8e30b81f50f8d2541bfd3222c3d83f922224675f6abb176a50e4b01a9c703
4904,2024-03-31,2024,1,2024-05-07,2024-05-07T17:56:05+08:00,2024-05-07,2024-05-07,2024-05-08,MOPS_EXACT,official_timestamp_second_precision,CONSOLIDATED,202401_4904_AI1.pdf,TWSE_MOPS_T57SB01_OFFICIAL_DOCUMENT_UPLOAD,941e86fde1d8ad11a6ce682647ec51f35e51372e537703fd2e2cf12e3c907b9b,2bc8ca42fde60350eafce44d792f4f75a8e0d8762a749ac2f333ff380f7bd8a4,EXACT_MATCH,MOPS_SINGLE_ELIGIBLE_FILING,b7fd854950934c3ea8a9fd8dbc67159db0fabb5e22b3216f00013c60a329e252
4904,2024-06-30,2024,2,2024-08-12,2024-08-12T19:16:33+08:00,2024-08-12,2024-08-12,2024-08-13,MOPS_EXACT,official_timestamp_second_precision,CONSOLIDATED,202402_4904_AI1.pdf,TWSE_MOPS_T57SB01_OFFICIAL_DOCUMENT_UPLOAD,941e86fde1d8ad11a6ce682647ec51f35e51372e537703fd2e2cf12e3c907b9b,0ce4b3af91707114dfb7d305b18c9e72aeecf7ec8b2df1a9c4c0ea54cf5d3ac3,EXACT_MATCH,MOPS_SINGLE_ELIGIBLE_FILING,cf9a35f2ad901a86c8f319b574c221ab8800c0c68c59f9af017e361b4b20161c
4904,2024-09-30,2024,3,2024-11-12,2024-11-12T15:54:14+08:00,2024-11-12,2024-11-12,2024-11-13,MOPS_EXACT,official_timestamp_second_precision,CONSOLIDATED,202403_4904_AI1.pdf,TWSE_MOPS_T57SB01_OFFICIAL_DOCUMENT_UPLOAD,941e86fde1d8ad11a6ce682647ec51f35e51372e537703fd2e2cf12e3c907b9b,bfc3e835bff7aa942d628587facd14c6cdbd6ae1d207a2d28ff57232f66fcca3,EXACT_MATCH,MOPS_SINGLE_ELIGIBLE_FILING,933a04f076499db7d3a57f54074cf0b8f885325b15b86b0bbada692fabf6c216
4904,2024-12-31,2024,4,2025-02-25,2025-02-25T17:59:18+08:00,2025-02-25,2025-02-25,2025-02-26,MOPS_EXACT,official_timestamp_second_precision,CONSOLIDATED,202404_4904_AI1.pdf,TWSE_MOPS_T57SB01_OFFICIAL_DOCUMENT_UPLOAD,941e86fde1d8ad11a6ce682647ec51f35e51372e537703fd2e2cf12e3c907b9b,7646e6851361355786306167f850d3913529595a1489e9eabf8b3916974926a2,EXACT_MATCH,MOPS_CONSOLIDATED_PREFERRED_OVER_INDIVIDUAL,09793f906be125823849de90e127f41013087bd3d7687d64ca4862af0b5379bc
4904,2025-03-31,2025,1,2025-05-12,2025-05-12T17:35:04+08:00,2025-05-12,2025-05-12,2025-05-13,MOPS_EXACT,official_timestamp_second_precision,CONSOLIDATED,202501_4904_AI1.pdf,TWSE_MOPS_T57SB01_OFFICIAL_DOCUMENT_UPLOAD,941e86fde1d8ad11a6ce682647ec51f35e51372e537703fd2e2cf12e3c907b9b,4a70533816c83fff4819be8b6fc702cfb444aeddb3d100571387c6b0ad0892b5,EXACT_MATCH,MOPS_SINGLE_ELIGIBLE_FILING,047665e2d0cc90e37657b8e2600e22eaccdb6a2d8fdd2827ac39542dc24e588c
4904,2025-06-30,2025,2,2025-08-11,2025-08-11T14:24:03+08:00,2025-08-11,2025-08-11,2025-08-12,MOPS_EXACT,official_timestamp_second_precision,CONSOLIDATED,202502_4904_AI1.pdf,TWSE_MOPS_T57SB01_OFFICIAL_DOCUMENT_UPLOAD,941e86fde1d8ad11a6ce682647ec51f35e51372e537703fd2e2cf12e3c907b9b,2f442723f9d43ae3c3e7d54aa402b9db4ff637750166f8bd98363d438705e119,EXACT_MATCH,MOPS_SINGLE_ELIGIBLE_FILING,c5bb783835a20b8ebb2040fd003a523f57ffdecbd484371b2f03ecfa69688845
4904,2025-09-30,2025,3,2025-11-11,2025-11-11T14:50:36+08:00,2025-11-11,2025-11-11,2025-11-12,MOPS_EXACT,official_timestamp_second_precision,CONSOLIDATED,202503_4904_AI1.pdf,TWSE_MOPS_T57SB01_OFFICIAL_DOCUMENT_UPLOAD,941e86fde1d8ad11a6ce682647ec51f35e51372e537703fd2e2cf12e3c907b9b,d084b345c9bbe70bc5fe7fe3cd98a6f1213eddcdbc7481b2942e864ee9abde5e,EXACT_MATCH,MOPS_SINGLE_ELIGIBLE_FILING,2cb38616936cf182b1234c7bad96f5af2a4c1a7303b0098b3f8cb066818e126f
4904,2025-12-31,2025,4,2026-03-04,2026-03-04T15:05:36+08:00,2026-03-04,2026-03-04,2026-03-05,MOPS_EXACT,official_timestamp_second_precision,CONSOLIDATED,202504_4904_AI1.pdf,TWSE_MOPS_T57SB01_OFFICIAL_DOCUMENT_UPLOAD,941e86fde1d8ad11a6ce682647ec51f35e51372e537703fd2e2cf12e3c907b9b,18f682210b92179f7ecde9f69a9ff46f0650e0a817380923ba7b3d747653c082,EXACT_MATCH,MOPS_CONSOLIDATED_PREFERRED_OVER_INDIVIDUAL,2a8b17ae8b3c53ac5b919fe689e27721bf30888bdf3560b64ead4478adb1b3d5
4904,2026-03-31,2026,1,2026-05-12,2026-05-12T21:45:09+08:00,2026-05-12,2026-05-12,2026-05-13,MOPS_EXACT,official_timestamp_second_precision,CONSOLIDATED,202601_4904_AI1.pdf,TWSE_MOPS_T57SB01_OFFICIAL_DOCUMENT_UPLOAD,941e86fde1d8ad11a6ce682647ec51f35e51372e537703fd2e2cf12e3c907b9b,82fd2163e14c76788ba043695013a721e8d704f7b207e1a32592c5072bb0eee0,EXACT_MATCH,MOPS_SINGLE_ELIGIBLE_FILING,3cb3d893f22b02e043d0253a776279803c14d45c52048f64093578b5c2de6ac3
4904,2026-06-30,2026,2,2026-08-12,2026-08-12T07:57:31+08:00,2026-08-12,2026-08-12,2026-08-13,MOPS_EXACT,official_timestamp_second_precision,CONSOLIDATED,202602_4904_AI1.pdf,TWSE_MOPS_T57SB01_OFFICIAL_DOCUMENT_UPLOAD,941e86fde1d8ad11a6ce682647ec51f35e51372e537703fd2e2cf12e3c907b9b,8d16392ed0d2b8fc0a0bdfa57650a7054eb1e196dee9074c17345bb711e85947,EXACT_MATCH,MOPS_SINGLE_ELIGIBLE_FILING,97a2cc5f727946c0cf5c8b370956a18ce61f14ace234daa4632bbe4dab39d08e
4958,2016-03-31,2016,1,2016-05-12,2016-05-12T17:58:25+08:00,2016-05-12,2016-05-12,2016-05-13,MOPS_EXACT,official_timestamp_second_precision,CONSOLIDATED,201601_4958_AI1.pdf,TWSE_MOPS_T57SB01_OFFICIAL_DOCUMENT_UPLOAD,5e0047dd7e9a7f368d52040e179f3727aa40b00bf9b04cf9983640c18555d63e,dff5196828a1629cc00e23d33964c0188a554a5ede9a6cbf18882e6deb30c27f,EXACT_MATCH,MOPS_SINGLE_ELIGIBLE_FILING,e94e23877a5f1e8d40b956af9cdf85425617d6b8d24501a379b6cbf889eb1286
4958,2016-06-30,2016,2,2016-08-11,2016-08-11T18:41:02+08:00,2016-08-11,2016-08-11,2016-08-12,MOPS_EXACT,official_timestamp_second_precision,CONSOLIDATED,201602_4958_AI1.pdf,TWSE_MOPS_T57SB01_OFFICIAL_DOCUMENT_UPLOAD,5e0047dd7e9a7f368d52040e179f3727aa40b00bf9b04cf9983640c18555d63e,47051bb205c590d1685bb3cd1869442612467d275a622a376b6abaa1f3b23b47,EXACT_MATCH,MOPS_SINGLE_ELIGIBLE_FILING,4edc483c34b980fb97c71fb9dbb90f226dee85f8cb18b0fa6cb932e2252698c9
4958,2016-09-30,2016,3,2016-11-10,2016-11-10T18:48:25+08:00,2016-11-10,2016-11-10,2016-11-11,MOPS_EXACT,official_timestamp_second_precision,CONSOLIDATED,201603_4958_AI1.pdf,TWSE_MOPS_T57SB01_OFFICIAL_DOCUMENT_UPLOAD,5e0047dd7e9a7f368d52040e179f3727aa40b00bf9b04cf9983640c18555d63e,a0089e011122e88da29dffb3af9a31ead316d771dcfa2ee6cf66dc87e9f5c373,EXACT_MATCH,MOPS_SINGLE_ELIGIBLE_FILING,99bec2453e84b4e9b5beb15c3c12540aff5a2a35b72c14ae27600d12a0926cab
4958,2016-12-31,2016,4,2017-03-22,2017-03-22T19:32:54+08:00,2017-03-22,2017-03-22,2017-03-23,MOPS_EXACT,official_timestamp_second_precision,CONSOLIDATED,201604_4958_AI1.pdf,TWSE_MOPS_T57SB01_OFFICIAL_DOCUMENT_UPLOAD,5e0047dd7e9a7f368d52040e179f3727aa40b00bf9b04cf9983640c18555d63e,d93843ae3d9a432fa6743e7953821b3244493b077cb98adcb00d2ab326689250,EXACT_MATCH,MOPS_SINGLE_ELIGIBLE_FILING,4aaaea2547920aca1b8a9d488d459fd4122f1e29e1903935f2058c0290a7ad13
4958,2017-03-31,2017,1,2017-05-11,2017-05-11T19:04:37+08:00,2017-05-11,2017-05-11,2017-05-12,MOPS_EXACT,official_timestamp_second_precision,CONSOLIDATED,201701_4958_AI1.pdf,TWSE_MOPS_T57SB01_OFFICIAL_DOCUMENT_UPLOAD,5e0047dd7e9a7f368d52040e179f3727aa40b00bf9b04cf9983640c18555d63e,ff5461eb194201913bf399a3472209710cd4318318885a88498cac089f937aa6,EXACT_MATCH,MOPS_SINGLE_ELIGIBLE_FILING,852ab962fae4b329e79ef1a6001e96eeee01ca4cd5b2518f7d586ababc0a7fac
4958,2017-06-30,2017,2,2017-08-11,2017-08-11T20:26:38+08:00,2017-08-11,2017-08-11,2017-08-14,MOPS_EXACT,official_timestamp_second_precision,CONSOLIDATED,201702_4958_AI1.pdf,TWSE_MOPS_T57SB01_OFFICIAL_DOCUMENT_UPLOAD,5e0047dd7e9a7f368d52040e179f3727aa40b00bf9b04cf9983640c18555d63e,2e7ce92186e46106b9d87ea59f9c5e4550703a09eed76cea911aff192518f35b,EXACT_MATCH,MOPS_SINGLE_ELIGIBLE_FILING,231cdfea2de131242158488077b285fec788d18cb950f15b6ad791de7ad6179f
4958,2017-09-30,2017,3,2017-11-10,2017-11-10T15:20:34+08:00,2017-11-10,2017-11-10,2017-11-13,MOPS_EXACT,official_timestamp_second_precision,CONSOLIDATED,201703_4958_AI1.pdf,TWSE_MOPS_T57SB01_OFFICIAL_DOCUMENT_UPLOAD,5e0047dd7e9a7f368d52040e179f3727aa40b00bf9b04cf9983640c18555d63e,713e3421ce60be661d1deb4cd4f31c0f8b062efcb7da50838339cce9452fd9be,EXACT_MATCH,MOPS_SINGLE_ELIGIBLE_FILING,877bdaafe92782e4458c594c3cd3957e24ac9315d2b6532c0e380623df1f0735
4958,2017-12-31,2017,4,2018-03-16,2018-03-16T14:29:00+08:00,2018-03-16,2018-03-16,2018-03-19,MOPS_EXACT,official_timestamp_second_precision,CONSOLIDATED,201704_4958_AI1.pdf,TWSE_MOPS_T57SB01_OFFICIAL_DOCUMENT_UPLOAD,5e0047dd7e9a7f368d52040e179f3727aa40b00bf9b04cf9983640c18555d63e,fbbe30e285220df4be531bf9373a2edaddcda6f38fe2cbdaa5c086bb304f77be,EXACT_MATCH,MOPS_SINGLE_ELIGIBLE_FILING,6d851aeaa634abf69470c7fe52481cab91a2fb04a0e38bac7cc34ea5c413bf22
4958,2018-03-31,2018,1,2018-05-11,2018-05-11T17:34:55+08:00,2018-05-11,2018-05-11,2018-05-14,MOPS_EXACT,official_timestamp_second_precision,CONSOLIDATED,201801_4958_AI1.pdf,TWSE_MOPS_T57SB01_OFFICIAL_DOCUMENT_UPLOAD,5e0047dd7e9a7f368d52040e179f3727aa40b00bf9b04cf9983640c18555d63e,0a81e79044b50f8e05a619fa60f4586cad8c5ebdabf09d52c1bbce5204348a73,EXACT_MATCH,MOPS_SINGLE_ELIGIBLE_FILING,91ef7cf5a3947f4cac636af9ffa884ecde0ea5f5bb9e2a7a2636d9d4996a501d
4958,2018-06-30,2018,2,2018-08-10,2018-08-10T17:36:36+08:00,2018-08-10,2018-08-10,2018-08-13,MOPS_EXACT,official_timestamp_second_precision,CONSOLIDATED,201802_4958_AI1.pdf,TWSE_MOPS_T57SB01_OFFICIAL_DOCUMENT_UPLOAD,5e0047dd7e9a7f368d52040e179f3727aa40b00bf9b04cf9983640c18555d63e,608f3189a0630850b0e0fe407277e4db600bee6e5e591e811c570c05e16587e6,EXACT_MATCH,MOPS_SINGLE_ELIGIBLE_FILING,d73e0eeb373b90234cbbde3d045e78ce2833d9f624d2b094c709b82026c5d3af
4958,2018-09-30,2018,3,2018-11-12,2018-11-12T17:17:13+08:00,2018-11-12,2018-11-12,2018-11-13,MOPS_EXACT,official_timestamp_second_precision,CONSOLIDATED,201803_4958_AI1.pdf,TWSE_MOPS_T57SB01_OFFICIAL_DOCUMENT_UPLOAD,5e0047dd7e9a7f368d52040e179f3727aa40b00bf9b04cf9983640c18555d63e,e34dc4f9e51383fac1097c3c6584907186346e307ff376c96add6b12e28f409c,EXACT_MATCH,MOPS_SINGLE_ELIGIBLE_FILING,a5b9028bf98178e9684feb6c57034e27cfce6930ec230e9902f8c74098e8ea7a
4958,2018-12-31,2018,4,2019-03-29,2019-03-29T18:28:47+08:00,2019-03-29,2019-03-29,2019-04-01,MOPS_EXACT,official_timestamp_second_precision,CONSOLIDATED,201804_4958_AI1.pdf,TWSE_MOPS_T57SB01_OFFICIAL_DOCUMENT_UPLOAD,5e0047dd7e9a7f368d52040e179f3727aa40b00bf9b04cf9983640c18555d63e,a1c1024a8a4dde6a534b21ed7670a6b99467ddf0c46243d3b0278358a476f86b,EXACT_MATCH,MOPS_SINGLE_ELIGIBLE_FILING,3e40cf950bc4455cb0b71a673e7d1bee744c2831d36444535b57d4f648503228
4958,2019-03-31,2019,1,2019-05-10,2019-05-10T15:51:48+08:00,2019-05-10,2019-05-10,2019-05-13,MOPS_EXACT,official_timestamp_second_precision,CONSOLIDATED,201901_4958_AI1.pdf,TWSE_MOPS_T57SB01_OFFICIAL_DOCUMENT_UPLOAD,5e0047dd7e9a7f368d52040e179f3727aa40b00bf9b04cf9983640c18555d63e,514275eefed260a888d27cb55219e8c2962743433a351ea28e5f15bad7655625,EXACT_MATCH,MOPS_SINGLE_ELIGIBLE_FILING,cb0989a62ac8ddb6cff6257bde33495c9d4a6e53a39b0faeee94cabae2f0ebd3
4958,2019-06-30,2019,2,2019-08-13,2019-08-13T15:17:59+08:00,2019-08-13,2019-08-13,2019-08-14,MOPS_EXACT,official_timestamp_second_precision,CONSOLIDATED,201902_4958_AI1.pdf,TWSE_MOPS_T57SB01_OFFICIAL_DOCUMENT_UPLOAD,5e0047dd7e9a7f368d52040e179f3727aa40b00bf9b04cf9983640c18555d63e,29423e961c8d6074a87066edf3a2d1041358f1983581f41cc2ca19cb5509f834,EXACT_MATCH,MOPS_SINGLE_ELIGIBLE_FILING,10625d1656db91079491e0a5fe64e24afd699ed65a5c9dbbe397665bbfced172
4958,2019-09-30,2019,3,2019-11-12,2019-11-12T16:06:48+08:00,2019-11-12,2019-11-12,2019-11-13,MOPS_EXACT,official_timestamp_second_precision,CONSOLIDATED,201903_4958_AI1.pdf,TWSE_MOPS_T57SB01_OFFICIAL_DOCUMENT_UPLOAD,5e0047dd7e9a7f368d52040e179f3727aa40b00bf9b04cf9983640c18555d63e,191ccd14716fb1d6d990ce81d8dae2c47addfc4ad3112f8009ed1e2ba3deb42d,EXACT_MATCH,MOPS_SINGLE_ELIGIBLE_FILING,cbcc2248f9e4360db40dc456fde43d54e192baa68de5f093c237d4afa7a3842e
4958,2019-12-31,2019,4,2020-03-30,2020-03-30T18:25:03+08:00,2020-03-30,2020-03-30,2020-03-31,MOPS_EXACT,official_timestamp_second_precision,CONSOLIDATED,201904_4958_AI1.pdf,TWSE_MOPS_T57SB01_OFFICIAL_DOCUMENT_UPLOAD,5e0047dd7e9a7f368d52040e179f3727aa40b00bf9b04cf9983640c18555d63e,c729efdc381dea2c33d9b950c22a4dcae2100f767d1dd6aeb81ac9505e3b3b0d,EXACT_MATCH,MOPS_SINGLE_ELIGIBLE_FILING,36a33201d82ef8f9036c8e4fa34438a4407039be99870e8f56262fee8ec245a7
4958,2020-03-31,2020,1,2020-05-08,2020-05-08T15:37:04+08:00,2020-05-08,2020-05-08,2020-05-11,MOPS_EXACT,official_timestamp_second_precision,CONSOLIDATED,202001_4958_AI1.pdf,TWSE_MOPS_T57SB01_OFFICIAL_DOCUMENT_UPLOAD,5e0047dd7e9a7f368d52040e179f3727aa40b00bf9b04cf9983640c18555d63e,a51d3f0db09e2f189f65f89cf2e746c96172a799d04bc1076376349b139b2d57,EXACT_MATCH,MOPS_SINGLE_ELIGIBLE_FILING,1f620c2c5587b665f61a61ee898581cffb56c3105feab828e817a1ea3fd65d09
4958,2020-06-30,2020,2,2020-08-12,2020-08-12T15:04:55+08:00,2020-08-12,2020-08-12,2020-08-13,MOPS_EXACT,official_timestamp_second_precision,CONSOLIDATED,202002_4958_AI1.pdf,TWSE_MOPS_T57SB01_OFFICIAL_DOCUMENT_UPLOAD,5e0047dd7e9a7f368d52040e179f3727aa40b00bf9b04cf9983640c18555d63e,854584cb49efcc819b901ca488efcc5a7d52fc9ad9f80c08854880ee5b2ab099,EXACT_MATCH,MOPS_SINGLE_ELIGIBLE_FILING,2562585ae36778b729ff589d2ce6c4be3a319687fba071eee49ce18722a5cc31
4958,2020-09-30,2020,3,2020-11-11,2020-11-11T17:10:50+08:00,2020-11-11,2020-11-11,2020-11-12,MOPS_EXACT,official_timestamp_second_precision,CONSOLIDATED,202003_4958_AI1.pdf,TWSE_MOPS_T57SB01_OFFICIAL_DOCUMENT_UPLOAD,5e0047dd7e9a7f368d52040e179f3727aa40b00bf9b04cf9983640c18555d63e,5f5726656a573a6ff2bc1acbfb3c033a6db2b9ca4aba9eb1fdab8dc48fa9bee5,EXACT_MATCH,MOPS_SINGLE_ELIGIBLE_FILING,6a7bbdbfb51584affa39a262c2a119a718a60d2f427e68f28dea7f20179ae15e
4958,2020-12-31,2020,4,2021-03-30,2021-03-30T17:32:47+08:00,2021-03-30,2021-03-30,2021-03-31,MOPS_EXACT,official_timestamp_second_precision,CONSOLIDATED,202004_4958_AI1.pdf,TWSE_MOPS_T57SB01_OFFICIAL_DOCUMENT_UPLOAD,5e0047dd7e9a7f368d52040e179f3727aa40b00bf9b04cf9983640c18555d63e,90c877a1db83726a85abec09c41fe7d0dd769aaef06694d4a8cb41309df503e3,EXACT_MATCH,MOPS_SINGLE_ELIGIBLE_FILING,619f9b9f37eedea1479e9d7316280cd3cfeae1157251949b569fa733e820f404
4958,2021-03-31,2021,1,2021-05-07,2021-05-07T15:14:44+08:00,2021-05-07,2021-05-07,2021-05-10,MOPS_EXACT,official_timestamp_second_precision,CONSOLIDATED,202101_4958_AI1.pdf,TWSE_MOPS_T57SB01_OFFICIAL_DOCUMENT_UPLOAD,5e0047dd7e9a7f368d52040e179f3727aa40b00bf9b04cf9983640c18555d63e,38c0aba3309f91f4dba3ca408d78155417a31e0dd8fa963913f9469aebe45faf,EXACT_MATCH,MOPS_SINGLE_ELIGIBLE_FILING,2091ca678c8eb1236e17ca7182aa0cd8c74153a23ffc2174632d8650bfcd22d4
4958,2021-06-30,2021,2,2021-08-30,2021-08-30T15:48:35+08:00,2021-08-30,2021-08-30,2021-08-31,MOPS_EXACT,official_timestamp_second_precision,CONSOLIDATED,202102_4958_AI1.pdf,TWSE_MOPS_T57SB01_OFFICIAL_DOCUMENT_UPLOAD,5e0047dd7e9a7f368d52040e179f3727aa40b00bf9b04cf9983640c18555d63e,5bb6bfb1fa794d8a6db7be335862a7b30eb7861055d4ef5955e35d422671ec8f,EXACT_MATCH,MOPS_SINGLE_ELIGIBLE_FILING,6b94b1bf3374f8ef9076adbbe1f353c9eccbe831f0f179b61db772e6c5647e1d
4958,2021-09-30,2021,3,2021-11-11,2021-11-11T14:54:24+08:00,2021-11-11,2021-11-11,2021-11-12,MOPS_EXACT,official_timestamp_second_precision,CONSOLIDATED,202103_4958_AI1.pdf,TWSE_MOPS_T57SB01_OFFICIAL_DOCUMENT_UPLOAD,5e0047dd7e9a7f368d52040e179f3727aa40b00bf9b04cf9983640c18555d63e,d39af2b0b8b9200f36628da55517f68e89c59a7805a2998c8c78ceb0b93519a0,EXACT_MATCH,MOPS_SINGLE_ELIGIBLE_FILING,237c10dc11bf51a4f4b50ca0b89666f52e92fb5fe2f4b861d6e4022b4604be7b
4958,2021-12-31,2021,4,2022-03-16,2022-03-16T15:22:50+08:00,2022-03-16,2022-03-16,2022-03-17,MOPS_EXACT,official_timestamp_second_precision,CONSOLIDATED,202104_4958_AI1.pdf,TWSE_MOPS_T57SB01_OFFICIAL_DOCUMENT_UPLOAD,5e0047dd7e9a7f368d52040e179f3727aa40b00bf9b04cf9983640c18555d63e,67983e8e4f1ad71285b6df2684f3a7acfe6764c6ede4a6eba2f676467481053e,EXACT_MATCH,MOPS_SINGLE_ELIGIBLE_FILING,f376e3a8efcfbe05192ff418c1610ddbd52e1997fc99a8122ceb4c9e382da1c2
4958,2022-03-31,2022,1,2022-05-11,2022-05-11T15:33:20+08:00,2022-05-11,2022-05-11,2022-05-12,MOPS_EXACT,official_timestamp_second_precision,CONSOLIDATED,202201_4958_AI1.pdf,TWSE_MOPS_T57SB01_OFFICIAL_DOCUMENT_UPLOAD,5e0047dd7e9a7f368d52040e179f3727aa40b00bf9b04cf9983640c18555d63e,5973f7d4f1ce1c044fae2bc66fb039c69aec3eec6217557b84340fb9fcc71ad1,EXACT_MATCH,MOPS_SINGLE_ELIGIBLE_FILING,4cd6b1b5d725c514250e2b27fe68d8fa20975b55c0e152775aae7348245604dd
4958,2022-06-30,2022,2,2022-08-09,2022-08-09T15:11:18+08:00,2022-08-09,2022-08-09,2022-08-10,MOPS_EXACT,official_timestamp_second_precision,CONSOLIDATED,202202_4958_AI1.pdf,TWSE_MOPS_T57SB01_OFFICIAL_DOCUMENT_UPLOAD,5e0047dd7e9a7f368d52040e179f3727aa40b00bf9b04cf9983640c18555d63e,5f7b53166f024c8d19719354c880f5ff38e4a5dcf3aa27cf5b02159e79f47cfb,EXACT_MATCH,MOPS_SINGLE_ELIGIBLE_FILING,1dc7bb8b917a8b043bec1d6b93edee4c63f225737f9e02aa4f3cba511f5db1c9
4958,2022-09-30,2022,3,2022-11-04,2022-11-04T14:39:59+08:00,2022-11-04,2022-11-04,2022-11-07,MOPS_EXACT,official_timestamp_second_precision,CONSOLIDATED,202203_4958_AI1.pdf,TWSE_MOPS_T57SB01_OFFICIAL_DOCUMENT_UPLOAD,5e0047dd7e9a7f368d52040e179f3727aa40b00bf9b04cf9983640c18555d63e,e6dbbb0c696ed50eb2d49dd323812a9aa1dbb19def7161c8c1d4541851033141,EXACT_MATCH,MOPS_SINGLE_ELIGIBLE_FILING,ef0e667359991956ad2e121fd44283a8c519693d1c0b5fbad067320d0dc8b2e1
4958,2022-12-31,2022,4,2023-03-13,2023-03-13T14:52:39+08:00,2023-03-13,2023-03-13,2023-03-14,MOPS_EXACT,official_timestamp_second_precision,CONSOLIDATED,202204_4958_AI1.pdf,TWSE_MOPS_T57SB01_OFFICIAL_DOCUMENT_UPLOAD,5e0047dd7e9a7f368d52040e179f3727aa40b00bf9b04cf9983640c18555d63e,dfdba7b1441aff8346655672bdfacd6ac3ba06f7ef2989fa0ca85693e034b7d2,EXACT_MATCH,MOPS_SINGLE_ELIGIBLE_FILING,f93e30652d1740dc80acf071d073b3360f72611b7c6a8851fc2996c96089db26
4958,2023-03-31,2023,1,2023-05-10,2023-05-10T15:22:01+08:00,2023-05-10,2023-05-10,2023-05-11,MOPS_EXACT,official_timestamp_second_precision,CONSOLIDATED,202301_4958_AI1.pdf,TWSE_MOPS_T57SB01_OFFICIAL_DOCUMENT_UPLOAD,5e0047dd7e9a7f368d52040e179f3727aa40b00bf9b04cf9983640c18555d63e,bf98f77043e2f7d7e73bbd6fbed668a22163c5acbe2da2d5ff3dac72ec6f4f5c,EXACT_MATCH,MOPS_SINGLE_ELIGIBLE_FILING,d9f3532cc72583b28d1ece0a2dc987d759147fac0d5db4e92e8daf969477f8e0
4958,2023-06-30,2023,2,2023-08-09,2023-08-09T15:31:47+08:00,2023-08-09,2023-08-09,2023-08-10,MOPS_EXACT,official_timestamp_second_precision,CONSOLIDATED,202302_4958_AI1.pdf,TWSE_MOPS_T57SB01_OFFICIAL_DOCUMENT_UPLOAD,5e0047dd7e9a7f368d52040e179f3727aa40b00bf9b04cf9983640c18555d63e,1d7cb54e15ce351438e592735d32ea1a990736be545cce5d8de2f24364862e7f,EXACT_MATCH,MOPS_SINGLE_ELIGIBLE_FILING,2ca57858e070be8200f9e76e25bf13433eba98f12eefd526cc92b8b21ad90c9a
4958,2023-09-30,2023,3,2023-11-06,2023-11-06T17:59:48+08:00,2023-11-06,2023-11-06,2023-11-07,MOPS_EXACT,official_timestamp_second_precision,CONSOLIDATED,202303_4958_AI1.pdf,TWSE_MOPS_T57SB01_OFFICIAL_DOCUMENT_UPLOAD,5e0047dd7e9a7f368d52040e179f3727aa40b00bf9b04cf9983640c18555d63e,7f0bf7e100ef3a4719f0face325a13e4faf81241bd5ccf8d801c3f93fec9866a,EXACT_MATCH,MOPS_SINGLE_ELIGIBLE_FILING,64d9c592ac14373cf845ffbf6e89d3a5a6629348ff8f6369a0abe58f0f4377fe
4958,2023-12-31,2023,4,2024-03-12,2024-03-12T15:06:17+08:00,2024-03-12,2024-03-12,2024-03-13,MOPS_EXACT,official_timestamp_second_precision,CONSOLIDATED,202304_4958_AI1.pdf,TWSE_MOPS_T57SB01_OFFICIAL_DOCUMENT_UPLOAD,5e0047dd7e9a7f368d52040e179f3727aa40b00bf9b04cf9983640c18555d63e,68b63ac7c6472a57ee11c789069e362e1e301e207d9a6f8cada5699e0b401a0c,EXACT_MATCH,MOPS_SINGLE_ELIGIBLE_FILING,1261a07e7e7939737e1bb9efe15b4a1793542f7ece2e990d27d05dfabbfb4fbc
4958,2024-03-31,2024,1,2024-05-10,2024-05-10T17:08:36+08:00,2024-05-10,2024-05-10,2024-05-13,MOPS_EXACT,official_timestamp_second_precision,CONSOLIDATED,202401_4958_AI1.pdf,TWSE_MOPS_T57SB01_OFFICIAL_DOCUMENT_UPLOAD,5e0047dd7e9a7f368d52040e179f3727aa40b00bf9b04cf9983640c18555d63e,26bdfb6f7c3e88336c69583bf99f08079ab7f89ba492f9336fdb45e8c968a404,EXACT_MATCH,MOPS_SINGLE_ELIGIBLE_FILING,9c0d2a4db6d68e137dc27a656a03fd88783d3f20ec038c2882eb6bf598d48097
4958,2024-06-30,2024,2,2024-08-13,2024-08-13T14:50:50+08:00,2024-08-13,2024-08-13,2024-08-14,MOPS_EXACT,official_timestamp_second_precision,CONSOLIDATED,202402_4958_AI1.pdf,TWSE_MOPS_T57SB01_OFFICIAL_DOCUMENT_UPLOAD,5e0047dd7e9a7f368d52040e179f3727aa40b00bf9b04cf9983640c18555d63e,0ac283723b71ea61ced2a564634f2673a7a80ce0e2db6f2d9c3f870ec13a3c83,EXACT_MATCH,MOPS_SINGLE_ELIGIBLE_FILING,b8cd6105eddcc633c97ec987a59ca55dcf2dfbef012175b688af255b6b778d34
4958,2024-09-30,2024,3,2024-11-08,2024-11-08T15:06:28+08:00,2024-11-08,2024-11-08,2024-11-11,MOPS_EXACT,official_timestamp_second_precision,CONSOLIDATED,202403_4958_AI1.pdf,TWSE_MOPS_T57SB01_OFFICIAL_DOCUMENT_UPLOAD,5e0047dd7e9a7f368d52040e179f3727aa40b00bf9b04cf9983640c18555d63e,c1d19496aa3a7d676085b206538f2cae8021d48984cc7bab8f536895dbea5bc1,EXACT_MATCH,MOPS_SINGLE_ELIGIBLE_FILING,0c4fc47311b429d96b80674b4dd8404dcf3ed1507b2baf6ae96e05933079edba
4958,2024-12-31,2024,4,2025-03-11,2025-03-11T15:19:08+08:00,2025-03-11,2025-03-11,2025-03-12,MOPS_EXACT,official_timestamp_second_precision,CONSOLIDATED,202404_4958_AI1.pdf,TWSE_MOPS_T57SB01_OFFICIAL_DOCUMENT_UPLOAD,5e0047dd7e9a7f368d52040e179f3727aa40b00bf9b04cf9983640c18555d63e,094a878638a97ff06baf2e8538351550edf21ef80ffd3ad225d1287afdd56ad5,EXACT_MATCH,MOPS_SINGLE_ELIGIBLE_FILING,1cdd0abfb675a97be8a93c696fca8ad031544e1ce00b3ec174404eb96786e335
4958,2025-03-31,2025,1,2025-05-13,2025-05-13T15:41:36+08:00,2025-05-13,2025-05-13,2025-05-14,MOPS_EXACT,official_timestamp_second_precision,CONSOLIDATED,202501_4958_AI1.pdf,TWSE_MOPS_T57SB01_OFFICIAL_DOCUMENT_UPLOAD,5e0047dd7e9a7f368d52040e179f3727aa40b00bf9b04cf9983640c18555d63e,f84a4f6911c7c5862f67afd2ca11a3d0c499ae66ad85275c7bfda2df70ca62e7,EXACT_MATCH,MOPS_SINGLE_ELIGIBLE_FILING,a1661905b72721e691132e403744fc9d42c74ccdf606bcbf1bc6a980410ba09e
4958,2025-06-30,2025,2,2025-08-12,2025-08-12T15:05:54+08:00,2025-08-12,2025-08-12,2025-08-13,MOPS_EXACT,official_timestamp_second_precision,CONSOLIDATED,202502_4958_AI1.pdf,TWSE_MOPS_T57SB01_OFFICIAL_DOCUMENT_UPLOAD,5e0047dd7e9a7f368d52040e179f3727aa40b00bf9b04cf9983640c18555d63e,a2ae544820881e57380da255fd1eac212ee3d51d9ac731004cb85f84e0e364e2,EXACT_MATCH,MOPS_SINGLE_ELIGIBLE_FILING,b13415da25659b32f7d994da2f01068968015461d8a34ebc6fde537bab82f8c8
4958,2025-09-30,2025,3,2025-11-11,2025-11-11T15:16:08+08:00,2025-11-11,2025-11-11,2025-11-12,MOPS_EXACT,official_timestamp_second_precision,CONSOLIDATED,202503_4958_AI1.pdf,TWSE_MOPS_T57SB01_OFFICIAL_DOCUMENT_UPLOAD,5e0047dd7e9a7f368d52040e179f3727aa40b00bf9b04cf9983640c18555d63e,f880b6db23784e2224105785a5950c9dcbad3c5d7c6d0a8f047da70a3de95f4e,EXACT_MATCH,MOPS_SINGLE_ELIGIBLE_FILING,3f83eb91d9868f9d5fb8c3f6c717a26cc815aabca138106d1d3c9da5d8de51a3
4958,2025-12-31,2025,4,2026-03-12,2026-03-12T15:04:31+08:00,2026-03-12,2026-03-12,2026-03-13,MOPS_EXACT,official_timestamp_second_precision,CONSOLIDATED,202504_4958_AI1.pdf,TWSE_MOPS_T57SB01_OFFICIAL_DOCUMENT_UPLOAD,5e0047dd7e9a7f368d52040e179f3727aa40b00bf9b04cf9983640c18555d63e,0a33569b35e5055541e89df5020ed5f7ebd52d76e9b45320af604050f77fefd0,EXACT_MATCH,MOPS_SINGLE_ELIGIBLE_FILING,d10b4db83593968c3298d46dae4b89036d3701ce73869fbd58945768c9b4a419
4958,2026-03-31,2026,1,2026-05-12,2026-05-12T15:05:31+08:00,2026-05-12,2026-05-12,2026-05-13,MOPS_EXACT,official_timestamp_second_precision,CONSOLIDATED,202601_4958_AI1.pdf,TWSE_MOPS_T57SB01_OFFICIAL_DOCUMENT_UPLOAD,5e0047dd7e9a7f368d52040e179f3727aa40b00bf9b04cf9983640c18555d63e,40b8e5cbf5d1bd748abbd6f68b350ef917a55649eb10dd2562a616a149c84e64,EXACT_MATCH,MOPS_SINGLE_ELIGIBLE_FILING,7fe1c749d6a9cf5789af80437ec482f467994fb1351cedbb74fd71f147a438e6
4958,2026-06-30,2026,2,2026-08-11,2026-08-11T15:08:30+08:00,2026-08-11,2026-08-11,2026-08-12,MOPS_EXACT,official_timestamp_second_precision,CONSOLIDATED,202602_4958_AI1.pdf,TWSE_MOPS_T57SB01_OFFICIAL_DOCUMENT_UPLOAD,5e0047dd7e9a7f368d52040e179f3727aa40b00bf9b04cf9983640c18555d63e,28008bb98f930b26d4515a2b32793810051dba6d4a23313086113e17aeb7dd83,EXACT_MATCH,MOPS_SINGLE_ELIGIBLE_FILING,54be7f7eb253e58e3ab643f82c97eac5fc81a48d6be71eb1d07c4a519c0cf3f4
5880,2016-03-31,2016,1,2016-05-25,2016-05-25T10:42:21+08:00,2016-05-25,2016-05-25,2016-05-26,MOPS_EXACT,official_timestamp_second_precision,CONSOLIDATED,201601_5880_AI1.pdf,TWSE_MOPS_T57SB01_OFFICIAL_DOCUMENT_UPLOAD,c3cff4d6c3f002c0afadbc3eb830c387abaa44684649eb348c0745974af8031d,4336930f99d302ae63c391050aaa9a8aa03705face17e128a569b3705c417d9a,EXACT_MATCH,MOPS_SINGLE_ELIGIBLE_FILING,5bd359f49faa22ab254a707e6607c863538810105566e652bdf92c27c47d7cfc
5880,2016-06-30,2016,2,2016-08-30,2016-08-30T15:04:37+08:00,2016-08-30,2016-08-30,2016-08-31,MOPS_EXACT,official_timestamp_second_precision,CONSOLIDATED,201602_5880_AI1.pdf,TWSE_MOPS_T57SB01_OFFICIAL_DOCUMENT_UPLOAD,c3cff4d6c3f002c0afadbc3eb830c387abaa44684649eb348c0745974af8031d,838b78ad489a7b54095aaf2fa467f2aeff8bb96e540b44c67002e54b39b57fa9,EXACT_MATCH,MOPS_SINGLE_ELIGIBLE_FILING,d5dbcbf5dbfb5aa966eec1d1cccfbdb263101262d6e9c9742354fee1b48c20cb
5880,2016-09-30,2016,3,2016-11-29,2016-11-29T10:31:19+08:00,2016-11-29,2016-11-29,2016-11-30,MOPS_EXACT,official_timestamp_second_precision,CONSOLIDATED,201603_5880_AI1.pdf,TWSE_MOPS_T57SB01_OFFICIAL_DOCUMENT_UPLOAD,c3cff4d6c3f002c0afadbc3eb830c387abaa44684649eb348c0745974af8031d,4350f53903d9b0598090382bb38538577b1671b4732c97c815b77c125286bc44,EXACT_MATCH,MOPS_SINGLE_ELIGIBLE_FILING,65ff774126e81dc7e7c9646a90ef08ac144e32c6df4d90a82631508298477e78
5880,2016-12-31,2016,4,2017-03-30,2017-03-30T17:10:01+08:00,2017-03-30,2017-03-30,2017-03-31,MOPS_EXACT,official_timestamp_second_precision,CONSOLIDATED,201604_5880_AI1.pdf,TWSE_MOPS_T57SB01_OFFICIAL_DOCUMENT_UPLOAD,c3cff4d6c3f002c0afadbc3eb830c387abaa44684649eb348c0745974af8031d,32bb26f0ab29739548658df72f0c546b9f68af0c72a3f3450832f5d792ef0f6f,EXACT_MATCH,MOPS_SINGLE_ELIGIBLE_FILING,a486a54f342104159cb7468e668fcb903762cd67e562b5e2a2a771c662440a33
5880,2017-03-31,2017,1,2017-05-26,2017-05-26T09:08:17+08:00,2017-05-26,2017-05-26,2017-05-31,MOPS_EXACT,official_timestamp_second_precision,CONSOLIDATED,201701_5880_AI1.pdf,TWSE_MOPS_T57SB01_OFFICIAL_DOCUMENT_UPLOAD,c3cff4d6c3f002c0afadbc3eb830c387abaa44684649eb348c0745974af8031d,ee0fb2a66bb6e2a64ca7e7b65c9fc680e12e60c25e3054c310761e46b5f67774,EXACT_MATCH,MOPS_SINGLE_ELIGIBLE_FILING,7a810bc6b67ad51efeda4d03c60d6ecc0ec241eaa05954060ce6e379d5aebae5
5880,2017-06-30,2017,2,2017-08-31,2017-08-31T09:20:20+08:00,2017-08-31,2017-08-31,2017-09-01,MOPS_EXACT,official_timestamp_second_precision,CONSOLIDATED,201702_5880_AI1.pdf,TWSE_MOPS_T57SB01_OFFICIAL_DOCUMENT_UPLOAD,c3cff4d6c3f002c0afadbc3eb830c387abaa44684649eb348c0745974af8031d,116af46a36373841083415675845350d6713511a86ce93b1f084108c0d3be7a6,EXACT_MATCH,MOPS_SINGLE_ELIGIBLE_FILING,49632ad4e1def79dbd67e731fd2a3f5afb70a16f9694f49256d5cb59ef388583
5880,2017-09-30,2017,3,2017-11-28,2017-11-28T18:24:25+08:00,2017-11-28,2017-11-28,2017-11-29,MOPS_EXACT,official_timestamp_second_precision,CONSOLIDATED,201703_5880_AI1.pdf,TWSE_MOPS_T57SB01_OFFICIAL_DOCUMENT_UPLOAD,c3cff4d6c3f002c0afadbc3eb830c387abaa44684649eb348c0745974af8031d,0f0bd7a2fe4aa49aab0de11e9e97261a0be88225355fa264aa24be65309c2875,EXACT_MATCH,MOPS_SINGLE_ELIGIBLE_FILING,9843d7e11288c02524e2b176d517a51c6c185ec15d42e1dce7d7003329cb5e92
5880,2017-12-31,2017,4,2018-03-31,2018-03-31T11:01:41+08:00,2018-03-31,2018-03-31,2018-04-02,MOPS_EXACT,official_timestamp_second_precision,CONSOLIDATED,201704_5880_AI1.pdf,TWSE_MOPS_T57SB01_OFFICIAL_DOCUMENT_UPLOAD,c3cff4d6c3f002c0afadbc3eb830c387abaa44684649eb348c0745974af8031d,b1f10cfc556a57afa3d11ae0b2e14ddc24a42ce612a1cc40e09603e8489861c5,EXACT_MATCH,MOPS_SINGLE_ELIGIBLE_FILING,6dde67fcb7b07ed6c890c269fe520897831f8212370394dffd81f2e32238a39c
5880,2018-03-31,2018,1,2018-05-30,2018-05-30T14:47:09+08:00,2018-05-30,2018-05-30,2018-05-31,MOPS_EXACT,official_timestamp_second_precision,CONSOLIDATED,201801_5880_AI1.pdf,TWSE_MOPS_T57SB01_OFFICIAL_DOCUMENT_UPLOAD,c3cff4d6c3f002c0afadbc3eb830c387abaa44684649eb348c0745974af8031d,37a4f08b1e2a4ff1f9fd9e15e1db588c12f8ab5edf0c8522db78a88020cc84f5,EXACT_MATCH,MOPS_SINGLE_ELIGIBLE_FILING,8ab10dbb1470805f347af2b5e8b5912b801b3867c0bbe8e29e80333c9a84142c
5880,2018-06-30,2018,2,2018-08-30,2018-08-30T15:52:37+08:00,2018-08-30,2018-08-30,2018-08-31,MOPS_EXACT,official_timestamp_second_precision,CONSOLIDATED,201802_5880_AI1.pdf,TWSE_MOPS_T57SB01_OFFICIAL_DOCUMENT_UPLOAD,c3cff4d6c3f002c0afadbc3eb830c387abaa44684649eb348c0745974af8031d,3e8c16be2cc32eb9f47e14b9945211ba84c22bbf800708e978bd3cbf1ce0782e,EXACT_MATCH,MOPS_SINGLE_ELIGIBLE_FILING,72c54936511528dcebfb0d821df8fb246aeb2bfdd399a9dbf52f86c3e0efdb1d
5880,2018-09-30,2018,3,2018-11-28,2018-11-28T18:17:14+08:00,2018-11-28,2018-11-28,2018-11-29,MOPS_EXACT,official_timestamp_second_precision,CONSOLIDATED,201803_5880_AI1.pdf,TWSE_MOPS_T57SB01_OFFICIAL_DOCUMENT_UPLOAD,c3cff4d6c3f002c0afadbc3eb830c387abaa44684649eb348c0745974af8031d,f3c2af223048ded31e403de43d20a421116f9b29843d7908ab643e7f3906222c,EXACT_MATCH,MOPS_SINGLE_ELIGIBLE_FILING,c82722928c962c8ecdda29ce704839a24587177345e258ba0abaeb86042c110e
5880,2018-12-31,2018,4,2019-03-29,2019-03-29T13:35:39+08:00,2019-03-29,2019-03-29,2019-04-01,MOPS_EXACT,official_timestamp_second_precision,CONSOLIDATED,201804_5880_AI1.pdf,TWSE_MOPS_T57SB01_OFFICIAL_DOCUMENT_UPLOAD,c3cff4d6c3f002c0afadbc3eb830c387abaa44684649eb348c0745974af8031d,9e8ff005e74875fe25b67fb2c54f2242d6b07dde92f7606ebaf540a9f904d08e,EXACT_MATCH,MOPS_SINGLE_ELIGIBLE_FILING,b8b3a8c7497ed8dc54ae9c25295813ca43d717c27c64620aa75b3e4fb7412065
5880,2019-03-31,2019,1,2019-05-30,2019-05-30T11:47:32+08:00,2019-05-30,2019-05-30,2019-05-31,MOPS_EXACT,official_timestamp_second_precision,CONSOLIDATED,201901_5880_AI1.pdf,TWSE_MOPS_T57SB01_OFFICIAL_DOCUMENT_UPLOAD,c3cff4d6c3f002c0afadbc3eb830c387abaa44684649eb348c0745974af8031d,99bc334bc4160878e72bfd71288185fe8114815999491131618a0a657085596e,EXACT_MATCH,MOPS_SINGLE_ELIGIBLE_FILING,3113572e81f502732c87736d071e2a3ce352cb74b0b1b97becac0bc3524fb49e
5880,2019-06-30,2019,2,2019-08-29,2019-08-29T09:19:33+08:00,2019-08-29,2019-08-29,2019-08-30,MOPS_EXACT,official_timestamp_second_precision,CONSOLIDATED,201902_5880_AI1.pdf,TWSE_MOPS_T57SB01_OFFICIAL_DOCUMENT_UPLOAD,c3cff4d6c3f002c0afadbc3eb830c387abaa44684649eb348c0745974af8031d,7231ffffdd392da8b6e0e9ec3bb7b4ee28acd05c236c8050f38a5b8046479fe6,EXACT_MATCH,MOPS_SINGLE_ELIGIBLE_FILING,a49b69ef8fd5fcfed4759555ee54696a4f44373cf594e450234ced6052fc7fa5
5880,2019-09-30,2019,3,2019-11-27,2019-11-27T13:33:39+08:00,2019-11-27,2019-11-27,2019-11-28,MOPS_EXACT,official_timestamp_second_precision,CONSOLIDATED,201903_5880_AI1.pdf,TWSE_MOPS_T57SB01_OFFICIAL_DOCUMENT_UPLOAD,c3cff4d6c3f002c0afadbc3eb830c387abaa44684649eb348c0745974af8031d,9e36b5d864e97a9d75fa7e9eff011963646f3e090501bd81d0abccfcd439b6b5,EXACT_MATCH,MOPS_SINGLE_ELIGIBLE_FILING,09245abab06cc20e227554d645228e4be261a639ae67aefb8d5df040ed02c4a0
5880,2019-12-31,2019,4,2020-03-27,2020-03-27T17:18:50+08:00,2020-03-27,2020-03-27,2020-03-30,MOPS_EXACT,official_timestamp_second_precision,CONSOLIDATED,201904_5880_AI1.pdf,TWSE_MOPS_T57SB01_OFFICIAL_DOCUMENT_UPLOAD,c3cff4d6c3f002c0afadbc3eb830c387abaa44684649eb348c0745974af8031d,ddea6503adf8d6d7ff0f043ae20f69e3af2d5df8f147528f390c0305ff238f3e,EXACT_MATCH,MOPS_SINGLE_ELIGIBLE_FILING,225f6db8e53c0ee831d9602de15a7129d2ab26b3ffa48e31e261640ba586099e
5880,2020-03-31,2020,1,2020-05-27,2020-05-27T16:51:22+08:00,2020-05-27,2020-05-27,2020-05-28,MOPS_EXACT,official_timestamp_second_precision,CONSOLIDATED,202001_5880_AI1.pdf,TWSE_MOPS_T57SB01_OFFICIAL_DOCUMENT_UPLOAD,c3cff4d6c3f002c0afadbc3eb830c387abaa44684649eb348c0745974af8031d,d16cbb742d369c12784d6e0eac0479adcff9d93e82645d9ca83fbfc578cd28b3,EXACT_MATCH,MOPS_SINGLE_ELIGIBLE_FILING,e9f12b8dff699abfb406d539586e14d707526d04a11f20017184214897e32565
5880,2020-06-30,2020,2,2020-08-26,2020-08-26T14:01:02+08:00,2020-08-26,2020-08-26,2020-08-27,MOPS_EXACT,official_timestamp_second_precision,CONSOLIDATED,202002_5880_AI1.pdf,TWSE_MOPS_T57SB01_OFFICIAL_DOCUMENT_UPLOAD,c3cff4d6c3f002c0afadbc3eb830c387abaa44684649eb348c0745974af8031d,a63574a2752cf41097c4cff698dbd4fb9f57c311f6ec1ddd17508a1ca22d4906,EXACT_MATCH,MOPS_SINGLE_ELIGIBLE_FILING,a09a8010ec66b63dd50e6fbc0a36acf65a957160b465d839907797df419d377b
5880,2020-09-30,2020,3,2020-11-26,2020-11-26T15:34:29+08:00,2020-11-26,2020-11-26,2020-11-27,MOPS_EXACT,official_timestamp_second_precision,CONSOLIDATED,202003_5880_AI1.pdf,TWSE_MOPS_T57SB01_OFFICIAL_DOCUMENT_UPLOAD,c3cff4d6c3f002c0afadbc3eb830c387abaa44684649eb348c0745974af8031d,220135a4e9b93be4bc3d68acffcf6d62c81a1b2231935a25f9e5bc424c601a6c,EXACT_MATCH,MOPS_SINGLE_ELIGIBLE_FILING,62d22d7627030588f36a59735532ed00c4e7edb5e3d059b6614113fe8bf1cf26
5880,2020-12-31,2020,4,2021-03-29,2021-03-29T14:28:21+08:00,2021-03-29,2021-03-29,2021-03-30,MOPS_EXACT,official_timestamp_second_precision,CONSOLIDATED,202004_5880_AI1.pdf,TWSE_MOPS_T57SB01_OFFICIAL_DOCUMENT_UPLOAD,c3cff4d6c3f002c0afadbc3eb830c387abaa44684649eb348c0745974af8031d,048c1f4661997902adea18b766e8777117f4f4139e4bf49e5dc5ddce60e831ba,EXACT_MATCH,MOPS_SINGLE_ELIGIBLE_FILING,094a88ad33babc4f5cc4d4e5f4cd00b1264cb64b2f6f578f4ceb3b03d5dd08ee
5880,2021-03-31,2021,1,2021-05-21,2021-05-21T14:52:28+08:00,2021-05-21,2021-05-21,2021-05-24,MOPS_EXACT,official_timestamp_second_precision,CONSOLIDATED,202101_5880_AI1.pdf,TWSE_MOPS_T57SB01_OFFICIAL_DOCUMENT_UPLOAD,c3cff4d6c3f002c0afadbc3eb830c387abaa44684649eb348c0745974af8031d,3d9f676ec848fd117872af3d10cf94643df114543501a80f698c8ba499087d92,EXACT_MATCH,MOPS_SINGLE_ELIGIBLE_FILING,dc50b3dd1e048e7c1eb36da6a83b5b8901e6a93b4488fcd93d2a93d0696d308a
5880,2021-06-30,2021,2,2021-08-25,2021-08-25T16:34:03+08:00,2021-08-25,2021-08-25,2021-08-26,MOPS_EXACT,official_timestamp_second_precision,CONSOLIDATED,202102_5880_AI1.pdf,TWSE_MOPS_T57SB01_OFFICIAL_DOCUMENT_UPLOAD,c3cff4d6c3f002c0afadbc3eb830c387abaa44684649eb348c0745974af8031d,adcba4efaaf333c8608933f63ac788da28053d1057b06340731f2ec784152c2e,EXACT_MATCH,MOPS_SINGLE_ELIGIBLE_FILING,3f9a31b9efbf31503fba4d7282b7910412624e57afa1f0ac7722c5cf0933860a
5880,2021-09-30,2021,3,2021-11-18,2021-11-18T16:00:20+08:00,2021-11-18,2021-11-18,2021-11-19,MOPS_EXACT,official_timestamp_second_precision,CONSOLIDATED,202103_5880_AI1.pdf,TWSE_MOPS_T57SB01_OFFICIAL_DOCUMENT_UPLOAD,c3cff4d6c3f002c0afadbc3eb830c387abaa44684649eb348c0745974af8031d,7e16a83e664641307fcf5ca140426511045c0110831a2ab2a019effc05ca0bf7,EXACT_MATCH,MOPS_SINGLE_ELIGIBLE_FILING,6adab99252d3bb009d57aebe60660c0845e5746144694175143584e6780e03ab
5880,2021-12-31,2021,4,2022-03-16,2022-03-16T16:30:08+08:00,2022-03-16,2022-03-16,2022-03-17,MOPS_EXACT,official_timestamp_second_precision,CONSOLIDATED,202104_5880_AI1.pdf,TWSE_MOPS_T57SB01_OFFICIAL_DOCUMENT_UPLOAD,c3cff4d6c3f002c0afadbc3eb830c387abaa44684649eb348c0745974af8031d,dba4ec1e884257f5fe3669ab362ae0bcdd565088029b93983118777daff05fcc,EXACT_MATCH,MOPS_SINGLE_ELIGIBLE_FILING,a704085fcd8104d53ff57a2859803bd2c571179ae1d293eee9d1b3da5c65929d
5880,2022-03-31,2022,1,2022-05-26,2022-05-26T13:45:56+08:00,2022-05-26,2022-05-26,2022-05-27,MOPS_EXACT,official_timestamp_second_precision,CONSOLIDATED,202201_5880_AI1.pdf,TWSE_MOPS_T57SB01_OFFICIAL_DOCUMENT_UPLOAD,c3cff4d6c3f002c0afadbc3eb830c387abaa44684649eb348c0745974af8031d,62621043661f34296f2e9c6622d746722e0406788848ddfc7c5104c07aba682b,EXACT_MATCH,MOPS_SINGLE_ELIGIBLE_FILING,5a93f6223432dfae01d0fe14f10e895849e422770a496abdcbbc60430123e0c1
5880,2022-06-30,2022,2,2022-08-24,2022-08-24T16:16:17+08:00,2022-08-24,2022-08-24,2022-08-25,MOPS_EXACT,official_timestamp_second_precision,CONSOLIDATED,202202_5880_AI1.pdf,TWSE_MOPS_T57SB01_OFFICIAL_DOCUMENT_UPLOAD,c3cff4d6c3f002c0afadbc3eb830c387abaa44684649eb348c0745974af8031d,d8a2c7d9f43addc018c9de0b87085f6aed0b010839fe2fda27c61a875650fa52,EXACT_MATCH,MOPS_SINGLE_ELIGIBLE_FILING,2a5394fe5fc6a52ca57879faa873845af9a90094bc4827dc678aa77999c55103
5880,2022-09-30,2022,3,2022-11-24,2022-11-24T14:40:31+08:00,2022-11-24,2022-11-24,2022-11-25,MOPS_EXACT,official_timestamp_second_precision,CONSOLIDATED,202203_5880_AI1.pdf,TWSE_MOPS_T57SB01_OFFICIAL_DOCUMENT_UPLOAD,c3cff4d6c3f002c0afadbc3eb830c387abaa44684649eb348c0745974af8031d,568985da620cd5d936a0d8a69076a787fab2784034c54b571967879610eb7b7c,EXACT_MATCH,MOPS_SINGLE_ELIGIBLE_FILING,6360d5371e5bcc74e03b6937399f572fb75542016fe449d83d9090ea0704fde0
5880,2022-12-31,2022,4,2023-03-14,2023-03-14T17:07:09+08:00,2023-03-14,2023-03-14,2023-03-15,MOPS_EXACT,official_timestamp_second_precision,CONSOLIDATED,202204_5880_AI1.pdf,TWSE_MOPS_T57SB01_OFFICIAL_DOCUMENT_UPLOAD,c3cff4d6c3f002c0afadbc3eb830c387abaa44684649eb348c0745974af8031d,7fabe1626b1e9c2efceb5b2bfc5f85b59f2ee94fe2e0cd08f43ed67ba6fb4b95,EXACT_MATCH,MOPS_SINGLE_ELIGIBLE_FILING,17e3564d02f7134a7e20152e668dd84a0ffcda3e2da8a445d31c2a8a2c17bdb1
5880,2023-03-31,2023,1,2023-05-24,2023-05-24T16:46:29+08:00,2023-05-24,2023-05-24,2023-05-25,MOPS_EXACT,official_timestamp_second_precision,CONSOLIDATED,202301_5880_AI1.pdf,TWSE_MOPS_T57SB01_OFFICIAL_DOCUMENT_UPLOAD,c3cff4d6c3f002c0afadbc3eb830c387abaa44684649eb348c0745974af8031d,7cdc74606219ad113f1b43443b91c086c470f6f82cc3ace11acf80b760d058a6,EXACT_MATCH,MOPS_SINGLE_ELIGIBLE_FILING,70457757b016d723659811c2f4da751611fc3b77fcd985688c317e9029d16b06
5880,2023-06-30,2023,2,2023-08-23,2023-08-23T14:00:49+08:00,2023-08-23,2023-08-23,2023-08-24,MOPS_EXACT,official_timestamp_second_precision,CONSOLIDATED,202302_5880_AI1.pdf,TWSE_MOPS_T57SB01_OFFICIAL_DOCUMENT_UPLOAD,c3cff4d6c3f002c0afadbc3eb830c387abaa44684649eb348c0745974af8031d,3c82c08159f5303a2226542169e9df94e637def0d06e236466cb3eebe391c6d1,EXACT_MATCH,MOPS_SINGLE_ELIGIBLE_FILING,dc7411691f180568c69943f98a56cac278960100781056f75373de72a151e222
5880,2023-09-30,2023,3,2023-11-24,2023-11-24T15:02:47+08:00,2023-11-24,2023-11-24,2023-11-27,MOPS_EXACT,official_timestamp_second_precision,CONSOLIDATED,202303_5880_AI1.pdf,TWSE_MOPS_T57SB01_OFFICIAL_DOCUMENT_UPLOAD,c3cff4d6c3f002c0afadbc3eb830c387abaa44684649eb348c0745974af8031d,29ee0aa5438deb61e840250c25be537c1e2ae4001cc5731b2b9bfa541a06c72e,EXACT_MATCH,MOPS_SINGLE_ELIGIBLE_FILING,4c65f869ffabf4160f8a23f31bae23c5276f516c2901ad1efeae99f08cdce7d3
5880,2023-12-31,2023,4,2024-03-14,2024-03-14T13:46:04+08:00,2024-03-14,2024-03-14,2024-03-15,MOPS_EXACT,official_timestamp_second_precision,CONSOLIDATED,202304_5880_AI1.pdf,TWSE_MOPS_T57SB01_OFFICIAL_DOCUMENT_UPLOAD,c3cff4d6c3f002c0afadbc3eb830c387abaa44684649eb348c0745974af8031d,07e72483339ea4b5c21b8c69b13b78221f03a9d80abbe3fccd669cf5fc5b2132,EXACT_MATCH,MOPS_SINGLE_ELIGIBLE_FILING,830b418cacea081ef03e37a3bbee4c378b7bcbc20948024203056c3fe7bdbe3e
5880,2024-03-31,2024,1,2024-05-28,2024-05-28T15:27:43+08:00,2024-05-28,2024-05-28,2024-05-29,MOPS_EXACT,official_timestamp_second_precision,CONSOLIDATED,202401_5880_AI1.pdf,TWSE_MOPS_T57SB01_OFFICIAL_DOCUMENT_UPLOAD,c3cff4d6c3f002c0afadbc3eb830c387abaa44684649eb348c0745974af8031d,f85afc7e242fac94b7971d13e740ce711e575ef3fe60661820a83a2719c856fb,EXACT_MATCH,MOPS_SINGLE_ELIGIBLE_FILING,589e95bbc84ec9a0e6edf2bd22541c1570996216cd5b332b437c0557259eed2d
5880,2024-06-30,2024,2,2024-08-28,2024-08-28T14:49:17+08:00,2024-08-28,2024-08-28,2024-08-29,MOPS_EXACT,official_timestamp_second_precision,CONSOLIDATED,202402_5880_AI1.pdf,TWSE_MOPS_T57SB01_OFFICIAL_DOCUMENT_UPLOAD,c3cff4d6c3f002c0afadbc3eb830c387abaa44684649eb348c0745974af8031d,f58d4feba50aa0f0f26342d9647ff9c39cfaa53a7d6ab2ee165c7061a3262f73,EXACT_MATCH,MOPS_SINGLE_ELIGIBLE_FILING,2f01b1dff85c47277bb11d31fef9262f39ecd3aff48574d268c17836d7d1972c
5880,2024-09-30,2024,3,2024-11-26,2024-11-26T17:38:16+08:00,2024-11-26,2024-11-26,2024-11-27,MOPS_EXACT,official_timestamp_second_precision,CONSOLIDATED,202403_5880_AI1.pdf,TWSE_MOPS_T57SB01_OFFICIAL_DOCUMENT_UPLOAD,c3cff4d6c3f002c0afadbc3eb830c387abaa44684649eb348c0745974af8031d,6fa09f0aef9b0b768a26ece33c94fbf9caf47b28baf40b1a88488ef9d4312502,EXACT_MATCH,MOPS_SINGLE_ELIGIBLE_FILING,6ca246d24513457a06448249edd9c6bfb958eb20104581a2f82cc172e4f4c101
5880,2024-12-31,2024,4,2025-03-14,2025-03-14T14:46:32+08:00,2025-03-14,2025-03-14,2025-03-17,MOPS_EXACT,official_timestamp_second_precision,CONSOLIDATED,202404_5880_AI1.pdf,TWSE_MOPS_T57SB01_OFFICIAL_DOCUMENT_UPLOAD,c3cff4d6c3f002c0afadbc3eb830c387abaa44684649eb348c0745974af8031d,e8d34a32f5d0fd24e5cfb9a332eeb3aa411519f1de976564802e5b69e6fd3b8b,EXACT_MATCH,MOPS_SINGLE_ELIGIBLE_FILING,2537cd14ef2d97f7ac2c23431f02b20a6fe1eeccf17ea03238acea61fe06a4a4
5880,2025-03-31,2025,1,2025-05-27,2025-05-27T17:14:59+08:00,2025-05-27,2025-05-27,2025-05-28,MOPS_EXACT,official_timestamp_second_precision,CONSOLIDATED,202501_5880_AI1.pdf,TWSE_MOPS_T57SB01_OFFICIAL_DOCUMENT_UPLOAD,c3cff4d6c3f002c0afadbc3eb830c387abaa44684649eb348c0745974af8031d,df0a7b4ab5289332265b8fe76a745e24e20ddf2786e8b8bf1646b98f1be1c5be,EXACT_MATCH,MOPS_SINGLE_ELIGIBLE_FILING,536a6d883505361eb71204f441d7f589f57d3d05c139e1e535b22cc8f9280807
5880,2025-06-30,2025,2,2025-08-27,2025-08-27T17:10:06+08:00,2025-08-27,2025-08-27,2025-08-28,MOPS_EXACT,official_timestamp_second_precision,CONSOLIDATED,202502_5880_AI1.pdf,TWSE_MOPS_T57SB01_OFFICIAL_DOCUMENT_UPLOAD,c3cff4d6c3f002c0afadbc3eb830c387abaa44684649eb348c0745974af8031d,ce604268ac21d02883bffe7160d46d530e21cb9fa8f8fc155d078d9d4f9adaf5,EXACT_MATCH,MOPS_SINGLE_ELIGIBLE_FILING,fa42edba45c37979a90cf70fa960502e91076ce1a26c9dc45fa2bc306f7612cb
5880,2025-09-30,2025,3,2025-11-25,2025-11-25T14:47:40+08:00,2025-11-25,2025-11-25,2025-11-26,MOPS_EXACT,official_timestamp_second_precision,CONSOLIDATED,202503_5880_AI1.pdf,TWSE_MOPS_T57SB01_OFFICIAL_DOCUMENT_UPLOAD,c3cff4d6c3f002c0afadbc3eb830c387abaa44684649eb348c0745974af8031d,aea120f0716d4003f2202ae13d902612f55d6fcfe8cecef0f0378a407c5bde9c,EXACT_MATCH,MOPS_SINGLE_ELIGIBLE_FILING,c188959614005f44b7e5e7756fa5528a08911e9b703f5ce8e8a2b1cbe2e0a1ce
5880,2025-12-31,2025,4,2026-03-12,2026-03-12T17:49:49+08:00,2026-03-12,2026-03-12,2026-03-13,MOPS_EXACT,official_timestamp_second_precision,CONSOLIDATED,202504_5880_AI1.pdf,TWSE_MOPS_T57SB01_OFFICIAL_DOCUMENT_UPLOAD,c3cff4d6c3f002c0afadbc3eb830c387abaa44684649eb348c0745974af8031d,04d23760df3c8146c73c978db4f4c695ce20db9905d1ff0e70b21408eed162be,EXACT_MATCH,MOPS_SINGLE_ELIGIBLE_FILING,94938d62eb98c732702d6b4caec23d75aae7582adf088fbb0f252af4b808dfd9
5880,2026-03-31,2026,1,2026-05-26,2026-05-26T16:42:25+08:00,2026-05-26,2026-05-26,2026-05-27,MOPS_EXACT,official_timestamp_second_precision,CONSOLIDATED,202601_5880_AI1.pdf,TWSE_MOPS_T57SB01_OFFICIAL_DOCUMENT_UPLOAD,c3cff4d6c3f002c0afadbc3eb830c387abaa44684649eb348c0745974af8031d,bb8cfd4f7dc5fe93bcacbb9a418dc57f69df71f4d52e6cb258615c9c48cbae19,EXACT_MATCH,MOPS_SINGLE_ELIGIBLE_FILING,fdb6706927126b026fd2d0e09b10bad33805bd899dbf0eb0ef7256bfca80a051
5880,2026-06-30,2026,2,2026-08-26,2026-08-26T17:20:48+08:00,2026-08-26,2026-08-26,2026-08-27,MOPS_EXACT,official_timestamp_second_precision,CONSOLIDATED,202602_5880_AI1.pdf,TWSE_MOPS_T57SB01_OFFICIAL_DOCUMENT_UPLOAD,c3cff4d6c3f002c0afadbc3eb830c387abaa44684649eb348c0745974af8031d,9d38718f15b630cf2af3002c9f5feaa09ff55831f3cc2c3cace58d181255bb53,EXACT_MATCH,MOPS_SINGLE_ELIGIBLE_FILING,c27ec8adf2681983a193bbe7c9d7e61b05fb3389b61464e0aefe139af6074977
6505,2016-03-31,2016,1,2016-05-05,2016-05-05T16:07:33+08:00,2016-05-05,2016-05-05,2016-05-06,MOPS_EXACT,official_timestamp_second_precision,CONSOLIDATED,201601_6505_AI1.pdf,TWSE_MOPS_T57SB01_OFFICIAL_DOCUMENT_UPLOAD,143f296427d0b455f042866222c769164849629c90614edd06efa8adec03cb3c,4a74e7bf2098373a2f951a917ed95ba161b37b8c9a6fec5cb80d85446de0067a,EXACT_MATCH,MOPS_SINGLE_ELIGIBLE_FILING,01c12af01892904fb0bae224628edf67f45d9715b8912b07633a76f2a4d2f11d
6505,2016-06-30,2016,2,2016-08-04,2016-08-04T15:59:04+08:00,2016-08-04,2016-08-04,2016-08-05,MOPS_EXACT,official_timestamp_second_precision,CONSOLIDATED,201602_6505_AI1.pdf,TWSE_MOPS_T57SB01_OFFICIAL_DOCUMENT_UPLOAD,143f296427d0b455f042866222c769164849629c90614edd06efa8adec03cb3c,46cd79ecaad5657d3622cf6399b046e90ac3040579a18e3b82ca067adcdb9a12,EXACT_MATCH,MOPS_SINGLE_ELIGIBLE_FILING,cde4644167e024729d0d98860ce40d0c19ac1a823fcc54478662a789b75ee659
6505,2016-09-30,2016,3,2016-11-03,2016-11-03T15:50:55+08:00,2016-11-03,2016-11-03,2016-11-04,MOPS_EXACT,official_timestamp_second_precision,CONSOLIDATED,201603_6505_AI1.pdf,TWSE_MOPS_T57SB01_OFFICIAL_DOCUMENT_UPLOAD,143f296427d0b455f042866222c769164849629c90614edd06efa8adec03cb3c,686ad1e8b70e3c038e5fcd3a1d22ae260e278578669b1a8e1732c4a4bebdf5ba,EXACT_MATCH,MOPS_SINGLE_ELIGIBLE_FILING,7fd4f8857e18154ac4e913e1d676c615d1d97b80de025a500fa294bf6653cc90
6505,2016-12-31,2016,4,2017-03-15,2017-03-15T16:04:48+08:00,2017-03-15,2017-03-15,2017-03-16,MOPS_EXACT,official_timestamp_second_precision,CONSOLIDATED,201604_6505_AI1.pdf,TWSE_MOPS_T57SB01_OFFICIAL_DOCUMENT_UPLOAD,143f296427d0b455f042866222c769164849629c90614edd06efa8adec03cb3c,2dfe4c391397403a9d7de75f912cd6259db4434d046d94b92e664ae7b4744ad7,EXACT_MATCH,MOPS_CONSOLIDATED_PREFERRED_OVER_INDIVIDUAL,24c9698f51cd2f04ad5ba7a5ec1ad37350fd595e7b4f863a976270c325800dc2
6505,2017-03-31,2017,1,2017-05-04,2017-05-04T15:05:04+08:00,2017-05-04,2017-05-04,2017-05-05,MOPS_EXACT,official_timestamp_second_precision,CONSOLIDATED,201701_6505_AI1.pdf,TWSE_MOPS_T57SB01_OFFICIAL_DOCUMENT_UPLOAD,143f296427d0b455f042866222c769164849629c90614edd06efa8adec03cb3c,70c7aaee71d78fec886a54265ede76e7b7849b3b66e69364e43a5b2b75d2573d,EXACT_MATCH,MOPS_SINGLE_ELIGIBLE_FILING,9f63e9526558baf871285ef6b9fdb305329bf23dc305586a5f24eeddbf7daf31
6505,2017-06-30,2017,2,2017-08-03,2017-08-03T15:31:19+08:00,2017-08-03,2017-08-03,2017-08-04,MOPS_EXACT,official_timestamp_second_precision,CONSOLIDATED,201702_6505_AI1.pdf,TWSE_MOPS_T57SB01_OFFICIAL_DOCUMENT_UPLOAD,143f296427d0b455f042866222c769164849629c90614edd06efa8adec03cb3c,1f17fc9564bd933b8b8014f6d04043ec4de58523b984734ae4d30e3bf35d7eaf,EXACT_MATCH,MOPS_SINGLE_ELIGIBLE_FILING,0c5dfcbd987e22f634f085f7d8aa18737cfe995792a546768417e1b8bcb3e1d1
6505,2017-09-30,2017,3,2017-11-09,2017-11-09T14:27:40+08:00,2017-11-09,2017-11-09,2017-11-10,MOPS_EXACT,official_timestamp_second_precision,CONSOLIDATED,201703_6505_AI1.pdf,TWSE_MOPS_T57SB01_OFFICIAL_DOCUMENT_UPLOAD,143f296427d0b455f042866222c769164849629c90614edd06efa8adec03cb3c,2dda8631745efe2709d3848df29ec4417b319906afcb23a9d0fb2866d3464c06,EXACT_MATCH,MOPS_SINGLE_ELIGIBLE_FILING,6162a3d850fc97fb1df514a59ce4636db7866eb5db5e3db521262e5009a4c830
6505,2017-12-31,2017,4,2018-03-15,2018-03-15T18:07:15+08:00,2018-03-15,2018-03-15,2018-03-16,MOPS_EXACT,official_timestamp_second_precision,CONSOLIDATED,201704_6505_AI1.pdf,TWSE_MOPS_T57SB01_OFFICIAL_DOCUMENT_UPLOAD,143f296427d0b455f042866222c769164849629c90614edd06efa8adec03cb3c,cdd4a2d8f1d3ab665ff83343fae7f3da280fc43d7ea3f2e310de764d3db85f4a,EXACT_MATCH,MOPS_CONSOLIDATED_PREFERRED_OVER_INDIVIDUAL,23cc71a52182a6d3d357700e29fc744954358a83140e9e26e42987fb7fc6f038
6505,2018-03-31,2018,1,2018-05-03,2018-05-03T17:08:07+08:00,2018-05-03,2018-05-03,2018-05-04,MOPS_EXACT,official_timestamp_second_precision,CONSOLIDATED,201801_6505_AI1.pdf,TWSE_MOPS_T57SB01_OFFICIAL_DOCUMENT_UPLOAD,143f296427d0b455f042866222c769164849629c90614edd06efa8adec03cb3c,cce11987b34efe2f36a9492374fd80bbc5e8930ffb336d35c658b59d513172ba,EXACT_MATCH,MOPS_SINGLE_ELIGIBLE_FILING,9289544e16f1ca8e72515b1ee7afcb5faefb221bb5de896034e73b694ed98901
6505,2018-06-30,2018,2,2018-08-06,2018-08-06T15:44:42+08:00,2018-08-06,2018-08-06,2018-08-07,MOPS_EXACT,official_timestamp_second_precision,CONSOLIDATED,201802_6505_AI1.pdf,TWSE_MOPS_T57SB01_OFFICIAL_DOCUMENT_UPLOAD,143f296427d0b455f042866222c769164849629c90614edd06efa8adec03cb3c,a3f197c3a1fb99685596bdb23016bd19e23f9764fa3dbc74bb2fb0e07379b4fd,EXACT_MATCH,MOPS_SINGLE_ELIGIBLE_FILING,7265597cade7fd42cfae4f52ef09b4fde7ea189a099648f3d375c40ff47acaa2
6505,2018-09-30,2018,3,2018-11-08,2018-11-08T15:30:27+08:00,2018-11-08,2018-11-08,2018-11-09,MOPS_EXACT,official_timestamp_second_precision,CONSOLIDATED,201803_6505_AI1.pdf,TWSE_MOPS_T57SB01_OFFICIAL_DOCUMENT_UPLOAD,143f296427d0b455f042866222c769164849629c90614edd06efa8adec03cb3c,8f549b5d4564c390c2d6d9b6295470feafb2d53492b979cd24b27890529e8201,EXACT_MATCH,MOPS_SINGLE_ELIGIBLE_FILING,541fa2f04e4d6c972fe8d3e668a9e846ec3c96f0f8adf49e52c73892e464a1ed
6505,2018-12-31,2018,4,2019-03-11,2019-03-11T17:27:20+08:00,2019-03-11,2019-03-11,2019-03-12,MOPS_EXACT,official_timestamp_second_precision,CONSOLIDATED,201804_6505_AI1.pdf,TWSE_MOPS_T57SB01_OFFICIAL_DOCUMENT_UPLOAD,143f296427d0b455f042866222c769164849629c90614edd06efa8adec03cb3c,f9aa0653ac4658b8f0f9591c9316e9467ecc3faea1398628f2c529e05b39e86b,EXACT_MATCH,MOPS_CONSOLIDATED_PREFERRED_OVER_INDIVIDUAL,7e0153aa3860e3fe3ca5516a192f8b60309405163c5797fbbcd6a9ee81db6975
6505,2019-03-31,2019,1,2019-05-06,2019-05-06T17:59:41+08:00,2019-05-06,2019-05-06,2019-05-07,MOPS_EXACT,official_timestamp_second_precision,CONSOLIDATED,201901_6505_AI1.pdf,TWSE_MOPS_T57SB01_OFFICIAL_DOCUMENT_UPLOAD,143f296427d0b455f042866222c769164849629c90614edd06efa8adec03cb3c,20fca1360b61334cb9effb4e31cb8a0d367f8ddfc7f0a819a7181e0232258d48,EXACT_MATCH,MOPS_SINGLE_ELIGIBLE_FILING,ee1d8dbf106624ed20b741e6d39af5f397ae6c3505e5bc2622751634f6191b84
6505,2019-06-30,2019,2,2019-08-07,2019-08-07T11:21:03+08:00,2019-08-07,2019-08-07,2019-08-08,MOPS_EXACT,official_timestamp_second_precision,CONSOLIDATED,201902_6505_AI1.pdf,TWSE_MOPS_T57SB01_OFFICIAL_DOCUMENT_UPLOAD,143f296427d0b455f042866222c769164849629c90614edd06efa8adec03cb3c,1f19b6d19bd09d40f18e4f1b638300fe8f6859b223bc523443a2d78ababbe558,EXACT_MATCH,MOPS_SINGLE_ELIGIBLE_FILING,6b2aea2f4c6c7d32e649d1050779493593969eafe82ada5f98688f1cd330540c
6505,2019-09-30,2019,3,2019-10-31,2019-10-31T14:27:58+08:00,2019-10-31,2019-10-31,2019-11-01,MOPS_EXACT,official_timestamp_second_precision,CONSOLIDATED,201903_6505_AI1.pdf,TWSE_MOPS_T57SB01_OFFICIAL_DOCUMENT_UPLOAD,143f296427d0b455f042866222c769164849629c90614edd06efa8adec03cb3c,bbce58cf85455e3b01aca6b4107a898112054b4881a760be0bfffbc1d9c4228b,EXACT_MATCH,MOPS_SINGLE_ELIGIBLE_FILING,aa26bed68713e7cf82a83f8344c570d0f863470ca2ff24640645c7607b116e38
6505,2019-12-31,2019,4,2020-03-09,2020-03-09T17:25:07+08:00,2020-03-09,2020-03-09,2020-03-10,MOPS_EXACT,official_timestamp_second_precision,CONSOLIDATED,201904_6505_AI1.pdf,TWSE_MOPS_T57SB01_OFFICIAL_DOCUMENT_UPLOAD,143f296427d0b455f042866222c769164849629c90614edd06efa8adec03cb3c,b802053c9375c0a03a246205402bda0020560e3affe4ca2b4a7820f6ade592fb,EXACT_MATCH,MOPS_CONSOLIDATED_PREFERRED_OVER_INDIVIDUAL,721f890e1e6c2021305cff8e6ba5c56a0d651863caa6ce9bdb4a6357aafe89e5
6505,2020-03-31,2020,1,2020-05-06,2020-05-06T16:04:21+08:00,2020-05-06,2020-05-06,2020-05-07,MOPS_EXACT,official_timestamp_second_precision,CONSOLIDATED,202001_6505_AI1.pdf,TWSE_MOPS_T57SB01_OFFICIAL_DOCUMENT_UPLOAD,143f296427d0b455f042866222c769164849629c90614edd06efa8adec03cb3c,141de243a8701b7b6caa271b5faf88d0482df06d5aeb9dfd027723739e878a0e,EXACT_MATCH,MOPS_SINGLE_ELIGIBLE_FILING,5f0dbca94aefbbe7fbc72350029c606dc638a8bb3587e95fab1b286cf0f5182d
6505,2020-06-30,2020,2,2020-08-05,2020-08-05T16:07:03+08:00,2020-08-05,2020-08-05,2020-08-06,MOPS_EXACT,official_timestamp_second_precision,CONSOLIDATED,202002_6505_AI1.pdf,TWSE_MOPS_T57SB01_OFFICIAL_DOCUMENT_UPLOAD,143f296427d0b455f042866222c769164849629c90614edd06efa8adec03cb3c,32db68c1a45219d26aa5ef68492fac6949359804286ed79fc6f03def72bff594,EXACT_MATCH,MOPS_SINGLE_ELIGIBLE_FILING,71a59b7d7a71e8333a91e3917c51e8b0a1ccb64d2e1bcaee98228d8152ee3328
6505,2020-09-30,2020,3,2020-11-05,2020-11-05T14:48:42+08:00,2020-11-05,2020-11-05,2020-11-06,MOPS_EXACT,official_timestamp_second_precision,CONSOLIDATED,202003_6505_AI1.pdf,TWSE_MOPS_T57SB01_OFFICIAL_DOCUMENT_UPLOAD,143f296427d0b455f042866222c769164849629c90614edd06efa8adec03cb3c,749b980f97bb446d1a5aa05050fe9e568945847a04e18f1d7c1b728d1b6fe743,EXACT_MATCH,MOPS_SINGLE_ELIGIBLE_FILING,b3bac7ac11d4301245704c9d4459e37b1926f80b7091d4a0e0a0d59bc5a37ffc
6505,2020-12-31,2020,4,2021-03-11,2021-03-11T16:22:42+08:00,2021-03-11,2021-03-11,2021-03-12,MOPS_EXACT,official_timestamp_second_precision,CONSOLIDATED,202004_6505_AI1.pdf,TWSE_MOPS_T57SB01_OFFICIAL_DOCUMENT_UPLOAD,143f296427d0b455f042866222c769164849629c90614edd06efa8adec03cb3c,6c2cadc1872735a791f569215dcbe4c9301695ac4b2779be1555da50656675d9,EXACT_MATCH,MOPS_CONSOLIDATED_PREFERRED_OVER_INDIVIDUAL,73234b55d99c6aa1284f7844889620a5dbe64e661510f545eccf74b7a25ab5c5
6505,2021-03-31,2021,1,2021-05-06,2021-05-06T15:21:50+08:00,2021-05-06,2021-05-06,2021-05-07,MOPS_EXACT,official_timestamp_second_precision,CONSOLIDATED,202101_6505_AI1.pdf,TWSE_MOPS_T57SB01_OFFICIAL_DOCUMENT_UPLOAD,143f296427d0b455f042866222c769164849629c90614edd06efa8adec03cb3c,b1a8fd6174ae9d17523e38c11603836b4088fecea2272e24ed6015efded50efb,EXACT_MATCH,MOPS_SINGLE_ELIGIBLE_FILING,b7cc320909f38fd56bbd8caa988b3138f715c9527ef018205fbc07879e3bd0d5
6505,2021-06-30,2021,2,2021-08-05,2021-08-05T16:13:26+08:00,2021-08-05,2021-08-05,2021-08-06,MOPS_EXACT,official_timestamp_second_precision,CONSOLIDATED,202102_6505_AI1.pdf,TWSE_MOPS_T57SB01_OFFICIAL_DOCUMENT_UPLOAD,143f296427d0b455f042866222c769164849629c90614edd06efa8adec03cb3c,0b24a88b099031bd196ba913c3e30c33eb6fc228d9eb9939d064f55180919cad,EXACT_MATCH,MOPS_SINGLE_ELIGIBLE_FILING,e6fab8cfd4081f6929b22cd5a5cf3a4c9447aa6fe60131b5fe206de87394f592
6505,2021-09-30,2021,3,2021-11-04,2021-11-04T14:13:14+08:00,2021-11-04,2021-11-04,2021-11-05,MOPS_EXACT,official_timestamp_second_precision,CONSOLIDATED,202103_6505_AI1.pdf,TWSE_MOPS_T57SB01_OFFICIAL_DOCUMENT_UPLOAD,143f296427d0b455f042866222c769164849629c90614edd06efa8adec03cb3c,ba134a0a07b499369a518006b126434c12ea39ff31b5c62867ed1474d32ccd32,EXACT_MATCH,MOPS_SINGLE_ELIGIBLE_FILING,71ed617c3cc092eedcc4ed1e8599417421b0828a5f88e9f95dc358971f76380d
6505,2021-12-31,2021,4,2022-03-08,2022-03-08T16:43:22+08:00,2022-03-08,2022-03-08,2022-03-09,MOPS_EXACT,official_timestamp_second_precision,CONSOLIDATED,202104_6505_AI1.pdf,TWSE_MOPS_T57SB01_OFFICIAL_DOCUMENT_UPLOAD,143f296427d0b455f042866222c769164849629c90614edd06efa8adec03cb3c,7bae0ca427840625a8d505cc7c54a9619b2405889ed3e5af0a20c81b5f537725,EXACT_MATCH,MOPS_CONSOLIDATED_PREFERRED_OVER_INDIVIDUAL,48b01da9b78f99a7e920472ae59a44409a87028e740b7115d89424502596f337
6505,2022-03-31,2022,1,2022-05-05,2022-05-05T15:55:20+08:00,2022-05-05,2022-05-05,2022-05-06,MOPS_EXACT,official_timestamp_second_precision,CONSOLIDATED,202201_6505_AI1.pdf,TWSE_MOPS_T57SB01_OFFICIAL_DOCUMENT_UPLOAD,143f296427d0b455f042866222c769164849629c90614edd06efa8adec03cb3c,b6b98cbae1f5c124f937e5b93c9f22b1619c77b8aaca9177f5d41ce458296a5f,EXACT_MATCH,MOPS_SINGLE_ELIGIBLE_FILING,5c9262d8726f22175b2e6aa9927fc4cf6ead206316750c0106ba7c76527b3b61
6505,2022-06-30,2022,2,2022-08-04,2022-08-04T14:43:18+08:00,2022-08-04,2022-08-04,2022-08-05,MOPS_EXACT,official_timestamp_second_precision,CONSOLIDATED,202202_6505_AI1.pdf,TWSE_MOPS_T57SB01_OFFICIAL_DOCUMENT_UPLOAD,143f296427d0b455f042866222c769164849629c90614edd06efa8adec03cb3c,14aef3b365db9c9d7de718c67a88634a7ba3ebe992fed91f1e04a0be3ba7843c,EXACT_MATCH,MOPS_SINGLE_ELIGIBLE_FILING,eac6bc29f74071e03a44c20d1ff1f9812ec9021e80966f73c8608e0db7dd16fd
6505,2022-09-30,2022,3,2022-11-03,2022-11-03T16:38:06+08:00,2022-11-03,2022-11-03,2022-11-04,MOPS_EXACT,official_timestamp_second_precision,CONSOLIDATED,202203_6505_AI1.pdf,TWSE_MOPS_T57SB01_OFFICIAL_DOCUMENT_UPLOAD,143f296427d0b455f042866222c769164849629c90614edd06efa8adec03cb3c,be1e3543ddce45b351416969d17314aa29fd22fa0deeb4fd586cca2fc369c333,EXACT_MATCH,MOPS_SINGLE_ELIGIBLE_FILING,8a7df450ccb334acb6d343574564e67538edbb018e99737b8943af4f13b39fe1
6505,2022-12-31,2022,4,2023-02-24,2023-02-24T14:01:17+08:00,2023-02-24,2023-02-24,2023-03-01,MOPS_EXACT,official_timestamp_second_precision,CONSOLIDATED,202204_6505_AI1.pdf,TWSE_MOPS_T57SB01_OFFICIAL_DOCUMENT_UPLOAD,143f296427d0b455f042866222c769164849629c90614edd06efa8adec03cb3c,d68a91aafd45f315bb1cfcf446bab0ef960527440682cd33228ddd4cba1201af,EXACT_MATCH,MOPS_CONSOLIDATED_PREFERRED_OVER_INDIVIDUAL,83a2df63bc4ba40bd74ca2451d4fcc4c130e9ba55c4ebd808581f0b513be5bb1
6505,2023-03-31,2023,1,2023-05-04,2023-05-04T17:00:18+08:00,2023-05-04,2023-05-04,2023-05-05,MOPS_EXACT,official_timestamp_second_precision,CONSOLIDATED,202301_6505_AI1.pdf,TWSE_MOPS_T57SB01_OFFICIAL_DOCUMENT_UPLOAD,143f296427d0b455f042866222c769164849629c90614edd06efa8adec03cb3c,a1bcf8dff89e8eefb63a7d34f4f94af2dd429283cb9538674d5a71a98273c141,EXACT_MATCH,MOPS_SINGLE_ELIGIBLE_FILING,cefe0f5c5f285f6a9713b238cd629175df6e4847eb23825bc4c640daa85ba0cf
6505,2023-06-30,2023,2,2023-08-03,2023-08-03T11:13:45+08:00,2023-08-03,2023-08-03,2023-08-04,MOPS_EXACT,official_timestamp_second_precision,CONSOLIDATED,202302_6505_AI1.pdf,TWSE_MOPS_T57SB01_OFFICIAL_DOCUMENT_UPLOAD,143f296427d0b455f042866222c769164849629c90614edd06efa8adec03cb3c,ce21784326f10fc9a019ce2882b84534d1d994badc48619a0bc6da6eee186a88,EXACT_MATCH,MOPS_SINGLE_ELIGIBLE_FILING,0ad06648c728228bd1cce850ade37a779e353a52b085ab5d6590cb5e70247a1d
6505,2023-09-30,2023,3,2023-11-02,2023-11-02T15:51:12+08:00,2023-11-02,2023-11-02,2023-11-03,MOPS_EXACT,official_timestamp_second_precision,CONSOLIDATED,202303_6505_AI1.pdf,TWSE_MOPS_T57SB01_OFFICIAL_DOCUMENT_UPLOAD,143f296427d0b455f042866222c769164849629c90614edd06efa8adec03cb3c,5696b864eeb53033f9732643fbde00934e3028beb307a08e1f5fb250ce81cf56,EXACT_MATCH,MOPS_SINGLE_ELIGIBLE_FILING,dffb42f0e8372073fdb96249753401888e12a7005ea17b7d9ad164add12714d8
6505,2023-12-31,2023,4,2024-02-29,2024-02-29T15:42:09+08:00,2024-02-29,2024-02-29,2024-03-01,MOPS_EXACT,official_timestamp_second_precision,CONSOLIDATED,202304_6505_AI1.pdf,TWSE_MOPS_T57SB01_OFFICIAL_DOCUMENT_UPLOAD,143f296427d0b455f042866222c769164849629c90614edd06efa8adec03cb3c,ef983b272056c4b70754adc030172d565238d5bc5bb312833c197275e2680a41,EXACT_MATCH,MOPS_CONSOLIDATED_PREFERRED_OVER_INDIVIDUAL,de5994ee1dc7cf5e9692776999b097ab1ae58e0136248a849677f63301565fd5
6505,2024-03-31,2024,1,2024-05-03,2024-05-03T11:47:39+08:00,2024-05-03,2024-05-03,2024-05-06,MOPS_EXACT,official_timestamp_second_precision,CONSOLIDATED,202401_6505_AI1.pdf,TWSE_MOPS_T57SB01_OFFICIAL_DOCUMENT_UPLOAD,143f296427d0b455f042866222c769164849629c90614edd06efa8adec03cb3c,91ba11e5b004f9ce73ebf2b53c3db0d6265c6d73ea0c7570a15673d3877f2496,EXACT_MATCH,MOPS_SINGLE_ELIGIBLE_FILING,a9a1a5d08dc7cc1da08d03af0251436a88434082b386a5d5e48fa71463dac6d1
6505,2024-06-30,2024,2,2024-08-06,2024-08-06T10:46:49+08:00,2024-08-06,2024-08-06,2024-08-07,MOPS_EXACT,official_timestamp_second_precision,CONSOLIDATED,202402_6505_AI1.pdf,TWSE_MOPS_T57SB01_OFFICIAL_DOCUMENT_UPLOAD,143f296427d0b455f042866222c769164849629c90614edd06efa8adec03cb3c,3cd197f559a2f381850192c99463fc21906548c988d429ea28a8e1fcf3f4b40e,EXACT_MATCH,MOPS_SINGLE_ELIGIBLE_FILING,f775a324c195ba5329d52500de4ce47639e224c09f8a8cac4839acda69ee1269
6505,2024-09-30,2024,3,2024-11-05,2024-11-05T13:58:34+08:00,2024-11-05,2024-11-05,2024-11-06,MOPS_EXACT,official_timestamp_second_precision,CONSOLIDATED,202403_6505_AI1.pdf,TWSE_MOPS_T57SB01_OFFICIAL_DOCUMENT_UPLOAD,143f296427d0b455f042866222c769164849629c90614edd06efa8adec03cb3c,2d7e0cb05317721b139238304c1fa5595a752b9114e6da7871728dc02e759d9d,EXACT_MATCH,MOPS_SINGLE_ELIGIBLE_FILING,50e9e67f64e3037a5e1bc5cbf564de1c2867008290d1dd2a0daeda7af1008fbf
6505,2024-12-31,2024,4,2025-02-27,2025-02-27T13:36:41+08:00,2025-02-27,2025-02-27,2025-03-03,MOPS_EXACT,official_timestamp_second_precision,CONSOLIDATED,202404_6505_AI1.pdf,TWSE_MOPS_T57SB01_OFFICIAL_DOCUMENT_UPLOAD,143f296427d0b455f042866222c769164849629c90614edd06efa8adec03cb3c,821a8e5eeaeaaf4c89bb6d0aeb76dc52a4bd4f4ec7823dfb37c7bf6377dc3fa6,EXACT_MATCH,MOPS_CONSOLIDATED_PREFERRED_OVER_INDIVIDUAL,ae5c1ae5d472ae42fb5e530582c8c463610125188bd49a3292d85327c5a1c0c1
6505,2025-03-31,2025,1,2025-05-06,2025-05-06T14:39:06+08:00,2025-05-06,2025-05-06,2025-05-07,MOPS_EXACT,official_timestamp_second_precision,CONSOLIDATED,202501_6505_AI1.pdf,TWSE_MOPS_T57SB01_OFFICIAL_DOCUMENT_UPLOAD,143f296427d0b455f042866222c769164849629c90614edd06efa8adec03cb3c,4657ed9cd3262b51de37df544e96467eb929889d46eced74c980acfd1ad79fbd,EXACT_MATCH,MOPS_SINGLE_ELIGIBLE_FILING,e5aa874e3ec2283af3d21f474c9f7ea873bdbb1ba3f4266344649995552e1ed9
6505,2025-06-30,2025,2,2025-08-06,2025-08-06T16:02:00+08:00,2025-08-06,2025-08-06,2025-08-07,MOPS_EXACT,official_timestamp_second_precision,CONSOLIDATED,202502_6505_AI1.pdf,TWSE_MOPS_T57SB01_OFFICIAL_DOCUMENT_UPLOAD,143f296427d0b455f042866222c769164849629c90614edd06efa8adec03cb3c,bc62b75bc11c65f8b3541649a3434068ca0d27c43396c40fc404a04f10174f63,EXACT_MATCH,MOPS_SINGLE_ELIGIBLE_FILING,5e275b55a29272dda305a946c12f8342a2de57c25984e57115a83ba7d0726fb5
6505,2025-09-30,2025,3,2025-11-05,2025-11-05T14:35:57+08:00,2025-11-05,2025-11-05,2025-11-06,MOPS_EXACT,official_timestamp_second_precision,CONSOLIDATED,202503_6505_AI1.pdf,TWSE_MOPS_T57SB01_OFFICIAL_DOCUMENT_UPLOAD,143f296427d0b455f042866222c769164849629c90614edd06efa8adec03cb3c,309a31c164b6c44457985901587882e272ebb4b315edd136b855f1273cd5a36e,EXACT_MATCH,MOPS_SINGLE_ELIGIBLE_FILING,32bf4cbcc5622e0f404cccf34b4fb12a8fe74634ae844d954e2aac21304972a7
6505,2025-12-31,2025,4,2026-03-05,2026-03-05T15:19:26+08:00,2026-03-05,2026-03-05,2026-03-06,MOPS_EXACT,official_timestamp_second_precision,CONSOLIDATED,202504_6505_AI1.pdf,TWSE_MOPS_T57SB01_OFFICIAL_DOCUMENT_UPLOAD,143f296427d0b455f042866222c769164849629c90614edd06efa8adec03cb3c,8202813b8487ce225ec3d0ae46b436d2990c5a67a9714403e0b5502de8c8fcda,EXACT_MATCH,MOPS_CONSOLIDATED_PREFERRED_OVER_INDIVIDUAL,ecffe759ff088619dedebae7cfc48e594d5955491883516d26b8cb1963a4db62
6505,2026-03-31,2026,1,2026-05-07,2026-05-07T14:20:18+08:00,2026-05-07,2026-05-07,2026-05-08,MOPS_EXACT,official_timestamp_second_precision,CONSOLIDATED,202601_6505_AI1.pdf,TWSE_MOPS_T57SB01_OFFICIAL_DOCUMENT_UPLOAD,143f296427d0b455f042866222c769164849629c90614edd06efa8adec03cb3c,9d2d0305512dd3108f4877ff2c3a1d286d95b806bdb1629b0771fc7031006f52,EXACT_MATCH,MOPS_SINGLE_ELIGIBLE_FILING,2da62505fcf992b8243b80a683df1e34fd779a7a4490988f31acbfd4464bd034
6505,2026-06-30,2026,2,2026-08-06,2026-08-06T13:40:22+08:00,2026-08-06,2026-08-06,2026-08-07,MOPS_EXACT,official_timestamp_second_precision,CONSOLIDATED,202602_6505_AI1.pdf,TWSE_MOPS_T57SB01_OFFICIAL_DOCUMENT_UPLOAD,143f296427d0b455f042866222c769164849629c90614edd06efa8adec03cb3c,8f4a359f25a5a8523326001061e67ccf40fef947dabf343143baa69993508f4e,EXACT_MATCH,MOPS_SINGLE_ELIGIBLE_FILING,994eceea5125b601e999ebd73951515fa4ee38dc41feb233a52c1bddcde0f971
6669,2016-06-30,2016,2,,,2016-08-29,2016-08-29,2016-08-30,AVAILABLE_DATE_PROXY,conservative_proxy,,,,,,UNMATCHED_PROXY,MOPS_GENUINELY_UNMATCHED,c3e2cf8d86d58f177309506943e0b3f6a1eec7df9082dc2954df8b3beea7d454
6669,2016-09-30,2016,3,,,2016-11-29,2016-11-29,2016-11-30,AVAILABLE_DATE_PROXY,conservative_proxy,,,,,,UNMATCHED_PROXY,MOPS_GENUINELY_UNMATCHED,2d4fb69cd1131ac0826824e1e93f308aff6e99dcdb3321e5c77dd6df37559e0e
6669,2016-12-31,2016,4,2017-10-27,2017-10-27T17:38:55+08:00,2017-10-27,2017-10-27,2017-10-30,MOPS_EXACT,official_timestamp_second_precision,CONSOLIDATED,201604_6669_AI1.pdf,TWSE_MOPS_T57SB01_OFFICIAL_DOCUMENT_UPLOAD,310525f23037c06124ed3e644ff50f0b4dc995278ca73b6d1ae5fc98b0bea8f4,cc62daa91692c20833eb4557d2e6354cc396e2edb67b38b47f2eae2110405ac1,EXACT_MATCH,MOPS_CONSOLIDATED_PREFERRED_OVER_INDIVIDUAL,7aaf11037bd6dceaa8ce3842bb2ebdea47fdc96eeca0a4f2779ac1aa284a662f
6669,2017-03-31,2017,1,,,2017-05-30,2017-05-30,2017-05-31,AVAILABLE_DATE_PROXY,conservative_proxy,,,,,,UNMATCHED_PROXY,MOPS_GENUINELY_UNMATCHED,ec037d61608eecca388d87d58531cc8376e8de35c9d7bb06115271d085d1e713
6669,2017-06-30,2017,2,2017-10-27,2017-10-27T17:39:21+08:00,2017-10-27,2017-10-27,2017-10-30,MOPS_EXACT,official_timestamp_second_precision,CONSOLIDATED,201702_6669_AI1.pdf,TWSE_MOPS_T57SB01_OFFICIAL_DOCUMENT_UPLOAD,310525f23037c06124ed3e644ff50f0b4dc995278ca73b6d1ae5fc98b0bea8f4,aee237aa1b85f73e8851ace32248caf517269cb078a806822b98bd558777150a,EXACT_MATCH,MOPS_SINGLE_ELIGIBLE_FILING,d366a9c7972022fccc34b2ed59bde6a2fcf18d1362dd76d6ae7c46cfcba6f7cf
6669,2017-09-30,2017,3,,,2017-11-29,2017-11-29,2017-11-30,AVAILABLE_DATE_PROXY,conservative_proxy,,,,,,UNMATCHED_PROXY,MOPS_GENUINELY_UNMATCHED,bc008beb57a7228f169645783f278cf50201dcfce5086b0ddb017107d49dc115
6669,2017-12-31,2017,4,2018-04-11,2018-04-11T16:26:11+08:00,2018-04-11,2018-04-11,2018-04-12,MOPS_EXACT,official_timestamp_second_precision,CONSOLIDATED,201704_6669_AI1.pdf,TWSE_MOPS_T57SB01_OFFICIAL_DOCUMENT_UPLOAD,310525f23037c06124ed3e644ff50f0b4dc995278ca73b6d1ae5fc98b0bea8f4,7e9b5ce4899b57b83fee8defff7a6ce8785a7665c8a0088bd168728f60a6b3e1,EXACT_MATCH,MOPS_CONSOLIDATED_PREFERRED_OVER_INDIVIDUAL,639859f958091a10cf83d7cc202e09e7b04f5a2d8e8f13eae6f6486fe2b7b044
6669,2018-03-31,2018,1,2018-09-07,2018-09-07T12:57:15+08:00,2018-09-07,2018-09-07,2018-09-10,MOPS_EXACT,official_timestamp_second_precision,CONSOLIDATED,201801_6669_AI1.pdf,TWSE_MOPS_T57SB01_OFFICIAL_DOCUMENT_UPLOAD,310525f23037c06124ed3e644ff50f0b4dc995278ca73b6d1ae5fc98b0bea8f4,fcb727087571ec1459afcd7b74211af247d6a8b0a2dda2aa7983b7a98ec7fa8f,EXACT_MATCH,MOPS_SINGLE_ELIGIBLE_FILING,b53740dbe551d32149e6ea7872f792a76b5b5fb1c52d2aadf1724b2cf889a8ee
6669,2018-06-30,2018,2,2018-08-13,2018-08-13T16:23:47+08:00,2018-08-13,2018-08-13,2018-08-14,MOPS_EXACT,official_timestamp_second_precision,CONSOLIDATED,201802_6669_AI1.pdf,TWSE_MOPS_T57SB01_OFFICIAL_DOCUMENT_UPLOAD,310525f23037c06124ed3e644ff50f0b4dc995278ca73b6d1ae5fc98b0bea8f4,bb206df7c9e4f08cd4e625dff5123e42be38048d72117e6f9a9b25919b510edd,EXACT_MATCH,MOPS_SINGLE_ELIGIBLE_FILING,2c31a9310de3867dded60a7eaba59fd930998cbf5e79ef8a10c6f4a27857af67
6669,2018-09-30,2018,3,2018-11-09,2018-11-09T15:33:57+08:00,2018-11-09,2018-11-09,2018-11-12,MOPS_EXACT,official_timestamp_second_precision,CONSOLIDATED,201803_6669_AI1.pdf,TWSE_MOPS_T57SB01_OFFICIAL_DOCUMENT_UPLOAD,310525f23037c06124ed3e644ff50f0b4dc995278ca73b6d1ae5fc98b0bea8f4,29f0ed761d6c46fab2afdcec35f4491d6a1540a8c0641a7ee4d6ce9dc717d62a,EXACT_MATCH,MOPS_SINGLE_ELIGIBLE_FILING,e960df6f008ab46de0d3238943caa6de43e01ab31309634e68ed40f8d2a0d501
6669,2018-12-31,2018,4,2019-03-26,2019-03-26T18:40:59+08:00,2019-03-26,2019-03-26,2019-03-27,MOPS_EXACT,official_timestamp_second_precision,CONSOLIDATED,201804_6669_AI1.pdf,TWSE_MOPS_T57SB01_OFFICIAL_DOCUMENT_UPLOAD,310525f23037c06124ed3e644ff50f0b4dc995278ca73b6d1ae5fc98b0bea8f4,d825bb953252682dcd95f79b14dae9ec58f731af1a6f23a81ea552e7d1c5cc09,EXACT_MATCH,MOPS_CONSOLIDATED_PREFERRED_OVER_INDIVIDUAL,c52aaf6d3aa82bbc6d0d192c881c95fb3933e804e917b7273c41cd4139bf06b7
6669,2019-03-31,2019,1,2019-05-02,2019-05-02T15:04:56+08:00,2019-05-02,2019-05-02,2019-05-03,MOPS_EXACT,official_timestamp_second_precision,CONSOLIDATED,201901_6669_AI1.pdf,TWSE_MOPS_T57SB01_OFFICIAL_DOCUMENT_UPLOAD,310525f23037c06124ed3e644ff50f0b4dc995278ca73b6d1ae5fc98b0bea8f4,d4cb8b3d52a51166dde321c9f689b9202c7f534aeb865c006b3c55b3948905a4,EXACT_MATCH,MOPS_SINGLE_ELIGIBLE_FILING,641650af5c4dcefc30b7d0a5275b3442b6f6834eb771f480d4d0ac070c89a290
6669,2019-06-30,2019,2,2019-08-09,2019-08-09T16:43:31+08:00,2019-08-09,2019-08-09,2019-08-12,MOPS_EXACT,official_timestamp_second_precision,CONSOLIDATED,201902_6669_AI1.pdf,TWSE_MOPS_T57SB01_OFFICIAL_DOCUMENT_UPLOAD,310525f23037c06124ed3e644ff50f0b4dc995278ca73b6d1ae5fc98b0bea8f4,648c7fb6f0bce00cb0283415ba403e55ea1ff5213aaa3a3aa55b7b0817a3f8d1,EXACT_MATCH,MOPS_SINGLE_ELIGIBLE_FILING,2fd34474b8f7214c900e428bfbe536352d5c87c0c6a12a0bbafee05948cb1e09
6669,2019-09-30,2019,3,2019-11-06,2019-11-06T16:59:58+08:00,2019-11-06,2019-11-06,2019-11-07,MOPS_EXACT,official_timestamp_second_precision,CONSOLIDATED,201903_6669_AI1.pdf,TWSE_MOPS_T57SB01_OFFICIAL_DOCUMENT_UPLOAD,310525f23037c06124ed3e644ff50f0b4dc995278ca73b6d1ae5fc98b0bea8f4,5c6d72b57109f1a7685b1267d4a9ffc051ddc4c5ddb3db3d8d585d15935888c6,EXACT_MATCH,MOPS_SINGLE_ELIGIBLE_FILING,da3270616905c5819748b5f59af5b684c93273efcaffa0cd172fc129f2224355
6669,2019-12-31,2019,4,2020-03-20,2020-03-20T18:09:25+08:00,2020-03-20,2020-03-20,2020-03-23,MOPS_EXACT,official_timestamp_second_precision,CONSOLIDATED,201904_6669_AI1.pdf,TWSE_MOPS_T57SB01_OFFICIAL_DOCUMENT_UPLOAD,310525f23037c06124ed3e644ff50f0b4dc995278ca73b6d1ae5fc98b0bea8f4,0cf40873f4920d38b1c3ed483ce0ed43f7d527e3c9065ec457cb8efe98691c59,EXACT_MATCH,MOPS_CONSOLIDATED_PREFERRED_OVER_INDIVIDUAL,645da62f9126c2f78d84ea7000fa9d0c85694a90e632c88da39c36d45c9b3ae4
6669,2020-03-31,2020,1,2020-05-08,2020-05-08T17:48:01+08:00,2020-05-08,2020-05-08,2020-05-11,MOPS_EXACT,official_timestamp_second_precision,CONSOLIDATED,202001_6669_AI1.pdf,TWSE_MOPS_T57SB01_OFFICIAL_DOCUMENT_UPLOAD,310525f23037c06124ed3e644ff50f0b4dc995278ca73b6d1ae5fc98b0bea8f4,020e6d8d468f8f7501b02a3bfa6976d0265f5c8553f3378cb423dbfba49a2ab5,EXACT_MATCH,MOPS_SINGLE_ELIGIBLE_FILING,4093b2fbd881b7fa68a1e43905a43d3df7c14eaab6e6a77c4c74f07c658f05e6
6669,2020-06-30,2020,2,2020-08-07,2020-08-07T17:35:24+08:00,2020-08-07,2020-08-07,2020-08-10,MOPS_EXACT,official_timestamp_second_precision,CONSOLIDATED,202002_6669_AI1.pdf,TWSE_MOPS_T57SB01_OFFICIAL_DOCUMENT_UPLOAD,310525f23037c06124ed3e644ff50f0b4dc995278ca73b6d1ae5fc98b0bea8f4,0ac00741c461c55161c4d95ce22854d1cf0060d1272eabbbd553f45de8e3c10c,EXACT_MATCH,MOPS_SINGLE_ELIGIBLE_FILING,1aeda4df8d705ded593f4c957474ec8762f54a419fc8dda93ec26101ba89a35d
6669,2020-09-30,2020,3,2020-11-10,2020-11-10T19:35:50+08:00,2020-11-10,2020-11-10,2020-11-11,MOPS_EXACT,official_timestamp_second_precision,CONSOLIDATED,202003_6669_AI1.pdf,TWSE_MOPS_T57SB01_OFFICIAL_DOCUMENT_UPLOAD,310525f23037c06124ed3e644ff50f0b4dc995278ca73b6d1ae5fc98b0bea8f4,8ea502973cde96b9a59469d0722d91adf87f91717824f857e66d80cc7e8cc92b,EXACT_MATCH,MOPS_SINGLE_ELIGIBLE_FILING,d5cb1581a2d1189abd4fb908eaff9ee73eb3a637b54cce6fa40b5ad030279b00
6669,2020-12-31,2020,4,2021-03-08,2021-03-08T18:39:11+08:00,2021-03-08,2021-03-08,2021-03-09,MOPS_EXACT,official_timestamp_second_precision,CONSOLIDATED,202004_6669_AI1.pdf,TWSE_MOPS_T57SB01_OFFICIAL_DOCUMENT_UPLOAD,310525f23037c06124ed3e644ff50f0b4dc995278ca73b6d1ae5fc98b0bea8f4,2d1c936244c813751b4af9813871807a00615448c8469b17d703527f495957be,EXACT_MATCH,MOPS_CONSOLIDATED_PREFERRED_OVER_INDIVIDUAL,5190c26c9bd3306f5821e27a1756bfff46d38753bd2826f27086578bb93cc2ce
6669,2021-03-31,2021,1,2021-05-07,2021-05-07T17:55:48+08:00,2021-05-07,2021-05-07,2021-05-10,MOPS_EXACT,official_timestamp_second_precision,CONSOLIDATED,202101_6669_AI1.pdf,TWSE_MOPS_T57SB01_OFFICIAL_DOCUMENT_UPLOAD,310525f23037c06124ed3e644ff50f0b4dc995278ca73b6d1ae5fc98b0bea8f4,2a71659901eaa3f46c5ddce480317ba5ab48ed4572da7fd4a0b04d2d9c0a37b8,EXACT_MATCH,MOPS_SINGLE_ELIGIBLE_FILING,52647d7104e9c92a7eef622b6fa128e6cf1c3ffc6a236b10974f91aa475c3972
6669,2021-06-30,2021,2,2021-08-03,2021-08-03T17:47:46+08:00,2021-08-03,2021-08-03,2021-08-04,MOPS_EXACT,official_timestamp_second_precision,CONSOLIDATED,202102_6669_AI1.pdf,TWSE_MOPS_T57SB01_OFFICIAL_DOCUMENT_UPLOAD,310525f23037c06124ed3e644ff50f0b4dc995278ca73b6d1ae5fc98b0bea8f4,cffbb04722bdcb8afd087a303ce6ffc1d985248766bb8e1f07f1d7ba8f3a9b8e,EXACT_MATCH,MOPS_SINGLE_ELIGIBLE_FILING,05992e3c04cf2663be5745a05103bbaa167a5e42a7787ed11451974ccf63e878
6669,2021-09-30,2021,3,2021-11-03,2021-11-03T16:49:43+08:00,2021-11-03,2021-11-03,2021-11-04,MOPS_EXACT,official_timestamp_second_precision,CONSOLIDATED,202103_6669_AI1.pdf,TWSE_MOPS_T57SB01_OFFICIAL_DOCUMENT_UPLOAD,310525f23037c06124ed3e644ff50f0b4dc995278ca73b6d1ae5fc98b0bea8f4,e3c365e06bc2708836c65d7ecdc2e95fb7595bac0d1794a949ddb8be54c4bc60,EXACT_MATCH,MOPS_SINGLE_ELIGIBLE_FILING,fe739ba576e55283ea07f3f69de291bcfc8ebbb27ab4f9fb948a21ce66e8a1f5
6669,2021-12-31,2021,4,2022-02-25,2022-02-25T20:32:14+08:00,2022-02-25,2022-02-25,2022-03-01,MOPS_EXACT,official_timestamp_second_precision,CONSOLIDATED,202104_6669_AI1.pdf,TWSE_MOPS_T57SB01_OFFICIAL_DOCUMENT_UPLOAD,310525f23037c06124ed3e644ff50f0b4dc995278ca73b6d1ae5fc98b0bea8f4,03b3f7796c5cf51320304f13c5982ed9cad708c8e9cf96dc8f95ee41ebaab65a,EXACT_MATCH,MOPS_CONSOLIDATED_PREFERRED_OVER_INDIVIDUAL,93c8e37ae8b9816f1f84f8ff7dafebea5d82df65b1f2db9dff3760877380bdb9
6669,2022-03-31,2022,1,2022-05-04,2022-05-04T14:43:55+08:00,2022-05-04,2022-05-04,2022-05-05,MOPS_EXACT,official_timestamp_second_precision,CONSOLIDATED,202201_6669_AI1.pdf,TWSE_MOPS_T57SB01_OFFICIAL_DOCUMENT_UPLOAD,310525f23037c06124ed3e644ff50f0b4dc995278ca73b6d1ae5fc98b0bea8f4,b88effd4880ab53313039e6001357495016877e2bd5e774e4fead09550397a1f,EXACT_MATCH,MOPS_SINGLE_ELIGIBLE_FILING,6d36a8f3a0ca6d6bde24f37318bb958ce448bebe33dabf256888722965553608
6669,2022-06-30,2022,2,2022-08-02,2022-08-02T19:13:11+08:00,2022-08-02,2022-08-02,2022-08-03,MOPS_EXACT,official_timestamp_second_precision,CONSOLIDATED,202202_6669_AI1.pdf,TWSE_MOPS_T57SB01_OFFICIAL_DOCUMENT_UPLOAD,310525f23037c06124ed3e644ff50f0b4dc995278ca73b6d1ae5fc98b0bea8f4,8cd75f1757c7e7037b9c3f2648f5f47781fdd37be6ea4c3cbc9f4a9fdf0ed44a,EXACT_MATCH,MOPS_SINGLE_ELIGIBLE_FILING,e96ad1d267932e7c86a8513018e485c6cf99cbb4fbb7996513f79a2498165733
6669,2022-09-30,2022,3,2022-11-02,2022-11-02T08:30:24+08:00,2022-11-02,2022-11-02,2022-11-03,MOPS_EXACT,official_timestamp_second_precision,CONSOLIDATED,202203_6669_AI1.pdf,TWSE_MOPS_T57SB01_OFFICIAL_DOCUMENT_UPLOAD,310525f23037c06124ed3e644ff50f0b4dc995278ca73b6d1ae5fc98b0bea8f4,2f811a4e04d201c2f4f8ce3bf7393c323e362827047a0bdf2eeeba43f0495c42,EXACT_MATCH,MOPS_SINGLE_ELIGIBLE_FILING,821293e3681824426d0514ae4aab1c5b3f8ba1410d36949069b3f7a9bf7ae7bd
6669,2022-12-31,2022,4,2023-02-23,2023-02-23T17:46:19+08:00,2023-02-23,2023-02-23,2023-02-24,MOPS_EXACT,official_timestamp_second_precision,CONSOLIDATED,202204_6669_AI1.pdf,TWSE_MOPS_T57SB01_OFFICIAL_DOCUMENT_UPLOAD,310525f23037c06124ed3e644ff50f0b4dc995278ca73b6d1ae5fc98b0bea8f4,2ea8c4b5044efe859deb5bdffa206fc2ddaf54afa4f186a5bffbaddc7c38e47b,EXACT_MATCH,MOPS_CONSOLIDATED_PREFERRED_OVER_INDIVIDUAL,1bde39c10a4ccf1cf65752e65c32d83e273fbbf7618df30f5056ef793897a0d8
6669,2023-03-31,2023,1,2023-05-08,2023-05-08T18:25:11+08:00,2023-05-08,2023-05-08,2023-05-09,MOPS_EXACT,official_timestamp_second_precision,CONSOLIDATED,202301_6669_AI1.pdf,TWSE_MOPS_T57SB01_OFFICIAL_DOCUMENT_UPLOAD,310525f23037c06124ed3e644ff50f0b4dc995278ca73b6d1ae5fc98b0bea8f4,16fd679065edae3ce37679215bfea396248f79638292ba64a0ebae2bd809ebdc,EXACT_MATCH,MOPS_SINGLE_ELIGIBLE_FILING,9703b0edb3eba417132b23cddde4f6df9ea0466d2d832eb6c30a47606b96a1c3
6669,2023-06-30,2023,2,2023-08-07,2023-08-07T18:54:33+08:00,2023-08-07,2023-08-07,2023-08-08,MOPS_EXACT,official_timestamp_second_precision,CONSOLIDATED,202302_6669_AI1.pdf,TWSE_MOPS_T57SB01_OFFICIAL_DOCUMENT_UPLOAD,310525f23037c06124ed3e644ff50f0b4dc995278ca73b6d1ae5fc98b0bea8f4,a0f5be5279134f801fc19434f7217898d9461a07f2f53f4c5e0605f70da6de89,EXACT_MATCH,MOPS_SINGLE_ELIGIBLE_FILING,9e32f8ac8f771fc2996e1ed21aeb86d34c2e01faedc5f418f576f215038756b7
6669,2023-09-30,2023,3,2023-11-06,2023-11-06T19:00:16+08:00,2023-11-06,2023-11-06,2023-11-07,MOPS_EXACT,official_timestamp_second_precision,CONSOLIDATED,202303_6669_AI1.pdf,TWSE_MOPS_T57SB01_OFFICIAL_DOCUMENT_UPLOAD,310525f23037c06124ed3e644ff50f0b4dc995278ca73b6d1ae5fc98b0bea8f4,5fce270a5fdd31991862cd84936329e3015a756be3df860c265bf7568f1a40ec,EXACT_MATCH,MOPS_SINGLE_ELIGIBLE_FILING,a88f0d7b7ef670710c07a66289457647e11f0bf0eada96bd12f14f8ed086ccb8
6669,2023-12-31,2023,4,2024-02-26,2024-02-26T21:45:24+08:00,2024-02-26,2024-02-26,2024-02-27,MOPS_EXACT,official_timestamp_second_precision,CONSOLIDATED,202304_6669_AI1.pdf,TWSE_MOPS_T57SB01_OFFICIAL_DOCUMENT_UPLOAD,310525f23037c06124ed3e644ff50f0b4dc995278ca73b6d1ae5fc98b0bea8f4,6df0bc5563e2552d3fe02a7e74308a7bb58951d25a6793d2a9dcf320c4f5d6bd,EXACT_MATCH,MOPS_CONSOLIDATED_PREFERRED_OVER_INDIVIDUAL,5cdb1a7d4108fda188dbfdb8fce6260f9226b9b602b271bb6adce14f0961675c
6669,2024-03-31,2024,1,2024-05-07,2024-05-07T21:11:44+08:00,2024-05-07,2024-05-07,2024-05-08,MOPS_EXACT,official_timestamp_second_precision,CONSOLIDATED,202401_6669_AI1.pdf,TWSE_MOPS_T57SB01_OFFICIAL_DOCUMENT_UPLOAD,310525f23037c06124ed3e644ff50f0b4dc995278ca73b6d1ae5fc98b0bea8f4,527f682bcb8f7bf83c9e2bf57da61bf5af666da02e13ce52255f8edc4fe5d5d0,EXACT_MATCH,MOPS_SINGLE_ELIGIBLE_FILING,bd1aec88c7ee6e56ebd6371d5e9d0ff648c7cbaeb7f4f209524fc987e5b6980a
6669,2024-06-30,2024,2,2024-08-08,2024-08-08T23:19:23+08:00,2024-08-08,2024-08-08,2024-08-09,MOPS_EXACT,official_timestamp_second_precision,CONSOLIDATED,202402_6669_AI1.pdf,TWSE_MOPS_T57SB01_OFFICIAL_DOCUMENT_UPLOAD,310525f23037c06124ed3e644ff50f0b4dc995278ca73b6d1ae5fc98b0bea8f4,e7cb990f9c98c8c66f95ce386c5e83d36b0508f781fecb7cdc6ac76db5d84a4c,EXACT_MATCH,MOPS_SINGLE_ELIGIBLE_FILING,00eae8f95007fff3f02aa4ff83369e4c22c900114a6bc85a424cf7be0f80ac0d
6669,2024-09-30,2024,3,2024-11-13,2024-11-13T18:53:35+08:00,2024-11-13,2024-11-13,2024-11-14,MOPS_EXACT,official_timestamp_second_precision,CONSOLIDATED,202403_6669_AI1.pdf,TWSE_MOPS_T57SB01_OFFICIAL_DOCUMENT_UPLOAD,310525f23037c06124ed3e644ff50f0b4dc995278ca73b6d1ae5fc98b0bea8f4,9cada65f7bda6d3bc15901f5e67c7a02bbe607462dd182648e00880a1a04142f,EXACT_MATCH,MOPS_SINGLE_ELIGIBLE_FILING,6afa6e0d2168b784ae40e879621852e926e2832b7b30bf66307f5d2726dd8650
6669,2024-12-31,2024,4,2025-02-27,2025-02-27T19:02:52+08:00,2025-02-27,2025-02-27,2025-03-03,MOPS_EXACT,official_timestamp_second_precision,CONSOLIDATED,202404_6669_AI1.pdf,TWSE_MOPS_T57SB01_OFFICIAL_DOCUMENT_UPLOAD,310525f23037c06124ed3e644ff50f0b4dc995278ca73b6d1ae5fc98b0bea8f4,e7d0aac7ceb7d9a068bdbdb0c4ea20a61b365ee6dc7b690ebadd4b12ca290c19,EXACT_MATCH,MOPS_CONSOLIDATED_PREFERRED_OVER_INDIVIDUAL,67c332d0df09c213cf8a6d87536b3b21dfc2e7fbc48a7fb1e8f0bfa1e9179832
6669,2025-03-31,2025,1,2025-05-08,2025-05-08T18:15:30+08:00,2025-05-08,2025-05-08,2025-05-09,MOPS_EXACT,official_timestamp_second_precision,CONSOLIDATED,202501_6669_AI1.pdf,TWSE_MOPS_T57SB01_OFFICIAL_DOCUMENT_UPLOAD,310525f23037c06124ed3e644ff50f0b4dc995278ca73b6d1ae5fc98b0bea8f4,0782c05729d611e31c199979a7d7c32d90cbcded1f3b681b30d2c6ede96b9623,EXACT_MATCH,MOPS_SINGLE_ELIGIBLE_FILING,2bdf58e202d180c37127eeabfaf8b8df7d09808f245cde8f1e5146fcca67d050
6669,2025-06-30,2025,2,2025-08-08,2025-08-08T18:11:37+08:00,2025-08-08,2025-08-08,2025-08-11,MOPS_EXACT,official_timestamp_second_precision,CONSOLIDATED,202502_6669_AI1.pdf,TWSE_MOPS_T57SB01_OFFICIAL_DOCUMENT_UPLOAD,310525f23037c06124ed3e644ff50f0b4dc995278ca73b6d1ae5fc98b0bea8f4,eff833c86b8e51dd70b38fc250d0e564a872dca19e07a24c7019615c1104554a,EXACT_MATCH,MOPS_SINGLE_ELIGIBLE_FILING,fe4082a2edb6ec38af76e279c0d2156fcb33184f5adddf01ed7ad2e3ddb9e799
6669,2025-09-30,2025,3,2025-11-07,2025-11-07T18:21:53+08:00,2025-11-07,2025-11-07,2025-11-10,MOPS_EXACT,official_timestamp_second_precision,CONSOLIDATED,202503_6669_AI1.pdf,TWSE_MOPS_T57SB01_OFFICIAL_DOCUMENT_UPLOAD,310525f23037c06124ed3e644ff50f0b4dc995278ca73b6d1ae5fc98b0bea8f4,ec85b9a5aad8a5dc3a4b5fb91e2d23bdf4097aec9e16f4758ef9e64b7a2032ad,EXACT_MATCH,MOPS_SINGLE_ELIGIBLE_FILING,de3ad0513ccc14cb6062b1ab544fb65a23a88fbfd2e0e22834ebd3a75c8c6807
6669,2025-12-31,2025,4,2026-02-26,2026-02-26T18:10:38+08:00,2026-02-26,2026-02-26,2026-03-02,MOPS_EXACT,official_timestamp_second_precision,CONSOLIDATED,202504_6669_AI1.pdf,TWSE_MOPS_T57SB01_OFFICIAL_DOCUMENT_UPLOAD,310525f23037c06124ed3e644ff50f0b4dc995278ca73b6d1ae5fc98b0bea8f4,868ee2b5602ccbc483be646c754e54049c80cfe4f5f88a88cb2813e7d81140fd,EXACT_MATCH,MOPS_CONSOLIDATED_PREFERRED_OVER_INDIVIDUAL,5e1979d6669d8e2d1f8e72a14adc2766485fc81c48b18a2e83a820fa3f5e0fdb
6669,2026-03-31,2026,1,2026-05-07,2026-05-07T18:35:52+08:00,2026-05-07,2026-05-07,2026-05-08,MOPS_EXACT,official_timestamp_second_precision,CONSOLIDATED,202601_6669_AI1.pdf,TWSE_MOPS_T57SB01_OFFICIAL_DOCUMENT_UPLOAD,310525f23037c06124ed3e644ff50f0b4dc995278ca73b6d1ae5fc98b0bea8f4,57194d9d519cbc66e0997463dac8aff05dd72d18530f6237286c8978b7ba33b1,EXACT_MATCH,MOPS_SINGLE_ELIGIBLE_FILING,9edeb520a4cfbf72bec2ae714af9b6fcce31bb1bef7938e0e66777f494c63693
6669,2026-06-30,2026,2,2026-08-07,2026-08-07T19:57:22+08:00,2026-08-07,2026-08-07,2026-08-10,MOPS_EXACT,official_timestamp_second_precision,CONSOLIDATED,202602_6669_AI1.pdf,TWSE_MOPS_T57SB01_OFFICIAL_DOCUMENT_UPLOAD,310525f23037c06124ed3e644ff50f0b4dc995278ca73b6d1ae5fc98b0bea8f4,948d25cb9defda1b99b43ef892d8bc05223e871b275be9037a9954565bf417e1,EXACT_MATCH,MOPS_SINGLE_ELIGIBLE_FILING,f7cdf6ccbc7dfb069091760259dd934ea833abcadc700c1477a3952c7889e0cf
7769,2022-12-31,2022,4,,,2023-03-31,2023-03-31,2023-04-06,AVAILABLE_DATE_PROXY,conservative_proxy,,,,,,UNMATCHED_PROXY,MOPS_GENUINELY_UNMATCHED,f5f49493ebfb441a8ee18206eb741da2bfdaebd8dbb919f224eca757622847fa
7769,2023-03-31,2023,1,,,2023-05-30,2023-05-30,2023-05-31,AVAILABLE_DATE_PROXY,conservative_proxy,,,,,,UNMATCHED_PROXY,MOPS_GENUINELY_UNMATCHED,90ac710911bc4bfa3d2b3b30b309da7240976da5bff090a030163b28025f8359
7769,2023-06-30,2023,2,,,2023-08-29,2023-08-29,2023-08-30,AVAILABLE_DATE_PROXY,conservative_proxy,,,,,,UNMATCHED_PROXY,MOPS_GENUINELY_UNMATCHED,14a459df120a7fcc7e83a6c0571801c29f7eba937d41f1417ee3818e75321236
7769,2023-09-30,2023,3,,,2023-11-29,2023-11-29,2023-11-30,AVAILABLE_DATE_PROXY,conservative_proxy,,,,,,UNMATCHED_PROXY,MOPS_GENUINELY_UNMATCHED,17cba0ad32b8a3a3b805820eafcc152aae9171e90da9b5d1bc1f1b6113ff5870
7769,2023-12-31,2023,4,2024-10-17,2024-10-17T15:04:05+08:00,2024-10-17,2024-10-17,2024-10-18,MOPS_EXACT,official_timestamp_second_precision,CONSOLIDATED,202304_7769_AI1.pdf,TWSE_MOPS_T57SB01_OFFICIAL_DOCUMENT_UPLOAD,ee650e2b6ece0f598169150e13e75840ae97c590d0afb454996613954de003ef,8d809097e0987a6ae54118e66f656d9be2c8bce6bf8bc85d5f837510d6874b63,EXACT_MATCH,MOPS_CONSOLIDATED_PREFERRED_OVER_INDIVIDUAL,a4c4fae968a8ba21ba7dd647ed104c2a098c0581e7259653ed3411ebd735cb00
7769,2024-03-31,2024,1,,,2024-05-30,2024-05-30,2024-05-31,AVAILABLE_DATE_PROXY,conservative_proxy,,,,,,UNMATCHED_PROXY,MOPS_GENUINELY_UNMATCHED,a3cdcb42d66ae097824097837ca23310014dbbe75c02dec647ecb9b9c81b2151
7769,2024-06-30,2024,2,2024-09-11,2024-09-11T14:09:59+08:00,2024-09-11,2024-09-11,2024-09-12,MOPS_EXACT,official_timestamp_second_precision,CONSOLIDATED,202402_7769_AI1.pdf,TWSE_MOPS_T57SB01_OFFICIAL_DOCUMENT_UPLOAD,ee650e2b6ece0f598169150e13e75840ae97c590d0afb454996613954de003ef,aba89bf1e37594a872966df59a9b4c406d6b3434899fc569f4deb5331d07799f,EXACT_MATCH,MOPS_SINGLE_ELIGIBLE_FILING,f1a66a874e89050662238278d3d388382566c8b2b4ead23c5de93e6e24946a42
7769,2024-09-30,2024,3,,,2024-11-29,2024-11-29,2024-12-02,AVAILABLE_DATE_PROXY,conservative_proxy,,,,,,UNMATCHED_PROXY,MOPS_GENUINELY_UNMATCHED,7d26794f90c571344287d2434b046871eb9875b66aea1e95a8ea1d8c703a49b8
7769,2024-12-31,2024,4,2025-03-22,2025-03-22T13:47:50+08:00,2025-03-22,2025-03-22,2025-03-24,MOPS_EXACT,official_timestamp_second_precision,CONSOLIDATED,202404_7769_AI1.pdf,TWSE_MOPS_T57SB01_OFFICIAL_DOCUMENT_UPLOAD,ee650e2b6ece0f598169150e13e75840ae97c590d0afb454996613954de003ef,afd5312caf85288ad04f6a04760b44de9e2ed9e1d46659f1f7f1af258a5e402a,EXACT_MATCH,MOPS_CONSOLIDATED_PREFERRED_OVER_INDIVIDUAL,c4f7f8e6fe965eb0def61e0c88adb725d127775ef53c8b6459d33a5a82cb75a8
7769,2025-03-31,2025,1,2025-06-06,2025-06-06T11:19:19+08:00,2025-06-06,2025-06-06,2025-06-09,MOPS_EXACT,official_timestamp_second_precision,CONSOLIDATED,202501_7769_AI1.pdf,TWSE_MOPS_T57SB01_OFFICIAL_DOCUMENT_UPLOAD,ee650e2b6ece0f598169150e13e75840ae97c590d0afb454996613954de003ef,038e3e3cb8b157eb75a630db5ad2a0ca5b636a31d5f96325ff1793d8f49d6202,EXACT_MATCH,MOPS_SINGLE_ELIGIBLE_FILING,02b00f026cd99b65c01826a48ac02ef5492af8981f2db28f52a9560d429b3ee5
7769,2025-06-30,2025,2,2025-08-11,2025-08-11T17:02:27+08:00,2025-08-11,2025-08-11,2025-08-12,MOPS_EXACT,official_timestamp_second_precision,CONSOLIDATED,202502_7769_AI1.pdf,TWSE_MOPS_T57SB01_OFFICIAL_DOCUMENT_UPLOAD,ee650e2b6ece0f598169150e13e75840ae97c590d0afb454996613954de003ef,95f5434f1abb0b64a35783e2d608fb54acfb731ecdd3c3c942f8b9679836e995,EXACT_MATCH,MOPS_SINGLE_ELIGIBLE_FILING,18705d89f5d6727c95431944d0740c0560e17bcd3ce4e13930eb78864c2fddff
7769,2025-09-30,2025,3,2025-11-05,2025-11-05T15:02:33+08:00,2025-11-05,2025-11-05,2025-11-06,MOPS_EXACT,official_timestamp_second_precision,CONSOLIDATED,202503_7769_AI1.pdf,TWSE_MOPS_T57SB01_OFFICIAL_DOCUMENT_UPLOAD,ee650e2b6ece0f598169150e13e75840ae97c590d0afb454996613954de003ef,bdd71b6a5afa9b410a04c6d4f14dbf5dee28e44a69f17e15c332c4edcfe641d7,EXACT_MATCH,MOPS_SINGLE_ELIGIBLE_FILING,53d9182e91f0f0989088ac4b751c95c46da08cc15fcec0bee66c2ccc3c70d399
7769,2025-12-31,2025,4,2026-03-13,2026-03-13T17:09:26+08:00,2026-03-13,2026-03-13,2026-03-16,MOPS_EXACT,official_timestamp_second_precision,CONSOLIDATED,202504_7769_AI1.pdf,TWSE_MOPS_T57SB01_OFFICIAL_DOCUMENT_UPLOAD,ee650e2b6ece0f598169150e13e75840ae97c590d0afb454996613954de003ef,0ea7dce7df8bf5fbe7a69ad0d1a389301a8e70e626f2e722d40676592ae40ff4,EXACT_MATCH,MOPS_CONSOLIDATED_PREFERRED_OVER_INDIVIDUAL,0e189521f25e4d89707ca1a99fa8c9160d6e74be2f65363653f2aca641f04738
7769,2026-03-31,2026,1,2026-05-15,2026-05-15T17:17:48+08:00,2026-05-15,2026-05-15,2026-05-18,MOPS_EXACT,official_timestamp_second_precision,CONSOLIDATED,202601_7769_AI1.pdf,TWSE_MOPS_T57SB01_OFFICIAL_DOCUMENT_UPLOAD,ee650e2b6ece0f598169150e13e75840ae97c590d0afb454996613954de003ef,5c229e65dfefee0d1753b0b5334896e10603e43019e3fafdc7693f3c840e000c,EXACT_MATCH,MOPS_SINGLE_ELIGIBLE_FILING,1c30d6dac17a8fb627c3657bd35dc67df4bb6ab6aaf09f72659aa438fe0ab8b1
7769,2026-06-30,2026,2,2026-08-11,2026-08-11T16:21:12+08:00,2026-08-11,2026-08-11,2026-08-12,MOPS_EXACT,official_timestamp_second_precision,CONSOLIDATED,202602_7769_AI1.pdf,TWSE_MOPS_T57SB01_OFFICIAL_DOCUMENT_UPLOAD,ee650e2b6ece0f598169150e13e75840ae97c590d0afb454996613954de003ef,b5bcfd0920f7a8f0e4567643d16393dcd55c6e48cc1dd6a71d3f844bf36ae263,EXACT_MATCH,MOPS_SINGLE_ELIGIBLE_FILING,8b6ad455abb9cc222192b427ae9d1500001580eb5e87f2e563bca7d13c981796
8046,2016-03-31,2016,1,2016-05-09,2016-05-09T16:44:01+08:00,2016-05-09,2016-05-09,2016-05-10,MOPS_EXACT,official_timestamp_second_precision,CONSOLIDATED,201601_8046_AI1.pdf,TWSE_MOPS_T57SB01_OFFICIAL_DOCUMENT_UPLOAD,1074d102fe086ae2da205d848c3a8f54e0aff8a96dd82bd78c6997184f3b2ff4,21eaee2ddcf6fc712511c1226d6b8f2301d82a8dc652ea0d36c2f5da33fbdfff,EXACT_MATCH,MOPS_SINGLE_ELIGIBLE_FILING,30105f6140d8df98d3e97ad0a5d0c9ed05b8d99b171b49d00d10a5e85a501ebd
8046,2016-06-30,2016,2,2016-08-10,2016-08-10T16:00:26+08:00,2016-08-10,2016-08-10,2016-08-11,MOPS_EXACT,official_timestamp_second_precision,CONSOLIDATED,201602_8046_AI1.pdf,TWSE_MOPS_T57SB01_OFFICIAL_DOCUMENT_UPLOAD,1074d102fe086ae2da205d848c3a8f54e0aff8a96dd82bd78c6997184f3b2ff4,bb06e7f75f5d884015cc02cfdadd21110b3df2abd40406762ea037de3794c40c,EXACT_MATCH,MOPS_SINGLE_ELIGIBLE_FILING,ff133349e27973eaeb6aed03bdd07a305acc9371bbe87081a1b5c768157381c9
8046,2016-09-30,2016,3,2016-11-10,2016-11-10T16:03:48+08:00,2016-11-10,2016-11-10,2016-11-11,MOPS_EXACT,official_timestamp_second_precision,CONSOLIDATED,201603_8046_AI1.pdf,TWSE_MOPS_T57SB01_OFFICIAL_DOCUMENT_UPLOAD,1074d102fe086ae2da205d848c3a8f54e0aff8a96dd82bd78c6997184f3b2ff4,10a897b270243964922ed21ba54217600d1ce818b2531298e07b27da42de6e8f,EXACT_MATCH,MOPS_SINGLE_ELIGIBLE_FILING,dbd23a36d8610409a333abadf18ca880b96ba51cb70375adc4841fee9bbb8a85
8046,2016-12-31,2016,4,2017-03-24,2017-03-24T16:28:36+08:00,2017-03-24,2017-03-24,2017-03-27,MOPS_EXACT,official_timestamp_second_precision,CONSOLIDATED,201604_8046_AI1.pdf,TWSE_MOPS_T57SB01_OFFICIAL_DOCUMENT_UPLOAD,1074d102fe086ae2da205d848c3a8f54e0aff8a96dd82bd78c6997184f3b2ff4,91e3992ea45187bd58c9bbeb7d76e304cb95a8493ceddfbf501ef9edbadd8a36,EXACT_MATCH,MOPS_CONSOLIDATED_PREFERRED_OVER_INDIVIDUAL,985103b949682824cb77d8bcbaf9af3f8b09ccaf7bac1ee781d199ab05263241
8046,2017-03-31,2017,1,2017-05-12,2017-05-12T16:26:34+08:00,2017-05-12,2017-05-12,2017-05-15,MOPS_EXACT,official_timestamp_second_precision,CONSOLIDATED,201701_8046_AI1.pdf,TWSE_MOPS_T57SB01_OFFICIAL_DOCUMENT_UPLOAD,1074d102fe086ae2da205d848c3a8f54e0aff8a96dd82bd78c6997184f3b2ff4,a14571e98fafb2bac834db77bfe7d1fc22f6463c31faad22352d7a6584947bca,EXACT_MATCH,MOPS_SINGLE_ELIGIBLE_FILING,19ccb2412bc15e6ab2b588ade8c304679a938fc962a688a34c34833b562d0538
8046,2017-06-30,2017,2,2017-08-11,2017-08-11T15:57:15+08:00,2017-08-11,2017-08-11,2017-08-14,MOPS_EXACT,official_timestamp_second_precision,CONSOLIDATED,201702_8046_AI1.pdf,TWSE_MOPS_T57SB01_OFFICIAL_DOCUMENT_UPLOAD,1074d102fe086ae2da205d848c3a8f54e0aff8a96dd82bd78c6997184f3b2ff4,86d988fc1b1c45ffd1925a79c41e5b978d227646d6659bd88c08ca600bbfc2e2,EXACT_MATCH,MOPS_SINGLE_ELIGIBLE_FILING,9b0dbcdd37a16cc9d6972cc372bb51297a73d60d778dc534d02f763fefec02eb
8046,2017-09-30,2017,3,2017-11-10,2017-11-10T16:14:31+08:00,2017-11-10,2017-11-10,2017-11-13,MOPS_EXACT,official_timestamp_second_precision,CONSOLIDATED,201703_8046_AI1.pdf,TWSE_MOPS_T57SB01_OFFICIAL_DOCUMENT_UPLOAD,1074d102fe086ae2da205d848c3a8f54e0aff8a96dd82bd78c6997184f3b2ff4,18cf5e6ef0bb5c5c75692ef6ee13de0c1ca96607403dcf4fa4a2fbb6a6b3bb06,EXACT_MATCH,MOPS_SINGLE_ELIGIBLE_FILING,f3e3141cb8ce58ed939ede6cec7e10f41c9061b4a29eb7ab8324fdb18291614f
8046,2017-12-31,2017,4,2018-03-23,2018-03-23T16:49:10+08:00,2018-03-23,2018-03-23,2018-03-26,MOPS_EXACT,official_timestamp_second_precision,CONSOLIDATED,201704_8046_AI1.pdf,TWSE_MOPS_T57SB01_OFFICIAL_DOCUMENT_UPLOAD,1074d102fe086ae2da205d848c3a8f54e0aff8a96dd82bd78c6997184f3b2ff4,a6f4533e06836b93c28c3a384acd5b376d95282c06bd030a01c30211140c94f4,EXACT_MATCH,MOPS_CONSOLIDATED_PREFERRED_OVER_INDIVIDUAL,0b315c4078811c036fc06be0f30b3060df441b0d64ccfab0d66b7507ed3600f2
8046,2018-03-31,2018,1,2018-05-09,2018-05-09T16:01:04+08:00,2018-05-09,2018-05-09,2018-05-10,MOPS_EXACT,official_timestamp_second_precision,CONSOLIDATED,201801_8046_AI1.pdf,TWSE_MOPS_T57SB01_OFFICIAL_DOCUMENT_UPLOAD,1074d102fe086ae2da205d848c3a8f54e0aff8a96dd82bd78c6997184f3b2ff4,e3150e739937fe9273edb74fe76c4f8204f968d374c34339c0c5c10241369cc8,EXACT_MATCH,MOPS_SINGLE_ELIGIBLE_FILING,659cf849337bbb2cf76b9167881883da82d23da8474821e967c76a92d2f15a4e
8046,2018-06-30,2018,2,2018-08-10,2018-08-10T14:56:01+08:00,2018-08-10,2018-08-10,2018-08-13,MOPS_EXACT,official_timestamp_second_precision,CONSOLIDATED,201802_8046_AI1.pdf,TWSE_MOPS_T57SB01_OFFICIAL_DOCUMENT_UPLOAD,1074d102fe086ae2da205d848c3a8f54e0aff8a96dd82bd78c6997184f3b2ff4,60d06ca21fcf0cb12b32d46f3013a2adeb22b90317efe34a5429394550e4cb5b,EXACT_MATCH,MOPS_SINGLE_ELIGIBLE_FILING,c867b9d0fc02828508518cc62884274ca83144b0e326a222980267a1dd4bd188
8046,2018-09-30,2018,3,2018-11-12,2018-11-12T16:34:30+08:00,2018-11-12,2018-11-12,2018-11-13,MOPS_EXACT,official_timestamp_second_precision,CONSOLIDATED,201803_8046_AI1.pdf,TWSE_MOPS_T57SB01_OFFICIAL_DOCUMENT_UPLOAD,1074d102fe086ae2da205d848c3a8f54e0aff8a96dd82bd78c6997184f3b2ff4,b1c548f5f5b4cc219460dafd43be0b36dfc60590b6ef9309ef165e64fc60ccfa,EXACT_MATCH,MOPS_SINGLE_ELIGIBLE_FILING,8f8e14c5dc84058ca93c06944e7596a9ff5e15a3c62daa58f64ac7b3a5a06c1b
8046,2018-12-31,2018,4,2019-03-20,2019-03-20T17:53:48+08:00,2019-03-20,2019-03-20,2019-03-21,MOPS_EXACT,official_timestamp_second_precision,CONSOLIDATED,201804_8046_AI1.pdf,TWSE_MOPS_T57SB01_OFFICIAL_DOCUMENT_UPLOAD,1074d102fe086ae2da205d848c3a8f54e0aff8a96dd82bd78c6997184f3b2ff4,9b495c32dac0b2a9f026e0cc1fc17bccbca0a7a4dafef3b67e14653ddf1ef02c,EXACT_MATCH,MOPS_CONSOLIDATED_PREFERRED_OVER_INDIVIDUAL,a233b8bac630683a2963553f66498ecb91bdd54081117282250db980344bcc82
8046,2019-03-31,2019,1,2019-05-10,2019-05-10T14:25:47+08:00,2019-05-10,2019-05-10,2019-05-13,MOPS_EXACT,official_timestamp_second_precision,CONSOLIDATED,201901_8046_AI1.pdf,TWSE_MOPS_T57SB01_OFFICIAL_DOCUMENT_UPLOAD,1074d102fe086ae2da205d848c3a8f54e0aff8a96dd82bd78c6997184f3b2ff4,103617ef73bed990a27e3e3775c6e2152ada6ce2d2549a169feb2a88266ca0f6,EXACT_MATCH,MOPS_SINGLE_ELIGIBLE_FILING,d81bb33a922c9c92b0144cf8678fae9e3a70472fd48729e42f4d7deda1a8ee14
8046,2019-06-30,2019,2,2019-08-12,2019-08-12T14:38:45+08:00,2019-08-12,2019-08-12,2019-08-13,MOPS_EXACT,official_timestamp_second_precision,CONSOLIDATED,201902_8046_AI1.pdf,TWSE_MOPS_T57SB01_OFFICIAL_DOCUMENT_UPLOAD,1074d102fe086ae2da205d848c3a8f54e0aff8a96dd82bd78c6997184f3b2ff4,21190ce8211d28dce170e68b80c640fd3ce06af360d8e63b0ea949208d95facc,EXACT_MATCH,MOPS_SINGLE_ELIGIBLE_FILING,9e0adf5e0d8d190896e5fcbe3e3775b00b693b02b4d0a0817846c7681acf19f6
8046,2019-09-30,2019,3,2019-11-08,2019-11-08T16:59:19+08:00,2019-11-08,2019-11-08,2019-11-11,MOPS_EXACT,official_timestamp_second_precision,CONSOLIDATED,201903_8046_AI1.pdf,TWSE_MOPS_T57SB01_OFFICIAL_DOCUMENT_UPLOAD,1074d102fe086ae2da205d848c3a8f54e0aff8a96dd82bd78c6997184f3b2ff4,90a364a644dd3016c34b95e60b802112510d5bf30150152b97080ef1baf10d3f,EXACT_MATCH,MOPS_SINGLE_ELIGIBLE_FILING,d7ba19036ba40076a00dd9edcdd4ebaccb8d25797be88db6e0fa44e5487228fc
8046,2019-12-31,2019,4,2020-03-18,2020-03-18T16:01:25+08:00,2020-03-18,2020-03-18,2020-03-19,MOPS_EXACT,official_timestamp_second_precision,CONSOLIDATED,201904_8046_AI1.pdf,TWSE_MOPS_T57SB01_OFFICIAL_DOCUMENT_UPLOAD,1074d102fe086ae2da205d848c3a8f54e0aff8a96dd82bd78c6997184f3b2ff4,b863b1576d00bc5f9f306c2f6ab9a90a55d308c09b27c904ddd5832b10920535,EXACT_MATCH,MOPS_CONSOLIDATED_PREFERRED_OVER_INDIVIDUAL,631f05c014f4b962ac99b76086eb4c025ebdb8787de6ea422a5353f2230cb050
8046,2020-03-31,2020,1,2020-05-11,2020-05-11T13:39:44+08:00,2020-05-11,2020-05-11,2020-05-12,MOPS_EXACT,official_timestamp_second_precision,CONSOLIDATED,202001_8046_AI1.pdf,TWSE_MOPS_T57SB01_OFFICIAL_DOCUMENT_UPLOAD,1074d102fe086ae2da205d848c3a8f54e0aff8a96dd82bd78c6997184f3b2ff4,f46a8ae7ea9e320ea2b8d87283df150e1aeadd831344c1638e83f734070eeaac,EXACT_MATCH,MOPS_SINGLE_ELIGIBLE_FILING,fef88ae115cf75900a6776379dad08e2ebbe292d547455080b9c8ad90720ffa3
8046,2020-06-30,2020,2,2020-08-10,2020-08-10T14:05:49+08:00,2020-08-10,2020-08-10,2020-08-11,MOPS_EXACT,official_timestamp_second_precision,CONSOLIDATED,202002_8046_AI1.pdf,TWSE_MOPS_T57SB01_OFFICIAL_DOCUMENT_UPLOAD,1074d102fe086ae2da205d848c3a8f54e0aff8a96dd82bd78c6997184f3b2ff4,14300a74b9d40e530d6a2ce06c06972e72128ae6669850b9749d6c91cdbfca9a,EXACT_MATCH,MOPS_SINGLE_ELIGIBLE_FILING,fec46f9b65cda42691882cc5360a10e2e270093d90accc8aa905a065b35f7862
8046,2020-09-30,2020,3,2020-11-09,2020-11-09T14:12:27+08:00,2020-11-09,2020-11-09,2020-11-10,MOPS_EXACT,official_timestamp_second_precision,CONSOLIDATED,202003_8046_AI1.pdf,TWSE_MOPS_T57SB01_OFFICIAL_DOCUMENT_UPLOAD,1074d102fe086ae2da205d848c3a8f54e0aff8a96dd82bd78c6997184f3b2ff4,4d6cbfcce13839a29f0f541639acf6de918f9936f9606d3039329477656f46ed,EXACT_MATCH,MOPS_SINGLE_ELIGIBLE_FILING,17207c39ba1e73a16c2fec1ab0940f9324f336d3958a5de6ed4999f43f88ed8b
8046,2020-12-31,2020,4,2021-02-25,2021-02-25T15:20:14+08:00,2021-02-25,2021-02-25,2021-02-26,MOPS_EXACT,official_timestamp_second_precision,CONSOLIDATED,202004_8046_AI1.pdf,TWSE_MOPS_T57SB01_OFFICIAL_DOCUMENT_UPLOAD,1074d102fe086ae2da205d848c3a8f54e0aff8a96dd82bd78c6997184f3b2ff4,1c73f667f4240796851aa69295b88d335603de5c1456e260b599f3df5f7ae92f,EXACT_MATCH,MOPS_CONSOLIDATED_PREFERRED_OVER_INDIVIDUAL,77cce4b7ae865a3cd6c0c7c2740fa81c4f0ec7961cbf1f5dd8901361f0976f08
8046,2021-03-31,2021,1,2021-05-11,2021-05-11T17:49:06+08:00,2021-05-11,2021-05-11,2021-05-12,MOPS_EXACT,official_timestamp_second_precision,CONSOLIDATED,202101_8046_AI1.pdf,TWSE_MOPS_T57SB01_OFFICIAL_DOCUMENT_UPLOAD,1074d102fe086ae2da205d848c3a8f54e0aff8a96dd82bd78c6997184f3b2ff4,8555f8d4c297e5201c4fef69590fdc261eb0412a7ba864d36a0d2b2beda010f2,EXACT_MATCH,MOPS_SINGLE_ELIGIBLE_FILING,8f015e45002131a7a96fb7dfc4bd2393c07a178844201b893b532e0c58a9436b
8046,2021-06-30,2021,2,2021-08-03,2021-08-03T14:28:34+08:00,2021-08-03,2021-08-03,2021-08-04,MOPS_EXACT,official_timestamp_second_precision,CONSOLIDATED,202102_8046_AI1.pdf,TWSE_MOPS_T57SB01_OFFICIAL_DOCUMENT_UPLOAD,1074d102fe086ae2da205d848c3a8f54e0aff8a96dd82bd78c6997184f3b2ff4,435cc85b363d21e7d30fce635fca1e1ce0be92723ca6d7145c1213a31b7418de,EXACT_MATCH,MOPS_SINGLE_ELIGIBLE_FILING,f9704563fd49b417ad0d736e1686132c15fb107f3eb39110f673696fff90fc12
8046,2021-09-30,2021,3,2021-11-09,2021-11-09T15:45:12+08:00,2021-11-09,2021-11-09,2021-11-10,MOPS_EXACT,official_timestamp_second_precision,CONSOLIDATED,202103_8046_AI1.pdf,TWSE_MOPS_T57SB01_OFFICIAL_DOCUMENT_UPLOAD,1074d102fe086ae2da205d848c3a8f54e0aff8a96dd82bd78c6997184f3b2ff4,61753dd7db332ffdea69712c25b1515a40a5f4729d8757d4c9d55cfb9783f182,EXACT_MATCH,MOPS_SINGLE_ELIGIBLE_FILING,cca0dea2971d1a429b5e16d6237e11c88b856a7f4e93d4f2feafb16910cb7f26
8046,2021-12-31,2021,4,2022-02-25,2022-02-25T14:12:41+08:00,2022-02-25,2022-02-25,2022-03-01,MOPS_EXACT,official_timestamp_second_precision,CONSOLIDATED,202104_8046_AI1.pdf,TWSE_MOPS_T57SB01_OFFICIAL_DOCUMENT_UPLOAD,1074d102fe086ae2da205d848c3a8f54e0aff8a96dd82bd78c6997184f3b2ff4,c0b80167c68e95929c1b71297ad82cdd05ed0c362b2d415be50b0a2698db9760,EXACT_MATCH,MOPS_CONSOLIDATED_PREFERRED_OVER_INDIVIDUAL,b4834715bccf585d4814a8250647851b8acd32d0a5fe99ca1eb377a3dbc804ea
8046,2022-03-31,2022,1,2022-05-05,2022-05-05T14:53:12+08:00,2022-05-05,2022-05-05,2022-05-06,MOPS_EXACT,official_timestamp_second_precision,CONSOLIDATED,202201_8046_AI1.pdf,TWSE_MOPS_T57SB01_OFFICIAL_DOCUMENT_UPLOAD,1074d102fe086ae2da205d848c3a8f54e0aff8a96dd82bd78c6997184f3b2ff4,e657600e9c91dac4324b1326a161b6d88e86a1cccaa47ed18952b9fdd7039674,EXACT_MATCH,MOPS_SINGLE_ELIGIBLE_FILING,ae32c5fa2bc5359ec0bc728bb9a7666cc86d92ae2a779af24608ba42f5ce36e1
8046,2022-06-30,2022,2,2022-08-04,2022-08-04T14:48:55+08:00,2022-08-04,2022-08-04,2022-08-05,MOPS_EXACT,official_timestamp_second_precision,CONSOLIDATED,202202_8046_AI1.pdf,TWSE_MOPS_T57SB01_OFFICIAL_DOCUMENT_UPLOAD,1074d102fe086ae2da205d848c3a8f54e0aff8a96dd82bd78c6997184f3b2ff4,a054128c71099ce6e99ed7475f6048d3d07e34f557f11da5618fea3aa9c61a8e,EXACT_MATCH,MOPS_SINGLE_ELIGIBLE_FILING,69b64bea4d98dd2c4f891f1f22a3ccac7a1bd9b81c8bcc8a5b88ae2450d3be47
8046,2022-09-30,2022,3,2022-11-03,2022-11-03T16:27:38+08:00,2022-11-03,2022-11-03,2022-11-04,MOPS_EXACT,official_timestamp_second_precision,CONSOLIDATED,202203_8046_AI1.pdf,TWSE_MOPS_T57SB01_OFFICIAL_DOCUMENT_UPLOAD,1074d102fe086ae2da205d848c3a8f54e0aff8a96dd82bd78c6997184f3b2ff4,63303b4457de76dda19ccc44ba297a295ef9ab60c4b8176d2776d483bda6d652,EXACT_MATCH,MOPS_SINGLE_ELIGIBLE_FILING,3936ecea18fa61c34f6d8d1b93dd0c7f6ee1dea6366bff4b68812799c41cb022
8046,2022-12-31,2022,4,2023-02-24,2023-02-24T14:44:41+08:00,2023-02-24,2023-02-24,2023-03-01,MOPS_EXACT,official_timestamp_second_precision,CONSOLIDATED,202204_8046_AI1.pdf,TWSE_MOPS_T57SB01_OFFICIAL_DOCUMENT_UPLOAD,1074d102fe086ae2da205d848c3a8f54e0aff8a96dd82bd78c6997184f3b2ff4,b079a558e69d8b07c5791e4082265007808274932eb10d73a230250363dac538,EXACT_MATCH,MOPS_CONSOLIDATED_PREFERRED_OVER_INDIVIDUAL,43aebb52a946e6a90eb134e8a935c37ddbebf2a4b8cde53d8639c474daa0e189
8046,2023-03-31,2023,1,2023-05-04,2023-05-04T15:46:37+08:00,2023-05-04,2023-05-04,2023-05-05,MOPS_EXACT,official_timestamp_second_precision,CONSOLIDATED,202301_8046_AI1.pdf,TWSE_MOPS_T57SB01_OFFICIAL_DOCUMENT_UPLOAD,1074d102fe086ae2da205d848c3a8f54e0aff8a96dd82bd78c6997184f3b2ff4,1cf32db3c10ac1d98eb8ae55b6a34012e3f5f763ac7e0a065d87e072e6960434,EXACT_MATCH,MOPS_SINGLE_ELIGIBLE_FILING,a8e80c2f478b7cc8a118895795db77801ab77d2c4f3426be30fab45853268de1
8046,2023-06-30,2023,2,2023-08-03,2023-08-03T15:31:20+08:00,2023-08-03,2023-08-03,2023-08-04,MOPS_EXACT,official_timestamp_second_precision,CONSOLIDATED,202302_8046_AI1.pdf,TWSE_MOPS_T57SB01_OFFICIAL_DOCUMENT_UPLOAD,1074d102fe086ae2da205d848c3a8f54e0aff8a96dd82bd78c6997184f3b2ff4,b5de256e333fd0cd93e3fd04fe659f2296a1972fe0a326ef723738955ed33c86,EXACT_MATCH,MOPS_SINGLE_ELIGIBLE_FILING,30e8196a0325fcc71697909e8cefff24a9edbbed04ada2ce082a62b815e5ff73
8046,2023-09-30,2023,3,2023-11-02,2023-11-02T14:18:01+08:00,2023-11-02,2023-11-02,2023-11-03,MOPS_EXACT,official_timestamp_second_precision,CONSOLIDATED,202303_8046_AI1.pdf,TWSE_MOPS_T57SB01_OFFICIAL_DOCUMENT_UPLOAD,1074d102fe086ae2da205d848c3a8f54e0aff8a96dd82bd78c6997184f3b2ff4,132bcfe60c43e3c1e8175b7ff5a73f51adabf84fe64b791dec31ce70c0ac989a,EXACT_MATCH,MOPS_SINGLE_ELIGIBLE_FILING,ef418c42a6a021187a4e73c0c234123b6ce00918d2c6d8e11b93f7aaa6256e41
8046,2023-12-31,2023,4,2024-02-29,2024-02-29T15:22:02+08:00,2024-02-29,2024-02-29,2024-03-01,MOPS_EXACT,official_timestamp_second_precision,CONSOLIDATED,202304_8046_AI1.pdf,TWSE_MOPS_T57SB01_OFFICIAL_DOCUMENT_UPLOAD,1074d102fe086ae2da205d848c3a8f54e0aff8a96dd82bd78c6997184f3b2ff4,2aca73b2b216141af499d72fd064aacdadc009b8d1ab7d7d90fb07e20b775b57,EXACT_MATCH,MOPS_CONSOLIDATED_PREFERRED_OVER_INDIVIDUAL,4ecdc483746f643d175db5a83876aae947c09e6d03ef0a1f4a03f359ef5c445a
8046,2024-03-31,2024,1,2024-05-03,2024-05-03T17:22:14+08:00,2024-05-03,2024-05-03,2024-05-06,MOPS_EXACT,official_timestamp_second_precision,CONSOLIDATED,202401_8046_AI1.pdf,TWSE_MOPS_T57SB01_OFFICIAL_DOCUMENT_UPLOAD,1074d102fe086ae2da205d848c3a8f54e0aff8a96dd82bd78c6997184f3b2ff4,d0b1af9928db9b4cd190dc1137c24467d682063249c302eeb0b0feca47de19df,EXACT_MATCH,MOPS_SINGLE_ELIGIBLE_FILING,4b423ed4df996c2e4204523dbe3a95215618978acfddbf18737718a3be966c7e
8046,2024-06-30,2024,2,2024-08-06,2024-08-06T17:21:55+08:00,2024-08-06,2024-08-06,2024-08-07,MOPS_EXACT,official_timestamp_second_precision,CONSOLIDATED,202402_8046_AI1.pdf,TWSE_MOPS_T57SB01_OFFICIAL_DOCUMENT_UPLOAD,1074d102fe086ae2da205d848c3a8f54e0aff8a96dd82bd78c6997184f3b2ff4,d6763a0354404177e426579bb5b880bc90e74cf50c00d8e637708d45d6d5911a,EXACT_MATCH,MOPS_SINGLE_ELIGIBLE_FILING,353f6825c37308ac0d6b2e81e0a6b80f5780dbd1373fa2ce8deadf3fe29a5550
8046,2024-09-30,2024,3,2024-11-05,2024-11-05T17:27:16+08:00,2024-11-05,2024-11-05,2024-11-06,MOPS_EXACT,official_timestamp_second_precision,CONSOLIDATED,202403_8046_AI1.pdf,TWSE_MOPS_T57SB01_OFFICIAL_DOCUMENT_UPLOAD,1074d102fe086ae2da205d848c3a8f54e0aff8a96dd82bd78c6997184f3b2ff4,8feccf5729ebc5d983bd7c71da7519798577a9c066433d4fdf5dc39e6d9851ae,EXACT_MATCH,MOPS_SINGLE_ELIGIBLE_FILING,4456aebd3ce39009b1cba60ca19fb1faab5959e0c0b2b1af782bfbe3e867056d
8046,2024-12-31,2024,4,2025-02-27,2025-02-27T16:20:30+08:00,2025-02-27,2025-02-27,2025-03-03,MOPS_EXACT,official_timestamp_second_precision,CONSOLIDATED,202404_8046_AI1.pdf,TWSE_MOPS_T57SB01_OFFICIAL_DOCUMENT_UPLOAD,1074d102fe086ae2da205d848c3a8f54e0aff8a96dd82bd78c6997184f3b2ff4,7e0d2942c02cbf8e08217a7c0c725f343acc796cc855e52990f41d540daec009,EXACT_MATCH,MOPS_CONSOLIDATED_PREFERRED_OVER_INDIVIDUAL,12d7990623aa4e69172c873cca3f9f5e41b097c04f46184f4f835e80c4188c5b
8046,2025-03-31,2025,1,2025-05-07,2025-05-07T15:50:49+08:00,2025-05-07,2025-05-07,2025-05-08,MOPS_EXACT,official_timestamp_second_precision,CONSOLIDATED,202501_8046_AI1.pdf,TWSE_MOPS_T57SB01_OFFICIAL_DOCUMENT_UPLOAD,1074d102fe086ae2da205d848c3a8f54e0aff8a96dd82bd78c6997184f3b2ff4,fa972a9299622a0689404b7b360071a036a672cd8013579858d07bd14b1f2364,EXACT_MATCH,MOPS_SINGLE_ELIGIBLE_FILING,00d06fafeb06936da6a7f780d2a276458ac4c7e47d1b89319b3dca6ce79c18c0
8046,2025-06-30,2025,2,2025-08-06,2025-08-06T16:19:42+08:00,2025-08-06,2025-08-06,2025-08-07,MOPS_EXACT,official_timestamp_second_precision,CONSOLIDATED,202502_8046_AI1.pdf,TWSE_MOPS_T57SB01_OFFICIAL_DOCUMENT_UPLOAD,1074d102fe086ae2da205d848c3a8f54e0aff8a96dd82bd78c6997184f3b2ff4,286fe955449aee5c921b6e060899ffa7e2fc025ad2da6f27c995b5d900605901,EXACT_MATCH,MOPS_SINGLE_ELIGIBLE_FILING,029213e452c18157dd70a0c86bbfb1fbac0b6dbce4850e247a93e8bf80ea65ee
8046,2025-09-30,2025,3,2025-11-05,2025-11-05T16:17:03+08:00,2025-11-05,2025-11-05,2025-11-06,MOPS_EXACT,official_timestamp_second_precision,CONSOLIDATED,202503_8046_AI1.pdf,TWSE_MOPS_T57SB01_OFFICIAL_DOCUMENT_UPLOAD,1074d102fe086ae2da205d848c3a8f54e0aff8a96dd82bd78c6997184f3b2ff4,759a74934a153df74203f23b307a97d91cc5c23e7dbec3471872fdbd549a9a90,EXACT_MATCH,MOPS_SINGLE_ELIGIBLE_FILING,f1d9cbafdf7aee907c5e24cb700da6a6271674f8ee693118e3cee4c636184d0b
8046,2025-12-31,2025,4,2026-02-24,2026-02-24T16:28:04+08:00,2026-02-24,2026-02-24,2026-02-25,MOPS_EXACT,official_timestamp_second_precision,CONSOLIDATED,202504_8046_AI1.pdf,TWSE_MOPS_T57SB01_OFFICIAL_DOCUMENT_UPLOAD,1074d102fe086ae2da205d848c3a8f54e0aff8a96dd82bd78c6997184f3b2ff4,47b659cecf735395928bdb252454ad69bd90d6e3b848a8fac4f5413c699487e2,EXACT_MATCH,MOPS_CONSOLIDATED_PREFERRED_OVER_INDIVIDUAL,7ace77404ed6bb9a46a330dfbd79a23f50958f579524643630827951747c637c
8046,2026-03-31,2026,1,2026-05-07,2026-05-07T16:44:28+08:00,2026-05-07,2026-05-07,2026-05-08,MOPS_EXACT,official_timestamp_second_precision,CONSOLIDATED,202601_8046_AI1.pdf,TWSE_MOPS_T57SB01_OFFICIAL_DOCUMENT_UPLOAD,1074d102fe086ae2da205d848c3a8f54e0aff8a96dd82bd78c6997184f3b2ff4,345e576ff7b5fd4442fe005cae76c48cd6c81a5ff0aa2ae1b9ded64539b5f36a,EXACT_MATCH,MOPS_SINGLE_ELIGIBLE_FILING,0e6f45e58510026ea9c265a898d8a0d8c6776951b2b0201ba75e137b655b1ff9
8046,2026-06-30,2026,2,2026-08-06,2026-08-06T17:10:41+08:00,2026-08-06,2026-08-06,2026-08-07,MOPS_EXACT,official_timestamp_second_precision,CONSOLIDATED,202602_8046_AI1.pdf,TWSE_MOPS_T57SB01_OFFICIAL_DOCUMENT_UPLOAD,1074d102fe086ae2da205d848c3a8f54e0aff8a96dd82bd78c6997184f3b2ff4,3e56d5a097926ab6d3fca34a7f4ef74c33cf81d4a4ac44eb5b3d6978095cb415,EXACT_MATCH,MOPS_SINGLE_ELIGIBLE_FILING,cb15a60a110ecd85ca0015615802d17be596c1695500abb5b757da1f9eb2941e
