symbol,period_end,announcement_timestamp,signal_date,first_trade_date,quality,fundamental_state,state_detail,valuation,data_quality,reason_codes,availability_method,source_hash,predictive_eligible
1216,2016-03-31,2016-05-11T17:25:47+08:00,2016-05-11,2016-05-12,UNKNOWN,UNKNOWN,UNKNOWN,N/M,INSUFFICIENT,QUALITY_HISTORY_INSUFFICIENT | STATE_HISTORY_INSUFFICIENT | VALUATION_HISTORY_INSUFFICIENT | SIMPLIFIED_DCF_NOT_APPLICABLE | MOPS_SINGLE_ELIGIBLE_FILING,MOPS_EXACT,f559492d528d8a2795d13003905db1725ae31c164b3db397be9fafe6582efae8,True
1216,2016-06-30,2016-08-10T16:27:53+08:00,2016-08-10,2016-08-11,UNKNOWN,UNKNOWN,UNKNOWN,NORMAL,INSUFFICIENT,QUALITY_HISTORY_INSUFFICIENT | STATE_HISTORY_INSUFFICIENT | HISTORICAL_VALUATION_NORMAL | SIMPLIFIED_DCF_NOT_APPLICABLE | MOPS_SINGLE_ELIGIBLE_FILING,MOPS_EXACT,44e69511563c73c634874a569e7829ce291f180cf7e16b621fea239d9f959ce9,True
1216,2016-09-30,2016-11-10T08:17:37+08:00,2016-11-10,2016-11-11,UNKNOWN,UNKNOWN,UNKNOWN,LOW,INSUFFICIENT,QUALITY_HISTORY_INSUFFICIENT | STATE_HISTORY_INSUFFICIENT | HISTORICAL_VALUATION_LOW | SIMPLIFIED_DCF_NOT_APPLICABLE | MOPS_SINGLE_ELIGIBLE_FILING,MOPS_EXACT,2694e5afbfe04be28036ba762cdca504b14ab56914bacfcdfed19592bacff075,True
1216,2016-12-31,2017-03-29T17:50:50+08:00,2017-03-29,2017-03-30,UNKNOWN,UNKNOWN,UNKNOWN,NORMAL,INSUFFICIENT,QUALITY_HISTORY_INSUFFICIENT | STATE_HISTORY_INSUFFICIENT | HISTORICAL_VALUATION_NORMAL | SIMPLIFIED_DCF_AVAILABLE | MOPS_CONSOLIDATED_PREFERRED_OVER_INDIVIDUAL,MOPS_EXACT,aa030c5108c1df17d97cec415be17179c3e03ad28ef4bf64911b87ff4663cbdf,True
1216,2017-03-31,2017-05-11T08:15:12+08:00,2017-05-11,2017-05-12,UNKNOWN,UNKNOWN,UNKNOWN,NORMAL,INSUFFICIENT,QUALITY_HISTORY_INSUFFICIENT | STATE_HISTORY_INSUFFICIENT | HISTORICAL_VALUATION_NORMAL | SIMPLIFIED_DCF_AVAILABLE | MOPS_SINGLE_ELIGIBLE_FILING,MOPS_EXACT,9a269e84f6f7c948a211b3036a8057d5f48c8971e283f68d1f0902563a9b8d72,True
1216,2017-06-30,2017-08-09T19:25:01+08:00,2017-08-09,2017-08-10,UNKNOWN,UNKNOWN,UNKNOWN,NORMAL,INSUFFICIENT,QUALITY_HISTORY_INSUFFICIENT | STATE_HISTORY_INSUFFICIENT | HISTORICAL_VALUATION_NORMAL | SIMPLIFIED_DCF_AVAILABLE | MOPS_SINGLE_ELIGIBLE_FILING,MOPS_EXACT,7aca0fcb667a45f4be4ac23e09af66008717bebee12dee82f7a994582b0ca44c,True
1216,2017-09-30,2017-11-08T20:53:11+08:00,2017-11-08,2017-11-09,UNKNOWN,UNKNOWN,UNKNOWN,HIGH,INSUFFICIENT,QUALITY_HISTORY_INSUFFICIENT | STATE_HISTORY_INSUFFICIENT | HISTORICAL_VALUATION_HIGH | SIMPLIFIED_DCF_AVAILABLE | MOPS_SINGLE_ELIGIBLE_FILING,MOPS_EXACT,331c9ebb38e4e4933699580beecdf765f640841fa0939898b35289447836180c,True
1216,2017-12-31,2018-03-28T21:52:43+08:00,2018-03-28,2018-03-29,UNKNOWN,UNKNOWN,UNKNOWN,NORMAL,INSUFFICIENT,QUALITY_HISTORY_INSUFFICIENT | STATE_HISTORY_INSUFFICIENT | HISTORICAL_VALUATION_NORMAL | SIMPLIFIED_DCF_AVAILABLE | MOPS_CONSOLIDATED_PREFERRED_OVER_INDIVIDUAL,MOPS_EXACT,9f04535f06c0a312cf86627063f99a78287d2d7c3fa8641594a3015a9b640eab,True
1216,2018-03-31,2018-05-09T21:00:06+08:00,2018-05-09,2018-05-10,UNKNOWN,UNKNOWN,UNKNOWN,LOW,INSUFFICIENT,QUALITY_HISTORY_INSUFFICIENT | STATE_HISTORY_INSUFFICIENT | HISTORICAL_VALUATION_LOW | SIMPLIFIED_DCF_AVAILABLE | MOPS_SINGLE_ELIGIBLE_FILING,MOPS_EXACT,54d56392a5913a3d9d183b8a7646afe9cbb5a1a229c0029531452098cfda6ab5,True
1216,2018-06-30,2018-08-08T20:21:02+08:00,2018-08-08,2018-08-09,UNKNOWN,UNKNOWN,UNKNOWN,LOW,INSUFFICIENT,QUALITY_HISTORY_INSUFFICIENT | STATE_HISTORY_INSUFFICIENT | HISTORICAL_VALUATION_LOW | SIMPLIFIED_DCF_AVAILABLE | MOPS_SINGLE_ELIGIBLE_FILING,MOPS_EXACT,5894116d8a733df51ba929262a88cf5add6191e70352a8cd2a1db4e7c9a4b1a3,True
1216,2018-09-30,2018-11-07T21:52:25+08:00,2018-11-07,2018-11-08,UNKNOWN,IMPROVING,TURNING_UP,LOW,INSUFFICIENT,QUALITY_HISTORY_INSUFFICIENT | EARLY_REVENUE_RECOVERY | RECOVERY_CORROBORATED | HISTORICAL_VALUATION_LOW | SIMPLIFIED_DCF_AVAILABLE | MOPS_SINGLE_ELIGIBLE_FILING,MOPS_EXACT,08b26ebdedad8953b5302178cb327bbb4279230280f8b855a0eba9a454e8ed9a,True
1216,2018-12-31,2019-03-27T20:31:09+08:00,2019-03-27,2019-03-28,UNKNOWN,UNKNOWN,UNKNOWN,LOW,INSUFFICIENT,METRIC_COVERAGE_INSUFFICIENT_TTM_REVENUE | METRIC_COVERAGE_INSUFFICIENT_TTM_EPS | METRIC_COVERAGE_INSUFFICIENT_ROE | METRIC_COVERAGE_INSUFFICIENT_ROIC | MIXED_FUNDAMENTAL_DIRECTION | HISTORICAL_VALUATION_LOW | SIMPLIFIED_DCF_AVAILABLE | MOPS_CONSOLIDATED_PREFERRED_OVER_INDIVIDUAL,MOPS_EXACT,6be71c752b96dafb7477d57d16950aaea031e0a86d8639f918323f6a2e08c546,True
1216,2019-03-31,2019-05-08T18:23:19+08:00,2019-05-08,2019-05-09,UNKNOWN,UNKNOWN,UNKNOWN,HIGH,INSUFFICIENT,METRIC_COVERAGE_INSUFFICIENT_TTM_REVENUE | METRIC_COVERAGE_INSUFFICIENT_TTM_EPS | METRIC_COVERAGE_INSUFFICIENT_ROE | METRIC_COVERAGE_INSUFFICIENT_ROIC | MIXED_FUNDAMENTAL_DIRECTION | HISTORICAL_VALUATION_HIGH | SIMPLIFIED_DCF_AVAILABLE | MOPS_SINGLE_ELIGIBLE_FILING,MOPS_EXACT,5a592bd7c54bd508956b2508b050f28b79f6360fc4e333b32ed840522cdd38bb,True
1216,2019-06-30,2019-08-07T18:14:17+08:00,2019-08-07,2019-08-08,UNKNOWN,DETERIORATING,DETERIORATING,NORMAL,INSUFFICIENT,METRIC_COVERAGE_INSUFFICIENT_TTM_REVENUE | METRIC_COVERAGE_INSUFFICIENT_TTM_EPS | METRIC_COVERAGE_INSUFFICIENT_ROE | METRIC_COVERAGE_INSUFFICIENT_ROIC | DETERIORATION_CORROBORATED | HISTORICAL_VALUATION_NORMAL | SIMPLIFIED_DCF_AVAILABLE | MOPS_SINGLE_ELIGIBLE_FILING,MOPS_EXACT,1d641bf4537dbb856ced60e4a67649ce3a9695a86b447948f30117ce87428d91,True
1216,2019-09-30,2019-11-06T18:18:09+08:00,2019-11-06,2019-11-07,UNKNOWN,UNKNOWN,UNKNOWN,NORMAL,INSUFFICIENT,METRIC_COVERAGE_INSUFFICIENT_ROE | METRIC_COVERAGE_INSUFFICIENT_ROIC | MIXED_FUNDAMENTAL_DIRECTION | HISTORICAL_VALUATION_NORMAL | SIMPLIFIED_DCF_AVAILABLE | MOPS_SINGLE_ELIGIBLE_FILING,MOPS_EXACT,21a3958378f20a7f539fd00945357709240561b30657feacb5b59c4d98faefa8,True
1216,2019-12-31,2020-03-27T18:32:10+08:00,2020-03-27,2020-03-30,WEAK,UNKNOWN,UNKNOWN,LOW,OK,PROFITABILITY_DURABLE | GROWTH_DURABLE | CASH_CONVERSION_SUPPORTED | BALANCE_SHEET_RESILIENT_NOT_ESTABLISHED | INTEREST_COVERAGE_NOT_ESTABLISHED | MIXED_FUNDAMENTAL_DIRECTION | HISTORICAL_VALUATION_LOW | SIMPLIFIED_DCF_AVAILABLE | MOPS_CONSOLIDATED_PREFERRED_OVER_INDIVIDUAL,MOPS_EXACT,44147aceb527dc6b67a1a19415d01b899f9ccefb91b174289f407a9b1862703f,True
1216,2020-03-31,2020-05-13T17:38:29+08:00,2020-05-13,2020-05-14,WEAK,DETERIORATING,DETERIORATING,NORMAL,OK,PROFITABILITY_DURABLE | GROWTH_DURABLE | CASH_CONVERSION_SUPPORTED | BALANCE_SHEET_RESILIENT_NOT_ESTABLISHED | INTEREST_COVERAGE_NOT_ESTABLISHED | DETERIORATION_CORROBORATED | HISTORICAL_VALUATION_NORMAL | SIMPLIFIED_DCF_AVAILABLE | MOPS_SINGLE_ELIGIBLE_FILING,MOPS_EXACT,7863122740e427be986af9b5a0a2bacf2ad0f39a49f5e42474da9cfc574f008b,True
1216,2020-06-30,2020-08-12T18:44:31+08:00,2020-08-12,2020-08-13,GOOD,UNKNOWN,UNKNOWN,NORMAL,OK,PROFITABILITY_DURABLE | GROWTH_DURABLE | CASH_CONVERSION_SUPPORTED | BALANCE_SHEET_RESILIENT | INTEREST_COVERAGE_SUPPORTED | MIXED_FUNDAMENTAL_DIRECTION | HISTORICAL_VALUATION_NORMAL | SIMPLIFIED_DCF_AVAILABLE | MOPS_SINGLE_ELIGIBLE_FILING,MOPS_EXACT,02e1e24ba3e08b258c69e0efdf1c052ab59743f6c1a1922d3e7446cb5daa7df5,True
1216,2020-09-30,2020-11-11T18:34:06+08:00,2020-11-11,2020-11-12,GOOD,DETERIORATING,DETERIORATING,LOW,OK,PROFITABILITY_DURABLE | GROWTH_DURABLE | CASH_CONVERSION_SUPPORTED | BALANCE_SHEET_RESILIENT | INTEREST_COVERAGE_SUPPORTED | DETERIORATION_CORROBORATED | HISTORICAL_VALUATION_LOW | SIMPLIFIED_DCF_AVAILABLE | MOPS_SINGLE_ELIGIBLE_FILING,MOPS_EXACT,80127bb9edfbdf8a7108ca18d04a3c19dda919734997f9416317418514fd1403,True
1216,2020-12-31,2021-03-24T17:26:15+08:00,2021-03-24,2021-03-25,ACCEPTABLE,UNKNOWN,UNKNOWN,NORMAL,OK,PROFITABILITY_DURABLE | GROWTH_DURABLE_NOT_ESTABLISHED | CASH_CONVERSION_SUPPORTED | BALANCE_SHEET_RESILIENT | INTEREST_COVERAGE_SUPPORTED | MIXED_FUNDAMENTAL_DIRECTION | HISTORICAL_VALUATION_NORMAL | SIMPLIFIED_DCF_AVAILABLE | MOPS_CONSOLIDATED_PREFERRED_OVER_INDIVIDUAL,MOPS_EXACT,f50df679a820eac99fe014597fa878db8c1080f52291779792bbb8ce61803855,True
1216,2021-03-31,2021-05-12T17:59:31+08:00,2021-05-12,2021-05-13,WEAK,UNKNOWN,UNKNOWN,NORMAL,OK,PROFITABILITY_DURABLE | GROWTH_DURABLE_NOT_ESTABLISHED | CASH_CONVERSION_SUPPORTED | BALANCE_SHEET_RESILIENT_NOT_ESTABLISHED | INTEREST_COVERAGE_NOT_ESTABLISHED | MIXED_FUNDAMENTAL_DIRECTION | HISTORICAL_VALUATION_NORMAL | SIMPLIFIED_DCF_AVAILABLE | MOPS_SINGLE_ELIGIBLE_FILING,MOPS_EXACT,3afd0475b5eab2d634a17bf68a3300adc0a29c7027e705a498f39e559f2c882a,True
1216,2021-06-30,2021-08-11T18:03:27+08:00,2021-08-11,2021-08-12,ACCEPTABLE,UNKNOWN,UNKNOWN,NORMAL,PARTIAL,PROFITABILITY_DURABLE | GROWTH_DURABLE_NOT_ESTABLISHED | CASH_CONVERSION_SUPPORTED | BALANCE_SHEET_RESILIENT | INTEREST_COVERAGE_SUPPORTED | MIXED_FUNDAMENTAL_DIRECTION | HISTORICAL_VALUATION_NORMAL | SIMPLIFIED_DCF_AVAILABLE | MOPS_SINGLE_ELIGIBLE_FILING,MOPS_EXACT,c1fb08f186ac43aa8efa0c718d36096517cf4ed79c6880bde17dca177d3cdabd,True
1216,2021-09-30,2021-11-10T17:51:18+08:00,2021-11-10,2021-11-11,ACCEPTABLE,UNKNOWN,UNKNOWN,NORMAL,PARTIAL,PROFITABILITY_DURABLE | GROWTH_DURABLE_NOT_ESTABLISHED | CASH_CONVERSION_SUPPORTED | BALANCE_SHEET_RESILIENT | INTEREST_COVERAGE_SUPPORTED | MIXED_FUNDAMENTAL_DIRECTION | HISTORICAL_VALUATION_NORMAL | SIMPLIFIED_DCF_AVAILABLE | MOPS_SINGLE_ELIGIBLE_FILING,MOPS_EXACT,30c555a40cb149acc183d5c3a20e80320c27902ec5f60b0e2d6019914c53f584,True
1216,2021-12-31,2022-03-09T19:46:27+08:00,2022-03-09,2022-03-10,WEAK,UNKNOWN,UNKNOWN,LOW,PARTIAL,PROFITABILITY_DURABLE | GROWTH_DURABLE | CASH_CONVERSION_SUPPORTED | BALANCE_SHEET_RESILIENT_NOT_ESTABLISHED | INTEREST_COVERAGE_NOT_ESTABLISHED | MIXED_FUNDAMENTAL_DIRECTION | HISTORICAL_VALUATION_LOW | SIMPLIFIED_DCF_AVAILABLE | MOPS_CONSOLIDATED_PREFERRED_OVER_INDIVIDUAL,MOPS_EXACT,42250041d124609263d411dc549cc901a7003dcec98ca59e45d9cbc9d87b2eeb,True
1216,2022-03-31,2022-05-11T19:45:38+08:00,2022-05-11,2022-05-12,WEAK,UNKNOWN,UNKNOWN,NORMAL,OK,PROFITABILITY_DURABLE | GROWTH_DURABLE | CASH_CONVERSION_SUPPORTED | BALANCE_SHEET_RESILIENT_NOT_ESTABLISHED | INTEREST_COVERAGE_NOT_ESTABLISHED | MIXED_FUNDAMENTAL_DIRECTION | HISTORICAL_VALUATION_NORMAL | SIMPLIFIED_DCF_AVAILABLE | MOPS_SINGLE_ELIGIBLE_FILING,MOPS_EXACT,9673192f35374086b09c6577b395f96f367b33d665822e1389ae06ed82c35a39,True
1216,2022-06-30,2022-08-10T16:41:18+08:00,2022-08-10,2022-08-11,WEAK,IMPROVING,TURNING_UP,NORMAL,OK,PROFITABILITY_DURABLE | GROWTH_DURABLE_NOT_ESTABLISHED | CASH_CONVERSION_SUPPORTED | BALANCE_SHEET_RESILIENT_NOT_ESTABLISHED | INTEREST_COVERAGE_NOT_ESTABLISHED | EARLY_REVENUE_RECOVERY | RECOVERY_CORROBORATED | HISTORICAL_VALUATION_NORMAL | SIMPLIFIED_DCF_AVAILABLE | MOPS_SINGLE_ELIGIBLE_FILING,MOPS_EXACT,03997d3e0577811f46cd9328d2a61c82add9fc5db9a635b65f02f4a667930b15,True
1216,2022-09-30,2022-11-09T17:41:25+08:00,2022-11-09,2022-11-10,WEAK,IMPROVING,TURNING_UP,NORMAL,OK,PROFITABILITY_DURABLE | GROWTH_DURABLE_NOT_ESTABLISHED | CASH_CONVERSION_SUPPORTED | BALANCE_SHEET_RESILIENT_NOT_ESTABLISHED | INTEREST_COVERAGE_NOT_ESTABLISHED | EARLY_REVENUE_RECOVERY | RECOVERY_CORROBORATED | HISTORICAL_VALUATION_NORMAL | SIMPLIFIED_DCF_AVAILABLE | MOPS_SINGLE_ELIGIBLE_FILING,MOPS_EXACT,7d2e5eb644089a99cc0a8f07781d2f35a4f88c53b92896b99640068bc72efe4d,True
1216,2022-12-31,2023-03-10T13:16:24+08:00,2023-03-10,2023-03-13,WEAK,UNKNOWN,UNKNOWN,NORMAL,OK,PROFITABILITY_DURABLE | GROWTH_DURABLE_NOT_ESTABLISHED | CASH_CONVERSION_SUPPORTED | BALANCE_SHEET_RESILIENT_NOT_ESTABLISHED | INTEREST_COVERAGE_NOT_ESTABLISHED | MIXED_FUNDAMENTAL_DIRECTION | HISTORICAL_VALUATION_NORMAL | SIMPLIFIED_DCF_AVAILABLE | MOPS_CONSOLIDATED_PREFERRED_OVER_INDIVIDUAL,MOPS_EXACT,51ed5bdc777dafbb4f2145541ef9973a5406d27a14a4dfb1b9a8cb2b0f1dc0d0,True
1216,2023-03-31,2023-05-11T16:49:18+08:00,2023-05-11,2023-05-12,WEAK,UNKNOWN,UNKNOWN,NORMAL,OK,PROFITABILITY_DURABLE | GROWTH_DURABLE_NOT_ESTABLISHED | CASH_CONVERSION_SUPPORTED | BALANCE_SHEET_RESILIENT_NOT_ESTABLISHED | INTEREST_COVERAGE_NOT_ESTABLISHED | MIXED_FUNDAMENTAL_DIRECTION | HISTORICAL_VALUATION_NORMAL | SIMPLIFIED_DCF_AVAILABLE | MOPS_SINGLE_ELIGIBLE_FILING,MOPS_EXACT,4b69a96de566620183dec9c7c1c58e48df6cca7dd8fd7ee01ed9c2c4bd29bef7,True
1216,2023-06-30,2023-08-11T08:09:30+08:00,2023-08-11,2023-08-14,WEAK,DETERIORATING,DETERIORATING,NORMAL,PARTIAL,PROFITABILITY_DURABLE | GROWTH_DURABLE_NOT_ESTABLISHED | CASH_CONVERSION_SUPPORTED | BALANCE_SHEET_RESILIENT_NOT_ESTABLISHED | INTEREST_COVERAGE_NOT_ESTABLISHED | DETERIORATION_CORROBORATED | HISTORICAL_VALUATION_NORMAL | SIMPLIFIED_DCF_AVAILABLE | MOPS_SINGLE_ELIGIBLE_FILING,MOPS_EXACT,2710f5fa774643ffa2d5bccec0ad1f92338374f1bc0e5accb89f70dbdfbf3bb0,True
1216,2023-09-30,2023-11-10T08:30:38+08:00,2023-11-10,2023-11-13,WEAK,UNKNOWN,UNKNOWN,NORMAL,OK,PROFITABILITY_DURABLE | GROWTH_DURABLE_NOT_ESTABLISHED | CASH_CONVERSION_SUPPORTED | BALANCE_SHEET_RESILIENT_NOT_ESTABLISHED | INTEREST_COVERAGE_NOT_ESTABLISHED | MIXED_FUNDAMENTAL_DIRECTION | HISTORICAL_VALUATION_NORMAL | SIMPLIFIED_DCF_AVAILABLE | MOPS_SINGLE_ELIGIBLE_FILING,MOPS_EXACT,2ebc33a428a5e8f8915ffc72c373c59e4011836628f65120cb335b91890818c5,True
1216,2023-12-31,2024-03-08T08:22:00+08:00,2024-03-08,2024-03-11,WEAK,STABLE,CONFIRMED_GROWTH,NORMAL,OK,PROFITABILITY_DURABLE | GROWTH_DURABLE_NOT_ESTABLISHED | CASH_CONVERSION_SUPPORTED | BALANCE_SHEET_RESILIENT_NOT_ESTABLISHED | INTEREST_COVERAGE_NOT_ESTABLISHED | GROWTH_CONFIRMED_THREE_PERIODS | HISTORICAL_VALUATION_NORMAL | SIMPLIFIED_DCF_AVAILABLE | MOPS_CONSOLIDATED_PREFERRED_OVER_INDIVIDUAL,MOPS_EXACT,efd72624ffb4c5e77f8b351d04436ecc1708f703669d9999355ea7373699bc74,True
1216,2024-03-31,2024-05-10T08:00:58+08:00,2024-05-10,2024-05-13,WEAK,STABLE,CONFIRMED_GROWTH,NORMAL,OK,PROFITABILITY_DURABLE | GROWTH_DURABLE_NOT_ESTABLISHED | CASH_CONVERSION_SUPPORTED | BALANCE_SHEET_RESILIENT_NOT_ESTABLISHED | INTEREST_COVERAGE_NOT_ESTABLISHED | GROWTH_CONFIRMED_THREE_PERIODS | HISTORICAL_VALUATION_NORMAL | SIMPLIFIED_DCF_AVAILABLE | MOPS_SINGLE_ELIGIBLE_FILING,MOPS_EXACT,3271dc1b099e03cdfa40a27f8f50b216fe40d9a86de37cf401594004d94bb4d6,True
1216,2024-06-30,2024-08-08T18:27:51+08:00,2024-08-08,2024-08-09,WEAK,UNKNOWN,UNKNOWN,NORMAL,OK,PROFITABILITY_DURABLE | GROWTH_DURABLE_NOT_ESTABLISHED | CASH_CONVERSION_SUPPORTED | BALANCE_SHEET_RESILIENT_NOT_ESTABLISHED | INTEREST_COVERAGE_NOT_ESTABLISHED | MIXED_FUNDAMENTAL_DIRECTION | HISTORICAL_VALUATION_NORMAL | SIMPLIFIED_DCF_AVAILABLE | MOPS_SINGLE_ELIGIBLE_FILING,MOPS_EXACT,4231ac39fa4d784d02bad3555f0c9a72695595ea70da9cb073a120f3e712a0ad,True
1216,2024-09-30,2024-11-13T08:03:32+08:00,2024-11-13,2024-11-14,WEAK,UNKNOWN,UNKNOWN,NORMAL,PARTIAL,PROFITABILITY_DURABLE | GROWTH_DURABLE_NOT_ESTABLISHED | CASH_CONVERSION_SUPPORTED | BALANCE_SHEET_RESILIENT_NOT_ESTABLISHED | INTEREST_COVERAGE_NOT_ESTABLISHED | MIXED_FUNDAMENTAL_DIRECTION | HISTORICAL_VALUATION_NORMAL | SIMPLIFIED_DCF_AVAILABLE | MOPS_SINGLE_ELIGIBLE_FILING,MOPS_EXACT,c5b1aebced288061535ae5b050cef24aef09d7f30861a309bdd1a3e6b42d7775,True
1216,2024-12-31,2025-03-07T08:21:30+08:00,2025-03-07,2025-03-10,WEAK,UNKNOWN,UNKNOWN,NORMAL,OK,PROFITABILITY_DURABLE | GROWTH_DURABLE | CASH_CONVERSION_SUPPORTED | BALANCE_SHEET_RESILIENT_NOT_ESTABLISHED | INTEREST_COVERAGE_NOT_ESTABLISHED | MIXED_FUNDAMENTAL_DIRECTION | HISTORICAL_VALUATION_NORMAL | SIMPLIFIED_DCF_AVAILABLE | MOPS_CONSOLIDATED_PREFERRED_OVER_INDIVIDUAL,MOPS_EXACT,b613edeca3a949c23b53ffd68e0808470ccf830ea185d285aaf6598182d18f98,True
1216,2025-03-31,2025-05-09T14:01:11+08:00,2025-05-09,2025-05-12,WEAK,DETERIORATING,DETERIORATING,NORMAL,OK,PROFITABILITY_DURABLE | GROWTH_DURABLE | CASH_CONVERSION_SUPPORTED | BALANCE_SHEET_RESILIENT_NOT_ESTABLISHED | INTEREST_COVERAGE_NOT_ESTABLISHED | DETERIORATION_CORROBORATED | HISTORICAL_VALUATION_NORMAL | SIMPLIFIED_DCF_AVAILABLE | MOPS_SINGLE_ELIGIBLE_FILING,MOPS_EXACT,3ab72fb64520019fd203892eab948e0b7542c6578ad6bd0b212d2b690286c351,True
1216,2025-06-30,2025-08-08T08:06:43+08:00,2025-08-08,2025-08-11,WEAK,STABLE,CONFIRMED_GROWTH,NORMAL,OK,PROFITABILITY_DURABLE | GROWTH_DURABLE | CASH_CONVERSION_SUPPORTED | BALANCE_SHEET_RESILIENT_NOT_ESTABLISHED | INTEREST_COVERAGE_NOT_ESTABLISHED | GROWTH_CONFIRMED_THREE_PERIODS | HISTORICAL_VALUATION_NORMAL | SIMPLIFIED_DCF_AVAILABLE | MOPS_SINGLE_ELIGIBLE_FILING,MOPS_EXACT,6bed8dbab8d4bfc4a715c8ac03470445f80b777b3fa0b950a7655adc4746196e,True
1216,2025-09-30,2025-11-07T08:17:19+08:00,2025-11-07,2025-11-10,WEAK,STABLE,CONFIRMED_GROWTH,NORMAL,OK,PROFITABILITY_DURABLE | GROWTH_DURABLE | CASH_CONVERSION_SUPPORTED | BALANCE_SHEET_RESILIENT_NOT_ESTABLISHED | INTEREST_COVERAGE_NOT_ESTABLISHED | GROWTH_CONFIRMED_THREE_PERIODS | HISTORICAL_VALUATION_NORMAL | SIMPLIFIED_DCF_AVAILABLE | MOPS_SINGLE_ELIGIBLE_FILING,MOPS_EXACT,e92fcac77cd076203a66d525667e5b9b9ad0c4930ac2402b8352126d5922ace2,True
1216,2025-12-31,2026-03-06T08:25:05+08:00,2026-03-06,2026-03-09,WEAK,DETERIORATING,DETERIORATING,NORMAL,OK,PROFITABILITY_DURABLE | GROWTH_DURABLE | CASH_CONVERSION_SUPPORTED | BALANCE_SHEET_RESILIENT_NOT_ESTABLISHED | INTEREST_COVERAGE_NOT_ESTABLISHED | DETERIORATION_CORROBORATED | HISTORICAL_VALUATION_NORMAL | SIMPLIFIED_DCF_AVAILABLE | MOPS_CONSOLIDATED_PREFERRED_OVER_INDIVIDUAL,MOPS_EXACT,0388fb1de80f7904b98ec1c0fef529224af3907d90c5abc460c8ea4c3f941df9,True
1216,2026-03-31,2026-05-08T08:34:02+08:00,2026-05-08,2026-05-11,WEAK,UNKNOWN,UNKNOWN,LOW,OK,PROFITABILITY_DURABLE | GROWTH_DURABLE | CASH_CONVERSION_SUPPORTED | BALANCE_SHEET_RESILIENT_NOT_ESTABLISHED | INTEREST_COVERAGE_NOT_ESTABLISHED | MIXED_FUNDAMENTAL_DIRECTION | HISTORICAL_VALUATION_LOW | SIMPLIFIED_DCF_AVAILABLE | MOPS_SINGLE_ELIGIBLE_FILING,MOPS_EXACT,564f50cdfb8c16654e54267ffac3ae704eba735de0c28baf6c03a9bfaaadd973,True
1216,2026-06-30,2026-08-07T08:14:46+08:00,2026-08-07,2026-08-10,WEAK,DETERIORATING,DETERIORATING,LOW,OK,PROFITABILITY_DURABLE | GROWTH_DURABLE | CASH_CONVERSION_SUPPORTED | BALANCE_SHEET_RESILIENT_NOT_ESTABLISHED | INTEREST_COVERAGE_NOT_ESTABLISHED | DETERIORATION_CORROBORATED | HISTORICAL_VALUATION_LOW | SIMPLIFIED_DCF_AVAILABLE | MOPS_SINGLE_ELIGIBLE_FILING,MOPS_EXACT,3e6e6afdb8f4e71b6581d66c0e862871d21f52d9385e7650bd23c9de28a9008b,True
1303,2016-03-31,2016-05-10T17:14:50+08:00,2016-05-10,2016-05-11,UNKNOWN,UNKNOWN,UNKNOWN,N/M,INSUFFICIENT,QUALITY_HISTORY_INSUFFICIENT | STATE_HISTORY_INSUFFICIENT | VALUATION_SECTOR_CYCLICAL_NORMALIZED_EPS | SIMPLIFIED_DCF_NOT_APPLICABLE | MOPS_SINGLE_ELIGIBLE_FILING,MOPS_EXACT,61bbabcc9bd5f0d8ae248b639001ddd7859dd4a86818f3a55f21968f5c5b8a5c,True
1303,2016-06-30,2016-08-11T16:59:29+08:00,2016-08-11,2016-08-12,UNKNOWN,UNKNOWN,UNKNOWN,N/M,INSUFFICIENT,QUALITY_HISTORY_INSUFFICIENT | STATE_HISTORY_INSUFFICIENT | VALUATION_SECTOR_CYCLICAL_NORMALIZED_EPS | SIMPLIFIED_DCF_NOT_APPLICABLE | MOPS_SINGLE_ELIGIBLE_FILING,MOPS_EXACT,683f5dc71489e6007ec5c9be62cc88862229425d01aaaf4feea23c3f2b85658e,True
1303,2016-09-30,2016-11-10T16:35:45+08:00,2016-11-10,2016-11-11,UNKNOWN,UNKNOWN,UNKNOWN,N/M,INSUFFICIENT,QUALITY_HISTORY_INSUFFICIENT | STATE_HISTORY_INSUFFICIENT | VALUATION_SECTOR_CYCLICAL_NORMALIZED_EPS | SIMPLIFIED_DCF_NOT_APPLICABLE | MOPS_SINGLE_ELIGIBLE_FILING,MOPS_EXACT,b18af84f2b7539f5e4e8e3b1244b2e01bee1bd3f5f70906ac003d78da3657472,True
1303,2016-12-31,2017-03-24T16:18:22+08:00,2017-03-24,2017-03-27,UNKNOWN,UNKNOWN,UNKNOWN,N/M,INSUFFICIENT,QUALITY_HISTORY_INSUFFICIENT | STATE_HISTORY_INSUFFICIENT | VALUATION_SECTOR_CYCLICAL_NORMALIZED_EPS | SIMPLIFIED_DCF_AVAILABLE | MOPS_CONSOLIDATED_PREFERRED_OVER_INDIVIDUAL,MOPS_EXACT,1adc7f048c7ca103ef1994d4bd367e186b2275fd94ccb694b8c4e9fc06366f3f,True
1303,2017-03-31,2017-05-12T15:45:21+08:00,2017-05-12,2017-05-15,UNKNOWN,UNKNOWN,UNKNOWN,N/M,INSUFFICIENT,QUALITY_HISTORY_INSUFFICIENT | STATE_HISTORY_INSUFFICIENT | VALUATION_SECTOR_CYCLICAL_NORMALIZED_EPS | SIMPLIFIED_DCF_AVAILABLE | MOPS_SINGLE_ELIGIBLE_FILING,MOPS_EXACT,d9b2ef89d6f5204f48ee71df11570b7cb63f9473c5aab67d73e9b63f79c915d9,True
1303,2017-06-30,2017-08-11T15:55:11+08:00,2017-08-11,2017-08-14,UNKNOWN,UNKNOWN,UNKNOWN,N/M,INSUFFICIENT,QUALITY_HISTORY_INSUFFICIENT | STATE_HISTORY_INSUFFICIENT | VALUATION_SECTOR_CYCLICAL_NORMALIZED_EPS | SIMPLIFIED_DCF_AVAILABLE | MOPS_SINGLE_ELIGIBLE_FILING,MOPS_EXACT,cd5b2a2c08838c4e95c85fee50eacd4e8048538de3ca171ab28eca15ad731d82,True
1303,2017-09-30,2017-11-10T15:08:03+08:00,2017-11-10,2017-11-13,UNKNOWN,UNKNOWN,UNKNOWN,N/M,INSUFFICIENT,QUALITY_HISTORY_INSUFFICIENT | STATE_HISTORY_INSUFFICIENT | VALUATION_SECTOR_CYCLICAL_NORMALIZED_EPS | SIMPLIFIED_DCF_AVAILABLE | MOPS_SINGLE_ELIGIBLE_FILING,MOPS_EXACT,29ba46689de6fae5bfa8116de36b180f43be57ca9cdeeb12a8f84514d5c695ff,True
1303,2017-12-31,2018-03-23T15:59:52+08:00,2018-03-23,2018-03-26,UNKNOWN,UNKNOWN,UNKNOWN,N/M,INSUFFICIENT,QUALITY_HISTORY_INSUFFICIENT | STATE_HISTORY_INSUFFICIENT | VALUATION_SECTOR_CYCLICAL_NORMALIZED_EPS | SIMPLIFIED_DCF_AVAILABLE | MOPS_CONSOLIDATED_PREFERRED_OVER_INDIVIDUAL,MOPS_EXACT,610222daef2da908b905e01bd2abd49191d22ff1a754c84226a7c44c6de7d50c,True
1303,2018-03-31,2018-05-09T15:23:23+08:00,2018-05-09,2018-05-10,UNKNOWN,UNKNOWN,UNKNOWN,N/M,INSUFFICIENT,QUALITY_HISTORY_INSUFFICIENT | STATE_HISTORY_INSUFFICIENT | VALUATION_SECTOR_CYCLICAL_NORMALIZED_EPS | SIMPLIFIED_DCF_AVAILABLE | MOPS_SINGLE_ELIGIBLE_FILING,MOPS_EXACT,4035acf2a6bf9a0c3c0d6cf1ec559a74f39887e6952c4daca5ddf6c7a8aee987,True
1303,2018-06-30,2018-08-10T14:47:39+08:00,2018-08-10,2018-08-13,UNKNOWN,UNKNOWN,UNKNOWN,N/M,INSUFFICIENT,QUALITY_HISTORY_INSUFFICIENT | STATE_HISTORY_INSUFFICIENT | VALUATION_SECTOR_CYCLICAL_NORMALIZED_EPS | SIMPLIFIED_DCF_AVAILABLE | MOPS_SINGLE_ELIGIBLE_FILING,MOPS_EXACT,3e5031e9a78697a2aacfad1ce8a34770198b97e0a4820ddf80902c12caae0430,True
1303,2018-09-30,2018-11-12T17:51:47+08:00,2018-11-12,2018-11-13,UNKNOWN,STABLE,CONFIRMED_GROWTH,N/M,INSUFFICIENT,QUALITY_HISTORY_INSUFFICIENT | GROWTH_CONFIRMED_THREE_PERIODS | VALUATION_SECTOR_CYCLICAL_NORMALIZED_EPS | SIMPLIFIED_DCF_AVAILABLE | MOPS_SINGLE_ELIGIBLE_FILING,MOPS_EXACT,22fbfc03a35fba1daba412cda2e097b253f426baae247d5f16e7edef303ef313,True
1303,2018-12-31,2019-03-20T15:30:59+08:00,2019-03-20,2019-03-21,UNKNOWN,DETERIORATING,DETERIORATING,N/M,INSUFFICIENT,METRIC_COVERAGE_INSUFFICIENT_TTM_REVENUE | METRIC_COVERAGE_INSUFFICIENT_TTM_EPS | METRIC_COVERAGE_INSUFFICIENT_ROE | METRIC_COVERAGE_INSUFFICIENT_ROIC | SECTOR_LOGIC_CYCLICAL | DETERIORATION_CORROBORATED | VALUATION_SECTOR_CYCLICAL_NORMALIZED_EPS | SIMPLIFIED_DCF_AVAILABLE | MOPS_CONSOLIDATED_PREFERRED_OVER_INDIVIDUAL,MOPS_EXACT,906a1063f1c41690378e61342df24d23eaf22c7eb3ebd654e7e05486ab0595d4,True
1303,2019-03-31,2019-05-10T14:13:11+08:00,2019-05-10,2019-05-13,UNKNOWN,DETERIORATING,DETERIORATING,N/M,INSUFFICIENT,METRIC_COVERAGE_INSUFFICIENT_TTM_REVENUE | METRIC_COVERAGE_INSUFFICIENT_TTM_EPS | METRIC_COVERAGE_INSUFFICIENT_ROE | METRIC_COVERAGE_INSUFFICIENT_ROIC | SECTOR_LOGIC_CYCLICAL | DETERIORATION_CORROBORATED | VALUATION_SECTOR_CYCLICAL_NORMALIZED_EPS | SIMPLIFIED_DCF_AVAILABLE | MOPS_SINGLE_ELIGIBLE_FILING,MOPS_EXACT,95819eb39c31069895186d88ac0aa83d4c7e23f4c32eb34f4aa5560a89e7b4e2,True
1303,2019-06-30,2019-08-12T14:36:58+08:00,2019-08-12,2019-08-13,UNKNOWN,DETERIORATING,DETERIORATING,N/M,INSUFFICIENT,METRIC_COVERAGE_INSUFFICIENT_TTM_REVENUE | METRIC_COVERAGE_INSUFFICIENT_TTM_EPS | METRIC_COVERAGE_INSUFFICIENT_ROE | METRIC_COVERAGE_INSUFFICIENT_ROIC | SECTOR_LOGIC_CYCLICAL | DETERIORATION_CORROBORATED | VALUATION_SECTOR_CYCLICAL_NORMALIZED_EPS | SIMPLIFIED_DCF_AVAILABLE | MOPS_SINGLE_ELIGIBLE_FILING,MOPS_EXACT,e1659ed9a5ce362eb2f70da5a680de9143a64c9b49aec36e1886a4fbdc0f6486,True
1303,2019-09-30,2019-11-08T16:00:41+08:00,2019-11-08,2019-11-11,UNKNOWN,DETERIORATING,DETERIORATING,LOW,INSUFFICIENT,METRIC_COVERAGE_INSUFFICIENT_ROE | METRIC_COVERAGE_INSUFFICIENT_ROIC | SECTOR_LOGIC_CYCLICAL | DETERIORATION_CORROBORATED | VALUATION_SECTOR_CYCLICAL_NORMALIZED_EPS | SIMPLIFIED_DCF_AVAILABLE | MOPS_SINGLE_ELIGIBLE_FILING,MOPS_EXACT,7063603651ca295a5cfe99441dd095807bbe5985bd282330f2cffb962a28f7b9,True
1303,2019-12-31,2020-03-18T14:12:13+08:00,2020-03-18,2020-03-19,WEAK,UNKNOWN,UNKNOWN,LOW,PARTIAL,PROFITABILITY_DURABLE_NOT_ESTABLISHED | GROWTH_DURABLE_NOT_ESTABLISHED | CASH_CONVERSION_SUPPORTED | BALANCE_SHEET_RESILIENT_NOT_ESTABLISHED | INTEREST_COVERAGE_NOT_ESTABLISHED | SECTOR_LOGIC_CYCLICAL | MIXED_FUNDAMENTAL_DIRECTION | VALUATION_SECTOR_CYCLICAL_NORMALIZED_EPS | SIMPLIFIED_DCF_AVAILABLE | MOPS_CONSOLIDATED_PREFERRED_OVER_INDIVIDUAL,MOPS_EXACT,4f30b70fdc2ffb153a0218162dee4532cf4066bbe602a1cae48228cf2313f7b0,True
1303,2020-03-31,2020-05-11T14:03:45+08:00,2020-05-11,2020-05-12,WEAK,UNKNOWN,UNKNOWN,LOW,PARTIAL,PROFITABILITY_DURABLE_NOT_ESTABLISHED | GROWTH_DURABLE_NOT_ESTABLISHED | CASH_CONVERSION_SUPPORTED | BALANCE_SHEET_RESILIENT_NOT_ESTABLISHED | INTEREST_COVERAGE_NOT_ESTABLISHED | SECTOR_LOGIC_CYCLICAL | MIXED_FUNDAMENTAL_DIRECTION | VALUATION_SECTOR_CYCLICAL_NORMALIZED_EPS | SIMPLIFIED_DCF_AVAILABLE | MOPS_SINGLE_ELIGIBLE_FILING,MOPS_EXACT,bf8d4a425cb7a60954e0b4fc59e19f000fa9da5e8252a3e64ad548f36e06656b,True
1303,2020-06-30,2020-08-10T14:01:30+08:00,2020-08-10,2020-08-11,WEAK,IMPROVING,BOTTOMING,LOW,PARTIAL,PROFITABILITY_DURABLE_NOT_ESTABLISHED | GROWTH_DURABLE_NOT_ESTABLISHED | CASH_CONVERSION_SUPPORTED | BALANCE_SHEET_RESILIENT_NOT_ESTABLISHED | INTEREST_COVERAGE_NOT_ESTABLISHED | SECTOR_LOGIC_CYCLICAL | REVENUE_CONTRACTION_NARROWING | RECOVERY_CORROBORATED | VALUATION_SECTOR_CYCLICAL_NORMALIZED_EPS | SIMPLIFIED_DCF_AVAILABLE | MOPS_SINGLE_ELIGIBLE_FILING,MOPS_EXACT,878e961d575378ed65ad1a6f56c4c61ba62aa6848204afb34a58e4ab3e534466,True
1303,2020-09-30,2020-11-09T14:13:34+08:00,2020-11-09,2020-11-10,WEAK,IMPROVING,BOTTOMING,LOW,PARTIAL,PROFITABILITY_DURABLE_NOT_ESTABLISHED | GROWTH_DURABLE_NOT_ESTABLISHED | CASH_CONVERSION_SUPPORTED | BALANCE_SHEET_RESILIENT_NOT_ESTABLISHED | INTEREST_COVERAGE_NOT_ESTABLISHED | SECTOR_LOGIC_CYCLICAL | REVENUE_CONTRACTION_NARROWING | RECOVERY_CORROBORATED | VALUATION_SECTOR_CYCLICAL_NORMALIZED_EPS | SIMPLIFIED_DCF_AVAILABLE | MOPS_SINGLE_ELIGIBLE_FILING,MOPS_EXACT,d9db9e10b100eb04400a4c787326fc07875a94ccf4d69a88a84b7f24dbb91cd4,True
1303,2020-12-31,2021-03-18T14:33:14+08:00,2021-03-18,2021-03-19,WEAK,IMPROVING,BOTTOMING,HIGH,PARTIAL,PROFITABILITY_DURABLE_NOT_ESTABLISHED | GROWTH_DURABLE_NOT_ESTABLISHED | CASH_CONVERSION_SUPPORTED | BALANCE_SHEET_RESILIENT_NOT_ESTABLISHED | INTEREST_COVERAGE_NOT_ESTABLISHED | SECTOR_LOGIC_CYCLICAL | REVENUE_CONTRACTION_NARROWING | RECOVERY_CORROBORATED | VALUATION_SECTOR_CYCLICAL_NORMALIZED_EPS | SIMPLIFIED_DCF_AVAILABLE | MOPS_CONSOLIDATED_PREFERRED_OVER_INDIVIDUAL,MOPS_EXACT,fabd0cc6f7df428c1573a4bdb5f11796714191b0e2a915de7d8f1280fc7ede0f,True
1303,2021-03-31,2021-05-11T14:39:33+08:00,2021-05-11,2021-05-12,WEAK,IMPROVING,TURNING_UP,HIGH,PARTIAL,PROFITABILITY_DURABLE_NOT_ESTABLISHED | GROWTH_DURABLE_NOT_ESTABLISHED | CASH_CONVERSION_SUPPORTED | BALANCE_SHEET_RESILIENT_NOT_ESTABLISHED | INTEREST_COVERAGE_NOT_ESTABLISHED | SECTOR_LOGIC_CYCLICAL | EARLY_REVENUE_RECOVERY | RECOVERY_CORROBORATED | VALUATION_SECTOR_CYCLICAL_NORMALIZED_EPS | SIMPLIFIED_DCF_AVAILABLE | MOPS_SINGLE_ELIGIBLE_FILING,MOPS_EXACT,fac3f01d065d440e6a4e432eb312553d4434a88a41461ff33411e58abe84ac9d,True
1303,2021-06-30,2021-08-10T14:22:51+08:00,2021-08-10,2021-08-11,WEAK,IMPROVING,TURNING_UP,HIGH,PARTIAL,PROFITABILITY_DURABLE_NOT_ESTABLISHED | GROWTH_DURABLE_NOT_ESTABLISHED | CASH_CONVERSION_SUPPORTED | BALANCE_SHEET_RESILIENT_NOT_ESTABLISHED | INTEREST_COVERAGE_NOT_ESTABLISHED | SECTOR_LOGIC_CYCLICAL | EARLY_REVENUE_RECOVERY | RECOVERY_CORROBORATED | VALUATION_SECTOR_CYCLICAL_NORMALIZED_EPS | SIMPLIFIED_DCF_AVAILABLE | MOPS_SINGLE_ELIGIBLE_FILING,MOPS_EXACT,b29a8a713fd282f369e2240e4ad167756adc860e05be7481c13a09aafa6c2c71,True
1303,2021-09-30,2021-11-09T14:40:04+08:00,2021-11-09,2021-11-10,WEAK,IMPROVING,TURNING_UP,HIGH,PARTIAL,PROFITABILITY_DURABLE_NOT_ESTABLISHED | GROWTH_DURABLE_NOT_ESTABLISHED | CASH_CONVERSION_SUPPORTED | BALANCE_SHEET_RESILIENT_NOT_ESTABLISHED | INTEREST_COVERAGE_NOT_ESTABLISHED | SECTOR_LOGIC_CYCLICAL | EARLY_REVENUE_RECOVERY | RECOVERY_CORROBORATED | VALUATION_SECTOR_CYCLICAL_NORMALIZED_EPS | CYCLICAL_LOW_PE_TRAP_RISK | SIMPLIFIED_DCF_AVAILABLE | MOPS_SINGLE_ELIGIBLE_FILING,MOPS_EXACT,f6b255af094ae1981c2a28ff92e017a70db40a2e4a9860a75e2a617afa75f6b5,True
1303,2021-12-31,2022-03-11T15:10:00+08:00,2022-03-11,2022-03-14,WEAK,STABLE,CONFIRMED_GROWTH,HIGH,PARTIAL,PROFITABILITY_DURABLE_NOT_ESTABLISHED | GROWTH_DURABLE | CASH_CONVERSION_SUPPORTED | BALANCE_SHEET_RESILIENT_NOT_ESTABLISHED | INTEREST_COVERAGE_NOT_ESTABLISHED | SECTOR_LOGIC_CYCLICAL | GROWTH_CONFIRMED_THREE_PERIODS | VALUATION_SECTOR_CYCLICAL_NORMALIZED_EPS | CYCLICAL_LOW_PE_TRAP_RISK | SIMPLIFIED_DCF_AVAILABLE | MOPS_CONSOLIDATED_PREFERRED_OVER_INDIVIDUAL,MOPS_EXACT,29734496e9f78aa3776e786f1783700ff523cad287e2dc31dfaad980d83287de,True
1303,2022-03-31,2022-05-11T14:12:18+08:00,2022-05-11,2022-05-12,WEAK,STABLE,CONFIRMED_GROWTH,HIGH,PARTIAL,PROFITABILITY_DURABLE_NOT_ESTABLISHED | GROWTH_DURABLE | CASH_CONVERSION_SUPPORTED | BALANCE_SHEET_RESILIENT_NOT_ESTABLISHED | INTEREST_COVERAGE_NOT_ESTABLISHED | SECTOR_LOGIC_CYCLICAL | GROWTH_CONFIRMED_THREE_PERIODS | VALUATION_SECTOR_CYCLICAL_NORMALIZED_EPS | SIMPLIFIED_DCF_AVAILABLE | MOPS_SINGLE_ELIGIBLE_FILING,MOPS_EXACT,c3417eb2d3b7d5ecc8c403b75ef162a312bd87b83f37ba0043d196848b4d7c12,True
1303,2022-06-30,2022-08-10T13:46:24+08:00,2022-08-10,2022-08-11,WEAK,STABLE,DECELERATING,LOW,PARTIAL,PROFITABILITY_DURABLE_NOT_ESTABLISHED | GROWTH_DURABLE | CASH_CONVERSION_SUPPORTED | BALANCE_SHEET_RESILIENT_NOT_ESTABLISHED | INTEREST_COVERAGE_NOT_ESTABLISHED | SECTOR_LOGIC_CYCLICAL | POSITIVE_GROWTH_DECELERATING | VALUATION_SECTOR_CYCLICAL_NORMALIZED_EPS | SIMPLIFIED_DCF_AVAILABLE | MOPS_SINGLE_ELIGIBLE_FILING,MOPS_EXACT,833fc3a93d9dbd8aa95c9d9c4aaa2deb302d297a707280c7f00878342a81657e,True
1303,2022-09-30,2022-11-09T13:44:28+08:00,2022-11-09,2022-11-10,WEAK,DETERIORATING,DETERIORATING,NORMAL,PARTIAL,PROFITABILITY_DURABLE_NOT_ESTABLISHED | GROWTH_DURABLE | CASH_CONVERSION_SUPPORTED | BALANCE_SHEET_RESILIENT_NOT_ESTABLISHED | INTEREST_COVERAGE_NOT_ESTABLISHED | SECTOR_LOGIC_CYCLICAL | DETERIORATION_CORROBORATED | VALUATION_SECTOR_CYCLICAL_NORMALIZED_EPS | SIMPLIFIED_DCF_AVAILABLE | MOPS_SINGLE_ELIGIBLE_FILING,MOPS_EXACT,c078ac33dc8cd18d947cbc6d2cf3acaad3abb20553593ed987a079d137e43c23,True
1303,2022-12-31,2023-03-08T13:52:23+08:00,2023-03-08,2023-03-09,WEAK,DETERIORATING,DETERIORATING,HIGH,PARTIAL,PROFITABILITY_DURABLE_NOT_ESTABLISHED | GROWTH_DURABLE | CASH_CONVERSION_SUPPORTED | BALANCE_SHEET_RESILIENT_NOT_ESTABLISHED | INTEREST_COVERAGE_NOT_ESTABLISHED | SECTOR_LOGIC_CYCLICAL | DETERIORATION_CORROBORATED | VALUATION_SECTOR_CYCLICAL_NORMALIZED_EPS | SIMPLIFIED_DCF_AVAILABLE | MOPS_CONSOLIDATED_PREFERRED_OVER_INDIVIDUAL,MOPS_EXACT,8a569dcdbc813ac5766e4fd373ab057c89582d028f95953feac3dbb20fe4a68d,True
1303,2023-03-31,2023-05-09T13:47:45+08:00,2023-05-09,2023-05-10,WEAK,DETERIORATING,DETERIORATING,HIGH,PARTIAL,PROFITABILITY_DURABLE_NOT_ESTABLISHED | GROWTH_DURABLE_NOT_ESTABLISHED | CASH_CONVERSION_SUPPORTED | BALANCE_SHEET_RESILIENT_NOT_ESTABLISHED | INTEREST_COVERAGE_NOT_ESTABLISHED | SECTOR_LOGIC_CYCLICAL | DETERIORATION_CORROBORATED | VALUATION_SECTOR_CYCLICAL_NORMALIZED_EPS | SIMPLIFIED_DCF_AVAILABLE | MOPS_SINGLE_ELIGIBLE_FILING,MOPS_EXACT,eb57d1ddd25e6c7423e90cda7b525cee7e953274f3b288c900e38ef349efb3f8,True
1303,2023-06-30,2023-08-08T13:49:58+08:00,2023-08-08,2023-08-09,WEAK,DETERIORATING,DETERIORATING,HIGH,PARTIAL,PROFITABILITY_DURABLE_NOT_ESTABLISHED | GROWTH_DURABLE_NOT_ESTABLISHED | CASH_CONVERSION_SUPPORTED | BALANCE_SHEET_RESILIENT_NOT_ESTABLISHED | INTEREST_COVERAGE_NOT_ESTABLISHED | SECTOR_LOGIC_CYCLICAL | DETERIORATION_CORROBORATED | VALUATION_SECTOR_CYCLICAL_NORMALIZED_EPS | SIMPLIFIED_DCF_AVAILABLE | MOPS_SINGLE_ELIGIBLE_FILING,MOPS_EXACT,0117f6e27450bce0b009defa3e64c9489e4fd791180cfe40c1ec0893d503d641,True
1303,2023-09-30,2023-11-10T13:53:24+08:00,2023-11-10,2023-11-13,WEAK,UNKNOWN,UNKNOWN,HIGH,PARTIAL,PROFITABILITY_DURABLE_NOT_ESTABLISHED | GROWTH_DURABLE_NOT_ESTABLISHED | CASH_CONVERSION_SUPPORTED | BALANCE_SHEET_RESILIENT_NOT_ESTABLISHED | INTEREST_COVERAGE_NOT_ESTABLISHED | SECTOR_LOGIC_CYCLICAL | MIXED_FUNDAMENTAL_DIRECTION | VALUATION_SECTOR_CYCLICAL_NORMALIZED_EPS | SIMPLIFIED_DCF_AVAILABLE | MOPS_SINGLE_ELIGIBLE_FILING,MOPS_EXACT,a5fdbd6623c20b311fa2288352a0923465fbe3a08e1c0627a3b0b5c61a0bd077,True
1303,2023-12-31,2024-03-12T15:03:40+08:00,2024-03-12,2024-03-13,WEAK,IMPROVING,BOTTOMING,HIGH,PARTIAL,PROFITABILITY_DURABLE_NOT_ESTABLISHED | GROWTH_DURABLE_NOT_ESTABLISHED | CASH_CONVERSION_SUPPORTED | BALANCE_SHEET_RESILIENT_NOT_ESTABLISHED | INTEREST_COVERAGE_NOT_ESTABLISHED | SECTOR_LOGIC_CYCLICAL | REVENUE_CONTRACTION_NARROWING | RECOVERY_CORROBORATED | VALUATION_SECTOR_CYCLICAL_NORMALIZED_EPS | SIMPLIFIED_DCF_AVAILABLE | MOPS_CONSOLIDATED_PREFERRED_OVER_INDIVIDUAL,MOPS_EXACT,fccbd272c930ccf4210c629518ef13cc290cb415c776da3a812dd0868c22561f,True
1303,2024-03-31,2024-05-10T13:52:01+08:00,2024-05-10,2024-05-13,WEAK,IMPROVING,BOTTOMING,HIGH,PARTIAL,PROFITABILITY_DURABLE_NOT_ESTABLISHED | GROWTH_DURABLE_NOT_ESTABLISHED | CASH_CONVERSION_SUPPORTED | BALANCE_SHEET_RESILIENT_NOT_ESTABLISHED | INTEREST_COVERAGE_NOT_ESTABLISHED | SECTOR_LOGIC_CYCLICAL | REVENUE_CONTRACTION_NARROWING | RECOVERY_CORROBORATED | VALUATION_SECTOR_CYCLICAL_NORMALIZED_EPS | SIMPLIFIED_DCF_AVAILABLE | MOPS_SINGLE_ELIGIBLE_FILING,MOPS_EXACT,167eff3954dc164eebeaf332869db9292025e2209291bf05b512ab522bf41f07,True
1303,2024-06-30,2024-08-09T13:43:23+08:00,2024-08-09,2024-08-12,WEAK,IMPROVING,BOTTOMING,HIGH,PARTIAL,PROFITABILITY_DURABLE_NOT_ESTABLISHED | GROWTH_DURABLE_NOT_ESTABLISHED | CASH_CONVERSION_SUPPORTED | BALANCE_SHEET_RESILIENT_NOT_ESTABLISHED | INTEREST_COVERAGE_NOT_ESTABLISHED | SECTOR_LOGIC_CYCLICAL | REVENUE_CONTRACTION_NARROWING | RECOVERY_CORROBORATED | VALUATION_SECTOR_CYCLICAL_NORMALIZED_EPS | SIMPLIFIED_DCF_AVAILABLE | MOPS_SINGLE_ELIGIBLE_FILING,MOPS_EXACT,e988690fb9014260b80f8d5621129cf0405467b14283da9d9f41d01d17b72d61,True
1303,2024-09-30,2024-11-12T13:58:27+08:00,2024-11-12,2024-11-13,WEAK,UNKNOWN,UNKNOWN,HIGH,PARTIAL,PROFITABILITY_DURABLE_NOT_ESTABLISHED | GROWTH_DURABLE_NOT_ESTABLISHED | CASH_CONVERSION_SUPPORTED | BALANCE_SHEET_RESILIENT_NOT_ESTABLISHED | INTEREST_COVERAGE_NOT_ESTABLISHED | SECTOR_LOGIC_CYCLICAL | MIXED_FUNDAMENTAL_DIRECTION | VALUATION_SECTOR_CYCLICAL_NORMALIZED_EPS | SIMPLIFIED_DCF_AVAILABLE | MOPS_SINGLE_ELIGIBLE_FILING,MOPS_EXACT,41acf8290dddf1eff316a42fcae170c070ab4da9a8619a8227c2968a578f459c,True
1303,2024-12-31,2025-03-11T13:56:22+08:00,2025-03-11,2025-03-12,WEAK,UNKNOWN,UNKNOWN,HIGH,PARTIAL,PROFITABILITY_DURABLE_NOT_ESTABLISHED | GROWTH_DURABLE_NOT_ESTABLISHED | CASH_CONVERSION_SUPPORTED | BALANCE_SHEET_RESILIENT_NOT_ESTABLISHED | INTEREST_COVERAGE_NOT_ESTABLISHED | SECTOR_LOGIC_CYCLICAL | MIXED_FUNDAMENTAL_DIRECTION | VALUATION_SECTOR_CYCLICAL_NORMALIZED_EPS | SIMPLIFIED_DCF_AVAILABLE | MOPS_CONSOLIDATED_PREFERRED_OVER_INDIVIDUAL,MOPS_EXACT,cc37e346ac879ea06ebe8afe0d8c0e4e6b8ebc9bf5a88b7c95dd1c79ed5879a5,True
1303,2025-03-31,2025-05-13T14:12:25+08:00,2025-05-13,2025-05-14,WEAK,UNKNOWN,UNKNOWN,NORMAL,PARTIAL,PROFITABILITY_DURABLE_NOT_ESTABLISHED | GROWTH_DURABLE_NOT_ESTABLISHED | CASH_CONVERSION_SUPPORTED | BALANCE_SHEET_RESILIENT_NOT_ESTABLISHED | INTEREST_COVERAGE_NOT_ESTABLISHED | SECTOR_LOGIC_CYCLICAL | MIXED_FUNDAMENTAL_DIRECTION | VALUATION_SECTOR_CYCLICAL_NORMALIZED_EPS | SIMPLIFIED_DCF_AVAILABLE | MOPS_SINGLE_ELIGIBLE_FILING,MOPS_EXACT,3929e76034c7b3cf81d503104975ad3998225e496e6e29e4996c8c9c216c18a5,True
1303,2025-06-30,2025-08-08T13:47:11+08:00,2025-08-08,2025-08-11,WEAK,UNKNOWN,UNKNOWN,HIGH,PARTIAL,PROFITABILITY_DURABLE_NOT_ESTABLISHED | GROWTH_DURABLE_NOT_ESTABLISHED | CASH_CONVERSION_SUPPORTED | BALANCE_SHEET_RESILIENT_NOT_ESTABLISHED | INTEREST_COVERAGE_NOT_ESTABLISHED | SECTOR_LOGIC_CYCLICAL | MIXED_FUNDAMENTAL_DIRECTION | VALUATION_SECTOR_CYCLICAL_NORMALIZED_EPS | SIMPLIFIED_DCF_NOT_APPLICABLE | MOPS_SINGLE_ELIGIBLE_FILING,MOPS_EXACT,022eecb63796ede19ea1c37edd6b0415c2bf63fab4cc596c0ab4ef2108941264,True
1303,2025-09-30,2025-11-11T14:38:57+08:00,2025-11-11,2025-11-12,WEAK,UNKNOWN,UNKNOWN,HIGH,PARTIAL,PROFITABILITY_DURABLE_NOT_ESTABLISHED | GROWTH_DURABLE_NOT_ESTABLISHED | CASH_CONVERSION_SUPPORTED | BALANCE_SHEET_RESILIENT_NOT_ESTABLISHED | INTEREST_COVERAGE_NOT_ESTABLISHED | SECTOR_LOGIC_CYCLICAL | MIXED_FUNDAMENTAL_DIRECTION | VALUATION_SECTOR_CYCLICAL_NORMALIZED_EPS | SIMPLIFIED_DCF_NOT_APPLICABLE | MOPS_SINGLE_ELIGIBLE_FILING,MOPS_EXACT,f9145d622854b7d9aa44a1dd4d3742c2e88bffdca2d7bc487833e9a78d89dfbc,True
1303,2025-12-31,2026-03-11T13:52:33+08:00,2026-03-11,2026-03-12,WEAK,UNKNOWN,UNKNOWN,HIGH,PARTIAL,PROFITABILITY_DURABLE_NOT_ESTABLISHED | GROWTH_DURABLE_NOT_ESTABLISHED | CASH_CONVERSION_SUPPORTED | BALANCE_SHEET_RESILIENT_NOT_ESTABLISHED | INTEREST_COVERAGE_NOT_ESTABLISHED | SECTOR_LOGIC_CYCLICAL | MIXED_FUNDAMENTAL_DIRECTION | VALUATION_SECTOR_CYCLICAL_NORMALIZED_EPS | SIMPLIFIED_DCF_NOT_APPLICABLE | MOPS_CONSOLIDATED_PREFERRED_OVER_INDIVIDUAL,MOPS_EXACT,03782add3c222ed732ba286a9771ef4514819179c1c9f831b0866d5075631f47,True
1303,2026-03-31,2026-05-12T14:23:01+08:00,2026-05-12,2026-05-13,WEAK,UNKNOWN,UNKNOWN,HIGH,PARTIAL,PROFITABILITY_DURABLE_NOT_ESTABLISHED | GROWTH_DURABLE_NOT_ESTABLISHED | CASH_CONVERSION_SUPPORTED | BALANCE_SHEET_RESILIENT_NOT_ESTABLISHED | INTEREST_COVERAGE_NOT_ESTABLISHED | SECTOR_LOGIC_CYCLICAL | MIXED_FUNDAMENTAL_DIRECTION | VALUATION_SECTOR_CYCLICAL_NORMALIZED_EPS | CYCLICAL_LOW_PE_TRAP_RISK | SIMPLIFIED_DCF_NOT_APPLICABLE | MOPS_SINGLE_ELIGIBLE_FILING,MOPS_EXACT,3925b0dddbb1d12b3ea6235b690086548594933abf5575ff8dadf9b8c54c1cac,True
1303,2026-06-30,2026-08-11T14:23:28+08:00,2026-08-11,2026-08-12,WEAK,UNKNOWN,UNKNOWN,HIGH,PARTIAL,PROFITABILITY_DURABLE_NOT_ESTABLISHED | GROWTH_DURABLE_NOT_ESTABLISHED | CASH_CONVERSION_SUPPORTED | BALANCE_SHEET_RESILIENT_NOT_ESTABLISHED | INTEREST_COVERAGE_NOT_ESTABLISHED | SECTOR_LOGIC_CYCLICAL | MIXED_FUNDAMENTAL_DIRECTION | VALUATION_SECTOR_CYCLICAL_NORMALIZED_EPS | CYCLICAL_LOW_PE_TRAP_RISK | SIMPLIFIED_DCF_NOT_APPLICABLE | MOPS_SINGLE_ELIGIBLE_FILING,MOPS_EXACT,619a0013a3d9418cb8cc0aa8660de0b3bfc3af682f0b0fa4d6936e3ad787a4ac,True
2059,2016-03-31,2016-05-06T16:13:10+08:00,2016-05-06,2016-05-09,UNKNOWN,UNKNOWN,UNKNOWN,N/M,INSUFFICIENT,QUALITY_HISTORY_INSUFFICIENT | STATE_HISTORY_INSUFFICIENT | VALUATION_HISTORY_INSUFFICIENT | SIMPLIFIED_DCF_NOT_APPLICABLE | MOPS_SINGLE_ELIGIBLE_FILING,MOPS_EXACT,16c7e57c9a54027d515eac7a8fd3f6d6231e02ad8963e340df93f0ab7489d795,True
2059,2016-06-30,2016-08-08T15:26:01+08:00,2016-08-08,2016-08-09,UNKNOWN,UNKNOWN,UNKNOWN,NORMAL,INSUFFICIENT,QUALITY_HISTORY_INSUFFICIENT | STATE_HISTORY_INSUFFICIENT | HISTORICAL_VALUATION_NORMAL | SIMPLIFIED_DCF_NOT_APPLICABLE | MOPS_SINGLE_ELIGIBLE_FILING,MOPS_EXACT,94cc7cfc4ffc11a6d3dede6b10d5ad902349f24bab11d5c377387a3bba930d9e,True
2059,2016-09-30,2016-11-07T15:28:26+08:00,2016-11-07,2016-11-08,UNKNOWN,UNKNOWN,UNKNOWN,NORMAL,INSUFFICIENT,QUALITY_HISTORY_INSUFFICIENT | STATE_HISTORY_INSUFFICIENT | HISTORICAL_VALUATION_NORMAL | SIMPLIFIED_DCF_NOT_APPLICABLE | MOPS_SINGLE_ELIGIBLE_FILING,MOPS_EXACT,3a1847d4311d984f404475ad3a611877aed059153b6ee2f7357661e6050d04f4,True
2059,2016-12-31,2017-02-24T16:24:54+08:00,2017-02-24,2017-03-01,UNKNOWN,UNKNOWN,UNKNOWN,NORMAL,INSUFFICIENT,QUALITY_HISTORY_INSUFFICIENT | STATE_HISTORY_INSUFFICIENT | HISTORICAL_VALUATION_NORMAL | SIMPLIFIED_DCF_AVAILABLE | MOPS_CONSOLIDATED_PREFERRED_OVER_INDIVIDUAL,MOPS_EXACT,8a417d6b014350b378e4dcb0a779b7b1c349346dad7406930e8faa508d284ab0,True
2059,2017-03-31,2017-05-05T15:46:19+08:00,2017-05-05,2017-05-08,UNKNOWN,UNKNOWN,UNKNOWN,HIGH,INSUFFICIENT,QUALITY_HISTORY_INSUFFICIENT | STATE_HISTORY_INSUFFICIENT | HISTORICAL_VALUATION_HIGH | SIMPLIFIED_DCF_AVAILABLE | MOPS_SINGLE_ELIGIBLE_FILING,MOPS_EXACT,21331bd2944ae984a8facc15ea33d6455207d7ed10e21073e57b4c01492d17c6,True
2059,2017-06-30,2017-08-07T17:43:34+08:00,2017-08-07,2017-08-08,UNKNOWN,UNKNOWN,UNKNOWN,NORMAL,INSUFFICIENT,QUALITY_HISTORY_INSUFFICIENT | STATE_HISTORY_INSUFFICIENT | HISTORICAL_VALUATION_NORMAL | SIMPLIFIED_DCF_AVAILABLE | MOPS_SINGLE_ELIGIBLE_FILING,MOPS_EXACT,300c1f60b53eb4d85f78f21934293a7df8540bee8b0db05f5f28e68ff4c09047,True
2059,2017-09-30,2017-11-07T15:37:17+08:00,2017-11-07,2017-11-08,UNKNOWN,UNKNOWN,UNKNOWN,NORMAL,INSUFFICIENT,QUALITY_HISTORY_INSUFFICIENT | STATE_HISTORY_INSUFFICIENT | HISTORICAL_VALUATION_NORMAL | SIMPLIFIED_DCF_AVAILABLE | MOPS_SINGLE_ELIGIBLE_FILING,MOPS_EXACT,81b29f24d8dee7632803f456cbd138654854dd15fe6bc5504d27f1b67d208f1e,True
2059,2017-12-31,2018-02-27T16:20:06+08:00,2018-02-27,2018-03-01,UNKNOWN,UNKNOWN,UNKNOWN,NORMAL,INSUFFICIENT,QUALITY_HISTORY_INSUFFICIENT | STATE_HISTORY_INSUFFICIENT | HISTORICAL_VALUATION_NORMAL | SIMPLIFIED_DCF_AVAILABLE | MOPS_CONSOLIDATED_PREFERRED_OVER_INDIVIDUAL,MOPS_EXACT,a8371185ee8846f978e02c9872e896d4e595e0dcdf49b95b703eaab765a6e337,True
2059,2018-03-31,2018-05-07T15:58:21+08:00,2018-05-07,2018-05-08,UNKNOWN,UNKNOWN,UNKNOWN,NORMAL,INSUFFICIENT,QUALITY_HISTORY_INSUFFICIENT | STATE_HISTORY_INSUFFICIENT | HISTORICAL_VALUATION_NORMAL | SIMPLIFIED_DCF_AVAILABLE | MOPS_SINGLE_ELIGIBLE_FILING,MOPS_EXACT,a8e1d7f6be8e2f15af5086b7196cbd00588a1929c23033ee64414ae0488b34d1,True
2059,2018-06-30,2018-08-07T15:29:56+08:00,2018-08-07,2018-08-08,UNKNOWN,UNKNOWN,UNKNOWN,NORMAL,INSUFFICIENT,QUALITY_HISTORY_INSUFFICIENT | STATE_HISTORY_INSUFFICIENT | HISTORICAL_VALUATION_NORMAL | SIMPLIFIED_DCF_AVAILABLE | MOPS_SINGLE_ELIGIBLE_FILING,MOPS_EXACT,49476813f4f6737df602cf56b1b57a11a32c9ddb41a3cc1847d83e02ff0528af,True
2059,2018-09-30,2018-11-07T15:45:51+08:00,2018-11-07,2018-11-08,UNKNOWN,IMPROVING,TURNING_UP,LOW,INSUFFICIENT,QUALITY_HISTORY_INSUFFICIENT | EARLY_REVENUE_RECOVERY | RECOVERY_CORROBORATED | HISTORICAL_VALUATION_LOW | SIMPLIFIED_DCF_AVAILABLE | MOPS_SINGLE_ELIGIBLE_FILING,MOPS_EXACT,bc705d2433575c137eaecc4fb80b496c364506774cf93d9a16f40efb5f5d5ad2,True
2059,2018-12-31,2019-02-27T15:59:39+08:00,2019-02-27,2019-03-04,UNKNOWN,IMPROVING,TURNING_UP,LOW,INSUFFICIENT,METRIC_COVERAGE_INSUFFICIENT_TTM_REVENUE | METRIC_COVERAGE_INSUFFICIENT_TTM_EPS | METRIC_COVERAGE_INSUFFICIENT_ROE | METRIC_COVERAGE_INSUFFICIENT_ROIC | EARLY_REVENUE_RECOVERY | RECOVERY_CORROBORATED | HISTORICAL_VALUATION_LOW | SIMPLIFIED_DCF_AVAILABLE | MOPS_CONSOLIDATED_PREFERRED_OVER_INDIVIDUAL,MOPS_EXACT,0cd19cf2aaa0d9a8c4e46bba06bf3af22c3933ae6bfa8665cc1d8a231da0461f,True
2059,2019-03-31,2019-05-07T14:38:03+08:00,2019-05-07,2019-05-08,UNKNOWN,STABLE,CONFIRMED_GROWTH,LOW,INSUFFICIENT,METRIC_COVERAGE_INSUFFICIENT_TTM_REVENUE | METRIC_COVERAGE_INSUFFICIENT_TTM_EPS | METRIC_COVERAGE_INSUFFICIENT_ROE | METRIC_COVERAGE_INSUFFICIENT_ROIC | GROWTH_CONFIRMED_THREE_PERIODS | HISTORICAL_VALUATION_LOW | SIMPLIFIED_DCF_AVAILABLE | MOPS_SINGLE_ELIGIBLE_FILING,MOPS_EXACT,9c68eb92e7589e532b66d13dbbcb88a8d75302878bea889f8234130a2975c98c,True
2059,2019-06-30,2019-08-07T15:35:27+08:00,2019-08-07,2019-08-08,UNKNOWN,STABLE,DECELERATING,LOW,INSUFFICIENT,METRIC_COVERAGE_INSUFFICIENT_TTM_REVENUE | METRIC_COVERAGE_INSUFFICIENT_TTM_EPS | METRIC_COVERAGE_INSUFFICIENT_ROE | METRIC_COVERAGE_INSUFFICIENT_ROIC | POSITIVE_GROWTH_DECELERATING | HISTORICAL_VALUATION_LOW | SIMPLIFIED_DCF_AVAILABLE | MOPS_SINGLE_ELIGIBLE_FILING,MOPS_EXACT,a971935af7963a62640fdb82757b980f4204a2a2f860acfba5261e7fc23b07d3,True
2059,2019-09-30,2019-11-06T15:46:36+08:00,2019-11-06,2019-11-07,UNKNOWN,STABLE,CONFIRMED_GROWTH,NORMAL,INSUFFICIENT,METRIC_COVERAGE_INSUFFICIENT_ROE | METRIC_COVERAGE_INSUFFICIENT_ROIC | GROWTH_CONFIRMED_THREE_PERIODS | HISTORICAL_VALUATION_NORMAL | SIMPLIFIED_DCF_AVAILABLE | MOPS_SINGLE_ELIGIBLE_FILING,MOPS_EXACT,d8c563fdecef3fb6c42da0976ff5b81daaaab2c3e031500480791dbfbf1079a4,True
2059,2019-12-31,2020-02-26T16:29:52+08:00,2020-02-26,2020-02-27,UNKNOWN,UNKNOWN,UNKNOWN,LOW,INSUFFICIENT,METRIC_COVERAGE_INSUFFICIENT_ROIC | MIXED_FUNDAMENTAL_DIRECTION | HISTORICAL_VALUATION_LOW | SIMPLIFIED_DCF_AVAILABLE | MOPS_CONSOLIDATED_PREFERRED_OVER_INDIVIDUAL,MOPS_EXACT,36688ee058ddbeefea17250e6385585f13ceb9b904fa21819987b6152adce283,True
2059,2020-03-31,2020-05-06T15:42:17+08:00,2020-05-06,2020-05-07,UNKNOWN,UNKNOWN,UNKNOWN,NORMAL,INSUFFICIENT,METRIC_COVERAGE_INSUFFICIENT_ROIC | MIXED_FUNDAMENTAL_DIRECTION | HISTORICAL_VALUATION_NORMAL | SIMPLIFIED_DCF_NOT_APPLICABLE | MOPS_SINGLE_ELIGIBLE_FILING,MOPS_EXACT,73a2807b4c2f6f0051affb1548ebcf09803281f4830224c68da99b2764062194,True
2059,2020-06-30,2020-08-07T16:18:06+08:00,2020-08-07,2020-08-10,UNKNOWN,UNKNOWN,UNKNOWN,NORMAL,INSUFFICIENT,METRIC_COVERAGE_INSUFFICIENT_ROIC | METRIC_COVERAGE_INSUFFICIENT_TTM_FCF | MIXED_FUNDAMENTAL_DIRECTION | HISTORICAL_VALUATION_NORMAL | SIMPLIFIED_DCF_NOT_APPLICABLE | MOPS_SINGLE_ELIGIBLE_FILING,MOPS_EXACT,5b39467cbad1d66c9fff7f2e4c314f70d0c37f11a3cc02a9c73abc58ec32680a,True
2059,2020-09-30,2020-11-06T15:51:18+08:00,2020-11-06,2020-11-09,UNKNOWN,UNKNOWN,UNKNOWN,NORMAL,INSUFFICIENT,METRIC_COVERAGE_INSUFFICIENT_ROIC | METRIC_COVERAGE_INSUFFICIENT_TTM_FCF | MIXED_FUNDAMENTAL_DIRECTION | HISTORICAL_VALUATION_NORMAL | SIMPLIFIED_DCF_NOT_APPLICABLE | MOPS_SINGLE_ELIGIBLE_FILING,MOPS_EXACT,6fee766e2c3e5aec183cc331ee9916515e57c72d23a13131fbb3dd6345dbae2c,True
2059,2020-12-31,2021-02-26T17:07:44+08:00,2021-02-26,2021-03-02,UNKNOWN,UNKNOWN,UNKNOWN,NORMAL,INSUFFICIENT,METRIC_COVERAGE_INSUFFICIENT_ROIC | METRIC_COVERAGE_INSUFFICIENT_TTM_FCF | MIXED_FUNDAMENTAL_DIRECTION | HISTORICAL_VALUATION_NORMAL | SIMPLIFIED_DCF_NOT_APPLICABLE | MOPS_CONSOLIDATED_PREFERRED_OVER_INDIVIDUAL,MOPS_EXACT,804f91f445c6ea93504864ed2b93580c1f7edd23753fb39853c61fdbc78cfc4b,True
2059,2021-03-31,2021-05-07T15:50:00+08:00,2021-05-07,2021-05-10,UNKNOWN,UNKNOWN,UNKNOWN,NORMAL,INSUFFICIENT,METRIC_COVERAGE_INSUFFICIENT_ROIC | METRIC_COVERAGE_INSUFFICIENT_TTM_FCF | MIXED_FUNDAMENTAL_DIRECTION | HISTORICAL_VALUATION_NORMAL | SIMPLIFIED_DCF_AVAILABLE | MOPS_SINGLE_ELIGIBLE_FILING,MOPS_EXACT,1ab509da7f77b5db89e213cd301505dfc7f9ec3da56e8d892b5bbf027138c875,True
2059,2021-06-30,2021-08-06T16:19:54+08:00,2021-08-06,2021-08-09,UNKNOWN,IMPROVING,TURNING_UP,NORMAL,INSUFFICIENT,METRIC_COVERAGE_INSUFFICIENT_ROIC | EARLY_REVENUE_RECOVERY | RECOVERY_CORROBORATED | HISTORICAL_VALUATION_NORMAL | SIMPLIFIED_DCF_AVAILABLE | MOPS_SINGLE_ELIGIBLE_FILING,MOPS_EXACT,3dd957a8d26cef11f40b5e2e56171ee1a75c7626b9b3a478db9eaef209e659e6,True
2059,2021-09-30,2021-11-05T16:02:00+08:00,2021-11-05,2021-11-08,UNKNOWN,IMPROVING,TURNING_UP,NORMAL,INSUFFICIENT,METRIC_COVERAGE_INSUFFICIENT_ROIC | EARLY_REVENUE_RECOVERY | RECOVERY_CORROBORATED | HISTORICAL_VALUATION_NORMAL | SIMPLIFIED_DCF_AVAILABLE | MOPS_SINGLE_ELIGIBLE_FILING,MOPS_EXACT,27b459868f4db332e36e1864a68cdeb80409f6ad51b60263f74d24fe1f5f7dcf,True
2059,2021-12-31,2022-02-25T16:49:12+08:00,2022-02-25,2022-03-01,UNKNOWN,IMPROVING,TURNING_UP,NORMAL,INSUFFICIENT,METRIC_COVERAGE_INSUFFICIENT_ROIC | EARLY_REVENUE_RECOVERY | RECOVERY_CORROBORATED | HISTORICAL_VALUATION_NORMAL | SIMPLIFIED_DCF_AVAILABLE | MOPS_CONSOLIDATED_PREFERRED_OVER_INDIVIDUAL,MOPS_EXACT,7a356bdfdfa8fb9323c4fb06b6ea099fd64913394ee1bbb68d702d5f871015d3,True
2059,2022-03-31,2022-05-06T15:56:21+08:00,2022-05-06,2022-05-09,UNKNOWN,IMPROVING,TURNING_UP,LOW,INSUFFICIENT,METRIC_COVERAGE_INSUFFICIENT_ROIC | EARLY_REVENUE_RECOVERY | RECOVERY_CORROBORATED | HISTORICAL_VALUATION_LOW | SIMPLIFIED_DCF_AVAILABLE | MOPS_SINGLE_ELIGIBLE_FILING,MOPS_EXACT,e807b1a98273277664729fc17ae1f42d65b54a6dc9cc3855a1fb59f0a9dc2d56,True
2059,2022-06-30,2022-08-05T15:53:22+08:00,2022-08-05,2022-08-08,UNKNOWN,IMPROVING,TURNING_UP,LOW,INSUFFICIENT,METRIC_COVERAGE_INSUFFICIENT_ROIC | EARLY_REVENUE_RECOVERY | RECOVERY_CORROBORATED | HISTORICAL_VALUATION_LOW | SIMPLIFIED_DCF_AVAILABLE | MOPS_SINGLE_ELIGIBLE_FILING,MOPS_EXACT,dd59770048cac15270eccc583c6570154f3afb909de9c93406b78b93386ca72b,True
2059,2022-09-30,2022-11-04T15:37:49+08:00,2022-11-04,2022-11-07,UNKNOWN,STABLE,CONFIRMED_GROWTH,LOW,INSUFFICIENT,METRIC_COVERAGE_INSUFFICIENT_ROIC | GROWTH_CONFIRMED_THREE_PERIODS | HISTORICAL_VALUATION_LOW | SIMPLIFIED_DCF_AVAILABLE | MOPS_SINGLE_ELIGIBLE_FILING,MOPS_EXACT,855ec4838a94e1f51ef280103a35a7a261b9e09e6b2b4ac79bb93df9330de43f,True
2059,2022-12-31,2023-02-24T16:24:25+08:00,2023-02-24,2023-03-01,UNKNOWN,STABLE,CONFIRMED_GROWTH,LOW,INSUFFICIENT,METRIC_COVERAGE_INSUFFICIENT_ROIC | GROWTH_CONFIRMED_THREE_PERIODS | HISTORICAL_VALUATION_LOW | SIMPLIFIED_DCF_AVAILABLE | MOPS_CONSOLIDATED_PREFERRED_OVER_INDIVIDUAL,MOPS_EXACT,56a61e8d4f98a8aa025345a0d17c32518108c5bd189a18f02567eb3720914c5b,True
2059,2023-03-31,2023-05-05T15:44:41+08:00,2023-05-05,2023-05-08,UNKNOWN,STABLE,CONFIRMED_GROWTH,LOW,INSUFFICIENT,METRIC_COVERAGE_INSUFFICIENT_ROIC | GROWTH_CONFIRMED_THREE_PERIODS | HISTORICAL_VALUATION_LOW | SIMPLIFIED_DCF_AVAILABLE | MOPS_SINGLE_ELIGIBLE_FILING,MOPS_EXACT,537f4b2b3d047c2c44c4e159b9e9d9028cfb0d86105627c7d12daa4c52df3c5c,True
2059,2023-06-30,2023-08-04T16:14:52+08:00,2023-08-04,2023-08-07,UNKNOWN,DETERIORATING,DETERIORATING,NORMAL,INSUFFICIENT,METRIC_COVERAGE_INSUFFICIENT_ROIC | DETERIORATION_CORROBORATED | HISTORICAL_VALUATION_NORMAL | SIMPLIFIED_DCF_AVAILABLE | MOPS_SINGLE_ELIGIBLE_FILING,MOPS_EXACT,841e53c09c73104f37369c22fd29b8fa64f5214c4df7e2a8428c76404f568f4b,True
2059,2023-09-30,2023-11-06T15:35:00+08:00,2023-11-06,2023-11-07,UNKNOWN,DETERIORATING,DETERIORATING,NORMAL,INSUFFICIENT,METRIC_COVERAGE_INSUFFICIENT_ROIC | DETERIORATION_CORROBORATED | HISTORICAL_VALUATION_NORMAL | SIMPLIFIED_DCF_AVAILABLE | MOPS_SINGLE_ELIGIBLE_FILING,MOPS_EXACT,353ea3deeafe32ce5f85aaf177774363a84b60f90a8aaa0909bedf0f632ed7db,True
2059,2023-12-31,2024-02-22T17:03:44+08:00,2024-02-22,2024-02-23,UNKNOWN,DETERIORATING,DETERIORATING,HIGH,INSUFFICIENT,METRIC_COVERAGE_INSUFFICIENT_ROIC | DETERIORATION_CORROBORATED | HISTORICAL_VALUATION_HIGH | SIMPLIFIED_DCF_AVAILABLE | MOPS_CONSOLIDATED_PREFERRED_OVER_INDIVIDUAL,MOPS_EXACT,28cd9c4df3e9472551b2d732a05b7d79104bd50f8181a9f1726d861c163085df,True
2059,2024-03-31,2024-05-07T15:01:07+08:00,2024-05-07,2024-05-08,UNKNOWN,UNKNOWN,UNKNOWN,HIGH,INSUFFICIENT,METRIC_COVERAGE_INSUFFICIENT_ROIC | MIXED_FUNDAMENTAL_DIRECTION | HISTORICAL_VALUATION_HIGH | SIMPLIFIED_DCF_AVAILABLE | MOPS_SINGLE_ELIGIBLE_FILING,MOPS_EXACT,c71a81b58601d95b7f973988cb01a4c9e7ba9539b44ee5ab03d6d9de9df56499,True
2059,2024-06-30,2024-08-06T15:32:16+08:00,2024-08-06,2024-08-07,GOOD,IMPROVING,TURNING_UP,NORMAL,OK,PROFITABILITY_DURABLE | GROWTH_DURABLE | CASH_CONVERSION_SUPPORTED | BALANCE_SHEET_RESILIENT | INTEREST_COVERAGE_SUPPORTED | EARLY_REVENUE_RECOVERY | RECOVERY_CORROBORATED | HISTORICAL_VALUATION_NORMAL | SIMPLIFIED_DCF_AVAILABLE | MOPS_SINGLE_ELIGIBLE_FILING,MOPS_EXACT,cb096c286f5742014aacaebe15561788c642d45f0fd60be4cec7c53158d51a6e,True
2059,2024-09-30,2024-11-06T15:02:52+08:00,2024-11-06,2024-11-07,GOOD,IMPROVING,TURNING_UP,NORMAL,OK,PROFITABILITY_DURABLE | GROWTH_DURABLE | CASH_CONVERSION_SUPPORTED | BALANCE_SHEET_RESILIENT | INTEREST_COVERAGE_SUPPORTED | EARLY_REVENUE_RECOVERY | RECOVERY_CORROBORATED | HISTORICAL_VALUATION_NORMAL | SIMPLIFIED_DCF_AVAILABLE | MOPS_SINGLE_ELIGIBLE_FILING,MOPS_EXACT,7789d561e410c3074ca788b932c6697b09f267977df13e9ff42c15867d985d63,True
2059,2024-12-31,2025-02-20T15:30:05+08:00,2025-02-20,2025-02-21,GOOD,IMPROVING,TURNING_UP,NORMAL,OK,PROFITABILITY_DURABLE | GROWTH_DURABLE | CASH_CONVERSION_SUPPORTED | BALANCE_SHEET_RESILIENT | INTEREST_COVERAGE_SUPPORTED | EARLY_REVENUE_RECOVERY | RECOVERY_CORROBORATED | HISTORICAL_VALUATION_NORMAL | SIMPLIFIED_DCF_AVAILABLE | MOPS_CONSOLIDATED_PREFERRED_OVER_INDIVIDUAL,MOPS_EXACT,1da655b6269f580bb4afd44a4bf4275820b38c03ea6145982615bef902e00f36,True
2059,2025-03-31,2025-05-07T15:04:04+08:00,2025-05-07,2025-05-08,GOOD,IMPROVING,TURNING_UP,NORMAL,OK,PROFITABILITY_DURABLE | GROWTH_DURABLE | CASH_CONVERSION_SUPPORTED | BALANCE_SHEET_RESILIENT | INTEREST_COVERAGE_SUPPORTED | EARLY_REVENUE_RECOVERY | RECOVERY_CORROBORATED | HISTORICAL_VALUATION_NORMAL | SIMPLIFIED_DCF_AVAILABLE | MOPS_SINGLE_ELIGIBLE_FILING,MOPS_EXACT,c76452e7bf00ee474894be2b3645761c827c752cbe3a526c7df803024c7e3ba7,True
2059,2025-06-30,2025-08-06T15:02:47+08:00,2025-08-06,2025-08-07,GOOD,STABLE,CONFIRMED_GROWTH,HIGH,OK,PROFITABILITY_DURABLE | GROWTH_DURABLE | CASH_CONVERSION_SUPPORTED | BALANCE_SHEET_RESILIENT | INTEREST_COVERAGE_SUPPORTED | GROWTH_CONFIRMED_THREE_PERIODS | HISTORICAL_VALUATION_HIGH | SIMPLIFIED_DCF_AVAILABLE | MOPS_SINGLE_ELIGIBLE_FILING,MOPS_EXACT,9aca0a8bd07708e5ee98f76b3803dd991e859ec520190336e48a18011367f5b2,True
2059,2025-09-30,2025-11-06T15:45:23+08:00,2025-11-06,2025-11-07,GOOD,STABLE,CONFIRMED_GROWTH,HIGH,OK,PROFITABILITY_DURABLE | GROWTH_DURABLE | CASH_CONVERSION_SUPPORTED | BALANCE_SHEET_RESILIENT | INTEREST_COVERAGE_SUPPORTED | GROWTH_CONFIRMED_THREE_PERIODS | HISTORICAL_VALUATION_HIGH | SIMPLIFIED_DCF_AVAILABLE | MOPS_SINGLE_ELIGIBLE_FILING,MOPS_EXACT,3591d5f059ddbf44fe5cc2d8139decfceb82aea88993e0c0d2e97b0e1341613c,True
2059,2025-12-31,2026-02-24T17:15:23+08:00,2026-02-24,2026-02-25,GOOD,STABLE,CONFIRMED_GROWTH,HIGH,OK,PROFITABILITY_DURABLE | GROWTH_DURABLE | CASH_CONVERSION_SUPPORTED | BALANCE_SHEET_RESILIENT | INTEREST_COVERAGE_SUPPORTED | GROWTH_CONFIRMED_THREE_PERIODS | HISTORICAL_VALUATION_HIGH | SIMPLIFIED_DCF_AVAILABLE | MOPS_CONSOLIDATED_PREFERRED_OVER_INDIVIDUAL,MOPS_EXACT,04745e837fed31be5a15c544e000a47b237c761c74c5ad3c952d4ca35bfa656b,True
2059,2026-03-31,2026-05-06T15:02:48+08:00,2026-05-06,2026-05-07,GOOD,STABLE,MATURE_GROWTH,HIGH,OK,PROFITABILITY_DURABLE | GROWTH_DURABLE | CASH_CONVERSION_SUPPORTED | BALANCE_SHEET_RESILIENT | INTEREST_COVERAGE_SUPPORTED | SUSTAINED_GROWTH_EIGHT_PERIODS | HISTORICAL_VALUATION_HIGH | SIMPLIFIED_DCF_AVAILABLE | MOPS_SINGLE_ELIGIBLE_FILING,MOPS_EXACT,6ab892119b30f204f3ec789b239109f755a4f34b7e9de23096eed44c2d725cab,True
2059,2026-06-30,2026-08-06T14:56:12+08:00,2026-08-06,2026-08-07,GOOD,STABLE,MATURE_GROWTH,HIGH,PARTIAL,PROFITABILITY_DURABLE | GROWTH_DURABLE | CASH_CONVERSION_SUPPORTED | BALANCE_SHEET_RESILIENT | INTEREST_COVERAGE_SUPPORTED | SUSTAINED_GROWTH_EIGHT_PERIODS | HISTORICAL_VALUATION_HIGH | SIMPLIFIED_DCF_AVAILABLE | MOPS_SINGLE_ELIGIBLE_FILING,MOPS_EXACT,0c33494719a7442bf0033939140f98d92043d2b5835b2ee46a8ff437b8177b2d,True
2301,2016-03-31,2016-05-13T15:16:09+08:00,2016-05-13,2016-05-16,UNKNOWN,UNKNOWN,UNKNOWN,N/M,INSUFFICIENT,QUALITY_HISTORY_INSUFFICIENT | STATE_HISTORY_INSUFFICIENT | VALUATION_HISTORY_INSUFFICIENT | SIMPLIFIED_DCF_NOT_APPLICABLE | MOPS_SINGLE_ELIGIBLE_FILING,MOPS_EXACT,76157acc24b9f2cd220907c84561505b0fa0d0565f64e1aee66726db98a0c5df,True
2301,2016-06-30,2016-08-12T15:08:40+08:00,2016-08-12,2016-08-15,UNKNOWN,UNKNOWN,UNKNOWN,HIGH,INSUFFICIENT,QUALITY_HISTORY_INSUFFICIENT | STATE_HISTORY_INSUFFICIENT | HISTORICAL_VALUATION_HIGH | SIMPLIFIED_DCF_NOT_APPLICABLE | MOPS_SINGLE_ELIGIBLE_FILING,MOPS_EXACT,95e285554b1f7b9438023cdc0cae0dbb8def2941b07cf21b81b61fa7a89ce76d,True
2301,2016-09-30,2016-11-14T15:28:19+08:00,2016-11-14,2016-11-15,UNKNOWN,UNKNOWN,UNKNOWN,NORMAL,INSUFFICIENT,QUALITY_HISTORY_INSUFFICIENT | STATE_HISTORY_INSUFFICIENT | HISTORICAL_VALUATION_NORMAL | SIMPLIFIED_DCF_NOT_APPLICABLE | MOPS_SINGLE_ELIGIBLE_FILING,MOPS_EXACT,941d4e20aee4f0a02ce3c1dc1fc3bf4d17a94de19f9f8128a78a80398202a0d2,True
2301,2016-12-31,2017-02-25T12:12:10+08:00,2017-02-25,2017-03-01,UNKNOWN,UNKNOWN,UNKNOWN,NORMAL,INSUFFICIENT,QUALITY_HISTORY_INSUFFICIENT | STATE_HISTORY_INSUFFICIENT | HISTORICAL_VALUATION_NORMAL | SIMPLIFIED_DCF_AVAILABLE | MOPS_CONSOLIDATED_PREFERRED_OVER_INDIVIDUAL,MOPS_EXACT,15589ded8d2972a4ae04ff20827237416a31298f5cc15f657a8638d48c37a453,True
2301,2017-03-31,2017-04-28T19:20:02+08:00,2017-04-28,2017-05-02,UNKNOWN,UNKNOWN,UNKNOWN,NORMAL,INSUFFICIENT,QUALITY_HISTORY_INSUFFICIENT | STATE_HISTORY_INSUFFICIENT | HISTORICAL_VALUATION_NORMAL | SIMPLIFIED_DCF_AVAILABLE | MOPS_SINGLE_ELIGIBLE_FILING,MOPS_EXACT,6ddea0a5c06af43a1ab384d6b3f27552572f8ca06bd9e926e206dc39da50806a,True
2301,2017-06-30,2017-07-28T18:54:25+08:00,2017-07-28,2017-07-31,UNKNOWN,UNKNOWN,UNKNOWN,LOW,INSUFFICIENT,QUALITY_HISTORY_INSUFFICIENT | STATE_HISTORY_INSUFFICIENT | HISTORICAL_VALUATION_LOW | SIMPLIFIED_DCF_AVAILABLE | MOPS_SINGLE_ELIGIBLE_FILING,MOPS_EXACT,db76728c789501df85dcab4ba7469e0703f5c80eb501933803f1c58f4744f0ec,True
2301,2017-09-30,2017-10-31T16:47:55+08:00,2017-10-31,2017-11-01,UNKNOWN,UNKNOWN,UNKNOWN,NORMAL,INSUFFICIENT,QUALITY_HISTORY_INSUFFICIENT | STATE_HISTORY_INSUFFICIENT | HISTORICAL_VALUATION_NORMAL | SIMPLIFIED_DCF_AVAILABLE | MOPS_SINGLE_ELIGIBLE_FILING,MOPS_EXACT,5d129465ea1065bff79fc4c8139687aed6a577d8fa6b3f3d9102a275c5f5bde7,True
2301,2017-12-31,2018-02-27T19:48:26+08:00,2018-02-27,2018-03-01,UNKNOWN,UNKNOWN,UNKNOWN,NORMAL,INSUFFICIENT,QUALITY_HISTORY_INSUFFICIENT | STATE_HISTORY_INSUFFICIENT | HISTORICAL_VALUATION_NORMAL | SIMPLIFIED_DCF_AVAILABLE | MOPS_CONSOLIDATED_PREFERRED_OVER_INDIVIDUAL,MOPS_EXACT,bd56e269cde7f859dc7f583557417cac5ff76ba868e5313bf5e29e367a41993f,True
2301,2018-03-31,2018-04-27T18:43:00+08:00,2018-04-27,2018-04-30,UNKNOWN,UNKNOWN,UNKNOWN,NORMAL,INSUFFICIENT,QUALITY_HISTORY_INSUFFICIENT | STATE_HISTORY_INSUFFICIENT | HISTORICAL_VALUATION_NORMAL | SIMPLIFIED_DCF_AVAILABLE | MOPS_SINGLE_ELIGIBLE_FILING,MOPS_EXACT,da83698e205a2a8a0f8a3849768bf884883e7d9cabd772e76886084c1bb98e46,True
2301,2018-06-30,2018-08-13T22:31:21+08:00,2018-08-13,2018-08-14,UNKNOWN,UNKNOWN,UNKNOWN,NORMAL,INSUFFICIENT,QUALITY_HISTORY_INSUFFICIENT | STATE_HISTORY_INSUFFICIENT | HISTORICAL_VALUATION_NORMAL | SIMPLIFIED_DCF_AVAILABLE | MOPS_SINGLE_ELIGIBLE_FILING,MOPS_EXACT,545a4f0e2d336162c1b2d8fe177a4600ff2591a96bedd604da8d190ef543da78,True
2301,2018-09-30,2018-10-30T17:54:34+08:00,2018-10-30,2018-10-31,UNKNOWN,IMPROVING,BOTTOMING,NORMAL,INSUFFICIENT,QUALITY_HISTORY_INSUFFICIENT | REVENUE_CONTRACTION_NARROWING | RECOVERY_CORROBORATED | HISTORICAL_VALUATION_NORMAL | SIMPLIFIED_DCF_AVAILABLE | MOPS_SINGLE_ELIGIBLE_FILING,MOPS_EXACT,7c8dfb51b0a85039360d7660ce8d6158d00b81225a7cbaec76fced7445d94031,True
2301,2018-12-31,2019-02-27T17:40:24+08:00,2019-02-27,2019-03-04,UNKNOWN,IMPROVING,BOTTOMING,NORMAL,INSUFFICIENT,METRIC_COVERAGE_INSUFFICIENT_TTM_REVENUE | METRIC_COVERAGE_INSUFFICIENT_TTM_EPS | METRIC_COVERAGE_INSUFFICIENT_ROE | METRIC_COVERAGE_INSUFFICIENT_ROIC | REVENUE_CONTRACTION_NARROWING | RECOVERY_CORROBORATED | HISTORICAL_VALUATION_NORMAL | SIMPLIFIED_DCF_AVAILABLE | MOPS_CONSOLIDATED_PREFERRED_OVER_INDIVIDUAL,MOPS_EXACT,89d194aece86cd24e29b50a5cc8fd8c56bf852247e849f1781a7e2e4aa7e3ab3,True
2301,2019-03-31,2019-04-29T16:50:02+08:00,2019-04-29,2019-04-30,UNKNOWN,UNKNOWN,UNKNOWN,NORMAL,INSUFFICIENT,METRIC_COVERAGE_INSUFFICIENT_TTM_REVENUE | METRIC_COVERAGE_INSUFFICIENT_TTM_EPS | METRIC_COVERAGE_INSUFFICIENT_ROE | METRIC_COVERAGE_INSUFFICIENT_ROIC | MIXED_FUNDAMENTAL_DIRECTION | HISTORICAL_VALUATION_NORMAL | SIMPLIFIED_DCF_AVAILABLE | MOPS_SINGLE_ELIGIBLE_FILING,MOPS_EXACT,e3cff16b9b013f83947031d4956827ae1886f50910d28f434edb65889ed2b40c,True
2301,2019-06-30,2019-07-31T18:49:49+08:00,2019-07-31,2019-08-01,UNKNOWN,UNKNOWN,UNKNOWN,NORMAL,INSUFFICIENT,METRIC_COVERAGE_INSUFFICIENT_TTM_REVENUE | METRIC_COVERAGE_INSUFFICIENT_TTM_EPS | METRIC_COVERAGE_INSUFFICIENT_ROE | METRIC_COVERAGE_INSUFFICIENT_ROIC | MIXED_FUNDAMENTAL_DIRECTION | HISTORICAL_VALUATION_NORMAL | SIMPLIFIED_DCF_AVAILABLE | MOPS_SINGLE_ELIGIBLE_FILING,MOPS_EXACT,a586a729d32bb36e24bad5314397a4789a624537564dbd2dcbc30a5db115d506,True
2301,2019-09-30,2019-11-04T17:49:50+08:00,2019-11-04,2019-11-05,UNKNOWN,DETERIORATING,DETERIORATING,NORMAL,INSUFFICIENT,METRIC_COVERAGE_INSUFFICIENT_ROE | METRIC_COVERAGE_INSUFFICIENT_ROIC | DETERIORATION_CORROBORATED | HISTORICAL_VALUATION_NORMAL | SIMPLIFIED_DCF_AVAILABLE | MOPS_SINGLE_ELIGIBLE_FILING,MOPS_EXACT,8221e315c9761449db295990eb19458bbfaf461687ddcfbdd4cd0a5f83d966cb,True
2301,2019-12-31,2020-02-26T19:21:47+08:00,2020-02-26,2020-02-27,ACCEPTABLE,DETERIORATING,DETERIORATING,LOW,OK,PROFITABILITY_DURABLE | GROWTH_DURABLE_NOT_ESTABLISHED | CASH_CONVERSION_SUPPORTED | BALANCE_SHEET_RESILIENT | INTEREST_COVERAGE_SUPPORTED | DETERIORATION_CORROBORATED | HISTORICAL_VALUATION_LOW | SIMPLIFIED_DCF_AVAILABLE | MOPS_CONSOLIDATED_PREFERRED_OVER_INDIVIDUAL,MOPS_EXACT,e7c7adc3dbe17eebd5749422e9f43abaee9982d60db7adc71bf3f91f84a120c1,True
2301,2020-03-31,2020-04-29T18:32:54+08:00,2020-04-29,2020-04-30,ACCEPTABLE,DETERIORATING,DETERIORATING,LOW,OK,PROFITABILITY_DURABLE | GROWTH_DURABLE_NOT_ESTABLISHED | CASH_CONVERSION_SUPPORTED | BALANCE_SHEET_RESILIENT | INTEREST_COVERAGE_SUPPORTED | DETERIORATION_CORROBORATED | HISTORICAL_VALUATION_LOW | SIMPLIFIED_DCF_AVAILABLE | MOPS_SINGLE_ELIGIBLE_FILING,MOPS_EXACT,679964fed874a6261ab96574bc34fb917b4323f822cc86873bda252cd672f8a1,True
2301,2020-06-30,2020-07-30T17:48:38+08:00,2020-07-30,2020-07-31,ACCEPTABLE,UNKNOWN,UNKNOWN,LOW,OK,PROFITABILITY_DURABLE | GROWTH_DURABLE_NOT_ESTABLISHED | CASH_CONVERSION_SUPPORTED | BALANCE_SHEET_RESILIENT | INTEREST_COVERAGE_SUPPORTED | MIXED_FUNDAMENTAL_DIRECTION | HISTORICAL_VALUATION_LOW | SIMPLIFIED_DCF_AVAILABLE | MOPS_SINGLE_ELIGIBLE_FILING,MOPS_EXACT,5e60a0db3b6a0fe7178e30058d47f6d393d71f2f1cf38ce4316e0d21d37d4d23,True
2301,2020-09-30,2020-10-30T17:45:57+08:00,2020-10-30,2020-11-02,ACCEPTABLE,UNKNOWN,UNKNOWN,LOW,OK,PROFITABILITY_DURABLE | GROWTH_DURABLE_NOT_ESTABLISHED | CASH_CONVERSION_SUPPORTED | BALANCE_SHEET_RESILIENT | INTEREST_COVERAGE_SUPPORTED | MIXED_FUNDAMENTAL_DIRECTION | HISTORICAL_VALUATION_LOW | SIMPLIFIED_DCF_AVAILABLE | MOPS_SINGLE_ELIGIBLE_FILING,MOPS_EXACT,f705fbf399651e4a311168ffca0323bd58f297e45ea5df57a5e25a0539051499,True
2301,2020-12-31,2021-02-25T19:50:07+08:00,2021-02-25,2021-02-26,ACCEPTABLE,UNKNOWN,UNKNOWN,NORMAL,OK,PROFITABILITY_DURABLE | GROWTH_DURABLE_NOT_ESTABLISHED | CASH_CONVERSION_SUPPORTED | BALANCE_SHEET_RESILIENT | INTEREST_COVERAGE_SUPPORTED | MIXED_FUNDAMENTAL_DIRECTION | HISTORICAL_VALUATION_NORMAL | SIMPLIFIED_DCF_AVAILABLE | MOPS_CONSOLIDATED_PREFERRED_OVER_INDIVIDUAL,MOPS_EXACT,91ff765cc5f982bc454b1bbfe94208d124e89ad301d687ea70c3c5ac7d41392b,True
2301,2021-03-31,2021-04-29T17:39:45+08:00,2021-04-29,2021-05-03,ACCEPTABLE,IMPROVING,BOTTOMING,LOW,OK,PROFITABILITY_DURABLE | GROWTH_DURABLE_NOT_ESTABLISHED | CASH_CONVERSION_SUPPORTED | BALANCE_SHEET_RESILIENT | INTEREST_COVERAGE_SUPPORTED | REVENUE_CONTRACTION_NARROWING | RECOVERY_CORROBORATED | HISTORICAL_VALUATION_LOW | SIMPLIFIED_DCF_AVAILABLE | MOPS_SINGLE_ELIGIBLE_FILING,MOPS_EXACT,4bf03fa200441fac4f44526fb50cf6af7e553a16c7bb2732e0072a323e678d81,True
2301,2021-06-30,2021-07-29T17:45:11+08:00,2021-07-29,2021-07-30,ACCEPTABLE,IMPROVING,BOTTOMING,LOW,OK,PROFITABILITY_DURABLE | GROWTH_DURABLE_NOT_ESTABLISHED | CASH_CONVERSION_SUPPORTED | BALANCE_SHEET_RESILIENT | INTEREST_COVERAGE_SUPPORTED | REVENUE_CONTRACTION_NARROWING | RECOVERY_CORROBORATED | HISTORICAL_VALUATION_LOW | SIMPLIFIED_DCF_AVAILABLE | MOPS_SINGLE_ELIGIBLE_FILING,MOPS_EXACT,3947bc34fb5497578a78e9ae4c1d4a99110c93cb181184496fb5f0140d15338d,True
2301,2021-09-30,2021-10-28T18:01:51+08:00,2021-10-28,2021-10-29,ACCEPTABLE,IMPROVING,TURNING_UP,LOW,OK,PROFITABILITY_DURABLE | GROWTH_DURABLE_NOT_ESTABLISHED | CASH_CONVERSION_SUPPORTED | BALANCE_SHEET_RESILIENT | INTEREST_COVERAGE_SUPPORTED | EARLY_REVENUE_RECOVERY | RECOVERY_CORROBORATED | HISTORICAL_VALUATION_LOW | SIMPLIFIED_DCF_AVAILABLE | MOPS_SINGLE_ELIGIBLE_FILING,MOPS_EXACT,28eefc44279c54bdbb816bd479703b3068ec41f1937e30d3fe711428995976ba,True
2301,2021-12-31,2022-02-24T19:50:37+08:00,2022-02-24,2022-02-25,ACCEPTABLE,IMPROVING,TURNING_UP,NORMAL,OK,PROFITABILITY_DURABLE | GROWTH_DURABLE_NOT_ESTABLISHED | CASH_CONVERSION_SUPPORTED | BALANCE_SHEET_RESILIENT | INTEREST_COVERAGE_SUPPORTED | EARLY_REVENUE_RECOVERY | RECOVERY_CORROBORATED | HISTORICAL_VALUATION_NORMAL | SIMPLIFIED_DCF_AVAILABLE | MOPS_CONSOLIDATED_PREFERRED_OVER_INDIVIDUAL,MOPS_EXACT,cea51e7a46e2f928beb6ccf8c2b70956e740f019452c1332495fe4f12162a442,True
2301,2022-03-31,2022-04-28T17:48:38+08:00,2022-04-28,2022-04-29,ACCEPTABLE,UNKNOWN,UNKNOWN,NORMAL,OK,PROFITABILITY_DURABLE | GROWTH_DURABLE_NOT_ESTABLISHED | CASH_CONVERSION_SUPPORTED | BALANCE_SHEET_RESILIENT | INTEREST_COVERAGE_SUPPORTED | MIXED_FUNDAMENTAL_DIRECTION | HISTORICAL_VALUATION_NORMAL | SIMPLIFIED_DCF_AVAILABLE | MOPS_SINGLE_ELIGIBLE_FILING,MOPS_EXACT,eb9b39a6f6a145fa2ba8b327a25623705d889185194ffdaa6475d7129b490c93,True
2301,2022-06-30,2022-07-28T18:20:48+08:00,2022-07-28,2022-07-29,ACCEPTABLE,UNKNOWN,UNKNOWN,NORMAL,OK,PROFITABILITY_DURABLE | GROWTH_DURABLE_NOT_ESTABLISHED | CASH_CONVERSION_SUPPORTED | BALANCE_SHEET_RESILIENT | INTEREST_COVERAGE_SUPPORTED | MIXED_FUNDAMENTAL_DIRECTION | HISTORICAL_VALUATION_NORMAL | SIMPLIFIED_DCF_AVAILABLE | MOPS_SINGLE_ELIGIBLE_FILING,MOPS_EXACT,fc5e00e25d7c742624f1ef467a4c81629c973456b8c0efb5788018ee8218c8b7,True
2301,2022-09-30,2022-10-28T18:15:38+08:00,2022-10-28,2022-10-31,ACCEPTABLE,IMPROVING,TURNING_UP,NORMAL,OK,PROFITABILITY_DURABLE | GROWTH_DURABLE_NOT_ESTABLISHED | CASH_CONVERSION_SUPPORTED | BALANCE_SHEET_RESILIENT | INTEREST_COVERAGE_SUPPORTED | EARLY_REVENUE_RECOVERY | RECOVERY_CORROBORATED | HISTORICAL_VALUATION_NORMAL | SIMPLIFIED_DCF_AVAILABLE | MOPS_SINGLE_ELIGIBLE_FILING,MOPS_EXACT,caf3768b438ebd8009a2d2a8b2dae808d7057b45760f48f3d6ecf7e92b9c00d1,True
2301,2022-12-31,2023-02-23T18:17:29+08:00,2023-02-23,2023-02-24,ACCEPTABLE,UNKNOWN,UNKNOWN,NORMAL,OK,PROFITABILITY_DURABLE | GROWTH_DURABLE_NOT_ESTABLISHED | CASH_CONVERSION_SUPPORTED | BALANCE_SHEET_RESILIENT | INTEREST_COVERAGE_SUPPORTED | MIXED_FUNDAMENTAL_DIRECTION | HISTORICAL_VALUATION_NORMAL | SIMPLIFIED_DCF_AVAILABLE | MOPS_CONSOLIDATED_PREFERRED_OVER_INDIVIDUAL,MOPS_EXACT,91ead09aad1238edd7f40e543e7e23c65e8366e41127b40101f7df3dc1997dda,True
2301,2023-03-31,2023-04-27T18:07:51+08:00,2023-04-27,2023-04-28,ACCEPTABLE,UNKNOWN,UNKNOWN,NORMAL,OK,PROFITABILITY_DURABLE | GROWTH_DURABLE_NOT_ESTABLISHED | CASH_CONVERSION_SUPPORTED | BALANCE_SHEET_RESILIENT | INTEREST_COVERAGE_SUPPORTED | MIXED_FUNDAMENTAL_DIRECTION | HISTORICAL_VALUATION_NORMAL | SIMPLIFIED_DCF_AVAILABLE | MOPS_SINGLE_ELIGIBLE_FILING,MOPS_EXACT,1d48b4a567163417dde31892fa97e251adc1f9224de2cf88775901cd6ad79e8c,True
2301,2023-06-30,2023-07-28T17:36:48+08:00,2023-07-28,2023-07-31,ACCEPTABLE,UNKNOWN,UNKNOWN,HIGH,OK,PROFITABILITY_DURABLE | GROWTH_DURABLE_NOT_ESTABLISHED | CASH_CONVERSION_SUPPORTED | BALANCE_SHEET_RESILIENT | INTEREST_COVERAGE_SUPPORTED | MIXED_FUNDAMENTAL_DIRECTION | HISTORICAL_VALUATION_HIGH | SIMPLIFIED_DCF_AVAILABLE | MOPS_SINGLE_ELIGIBLE_FILING,MOPS_EXACT,2a689174eee2258d620b74f5b2854e041d6bd5f267e96692fc507059b4d683ad,True
2301,2023-09-30,2023-10-30T17:58:21+08:00,2023-10-30,2023-10-31,ACCEPTABLE,DETERIORATING,DETERIORATING,HIGH,OK,PROFITABILITY_DURABLE | GROWTH_DURABLE_NOT_ESTABLISHED | CASH_CONVERSION_SUPPORTED | BALANCE_SHEET_RESILIENT | INTEREST_COVERAGE_SUPPORTED | DETERIORATION_CORROBORATED | HISTORICAL_VALUATION_HIGH | SIMPLIFIED_DCF_AVAILABLE | MOPS_SINGLE_ELIGIBLE_FILING,MOPS_EXACT,74c8116ff94aff860b3da5bc6b86d1c088d6b5c0dc194a5b5d86f3ea57d867e3,True
2301,2023-12-31,2024-02-28T17:52:17+08:00,2024-02-28,2024-02-29,ACCEPTABLE,DETERIORATING,DETERIORATING,HIGH,OK,PROFITABILITY_DURABLE | GROWTH_DURABLE_NOT_ESTABLISHED | CASH_CONVERSION_SUPPORTED | BALANCE_SHEET_RESILIENT | INTEREST_COVERAGE_SUPPORTED | DETERIORATION_CORROBORATED | HISTORICAL_VALUATION_HIGH | SIMPLIFIED_DCF_AVAILABLE | MOPS_CONSOLIDATED_PREFERRED_OVER_INDIVIDUAL,MOPS_EXACT,b82a859ae001a1a68f22ba30238e248c3e459e79a10087c5f81685189b89c2a7,True
2301,2024-03-31,2024-04-30T19:07:17+08:00,2024-04-30,2024-05-02,ACCEPTABLE,UNKNOWN,UNKNOWN,HIGH,OK,PROFITABILITY_DURABLE | GROWTH_DURABLE_NOT_ESTABLISHED | CASH_CONVERSION_SUPPORTED | BALANCE_SHEET_RESILIENT | INTEREST_COVERAGE_SUPPORTED | MIXED_FUNDAMENTAL_DIRECTION | HISTORICAL_VALUATION_HIGH | SIMPLIFIED_DCF_AVAILABLE | MOPS_SINGLE_ELIGIBLE_FILING,MOPS_EXACT,309931a094ad9ff80ceb1325d58af57550902e7739fa753d192809aa544fbd89,True
2301,2024-06-30,2024-07-31T18:35:51+08:00,2024-07-31,2024-08-01,ACCEPTABLE,UNKNOWN,UNKNOWN,HIGH,OK,PROFITABILITY_DURABLE | GROWTH_DURABLE_NOT_ESTABLISHED | CASH_CONVERSION_SUPPORTED | BALANCE_SHEET_RESILIENT | INTEREST_COVERAGE_SUPPORTED | MIXED_FUNDAMENTAL_DIRECTION | HISTORICAL_VALUATION_HIGH | SIMPLIFIED_DCF_AVAILABLE | MOPS_SINGLE_ELIGIBLE_FILING,MOPS_EXACT,695c959360e907155a302a7fef10421c82c0216930e032ff5acb16d110d79b52,True
2301,2024-09-30,2024-10-30T18:32:32+08:00,2024-10-30,2024-11-01,ACCEPTABLE,UNKNOWN,UNKNOWN,HIGH,OK,PROFITABILITY_DURABLE | GROWTH_DURABLE_NOT_ESTABLISHED | CASH_CONVERSION_SUPPORTED | BALANCE_SHEET_RESILIENT | INTEREST_COVERAGE_SUPPORTED | MIXED_FUNDAMENTAL_DIRECTION | HISTORICAL_VALUATION_HIGH | SIMPLIFIED_DCF_AVAILABLE | MOPS_SINGLE_ELIGIBLE_FILING,MOPS_EXACT,3d6c34e760a09de21c919c49024fc7e097b0944f070c56d4aa71d6897fb60565,True
2301,2024-12-31,2025-02-27T19:16:23+08:00,2025-02-27,2025-03-03,ACCEPTABLE,UNKNOWN,UNKNOWN,HIGH,OK,PROFITABILITY_DURABLE | GROWTH_DURABLE_NOT_ESTABLISHED | CASH_CONVERSION_SUPPORTED | BALANCE_SHEET_RESILIENT | INTEREST_COVERAGE_SUPPORTED | MIXED_FUNDAMENTAL_DIRECTION | HISTORICAL_VALUATION_HIGH | SIMPLIFIED_DCF_AVAILABLE | MOPS_CONSOLIDATED_PREFERRED_OVER_INDIVIDUAL,MOPS_EXACT,d98f07be646006c3e55e680d51f1f0885f80f229d397182721cbbb3a2eea6eb9,True
2301,2025-03-31,2025-04-30T18:58:21+08:00,2025-04-30,2025-05-02,ACCEPTABLE,IMPROVING,TURNING_UP,HIGH,PARTIAL,PROFITABILITY_DURABLE | GROWTH_DURABLE_NOT_ESTABLISHED | CASH_CONVERSION_SUPPORTED | BALANCE_SHEET_RESILIENT | INTEREST_COVERAGE_SUPPORTED | EARLY_REVENUE_RECOVERY | RECOVERY_CORROBORATED | HISTORICAL_VALUATION_HIGH | SIMPLIFIED_DCF_AVAILABLE | MOPS_SINGLE_ELIGIBLE_FILING,MOPS_EXACT,887228050f049e29b0a562b7edb8e059f88bb05bc105b89a78e003d72246ec46,True
2301,2025-06-30,2025-07-31T14:58:59+08:00,2025-07-31,2025-08-01,ACCEPTABLE,IMPROVING,TURNING_UP,HIGH,OK,PROFITABILITY_DURABLE | GROWTH_DURABLE_NOT_ESTABLISHED | CASH_CONVERSION_SUPPORTED | BALANCE_SHEET_RESILIENT | INTEREST_COVERAGE_SUPPORTED | EARLY_REVENUE_RECOVERY | RECOVERY_CORROBORATED | HISTORICAL_VALUATION_HIGH | SIMPLIFIED_DCF_AVAILABLE | MOPS_SINGLE_ELIGIBLE_FILING,MOPS_EXACT,824fdd9bbefa875262337f21ddbe710bc9b5363c7d7f9f389ca5f980b4e3d92c,True
2301,2025-09-30,2025-10-31T17:01:11+08:00,2025-10-31,2025-11-03,ACCEPTABLE,IMPROVING,TURNING_UP,HIGH,OK,PROFITABILITY_DURABLE | GROWTH_DURABLE_NOT_ESTABLISHED | CASH_CONVERSION_SUPPORTED | BALANCE_SHEET_RESILIENT | INTEREST_COVERAGE_SUPPORTED | EARLY_REVENUE_RECOVERY | RECOVERY_CORROBORATED | HISTORICAL_VALUATION_HIGH | SIMPLIFIED_DCF_AVAILABLE | MOPS_SINGLE_ELIGIBLE_FILING,MOPS_EXACT,0873c28d93c7158aee7dea083395ba86dc51a95273036ff9321fe023f2b7f766,True
2301,2025-12-31,2026-02-26T18:22:34+08:00,2026-02-26,2026-03-02,ACCEPTABLE,IMPROVING,TURNING_UP,HIGH,OK,PROFITABILITY_DURABLE | GROWTH_DURABLE_NOT_ESTABLISHED | CASH_CONVERSION_SUPPORTED | BALANCE_SHEET_RESILIENT | INTEREST_COVERAGE_SUPPORTED | EARLY_REVENUE_RECOVERY | RECOVERY_CORROBORATED | HISTORICAL_VALUATION_HIGH | SIMPLIFIED_DCF_AVAILABLE | MOPS_CONSOLIDATED_PREFERRED_OVER_INDIVIDUAL,MOPS_EXACT,3eb24afce34b3c46cb119b6883d065fe3c9aa10ba7c5a477ac638ba88d7bbe8b,True
2301,2026-03-31,2026-04-30T15:19:15+08:00,2026-04-30,2026-05-04,GOOD,STABLE,CONFIRMED_GROWTH,HIGH,PARTIAL,PROFITABILITY_DURABLE | GROWTH_DURABLE | CASH_CONVERSION_SUPPORTED | BALANCE_SHEET_RESILIENT | INTEREST_COVERAGE_SUPPORTED | GROWTH_CONFIRMED_THREE_PERIODS | HISTORICAL_VALUATION_HIGH | SIMPLIFIED_DCF_NOT_APPLICABLE | MOPS_SINGLE_ELIGIBLE_FILING,MOPS_EXACT,8440eede2c6a3828c15faf1bbf3da1968380ac847a358c0fd69e7ff1bb0713e6,True
2301,2026-06-30,2026-07-31T19:27:54+08:00,2026-07-31,2026-08-03,GOOD,STABLE,CONFIRMED_GROWTH,HIGH,PARTIAL,PROFITABILITY_DURABLE | GROWTH_DURABLE | CASH_CONVERSION_SUPPORTED | BALANCE_SHEET_RESILIENT | INTEREST_COVERAGE_SUPPORTED | GROWTH_CONFIRMED_THREE_PERIODS | HISTORICAL_VALUATION_HIGH | SIMPLIFIED_DCF_NOT_APPLICABLE | MOPS_SINGLE_ELIGIBLE_FILING,MOPS_EXACT,36c14fe8c81006b9d62a3c303a30a2d9e2f52b7cbefd914f4c6ca57573dbf1b1,True
2303,2016-03-31,2016-04-29T17:12:41+08:00,2016-04-29,2016-05-03,UNKNOWN,UNKNOWN,UNKNOWN,N/M,INSUFFICIENT,QUALITY_HISTORY_INSUFFICIENT | STATE_HISTORY_INSUFFICIENT | VALUATION_HISTORY_INSUFFICIENT | SIMPLIFIED_DCF_NOT_APPLICABLE | MOPS_SINGLE_ELIGIBLE_FILING,MOPS_EXACT,10cbfe194e03c586da90e03db55e29df47159085ed371493df41d7c3a91117ca,True
2303,2016-06-30,2016-07-29T15:17:38+08:00,2016-07-29,2016-08-01,UNKNOWN,UNKNOWN,UNKNOWN,NORMAL,INSUFFICIENT,QUALITY_HISTORY_INSUFFICIENT | STATE_HISTORY_INSUFFICIENT | HISTORICAL_VALUATION_NORMAL | SIMPLIFIED_DCF_NOT_APPLICABLE | MOPS_SINGLE_ELIGIBLE_FILING,MOPS_EXACT,e4024bbbf59730a42c352d53264873df5044947a55e61b69c98fb67be868d9d7,True
2303,2016-09-30,2016-10-27T16:52:29+08:00,2016-10-27,2016-10-28,UNKNOWN,UNKNOWN,UNKNOWN,NORMAL,INSUFFICIENT,QUALITY_HISTORY_INSUFFICIENT | STATE_HISTORY_INSUFFICIENT | HISTORICAL_VALUATION_NORMAL | SIMPLIFIED_DCF_NOT_APPLICABLE | MOPS_SINGLE_ELIGIBLE_FILING,MOPS_EXACT,08be5d8c7f0da34330400a71e1e83cad49198fb208bc4df6c3517bb0bc697048,True
2303,2016-12-31,2017-02-24T11:18:26+08:00,2017-02-24,2017-03-01,UNKNOWN,UNKNOWN,UNKNOWN,NORMAL,INSUFFICIENT,QUALITY_HISTORY_INSUFFICIENT | STATE_HISTORY_INSUFFICIENT | HISTORICAL_VALUATION_NORMAL | SIMPLIFIED_DCF_NOT_APPLICABLE | MOPS_CONSOLIDATED_PREFERRED_OVER_INDIVIDUAL,MOPS_EXACT,c3f10a689be89a80623bd2eb6580c733b6225f933278f6be245883b83c25d872,True
2303,2017-03-31,2017-05-04T18:15:05+08:00,2017-05-04,2017-05-05,UNKNOWN,UNKNOWN,UNKNOWN,HIGH,INSUFFICIENT,QUALITY_HISTORY_INSUFFICIENT | STATE_HISTORY_INSUFFICIENT | HISTORICAL_VALUATION_HIGH | SIMPLIFIED_DCF_NOT_APPLICABLE | MOPS_SINGLE_ELIGIBLE_FILING,MOPS_EXACT,07f387d1d2cb946bcae07d430cba7504d408615670817f0f68b1eaf1cbbbe3d2,True
2303,2017-06-30,2017-07-28T16:45:43+08:00,2017-07-28,2017-07-31,UNKNOWN,UNKNOWN,UNKNOWN,NORMAL,INSUFFICIENT,QUALITY_HISTORY_INSUFFICIENT | STATE_HISTORY_INSUFFICIENT | HISTORICAL_VALUATION_NORMAL | SIMPLIFIED_DCF_NOT_APPLICABLE | MOPS_SINGLE_ELIGIBLE_FILING,MOPS_EXACT,a5869cd992415a2f97d14ca7162f3cf19b740453e7abd65226ecfb73cff3c878,True
2303,2017-09-30,2017-10-27T15:05:38+08:00,2017-10-27,2017-10-30,UNKNOWN,UNKNOWN,UNKNOWN,HIGH,INSUFFICIENT,QUALITY_HISTORY_INSUFFICIENT | STATE_HISTORY_INSUFFICIENT | HISTORICAL_VALUATION_HIGH | SIMPLIFIED_DCF_NOT_APPLICABLE | MOPS_SINGLE_ELIGIBLE_FILING,MOPS_EXACT,884730d36568f43ec6859b7f8a27e46e67f9fc93e6e5daaeae431620977e6183,True
2303,2017-12-31,2018-03-09T17:23:15+08:00,2018-03-09,2018-03-12,UNKNOWN,UNKNOWN,UNKNOWN,NORMAL,INSUFFICIENT,QUALITY_HISTORY_INSUFFICIENT | STATE_HISTORY_INSUFFICIENT | HISTORICAL_VALUATION_NORMAL | SIMPLIFIED_DCF_AVAILABLE | MOPS_CONSOLIDATED_PREFERRED_OVER_INDIVIDUAL,MOPS_EXACT,04184b5f2b9e1a49241a30019827a251c4ad1692b7ab2e417db4feb9c5827215,True
2303,2018-03-31,2018-04-26T18:30:17+08:00,2018-04-26,2018-04-27,UNKNOWN,UNKNOWN,UNKNOWN,HIGH,INSUFFICIENT,QUALITY_HISTORY_INSUFFICIENT | STATE_HISTORY_INSUFFICIENT | HISTORICAL_VALUATION_HIGH | SIMPLIFIED_DCF_AVAILABLE | MOPS_SINGLE_ELIGIBLE_FILING,MOPS_EXACT,599275cd2848d89082e008cfeb0f1f806ff8bfeb231a731c32a39959eeaacc37,True
2303,2018-06-30,2018-07-27T16:30:56+08:00,2018-07-27,2018-07-30,UNKNOWN,UNKNOWN,UNKNOWN,NORMAL,INSUFFICIENT,QUALITY_HISTORY_INSUFFICIENT | STATE_HISTORY_INSUFFICIENT | HISTORICAL_VALUATION_NORMAL | SIMPLIFIED_DCF_AVAILABLE | MOPS_SINGLE_ELIGIBLE_FILING,MOPS_EXACT,a30a6c2e573962bac3dbc33a644e433d88b91cf920a0c06abf3abd2625a06e3a,True
2303,2018-09-30,2018-10-24T18:05:09+08:00,2018-10-24,2018-10-25,UNKNOWN,UNKNOWN,UNKNOWN,LOW,INSUFFICIENT,QUALITY_HISTORY_INSUFFICIENT | MIXED_FUNDAMENTAL_DIRECTION | HISTORICAL_VALUATION_LOW | SIMPLIFIED_DCF_AVAILABLE | MOPS_SINGLE_ELIGIBLE_FILING,MOPS_EXACT,64c854d088e7ca01de2eb61d7180332d59b390be9209c433d3909463b9e014ff,True
2303,2018-12-31,2019-03-08T16:14:31+08:00,2019-03-08,2019-03-11,UNKNOWN,UNKNOWN,UNKNOWN,NORMAL,INSUFFICIENT,METRIC_COVERAGE_INSUFFICIENT_TTM_REVENUE | METRIC_COVERAGE_INSUFFICIENT_TTM_EPS | METRIC_COVERAGE_INSUFFICIENT_ROE | METRIC_COVERAGE_INSUFFICIENT_ROIC | MIXED_FUNDAMENTAL_DIRECTION | HISTORICAL_VALUATION_NORMAL | SIMPLIFIED_DCF_AVAILABLE | MOPS_CONSOLIDATED_PREFERRED_OVER_INDIVIDUAL,MOPS_EXACT,5451cc10f820c15e88e19ed6511115dc67d9cb8345b3ad277796e0f7c5993a7c,True
2303,2019-03-31,2019-04-30T15:17:35+08:00,2019-04-30,2019-05-02,UNKNOWN,UNKNOWN,UNKNOWN,NORMAL,INSUFFICIENT,METRIC_COVERAGE_INSUFFICIENT_TTM_REVENUE | METRIC_COVERAGE_INSUFFICIENT_TTM_EPS | METRIC_COVERAGE_INSUFFICIENT_ROE | METRIC_COVERAGE_INSUFFICIENT_ROIC | MIXED_FUNDAMENTAL_DIRECTION | HISTORICAL_VALUATION_NORMAL | SIMPLIFIED_DCF_NOT_APPLICABLE | MOPS_SINGLE_ELIGIBLE_FILING,MOPS_EXACT,b3459b687e57e3f02d8d308dd1045ac9b9773c8899c3475cbd1dbbf656366d53,True
2303,2019-06-30,2019-07-24T18:02:26+08:00,2019-07-24,2019-07-25,UNKNOWN,DETERIORATING,DETERIORATING,NORMAL,INSUFFICIENT,METRIC_COVERAGE_INSUFFICIENT_TTM_REVENUE | METRIC_COVERAGE_INSUFFICIENT_TTM_EPS | METRIC_COVERAGE_INSUFFICIENT_ROE | METRIC_COVERAGE_INSUFFICIENT_ROIC | DETERIORATION_CORROBORATED | HISTORICAL_VALUATION_NORMAL | SIMPLIFIED_DCF_NOT_APPLICABLE | MOPS_SINGLE_ELIGIBLE_FILING,MOPS_EXACT,ffaede5e5bddd67186a8078152ccfb7941130878776a60bee7a59053993a09d7,True
2303,2019-09-30,2019-10-30T17:28:26+08:00,2019-10-30,2019-10-31,UNKNOWN,DETERIORATING,DETERIORATING,HIGH,INSUFFICIENT,METRIC_COVERAGE_INSUFFICIENT_ROE | METRIC_COVERAGE_INSUFFICIENT_ROIC | DETERIORATION_CORROBORATED | HISTORICAL_VALUATION_HIGH | SIMPLIFIED_DCF_NOT_APPLICABLE | MOPS_SINGLE_ELIGIBLE_FILING,MOPS_EXACT,d0722ba7793d09a112a4122b11f668efc629965c2532a615c07895ce85f4bb58,True
2303,2019-12-31,2020-02-26T16:53:14+08:00,2020-02-26,2020-02-27,WEAK,UNKNOWN,UNKNOWN,HIGH,OK,PROFITABILITY_DURABLE_NOT_ESTABLISHED | GROWTH_DURABLE | CASH_CONVERSION_SUPPORTED_NOT_ESTABLISHED | BALANCE_SHEET_RESILIENT | INTEREST_COVERAGE_SUPPORTED | MIXED_FUNDAMENTAL_DIRECTION | HISTORICAL_VALUATION_HIGH | SIMPLIFIED_DCF_AVAILABLE | MOPS_CONSOLIDATED_PREFERRED_OVER_INDIVIDUAL,MOPS_EXACT,666c6c4c658b8711064c484eefa04a3acf7439a7c57c246c96906c3cb0b9b7a8,True
2303,2020-03-31,2020-04-27T17:52:45+08:00,2020-04-27,2020-04-28,WEAK,IMPROVING,TURNING_UP,NORMAL,OK,PROFITABILITY_DURABLE_NOT_ESTABLISHED | GROWTH_DURABLE | CASH_CONVERSION_SUPPORTED | BALANCE_SHEET_RESILIENT | INTEREST_COVERAGE_SUPPORTED | EARLY_REVENUE_RECOVERY | RECOVERY_CORROBORATED | HISTORICAL_VALUATION_NORMAL | SIMPLIFIED_DCF_AVAILABLE | MOPS_SINGLE_ELIGIBLE_FILING,MOPS_EXACT,ba3f9941713851ebe4c94183a8c8d81d141cfa6fcfa0deaf77b69c632aa66d16,True
2303,2020-06-30,2020-07-29T18:09:09+08:00,2020-07-29,2020-07-30,WEAK,IMPROVING,TURNING_UP,HIGH,OK,PROFITABILITY_DURABLE_NOT_ESTABLISHED | GROWTH_DURABLE | CASH_CONVERSION_SUPPORTED | BALANCE_SHEET_RESILIENT | INTEREST_COVERAGE_SUPPORTED | EARLY_REVENUE_RECOVERY | RECOVERY_CORROBORATED | HISTORICAL_VALUATION_HIGH | SIMPLIFIED_DCF_AVAILABLE | MOPS_SINGLE_ELIGIBLE_FILING,MOPS_EXACT,4b1f65b449d2c238280b859885829bec46d64d7c9721742292cf1124255c737b,True
2303,2020-09-30,2020-10-29T16:55:41+08:00,2020-10-29,2020-10-30,WEAK,IMPROVING,TURNING_UP,NORMAL,OK,PROFITABILITY_DURABLE_NOT_ESTABLISHED | GROWTH_DURABLE | CASH_CONVERSION_SUPPORTED | BALANCE_SHEET_RESILIENT | INTEREST_COVERAGE_SUPPORTED | EARLY_REVENUE_RECOVERY | RECOVERY_CORROBORATED | HISTORICAL_VALUATION_NORMAL | SIMPLIFIED_DCF_AVAILABLE | MOPS_SINGLE_ELIGIBLE_FILING,MOPS_EXACT,122d2b35a2fafee9edcf04209c8491e2914dd33c9ff8b2f67a87966a06bc6cf0,True
2303,2020-12-31,2021-02-24T17:19:43+08:00,2021-02-24,2021-02-25,WEAK,STABLE,CONFIRMED_GROWTH,HIGH,OK,PROFITABILITY_DURABLE_NOT_ESTABLISHED | GROWTH_DURABLE | CASH_CONVERSION_SUPPORTED | BALANCE_SHEET_RESILIENT | INTEREST_COVERAGE_SUPPORTED | GROWTH_CONFIRMED_THREE_PERIODS | HISTORICAL_VALUATION_HIGH | SIMPLIFIED_DCF_AVAILABLE | MOPS_CONSOLIDATED_PREFERRED_OVER_INDIVIDUAL,MOPS_EXACT,5da82f0fcf1cafdfff174a5ed483f5d77179c56c17ba3976c32a7d3af54fc093,True
2303,2021-03-31,2021-04-28T17:08:42+08:00,2021-04-28,2021-04-29,WEAK,STABLE,CONFIRMED_GROWTH,HIGH,OK,PROFITABILITY_DURABLE_NOT_ESTABLISHED | GROWTH_DURABLE | CASH_CONVERSION_SUPPORTED | BALANCE_SHEET_RESILIENT | INTEREST_COVERAGE_SUPPORTED | GROWTH_CONFIRMED_THREE_PERIODS | HISTORICAL_VALUATION_HIGH | SIMPLIFIED_DCF_AVAILABLE | MOPS_SINGLE_ELIGIBLE_FILING,MOPS_EXACT,9d9ba217ea035056d2039124e76bc6acf8bf3543a50a4d2f94cb78f6f151e58c,True
2303,2021-06-30,2021-07-28T17:58:57+08:00,2021-07-28,2021-07-29,WEAK,STABLE,CONFIRMED_GROWTH,NORMAL,OK,PROFITABILITY_DURABLE_NOT_ESTABLISHED | GROWTH_DURABLE | CASH_CONVERSION_SUPPORTED | BALANCE_SHEET_RESILIENT | INTEREST_COVERAGE_SUPPORTED | GROWTH_CONFIRMED_THREE_PERIODS | HISTORICAL_VALUATION_NORMAL | SIMPLIFIED_DCF_AVAILABLE | MOPS_SINGLE_ELIGIBLE_FILING,MOPS_EXACT,99ad15f2b05ff0054ff5fd425faaf61968aedd3617cdbe871f4d4b00c8d5b2bd,True
2303,2021-09-30,2021-10-27T17:17:38+08:00,2021-10-27,2021-10-28,WEAK,STABLE,CONFIRMED_GROWTH,NORMAL,OK,PROFITABILITY_DURABLE_NOT_ESTABLISHED | GROWTH_DURABLE | CASH_CONVERSION_SUPPORTED | BALANCE_SHEET_RESILIENT | INTEREST_COVERAGE_SUPPORTED | GROWTH_CONFIRMED_THREE_PERIODS | HISTORICAL_VALUATION_NORMAL | SIMPLIFIED_DCF_AVAILABLE | MOPS_SINGLE_ELIGIBLE_FILING,MOPS_EXACT,0de7b4247110e8e58bb2ce639c58d5aff462f39aa629a57f8627aa4105684469,True
2303,2021-12-31,2022-02-24T17:20:17+08:00,2022-02-24,2022-02-25,WEAK,IMPROVING,TURNING_UP,LOW,OK,PROFITABILITY_DURABLE_NOT_ESTABLISHED | GROWTH_DURABLE | CASH_CONVERSION_SUPPORTED | BALANCE_SHEET_RESILIENT | INTEREST_COVERAGE_SUPPORTED | EARLY_REVENUE_RECOVERY | RECOVERY_CORROBORATED | HISTORICAL_VALUATION_LOW | SIMPLIFIED_DCF_AVAILABLE | MOPS_CONSOLIDATED_PREFERRED_OVER_INDIVIDUAL,MOPS_EXACT,8937e944b7eb5ce10fe9d6225c7903459a029b4977dad1423d08d0fe803932f0,True
2303,2022-03-31,2022-04-27T17:11:56+08:00,2022-04-27,2022-04-28,WEAK,IMPROVING,TURNING_UP,LOW,OK,PROFITABILITY_DURABLE_NOT_ESTABLISHED | GROWTH_DURABLE | CASH_CONVERSION_SUPPORTED | BALANCE_SHEET_RESILIENT | INTEREST_COVERAGE_SUPPORTED | EARLY_REVENUE_RECOVERY | RECOVERY_CORROBORATED | HISTORICAL_VALUATION_LOW | SIMPLIFIED_DCF_AVAILABLE | MOPS_SINGLE_ELIGIBLE_FILING,MOPS_EXACT,8002d10620f61eb552879ed8cd4d54a67df12765673296df326397c828d734c4,True
2303,2022-06-30,2022-07-27T17:08:51+08:00,2022-07-27,2022-07-28,WEAK,IMPROVING,TURNING_UP,LOW,OK,PROFITABILITY_DURABLE_NOT_ESTABLISHED | GROWTH_DURABLE | CASH_CONVERSION_SUPPORTED | BALANCE_SHEET_RESILIENT | INTEREST_COVERAGE_SUPPORTED | EARLY_REVENUE_RECOVERY | RECOVERY_CORROBORATED | HISTORICAL_VALUATION_LOW | SIMPLIFIED_DCF_AVAILABLE | MOPS_SINGLE_ELIGIBLE_FILING,MOPS_EXACT,a376e6b99ab96071f9266221b6695a0df6e10b2bd9a706abd7160d72dfaf9848,True
2303,2022-09-30,2022-10-26T17:26:57+08:00,2022-10-26,2022-10-27,WEAK,IMPROVING,TURNING_UP,LOW,OK,PROFITABILITY_DURABLE_NOT_ESTABLISHED | GROWTH_DURABLE | CASH_CONVERSION_SUPPORTED | BALANCE_SHEET_RESILIENT | INTEREST_COVERAGE_SUPPORTED | EARLY_REVENUE_RECOVERY | RECOVERY_CORROBORATED | HISTORICAL_VALUATION_LOW | SIMPLIFIED_DCF_AVAILABLE | MOPS_SINGLE_ELIGIBLE_FILING,MOPS_EXACT,9deb984288630a053faa7ca15fb71f2f0c40eeaa217239e492da8b5a8675f9a8,True
2303,2022-12-31,2023-02-22T16:11:57+08:00,2023-02-22,2023-02-23,WEAK,STABLE,MATURE_GROWTH,LOW,OK,PROFITABILITY_DURABLE_NOT_ESTABLISHED | GROWTH_DURABLE | CASH_CONVERSION_SUPPORTED | BALANCE_SHEET_RESILIENT | INTEREST_COVERAGE_SUPPORTED | SUSTAINED_GROWTH_EIGHT_PERIODS | HISTORICAL_VALUATION_LOW | SIMPLIFIED_DCF_AVAILABLE | MOPS_CONSOLIDATED_PREFERRED_OVER_INDIVIDUAL,MOPS_EXACT,375d85d7768620cdcd875c2ad1611b57c0c3ebe5744ab1dcc327eb431f49c8f7,True
2303,2023-03-31,2023-04-26T17:05:47+08:00,2023-04-26,2023-04-27,ACCEPTABLE,STABLE,MATURE_GROWTH,LOW,OK,PROFITABILITY_DURABLE | GROWTH_DURABLE_NOT_ESTABLISHED | CASH_CONVERSION_SUPPORTED | BALANCE_SHEET_RESILIENT | INTEREST_COVERAGE_SUPPORTED | SUSTAINED_GROWTH_EIGHT_PERIODS | HISTORICAL_VALUATION_LOW | SIMPLIFIED_DCF_AVAILABLE | MOPS_SINGLE_ELIGIBLE_FILING,MOPS_EXACT,f2af580c252f93ae5d3a25335ae79061e795c1fc2a6062532648e9d74d5f6875,True
2303,2023-06-30,2023-07-26T17:04:31+08:00,2023-07-26,2023-07-27,ACCEPTABLE,STABLE,DECELERATING,LOW,PARTIAL,PROFITABILITY_DURABLE | GROWTH_DURABLE_NOT_ESTABLISHED | CASH_CONVERSION_SUPPORTED | BALANCE_SHEET_RESILIENT | INTEREST_COVERAGE_SUPPORTED | POSITIVE_GROWTH_DECELERATING | HISTORICAL_VALUATION_LOW | SIMPLIFIED_DCF_AVAILABLE | MOPS_SINGLE_ELIGIBLE_FILING,MOPS_EXACT,a4394723b85fc568d73c2a588f680697ddc9314fa59b4be4a2bf6fa4943a4c11,True
2303,2023-09-30,2023-10-25T17:10:58+08:00,2023-10-25,2023-10-26,GOOD,DETERIORATING,DETERIORATING,NORMAL,OK,PROFITABILITY_DURABLE | GROWTH_DURABLE | CASH_CONVERSION_SUPPORTED | BALANCE_SHEET_RESILIENT | INTEREST_COVERAGE_SUPPORTED | DETERIORATION_CORROBORATED | HISTORICAL_VALUATION_NORMAL | SIMPLIFIED_DCF_NOT_APPLICABLE | MOPS_SINGLE_ELIGIBLE_FILING,MOPS_EXACT,bce9576a061c402bcd04eb48501ecfa64fd818ec0d5af257af0a4975ef11aec1,True
2303,2023-12-31,2024-02-27T21:28:13+08:00,2024-02-27,2024-02-29,GOOD,DETERIORATING,DETERIORATING,NORMAL,OK,PROFITABILITY_DURABLE | GROWTH_DURABLE | CASH_CONVERSION_SUPPORTED | BALANCE_SHEET_RESILIENT | INTEREST_COVERAGE_SUPPORTED | DETERIORATION_CORROBORATED | HISTORICAL_VALUATION_NORMAL | SIMPLIFIED_DCF_NOT_APPLICABLE | MOPS_CONSOLIDATED_PREFERRED_OVER_INDIVIDUAL,MOPS_EXACT,8bf9e8567b4f50508a67b85a9c19b676dbb5d60aa3b098f14d06cc7c646ca429,True
2303,2024-03-31,2024-04-24T17:03:42+08:00,2024-04-24,2024-04-25,GOOD,UNKNOWN,UNKNOWN,NORMAL,OK,PROFITABILITY_DURABLE | GROWTH_DURABLE | CASH_CONVERSION_SUPPORTED | BALANCE_SHEET_RESILIENT | INTEREST_COVERAGE_SUPPORTED | MIXED_FUNDAMENTAL_DIRECTION | HISTORICAL_VALUATION_NORMAL | SIMPLIFIED_DCF_NOT_APPLICABLE | MOPS_SINGLE_ELIGIBLE_FILING,MOPS_EXACT,72630adfcb4fd1842039740ba3b8f2d95ab80b4bcaa1dc0b0d6529dbef261570,True
2303,2024-06-30,2024-07-31T17:09:51+08:00,2024-07-31,2024-08-01,WEAK,IMPROVING,BOTTOMING,NORMAL,OK,PROFITABILITY_DURABLE | GROWTH_DURABLE_NOT_ESTABLISHED | CASH_CONVERSION_SUPPORTED | BALANCE_SHEET_RESILIENT_NOT_ESTABLISHED | INTEREST_COVERAGE_NOT_ESTABLISHED | REVENUE_CONTRACTION_NARROWING | RECOVERY_CORROBORATED | HISTORICAL_VALUATION_NORMAL | SIMPLIFIED_DCF_AVAILABLE | MOPS_SINGLE_ELIGIBLE_FILING,MOPS_EXACT,9a02ebff2cb1d9712a2ac287089cfdd33d8afd7d54c0a180b513311afc217a87,True
2303,2024-09-30,2024-10-30T17:16:12+08:00,2024-10-30,2024-11-01,ACCEPTABLE,IMPROVING,BOTTOMING,NORMAL,OK,PROFITABILITY_DURABLE | GROWTH_DURABLE_NOT_ESTABLISHED | CASH_CONVERSION_SUPPORTED | BALANCE_SHEET_RESILIENT | INTEREST_COVERAGE_SUPPORTED | REVENUE_CONTRACTION_NARROWING | RECOVERY_CORROBORATED | HISTORICAL_VALUATION_NORMAL | SIMPLIFIED_DCF_NOT_APPLICABLE | MOPS_SINGLE_ELIGIBLE_FILING,MOPS_EXACT,a93e00bce6884bb704ee7ae29d1dac0e63b79b69d173d8edf3ed8480378c31e0,True
2303,2024-12-31,2025-02-26T15:37:19+08:00,2025-02-26,2025-02-27,ACCEPTABLE,UNKNOWN,UNKNOWN,NORMAL,PARTIAL,PROFITABILITY_DURABLE | GROWTH_DURABLE_NOT_ESTABLISHED | CASH_CONVERSION_SUPPORTED | BALANCE_SHEET_RESILIENT | INTEREST_COVERAGE_SUPPORTED | MIXED_FUNDAMENTAL_DIRECTION | HISTORICAL_VALUATION_NORMAL | SIMPLIFIED_DCF_AVAILABLE | MOPS_CONSOLIDATED_PREFERRED_OVER_INDIVIDUAL,MOPS_EXACT,44c9a5870a9495dc25e338314dd1f74603ece3b8310228770bdacb3d0a773a5e,True
2303,2025-03-31,2025-04-23T17:08:00+08:00,2025-04-23,2025-04-24,ACCEPTABLE,IMPROVING,TURNING_UP,NORMAL,PARTIAL,PROFITABILITY_DURABLE | GROWTH_DURABLE_NOT_ESTABLISHED | CASH_CONVERSION_SUPPORTED | BALANCE_SHEET_RESILIENT | INTEREST_COVERAGE_SUPPORTED | EARLY_REVENUE_RECOVERY | RECOVERY_CORROBORATED | HISTORICAL_VALUATION_NORMAL | SIMPLIFIED_DCF_AVAILABLE | MOPS_SINGLE_ELIGIBLE_FILING,MOPS_EXACT,8a4f336013a4484ff458b36403a2effe6970e31fd8326ec95fd5e81d526406cf,True
2303,2025-06-30,2025-07-30T17:06:27+08:00,2025-07-30,2025-07-31,ACCEPTABLE,UNKNOWN,UNKNOWN,NORMAL,OK,PROFITABILITY_DURABLE | GROWTH_DURABLE_NOT_ESTABLISHED | CASH_CONVERSION_SUPPORTED | BALANCE_SHEET_RESILIENT | INTEREST_COVERAGE_SUPPORTED | MIXED_FUNDAMENTAL_DIRECTION | HISTORICAL_VALUATION_NORMAL | SIMPLIFIED_DCF_AVAILABLE | MOPS_SINGLE_ELIGIBLE_FILING,MOPS_EXACT,eee1097b5af1570f740b581ef2b332cd4c82e87f1775eb9e149bbd09bfdb044d,True
2303,2025-09-30,2025-10-29T17:07:33+08:00,2025-10-29,2025-10-30,ACCEPTABLE,UNKNOWN,UNKNOWN,NORMAL,PARTIAL,PROFITABILITY_DURABLE | GROWTH_DURABLE_NOT_ESTABLISHED | CASH_CONVERSION_SUPPORTED | BALANCE_SHEET_RESILIENT | INTEREST_COVERAGE_SUPPORTED | MIXED_FUNDAMENTAL_DIRECTION | HISTORICAL_VALUATION_NORMAL | SIMPLIFIED_DCF_AVAILABLE | MOPS_SINGLE_ELIGIBLE_FILING,MOPS_EXACT,4aaf502943899b782d816f02244c2c44b84cb030182caec7f30da1ee26c4585e,True
2303,2025-12-31,2026-02-25T17:35:24+08:00,2026-02-25,2026-02-26,ACCEPTABLE,UNKNOWN,UNKNOWN,HIGH,OK,PROFITABILITY_DURABLE | GROWTH_DURABLE_NOT_ESTABLISHED | CASH_CONVERSION_SUPPORTED | BALANCE_SHEET_RESILIENT | INTEREST_COVERAGE_SUPPORTED | MIXED_FUNDAMENTAL_DIRECTION | HISTORICAL_VALUATION_HIGH | SIMPLIFIED_DCF_AVAILABLE | MOPS_CONSOLIDATED_PREFERRED_OVER_INDIVIDUAL,MOPS_EXACT,7aab1538f6695010d83542e544cd436b1ed80d86d3fbcebe214d7aa6a82de6cb,True
2303,2026-03-31,2026-04-29T17:25:08+08:00,2026-04-29,2026-04-30,ACCEPTABLE,DETERIORATING,DETERIORATING,HIGH,OK,PROFITABILITY_DURABLE | GROWTH_DURABLE_NOT_ESTABLISHED | CASH_CONVERSION_SUPPORTED | BALANCE_SHEET_RESILIENT | INTEREST_COVERAGE_SUPPORTED | DETERIORATION_CORROBORATED | HISTORICAL_VALUATION_HIGH | SIMPLIFIED_DCF_AVAILABLE | MOPS_SINGLE_ELIGIBLE_FILING,MOPS_EXACT,864e4e8aa5f31ac49578d2fa91c6c3fa17e2641b7cca248de2280970d721467f,True
2303,2026-06-30,2026-07-29T17:18:33+08:00,2026-07-29,2026-07-30,ACCEPTABLE,UNKNOWN,UNKNOWN,HIGH,OK,PROFITABILITY_DURABLE | GROWTH_DURABLE_NOT_ESTABLISHED | CASH_CONVERSION_SUPPORTED | BALANCE_SHEET_RESILIENT | INTEREST_COVERAGE_SUPPORTED | MIXED_FUNDAMENTAL_DIRECTION | HISTORICAL_VALUATION_HIGH | SIMPLIFIED_DCF_AVAILABLE | MOPS_SINGLE_ELIGIBLE_FILING,MOPS_EXACT,60a79e221b8c78539c9b193b97ff66f58f5b59a33910f2e526c04f37f078dbd4,True
2308,2016-03-31,2016-04-29T07:52:51+08:00,2016-04-29,2016-05-03,UNKNOWN,UNKNOWN,UNKNOWN,N/M,INSUFFICIENT,QUALITY_HISTORY_INSUFFICIENT | STATE_HISTORY_INSUFFICIENT | VALUATION_HISTORY_INSUFFICIENT | SIMPLIFIED_DCF_NOT_APPLICABLE | MOPS_SINGLE_ELIGIBLE_FILING,MOPS_EXACT,ace710691ccbd7fdea556171e58b5c311335bf26d0ce690c9b94bc5a30aee048,True
2308,2016-06-30,2016-08-09T17:01:32+08:00,2016-08-09,2016-08-10,UNKNOWN,UNKNOWN,UNKNOWN,HIGH,INSUFFICIENT,QUALITY_HISTORY_INSUFFICIENT | STATE_HISTORY_INSUFFICIENT | HISTORICAL_VALUATION_HIGH | SIMPLIFIED_DCF_NOT_APPLICABLE | MOPS_SINGLE_ELIGIBLE_FILING,MOPS_EXACT,7db326d0eecf30621012721b49b23032b68a424f8c6036e62cb9a594d9c048e5,True
2308,2016-09-30,2016-10-27T18:25:12+08:00,2016-10-27,2016-10-28,UNKNOWN,UNKNOWN,UNKNOWN,NORMAL,INSUFFICIENT,QUALITY_HISTORY_INSUFFICIENT | STATE_HISTORY_INSUFFICIENT | HISTORICAL_VALUATION_NORMAL | SIMPLIFIED_DCF_NOT_APPLICABLE | MOPS_SINGLE_ELIGIBLE_FILING,MOPS_EXACT,78ff8d32bf4171d8e824171a97b5e4e71fb210452d5a6721553a63463d5bb4d1,True
2308,2016-12-31,2017-03-10T09:33:35+08:00,2017-03-10,2017-03-13,UNKNOWN,UNKNOWN,UNKNOWN,NORMAL,INSUFFICIENT,QUALITY_HISTORY_INSUFFICIENT | STATE_HISTORY_INSUFFICIENT | HISTORICAL_VALUATION_NORMAL | SIMPLIFIED_DCF_AVAILABLE | MOPS_CONSOLIDATED_PREFERRED_OVER_INDIVIDUAL,MOPS_EXACT,98bf4254e7eb5aee4dce25faf59f1d5d23c293e707f753f1534543a70f6b0fb0,True
2308,2017-03-31,2017-04-27T17:49:29+08:00,2017-04-27,2017-04-28,UNKNOWN,UNKNOWN,UNKNOWN,NORMAL,INSUFFICIENT,QUALITY_HISTORY_INSUFFICIENT | STATE_HISTORY_INSUFFICIENT | HISTORICAL_VALUATION_NORMAL | SIMPLIFIED_DCF_AVAILABLE | MOPS_SINGLE_ELIGIBLE_FILING,MOPS_EXACT,42fc5ffd45e73a7d1dddfe211cc8f1d8cd5b3b1b481e92ef911a3e2a6907158a,True
2308,2017-06-30,2017-07-28T14:51:53+08:00,2017-07-28,2017-07-31,UNKNOWN,UNKNOWN,UNKNOWN,NORMAL,INSUFFICIENT,QUALITY_HISTORY_INSUFFICIENT | STATE_HISTORY_INSUFFICIENT | HISTORICAL_VALUATION_NORMAL | SIMPLIFIED_DCF_AVAILABLE | MOPS_SINGLE_ELIGIBLE_FILING,MOPS_EXACT,d6f44daf7ede3ed5bb2798631071275846c1435dc89d1e94ee857039277c6912,True
2308,2017-09-30,2017-10-30T16:49:35+08:00,2017-10-30,2017-10-31,UNKNOWN,UNKNOWN,UNKNOWN,LOW,INSUFFICIENT,QUALITY_HISTORY_INSUFFICIENT | STATE_HISTORY_INSUFFICIENT | HISTORICAL_VALUATION_LOW | SIMPLIFIED_DCF_AVAILABLE | MOPS_SINGLE_ELIGIBLE_FILING,MOPS_EXACT,442e76b04863a17aa12cdbbee7cc97bd94d75b3ffd1eae93776a1b78f7c3204c,True
2308,2017-12-31,2018-03-08T21:14:48+08:00,2018-03-08,2018-03-09,UNKNOWN,UNKNOWN,UNKNOWN,LOW,INSUFFICIENT,QUALITY_HISTORY_INSUFFICIENT | STATE_HISTORY_INSUFFICIENT | HISTORICAL_VALUATION_LOW | SIMPLIFIED_DCF_AVAILABLE | MOPS_CONSOLIDATED_PREFERRED_OVER_INDIVIDUAL,MOPS_EXACT,5c2e222bf0f17ebf74d55da5d66f9995964589c5b0968f1cfd123c948c602e97,True
2308,2018-03-31,2018-04-30T14:25:45+08:00,2018-04-30,2018-05-02,UNKNOWN,UNKNOWN,UNKNOWN,LOW,INSUFFICIENT,QUALITY_HISTORY_INSUFFICIENT | STATE_HISTORY_INSUFFICIENT | HISTORICAL_VALUATION_LOW | SIMPLIFIED_DCF_AVAILABLE | MOPS_SINGLE_ELIGIBLE_FILING,MOPS_EXACT,cd72d67e38839f685d811aa3fb7437b995ab2a61df8ae3ca57cc3742f656b69f,True
2308,2018-06-30,2018-07-31T22:18:30+08:00,2018-07-31,2018-08-01,UNKNOWN,UNKNOWN,UNKNOWN,LOW,INSUFFICIENT,QUALITY_HISTORY_INSUFFICIENT | STATE_HISTORY_INSUFFICIENT | HISTORICAL_VALUATION_LOW | SIMPLIFIED_DCF_AVAILABLE | MOPS_SINGLE_ELIGIBLE_FILING,MOPS_EXACT,d02ca9a511f63dcf7321040f1e06588074bbb92d1c0362905e641422f70d782d,True
2308,2018-09-30,2018-10-29T18:08:17+08:00,2018-10-29,2018-10-30,UNKNOWN,IMPROVING,TURNING_UP,LOW,INSUFFICIENT,QUALITY_HISTORY_INSUFFICIENT | EARLY_REVENUE_RECOVERY | RECOVERY_CORROBORATED | HISTORICAL_VALUATION_LOW | SIMPLIFIED_DCF_AVAILABLE | MOPS_SINGLE_ELIGIBLE_FILING,MOPS_EXACT,c2bafb73f43ab4250530729088045ed10f8d2fef12f401bc7cf69801901314f9,True
2308,2018-12-31,2019-03-11T19:47:41+08:00,2019-03-11,2019-03-12,UNKNOWN,UNKNOWN,UNKNOWN,NORMAL,INSUFFICIENT,METRIC_COVERAGE_INSUFFICIENT_TTM_REVENUE | METRIC_COVERAGE_INSUFFICIENT_TTM_EPS | METRIC_COVERAGE_INSUFFICIENT_ROE | METRIC_COVERAGE_INSUFFICIENT_ROIC | MIXED_FUNDAMENTAL_DIRECTION | HISTORICAL_VALUATION_NORMAL | SIMPLIFIED_DCF_AVAILABLE | MOPS_CONSOLIDATED_PREFERRED_OVER_INDIVIDUAL,MOPS_EXACT,e6366578359b4ded18202434cab62298fe129ea578a564414a2a9fae50196beb,True
2308,2019-03-31,2019-04-29T17:55:28+08:00,2019-04-29,2019-04-30,UNKNOWN,UNKNOWN,UNKNOWN,NORMAL,INSUFFICIENT,METRIC_COVERAGE_INSUFFICIENT_TTM_REVENUE | METRIC_COVERAGE_INSUFFICIENT_TTM_EPS | METRIC_COVERAGE_INSUFFICIENT_ROE | METRIC_COVERAGE_INSUFFICIENT_ROIC | MIXED_FUNDAMENTAL_DIRECTION | HISTORICAL_VALUATION_NORMAL | SIMPLIFIED_DCF_AVAILABLE | MOPS_SINGLE_ELIGIBLE_FILING,MOPS_EXACT,d9e8d59759161bd953e2eedbf23e0da6c2dda0aced06e8739840e0af62ca3f3e,True
2308,2019-06-30,2019-07-31T17:54:45+08:00,2019-07-31,2019-08-01,UNKNOWN,IMPROVING,TURNING_UP,NORMAL,INSUFFICIENT,METRIC_COVERAGE_INSUFFICIENT_TTM_REVENUE | METRIC_COVERAGE_INSUFFICIENT_TTM_EPS | METRIC_COVERAGE_INSUFFICIENT_ROE | METRIC_COVERAGE_INSUFFICIENT_ROIC | EARLY_REVENUE_RECOVERY | RECOVERY_CORROBORATED | HISTORICAL_VALUATION_NORMAL | SIMPLIFIED_DCF_AVAILABLE | MOPS_SINGLE_ELIGIBLE_FILING,MOPS_EXACT,e258769cce21b914c27e6f181f3689bd4876571559be3acb679be647acd68ae7,True
2308,2019-09-30,2019-10-30T18:01:03+08:00,2019-10-30,2019-10-31,UNKNOWN,STABLE,CONFIRMED_GROWTH,LOW,INSUFFICIENT,METRIC_COVERAGE_INSUFFICIENT_ROE | METRIC_COVERAGE_INSUFFICIENT_ROIC | GROWTH_CONFIRMED_THREE_PERIODS | HISTORICAL_VALUATION_LOW | SIMPLIFIED_DCF_AVAILABLE | MOPS_SINGLE_ELIGIBLE_FILING,MOPS_EXACT,f1bcf26a31aa1292e0ec6513c1c1a996c2f1f80adcb7634e394a7cd711d01704,True
2308,2019-12-31,2020-03-10T18:26:09+08:00,2020-03-10,2020-03-11,GOOD,STABLE,CONFIRMED_GROWTH,LOW,OK,PROFITABILITY_DURABLE | GROWTH_DURABLE | CASH_CONVERSION_SUPPORTED | BALANCE_SHEET_RESILIENT | INTEREST_COVERAGE_SUPPORTED | GROWTH_CONFIRMED_THREE_PERIODS | HISTORICAL_VALUATION_LOW | SIMPLIFIED_DCF_AVAILABLE | MOPS_CONSOLIDATED_PREFERRED_OVER_INDIVIDUAL,MOPS_EXACT,1833a1576e703c6b2b56863a5a08d844210c3884101546a4547014ffde0174a8,True
2308,2020-03-31,2020-04-29T18:06:27+08:00,2020-04-29,2020-04-30,GOOD,STABLE,DECELERATING,LOW,OK,PROFITABILITY_DURABLE | GROWTH_DURABLE | CASH_CONVERSION_SUPPORTED | BALANCE_SHEET_RESILIENT | INTEREST_COVERAGE_SUPPORTED | POSITIVE_GROWTH_DECELERATING | HISTORICAL_VALUATION_LOW | SIMPLIFIED_DCF_AVAILABLE | MOPS_SINGLE_ELIGIBLE_FILING,MOPS_EXACT,b38c853871caa096c17ead77ba61a6a54f9923cbd0b4f71fcc16308e638a8174,True
2308,2020-06-30,2020-07-29T15:21:26+08:00,2020-07-29,2020-07-30,GOOD,DETERIORATING,DETERIORATING,HIGH,OK,PROFITABILITY_DURABLE | GROWTH_DURABLE | CASH_CONVERSION_SUPPORTED | BALANCE_SHEET_RESILIENT | INTEREST_COVERAGE_SUPPORTED | DETERIORATION_CORROBORATED | HISTORICAL_VALUATION_HIGH | SIMPLIFIED_DCF_AVAILABLE | MOPS_SINGLE_ELIGIBLE_FILING,MOPS_EXACT,e2d6990a50fe8b9c143d94bc3517d39df25baec1c130c6057be2976922a3f230,True
2308,2020-09-30,2020-10-28T15:22:07+08:00,2020-10-28,2020-10-29,GOOD,UNKNOWN,UNKNOWN,NORMAL,OK,PROFITABILITY_DURABLE | GROWTH_DURABLE | CASH_CONVERSION_SUPPORTED | BALANCE_SHEET_RESILIENT | INTEREST_COVERAGE_SUPPORTED | MIXED_FUNDAMENTAL_DIRECTION | HISTORICAL_VALUATION_NORMAL | SIMPLIFIED_DCF_AVAILABLE | MOPS_SINGLE_ELIGIBLE_FILING,MOPS_EXACT,7836987a4da0360c56b33ace9811826b7a787c1c85955ae123d6b2178b3e00ac,True
2308,2020-12-31,2021-02-24T18:17:52+08:00,2021-02-24,2021-02-25,GOOD,UNKNOWN,UNKNOWN,HIGH,OK,PROFITABILITY_DURABLE | GROWTH_DURABLE | CASH_CONVERSION_SUPPORTED | BALANCE_SHEET_RESILIENT | INTEREST_COVERAGE_SUPPORTED | MIXED_FUNDAMENTAL_DIRECTION | HISTORICAL_VALUATION_HIGH | SIMPLIFIED_DCF_AVAILABLE | MOPS_CONSOLIDATED_PREFERRED_OVER_INDIVIDUAL,MOPS_EXACT,f17454bc90d500b0a654692d7595a7d09679b11393bc58995dc24eda2d12f6ba,True
2308,2021-03-31,2021-04-28T16:23:09+08:00,2021-04-28,2021-04-29,GOOD,IMPROVING,TURNING_UP,HIGH,OK,PROFITABILITY_DURABLE | GROWTH_DURABLE | CASH_CONVERSION_SUPPORTED | BALANCE_SHEET_RESILIENT | INTEREST_COVERAGE_SUPPORTED | EARLY_REVENUE_RECOVERY | RECOVERY_CORROBORATED | HISTORICAL_VALUATION_HIGH | SIMPLIFIED_DCF_AVAILABLE | MOPS_SINGLE_ELIGIBLE_FILING,MOPS_EXACT,6759b5b0e2ce057be6a56f68b24f961fbf93521e71c50082234faa60ffced6cd,True
2308,2021-06-30,2021-07-29T17:14:38+08:00,2021-07-29,2021-07-30,GOOD,IMPROVING,TURNING_UP,HIGH,OK,PROFITABILITY_DURABLE | GROWTH_DURABLE | CASH_CONVERSION_SUPPORTED | BALANCE_SHEET_RESILIENT | INTEREST_COVERAGE_SUPPORTED | EARLY_REVENUE_RECOVERY | RECOVERY_CORROBORATED | HISTORICAL_VALUATION_HIGH | SIMPLIFIED_DCF_AVAILABLE | MOPS_SINGLE_ELIGIBLE_FILING,MOPS_EXACT,45bb34eb72fa5439216d276f2c5deacb906720f3a2205631b9f8c09c245ba43a,True
2308,2021-09-30,2021-10-28T18:23:33+08:00,2021-10-28,2021-10-29,GOOD,STABLE,CONFIRMED_GROWTH,HIGH,OK,PROFITABILITY_DURABLE | GROWTH_DURABLE | CASH_CONVERSION_SUPPORTED | BALANCE_SHEET_RESILIENT | INTEREST_COVERAGE_SUPPORTED | GROWTH_CONFIRMED_THREE_PERIODS | HISTORICAL_VALUATION_HIGH | SIMPLIFIED_DCF_AVAILABLE | MOPS_SINGLE_ELIGIBLE_FILING,MOPS_EXACT,8ab8bbddcd73e27cb7e3e61838694a83b84aaa9759c29c9222e6affa242e7e92,True
2308,2021-12-31,2022-02-24T19:46:37+08:00,2022-02-24,2022-02-25,ACCEPTABLE,STABLE,DECELERATING,HIGH,PARTIAL,PROFITABILITY_DURABLE | GROWTH_DURABLE_NOT_ESTABLISHED | CASH_CONVERSION_SUPPORTED | BALANCE_SHEET_RESILIENT | INTEREST_COVERAGE_SUPPORTED | POSITIVE_GROWTH_DECELERATING | HISTORICAL_VALUATION_HIGH | SIMPLIFIED_DCF_AVAILABLE | MOPS_CONSOLIDATED_PREFERRED_OVER_INDIVIDUAL,MOPS_EXACT,bc0e8548c069fb31f912c88c8b1f6c253be10ba76012f394f22c7ebedb440bf8,True
2308,2022-03-31,2022-04-28T17:44:43+08:00,2022-04-28,2022-04-29,ACCEPTABLE,DETERIORATING,DETERIORATING,NORMAL,PARTIAL,PROFITABILITY_DURABLE | GROWTH_DURABLE_NOT_ESTABLISHED | CASH_CONVERSION_SUPPORTED | BALANCE_SHEET_RESILIENT | INTEREST_COVERAGE_SUPPORTED | DETERIORATION_CORROBORATED | HISTORICAL_VALUATION_NORMAL | SIMPLIFIED_DCF_AVAILABLE | MOPS_SINGLE_ELIGIBLE_FILING,MOPS_EXACT,c93c7a10be86e136450c0689c819f492107f7132103f7a318fd4eea639fe496d,True
2308,2022-06-30,2022-07-28T17:34:55+08:00,2022-07-28,2022-07-29,ACCEPTABLE,UNKNOWN,UNKNOWN,HIGH,PARTIAL,PROFITABILITY_DURABLE | GROWTH_DURABLE_NOT_ESTABLISHED | CASH_CONVERSION_SUPPORTED | BALANCE_SHEET_RESILIENT | INTEREST_COVERAGE_SUPPORTED | MIXED_FUNDAMENTAL_DIRECTION | HISTORICAL_VALUATION_HIGH | SIMPLIFIED_DCF_AVAILABLE | MOPS_SINGLE_ELIGIBLE_FILING,MOPS_EXACT,0319c8dc6ce6423a59c7ffc1ad7e26bc59f0b14436484f8215efa3872ada83dc,True
2308,2022-09-30,2022-10-27T17:39:26+08:00,2022-10-27,2022-10-28,ACCEPTABLE,IMPROVING,TURNING_UP,HIGH,PARTIAL,PROFITABILITY_DURABLE | GROWTH_DURABLE_NOT_ESTABLISHED | CASH_CONVERSION_SUPPORTED | BALANCE_SHEET_RESILIENT | INTEREST_COVERAGE_SUPPORTED | EARLY_REVENUE_RECOVERY | RECOVERY_CORROBORATED | HISTORICAL_VALUATION_HIGH | SIMPLIFIED_DCF_AVAILABLE | MOPS_SINGLE_ELIGIBLE_FILING,MOPS_EXACT,a93f3464bf91cd7fc25d54ce082bcaf3129b5f397f840fee47ca1d99c8de82ac,True
2308,2022-12-31,2023-02-22T20:00:55+08:00,2023-02-22,2023-02-23,ACCEPTABLE,IMPROVING,TURNING_UP,HIGH,OK,PROFITABILITY_DURABLE | GROWTH_DURABLE_NOT_ESTABLISHED | CASH_CONVERSION_SUPPORTED | BALANCE_SHEET_RESILIENT | INTEREST_COVERAGE_SUPPORTED | EARLY_REVENUE_RECOVERY | RECOVERY_CORROBORATED | HISTORICAL_VALUATION_HIGH | SIMPLIFIED_DCF_AVAILABLE | MOPS_CONSOLIDATED_PREFERRED_OVER_INDIVIDUAL,MOPS_EXACT,791f1d707a370366e655a0383cdb4b5bdae671656058a8fe0d806f3e57dfe612,True
2308,2023-03-31,2023-04-27T16:02:28+08:00,2023-04-27,2023-04-28,GOOD,STABLE,CONFIRMED_GROWTH,NORMAL,OK,PROFITABILITY_DURABLE | GROWTH_DURABLE | CASH_CONVERSION_SUPPORTED | BALANCE_SHEET_RESILIENT | INTEREST_COVERAGE_SUPPORTED | GROWTH_CONFIRMED_THREE_PERIODS | HISTORICAL_VALUATION_NORMAL | SIMPLIFIED_DCF_AVAILABLE | MOPS_SINGLE_ELIGIBLE_FILING,MOPS_EXACT,84b510c61b4b68640cb03cb83b25dbff3da04ec810245e24fd7f5960776e2efb,True
2308,2023-06-30,2023-07-31T16:38:05+08:00,2023-07-31,2023-08-01,GOOD,STABLE,CONFIRMED_GROWTH,HIGH,OK,PROFITABILITY_DURABLE | GROWTH_DURABLE | CASH_CONVERSION_SUPPORTED | BALANCE_SHEET_RESILIENT | INTEREST_COVERAGE_SUPPORTED | GROWTH_CONFIRMED_THREE_PERIODS | HISTORICAL_VALUATION_HIGH | SIMPLIFIED_DCF_AVAILABLE | MOPS_SINGLE_ELIGIBLE_FILING,MOPS_EXACT,8bbb3355e48db7575120406de31111d97f5222d4c3a9532d30f5f0d4cae692f0,True
2308,2023-09-30,2023-10-31T17:39:47+08:00,2023-10-31,2023-11-01,GOOD,STABLE,CONFIRMED_GROWTH,NORMAL,OK,PROFITABILITY_DURABLE | GROWTH_DURABLE | CASH_CONVERSION_SUPPORTED | BALANCE_SHEET_RESILIENT | INTEREST_COVERAGE_SUPPORTED | GROWTH_CONFIRMED_THREE_PERIODS | HISTORICAL_VALUATION_NORMAL | SIMPLIFIED_DCF_AVAILABLE | MOPS_SINGLE_ELIGIBLE_FILING,MOPS_EXACT,729d1f1928aaaf08be1282948f2cb25208cc3b3e990ed53d3ec0eb246ca7cf97,True
2308,2023-12-31,2024-02-29T18:54:44+08:00,2024-02-29,2024-03-01,GOOD,STABLE,DECELERATING,NORMAL,OK,PROFITABILITY_DURABLE | GROWTH_DURABLE | CASH_CONVERSION_SUPPORTED | BALANCE_SHEET_RESILIENT | INTEREST_COVERAGE_SUPPORTED | POSITIVE_GROWTH_DECELERATING | HISTORICAL_VALUATION_NORMAL | SIMPLIFIED_DCF_AVAILABLE | MOPS_CONSOLIDATED_PREFERRED_OVER_INDIVIDUAL,MOPS_EXACT,83fcba046203d7097120d5d0bbf4b8a18ab0708fe8e628b883aac7c591a18529,True
2308,2024-03-31,2024-04-30T17:27:37+08:00,2024-04-30,2024-05-02,GOOD,DETERIORATING,DETERIORATING,NORMAL,OK,PROFITABILITY_DURABLE | GROWTH_DURABLE | CASH_CONVERSION_SUPPORTED | BALANCE_SHEET_RESILIENT | INTEREST_COVERAGE_SUPPORTED | DETERIORATION_CORROBORATED | HISTORICAL_VALUATION_NORMAL | SIMPLIFIED_DCF_AVAILABLE | MOPS_SINGLE_ELIGIBLE_FILING,MOPS_EXACT,6e622bc9ee9f32e9acd34f963275ad99a14134af0828cae588a82ecfd97227c9,True
2308,2024-06-30,2024-07-31T17:42:05+08:00,2024-07-31,2024-08-01,WEAK,UNKNOWN,UNKNOWN,HIGH,OK,PROFITABILITY_DURABLE | GROWTH_DURABLE | CASH_CONVERSION_SUPPORTED | BALANCE_SHEET_RESILIENT_NOT_ESTABLISHED | INTEREST_COVERAGE_NOT_ESTABLISHED | MIXED_FUNDAMENTAL_DIRECTION | HISTORICAL_VALUATION_HIGH | SIMPLIFIED_DCF_AVAILABLE | MOPS_SINGLE_ELIGIBLE_FILING,MOPS_EXACT,0a1a3cf71752b0961f70ab116b0a4fb90bc64e3e40e828af81e292728b26924a,True
2308,2024-09-30,2024-10-30T08:38:53+08:00,2024-10-30,2024-11-01,GOOD,UNKNOWN,UNKNOWN,HIGH,OK,PROFITABILITY_DURABLE | GROWTH_DURABLE | CASH_CONVERSION_SUPPORTED | BALANCE_SHEET_RESILIENT | INTEREST_COVERAGE_SUPPORTED | MIXED_FUNDAMENTAL_DIRECTION | HISTORICAL_VALUATION_HIGH | SIMPLIFIED_DCF_AVAILABLE | MOPS_SINGLE_ELIGIBLE_FILING,MOPS_EXACT,4c11ae3f8c7f3d9a86c925edb2d158cd393abfe2081021c64ffe1d2f4520fc0d,True
2308,2024-12-31,2025-02-26T19:01:09+08:00,2025-02-26,2025-02-27,GOOD,UNKNOWN,UNKNOWN,HIGH,OK,PROFITABILITY_DURABLE | GROWTH_DURABLE | CASH_CONVERSION_SUPPORTED | BALANCE_SHEET_RESILIENT | INTEREST_COVERAGE_SUPPORTED | MIXED_FUNDAMENTAL_DIRECTION | HISTORICAL_VALUATION_HIGH | SIMPLIFIED_DCF_AVAILABLE | MOPS_CONSOLIDATED_PREFERRED_OVER_INDIVIDUAL,MOPS_EXACT,e7f38207d9317cbd648c18ad8ad309226d88bf8f5668fb42e1d1a22e279d484e,True
2308,2025-03-31,2025-04-29T17:18:07+08:00,2025-04-29,2025-04-30,GOOD,IMPROVING,TURNING_UP,NORMAL,OK,PROFITABILITY_DURABLE | GROWTH_DURABLE | CASH_CONVERSION_SUPPORTED | BALANCE_SHEET_RESILIENT | INTEREST_COVERAGE_SUPPORTED | EARLY_REVENUE_RECOVERY | RECOVERY_CORROBORATED | HISTORICAL_VALUATION_NORMAL | SIMPLIFIED_DCF_AVAILABLE | MOPS_SINGLE_ELIGIBLE_FILING,MOPS_EXACT,131bc152b7103e84f13ecd39d52c3e4b25606d03a9d5be28e17c70af7b6b42e2,True
2308,2025-06-30,2025-07-30T16:47:50+08:00,2025-07-30,2025-07-31,GOOD,IMPROVING,TURNING_UP,HIGH,OK,PROFITABILITY_DURABLE | GROWTH_DURABLE | CASH_CONVERSION_SUPPORTED | BALANCE_SHEET_RESILIENT | INTEREST_COVERAGE_SUPPORTED | EARLY_REVENUE_RECOVERY | RECOVERY_CORROBORATED | HISTORICAL_VALUATION_HIGH | SIMPLIFIED_DCF_AVAILABLE | MOPS_SINGLE_ELIGIBLE_FILING,MOPS_EXACT,ffd945a8e6fdf7fe502428b8bf19cc638424d2373f3b17a7ab211c9875f4d698,True
2308,2025-09-30,2025-10-29T17:25:42+08:00,2025-10-29,2025-10-30,GOOD,IMPROVING,TURNING_UP,HIGH,OK,PROFITABILITY_DURABLE | GROWTH_DURABLE | CASH_CONVERSION_SUPPORTED | BALANCE_SHEET_RESILIENT | INTEREST_COVERAGE_SUPPORTED | EARLY_REVENUE_RECOVERY | RECOVERY_CORROBORATED | HISTORICAL_VALUATION_HIGH | SIMPLIFIED_DCF_AVAILABLE | MOPS_SINGLE_ELIGIBLE_FILING,MOPS_EXACT,8f5453fd812a376a12e749be0959457558bc5a110d782dfc83ff53801c68e8c6,True
2308,2025-12-31,2026-02-25T19:04:03+08:00,2026-02-25,2026-02-26,GOOD,IMPROVING,TURNING_UP,HIGH,OK,PROFITABILITY_DURABLE | GROWTH_DURABLE | CASH_CONVERSION_SUPPORTED | BALANCE_SHEET_RESILIENT | INTEREST_COVERAGE_SUPPORTED | EARLY_REVENUE_RECOVERY | RECOVERY_CORROBORATED | HISTORICAL_VALUATION_HIGH | SIMPLIFIED_DCF_AVAILABLE | MOPS_CONSOLIDATED_PREFERRED_OVER_INDIVIDUAL,MOPS_EXACT,eb05e972ec1453e6c618434fda11b72d89c14035a97c87d55577ed6df31d0a9c,True
2308,2026-03-31,2026-04-29T17:51:02+08:00,2026-04-29,2026-04-30,GOOD,IMPROVING,TURNING_UP,HIGH,OK,PROFITABILITY_DURABLE | GROWTH_DURABLE | CASH_CONVERSION_SUPPORTED | BALANCE_SHEET_RESILIENT | INTEREST_COVERAGE_SUPPORTED | EARLY_REVENUE_RECOVERY | RECOVERY_CORROBORATED | HISTORICAL_VALUATION_HIGH | SIMPLIFIED_DCF_AVAILABLE | MOPS_SINGLE_ELIGIBLE_FILING,MOPS_EXACT,bbcc655ea59d76f7a976ede4de80b18af18390b7eb8608a3a20cab299427321d,True
2308,2026-06-30,2026-07-29T16:26:39+08:00,2026-07-29,2026-07-30,GOOD,IMPROVING,TURNING_UP,HIGH,OK,PROFITABILITY_DURABLE | GROWTH_DURABLE | CASH_CONVERSION_SUPPORTED | BALANCE_SHEET_RESILIENT | INTEREST_COVERAGE_SUPPORTED | EARLY_REVENUE_RECOVERY | RECOVERY_CORROBORATED | HISTORICAL_VALUATION_HIGH | SIMPLIFIED_DCF_AVAILABLE | MOPS_SINGLE_ELIGIBLE_FILING,MOPS_EXACT,194ae0e69066f5fa586af36388c2519e8f1e142a6d02ff7da854f301efbfc4b5,True
2317,2016-03-31,2016-05-16T17:04:30+08:00,2016-05-16,2016-05-17,UNKNOWN,UNKNOWN,UNKNOWN,N/M,INSUFFICIENT,QUALITY_HISTORY_INSUFFICIENT | STATE_HISTORY_INSUFFICIENT | VALUATION_HISTORY_INSUFFICIENT | SIMPLIFIED_DCF_NOT_APPLICABLE | MOPS_SINGLE_ELIGIBLE_FILING,MOPS_EXACT,c89615f6b579ff9e0f14207d15d03c9d4663b02b657956bd7d5f8b43353de9c1,True
2317,2016-06-30,2016-08-15T15:40:11+08:00,2016-08-15,2016-08-16,UNKNOWN,UNKNOWN,UNKNOWN,HIGH,INSUFFICIENT,QUALITY_HISTORY_INSUFFICIENT | STATE_HISTORY_INSUFFICIENT | HISTORICAL_VALUATION_HIGH | SIMPLIFIED_DCF_NOT_APPLICABLE | MOPS_SINGLE_ELIGIBLE_FILING,MOPS_EXACT,535b9a0ed5d20f961147bf0e6c421064d0ac4e560e2e0fc6c39be1c11c0f7d0b,True
2317,2016-09-30,2016-11-14T15:12:30+08:00,2016-11-14,2016-11-15,UNKNOWN,UNKNOWN,UNKNOWN,HIGH,INSUFFICIENT,QUALITY_HISTORY_INSUFFICIENT | STATE_HISTORY_INSUFFICIENT | HISTORICAL_VALUATION_HIGH | SIMPLIFIED_DCF_NOT_APPLICABLE | MOPS_SINGLE_ELIGIBLE_FILING,MOPS_EXACT,cb3bc38a3564777beb14b7f45ea96ae41b12573607d16dd3a9e7e1b5340c976a,True
2317,2016-12-31,2017-03-31T18:21:59+08:00,2017-03-31,2017-04-05,UNKNOWN,UNKNOWN,UNKNOWN,NORMAL,INSUFFICIENT,QUALITY_HISTORY_INSUFFICIENT | STATE_HISTORY_INSUFFICIENT | HISTORICAL_VALUATION_NORMAL | SIMPLIFIED_DCF_AVAILABLE | MOPS_CONSOLIDATED_PREFERRED_OVER_INDIVIDUAL,MOPS_EXACT,b9af0fd77b859d2be515fcf35746c2b783ad95f401746d8f6c320ce3a6c7f077,True
2317,2017-03-31,2017-05-15T16:35:01+08:00,2017-05-15,2017-05-16,UNKNOWN,UNKNOWN,UNKNOWN,HIGH,INSUFFICIENT,QUALITY_HISTORY_INSUFFICIENT | STATE_HISTORY_INSUFFICIENT | HISTORICAL_VALUATION_HIGH | SIMPLIFIED_DCF_AVAILABLE | MOPS_SINGLE_ELIGIBLE_FILING,MOPS_EXACT,def59455dad1faf66f5e238df55e63b5d5b5c859a078cf90b9b9f06186798cf3,True
2317,2017-06-30,2017-08-14T16:46:02+08:00,2017-08-14,2017-08-15,UNKNOWN,UNKNOWN,UNKNOWN,HIGH,INSUFFICIENT,QUALITY_HISTORY_INSUFFICIENT | STATE_HISTORY_INSUFFICIENT | HISTORICAL_VALUATION_HIGH | SIMPLIFIED_DCF_AVAILABLE | MOPS_SINGLE_ELIGIBLE_FILING,MOPS_EXACT,df7351f6e6ae85db415b5aa26b2021f29cd8da659f09d3365f02be784e893f9e,True
2317,2017-09-30,2017-11-14T18:03:18+08:00,2017-11-14,2017-11-15,UNKNOWN,UNKNOWN,UNKNOWN,HIGH,INSUFFICIENT,QUALITY_HISTORY_INSUFFICIENT | STATE_HISTORY_INSUFFICIENT | HISTORICAL_VALUATION_HIGH | SIMPLIFIED_DCF_NOT_APPLICABLE | MOPS_SINGLE_ELIGIBLE_FILING,MOPS_EXACT,7b4d099305be69931d4456587a5fcccd120889e751486042cafdc1c3895a2381,True
2317,2017-12-31,2018-03-31T13:48:37+08:00,2018-03-31,2018-04-02,UNKNOWN,UNKNOWN,UNKNOWN,NORMAL,INSUFFICIENT,QUALITY_HISTORY_INSUFFICIENT | STATE_HISTORY_INSUFFICIENT | HISTORICAL_VALUATION_NORMAL | SIMPLIFIED_DCF_NOT_APPLICABLE | MOPS_CONSOLIDATED_PREFERRED_OVER_INDIVIDUAL,MOPS_EXACT,d722cbaf346b9ca29462cff191a63d2135d3027be3920bce3fd54a3fc3611887,True
2317,2018-03-31,2018-05-15T15:13:08+08:00,2018-05-15,2018-05-16,UNKNOWN,UNKNOWN,UNKNOWN,NORMAL,INSUFFICIENT,QUALITY_HISTORY_INSUFFICIENT | STATE_HISTORY_INSUFFICIENT | HISTORICAL_VALUATION_NORMAL | SIMPLIFIED_DCF_NOT_APPLICABLE | MOPS_SINGLE_ELIGIBLE_FILING,MOPS_EXACT,0aef7afb41494120f43a744fcbbe9714dd0d492fbe6684e9b8ccff48e3b2039b,True
2317,2018-06-30,2018-08-14T18:48:05+08:00,2018-08-14,2018-08-15,UNKNOWN,UNKNOWN,UNKNOWN,NORMAL,INSUFFICIENT,QUALITY_HISTORY_INSUFFICIENT | STATE_HISTORY_INSUFFICIENT | HISTORICAL_VALUATION_NORMAL | SIMPLIFIED_DCF_NOT_APPLICABLE | MOPS_SINGLE_ELIGIBLE_FILING,MOPS_EXACT,00e6f3db751824caad24ca2a50d1f3e2607cad0bf455e5a8beaf4ed5acad3072,True
2317,2018-09-30,2018-11-14T17:41:02+08:00,2018-11-14,2018-11-15,UNKNOWN,IMPROVING,TURNING_UP,LOW,INSUFFICIENT,QUALITY_HISTORY_INSUFFICIENT | EARLY_REVENUE_RECOVERY | RECOVERY_CORROBORATED | HISTORICAL_VALUATION_LOW | SIMPLIFIED_DCF_NOT_APPLICABLE | MOPS_SINGLE_ELIGIBLE_FILING,MOPS_EXACT,386bf5078d22fe61a4d0b586a2cf8ab826c46b29110f28576ed4a0555522687e,True
2317,2018-12-31,2019-04-01T19:21:23+08:00,2019-04-01,2019-04-02,UNKNOWN,UNKNOWN,UNKNOWN,LOW,INSUFFICIENT,METRIC_COVERAGE_INSUFFICIENT_TTM_REVENUE | METRIC_COVERAGE_INSUFFICIENT_TTM_EPS | METRIC_COVERAGE_INSUFFICIENT_ROE | METRIC_COVERAGE_INSUFFICIENT_ROIC | MIXED_FUNDAMENTAL_DIRECTION | HISTORICAL_VALUATION_LOW | SIMPLIFIED_DCF_NOT_APPLICABLE | MOPS_CONSOLIDATED_PREFERRED_OVER_INDIVIDUAL,MOPS_EXACT,92885e1dd4931ed95b602b1fe7e4f91aa9c19c485960aafbd4aba2a06f8d3c88,True
2317,2019-03-31,2019-05-15T09:08:53+08:00,2019-05-15,2019-05-16,UNKNOWN,STABLE,CONFIRMED_GROWTH,LOW,INSUFFICIENT,METRIC_COVERAGE_INSUFFICIENT_TTM_REVENUE | METRIC_COVERAGE_INSUFFICIENT_TTM_EPS | METRIC_COVERAGE_INSUFFICIENT_ROE | METRIC_COVERAGE_INSUFFICIENT_ROIC | GROWTH_CONFIRMED_THREE_PERIODS | HISTORICAL_VALUATION_LOW | SIMPLIFIED_DCF_AVAILABLE | MOPS_SINGLE_ELIGIBLE_FILING,MOPS_EXACT,0967c9207a943ebe8855296fc8dda0bf7b13f15dff6e6a21f637c113bcebb3a7,True
2317,2019-06-30,2019-08-14T17:00:08+08:00,2019-08-14,2019-08-15,UNKNOWN,STABLE,CONFIRMED_GROWTH,LOW,INSUFFICIENT,METRIC_COVERAGE_INSUFFICIENT_TTM_REVENUE | METRIC_COVERAGE_INSUFFICIENT_TTM_EPS | METRIC_COVERAGE_INSUFFICIENT_ROE | METRIC_COVERAGE_INSUFFICIENT_ROIC | GROWTH_CONFIRMED_THREE_PERIODS | HISTORICAL_VALUATION_LOW | SIMPLIFIED_DCF_AVAILABLE | MOPS_SINGLE_ELIGIBLE_FILING,MOPS_EXACT,d2bcc0a69c5cebfd27eedf5661b1b8a595f721e0b0e5dba0a7775ad38789a5c0,True
2317,2019-09-30,2019-11-14T13:58:42+08:00,2019-11-14,2019-11-15,UNKNOWN,STABLE,CONFIRMED_GROWTH,NORMAL,INSUFFICIENT,METRIC_COVERAGE_INSUFFICIENT_ROE | METRIC_COVERAGE_INSUFFICIENT_ROIC | GROWTH_CONFIRMED_THREE_PERIODS | HISTORICAL_VALUATION_NORMAL | SIMPLIFIED_DCF_AVAILABLE | MOPS_SINGLE_ELIGIBLE_FILING,MOPS_EXACT,1408779f3ffa940ef793270ddd0fdfce908d7d131ce91df847b19261db798784,True
2317,2019-12-31,2020-03-31T18:55:21+08:00,2020-03-31,2020-04-01,WEAK,STABLE,CONFIRMED_GROWTH,LOW,PARTIAL,PROFITABILITY_DURABLE | GROWTH_DURABLE_NOT_ESTABLISHED | CASH_CONVERSION_SUPPORTED_NOT_ESTABLISHED | BALANCE_SHEET_RESILIENT | INTEREST_COVERAGE_SUPPORTED | GROWTH_CONFIRMED_THREE_PERIODS | HISTORICAL_VALUATION_LOW | SIMPLIFIED_DCF_AVAILABLE | MOPS_CONSOLIDATED_PREFERRED_OVER_INDIVIDUAL,MOPS_EXACT,fae894b0498d2376078ba49b56b71d95a6c17f39ab6f52241074ef8c77a4ce25,True
2317,2020-03-31,2020-05-15T18:02:18+08:00,2020-05-15,2020-05-18,WEAK,DETERIORATING,DETERIORATING,NORMAL,OK,PROFITABILITY_DURABLE | GROWTH_DURABLE_NOT_ESTABLISHED | CASH_CONVERSION_SUPPORTED_NOT_ESTABLISHED | BALANCE_SHEET_RESILIENT | INTEREST_COVERAGE_SUPPORTED | DETERIORATION_CORROBORATED | HISTORICAL_VALUATION_NORMAL | SIMPLIFIED_DCF_AVAILABLE | MOPS_SINGLE_ELIGIBLE_FILING,MOPS_EXACT,4ffcaa2c429b26ac8f5bacd4f99435ac4dad70ed1f94008f097d2ec883c159ee,True
2317,2020-06-30,2020-08-13T19:07:24+08:00,2020-08-13,2020-08-14,WEAK,DETERIORATING,DETERIORATING,NORMAL,OK,PROFITABILITY_DURABLE | GROWTH_DURABLE_NOT_ESTABLISHED | CASH_CONVERSION_SUPPORTED_NOT_ESTABLISHED | BALANCE_SHEET_RESILIENT | INTEREST_COVERAGE_SUPPORTED | DETERIORATION_CORROBORATED | HISTORICAL_VALUATION_NORMAL | SIMPLIFIED_DCF_AVAILABLE | MOPS_SINGLE_ELIGIBLE_FILING,MOPS_EXACT,1f41a197d25161738b6ce94455845298bf955060bc80ac1bf715c7682e80311f,True
2317,2020-09-30,2020-11-13T15:31:40+08:00,2020-11-13,2020-11-16,WEAK,DETERIORATING,DETERIORATING,NORMAL,OK,PROFITABILITY_DURABLE | GROWTH_DURABLE_NOT_ESTABLISHED | CASH_CONVERSION_SUPPORTED_NOT_ESTABLISHED | BALANCE_SHEET_RESILIENT | INTEREST_COVERAGE_SUPPORTED | DETERIORATION_CORROBORATED | HISTORICAL_VALUATION_NORMAL | SIMPLIFIED_DCF_AVAILABLE | MOPS_SINGLE_ELIGIBLE_FILING,MOPS_EXACT,8178e9abdc94fdf9715368c9a0a57d6a085bedc6383850fda2d99ab775b4f25d,True
2317,2020-12-31,2021-03-31T18:45:43+08:00,2021-03-31,2021-04-01,WEAK,UNKNOWN,UNKNOWN,NORMAL,OK,PROFITABILITY_DURABLE | GROWTH_DURABLE_NOT_ESTABLISHED | CASH_CONVERSION_SUPPORTED_NOT_ESTABLISHED | BALANCE_SHEET_RESILIENT | INTEREST_COVERAGE_SUPPORTED | MIXED_FUNDAMENTAL_DIRECTION | HISTORICAL_VALUATION_NORMAL | SIMPLIFIED_DCF_AVAILABLE | MOPS_CONSOLIDATED_PREFERRED_OVER_INDIVIDUAL,MOPS_EXACT,21a8393bf1b2fbaeab1dfbfb0dc51dbb86490c7183e86c48efed1cfdcc3335a6,True
2317,2021-03-31,2021-05-14T20:50:32+08:00,2021-05-14,2021-05-17,ACCEPTABLE,IMPROVING,TURNING_UP,NORMAL,PARTIAL,PROFITABILITY_DURABLE | GROWTH_DURABLE | CASH_CONVERSION_SUPPORTED_NOT_ESTABLISHED | BALANCE_SHEET_RESILIENT | INTEREST_COVERAGE_SUPPORTED | EARLY_REVENUE_RECOVERY | RECOVERY_CORROBORATED | HISTORICAL_VALUATION_NORMAL | SIMPLIFIED_DCF_AVAILABLE | MOPS_SINGLE_ELIGIBLE_FILING,MOPS_EXACT,190d3c19d7a6bd83cf546ea4eb4e8a955ff8d66b39b561bdc4b860f668ff7380,True
2317,2021-06-30,2021-08-13T17:49:25+08:00,2021-08-13,2021-08-16,ACCEPTABLE,IMPROVING,TURNING_UP,NORMAL,OK,PROFITABILITY_DURABLE | GROWTH_DURABLE | CASH_CONVERSION_SUPPORTED_NOT_ESTABLISHED | BALANCE_SHEET_RESILIENT | INTEREST_COVERAGE_SUPPORTED | EARLY_REVENUE_RECOVERY | RECOVERY_CORROBORATED | HISTORICAL_VALUATION_NORMAL | SIMPLIFIED_DCF_AVAILABLE | MOPS_SINGLE_ELIGIBLE_FILING,MOPS_EXACT,0df7398cf4b80aede4a612fc2d989835675e98511e454fe72b2195b6c47184ca,True
2317,2021-09-30,2021-11-15T19:27:50+08:00,2021-11-15,2021-11-16,ACCEPTABLE,IMPROVING,TURNING_UP,NORMAL,PARTIAL,PROFITABILITY_DURABLE | GROWTH_DURABLE | CASH_CONVERSION_SUPPORTED_NOT_ESTABLISHED | BALANCE_SHEET_RESILIENT | INTEREST_COVERAGE_SUPPORTED | EARLY_REVENUE_RECOVERY | RECOVERY_CORROBORATED | HISTORICAL_VALUATION_NORMAL | SIMPLIFIED_DCF_NOT_APPLICABLE | MOPS_SINGLE_ELIGIBLE_FILING,MOPS_EXACT,b60a1496d5334ea792452ec0c2351150a331d55717031ab914fe14c7ec0d6588,True
2317,2021-12-31,2022-03-28T17:25:20+08:00,2022-03-28,2022-03-29,ACCEPTABLE,STABLE,CONFIRMED_GROWTH,NORMAL,PARTIAL,PROFITABILITY_DURABLE | GROWTH_DURABLE | CASH_CONVERSION_SUPPORTED_NOT_ESTABLISHED | BALANCE_SHEET_RESILIENT | INTEREST_COVERAGE_SUPPORTED | GROWTH_CONFIRMED_THREE_PERIODS | HISTORICAL_VALUATION_NORMAL | SIMPLIFIED_DCF_NOT_APPLICABLE | MOPS_CONSOLIDATED_PREFERRED_OVER_INDIVIDUAL,MOPS_EXACT,de4e6303f1bddb4c2dc7ada9c4c71146d28b17a423ed213c17ddd211a9b49cab,True
2317,2022-03-31,2022-05-16T15:25:13+08:00,2022-05-16,2022-05-17,WEAK,STABLE,CONFIRMED_GROWTH,NORMAL,PARTIAL,PROFITABILITY_DURABLE | GROWTH_DURABLE_NOT_ESTABLISHED | CASH_CONVERSION_SUPPORTED_NOT_ESTABLISHED | BALANCE_SHEET_RESILIENT | INTEREST_COVERAGE_SUPPORTED | GROWTH_CONFIRMED_THREE_PERIODS | HISTORICAL_VALUATION_NORMAL | SIMPLIFIED_DCF_AVAILABLE | MOPS_SINGLE_ELIGIBLE_FILING,MOPS_EXACT,47bea2db868321abde36843ebf80a2736902bc76575c98e12897e3c169b5020e,True
2317,2022-06-30,2022-08-15T14:27:14+08:00,2022-08-15,2022-08-16,ACCEPTABLE,STABLE,CONFIRMED_GROWTH,NORMAL,PARTIAL,PROFITABILITY_DURABLE | GROWTH_DURABLE | CASH_CONVERSION_SUPPORTED_NOT_ESTABLISHED | BALANCE_SHEET_RESILIENT | INTEREST_COVERAGE_SUPPORTED | GROWTH_CONFIRMED_THREE_PERIODS | HISTORICAL_VALUATION_NORMAL | SIMPLIFIED_DCF_NOT_APPLICABLE | MOPS_SINGLE_ELIGIBLE_FILING,MOPS_EXACT,98fd2d1ebfd5861ae8708fb0e6f950c1a89fd4ae9333566ea5073d7a25f02d67,True
2317,2022-09-30,2022-11-30T14:29:52+08:00,2022-11-30,2022-12-01,WEAK,STABLE,CONFIRMED_GROWTH,NORMAL,OK,PROFITABILITY_DURABLE | GROWTH_DURABLE_NOT_ESTABLISHED | CASH_CONVERSION_SUPPORTED_NOT_ESTABLISHED | BALANCE_SHEET_RESILIENT | INTEREST_COVERAGE_SUPPORTED | GROWTH_CONFIRMED_THREE_PERIODS | HISTORICAL_VALUATION_NORMAL | SIMPLIFIED_DCF_AVAILABLE | MOPS_SINGLE_ELIGIBLE_FILING,MOPS_EXACT,3e00b8bce695173cdb3c9ccb31ae06b163d17127282856461a44263b49499b82,True
2317,2022-12-31,2023-03-16T17:42:10+08:00,2023-03-16,2023-03-17,WEAK,IMPROVING,TURNING_UP,NORMAL,PARTIAL,PROFITABILITY_DURABLE | GROWTH_DURABLE_NOT_ESTABLISHED | CASH_CONVERSION_SUPPORTED_NOT_ESTABLISHED | BALANCE_SHEET_RESILIENT | INTEREST_COVERAGE_SUPPORTED | EARLY_REVENUE_RECOVERY | RECOVERY_CORROBORATED | HISTORICAL_VALUATION_NORMAL | SIMPLIFIED_DCF_AVAILABLE | MOPS_CONSOLIDATED_PREFERRED_OVER_INDIVIDUAL,MOPS_EXACT,0bf1abb33f194edd76fcea19fefe1c95c885dd8b394dd7162a6bfb1e2ecc8e2c,True
2317,2023-03-31,2023-05-15T17:26:41+08:00,2023-05-15,2023-05-16,WEAK,UNKNOWN,UNKNOWN,NORMAL,OK,PROFITABILITY_DURABLE | GROWTH_DURABLE_NOT_ESTABLISHED | CASH_CONVERSION_SUPPORTED_NOT_ESTABLISHED | BALANCE_SHEET_RESILIENT | INTEREST_COVERAGE_SUPPORTED | MIXED_FUNDAMENTAL_DIRECTION | HISTORICAL_VALUATION_NORMAL | SIMPLIFIED_DCF_AVAILABLE | MOPS_SINGLE_ELIGIBLE_FILING,MOPS_EXACT,b2a37983211377e6dca0f08b719089f5dc34238f1c249da12dd84dff23354977,True
2317,2023-06-30,2023-08-14T18:20:35+08:00,2023-08-14,2023-08-15,GOOD,DETERIORATING,DETERIORATING,NORMAL,PARTIAL,PROFITABILITY_DURABLE | GROWTH_DURABLE | CASH_CONVERSION_SUPPORTED | BALANCE_SHEET_RESILIENT | INTEREST_COVERAGE_SUPPORTED | DETERIORATION_CORROBORATED | HISTORICAL_VALUATION_NORMAL | SIMPLIFIED_DCF_AVAILABLE | MOPS_SINGLE_ELIGIBLE_FILING,MOPS_EXACT,75393a94ffa83ee70bdfae13fb401e2f02caeaede2fa13dd4bbc687907a82748,True
2317,2023-09-30,2023-11-14T18:36:17+08:00,2023-11-14,2023-11-15,ACCEPTABLE,UNKNOWN,UNKNOWN,NORMAL,OK,PROFITABILITY_DURABLE | GROWTH_DURABLE_NOT_ESTABLISHED | CASH_CONVERSION_SUPPORTED | BALANCE_SHEET_RESILIENT | INTEREST_COVERAGE_SUPPORTED | MIXED_FUNDAMENTAL_DIRECTION | HISTORICAL_VALUATION_NORMAL | SIMPLIFIED_DCF_AVAILABLE | MOPS_SINGLE_ELIGIBLE_FILING,MOPS_EXACT,bc733f4ce141221b147e90c27cb23a98a10f01f80c42860beffd67a6f703eb2f,True
2317,2023-12-31,2024-03-15T19:14:37+08:00,2024-03-15,2024-03-18,GOOD,UNKNOWN,UNKNOWN,NORMAL,OK,PROFITABILITY_DURABLE | GROWTH_DURABLE | CASH_CONVERSION_SUPPORTED | BALANCE_SHEET_RESILIENT | INTEREST_COVERAGE_SUPPORTED | MIXED_FUNDAMENTAL_DIRECTION | HISTORICAL_VALUATION_NORMAL | SIMPLIFIED_DCF_AVAILABLE | MOPS_CONSOLIDATED_PREFERRED_OVER_INDIVIDUAL,MOPS_EXACT,c49ea94ddba51dea423b4938e2204adba25f13ce5de3cbb2f8d7a71c83ec9456,True
2317,2024-03-31,2024-05-15T16:53:00+08:00,2024-05-15,2024-05-16,GOOD,UNKNOWN,UNKNOWN,HIGH,OK,PROFITABILITY_DURABLE | GROWTH_DURABLE | CASH_CONVERSION_SUPPORTED | BALANCE_SHEET_RESILIENT | INTEREST_COVERAGE_SUPPORTED | MIXED_FUNDAMENTAL_DIRECTION | HISTORICAL_VALUATION_HIGH | SIMPLIFIED_DCF_AVAILABLE | MOPS_SINGLE_ELIGIBLE_FILING,MOPS_EXACT,e318ed8f6e92b9767c578f1d18a3c3a3a79c8f4f58b156059bba63d574773e60,True
2317,2024-06-30,2024-08-14T19:04:15+08:00,2024-08-14,2024-08-15,GOOD,UNKNOWN,UNKNOWN,HIGH,OK,PROFITABILITY_DURABLE | GROWTH_DURABLE | CASH_CONVERSION_SUPPORTED | BALANCE_SHEET_RESILIENT | INTEREST_COVERAGE_SUPPORTED | MIXED_FUNDAMENTAL_DIRECTION | HISTORICAL_VALUATION_HIGH | SIMPLIFIED_DCF_AVAILABLE | MOPS_SINGLE_ELIGIBLE_FILING,MOPS_EXACT,5e0eec945e94d3fd7a91e520e48803815f4ddec137de6910bc41c5c9b6eb33d1,True
2317,2024-09-30,2024-11-14T17:37:44+08:00,2024-11-14,2024-11-15,GOOD,IMPROVING,TURNING_UP,HIGH,PARTIAL,PROFITABILITY_DURABLE | GROWTH_DURABLE | CASH_CONVERSION_SUPPORTED | BALANCE_SHEET_RESILIENT | INTEREST_COVERAGE_SUPPORTED | EARLY_REVENUE_RECOVERY | RECOVERY_CORROBORATED | HISTORICAL_VALUATION_HIGH | SIMPLIFIED_DCF_AVAILABLE | MOPS_SINGLE_ELIGIBLE_FILING,MOPS_EXACT,f0513dd6505e36008cc4a69df61831cf9250fa66680bf64d7f73ada028a1b84e,True
2317,2024-12-31,2025-03-17T18:54:55+08:00,2025-03-17,2025-03-18,GOOD,IMPROVING,TURNING_UP,HIGH,OK,PROFITABILITY_DURABLE | GROWTH_DURABLE | CASH_CONVERSION_SUPPORTED | BALANCE_SHEET_RESILIENT | INTEREST_COVERAGE_SUPPORTED | EARLY_REVENUE_RECOVERY | RECOVERY_CORROBORATED | HISTORICAL_VALUATION_HIGH | SIMPLIFIED_DCF_AVAILABLE | MOPS_CONSOLIDATED_PREFERRED_OVER_INDIVIDUAL,MOPS_EXACT,711f2d859ce074edd2be177039e730641309ec069fda9e250cd90b4ab17f4f04,True
2317,2025-03-31,2025-05-15T18:17:13+08:00,2025-05-15,2025-05-16,GOOD,IMPROVING,TURNING_UP,NORMAL,PARTIAL,PROFITABILITY_DURABLE | GROWTH_DURABLE | CASH_CONVERSION_SUPPORTED | BALANCE_SHEET_RESILIENT | INTEREST_COVERAGE_SUPPORTED | EARLY_REVENUE_RECOVERY | RECOVERY_CORROBORATED | HISTORICAL_VALUATION_NORMAL | SIMPLIFIED_DCF_NOT_APPLICABLE | MOPS_SINGLE_ELIGIBLE_FILING,MOPS_EXACT,9d645f99358122c30f6d99d3a4a6d43d90d64e43e00ef7465bd4739b72844f52,True
2317,2025-06-30,2025-08-14T16:32:48+08:00,2025-08-14,2025-08-15,GOOD,STABLE,CONFIRMED_GROWTH,HIGH,PARTIAL,PROFITABILITY_DURABLE | GROWTH_DURABLE | CASH_CONVERSION_SUPPORTED | BALANCE_SHEET_RESILIENT | INTEREST_COVERAGE_SUPPORTED | GROWTH_CONFIRMED_THREE_PERIODS | HISTORICAL_VALUATION_HIGH | SIMPLIFIED_DCF_NOT_APPLICABLE | MOPS_SINGLE_ELIGIBLE_FILING,MOPS_EXACT,327a06583a0900743fb237d74e89539845a197d69f76733cd760a2d1ea39cf53,True
2317,2025-09-30,2025-11-14T15:35:05+08:00,2025-11-14,2025-11-17,WEAK,STABLE,CONFIRMED_GROWTH,HIGH,PARTIAL,PROFITABILITY_DURABLE | GROWTH_DURABLE | CASH_CONVERSION_SUPPORTED | BALANCE_SHEET_RESILIENT_NOT_ESTABLISHED | INTEREST_COVERAGE_NOT_ESTABLISHED | GROWTH_CONFIRMED_THREE_PERIODS | HISTORICAL_VALUATION_HIGH | SIMPLIFIED_DCF_NOT_APPLICABLE | MOPS_SINGLE_ELIGIBLE_FILING,MOPS_EXACT,180832202c2313c29251e212f5f9bf5528979bd71eebbc061af483b7bc6015f6,True
2317,2025-12-31,2026-03-16T18:37:49+08:00,2026-03-16,2026-03-17,WEAK,STABLE,CONFIRMED_GROWTH,HIGH,OK,PROFITABILITY_DURABLE | GROWTH_DURABLE | CASH_CONVERSION_SUPPORTED | BALANCE_SHEET_RESILIENT_NOT_ESTABLISHED | INTEREST_COVERAGE_NOT_ESTABLISHED | GROWTH_CONFIRMED_THREE_PERIODS | HISTORICAL_VALUATION_HIGH | SIMPLIFIED_DCF_AVAILABLE | MOPS_CONSOLIDATED_PREFERRED_OVER_INDIVIDUAL,MOPS_EXACT,750a880b227b2cea482b7fa11e84e7c0f9a55d99b98cc204329c44c2bbe19063,True
2317,2026-03-31,2026-05-15T17:36:43+08:00,2026-05-15,2026-05-18,WEAK,STABLE,CONFIRMED_GROWTH,HIGH,OK,PROFITABILITY_DURABLE | GROWTH_DURABLE | CASH_CONVERSION_SUPPORTED | BALANCE_SHEET_RESILIENT_NOT_ESTABLISHED | INTEREST_COVERAGE_NOT_ESTABLISHED | GROWTH_CONFIRMED_THREE_PERIODS | HISTORICAL_VALUATION_HIGH | SIMPLIFIED_DCF_AVAILABLE | MOPS_SINGLE_ELIGIBLE_FILING,MOPS_EXACT,49da86fe8d1d748c34953f16c2d16bae809dcd316b8dafdd44ab79940cde44e6,True
2317,2026-06-30,2026-08-14T17:47:54+08:00,2026-08-14,2026-08-17,WEAK,IMPROVING,TURNING_UP,HIGH,PARTIAL,PROFITABILITY_DURABLE | GROWTH_DURABLE | CASH_CONVERSION_SUPPORTED_NOT_ESTABLISHED | BALANCE_SHEET_RESILIENT_NOT_ESTABLISHED | INTEREST_COVERAGE_NOT_ESTABLISHED | EARLY_REVENUE_RECOVERY | RECOVERY_CORROBORATED | HISTORICAL_VALUATION_HIGH | SIMPLIFIED_DCF_NOT_APPLICABLE | MOPS_SINGLE_ELIGIBLE_FILING,MOPS_EXACT,512979cca842fdb589b3fe15160d45db756ffe5cc031e3da38bd9b5245002437,True
2327,2016-03-31,2016-05-11T18:24:17+08:00,2016-05-11,2016-05-12,UNKNOWN,UNKNOWN,UNKNOWN,N/M,INSUFFICIENT,QUALITY_HISTORY_INSUFFICIENT | STATE_HISTORY_INSUFFICIENT | VALUATION_HISTORY_INSUFFICIENT | SIMPLIFIED_DCF_NOT_APPLICABLE | MOPS_SINGLE_ELIGIBLE_FILING,MOPS_EXACT,381b4adde5e0c9b5471c9e02ecd37598652ac2b963ee707155025f5f1580c8cc,True
2327,2016-06-30,2016-08-12T17:45:45+08:00,2016-08-12,2016-08-15,UNKNOWN,UNKNOWN,UNKNOWN,HIGH,INSUFFICIENT,QUALITY_HISTORY_INSUFFICIENT | STATE_HISTORY_INSUFFICIENT | HISTORICAL_VALUATION_HIGH | SIMPLIFIED_DCF_NOT_APPLICABLE | MOPS_SINGLE_ELIGIBLE_FILING,MOPS_EXACT,ab4a24394e702ba9d9cf2e19eef0b7589afeb1c772f705d5e0e1d82847378b06,True
2327,2016-09-30,2016-11-11T18:43:44+08:00,2016-11-11,2016-11-14,UNKNOWN,UNKNOWN,UNKNOWN,LOW,INSUFFICIENT,QUALITY_HISTORY_INSUFFICIENT | STATE_HISTORY_INSUFFICIENT | HISTORICAL_VALUATION_LOW | SIMPLIFIED_DCF_NOT_APPLICABLE | MOPS_SINGLE_ELIGIBLE_FILING,MOPS_EXACT,cc8e7c18e3b1fc0e17040b9f886effc4c9209072312610344cd8df7f8413c6df,True
2327,2016-12-31,2017-03-30T17:38:56+08:00,2017-03-30,2017-03-31,UNKNOWN,UNKNOWN,UNKNOWN,HIGH,INSUFFICIENT,QUALITY_HISTORY_INSUFFICIENT | STATE_HISTORY_INSUFFICIENT | HISTORICAL_VALUATION_HIGH | SIMPLIFIED_DCF_AVAILABLE | MOPS_CONSOLIDATED_PREFERRED_OVER_INDIVIDUAL,MOPS_EXACT,e01e666b9c71643edbdc2a8c44328f8bc9b1c21a1a76f01d93ccaf52b7d573d5,True
2327,2017-03-31,2017-05-10T19:07:37+08:00,2017-05-10,2017-05-11,UNKNOWN,UNKNOWN,UNKNOWN,HIGH,INSUFFICIENT,QUALITY_HISTORY_INSUFFICIENT | STATE_HISTORY_INSUFFICIENT | HISTORICAL_VALUATION_HIGH | SIMPLIFIED_DCF_AVAILABLE | MOPS_SINGLE_ELIGIBLE_FILING,MOPS_EXACT,6010f1d539b5cb62b1666dcfe26dbd4bc838da892a946631d3972248e0d88606,True
2327,2017-06-30,2017-08-14T11:43:44+08:00,2017-08-14,2017-08-15,UNKNOWN,UNKNOWN,UNKNOWN,HIGH,INSUFFICIENT,QUALITY_HISTORY_INSUFFICIENT | STATE_HISTORY_INSUFFICIENT | HISTORICAL_VALUATION_HIGH | SIMPLIFIED_DCF_AVAILABLE | MOPS_SINGLE_ELIGIBLE_FILING,MOPS_EXACT,c12aa8c771fe7edbe01f052e241d7e5a57435c5fde35566bf4e8a3777f94fbcb,True
2327,2017-09-30,2017-11-06T17:02:05+08:00,2017-11-06,2017-11-07,UNKNOWN,UNKNOWN,UNKNOWN,HIGH,INSUFFICIENT,QUALITY_HISTORY_INSUFFICIENT | STATE_HISTORY_INSUFFICIENT | HISTORICAL_VALUATION_HIGH | SIMPLIFIED_DCF_AVAILABLE | MOPS_SINGLE_ELIGIBLE_FILING,MOPS_EXACT,3f170f3efab5f0601140345627b6e34b04354757678182b18003ed4f3aca9a00,True
2327,2017-12-31,2018-03-31T10:43:10+08:00,2018-03-31,2018-04-02,UNKNOWN,UNKNOWN,UNKNOWN,HIGH,INSUFFICIENT,QUALITY_HISTORY_INSUFFICIENT | STATE_HISTORY_INSUFFICIENT | HISTORICAL_VALUATION_HIGH | SIMPLIFIED_DCF_AVAILABLE | MOPS_CONSOLIDATED_PREFERRED_OVER_INDIVIDUAL,MOPS_EXACT,b28de6c19e48ad32e48793607297223fce67cd6843258587a609773fe3d065a4,True
2327,2018-03-31,2018-05-15T15:54:27+08:00,2018-05-15,2018-05-16,UNKNOWN,UNKNOWN,UNKNOWN,HIGH,INSUFFICIENT,QUALITY_HISTORY_INSUFFICIENT | STATE_HISTORY_INSUFFICIENT | HISTORICAL_VALUATION_HIGH | SIMPLIFIED_DCF_AVAILABLE | MOPS_SINGLE_ELIGIBLE_FILING,MOPS_EXACT,6f3625aa3c740a0539903b98bd9082ca49e0583e230d26c139321f2869824cf5,True
2327,2018-06-30,2018-08-14T13:56:39+08:00,2018-08-14,2018-08-15,UNKNOWN,UNKNOWN,UNKNOWN,NORMAL,INSUFFICIENT,QUALITY_HISTORY_INSUFFICIENT | STATE_HISTORY_INSUFFICIENT | HISTORICAL_VALUATION_NORMAL | SIMPLIFIED_DCF_AVAILABLE | MOPS_SINGLE_ELIGIBLE_FILING,MOPS_EXACT,7c30ba0449557e30412865c88c613bbc51b7ad90bd49794a51673bcdc43016fa,True
2327,2018-09-30,2018-11-13T16:59:51+08:00,2018-11-13,2018-11-14,UNKNOWN,IMPROVING,TURNING_UP,LOW,INSUFFICIENT,QUALITY_HISTORY_INSUFFICIENT | EARLY_REVENUE_RECOVERY | RECOVERY_CORROBORATED | HISTORICAL_VALUATION_LOW | SIMPLIFIED_DCF_AVAILABLE | MOPS_SINGLE_ELIGIBLE_FILING,MOPS_EXACT,0652e28b99fca7aa182479426dd1cea295b6f651a0cd9a6d2124e9fdefd3d205,True
2327,2018-12-31,2019-03-29T13:29:06+08:00,2019-03-29,2019-04-01,UNKNOWN,IMPROVING,TURNING_UP,LOW,INSUFFICIENT,METRIC_COVERAGE_INSUFFICIENT_TTM_REVENUE | METRIC_COVERAGE_INSUFFICIENT_TTM_EPS | METRIC_COVERAGE_INSUFFICIENT_ROE | METRIC_COVERAGE_INSUFFICIENT_ROIC | EARLY_REVENUE_RECOVERY | RECOVERY_CORROBORATED | HISTORICAL_VALUATION_LOW | SIMPLIFIED_DCF_AVAILABLE | MOPS_CONSOLIDATED_PREFERRED_OVER_INDIVIDUAL,MOPS_EXACT,5e6cf6b97c600aa662e5e0052b711d6ac02d209f3efc041c181920995bc6cdb5,True
2327,2019-03-31,2019-05-13T15:51:39+08:00,2019-05-13,2019-05-14,UNKNOWN,STABLE,CONFIRMED_GROWTH,LOW,INSUFFICIENT,METRIC_COVERAGE_INSUFFICIENT_TTM_REVENUE | METRIC_COVERAGE_INSUFFICIENT_TTM_EPS | METRIC_COVERAGE_INSUFFICIENT_ROE | METRIC_COVERAGE_INSUFFICIENT_ROIC | GROWTH_CONFIRMED_THREE_PERIODS | HISTORICAL_VALUATION_LOW | SIMPLIFIED_DCF_AVAILABLE | MOPS_SINGLE_ELIGIBLE_FILING,MOPS_EXACT,8ef421395ad6869ce37aeecc6d83562428a521d1dd43f0734d36ba0a0f4db019,True
2327,2019-06-30,2019-08-12T16:17:36+08:00,2019-08-12,2019-08-13,UNKNOWN,STABLE,DECELERATING,LOW,INSUFFICIENT,METRIC_COVERAGE_INSUFFICIENT_TTM_REVENUE | METRIC_COVERAGE_INSUFFICIENT_TTM_EPS | METRIC_COVERAGE_INSUFFICIENT_ROE | METRIC_COVERAGE_INSUFFICIENT_ROIC | POSITIVE_GROWTH_DECELERATING | HISTORICAL_VALUATION_LOW | SIMPLIFIED_DCF_AVAILABLE | MOPS_SINGLE_ELIGIBLE_FILING,MOPS_EXACT,673af0d1607851b61b36e2c25ac71833539149791d5d4e4115a28be48756a1a6,True
2327,2019-09-30,2019-11-08T16:59:11+08:00,2019-11-08,2019-11-11,UNKNOWN,DETERIORATING,DETERIORATING,NORMAL,INSUFFICIENT,METRIC_COVERAGE_INSUFFICIENT_ROE | METRIC_COVERAGE_INSUFFICIENT_ROIC | DETERIORATION_CORROBORATED | HISTORICAL_VALUATION_NORMAL | SIMPLIFIED_DCF_AVAILABLE | MOPS_SINGLE_ELIGIBLE_FILING,MOPS_EXACT,c9004d8d8fbe71750291e4ed2ce37b429753d8961888a9cf5bb0387f6b207551,True
2327,2019-12-31,2020-03-06T13:24:24+08:00,2020-03-06,2020-03-09,WEAK,DETERIORATING,DETERIORATING,NORMAL,OK,PROFITABILITY_DURABLE | GROWTH_DURABLE | CASH_CONVERSION_SUPPORTED | BALANCE_SHEET_RESILIENT_NOT_ESTABLISHED | INTEREST_COVERAGE_NOT_ESTABLISHED | DETERIORATION_CORROBORATED | HISTORICAL_VALUATION_NORMAL | SIMPLIFIED_DCF_AVAILABLE | MOPS_CONSOLIDATED_PREFERRED_OVER_INDIVIDUAL,MOPS_EXACT,9faf9e4a0a33d162fc8763d66587ba3e3c8777d6ed5c9ba7a74db82f7095f7ef,True
2327,2020-03-31,2020-05-14T13:57:33+08:00,2020-05-14,2020-05-15,WEAK,UNKNOWN,UNKNOWN,HIGH,OK,PROFITABILITY_DURABLE | GROWTH_DURABLE | CASH_CONVERSION_SUPPORTED | BALANCE_SHEET_RESILIENT_NOT_ESTABLISHED | INTEREST_COVERAGE_NOT_ESTABLISHED | MIXED_FUNDAMENTAL_DIRECTION | HISTORICAL_VALUATION_HIGH | SIMPLIFIED_DCF_NOT_APPLICABLE | MOPS_SINGLE_ELIGIBLE_FILING,MOPS_EXACT,ff9d9a361ac86af1da6faca769127904d12d6b65b94f66e7fd44a1f62c35feb1,True
2327,2020-06-30,2020-08-14T17:01:03+08:00,2020-08-14,2020-08-17,UNKNOWN,UNKNOWN,UNKNOWN,NORMAL,INSUFFICIENT,METRIC_COVERAGE_INSUFFICIENT_TTM_FCF | MIXED_FUNDAMENTAL_DIRECTION | HISTORICAL_VALUATION_NORMAL | SIMPLIFIED_DCF_NOT_APPLICABLE | MOPS_SINGLE_ELIGIBLE_FILING,MOPS_EXACT,a885c0aff15c031089a5ef9a473a77eb26c47044a0dc0984b34f4454375bdb65,True
2327,2020-09-30,2020-11-13T15:34:02+08:00,2020-11-13,2020-11-16,UNKNOWN,IMPROVING,TURNING_UP,NORMAL,INSUFFICIENT,METRIC_COVERAGE_INSUFFICIENT_TTM_FCF | EARLY_REVENUE_RECOVERY | RECOVERY_CORROBORATED | HISTORICAL_VALUATION_NORMAL | SIMPLIFIED_DCF_NOT_APPLICABLE | MOPS_SINGLE_ELIGIBLE_FILING,MOPS_EXACT,9d894d3a83665074dcd9fa3b06c478209c360a44fc9633d5fc6440963c890355,True
2327,2020-12-31,2021-03-26T16:43:47+08:00,2021-03-26,2021-03-29,UNKNOWN,IMPROVING,TURNING_UP,HIGH,INSUFFICIENT,METRIC_COVERAGE_INSUFFICIENT_TTM_FCF | EARLY_REVENUE_RECOVERY | RECOVERY_CORROBORATED | HISTORICAL_VALUATION_HIGH | SIMPLIFIED_DCF_NOT_APPLICABLE | MOPS_CONSOLIDATED_PREFERRED_OVER_INDIVIDUAL,MOPS_EXACT,0ed784835411b9e90037b8fd966936f673ffe9232865f16ba5b4fbfc56be173a,True
2327,2021-03-31,2021-05-10T18:04:22+08:00,2021-05-10,2021-05-11,UNKNOWN,IMPROVING,TURNING_UP,NORMAL,INSUFFICIENT,METRIC_COVERAGE_INSUFFICIENT_TTM_FCF | EARLY_REVENUE_RECOVERY | RECOVERY_CORROBORATED | HISTORICAL_VALUATION_NORMAL | SIMPLIFIED_DCF_AVAILABLE | MOPS_SINGLE_ELIGIBLE_FILING,MOPS_EXACT,1afa9ef2bd6419476c730561801a358a6c8516afe532e2ec96c61db8c2309e2b,True
2327,2021-06-30,2021-08-16T14:38:26+08:00,2021-08-16,2021-08-17,WEAK,STABLE,CONFIRMED_GROWTH,NORMAL,OK,PROFITABILITY_DURABLE | GROWTH_DURABLE_NOT_ESTABLISHED | CASH_CONVERSION_SUPPORTED | BALANCE_SHEET_RESILIENT_NOT_ESTABLISHED | INTEREST_COVERAGE_NOT_ESTABLISHED | GROWTH_CONFIRMED_THREE_PERIODS | HISTORICAL_VALUATION_NORMAL | SIMPLIFIED_DCF_AVAILABLE | MOPS_SINGLE_ELIGIBLE_FILING,MOPS_EXACT,25193dab9d6630b4c5eaebf2ac1ee7381ce3d1e2fe0db026409bec7cc9f53d97,True
2327,2021-09-30,2021-11-15T14:04:27+08:00,2021-11-15,2021-11-16,WEAK,STABLE,CONFIRMED_GROWTH,NORMAL,OK,PROFITABILITY_DURABLE | GROWTH_DURABLE_NOT_ESTABLISHED | CASH_CONVERSION_SUPPORTED | BALANCE_SHEET_RESILIENT_NOT_ESTABLISHED | INTEREST_COVERAGE_NOT_ESTABLISHED | GROWTH_CONFIRMED_THREE_PERIODS | HISTORICAL_VALUATION_NORMAL | SIMPLIFIED_DCF_AVAILABLE | MOPS_SINGLE_ELIGIBLE_FILING,MOPS_EXACT,bee385b85d3fdf09ef20c5c2621b4b1e3725282a02b5464f3eff0f5b5a8c8129,True
2327,2021-12-31,2022-03-29T18:09:32+08:00,2022-03-29,2022-03-30,WEAK,STABLE,CONFIRMED_GROWTH,LOW,OK,PROFITABILITY_DURABLE | GROWTH_DURABLE_NOT_ESTABLISHED | CASH_CONVERSION_SUPPORTED | BALANCE_SHEET_RESILIENT_NOT_ESTABLISHED | INTEREST_COVERAGE_NOT_ESTABLISHED | GROWTH_CONFIRMED_THREE_PERIODS | HISTORICAL_VALUATION_LOW | SIMPLIFIED_DCF_AVAILABLE | MOPS_CONSOLIDATED_PREFERRED_OVER_INDIVIDUAL,MOPS_EXACT,5e10395179ce7a155f867f9b572c6f2c2a555a694c008b3627b3255e63937e0f,True
2327,2022-03-31,2022-05-16T15:37:07+08:00,2022-05-16,2022-05-17,WEAK,STABLE,CONFIRMED_GROWTH,LOW,OK,PROFITABILITY_DURABLE | GROWTH_DURABLE_NOT_ESTABLISHED | CASH_CONVERSION_SUPPORTED | BALANCE_SHEET_RESILIENT_NOT_ESTABLISHED | INTEREST_COVERAGE_NOT_ESTABLISHED | GROWTH_CONFIRMED_THREE_PERIODS | HISTORICAL_VALUATION_LOW | SIMPLIFIED_DCF_AVAILABLE | MOPS_SINGLE_ELIGIBLE_FILING,MOPS_EXACT,eba4a0e2c8415f3980ee9d1f5e55eeb612aa50a6585877aef76afb0c8cf7e09f,True
2327,2022-06-30,2022-08-15T16:28:02+08:00,2022-08-15,2022-08-16,WEAK,STABLE,CONFIRMED_GROWTH,LOW,OK,PROFITABILITY_DURABLE | GROWTH_DURABLE_NOT_ESTABLISHED | CASH_CONVERSION_SUPPORTED | BALANCE_SHEET_RESILIENT_NOT_ESTABLISHED | INTEREST_COVERAGE_NOT_ESTABLISHED | GROWTH_CONFIRMED_THREE_PERIODS | HISTORICAL_VALUATION_LOW | SIMPLIFIED_DCF_AVAILABLE | MOPS_SINGLE_ELIGIBLE_FILING,MOPS_EXACT,eeb4ec7b44478f33b3b833a014c766f5bd5ce10fdf071ce8b6f0a1acdf24e685,True
2327,2022-09-30,2022-11-14T15:32:26+08:00,2022-11-14,2022-11-15,WEAK,DETERIORATING,DETERIORATING,LOW,OK,PROFITABILITY_DURABLE | GROWTH_DURABLE_NOT_ESTABLISHED | CASH_CONVERSION_SUPPORTED | BALANCE_SHEET_RESILIENT_NOT_ESTABLISHED | INTEREST_COVERAGE_NOT_ESTABLISHED | DETERIORATION_CORROBORATED | HISTORICAL_VALUATION_LOW | SIMPLIFIED_DCF_AVAILABLE | MOPS_SINGLE_ELIGIBLE_FILING,MOPS_EXACT,cdd49bfb06102b48d8ad38efdea12a8e629859e5feda9a15ef76cdc8d8b2df2c,True
2327,2022-12-31,2023-03-29T17:36:43+08:00,2023-03-29,2023-03-30,WEAK,DETERIORATING,DETERIORATING,NORMAL,OK,PROFITABILITY_DURABLE | GROWTH_DURABLE | CASH_CONVERSION_SUPPORTED | BALANCE_SHEET_RESILIENT_NOT_ESTABLISHED | INTEREST_COVERAGE_NOT_ESTABLISHED | DETERIORATION_CORROBORATED | HISTORICAL_VALUATION_NORMAL | SIMPLIFIED_DCF_AVAILABLE | MOPS_CONSOLIDATED_PREFERRED_OVER_INDIVIDUAL,MOPS_EXACT,dc858ed04dca6132c3f82162c2eb6527a9e51d998bdf441b9bb06fd31c472f04,True
2327,2023-03-31,2023-05-12T16:55:46+08:00,2023-05-12,2023-05-15,WEAK,DETERIORATING,DETERIORATING,NORMAL,PARTIAL,PROFITABILITY_DURABLE | GROWTH_DURABLE | CASH_CONVERSION_SUPPORTED | BALANCE_SHEET_RESILIENT_NOT_ESTABLISHED | INTEREST_COVERAGE_NOT_ESTABLISHED | DETERIORATION_CORROBORATED | HISTORICAL_VALUATION_NORMAL | SIMPLIFIED_DCF_AVAILABLE | MOPS_SINGLE_ELIGIBLE_FILING,MOPS_EXACT,2b066447b87a2e696bd4a3d8d845dfce9d389cee868b773567fb7d49f0f6639b,True
2327,2023-06-30,2023-08-14T14:49:33+08:00,2023-08-14,2023-08-15,WEAK,DETERIORATING,DETERIORATING,NORMAL,OK,PROFITABILITY_DURABLE | GROWTH_DURABLE | CASH_CONVERSION_SUPPORTED | BALANCE_SHEET_RESILIENT_NOT_ESTABLISHED | INTEREST_COVERAGE_NOT_ESTABLISHED | DETERIORATION_CORROBORATED | HISTORICAL_VALUATION_NORMAL | SIMPLIFIED_DCF_AVAILABLE | MOPS_SINGLE_ELIGIBLE_FILING,MOPS_EXACT,a377ebd50978200093a5a70abc76db006be410eb95eebc9b4fb36a6834944642,True
2327,2023-09-30,2023-11-14T14:35:42+08:00,2023-11-14,2023-11-15,WEAK,DETERIORATING,DETERIORATING,NORMAL,OK,PROFITABILITY_DURABLE | GROWTH_DURABLE | CASH_CONVERSION_SUPPORTED | BALANCE_SHEET_RESILIENT_NOT_ESTABLISHED | INTEREST_COVERAGE_NOT_ESTABLISHED | DETERIORATION_CORROBORATED | HISTORICAL_VALUATION_NORMAL | SIMPLIFIED_DCF_AVAILABLE | MOPS_SINGLE_ELIGIBLE_FILING,MOPS_EXACT,d790d6adc6c18844b845d0491232ed14b335464fa2a2ab23e568901731c7a4d9,True
2327,2023-12-31,2024-03-27T15:12:18+08:00,2024-03-27,2024-03-28,WEAK,DETERIORATING,DETERIORATING,NORMAL,OK,PROFITABILITY_DURABLE | GROWTH_DURABLE | CASH_CONVERSION_SUPPORTED | BALANCE_SHEET_RESILIENT_NOT_ESTABLISHED | INTEREST_COVERAGE_NOT_ESTABLISHED | DETERIORATION_CORROBORATED | HISTORICAL_VALUATION_NORMAL | SIMPLIFIED_DCF_AVAILABLE | MOPS_CONSOLIDATED_PREFERRED_OVER_INDIVIDUAL,MOPS_EXACT,9afb276b0119c75dd4851f6747cd5734145531be50b68616e33db19fb104a5e5,True
2327,2024-03-31,2024-05-15T16:10:58+08:00,2024-05-15,2024-05-16,WEAK,UNKNOWN,UNKNOWN,NORMAL,OK,PROFITABILITY_DURABLE | GROWTH_DURABLE | CASH_CONVERSION_SUPPORTED | BALANCE_SHEET_RESILIENT_NOT_ESTABLISHED | INTEREST_COVERAGE_NOT_ESTABLISHED | MIXED_FUNDAMENTAL_DIRECTION | HISTORICAL_VALUATION_NORMAL | SIMPLIFIED_DCF_AVAILABLE | MOPS_SINGLE_ELIGIBLE_FILING,MOPS_EXACT,60ce08ab323e5c89119a1175709e602da700e0412c65ef40e3db3c9a80cef16a,True
2327,2024-06-30,2024-08-14T13:39:53+08:00,2024-08-14,2024-08-15,WEAK,IMPROVING,TURNING_UP,NORMAL,OK,PROFITABILITY_DURABLE | GROWTH_DURABLE | CASH_CONVERSION_SUPPORTED | BALANCE_SHEET_RESILIENT_NOT_ESTABLISHED | INTEREST_COVERAGE_NOT_ESTABLISHED | EARLY_REVENUE_RECOVERY | RECOVERY_CORROBORATED | HISTORICAL_VALUATION_NORMAL | SIMPLIFIED_DCF_AVAILABLE | MOPS_SINGLE_ELIGIBLE_FILING,MOPS_EXACT,798b113176e2598119a9b5ba6fbd5816cca0a384360b6ba497f82b7974f3da19,True
2327,2024-09-30,2024-11-14T09:18:48+08:00,2024-11-14,2024-11-15,WEAK,UNKNOWN,UNKNOWN,NORMAL,OK,PROFITABILITY_DURABLE | GROWTH_DURABLE | CASH_CONVERSION_SUPPORTED | BALANCE_SHEET_RESILIENT_NOT_ESTABLISHED | INTEREST_COVERAGE_NOT_ESTABLISHED | MIXED_FUNDAMENTAL_DIRECTION | HISTORICAL_VALUATION_NORMAL | SIMPLIFIED_DCF_AVAILABLE | MOPS_SINGLE_ELIGIBLE_FILING,MOPS_EXACT,964147b11350db70425931a9f732a971ff9e2911db8ca6115f694915f5cebad1,True
2327,2024-12-31,2025-03-28T16:54:03+08:00,2025-03-28,2025-03-31,WEAK,IMPROVING,TURNING_UP,NORMAL,OK,PROFITABILITY_DURABLE | GROWTH_DURABLE_NOT_ESTABLISHED | CASH_CONVERSION_SUPPORTED | BALANCE_SHEET_RESILIENT_NOT_ESTABLISHED | INTEREST_COVERAGE_NOT_ESTABLISHED | EARLY_REVENUE_RECOVERY | RECOVERY_CORROBORATED | HISTORICAL_VALUATION_NORMAL | SIMPLIFIED_DCF_AVAILABLE | MOPS_CONSOLIDATED_PREFERRED_OVER_INDIVIDUAL,MOPS_EXACT,5f9f0360c2c862869cc1e05fb0c9fdeed8ef44c27439640335b7c8f283f3b9da,True
2327,2025-03-31,2025-05-15T16:55:03+08:00,2025-05-15,2025-05-16,WEAK,UNKNOWN,UNKNOWN,NORMAL,OK,PROFITABILITY_DURABLE | GROWTH_DURABLE_NOT_ESTABLISHED | CASH_CONVERSION_SUPPORTED | BALANCE_SHEET_RESILIENT_NOT_ESTABLISHED | INTEREST_COVERAGE_NOT_ESTABLISHED | MIXED_FUNDAMENTAL_DIRECTION | HISTORICAL_VALUATION_NORMAL | SIMPLIFIED_DCF_AVAILABLE | MOPS_SINGLE_ELIGIBLE_FILING,MOPS_EXACT,94743c7b38aa9c203e353e0b7f385ffa21e450be1ed2f8b872b18cdb42fa381b,True
2327,2025-06-30,2025-08-14T15:35:05+08:00,2025-08-14,2025-08-15,ACCEPTABLE,DETERIORATING,DETERIORATING,NORMAL,OK,PROFITABILITY_DURABLE | GROWTH_DURABLE_NOT_ESTABLISHED | CASH_CONVERSION_SUPPORTED | BALANCE_SHEET_RESILIENT | INTEREST_COVERAGE_SUPPORTED | DETERIORATION_CORROBORATED | HISTORICAL_VALUATION_NORMAL | SIMPLIFIED_DCF_AVAILABLE | MOPS_SINGLE_ELIGIBLE_FILING,MOPS_EXACT,ec898090c43503726e13a8a657eda32f570b379fd454a52a16ff75291756257a,True
2327,2025-09-30,2025-11-13T17:58:20+08:00,2025-11-13,2025-11-14,ACCEPTABLE,DETERIORATING,DETERIORATING,LOW,OK,PROFITABILITY_DURABLE | GROWTH_DURABLE_NOT_ESTABLISHED | CASH_CONVERSION_SUPPORTED | BALANCE_SHEET_RESILIENT | INTEREST_COVERAGE_SUPPORTED | DETERIORATION_CORROBORATED | HISTORICAL_VALUATION_LOW | SIMPLIFIED_DCF_AVAILABLE | MOPS_SINGLE_ELIGIBLE_FILING,MOPS_EXACT,ec56ce8e51b68de0f2266bec67c6d1e81607fa4818f0878b220cd3fcf0d55acb,True
2327,2025-12-31,2026-03-31T16:54:04+08:00,2026-03-31,2026-04-01,ACCEPTABLE,UNKNOWN,UNKNOWN,NORMAL,OK,PROFITABILITY_DURABLE | GROWTH_DURABLE_NOT_ESTABLISHED | CASH_CONVERSION_SUPPORTED | BALANCE_SHEET_RESILIENT | INTEREST_COVERAGE_SUPPORTED | MIXED_FUNDAMENTAL_DIRECTION | HISTORICAL_VALUATION_NORMAL | SIMPLIFIED_DCF_AVAILABLE | MOPS_CONSOLIDATED_PREFERRED_OVER_INDIVIDUAL,MOPS_EXACT,a8c1807cce3a29827313739fc799232d2a95fd1bb5fd5bcb795601c2c33f8b72,True
2327,2026-03-31,2026-05-15T14:25:09+08:00,2026-05-15,2026-05-18,ACCEPTABLE,IMPROVING,TURNING_UP,HIGH,OK,PROFITABILITY_DURABLE | GROWTH_DURABLE_NOT_ESTABLISHED | CASH_CONVERSION_SUPPORTED | BALANCE_SHEET_RESILIENT | INTEREST_COVERAGE_SUPPORTED | EARLY_REVENUE_RECOVERY | RECOVERY_CORROBORATED | HISTORICAL_VALUATION_HIGH | SIMPLIFIED_DCF_AVAILABLE | MOPS_SINGLE_ELIGIBLE_FILING,MOPS_EXACT,a0a0bcfb569f31b1e098aa3a1d18676078a715f167a95af40a4ca2fccf08329e,True
2327,2026-06-30,2026-08-14T15:04:28+08:00,2026-08-14,2026-08-17,ACCEPTABLE,IMPROVING,TURNING_UP,HIGH,OK,PROFITABILITY_DURABLE | GROWTH_DURABLE_NOT_ESTABLISHED | CASH_CONVERSION_SUPPORTED | BALANCE_SHEET_RESILIENT | INTEREST_COVERAGE_SUPPORTED | EARLY_REVENUE_RECOVERY | RECOVERY_CORROBORATED | HISTORICAL_VALUATION_HIGH | SIMPLIFIED_DCF_AVAILABLE | MOPS_SINGLE_ELIGIBLE_FILING,MOPS_EXACT,3a719ec8861432ce43cf326674564f1eb30912e995000f7b61788bc8bed97f35,True
2330,2016-03-31,2016-05-11T10:17:32+08:00,2016-05-11,2016-05-12,UNKNOWN,UNKNOWN,UNKNOWN,N/M,INSUFFICIENT,QUALITY_HISTORY_INSUFFICIENT | STATE_HISTORY_INSUFFICIENT | VALUATION_HISTORY_INSUFFICIENT | SIMPLIFIED_DCF_NOT_APPLICABLE | MOPS_SINGLE_ELIGIBLE_FILING,MOPS_EXACT,55f4b6642785f965cb0380ec45a82d99edf92b81c48e6a961ea345af5ac8d827,True
2330,2016-06-30,2016-08-04T14:21:03+08:00,2016-08-04,2016-08-05,UNKNOWN,UNKNOWN,UNKNOWN,HIGH,INSUFFICIENT,QUALITY_HISTORY_INSUFFICIENT | STATE_HISTORY_INSUFFICIENT | HISTORICAL_VALUATION_HIGH | SIMPLIFIED_DCF_NOT_APPLICABLE | MOPS_SINGLE_ELIGIBLE_FILING,MOPS_EXACT,e7cb4a29fb37bc3f2c1bface7fb58d6e02ea80c633d5a19aeb8ee3ef2e738331,True
2330,2016-09-30,2016-11-09T14:21:21+08:00,2016-11-09,2016-11-10,UNKNOWN,UNKNOWN,UNKNOWN,NORMAL,INSUFFICIENT,QUALITY_HISTORY_INSUFFICIENT | STATE_HISTORY_INSUFFICIENT | HISTORICAL_VALUATION_NORMAL | SIMPLIFIED_DCF_NOT_APPLICABLE | MOPS_SINGLE_ELIGIBLE_FILING,MOPS_EXACT,170ea7bbe148015e20d88fdde73dbcd5fbb1450bae821546a3c4f514cafa8156,True
2330,2016-12-31,2017-02-16T16:14:39+08:00,2017-02-16,2017-02-17,UNKNOWN,UNKNOWN,UNKNOWN,NORMAL,INSUFFICIENT,QUALITY_HISTORY_INSUFFICIENT | STATE_HISTORY_INSUFFICIENT | HISTORICAL_VALUATION_NORMAL | SIMPLIFIED_DCF_AVAILABLE | MOPS_CONSOLIDATED_PREFERRED_OVER_INDIVIDUAL,MOPS_EXACT,3cf6fc5f7f53ab95731e363b2c7eb1d7cca59f55a4b1d88680a297c2d7d0a70e,True
2330,2017-03-31,2017-05-10T16:49:37+08:00,2017-05-10,2017-05-11,UNKNOWN,UNKNOWN,UNKNOWN,NORMAL,INSUFFICIENT,QUALITY_HISTORY_INSUFFICIENT | STATE_HISTORY_INSUFFICIENT | HISTORICAL_VALUATION_NORMAL | SIMPLIFIED_DCF_AVAILABLE | MOPS_SINGLE_ELIGIBLE_FILING,MOPS_EXACT,762f19c1a5cc96adf53bad1036a19216b0e4e061635e03e157523321bfcee3b1,True
2330,2017-06-30,2017-08-08T18:27:51+08:00,2017-08-08,2017-08-09,UNKNOWN,UNKNOWN,UNKNOWN,HIGH,INSUFFICIENT,QUALITY_HISTORY_INSUFFICIENT | STATE_HISTORY_INSUFFICIENT | HISTORICAL_VALUATION_HIGH | SIMPLIFIED_DCF_AVAILABLE | MOPS_SINGLE_ELIGIBLE_FILING,MOPS_EXACT,bf3e5e07b7e4d2b0e7072331069f6ec057f27a313f66a265f224294a6d52dd9b,True
2330,2017-09-30,2017-11-14T14:27:21+08:00,2017-11-14,2017-11-15,UNKNOWN,UNKNOWN,UNKNOWN,HIGH,INSUFFICIENT,QUALITY_HISTORY_INSUFFICIENT | STATE_HISTORY_INSUFFICIENT | HISTORICAL_VALUATION_HIGH | SIMPLIFIED_DCF_AVAILABLE | MOPS_SINGLE_ELIGIBLE_FILING,MOPS_EXACT,58b101c6644c300994172bf62952b1e1df96ad6e53baea54265d1ce94d03686d,True
2330,2017-12-31,2018-02-21T15:15:08+08:00,2018-02-21,2018-02-22,UNKNOWN,UNKNOWN,UNKNOWN,HIGH,INSUFFICIENT,QUALITY_HISTORY_INSUFFICIENT | STATE_HISTORY_INSUFFICIENT | HISTORICAL_VALUATION_HIGH | SIMPLIFIED_DCF_AVAILABLE | MOPS_CONSOLIDATED_PREFERRED_OVER_INDIVIDUAL,MOPS_EXACT,9e28530ae72b12486b55ac7463f17682860bd36abe4853a9e2560e972387a161,True
2330,2018-03-31,2018-05-02T16:37:24+08:00,2018-05-02,2018-05-03,UNKNOWN,UNKNOWN,UNKNOWN,NORMAL,INSUFFICIENT,QUALITY_HISTORY_INSUFFICIENT | STATE_HISTORY_INSUFFICIENT | HISTORICAL_VALUATION_NORMAL | SIMPLIFIED_DCF_AVAILABLE | MOPS_SINGLE_ELIGIBLE_FILING,MOPS_EXACT,b115efebbd9b865ad7f37a3035e7d3c61ec94671f5dbdf9b5d29b6484104d0e1,True
2330,2018-06-30,2018-08-14T14:35:38+08:00,2018-08-14,2018-08-15,UNKNOWN,UNKNOWN,UNKNOWN,HIGH,INSUFFICIENT,QUALITY_HISTORY_INSUFFICIENT | STATE_HISTORY_INSUFFICIENT | HISTORICAL_VALUATION_HIGH | SIMPLIFIED_DCF_AVAILABLE | MOPS_SINGLE_ELIGIBLE_FILING,MOPS_EXACT,9b8f8498c0392bfae801867b14065747cf159cc49199db62583af246d3fa06e6,True
2330,2018-09-30,2018-11-13T18:48:15+08:00,2018-11-13,2018-11-14,UNKNOWN,IMPROVING,TURNING_UP,NORMAL,INSUFFICIENT,QUALITY_HISTORY_INSUFFICIENT | EARLY_REVENUE_RECOVERY | RECOVERY_CORROBORATED | HISTORICAL_VALUATION_NORMAL | SIMPLIFIED_DCF_AVAILABLE | MOPS_SINGLE_ELIGIBLE_FILING,MOPS_EXACT,7365c7ed4b9faf62b741ca34292defbf59335d46142952d571357f5dee9710a5,True
2330,2018-12-31,2019-02-22T16:15:30+08:00,2019-02-22,2019-02-25,UNKNOWN,STABLE,CONFIRMED_GROWTH,NORMAL,INSUFFICIENT,METRIC_COVERAGE_INSUFFICIENT_TTM_REVENUE | METRIC_COVERAGE_INSUFFICIENT_TTM_EPS | METRIC_COVERAGE_INSUFFICIENT_ROE | METRIC_COVERAGE_INSUFFICIENT_ROIC | GROWTH_CONFIRMED_THREE_PERIODS | HISTORICAL_VALUATION_NORMAL | SIMPLIFIED_DCF_AVAILABLE | MOPS_CONSOLIDATED_PREFERRED_OVER_INDIVIDUAL,MOPS_EXACT,c0a8f951e91d0cacd52c04ddf7b560d6dd29d15dd449b785549a09a7837583b4,True
2330,2019-03-31,2019-05-15T13:41:47+08:00,2019-05-15,2019-05-16,UNKNOWN,DETERIORATING,DETERIORATING,NORMAL,INSUFFICIENT,METRIC_COVERAGE_INSUFFICIENT_TTM_REVENUE | METRIC_COVERAGE_INSUFFICIENT_TTM_EPS | METRIC_COVERAGE_INSUFFICIENT_ROE | METRIC_COVERAGE_INSUFFICIENT_ROIC | DETERIORATION_CORROBORATED | HISTORICAL_VALUATION_NORMAL | SIMPLIFIED_DCF_AVAILABLE | MOPS_SINGLE_ELIGIBLE_FILING,MOPS_EXACT,bba8b2382ab3af0cf62336607e2e13ecf0d2f6e29b95f093153c8ed725748ade,True
2330,2019-06-30,2019-08-14T15:09:42+08:00,2019-08-14,2019-08-15,UNKNOWN,DETERIORATING,DETERIORATING,HIGH,INSUFFICIENT,METRIC_COVERAGE_INSUFFICIENT_TTM_REVENUE | METRIC_COVERAGE_INSUFFICIENT_TTM_EPS | METRIC_COVERAGE_INSUFFICIENT_ROE | METRIC_COVERAGE_INSUFFICIENT_ROIC | DETERIORATION_CORROBORATED | HISTORICAL_VALUATION_HIGH | SIMPLIFIED_DCF_AVAILABLE | MOPS_SINGLE_ELIGIBLE_FILING,MOPS_EXACT,b863ec6bdb5ae23d6ca019b642cc30d8dcb3384390a0ecb01495da655c43407a,True
2330,2019-09-30,2019-11-14T13:53:36+08:00,2019-11-14,2019-11-15,UNKNOWN,UNKNOWN,UNKNOWN,HIGH,INSUFFICIENT,METRIC_COVERAGE_INSUFFICIENT_ROE | METRIC_COVERAGE_INSUFFICIENT_ROIC | MIXED_FUNDAMENTAL_DIRECTION | HISTORICAL_VALUATION_HIGH | SIMPLIFIED_DCF_AVAILABLE | MOPS_SINGLE_ELIGIBLE_FILING,MOPS_EXACT,26a9b0bea5937c7422241b8619db4b6ea129279ee8ac7131a03bea6dc0ef2b30,True
2330,2019-12-31,2020-02-27T13:33:51+08:00,2020-02-27,2020-03-02,ACCEPTABLE,IMPROVING,TURNING_UP,HIGH,PARTIAL,PROFITABILITY_DURABLE | GROWTH_DURABLE_NOT_ESTABLISHED | CASH_CONVERSION_SUPPORTED | BALANCE_SHEET_RESILIENT | INTEREST_COVERAGE_SUPPORTED | EARLY_REVENUE_RECOVERY | RECOVERY_CORROBORATED | HISTORICAL_VALUATION_HIGH | SIMPLIFIED_DCF_AVAILABLE | MOPS_CONSOLIDATED_PREFERRED_OVER_INDIVIDUAL,MOPS_EXACT,1d728c4952906e64285226c5e652d989aab42cca7b8c5350e8bf6766c104ae27,True
2330,2020-03-31,2020-05-14T13:46:10+08:00,2020-05-14,2020-05-15,ACCEPTABLE,IMPROVING,TURNING_UP,NORMAL,OK,PROFITABILITY_DURABLE | GROWTH_DURABLE_NOT_ESTABLISHED | CASH_CONVERSION_SUPPORTED | BALANCE_SHEET_RESILIENT | INTEREST_COVERAGE_SUPPORTED | EARLY_REVENUE_RECOVERY | RECOVERY_CORROBORATED | HISTORICAL_VALUATION_NORMAL | SIMPLIFIED_DCF_AVAILABLE | MOPS_SINGLE_ELIGIBLE_FILING,MOPS_EXACT,4cab425127342f0a79cb83deb34451e3bfc815bf85192fcb4f51b8c7755728a9,True
2330,2020-06-30,2020-08-14T13:38:07+08:00,2020-08-14,2020-08-17,ACCEPTABLE,IMPROVING,TURNING_UP,HIGH,OK,PROFITABILITY_DURABLE | GROWTH_DURABLE_NOT_ESTABLISHED | CASH_CONVERSION_SUPPORTED | BALANCE_SHEET_RESILIENT | INTEREST_COVERAGE_SUPPORTED | EARLY_REVENUE_RECOVERY | RECOVERY_CORROBORATED | HISTORICAL_VALUATION_HIGH | SIMPLIFIED_DCF_AVAILABLE | MOPS_SINGLE_ELIGIBLE_FILING,MOPS_EXACT,e145c8ae02da0604fe8d36d44fae9dc5345b15377aa8ab3155c157e1b84e1332,True
2330,2020-09-30,2020-11-13T13:39:38+08:00,2020-11-13,2020-11-16,ACCEPTABLE,IMPROVING,TURNING_UP,HIGH,OK,PROFITABILITY_DURABLE | GROWTH_DURABLE_NOT_ESTABLISHED | CASH_CONVERSION_SUPPORTED | BALANCE_SHEET_RESILIENT | INTEREST_COVERAGE_SUPPORTED | EARLY_REVENUE_RECOVERY | RECOVERY_CORROBORATED | HISTORICAL_VALUATION_HIGH | SIMPLIFIED_DCF_AVAILABLE | MOPS_SINGLE_ELIGIBLE_FILING,MOPS_EXACT,fe800abfdb9d4b0713f030790c719e54b671ecffa2da5449e495ce4874958dd1,True
2330,2020-12-31,2021-02-26T13:51:49+08:00,2021-02-26,2021-03-02,GOOD,IMPROVING,TURNING_UP,HIGH,OK,PROFITABILITY_DURABLE | GROWTH_DURABLE | CASH_CONVERSION_SUPPORTED | BALANCE_SHEET_RESILIENT | INTEREST_COVERAGE_SUPPORTED | EARLY_REVENUE_RECOVERY | RECOVERY_CORROBORATED | HISTORICAL_VALUATION_HIGH | SIMPLIFIED_DCF_AVAILABLE | MOPS_CONSOLIDATED_PREFERRED_OVER_INDIVIDUAL,MOPS_EXACT,18d96369ef996e8aa526cd7a5c0eaaaaa62cc0fc3bccc7c1c5b1707d33ec1b43,True
2330,2021-03-31,2021-05-14T17:58:47+08:00,2021-05-14,2021-05-17,ACCEPTABLE,STABLE,CONFIRMED_GROWTH,HIGH,OK,PROFITABILITY_DURABLE | GROWTH_DURABLE_NOT_ESTABLISHED | CASH_CONVERSION_SUPPORTED | BALANCE_SHEET_RESILIENT | INTEREST_COVERAGE_SUPPORTED | GROWTH_CONFIRMED_THREE_PERIODS | HISTORICAL_VALUATION_HIGH | SIMPLIFIED_DCF_AVAILABLE | MOPS_SINGLE_ELIGIBLE_FILING,MOPS_EXACT,01733027bc066071976ed54f6f4eb726b98b0b396617c12001836940214f0550,True
2330,2021-06-30,2021-08-13T15:34:39+08:00,2021-08-13,2021-08-16,ACCEPTABLE,STABLE,CONFIRMED_GROWTH,HIGH,OK,PROFITABILITY_DURABLE | GROWTH_DURABLE_NOT_ESTABLISHED | CASH_CONVERSION_SUPPORTED | BALANCE_SHEET_RESILIENT | INTEREST_COVERAGE_SUPPORTED | GROWTH_CONFIRMED_THREE_PERIODS | HISTORICAL_VALUATION_HIGH | SIMPLIFIED_DCF_AVAILABLE | MOPS_SINGLE_ELIGIBLE_FILING,MOPS_EXACT,1e8c324a227d6ecf08a467b950a955e7073a182bccaa2d744f48df5b63ec44ae,True
2330,2021-09-30,2021-11-12T14:19:32+08:00,2021-11-12,2021-11-15,ACCEPTABLE,STABLE,CONFIRMED_GROWTH,HIGH,OK,PROFITABILITY_DURABLE | GROWTH_DURABLE_NOT_ESTABLISHED | CASH_CONVERSION_SUPPORTED | BALANCE_SHEET_RESILIENT | INTEREST_COVERAGE_SUPPORTED | GROWTH_CONFIRMED_THREE_PERIODS | HISTORICAL_VALUATION_HIGH | SIMPLIFIED_DCF_AVAILABLE | MOPS_SINGLE_ELIGIBLE_FILING,MOPS_EXACT,042f6543b54293f499f5847ca1857dc390c4938785d6a0156b9466c8f506942b,True
2330,2021-12-31,2022-02-25T13:47:55+08:00,2022-02-25,2022-03-01,GOOD,STABLE,MATURE_GROWTH,HIGH,PARTIAL,PROFITABILITY_DURABLE | GROWTH_DURABLE | CASH_CONVERSION_SUPPORTED | BALANCE_SHEET_RESILIENT | INTEREST_COVERAGE_SUPPORTED | SUSTAINED_GROWTH_EIGHT_PERIODS | HISTORICAL_VALUATION_HIGH | SIMPLIFIED_DCF_AVAILABLE | MOPS_CONSOLIDATED_PREFERRED_OVER_INDIVIDUAL,MOPS_EXACT,d2e0437e58a9ca88803916760499946c9777f4e8e2f5a485853119b805134752,True
2330,2022-03-31,2022-05-13T14:23:33+08:00,2022-05-13,2022-05-16,GOOD,IMPROVING,TURNING_UP,NORMAL,OK,PROFITABILITY_DURABLE | GROWTH_DURABLE | CASH_CONVERSION_SUPPORTED | BALANCE_SHEET_RESILIENT | INTEREST_COVERAGE_SUPPORTED | EARLY_REVENUE_RECOVERY | RECOVERY_CORROBORATED | HISTORICAL_VALUATION_NORMAL | SIMPLIFIED_DCF_AVAILABLE | MOPS_SINGLE_ELIGIBLE_FILING,MOPS_EXACT,a1f3d77a99839575c460359d70afa6270c7f2ec70ade2eb61d561009997dd330,True
2330,2022-06-30,2022-08-12T13:48:56+08:00,2022-08-12,2022-08-15,GOOD,IMPROVING,TURNING_UP,NORMAL,OK,PROFITABILITY_DURABLE | GROWTH_DURABLE | CASH_CONVERSION_SUPPORTED | BALANCE_SHEET_RESILIENT | INTEREST_COVERAGE_SUPPORTED | EARLY_REVENUE_RECOVERY | RECOVERY_CORROBORATED | HISTORICAL_VALUATION_NORMAL | SIMPLIFIED_DCF_AVAILABLE | MOPS_SINGLE_ELIGIBLE_FILING,MOPS_EXACT,905a6d9901c7e102c5f3f736ed93ea5725950fd950505eaaedb06392f613a950,True
2330,2022-09-30,2022-11-14T15:24:26+08:00,2022-11-14,2022-11-15,GOOD,IMPROVING,TURNING_UP,LOW,OK,PROFITABILITY_DURABLE | GROWTH_DURABLE | CASH_CONVERSION_SUPPORTED | BALANCE_SHEET_RESILIENT | INTEREST_COVERAGE_SUPPORTED | EARLY_REVENUE_RECOVERY | RECOVERY_CORROBORATED | HISTORICAL_VALUATION_LOW | SIMPLIFIED_DCF_AVAILABLE | MOPS_SINGLE_ELIGIBLE_FILING,MOPS_EXACT,a39f6761716f2db5a0b5b90a3472dd61e3a4cf15b979f8bf409465abb15f01ef,True
2330,2022-12-31,2023-02-24T14:49:57+08:00,2023-02-24,2023-03-01,GOOD,IMPROVING,TURNING_UP,LOW,OK,PROFITABILITY_DURABLE | GROWTH_DURABLE | CASH_CONVERSION_SUPPORTED | BALANCE_SHEET_RESILIENT | INTEREST_COVERAGE_SUPPORTED | EARLY_REVENUE_RECOVERY | RECOVERY_CORROBORATED | HISTORICAL_VALUATION_LOW | SIMPLIFIED_DCF_AVAILABLE | MOPS_CONSOLIDATED_PREFERRED_OVER_INDIVIDUAL,MOPS_EXACT,1a37241ebc9c5dea1cdeeff779b59c7781ddaeed037fbd6f499f25fc02dded68,True
2330,2023-03-31,2023-05-12T13:51:34+08:00,2023-05-12,2023-05-15,GOOD,STABLE,MATURE_GROWTH,LOW,OK,PROFITABILITY_DURABLE | GROWTH_DURABLE | CASH_CONVERSION_SUPPORTED | BALANCE_SHEET_RESILIENT | INTEREST_COVERAGE_SUPPORTED | SUSTAINED_GROWTH_EIGHT_PERIODS | HISTORICAL_VALUATION_LOW | SIMPLIFIED_DCF_AVAILABLE | MOPS_SINGLE_ELIGIBLE_FILING,MOPS_EXACT,1dd0e1ee079bed7081ee4edc88a1591f8a122436c9e0b9b51abaac6d51b38003,True
2330,2023-06-30,2023-08-14T14:51:09+08:00,2023-08-14,2023-08-15,GOOD,STABLE,MATURE_GROWTH,LOW,OK,PROFITABILITY_DURABLE | GROWTH_DURABLE | CASH_CONVERSION_SUPPORTED | BALANCE_SHEET_RESILIENT | INTEREST_COVERAGE_SUPPORTED | SUSTAINED_GROWTH_EIGHT_PERIODS | HISTORICAL_VALUATION_LOW | SIMPLIFIED_DCF_AVAILABLE | MOPS_SINGLE_ELIGIBLE_FILING,MOPS_EXACT,8bbb743ec1763dddbd7a6967bd4cebdac1f9427aaa9cb594b6ebb14a210123c9,True
2330,2023-09-30,2023-11-14T17:14:21+08:00,2023-11-14,2023-11-15,GOOD,STABLE,DECELERATING,NORMAL,PARTIAL,PROFITABILITY_DURABLE | GROWTH_DURABLE | CASH_CONVERSION_SUPPORTED | BALANCE_SHEET_RESILIENT | INTEREST_COVERAGE_SUPPORTED | POSITIVE_GROWTH_DECELERATING | HISTORICAL_VALUATION_NORMAL | SIMPLIFIED_DCF_AVAILABLE | MOPS_SINGLE_ELIGIBLE_FILING,MOPS_EXACT,31d123e946a9319fc54e36fd6a5f06ae388d142ac62bc5e45ab74c9b97e3d4b4,True
2330,2023-12-31,2024-02-29T16:22:02+08:00,2024-02-29,2024-03-01,ACCEPTABLE,DETERIORATING,DETERIORATING,NORMAL,OK,PROFITABILITY_DURABLE | GROWTH_DURABLE_NOT_ESTABLISHED | CASH_CONVERSION_SUPPORTED | BALANCE_SHEET_RESILIENT | INTEREST_COVERAGE_SUPPORTED | DETERIORATION_CORROBORATED | HISTORICAL_VALUATION_NORMAL | SIMPLIFIED_DCF_AVAILABLE | MOPS_CONSOLIDATED_PREFERRED_OVER_INDIVIDUAL,MOPS_EXACT,d0ef7a711263713b220d8ca31cb5c87628665540ba42c5d89d351221e9f47c79,True
2330,2024-03-31,2024-05-15T14:25:29+08:00,2024-05-15,2024-05-16,GOOD,UNKNOWN,UNKNOWN,HIGH,OK,PROFITABILITY_DURABLE | GROWTH_DURABLE | CASH_CONVERSION_SUPPORTED | BALANCE_SHEET_RESILIENT | INTEREST_COVERAGE_SUPPORTED | MIXED_FUNDAMENTAL_DIRECTION | HISTORICAL_VALUATION_HIGH | SIMPLIFIED_DCF_AVAILABLE | MOPS_SINGLE_ELIGIBLE_FILING,MOPS_EXACT,9c1bf336c620587cba8b9f2f3c34d3d81f26c75689d8f30eb7de0c668fd99e90,True
2330,2024-06-30,2024-08-14T15:09:10+08:00,2024-08-14,2024-08-15,GOOD,IMPROVING,TURNING_UP,HIGH,OK,PROFITABILITY_DURABLE | GROWTH_DURABLE | CASH_CONVERSION_SUPPORTED | BALANCE_SHEET_RESILIENT | INTEREST_COVERAGE_SUPPORTED | EARLY_REVENUE_RECOVERY | RECOVERY_CORROBORATED | HISTORICAL_VALUATION_HIGH | SIMPLIFIED_DCF_AVAILABLE | MOPS_SINGLE_ELIGIBLE_FILING,MOPS_EXACT,d9f4a02a0099370291b43d4ce6fab1c49aaa97fe96130417edc66ba2bc116e65,True
2330,2024-09-30,2024-11-14T18:03:20+08:00,2024-11-14,2024-11-15,GOOD,IMPROVING,TURNING_UP,HIGH,OK,PROFITABILITY_DURABLE | GROWTH_DURABLE | CASH_CONVERSION_SUPPORTED | BALANCE_SHEET_RESILIENT | INTEREST_COVERAGE_SUPPORTED | EARLY_REVENUE_RECOVERY | RECOVERY_CORROBORATED | HISTORICAL_VALUATION_HIGH | SIMPLIFIED_DCF_AVAILABLE | MOPS_SINGLE_ELIGIBLE_FILING,MOPS_EXACT,d285aa0fec3960c1086d0a487d5e1b05e3ebc453f714716ffe5e62040e0c5bfc,True
2330,2024-12-31,2025-02-27T14:01:14+08:00,2025-02-27,2025-03-03,GOOD,IMPROVING,TURNING_UP,NORMAL,OK,PROFITABILITY_DURABLE | GROWTH_DURABLE | CASH_CONVERSION_SUPPORTED | BALANCE_SHEET_RESILIENT | INTEREST_COVERAGE_SUPPORTED | EARLY_REVENUE_RECOVERY | RECOVERY_CORROBORATED | HISTORICAL_VALUATION_NORMAL | SIMPLIFIED_DCF_AVAILABLE | MOPS_CONSOLIDATED_PREFERRED_OVER_INDIVIDUAL,MOPS_EXACT,224519209b990541d221fb5fbcbab6859c0b19b2172b76b8df1131bc62261062,True
2330,2025-03-31,2025-05-15T13:40:15+08:00,2025-05-15,2025-05-16,GOOD,IMPROVING,TURNING_UP,NORMAL,OK,PROFITABILITY_DURABLE | GROWTH_DURABLE | CASH_CONVERSION_SUPPORTED | BALANCE_SHEET_RESILIENT | INTEREST_COVERAGE_SUPPORTED | EARLY_REVENUE_RECOVERY | RECOVERY_CORROBORATED | HISTORICAL_VALUATION_NORMAL | SIMPLIFIED_DCF_AVAILABLE | MOPS_SINGLE_ELIGIBLE_FILING,MOPS_EXACT,c2ba956e893250a75877ff3eca2ba7a44bc0fa4d42e93b9c680b067a99c7b511,True
2330,2025-06-30,2025-08-14T13:36:58+08:00,2025-08-14,2025-08-15,GOOD,STABLE,CONFIRMED_GROWTH,NORMAL,OK,PROFITABILITY_DURABLE | GROWTH_DURABLE | CASH_CONVERSION_SUPPORTED | BALANCE_SHEET_RESILIENT | INTEREST_COVERAGE_SUPPORTED | GROWTH_CONFIRMED_THREE_PERIODS | HISTORICAL_VALUATION_NORMAL | SIMPLIFIED_DCF_AVAILABLE | MOPS_SINGLE_ELIGIBLE_FILING,MOPS_EXACT,7f5a379f0c5f765bddbea3e24c2ace5b338a2e92180285d96806bd4dba1bf620,True
2330,2025-09-30,2025-11-14T13:42:22+08:00,2025-11-14,2025-11-17,GOOD,STABLE,CONFIRMED_GROWTH,NORMAL,OK,PROFITABILITY_DURABLE | GROWTH_DURABLE | CASH_CONVERSION_SUPPORTED | BALANCE_SHEET_RESILIENT | INTEREST_COVERAGE_SUPPORTED | GROWTH_CONFIRMED_THREE_PERIODS | HISTORICAL_VALUATION_NORMAL | SIMPLIFIED_DCF_AVAILABLE | MOPS_SINGLE_ELIGIBLE_FILING,MOPS_EXACT,3214ff3fdc1690d3214976cfb0f83081fc43d7e1f7de9238518ab4c71971b0a0,True
2330,2025-12-31,2026-02-26T17:23:30+08:00,2026-02-26,2026-03-02,GOOD,STABLE,CONFIRMED_GROWTH,HIGH,OK,PROFITABILITY_DURABLE | GROWTH_DURABLE | CASH_CONVERSION_SUPPORTED | BALANCE_SHEET_RESILIENT | INTEREST_COVERAGE_SUPPORTED | GROWTH_CONFIRMED_THREE_PERIODS | HISTORICAL_VALUATION_HIGH | SIMPLIFIED_DCF_AVAILABLE | MOPS_CONSOLIDATED_PREFERRED_OVER_INDIVIDUAL,MOPS_EXACT,cdc40583782ff40f06f7b14f872869b6d26c63c7faab64f56a4b363eea053c29,True
2330,2026-03-31,2026-05-15T14:43:02+08:00,2026-05-15,2026-05-18,GOOD,STABLE,CONFIRMED_GROWTH,HIGH,OK,PROFITABILITY_DURABLE | GROWTH_DURABLE | CASH_CONVERSION_SUPPORTED | BALANCE_SHEET_RESILIENT | INTEREST_COVERAGE_SUPPORTED | GROWTH_CONFIRMED_THREE_PERIODS | HISTORICAL_VALUATION_HIGH | SIMPLIFIED_DCF_AVAILABLE | MOPS_SINGLE_ELIGIBLE_FILING,MOPS_EXACT,4fcc4ada9ef777386b612911d75c8811dded519e50511d77886d66a1c4748a07,True
2330,2026-06-30,2026-08-14T13:59:44+08:00,2026-08-14,2026-08-17,GOOD,STABLE,MATURE_GROWTH,HIGH,OK,PROFITABILITY_DURABLE | GROWTH_DURABLE | CASH_CONVERSION_SUPPORTED | BALANCE_SHEET_RESILIENT | INTEREST_COVERAGE_SUPPORTED | SUSTAINED_GROWTH_EIGHT_PERIODS | HISTORICAL_VALUATION_HIGH | SIMPLIFIED_DCF_AVAILABLE | MOPS_SINGLE_ELIGIBLE_FILING,MOPS_EXACT,7adcf588337035a3c0bd41e535801d68a4d6642f65d09b76faeda0abc1f103b2,True
2344,2016-03-31,2016-04-28T17:04:43+08:00,2016-04-28,2016-04-29,UNKNOWN,UNKNOWN,UNKNOWN,N/M,INSUFFICIENT,QUALITY_HISTORY_INSUFFICIENT | STATE_HISTORY_INSUFFICIENT | VALUATION_SECTOR_CYCLICAL_NORMALIZED_EPS | SIMPLIFIED_DCF_NOT_APPLICABLE | MOPS_SINGLE_ELIGIBLE_FILING,MOPS_EXACT,2af05d8d67cf95d3cb28473dab1445982bf3e40412488c4bb8cf51cfaef194c5,True
2344,2016-06-30,2016-07-28T15:12:26+08:00,2016-07-28,2016-07-29,UNKNOWN,UNKNOWN,UNKNOWN,N/M,INSUFFICIENT,QUALITY_HISTORY_INSUFFICIENT | STATE_HISTORY_INSUFFICIENT | VALUATION_SECTOR_CYCLICAL_NORMALIZED_EPS | SIMPLIFIED_DCF_NOT_APPLICABLE | MOPS_SINGLE_ELIGIBLE_FILING,MOPS_EXACT,dce17cf75d39b62729b549fe0fedc395f92624889bd0c26310a03539bab4b1bd,True
2344,2016-09-30,2016-10-25T18:43:30+08:00,2016-10-25,2016-10-26,UNKNOWN,UNKNOWN,UNKNOWN,N/M,INSUFFICIENT,QUALITY_HISTORY_INSUFFICIENT | STATE_HISTORY_INSUFFICIENT | VALUATION_SECTOR_CYCLICAL_NORMALIZED_EPS | SIMPLIFIED_DCF_NOT_APPLICABLE | MOPS_SINGLE_ELIGIBLE_FILING,MOPS_EXACT,41bf87600c6c620a152d0acd0ab93c9b342a8648e68a881c5ffdbe639b6c21c6,True
2344,2016-12-31,2017-02-07T16:37:10+08:00,2017-02-07,2017-02-08,UNKNOWN,UNKNOWN,UNKNOWN,N/M,INSUFFICIENT,QUALITY_HISTORY_INSUFFICIENT | STATE_HISTORY_INSUFFICIENT | VALUATION_SECTOR_CYCLICAL_NORMALIZED_EPS | SIMPLIFIED_DCF_AVAILABLE | MOPS_CONSOLIDATED_PREFERRED_OVER_INDIVIDUAL,MOPS_EXACT,eec0433625d06c5e424715dc0993e4ee0d6bbb5703ae756bb71faa233f87c8f3,True
2344,2017-03-31,2017-04-28T16:59:26+08:00,2017-04-28,2017-05-02,UNKNOWN,UNKNOWN,UNKNOWN,N/M,INSUFFICIENT,QUALITY_HISTORY_INSUFFICIENT | STATE_HISTORY_INSUFFICIENT | VALUATION_SECTOR_CYCLICAL_NORMALIZED_EPS | SIMPLIFIED_DCF_AVAILABLE | MOPS_SINGLE_ELIGIBLE_FILING,MOPS_EXACT,fdd75618a082f84ea719ccbab66493f46ea8ca5c89393a192ef4de4316de1bc6,True
2344,2017-06-30,2017-07-28T14:45:51+08:00,2017-07-28,2017-07-31,UNKNOWN,UNKNOWN,UNKNOWN,N/M,INSUFFICIENT,QUALITY_HISTORY_INSUFFICIENT | STATE_HISTORY_INSUFFICIENT | VALUATION_SECTOR_CYCLICAL_NORMALIZED_EPS | SIMPLIFIED_DCF_NOT_APPLICABLE | MOPS_SINGLE_ELIGIBLE_FILING,MOPS_EXACT,83a31b80632e6aac5cc9f202156bb7a71d2b2316b145ec1b9beaf68a4c6f9eb9,True
2344,2017-09-30,2017-10-26T19:14:04+08:00,2017-10-26,2017-10-27,UNKNOWN,UNKNOWN,UNKNOWN,N/M,INSUFFICIENT,QUALITY_HISTORY_INSUFFICIENT | STATE_HISTORY_INSUFFICIENT | VALUATION_SECTOR_CYCLICAL_NORMALIZED_EPS | SIMPLIFIED_DCF_NOT_APPLICABLE | MOPS_SINGLE_ELIGIBLE_FILING,MOPS_EXACT,6b482f7b8a1622a4d877b9cf426d45932977af7aeb1150da11ca369bf3400bab,True
2344,2017-12-31,2018-02-02T17:05:18+08:00,2018-02-02,2018-02-05,UNKNOWN,UNKNOWN,UNKNOWN,N/M,INSUFFICIENT,QUALITY_HISTORY_INSUFFICIENT | STATE_HISTORY_INSUFFICIENT | VALUATION_SECTOR_CYCLICAL_NORMALIZED_EPS | SIMPLIFIED_DCF_NOT_APPLICABLE | MOPS_CONSOLIDATED_PREFERRED_OVER_INDIVIDUAL,MOPS_EXACT,8096997ce14ea8f6f431b1e2323b8c11bea44090ab954c14f6de3127b309e013,True
2344,2018-03-31,2018-04-25T10:35:21+08:00,2018-04-25,2018-04-26,UNKNOWN,UNKNOWN,UNKNOWN,N/M,INSUFFICIENT,QUALITY_HISTORY_INSUFFICIENT | STATE_HISTORY_INSUFFICIENT | VALUATION_SECTOR_CYCLICAL_NORMALIZED_EPS | SIMPLIFIED_DCF_NOT_APPLICABLE | MOPS_SINGLE_ELIGIBLE_FILING,MOPS_EXACT,5d6f1808b45f92ae293e96eead25d087a07ed077bc953eddd35131c42991fb4e,True
2344,2018-06-30,2018-07-27T16:49:27+08:00,2018-07-27,2018-07-30,UNKNOWN,UNKNOWN,UNKNOWN,N/M,INSUFFICIENT,QUALITY_HISTORY_INSUFFICIENT | STATE_HISTORY_INSUFFICIENT | VALUATION_SECTOR_CYCLICAL_NORMALIZED_EPS | SIMPLIFIED_DCF_NOT_APPLICABLE | MOPS_SINGLE_ELIGIBLE_FILING,MOPS_EXACT,ccc1963bd2c68e8dd3265a8bf9c1ff1c11fb95aa6a2bb2d13c9f112e50ebbde7,True
2344,2018-09-30,2018-10-28T18:11:46+08:00,2018-10-28,2018-10-29,UNKNOWN,STABLE,CONFIRMED_GROWTH,N/M,INSUFFICIENT,QUALITY_HISTORY_INSUFFICIENT | GROWTH_CONFIRMED_THREE_PERIODS | VALUATION_SECTOR_CYCLICAL_NORMALIZED_EPS | SIMPLIFIED_DCF_AVAILABLE | MOPS_SINGLE_ELIGIBLE_FILING,MOPS_EXACT,fb47799f723244290f602173fd22049bb84efc050e78ff4a056b0efc25181bfd,True
2344,2018-12-31,2019-02-01T14:40:15+08:00,2019-02-01,2019-02-11,UNKNOWN,STABLE,CONFIRMED_GROWTH,N/M,INSUFFICIENT,METRIC_COVERAGE_INSUFFICIENT_TTM_REVENUE | METRIC_COVERAGE_INSUFFICIENT_TTM_EPS | METRIC_COVERAGE_INSUFFICIENT_ROE | METRIC_COVERAGE_INSUFFICIENT_ROIC | SECTOR_LOGIC_CYCLICAL | GROWTH_CONFIRMED_THREE_PERIODS | VALUATION_SECTOR_CYCLICAL_NORMALIZED_EPS | SIMPLIFIED_DCF_NOT_APPLICABLE | MOPS_CONSOLIDATED_PREFERRED_OVER_INDIVIDUAL,MOPS_EXACT,b358a2d921de128a9d739469201d2d0887cb7c87703b46cf21052d6e4f08e2c4,True
2344,2019-03-31,2019-05-03T16:28:31+08:00,2019-05-03,2019-05-06,UNKNOWN,DETERIORATING,DETERIORATING,N/M,INSUFFICIENT,METRIC_COVERAGE_INSUFFICIENT_TTM_REVENUE | METRIC_COVERAGE_INSUFFICIENT_TTM_EPS | METRIC_COVERAGE_INSUFFICIENT_ROE | METRIC_COVERAGE_INSUFFICIENT_ROIC | SECTOR_LOGIC_CYCLICAL | DETERIORATION_CORROBORATED | VALUATION_SECTOR_CYCLICAL_NORMALIZED_EPS | SIMPLIFIED_DCF_NOT_APPLICABLE | MOPS_SINGLE_ELIGIBLE_FILING,MOPS_EXACT,f02c6188e7f8a3c5817238707cb46e1a28c42898f5dbf542e96c9135ec2f327d,True
2344,2019-06-30,2019-07-26T17:04:14+08:00,2019-07-26,2019-07-29,UNKNOWN,DETERIORATING,DETERIORATING,N/M,INSUFFICIENT,METRIC_COVERAGE_INSUFFICIENT_TTM_REVENUE | METRIC_COVERAGE_INSUFFICIENT_TTM_EPS | METRIC_COVERAGE_INSUFFICIENT_ROE | METRIC_COVERAGE_INSUFFICIENT_ROIC | SECTOR_LOGIC_CYCLICAL | DETERIORATION_CORROBORATED | VALUATION_SECTOR_CYCLICAL_NORMALIZED_EPS | SIMPLIFIED_DCF_NOT_APPLICABLE | MOPS_SINGLE_ELIGIBLE_FILING,MOPS_EXACT,687c31c857d008fb40ee69a9510db21197a42c4678892678f2bc8bf1993f9039,True
2344,2019-09-30,2019-10-25T18:14:38+08:00,2019-10-25,2019-10-28,UNKNOWN,DETERIORATING,DETERIORATING,NORMAL,INSUFFICIENT,METRIC_COVERAGE_INSUFFICIENT_ROE | METRIC_COVERAGE_INSUFFICIENT_ROIC | SECTOR_LOGIC_CYCLICAL | DETERIORATION_CORROBORATED | VALUATION_SECTOR_CYCLICAL_NORMALIZED_EPS | SIMPLIFIED_DCF_NOT_APPLICABLE | MOPS_SINGLE_ELIGIBLE_FILING,MOPS_EXACT,d330867822cfeaff8739c8f2c7b7ab115e548e2338884e4a8fb0db7734983653,True
2344,2019-12-31,2020-02-07T16:18:01+08:00,2020-02-07,2020-02-10,WEAK,UNKNOWN,UNKNOWN,NORMAL,PARTIAL,FCF_PERSISTENCE_WEAK | SECTOR_LOGIC_CYCLICAL | MIXED_FUNDAMENTAL_DIRECTION | VALUATION_SECTOR_CYCLICAL_NORMALIZED_EPS | SIMPLIFIED_DCF_NOT_APPLICABLE | MOPS_CONSOLIDATED_PREFERRED_OVER_INDIVIDUAL,MOPS_EXACT,4a3bfa8ffa61e446b2dada6e16845d75474d7f125491f3957731c939c4397c5f,True
2344,2020-03-31,2020-04-30T18:33:27+08:00,2020-04-30,2020-05-04,WEAK,UNKNOWN,UNKNOWN,LOW,PARTIAL,FCF_PERSISTENCE_WEAK | SECTOR_LOGIC_CYCLICAL | MIXED_FUNDAMENTAL_DIRECTION | VALUATION_SECTOR_CYCLICAL_NORMALIZED_EPS | SIMPLIFIED_DCF_NOT_APPLICABLE | MOPS_SINGLE_ELIGIBLE_FILING,MOPS_EXACT,5ab19bb3a8fe24015e4fbf9a6375ccfe3321c5e7879d9a979a6a74f940cf3817,True
2344,2020-06-30,2020-07-30T16:27:18+08:00,2020-07-30,2020-07-31,UNKNOWN,IMPROVING,TURNING_UP,NORMAL,INSUFFICIENT,METRIC_COVERAGE_INSUFFICIENT_TTM_FCF | SECTOR_LOGIC_CYCLICAL | EARLY_REVENUE_RECOVERY | RECOVERY_CORROBORATED | VALUATION_SECTOR_CYCLICAL_NORMALIZED_EPS | SIMPLIFIED_DCF_NOT_APPLICABLE | MOPS_SINGLE_ELIGIBLE_FILING,MOPS_EXACT,8276a6d0c2faf66d8d2c71b8f9cd8d86b72cda42ed61909db6d956f9083ccba4,True
2344,2020-09-30,2020-11-12T18:27:19+08:00,2020-11-12,2020-11-13,UNKNOWN,IMPROVING,TURNING_UP,NORMAL,INSUFFICIENT,METRIC_COVERAGE_INSUFFICIENT_TTM_FCF | SECTOR_LOGIC_CYCLICAL | EARLY_REVENUE_RECOVERY | RECOVERY_CORROBORATED | VALUATION_SECTOR_CYCLICAL_NORMALIZED_EPS | SIMPLIFIED_DCF_NOT_APPLICABLE | MOPS_SINGLE_ELIGIBLE_FILING,MOPS_EXACT,48d982b3de16ba850a30fcfcfcb462773b7c66bd7137c7f51ab3a0410630e274,True
2344,2020-12-31,2021-02-19T16:47:59+08:00,2021-02-19,2021-02-22,UNKNOWN,IMPROVING,TURNING_UP,HIGH,INSUFFICIENT,METRIC_COVERAGE_INSUFFICIENT_TTM_FCF | SECTOR_LOGIC_CYCLICAL | EARLY_REVENUE_RECOVERY | RECOVERY_CORROBORATED | VALUATION_SECTOR_CYCLICAL_NORMALIZED_EPS | SIMPLIFIED_DCF_NOT_APPLICABLE | MOPS_CONSOLIDATED_PREFERRED_OVER_INDIVIDUAL,MOPS_EXACT,6a3e87daf129249b051ddc84498918ce5080bb3b88a2d82aacc91c23e0dc2b10,True
2344,2021-03-31,2021-05-06T18:12:40+08:00,2021-05-06,2021-05-07,UNKNOWN,IMPROVING,TURNING_UP,HIGH,INSUFFICIENT,METRIC_COVERAGE_INSUFFICIENT_TTM_FCF | SECTOR_LOGIC_CYCLICAL | EARLY_REVENUE_RECOVERY | RECOVERY_CORROBORATED | VALUATION_SECTOR_CYCLICAL_NORMALIZED_EPS | SIMPLIFIED_DCF_AVAILABLE | MOPS_SINGLE_ELIGIBLE_FILING,MOPS_EXACT,920f16cc1b1b0abf575a8f984570bea334f14527e1d98b8f791b291d373d6c64,True
2344,2021-06-30,2021-08-05T14:27:41+08:00,2021-08-05,2021-08-06,WEAK,IMPROVING,TURNING_UP,HIGH,PARTIAL,FCF_PERSISTENCE_WEAK | SECTOR_LOGIC_CYCLICAL | EARLY_REVENUE_RECOVERY | RECOVERY_CORROBORATED | VALUATION_SECTOR_CYCLICAL_NORMALIZED_EPS | CYCLICAL_LOW_PE_TRAP_RISK | SIMPLIFIED_DCF_AVAILABLE | MOPS_SINGLE_ELIGIBLE_FILING,MOPS_EXACT,83188324dc6bf30f2f21eda22e1af918a409f4a6ec28097a4efef6cb6cc13411,True
2344,2021-09-30,2021-11-04T14:22:19+08:00,2021-11-04,2021-11-05,WEAK,IMPROVING,TURNING_UP,NORMAL,PARTIAL,FCF_PERSISTENCE_WEAK | SECTOR_LOGIC_CYCLICAL | EARLY_REVENUE_RECOVERY | RECOVERY_CORROBORATED | VALUATION_SECTOR_CYCLICAL_NORMALIZED_EPS | CYCLICAL_LOW_PE_TRAP_RISK | SIMPLIFIED_DCF_AVAILABLE | MOPS_SINGLE_ELIGIBLE_FILING,MOPS_EXACT,0db236f593f8fbea73e857c7c1918138395c79ea6b1fa533b7e6b8b4995ade1c,True
2344,2021-12-31,2022-02-16T13:14:08+08:00,2022-02-16,2022-02-17,WEAK,STABLE,CONFIRMED_GROWTH,HIGH,PARTIAL,FCF_PERSISTENCE_WEAK | SECTOR_LOGIC_CYCLICAL | GROWTH_CONFIRMED_THREE_PERIODS | VALUATION_SECTOR_CYCLICAL_NORMALIZED_EPS | CYCLICAL_LOW_PE_TRAP_RISK | SIMPLIFIED_DCF_AVAILABLE | MOPS_CONSOLIDATED_PREFERRED_OVER_INDIVIDUAL,MOPS_EXACT,743d68a306f333eff5e2edd4823f231eca8ebf1f7944e4dfc3cb07e8ec016914,True
2344,2022-03-31,2022-05-05T13:47:39+08:00,2022-05-05,2022-05-06,WEAK,STABLE,CONFIRMED_GROWTH,NORMAL,PARTIAL,FCF_PERSISTENCE_WEAK | SECTOR_LOGIC_CYCLICAL | GROWTH_CONFIRMED_THREE_PERIODS | VALUATION_SECTOR_CYCLICAL_NORMALIZED_EPS | CYCLICAL_LOW_PE_TRAP_RISK | SIMPLIFIED_DCF_AVAILABLE | MOPS_SINGLE_ELIGIBLE_FILING,MOPS_EXACT,e7fc5ff29d33cb57d49a1a967918d7bbcec3ed6c77fc55eb016323ccf8895f81,True
2344,2022-06-30,2022-08-04T17:27:03+08:00,2022-08-04,2022-08-05,WEAK,STABLE,CONFIRMED_GROWTH,NORMAL,PARTIAL,FCF_PERSISTENCE_WEAK | SECTOR_LOGIC_CYCLICAL | GROWTH_CONFIRMED_THREE_PERIODS | VALUATION_SECTOR_CYCLICAL_NORMALIZED_EPS | CYCLICAL_LOW_PE_TRAP_RISK | SIMPLIFIED_DCF_AVAILABLE | MOPS_SINGLE_ELIGIBLE_FILING,MOPS_EXACT,e79f90df99ae483db347f595dc47a523f05383083f88ab2360502c2c73024850,True
2344,2022-09-30,2022-11-03T18:19:08+08:00,2022-11-03,2022-11-04,WEAK,STABLE,MATURE_GROWTH,NORMAL,PARTIAL,FCF_PERSISTENCE_WEAK | SECTOR_LOGIC_CYCLICAL | SUSTAINED_GROWTH_EIGHT_PERIODS | VALUATION_SECTOR_CYCLICAL_NORMALIZED_EPS | CYCLICAL_LOW_PE_TRAP_RISK | SIMPLIFIED_DCF_NOT_APPLICABLE | MOPS_SINGLE_ELIGIBLE_FILING,MOPS_EXACT,d3ca50b6630df1c1233b997c3d1a53c8afdab69c514dc261181729b23fb7496d,True
2344,2022-12-31,2023-02-16T18:11:42+08:00,2023-02-16,2023-02-17,WEAK,DETERIORATING,DETERIORATING,NORMAL,PARTIAL,FCF_PERSISTENCE_WEAK | SECTOR_LOGIC_CYCLICAL | DETERIORATION_CORROBORATED | VALUATION_SECTOR_CYCLICAL_NORMALIZED_EPS | CYCLICAL_LOW_PE_TRAP_RISK | SIMPLIFIED_DCF_NOT_APPLICABLE | MOPS_CONSOLIDATED_PREFERRED_OVER_INDIVIDUAL,MOPS_EXACT,dcf87bf3236f46e80a211cc4ca2baaf1abc7dee5cb1bef98bbb697854e6c33e1,True
2344,2023-03-31,2023-05-04T18:03:42+08:00,2023-05-04,2023-05-05,WEAK,DETERIORATING,DETERIORATING,NORMAL,PARTIAL,FCF_PERSISTENCE_WEAK | SECTOR_LOGIC_CYCLICAL | DETERIORATION_CORROBORATED | VALUATION_SECTOR_CYCLICAL_NORMALIZED_EPS | SIMPLIFIED_DCF_NOT_APPLICABLE | MOPS_SINGLE_ELIGIBLE_FILING,MOPS_EXACT,0760011d4234692cd44249c10132a95f491afa22bd30748c26098ea5ec594ebb,True
2344,2023-06-30,2023-08-04T12:43:42+08:00,2023-08-04,2023-08-07,WEAK,DETERIORATING,DETERIORATING,NORMAL,PARTIAL,FCF_PERSISTENCE_WEAK | SECTOR_LOGIC_CYCLICAL | DETERIORATION_CORROBORATED | VALUATION_SECTOR_CYCLICAL_NORMALIZED_EPS | SIMPLIFIED_DCF_NOT_APPLICABLE | MOPS_SINGLE_ELIGIBLE_FILING,MOPS_EXACT,5666abacdb565f9770e1e44a1a68579e2c5cf8e6e038844e5f11950042a05941,True
2344,2023-09-30,2023-11-02T16:01:18+08:00,2023-11-02,2023-11-03,WEAK,UNKNOWN,UNKNOWN,NORMAL,PARTIAL,NONPOSITIVE_TTM_OPERATING_INCOME | SECTOR_LOGIC_CYCLICAL | MIXED_FUNDAMENTAL_DIRECTION | VALUATION_SECTOR_CYCLICAL_NORMALIZED_EPS | SIMPLIFIED_DCF_NOT_APPLICABLE | MOPS_SINGLE_ELIGIBLE_FILING,MOPS_EXACT,547c26930e7721e12b063060c67d9cbe2ad5d6035e5eb4306c387e3c9645bfba,True
2344,2023-12-31,2024-02-06T17:10:57+08:00,2024-02-06,2024-02-15,WEAK,UNKNOWN,UNKNOWN,HIGH,PARTIAL,NONPOSITIVE_TTM_OPERATING_INCOME | SECTOR_LOGIC_CYCLICAL | MIXED_FUNDAMENTAL_DIRECTION | VALUATION_SECTOR_CYCLICAL_NORMALIZED_EPS | SIMPLIFIED_DCF_NOT_APPLICABLE | MOPS_CONSOLIDATED_PREFERRED_OVER_INDIVIDUAL,MOPS_EXACT,901e34f9d29b606f3c8439a29b93d5834a2005957c7dde44201bc114717b6500,True
2344,2024-03-31,2024-05-02T17:10:35+08:00,2024-05-02,2024-05-03,WEAK,IMPROVING,BOTTOMING,HIGH,PARTIAL,NONPOSITIVE_TTM_OPERATING_INCOME | SECTOR_LOGIC_CYCLICAL | REVENUE_CONTRACTION_NARROWING | RECOVERY_CORROBORATED | VALUATION_SECTOR_CYCLICAL_NORMALIZED_EPS | SIMPLIFIED_DCF_NOT_APPLICABLE | MOPS_SINGLE_ELIGIBLE_FILING,MOPS_EXACT,ce349ae74547b9eecff2c11ba0843df6a8fc1b40e85d44d95bf52675cca5b3d4,True
2344,2024-06-30,2024-08-01T17:06:03+08:00,2024-08-01,2024-08-02,WEAK,IMPROVING,TURNING_UP,HIGH,PARTIAL,FCF_PERSISTENCE_WEAK | SECTOR_LOGIC_CYCLICAL | EARLY_REVENUE_RECOVERY | RECOVERY_CORROBORATED | VALUATION_SECTOR_CYCLICAL_NORMALIZED_EPS | SIMPLIFIED_DCF_NOT_APPLICABLE | MOPS_SINGLE_ELIGIBLE_FILING,MOPS_EXACT,5c1fbe95208502b474508543356b49af3510e4b68bd9df763b6d9085a599089c,True
2344,2024-09-30,2024-11-05T18:00:57+08:00,2024-11-05,2024-11-06,WEAK,IMPROVING,TURNING_UP,HIGH,PARTIAL,FCF_PERSISTENCE_WEAK | SECTOR_LOGIC_CYCLICAL | EARLY_REVENUE_RECOVERY | RECOVERY_CORROBORATED | VALUATION_SECTOR_CYCLICAL_NORMALIZED_EPS | SIMPLIFIED_DCF_NOT_APPLICABLE | MOPS_SINGLE_ELIGIBLE_FILING,MOPS_EXACT,33d134c9ef6409d19ce26cf6677919947a448d154a172ea9887a89867694fa25,True
2344,2024-12-31,2025-02-18T17:25:52+08:00,2025-02-18,2025-02-19,WEAK,UNKNOWN,UNKNOWN,HIGH,PARTIAL,FCF_PERSISTENCE_WEAK | SECTOR_LOGIC_CYCLICAL | MIXED_FUNDAMENTAL_DIRECTION | VALUATION_SECTOR_CYCLICAL_NORMALIZED_EPS | SIMPLIFIED_DCF_NOT_APPLICABLE | MOPS_CONSOLIDATED_PREFERRED_OVER_INDIVIDUAL,MOPS_EXACT,d5e2862829e4276c6efcc4bbffdd1ccb37b4ee7dcde323d212f23537920922f1,True
2344,2025-03-31,2025-05-05T17:13:26+08:00,2025-05-05,2025-05-06,WEAK,UNKNOWN,UNKNOWN,HIGH,PARTIAL,NONPOSITIVE_TTM_OPERATING_INCOME | SECTOR_LOGIC_CYCLICAL | MIXED_FUNDAMENTAL_DIRECTION | VALUATION_SECTOR_CYCLICAL_NORMALIZED_EPS | SIMPLIFIED_DCF_NOT_APPLICABLE | MOPS_SINGLE_ELIGIBLE_FILING,MOPS_EXACT,6c3a3a1a36beed7408884d3e0c222621af67b1db5419852de66cfbb718adb702,True
2344,2025-06-30,2025-08-05T16:57:34+08:00,2025-08-05,2025-08-06,WEAK,DETERIORATING,DETERIORATING,HIGH,PARTIAL,NONPOSITIVE_TTM_OPERATING_INCOME | SECTOR_LOGIC_CYCLICAL | DETERIORATION_CORROBORATED | VALUATION_SECTOR_CYCLICAL_NORMALIZED_EPS | SIMPLIFIED_DCF_NOT_APPLICABLE | MOPS_SINGLE_ELIGIBLE_FILING,MOPS_EXACT,81b41b489cb0fd01e6bfe25f025a0ca1b5085716a61b399640bfa85fc8286729,True
2344,2025-09-30,2025-11-04T16:27:30+08:00,2025-11-04,2025-11-05,WEAK,DETERIORATING,DETERIORATING,HIGH,PARTIAL,FCF_PERSISTENCE_WEAK | SECTOR_LOGIC_CYCLICAL | DETERIORATION_CORROBORATED | VALUATION_SECTOR_CYCLICAL_NORMALIZED_EPS | SIMPLIFIED_DCF_NOT_APPLICABLE | MOPS_SINGLE_ELIGIBLE_FILING,MOPS_EXACT,e7f3d5d8ea96de68292d1067172122ec06c01f2d92f8b3b40db5b6e49a3cdda1,True
2344,2025-12-31,2026-02-12T14:30:12+08:00,2026-02-12,2026-02-23,WEAK,UNKNOWN,UNKNOWN,HIGH,PARTIAL,FCF_PERSISTENCE_WEAK | SECTOR_LOGIC_CYCLICAL | MIXED_FUNDAMENTAL_DIRECTION | VALUATION_SECTOR_CYCLICAL_NORMALIZED_EPS | SIMPLIFIED_DCF_AVAILABLE | MOPS_CONSOLIDATED_PREFERRED_OVER_INDIVIDUAL,MOPS_EXACT,0a8ef038c7858d86fe2bb00de61955c78b151fd3542007f26c0d6b6f22f83456,True
2344,2026-03-31,2026-05-05T15:16:06+08:00,2026-05-05,2026-05-06,WEAK,IMPROVING,TURNING_UP,HIGH,PARTIAL,FCF_PERSISTENCE_WEAK | SECTOR_LOGIC_CYCLICAL | EARLY_REVENUE_RECOVERY | RECOVERY_CORROBORATED | VALUATION_SECTOR_CYCLICAL_NORMALIZED_EPS | CYCLICAL_LOW_PE_TRAP_RISK | SIMPLIFIED_DCF_AVAILABLE | MOPS_SINGLE_ELIGIBLE_FILING,MOPS_EXACT,602a3f23f1888dab9d48066669bdd09afd3ed4e02825114dae5d4d70407199d0,True
2344,2026-06-30,2026-08-06T16:49:01+08:00,2026-08-06,2026-08-07,WEAK,IMPROVING,TURNING_UP,HIGH,PARTIAL,FCF_PERSISTENCE_WEAK | SECTOR_LOGIC_CYCLICAL | EARLY_REVENUE_RECOVERY | RECOVERY_CORROBORATED | VALUATION_SECTOR_CYCLICAL_NORMALIZED_EPS | CYCLICAL_LOW_PE_TRAP_RISK | SIMPLIFIED_DCF_AVAILABLE | MOPS_SINGLE_ELIGIBLE_FILING,MOPS_EXACT,ed162c0ae6d5be272a5137d3758ce123d22198f110f1dafaece442c2289abca3,True
2345,2016-03-31,2016-05-13T09:35:57+08:00,2016-05-13,2016-05-16,UNKNOWN,UNKNOWN,UNKNOWN,N/M,INSUFFICIENT,QUALITY_HISTORY_INSUFFICIENT | STATE_HISTORY_INSUFFICIENT | VALUATION_HISTORY_INSUFFICIENT | SIMPLIFIED_DCF_NOT_APPLICABLE | MOPS_SINGLE_ELIGIBLE_FILING,MOPS_EXACT,57112f1a1cb580cdc54964657619a0800bec079b3e21ce69c442962a13b15512,True
2345,2016-06-30,2016-08-11T14:48:08+08:00,2016-08-11,2016-08-12,UNKNOWN,UNKNOWN,UNKNOWN,NORMAL,INSUFFICIENT,QUALITY_HISTORY_INSUFFICIENT | STATE_HISTORY_INSUFFICIENT | HISTORICAL_VALUATION_NORMAL | SIMPLIFIED_DCF_NOT_APPLICABLE | MOPS_SINGLE_ELIGIBLE_FILING,MOPS_EXACT,1a20cb228d8a36dfbe019402388052f6adb5785b3e267a675edd2f5a0d9ab17f,True
2345,2016-09-30,2016-11-11T14:37:55+08:00,2016-11-11,2016-11-14,UNKNOWN,UNKNOWN,UNKNOWN,NORMAL,INSUFFICIENT,QUALITY_HISTORY_INSUFFICIENT | STATE_HISTORY_INSUFFICIENT | HISTORICAL_VALUATION_NORMAL | SIMPLIFIED_DCF_NOT_APPLICABLE | MOPS_SINGLE_ELIGIBLE_FILING,MOPS_EXACT,b1923d43a0d3aa3c78711fa25ad555e94cbb0fd39f3abb95e035c0129f662bb5,True
2345,2016-12-31,2017-03-30T18:01:48+08:00,2017-03-30,2017-03-31,UNKNOWN,UNKNOWN,UNKNOWN,HIGH,INSUFFICIENT,QUALITY_HISTORY_INSUFFICIENT | STATE_HISTORY_INSUFFICIENT | HISTORICAL_VALUATION_HIGH | SIMPLIFIED_DCF_AVAILABLE | MOPS_CONSOLIDATED_PREFERRED_OVER_INDIVIDUAL,MOPS_EXACT,fa0f4abf0f6f0bcefd6c61eee881af414b02b4f884e0e9d99757e89e338c41d5,True
2345,2017-03-31,2017-05-11T18:19:03+08:00,2017-05-11,2017-05-12,UNKNOWN,UNKNOWN,UNKNOWN,HIGH,INSUFFICIENT,QUALITY_HISTORY_INSUFFICIENT | STATE_HISTORY_INSUFFICIENT | HISTORICAL_VALUATION_HIGH | SIMPLIFIED_DCF_AVAILABLE | MOPS_SINGLE_ELIGIBLE_FILING,MOPS_EXACT,31c6d23fbaee9a35fdef624192a554109015e13a41b570a76cad1039711d11fe,True
2345,2017-06-30,2017-08-14T10:02:43+08:00,2017-08-14,2017-08-15,UNKNOWN,UNKNOWN,UNKNOWN,HIGH,INSUFFICIENT,QUALITY_HISTORY_INSUFFICIENT | STATE_HISTORY_INSUFFICIENT | HISTORICAL_VALUATION_HIGH | SIMPLIFIED_DCF_AVAILABLE | MOPS_SINGLE_ELIGIBLE_FILING,MOPS_EXACT,26782684cc453ee0ede186a6619e6749e9f70793191b96e6d8f1688056160497,True
2345,2017-09-30,2017-11-13T17:25:09+08:00,2017-11-13,2017-11-14,UNKNOWN,UNKNOWN,UNKNOWN,HIGH,INSUFFICIENT,QUALITY_HISTORY_INSUFFICIENT | STATE_HISTORY_INSUFFICIENT | HISTORICAL_VALUATION_HIGH | SIMPLIFIED_DCF_NOT_APPLICABLE | MOPS_SINGLE_ELIGIBLE_FILING,MOPS_EXACT,87cc665a972ab2950500e08edf8604bb88579f6e26bf1e159e7f45943ad77e1f,True
2345,2017-12-31,2018-03-30T12:18:15+08:00,2018-03-30,2018-03-31,UNKNOWN,UNKNOWN,UNKNOWN,HIGH,INSUFFICIENT,QUALITY_HISTORY_INSUFFICIENT | STATE_HISTORY_INSUFFICIENT | HISTORICAL_VALUATION_HIGH | SIMPLIFIED_DCF_NOT_APPLICABLE | MOPS_CONSOLIDATED_PREFERRED_OVER_INDIVIDUAL,MOPS_EXACT,767bce6044d6f172aa2bb54cd3276f00f64d9a70a1158e6f9c5694b399c075a4,True
2345,2018-03-31,2018-05-15T09:48:36+08:00,2018-05-15,2018-05-16,UNKNOWN,UNKNOWN,UNKNOWN,LOW,INSUFFICIENT,QUALITY_HISTORY_INSUFFICIENT | STATE_HISTORY_INSUFFICIENT | HISTORICAL_VALUATION_LOW | SIMPLIFIED_DCF_AVAILABLE | MOPS_SINGLE_ELIGIBLE_FILING,MOPS_EXACT,db1d84d74ba70fb829519016b9a07738631ec81429924cfc9f8438381b955ed8,True
2345,2018-06-30,2018-08-14T10:02:30+08:00,2018-08-14,2018-08-15,UNKNOWN,UNKNOWN,UNKNOWN,HIGH,INSUFFICIENT,QUALITY_HISTORY_INSUFFICIENT | STATE_HISTORY_INSUFFICIENT | HISTORICAL_VALUATION_HIGH | SIMPLIFIED_DCF_NOT_APPLICABLE | MOPS_SINGLE_ELIGIBLE_FILING,MOPS_EXACT,83b826dc268c62723b4b479f82aeb413175b9e1be5d8f32bc1271603498c3cf1,True
2345,2018-09-30,2018-11-13T10:46:47+08:00,2018-11-13,2018-11-14,UNKNOWN,STABLE,CONFIRMED_GROWTH,NORMAL,INSUFFICIENT,QUALITY_HISTORY_INSUFFICIENT | GROWTH_CONFIRMED_THREE_PERIODS | HISTORICAL_VALUATION_NORMAL | SIMPLIFIED_DCF_AVAILABLE | MOPS_SINGLE_ELIGIBLE_FILING,MOPS_EXACT,a527ba511f82d5d08de5ede71c590ca9bc0173dd4009bd1a3820522fcc9717ed,True
2345,2018-12-31,2019-03-28T10:11:57+08:00,2019-03-28,2019-03-29,UNKNOWN,IMPROVING,TURNING_UP,HIGH,INSUFFICIENT,METRIC_COVERAGE_INSUFFICIENT_TTM_REVENUE | METRIC_COVERAGE_INSUFFICIENT_TTM_EPS | METRIC_COVERAGE_INSUFFICIENT_ROE | METRIC_COVERAGE_INSUFFICIENT_ROIC | EARLY_REVENUE_RECOVERY | RECOVERY_CORROBORATED | HISTORICAL_VALUATION_HIGH | SIMPLIFIED_DCF_AVAILABLE | MOPS_CONSOLIDATED_PREFERRED_OVER_INDIVIDUAL,MOPS_EXACT,7aa195f19a8084807c05f2f1d53e05f2ef656f363bb3fd6da71149b2e50d9c50,True
2345,2019-03-31,2019-05-14T11:24:19+08:00,2019-05-14,2019-05-15,UNKNOWN,IMPROVING,TURNING_UP,HIGH,INSUFFICIENT,METRIC_COVERAGE_INSUFFICIENT_TTM_REVENUE | METRIC_COVERAGE_INSUFFICIENT_TTM_EPS | METRIC_COVERAGE_INSUFFICIENT_ROE | METRIC_COVERAGE_INSUFFICIENT_ROIC | EARLY_REVENUE_RECOVERY | RECOVERY_CORROBORATED | HISTORICAL_VALUATION_HIGH | SIMPLIFIED_DCF_AVAILABLE | MOPS_SINGLE_ELIGIBLE_FILING,MOPS_EXACT,4b5b13c3c79d6a72827844cc920fa4e02598f458636f76d69fd6fa428198bd7b,True
2345,2019-06-30,2019-08-08T16:14:16+08:00,2019-08-08,2019-08-12,UNKNOWN,IMPROVING,TURNING_UP,HIGH,INSUFFICIENT,METRIC_COVERAGE_INSUFFICIENT_TTM_REVENUE | METRIC_COVERAGE_INSUFFICIENT_TTM_EPS | METRIC_COVERAGE_INSUFFICIENT_ROE | METRIC_COVERAGE_INSUFFICIENT_ROIC | EARLY_REVENUE_RECOVERY | RECOVERY_CORROBORATED | HISTORICAL_VALUATION_HIGH | SIMPLIFIED_DCF_AVAILABLE | MOPS_SINGLE_ELIGIBLE_FILING,MOPS_EXACT,0b3d7192320a7ce00c37e6955697aca4a60bbed53a4a70594a5e994c2d090792,True
2345,2019-09-30,2019-11-12T16:02:57+08:00,2019-11-12,2019-11-13,UNKNOWN,IMPROVING,TURNING_UP,NORMAL,INSUFFICIENT,METRIC_COVERAGE_INSUFFICIENT_ROE | METRIC_COVERAGE_INSUFFICIENT_ROIC | EARLY_REVENUE_RECOVERY | RECOVERY_CORROBORATED | HISTORICAL_VALUATION_NORMAL | SIMPLIFIED_DCF_AVAILABLE | MOPS_SINGLE_ELIGIBLE_FILING,MOPS_EXACT,488c866828daa477ab5a1755d6e776fc443a79f4168a0566d4aaf1dbb28d74e4,True
2345,2019-12-31,2020-03-19T16:30:45+08:00,2020-03-19,2020-03-20,UNKNOWN,STABLE,MATURE_GROWTH,LOW,INSUFFICIENT,METRIC_COVERAGE_INSUFFICIENT_ROIC | SUSTAINED_GROWTH_EIGHT_PERIODS | HISTORICAL_VALUATION_LOW | SIMPLIFIED_DCF_AVAILABLE | MOPS_CONSOLIDATED_PREFERRED_OVER_INDIVIDUAL,MOPS_EXACT,7a835b744b9490cc5591dc5a037fd4f9f5b82ca061cb75c9b9b5b2479f31eea6,True
2345,2020-03-31,2020-05-13T18:08:31+08:00,2020-05-13,2020-05-14,UNKNOWN,STABLE,MATURE_GROWTH,NORMAL,INSUFFICIENT,METRIC_COVERAGE_INSUFFICIENT_ROIC | SUSTAINED_GROWTH_EIGHT_PERIODS | HISTORICAL_VALUATION_NORMAL | SIMPLIFIED_DCF_AVAILABLE | MOPS_SINGLE_ELIGIBLE_FILING,MOPS_EXACT,122673a82a1c2c46d25ca2504ed92bae310cf5c241b0c6ca24bc545c8047da51,True
2345,2020-06-30,2020-08-13T13:12:54+08:00,2020-08-13,2020-08-14,UNKNOWN,STABLE,MATURE_GROWTH,NORMAL,INSUFFICIENT,METRIC_COVERAGE_INSUFFICIENT_ROIC | SUSTAINED_GROWTH_EIGHT_PERIODS | HISTORICAL_VALUATION_NORMAL | SIMPLIFIED_DCF_AVAILABLE | MOPS_SINGLE_ELIGIBLE_FILING,MOPS_EXACT,e77faadfd114ae9bad086f507a0ee5a5dc25bcaefd91ca6e64e87ea1c697bae8,True
2345,2020-09-30,2020-11-13T09:50:45+08:00,2020-11-13,2020-11-16,UNKNOWN,DETERIORATING,DETERIORATING,HIGH,INSUFFICIENT,METRIC_COVERAGE_INSUFFICIENT_ROIC | DETERIORATION_CORROBORATED | HISTORICAL_VALUATION_HIGH | SIMPLIFIED_DCF_AVAILABLE | MOPS_SINGLE_ELIGIBLE_FILING,MOPS_EXACT,dfd2ec6917a3d88f40f49b23ed3d863c8d5d17689822b4ee1713c0160c538fdd,True
2345,2020-12-31,2021-03-25T18:11:27+08:00,2021-03-25,2021-03-26,UNKNOWN,UNKNOWN,UNKNOWN,HIGH,INSUFFICIENT,METRIC_COVERAGE_INSUFFICIENT_ROIC | MIXED_FUNDAMENTAL_DIRECTION | HISTORICAL_VALUATION_HIGH | SIMPLIFIED_DCF_AVAILABLE | MOPS_CONSOLIDATED_PREFERRED_OVER_INDIVIDUAL,MOPS_EXACT,159808bd8abb583306c8efdbd08584d131fc18a2acb3e23c61f0719ef4efe34f,True
2345,2021-03-31,2021-05-14T14:17:32+08:00,2021-05-14,2021-05-17,UNKNOWN,IMPROVING,BOTTOMING,HIGH,INSUFFICIENT,METRIC_COVERAGE_INSUFFICIENT_ROIC | REVENUE_CONTRACTION_NARROWING | RECOVERY_CORROBORATED | HISTORICAL_VALUATION_HIGH | SIMPLIFIED_DCF_AVAILABLE | MOPS_SINGLE_ELIGIBLE_FILING,MOPS_EXACT,56ad3c45082659e824ca7ccab0399abcdbe2767f6ec65caf54f72d196f3f224a,True
2345,2021-06-30,2021-08-12T17:52:39+08:00,2021-08-12,2021-08-13,UNKNOWN,IMPROVING,TURNING_UP,HIGH,INSUFFICIENT,METRIC_COVERAGE_INSUFFICIENT_ROIC | EARLY_REVENUE_RECOVERY | RECOVERY_CORROBORATED | HISTORICAL_VALUATION_HIGH | SIMPLIFIED_DCF_AVAILABLE | MOPS_SINGLE_ELIGIBLE_FILING,MOPS_EXACT,ce13d5458d8274665649bd1ef79feb07758d51157994c1e9a6646341b43b353b,True
2345,2021-09-30,2021-11-11T16:59:36+08:00,2021-11-11,2021-11-12,UNKNOWN,UNKNOWN,UNKNOWN,HIGH,INSUFFICIENT,METRIC_COVERAGE_INSUFFICIENT_ROIC | MIXED_FUNDAMENTAL_DIRECTION | HISTORICAL_VALUATION_HIGH | SIMPLIFIED_DCF_AVAILABLE | MOPS_SINGLE_ELIGIBLE_FILING,MOPS_EXACT,d93d406dc4cf321f2fb61329cef65a7d2db627f34d3fac2b1c8c519c7dc5eaff,True
2345,2021-12-31,2022-03-24T18:57:05+08:00,2022-03-24,2022-03-25,UNKNOWN,UNKNOWN,UNKNOWN,NORMAL,INSUFFICIENT,METRIC_COVERAGE_INSUFFICIENT_ROIC | MIXED_FUNDAMENTAL_DIRECTION | HISTORICAL_VALUATION_NORMAL | SIMPLIFIED_DCF_AVAILABLE | MOPS_CONSOLIDATED_PREFERRED_OVER_INDIVIDUAL,MOPS_EXACT,34cdddf754abb22ff771e51e43bcca2d5fcf823aaaee96b7f04bacb100804bd0,True
2345,2022-03-31,2022-05-12T17:48:51+08:00,2022-05-12,2022-05-13,UNKNOWN,UNKNOWN,UNKNOWN,NORMAL,INSUFFICIENT,METRIC_COVERAGE_INSUFFICIENT_ROIC | MIXED_FUNDAMENTAL_DIRECTION | HISTORICAL_VALUATION_NORMAL | SIMPLIFIED_DCF_NOT_APPLICABLE | MOPS_SINGLE_ELIGIBLE_FILING,MOPS_EXACT,30a584a32f3aa59dc85ca5df1b721fe382e1840a099fb79550fa7c9717420b3f,True
2345,2022-06-30,2022-08-11T18:11:02+08:00,2022-08-11,2022-08-12,UNKNOWN,IMPROVING,TURNING_UP,NORMAL,INSUFFICIENT,METRIC_COVERAGE_INSUFFICIENT_ROIC | EARLY_REVENUE_RECOVERY | RECOVERY_CORROBORATED | HISTORICAL_VALUATION_NORMAL | SIMPLIFIED_DCF_NOT_APPLICABLE | MOPS_SINGLE_ELIGIBLE_FILING,MOPS_EXACT,a9cc1eb4aaa7b215444bb13768e3c6dc59bb907cb7220dfbade4ad24a9a3623d,True
2345,2022-09-30,2022-11-11T14:23:10+08:00,2022-11-11,2022-11-14,ACCEPTABLE,IMPROVING,TURNING_UP,NORMAL,OK,PROFITABILITY_DURABLE | GROWTH_DURABLE | CASH_CONVERSION_SUPPORTED_NOT_ESTABLISHED | BALANCE_SHEET_RESILIENT | INTEREST_COVERAGE_SUPPORTED | EARLY_REVENUE_RECOVERY | RECOVERY_CORROBORATED | HISTORICAL_VALUATION_NORMAL | SIMPLIFIED_DCF_AVAILABLE | MOPS_SINGLE_ELIGIBLE_FILING,MOPS_EXACT,73c006cf1b29b2970b063f6c8c2c4c91a38d2d295a1841d3dd254ed7008250da,True
2345,2022-12-31,2023-03-14T11:13:15+08:00,2023-03-14,2023-03-15,GOOD,IMPROVING,TURNING_UP,NORMAL,OK,PROFITABILITY_DURABLE | GROWTH_DURABLE | CASH_CONVERSION_SUPPORTED | BALANCE_SHEET_RESILIENT | INTEREST_COVERAGE_SUPPORTED | EARLY_REVENUE_RECOVERY | RECOVERY_CORROBORATED | HISTORICAL_VALUATION_NORMAL | SIMPLIFIED_DCF_AVAILABLE | MOPS_CONSOLIDATED_PREFERRED_OVER_INDIVIDUAL,MOPS_EXACT,bc99a2e3ab677a51a57b0b8cb6ac0abcd990ac3821188b5895a7f3a87b604c4b,True
2345,2023-03-31,2023-05-11T17:58:10+08:00,2023-05-11,2023-05-12,GOOD,IMPROVING,TURNING_UP,NORMAL,OK,PROFITABILITY_DURABLE | GROWTH_DURABLE | CASH_CONVERSION_SUPPORTED | BALANCE_SHEET_RESILIENT | INTEREST_COVERAGE_SUPPORTED | EARLY_REVENUE_RECOVERY | RECOVERY_CORROBORATED | HISTORICAL_VALUATION_NORMAL | SIMPLIFIED_DCF_AVAILABLE | MOPS_SINGLE_ELIGIBLE_FILING,MOPS_EXACT,639b8212e1c0eca602faf39247d029b42690145e12fe925b00d4d38a031f70c7,True
2345,2023-06-30,2023-08-10T17:09:22+08:00,2023-08-10,2023-08-11,GOOD,STABLE,CONFIRMED_GROWTH,NORMAL,OK,PROFITABILITY_DURABLE | GROWTH_DURABLE | CASH_CONVERSION_SUPPORTED | BALANCE_SHEET_RESILIENT | INTEREST_COVERAGE_SUPPORTED | GROWTH_CONFIRMED_THREE_PERIODS | HISTORICAL_VALUATION_NORMAL | SIMPLIFIED_DCF_AVAILABLE | MOPS_SINGLE_ELIGIBLE_FILING,MOPS_EXACT,88a6c9e752b155f40fe0ee70843fcea475ac94ac9fe6f820d7f2b61263cc40dc,True
2345,2023-09-30,2023-11-09T16:48:27+08:00,2023-11-09,2023-11-10,GOOD,STABLE,CONFIRMED_GROWTH,HIGH,OK,PROFITABILITY_DURABLE | GROWTH_DURABLE | CASH_CONVERSION_SUPPORTED | BALANCE_SHEET_RESILIENT | INTEREST_COVERAGE_SUPPORTED | GROWTH_CONFIRMED_THREE_PERIODS | HISTORICAL_VALUATION_HIGH | SIMPLIFIED_DCF_AVAILABLE | MOPS_SINGLE_ELIGIBLE_FILING,MOPS_EXACT,9b68700a3db62cd5c2dd8d3528c7eb41960164bbc39cf9f6351e294c57223b3f,True
2345,2023-12-31,2024-03-08T16:06:05+08:00,2024-03-08,2024-03-11,GOOD,STABLE,CONFIRMED_GROWTH,HIGH,OK,PROFITABILITY_DURABLE | GROWTH_DURABLE | CASH_CONVERSION_SUPPORTED | BALANCE_SHEET_RESILIENT | INTEREST_COVERAGE_SUPPORTED | GROWTH_CONFIRMED_THREE_PERIODS | HISTORICAL_VALUATION_HIGH | SIMPLIFIED_DCF_AVAILABLE | MOPS_CONSOLIDATED_PREFERRED_OVER_INDIVIDUAL,MOPS_EXACT,039798a19c9769c2a2ce408034eb94f7d9ce9b2e9db1111b95cdada0354c0fa6,True
2345,2024-03-31,2024-05-09T17:23:44+08:00,2024-05-09,2024-05-10,GOOD,STABLE,DECELERATING,NORMAL,OK,PROFITABILITY_DURABLE | GROWTH_DURABLE | CASH_CONVERSION_SUPPORTED | BALANCE_SHEET_RESILIENT | INTEREST_COVERAGE_SUPPORTED | POSITIVE_GROWTH_DECELERATING | HISTORICAL_VALUATION_NORMAL | SIMPLIFIED_DCF_AVAILABLE | MOPS_SINGLE_ELIGIBLE_FILING,MOPS_EXACT,48ac5324598f94f9adeaea415cf8ce1f943b2fcfa0febbbf6ce3cff66d88a46a,True
2345,2024-06-30,2024-08-08T16:32:33+08:00,2024-08-08,2024-08-09,WEAK,STABLE,MATURE_GROWTH,NORMAL,PARTIAL,PROFITABILITY_DURABLE | GROWTH_DURABLE | CASH_CONVERSION_SUPPORTED | BALANCE_SHEET_RESILIENT_NOT_ESTABLISHED | INTEREST_COVERAGE_NOT_ESTABLISHED | SUSTAINED_GROWTH_EIGHT_PERIODS | HISTORICAL_VALUATION_NORMAL | SIMPLIFIED_DCF_AVAILABLE | MOPS_SINGLE_ELIGIBLE_FILING,MOPS_EXACT,c111d55e0fba0736b23fff91d158ee62bd6d3ba129ca4f8df13a50050ed9ad38,True
2345,2024-09-30,2024-11-08T11:14:11+08:00,2024-11-08,2024-11-11,GOOD,IMPROVING,TURNING_UP,HIGH,OK,PROFITABILITY_DURABLE | GROWTH_DURABLE | CASH_CONVERSION_SUPPORTED | BALANCE_SHEET_RESILIENT | INTEREST_COVERAGE_SUPPORTED | EARLY_REVENUE_RECOVERY | RECOVERY_CORROBORATED | HISTORICAL_VALUATION_HIGH | SIMPLIFIED_DCF_AVAILABLE | MOPS_SINGLE_ELIGIBLE_FILING,MOPS_EXACT,e294cef7c42d019e2537c15a4240310dcef6d9aa1213f5ddec2d97239f43935e,True
2345,2024-12-31,2025-03-14T15:01:43+08:00,2025-03-14,2025-03-17,GOOD,IMPROVING,TURNING_UP,NORMAL,PARTIAL,PROFITABILITY_DURABLE | GROWTH_DURABLE | CASH_CONVERSION_SUPPORTED | BALANCE_SHEET_RESILIENT | INTEREST_COVERAGE_SUPPORTED | EARLY_REVENUE_RECOVERY | RECOVERY_CORROBORATED | HISTORICAL_VALUATION_NORMAL | SIMPLIFIED_DCF_AVAILABLE | MOPS_CONSOLIDATED_PREFERRED_OVER_INDIVIDUAL,MOPS_EXACT,97194f34b96d80c96d270d6507bee9a903d57c20480341a66a686bd3e31dfe90,True
2345,2025-03-31,2025-05-08T16:53:39+08:00,2025-05-08,2025-05-09,GOOD,IMPROVING,TURNING_UP,NORMAL,PARTIAL,PROFITABILITY_DURABLE | GROWTH_DURABLE | CASH_CONVERSION_SUPPORTED | BALANCE_SHEET_RESILIENT | INTEREST_COVERAGE_SUPPORTED | EARLY_REVENUE_RECOVERY | RECOVERY_CORROBORATED | HISTORICAL_VALUATION_NORMAL | SIMPLIFIED_DCF_AVAILABLE | MOPS_SINGLE_ELIGIBLE_FILING,MOPS_EXACT,ad94224e4627f73c5de50b441b27f8d9a7439104c73b8d7f553e5bc2a5b7f8fb,True
2345,2025-06-30,2025-08-07T16:03:42+08:00,2025-08-07,2025-08-08,GOOD,IMPROVING,TURNING_UP,HIGH,OK,PROFITABILITY_DURABLE | GROWTH_DURABLE | CASH_CONVERSION_SUPPORTED | BALANCE_SHEET_RESILIENT | INTEREST_COVERAGE_SUPPORTED | EARLY_REVENUE_RECOVERY | RECOVERY_CORROBORATED | HISTORICAL_VALUATION_HIGH | SIMPLIFIED_DCF_AVAILABLE | MOPS_SINGLE_ELIGIBLE_FILING,MOPS_EXACT,670fb2d0bec1f9a8f0229b4b6f256a39f304bccad33976c830766eed9b951a6c,True
2345,2025-09-30,2025-11-07T14:07:01+08:00,2025-11-07,2025-11-10,GOOD,IMPROVING,TURNING_UP,NORMAL,OK,PROFITABILITY_DURABLE | GROWTH_DURABLE | CASH_CONVERSION_SUPPORTED | BALANCE_SHEET_RESILIENT | INTEREST_COVERAGE_SUPPORTED | EARLY_REVENUE_RECOVERY | RECOVERY_CORROBORATED | HISTORICAL_VALUATION_NORMAL | SIMPLIFIED_DCF_AVAILABLE | MOPS_SINGLE_ELIGIBLE_FILING,MOPS_EXACT,a2cf2408513840791616337b0d5403dd994dc5ec4c1ba4b5db38c86626ccbcc6,True
2345,2025-12-31,2026-03-13T14:53:45+08:00,2026-03-13,2026-03-16,GOOD,STABLE,MATURE_GROWTH,NORMAL,OK,PROFITABILITY_DURABLE | GROWTH_DURABLE | CASH_CONVERSION_SUPPORTED | BALANCE_SHEET_RESILIENT | INTEREST_COVERAGE_SUPPORTED | SUSTAINED_GROWTH_EIGHT_PERIODS | HISTORICAL_VALUATION_NORMAL | SIMPLIFIED_DCF_AVAILABLE | MOPS_CONSOLIDATED_PREFERRED_OVER_INDIVIDUAL,MOPS_EXACT,5e4db3d68128861052568770d604231e17f03209635a9270070620ae92bd9f54,True
2345,2026-03-31,2026-05-08T15:07:31+08:00,2026-05-08,2026-05-11,GOOD,STABLE,MATURE_GROWTH,HIGH,OK,PROFITABILITY_DURABLE | GROWTH_DURABLE | CASH_CONVERSION_SUPPORTED | BALANCE_SHEET_RESILIENT | INTEREST_COVERAGE_SUPPORTED | SUSTAINED_GROWTH_EIGHT_PERIODS | HISTORICAL_VALUATION_HIGH | SIMPLIFIED_DCF_AVAILABLE | MOPS_SINGLE_ELIGIBLE_FILING,MOPS_EXACT,9b2913d0cc078b73044112518498875d09b2e5364f1047a5aad693eb6610a872,True
2345,2026-06-30,2026-08-07T15:30:45+08:00,2026-08-07,2026-08-10,ACCEPTABLE,STABLE,MATURE_GROWTH,HIGH,PARTIAL,PROFITABILITY_DURABLE | GROWTH_DURABLE_NOT_ESTABLISHED | CASH_CONVERSION_SUPPORTED | BALANCE_SHEET_RESILIENT | INTEREST_COVERAGE_SUPPORTED | SUSTAINED_GROWTH_EIGHT_PERIODS | HISTORICAL_VALUATION_HIGH | SIMPLIFIED_DCF_AVAILABLE | MOPS_SINGLE_ELIGIBLE_FILING,MOPS_EXACT,c90cbc2a3583b3617f276ca41414018907b4ef2aa7da556e97ced23a4bfcde7a,True
2357,2016-03-31,2016-05-11T17:14:25+08:00,2016-05-11,2016-05-12,UNKNOWN,UNKNOWN,UNKNOWN,N/M,INSUFFICIENT,QUALITY_HISTORY_INSUFFICIENT | STATE_HISTORY_INSUFFICIENT | VALUATION_HISTORY_INSUFFICIENT | SIMPLIFIED_DCF_NOT_APPLICABLE | MOPS_SINGLE_ELIGIBLE_FILING,MOPS_EXACT,00812db5406b0a5203d6c68a26b8fd24f68c3f87d25220d78224b5f7761fcbea,True
2357,2016-06-30,2016-08-12T17:59:16+08:00,2016-08-12,2016-08-15,UNKNOWN,UNKNOWN,UNKNOWN,LOW,INSUFFICIENT,QUALITY_HISTORY_INSUFFICIENT | STATE_HISTORY_INSUFFICIENT | HISTORICAL_VALUATION_LOW | SIMPLIFIED_DCF_NOT_APPLICABLE | MOPS_SINGLE_ELIGIBLE_FILING,MOPS_EXACT,ca8e8cb6e38c8de84b44dbecfced51ceb2831dcf24a061d0b5b29ba08cdde1fa,True
2357,2016-09-30,2016-11-11T16:45:58+08:00,2016-11-11,2016-11-14,UNKNOWN,UNKNOWN,UNKNOWN,LOW,INSUFFICIENT,QUALITY_HISTORY_INSUFFICIENT | STATE_HISTORY_INSUFFICIENT | HISTORICAL_VALUATION_LOW | SIMPLIFIED_DCF_NOT_APPLICABLE | MOPS_SINGLE_ELIGIBLE_FILING,MOPS_EXACT,87a15dc25b7b66bb2eab4c33f56d63c631022fc299356a03e6660e23924149b1,True
2357,2016-12-31,2017-03-17T20:48:39+08:00,2017-03-17,2017-03-20,UNKNOWN,UNKNOWN,UNKNOWN,NORMAL,INSUFFICIENT,QUALITY_HISTORY_INSUFFICIENT | STATE_HISTORY_INSUFFICIENT | HISTORICAL_VALUATION_NORMAL | SIMPLIFIED_DCF_AVAILABLE | MOPS_CONSOLIDATED_PREFERRED_OVER_INDIVIDUAL,MOPS_EXACT,c7e5d60e3e55f970cc8c9f1ad5e9c68cdef5afc4305b261303fb84ec4b99a8dc,True
2357,2017-03-31,2017-05-11T17:27:52+08:00,2017-05-11,2017-05-12,UNKNOWN,UNKNOWN,UNKNOWN,NORMAL,INSUFFICIENT,QUALITY_HISTORY_INSUFFICIENT | STATE_HISTORY_INSUFFICIENT | HISTORICAL_VALUATION_NORMAL | SIMPLIFIED_DCF_AVAILABLE | MOPS_SINGLE_ELIGIBLE_FILING,MOPS_EXACT,44ebe9943f30c10a8cfa86b6ef46f1dea920ead296afbf4a8294903140588d61,True
2357,2017-06-30,2017-08-11T18:16:23+08:00,2017-08-11,2017-08-14,UNKNOWN,UNKNOWN,UNKNOWN,LOW,INSUFFICIENT,QUALITY_HISTORY_INSUFFICIENT | STATE_HISTORY_INSUFFICIENT | HISTORICAL_VALUATION_LOW | SIMPLIFIED_DCF_AVAILABLE | MOPS_SINGLE_ELIGIBLE_FILING,MOPS_EXACT,3bbfdfc2df43c753bac6b44c1086da70ebdb986ce8d03b28012f5d064f5e5e35,True
2357,2017-09-30,2017-11-10T16:46:05+08:00,2017-11-10,2017-11-13,UNKNOWN,UNKNOWN,UNKNOWN,NORMAL,INSUFFICIENT,QUALITY_HISTORY_INSUFFICIENT | STATE_HISTORY_INSUFFICIENT | HISTORICAL_VALUATION_NORMAL | SIMPLIFIED_DCF_NOT_APPLICABLE | MOPS_SINGLE_ELIGIBLE_FILING,MOPS_EXACT,4160f73aba77907f3b0b3666dfb662e45bfd4714b3b4ff624bf6c19d64149a02,True
2357,2017-12-31,2018-03-16T20:01:12+08:00,2018-03-16,2018-03-19,UNKNOWN,UNKNOWN,UNKNOWN,NORMAL,INSUFFICIENT,QUALITY_HISTORY_INSUFFICIENT | STATE_HISTORY_INSUFFICIENT | HISTORICAL_VALUATION_NORMAL | SIMPLIFIED_DCF_NOT_APPLICABLE | MOPS_CONSOLIDATED_PREFERRED_OVER_INDIVIDUAL,MOPS_EXACT,9eaaa76ec21fd63b7dfa6c50a6dda309f03a974dddf5dcf19e7737b9285c5c67,True
2357,2018-03-31,2018-05-11T17:50:05+08:00,2018-05-11,2018-05-14,UNKNOWN,UNKNOWN,UNKNOWN,NORMAL,INSUFFICIENT,QUALITY_HISTORY_INSUFFICIENT | STATE_HISTORY_INSUFFICIENT | HISTORICAL_VALUATION_NORMAL | SIMPLIFIED_DCF_AVAILABLE | MOPS_SINGLE_ELIGIBLE_FILING,MOPS_EXACT,8748060a9c5818d59587848eabd7b5d3940a110ca6d8f746a443172df133335f,True
2357,2018-06-30,2018-08-10T18:38:32+08:00,2018-08-10,2018-08-13,UNKNOWN,UNKNOWN,UNKNOWN,NORMAL,INSUFFICIENT,QUALITY_HISTORY_INSUFFICIENT | STATE_HISTORY_INSUFFICIENT | HISTORICAL_VALUATION_NORMAL | SIMPLIFIED_DCF_AVAILABLE | MOPS_SINGLE_ELIGIBLE_FILING,MOPS_EXACT,6f3d9460d08b019ef695a09964a79fec18ce6b09bde437e76010bd46654130de,True
2357,2018-09-30,2018-11-13T16:43:19+08:00,2018-11-13,2018-11-14,UNKNOWN,DETERIORATING,DETERIORATING,NORMAL,INSUFFICIENT,QUALITY_HISTORY_INSUFFICIENT | DETERIORATION_CORROBORATED | HISTORICAL_VALUATION_NORMAL | SIMPLIFIED_DCF_AVAILABLE | MOPS_SINGLE_ELIGIBLE_FILING,MOPS_EXACT,04f01efb760c854dccb23ca39f0c92c8a0ba615a224aa2be792d4a4eb8f5bbe8,True
2357,2018-12-31,2019-03-20T18:41:49+08:00,2019-03-20,2019-03-21,UNKNOWN,DETERIORATING,DETERIORATING,NORMAL,INSUFFICIENT,METRIC_COVERAGE_INSUFFICIENT_TTM_REVENUE | METRIC_COVERAGE_INSUFFICIENT_TTM_EPS | METRIC_COVERAGE_INSUFFICIENT_ROE | METRIC_COVERAGE_INSUFFICIENT_ROIC | DETERIORATION_CORROBORATED | HISTORICAL_VALUATION_NORMAL | SIMPLIFIED_DCF_AVAILABLE | MOPS_CONSOLIDATED_PREFERRED_OVER_INDIVIDUAL,MOPS_EXACT,1f9586fcdb2a3048d50b52653d1747e17e75122bb8f53fd456edd646d81ecbdf,True
2357,2019-03-31,2019-05-07T18:42:59+08:00,2019-05-07,2019-05-08,UNKNOWN,UNKNOWN,UNKNOWN,NORMAL,INSUFFICIENT,METRIC_COVERAGE_INSUFFICIENT_TTM_REVENUE | METRIC_COVERAGE_INSUFFICIENT_TTM_EPS | METRIC_COVERAGE_INSUFFICIENT_ROE | METRIC_COVERAGE_INSUFFICIENT_ROIC | MIXED_FUNDAMENTAL_DIRECTION | HISTORICAL_VALUATION_NORMAL | SIMPLIFIED_DCF_NOT_APPLICABLE | MOPS_SINGLE_ELIGIBLE_FILING,MOPS_EXACT,9979faf955d66d0e667c04c7bf28dc06c845ad7580f579fede3c6d14f9b3a5bb,True
2357,2019-06-30,2019-08-13T15:54:24+08:00,2019-08-13,2019-08-14,UNKNOWN,UNKNOWN,UNKNOWN,NORMAL,INSUFFICIENT,METRIC_COVERAGE_INSUFFICIENT_TTM_REVENUE | METRIC_COVERAGE_INSUFFICIENT_TTM_EPS | METRIC_COVERAGE_INSUFFICIENT_ROE | METRIC_COVERAGE_INSUFFICIENT_ROIC | MIXED_FUNDAMENTAL_DIRECTION | HISTORICAL_VALUATION_NORMAL | SIMPLIFIED_DCF_AVAILABLE | MOPS_SINGLE_ELIGIBLE_FILING,MOPS_EXACT,aa355d193949e58b76e1986c8d9618dffd62dd3169d4d08839c064d1121aed57,True
2357,2019-09-30,2019-11-13T17:40:21+08:00,2019-11-13,2019-11-14,UNKNOWN,UNKNOWN,UNKNOWN,NORMAL,INSUFFICIENT,METRIC_COVERAGE_INSUFFICIENT_ROE | METRIC_COVERAGE_INSUFFICIENT_ROIC | MIXED_FUNDAMENTAL_DIRECTION | HISTORICAL_VALUATION_NORMAL | SIMPLIFIED_DCF_AVAILABLE | MOPS_SINGLE_ELIGIBLE_FILING,MOPS_EXACT,d03504760f79ce8e3b72c3b42c402a23640fde722fdb6a9e2feb81801da889ec,True
2357,2019-12-31,2020-03-18T18:30:10+08:00,2020-03-18,2020-03-19,WEAK,IMPROVING,BOTTOMING,NORMAL,OK,PROFITABILITY_DURABLE_NOT_ESTABLISHED | GROWTH_DURABLE_NOT_ESTABLISHED | CASH_CONVERSION_SUPPORTED | BALANCE_SHEET_RESILIENT | INTEREST_COVERAGE_SUPPORTED | REVENUE_CONTRACTION_NARROWING | RECOVERY_CORROBORATED | HISTORICAL_VALUATION_NORMAL | SIMPLIFIED_DCF_AVAILABLE | MOPS_CONSOLIDATED_PREFERRED_OVER_INDIVIDUAL,MOPS_EXACT,c978f371ba9d9b69ec45a192ecbc0cc60aca9ea41dcd5aed72b631f0726411f5,True
2357,2020-03-31,2020-05-13T17:40:48+08:00,2020-05-13,2020-05-14,WEAK,UNKNOWN,UNKNOWN,NORMAL,OK,PROFITABILITY_DURABLE_NOT_ESTABLISHED | GROWTH_DURABLE_NOT_ESTABLISHED | CASH_CONVERSION_SUPPORTED | BALANCE_SHEET_RESILIENT | INTEREST_COVERAGE_SUPPORTED | MIXED_FUNDAMENTAL_DIRECTION | HISTORICAL_VALUATION_NORMAL | SIMPLIFIED_DCF_AVAILABLE | MOPS_SINGLE_ELIGIBLE_FILING,MOPS_EXACT,a42ec7c35c50a3092f9fee4a16c732ee52996550b18a88199007e71b7d52bb98,True
2357,2020-06-30,2020-08-12T17:44:54+08:00,2020-08-12,2020-08-13,WEAK,UNKNOWN,UNKNOWN,NORMAL,PARTIAL,PROFITABILITY_DURABLE_NOT_ESTABLISHED | GROWTH_DURABLE_NOT_ESTABLISHED | CASH_CONVERSION_SUPPORTED | BALANCE_SHEET_RESILIENT | INTEREST_COVERAGE_SUPPORTED | MIXED_FUNDAMENTAL_DIRECTION | HISTORICAL_VALUATION_NORMAL | SIMPLIFIED_DCF_AVAILABLE | MOPS_SINGLE_ELIGIBLE_FILING,MOPS_EXACT,6dccf27ef0b8df3b7af5608aba81211f8450d554fddb5ad54b0e8664366ec6bd,True
2357,2020-09-30,2020-11-11T18:43:33+08:00,2020-11-11,2020-11-12,WEAK,UNKNOWN,UNKNOWN,NORMAL,OK,PROFITABILITY_DURABLE_NOT_ESTABLISHED | GROWTH_DURABLE_NOT_ESTABLISHED | CASH_CONVERSION_SUPPORTED | BALANCE_SHEET_RESILIENT | INTEREST_COVERAGE_SUPPORTED | MIXED_FUNDAMENTAL_DIRECTION | HISTORICAL_VALUATION_NORMAL | SIMPLIFIED_DCF_AVAILABLE | MOPS_SINGLE_ELIGIBLE_FILING,MOPS_EXACT,1ee86ce62007084e6415c0710172c790270c924f89c64f4f9261dde830145e81,True
2357,2020-12-31,2021-03-17T18:11:49+08:00,2021-03-17,2021-03-18,WEAK,STABLE,CONFIRMED_GROWTH,NORMAL,PARTIAL,PROFITABILITY_DURABLE_NOT_ESTABLISHED | GROWTH_DURABLE_NOT_ESTABLISHED | CASH_CONVERSION_SUPPORTED | BALANCE_SHEET_RESILIENT | INTEREST_COVERAGE_SUPPORTED | GROWTH_CONFIRMED_THREE_PERIODS | HISTORICAL_VALUATION_NORMAL | SIMPLIFIED_DCF_NOT_APPLICABLE | MOPS_CONSOLIDATED_PREFERRED_OVER_INDIVIDUAL,MOPS_EXACT,4c06704210bd57cb8e1490661363723fe057e3290a1339903ae1bb865fa4ade9,True
2357,2021-03-31,2021-05-12T17:58:30+08:00,2021-05-12,2021-05-13,WEAK,STABLE,CONFIRMED_GROWTH,LOW,OK,PROFITABILITY_DURABLE_NOT_ESTABLISHED | GROWTH_DURABLE | CASH_CONVERSION_SUPPORTED | BALANCE_SHEET_RESILIENT | INTEREST_COVERAGE_SUPPORTED | GROWTH_CONFIRMED_THREE_PERIODS | HISTORICAL_VALUATION_LOW | SIMPLIFIED_DCF_AVAILABLE | MOPS_SINGLE_ELIGIBLE_FILING,MOPS_EXACT,fd9baee55d233556814f8573b059e59ae979ee48c3894bcfabc059c11ee15022,True
2357,2021-06-30,2021-08-11T18:21:11+08:00,2021-08-11,2021-08-12,WEAK,IMPROVING,TURNING_UP,LOW,PARTIAL,PROFITABILITY_DURABLE_NOT_ESTABLISHED | GROWTH_DURABLE | CASH_CONVERSION_SUPPORTED | BALANCE_SHEET_RESILIENT | INTEREST_COVERAGE_SUPPORTED | EARLY_REVENUE_RECOVERY | RECOVERY_CORROBORATED | HISTORICAL_VALUATION_LOW | SIMPLIFIED_DCF_AVAILABLE | MOPS_SINGLE_ELIGIBLE_FILING,MOPS_EXACT,8052a3bf47fdbdb729b3ffc303d5db36c7aae76451a12a1376d2d4b7304ad7d7,True
2357,2021-09-30,2021-11-10T17:43:23+08:00,2021-11-10,2021-11-11,WEAK,STABLE,CONFIRMED_GROWTH,LOW,PARTIAL,PROFITABILITY_DURABLE_NOT_ESTABLISHED | GROWTH_DURABLE_NOT_ESTABLISHED | CASH_CONVERSION_SUPPORTED | BALANCE_SHEET_RESILIENT | INTEREST_COVERAGE_SUPPORTED | GROWTH_CONFIRMED_THREE_PERIODS | HISTORICAL_VALUATION_LOW | SIMPLIFIED_DCF_AVAILABLE | MOPS_SINGLE_ELIGIBLE_FILING,MOPS_EXACT,e9e0a052ff40b6a5da5c13e9adce536c403183b0c1741c01a409b8d9add4b133,True
2357,2021-12-31,2022-03-16T18:46:58+08:00,2022-03-16,2022-03-17,WEAK,STABLE,CONFIRMED_GROWTH,LOW,PARTIAL,PROFITABILITY_DURABLE_NOT_ESTABLISHED | GROWTH_DURABLE | CASH_CONVERSION_SUPPORTED | BALANCE_SHEET_RESILIENT | INTEREST_COVERAGE_SUPPORTED | GROWTH_CONFIRMED_THREE_PERIODS | HISTORICAL_VALUATION_LOW | SIMPLIFIED_DCF_AVAILABLE | MOPS_CONSOLIDATED_PREFERRED_OVER_INDIVIDUAL,MOPS_EXACT,8a0db2f4c91def0e94f7686e7c92e0edb1fa07613ba772715b56b4e9b27b207f,True
2357,2022-03-31,2022-05-11T17:33:44+08:00,2022-05-11,2022-05-12,WEAK,STABLE,MATURE_GROWTH,LOW,PARTIAL,PROFITABILITY_DURABLE_NOT_ESTABLISHED | GROWTH_DURABLE | CASH_CONVERSION_SUPPORTED | BALANCE_SHEET_RESILIENT | INTEREST_COVERAGE_SUPPORTED | SUSTAINED_GROWTH_EIGHT_PERIODS | HISTORICAL_VALUATION_LOW | SIMPLIFIED_DCF_NOT_APPLICABLE | MOPS_SINGLE_ELIGIBLE_FILING,MOPS_EXACT,b39d745ffa103a4e2aa6452f5364bd9a90447eb8745d87f3a222dac0a8945bad,True
2357,2022-06-30,2022-08-11T17:57:23+08:00,2022-08-11,2022-08-12,WEAK,DETERIORATING,DETERIORATING,LOW,PARTIAL,PROFITABILITY_DURABLE_NOT_ESTABLISHED | GROWTH_DURABLE | CASH_CONVERSION_SUPPORTED | BALANCE_SHEET_RESILIENT_NOT_ESTABLISHED | INTEREST_COVERAGE_NOT_ESTABLISHED | DETERIORATION_CORROBORATED | HISTORICAL_VALUATION_LOW | SIMPLIFIED_DCF_NOT_APPLICABLE | MOPS_SINGLE_ELIGIBLE_FILING,MOPS_EXACT,3b0358163789c95a2b946c7ebe1ed2733b84368e47eb845bbbc1f74abeb17e65,True
2357,2022-09-30,2022-11-10T18:34:25+08:00,2022-11-10,2022-11-11,WEAK,DETERIORATING,DETERIORATING,LOW,PARTIAL,PROFITABILITY_DURABLE_NOT_ESTABLISHED | GROWTH_DURABLE | CASH_CONVERSION_SUPPORTED | BALANCE_SHEET_RESILIENT_NOT_ESTABLISHED | INTEREST_COVERAGE_NOT_ESTABLISHED | DETERIORATION_CORROBORATED | HISTORICAL_VALUATION_LOW | SIMPLIFIED_DCF_NOT_APPLICABLE | MOPS_SINGLE_ELIGIBLE_FILING,MOPS_EXACT,1e753dd23f20410a5314eef1894605e71a9073f721eec44dcae62cc64f0fdd26,True
2357,2022-12-31,2023-03-10T18:56:09+08:00,2023-03-10,2023-03-13,WEAK,DETERIORATING,DETERIORATING,LOW,PARTIAL,PROFITABILITY_DURABLE_NOT_ESTABLISHED | GROWTH_DURABLE | CASH_CONVERSION_SUPPORTED | BALANCE_SHEET_RESILIENT | INTEREST_COVERAGE_SUPPORTED | DETERIORATION_CORROBORATED | HISTORICAL_VALUATION_LOW | SIMPLIFIED_DCF_NOT_APPLICABLE | MOPS_CONSOLIDATED_PREFERRED_OVER_INDIVIDUAL,MOPS_EXACT,56bfd18354426689c5374573e11d70ae4c5897993715e08b1668b900b9ce66cc,True
2357,2023-03-31,2023-05-12T18:05:43+08:00,2023-05-12,2023-05-15,WEAK,DETERIORATING,DETERIORATING,NORMAL,OK,NONPOSITIVE_TTM_OPERATING_INCOME | DETERIORATION_CORROBORATED | HISTORICAL_VALUATION_NORMAL | SIMPLIFIED_DCF_AVAILABLE | MOPS_SINGLE_ELIGIBLE_FILING,MOPS_EXACT,52cde573dca844b70025157675b3ed5cba8c9adce9311eb2a4eca936a28f5474,True
2357,2023-06-30,2023-08-11T18:03:14+08:00,2023-08-11,2023-08-14,WEAK,DETERIORATING,DETERIORATING,HIGH,OK,NONPOSITIVE_TTM_OPERATING_INCOME | DETERIORATION_CORROBORATED | HISTORICAL_VALUATION_HIGH | SIMPLIFIED_DCF_AVAILABLE | MOPS_SINGLE_ELIGIBLE_FILING,MOPS_EXACT,a4c35069957fe7c9ec1fa660ddab047899660e16ecab0207ed644bf4da33d790,True
2357,2023-09-30,2023-11-13T18:44:47+08:00,2023-11-13,2023-11-14,WEAK,DETERIORATING,DETERIORATING,HIGH,OK,PROFITABILITY_DURABLE_NOT_ESTABLISHED | GROWTH_DURABLE_NOT_ESTABLISHED | CASH_CONVERSION_SUPPORTED | BALANCE_SHEET_RESILIENT | INTEREST_COVERAGE_SUPPORTED | DETERIORATION_CORROBORATED | HISTORICAL_VALUATION_HIGH | SIMPLIFIED_DCF_AVAILABLE | MOPS_SINGLE_ELIGIBLE_FILING,MOPS_EXACT,1a646014af7a383ab10f4829e16eab16cf66837f49bf6e98c54bcd105c171cfd,True
2357,2023-12-31,2024-03-15T18:23:02+08:00,2024-03-15,2024-03-18,WEAK,UNKNOWN,UNKNOWN,HIGH,OK,PROFITABILITY_DURABLE_NOT_ESTABLISHED | GROWTH_DURABLE_NOT_ESTABLISHED | CASH_CONVERSION_SUPPORTED | BALANCE_SHEET_RESILIENT | INTEREST_COVERAGE_SUPPORTED | MIXED_FUNDAMENTAL_DIRECTION | HISTORICAL_VALUATION_HIGH | SIMPLIFIED_DCF_AVAILABLE | MOPS_CONSOLIDATED_PREFERRED_OVER_INDIVIDUAL,MOPS_EXACT,ba7215b037620f61374bc8a9b8cd76cb26cd2c430e997654279cf6ebc9b51ccc,True
2357,2024-03-31,2024-05-13T17:49:14+08:00,2024-05-13,2024-05-14,ACCEPTABLE,IMPROVING,BOTTOMING,HIGH,OK,PROFITABILITY_DURABLE | GROWTH_DURABLE_NOT_ESTABLISHED | CASH_CONVERSION_SUPPORTED | BALANCE_SHEET_RESILIENT | INTEREST_COVERAGE_SUPPORTED | REVENUE_CONTRACTION_NARROWING | RECOVERY_CORROBORATED | HISTORICAL_VALUATION_HIGH | SIMPLIFIED_DCF_AVAILABLE | MOPS_SINGLE_ELIGIBLE_FILING,MOPS_EXACT,abc96ec79332e53a3226e9f2b0141a0058fdd541cca07c619c5b01e6328995b2,True
2357,2024-06-30,2024-08-07T17:53:59+08:00,2024-08-07,2024-08-08,ACCEPTABLE,IMPROVING,TURNING_UP,NORMAL,PARTIAL,PROFITABILITY_DURABLE | GROWTH_DURABLE_NOT_ESTABLISHED | CASH_CONVERSION_SUPPORTED | BALANCE_SHEET_RESILIENT | INTEREST_COVERAGE_SUPPORTED | EARLY_REVENUE_RECOVERY | RECOVERY_CORROBORATED | HISTORICAL_VALUATION_NORMAL | SIMPLIFIED_DCF_NOT_APPLICABLE | MOPS_SINGLE_ELIGIBLE_FILING,MOPS_EXACT,33f672272a40ada873d4d4509f7a8ed5b6414b76e222e75aa366f12bec90dccd,True
2357,2024-09-30,2024-11-08T18:13:43+08:00,2024-11-08,2024-11-11,WEAK,IMPROVING,TURNING_UP,NORMAL,PARTIAL,PROFITABILITY_DURABLE | GROWTH_DURABLE_NOT_ESTABLISHED | CASH_CONVERSION_SUPPORTED_NOT_ESTABLISHED | BALANCE_SHEET_RESILIENT | INTEREST_COVERAGE_SUPPORTED | EARLY_REVENUE_RECOVERY | RECOVERY_CORROBORATED | HISTORICAL_VALUATION_NORMAL | SIMPLIFIED_DCF_AVAILABLE | MOPS_SINGLE_ELIGIBLE_FILING,MOPS_EXACT,42fbb0028de994988c53056fdf2cb7ec6b1b3ece4765cf7bb7ec217b85e5a7cf,True
2357,2024-12-31,2025-03-11T18:45:44+08:00,2025-03-11,2025-03-12,WEAK,IMPROVING,TURNING_UP,NORMAL,PARTIAL,PROFITABILITY_DURABLE | GROWTH_DURABLE_NOT_ESTABLISHED | CASH_CONVERSION_SUPPORTED_NOT_ESTABLISHED | BALANCE_SHEET_RESILIENT | INTEREST_COVERAGE_SUPPORTED | EARLY_REVENUE_RECOVERY | RECOVERY_CORROBORATED | HISTORICAL_VALUATION_NORMAL | SIMPLIFIED_DCF_AVAILABLE | MOPS_CONSOLIDATED_PREFERRED_OVER_INDIVIDUAL,MOPS_EXACT,1dced89868f9515cfc7804122ec6fb6b7efcf98a7b6cb2b693b1b0a565d73888,True
2357,2025-03-31,2025-05-13T17:51:17+08:00,2025-05-13,2025-05-14,WEAK,IMPROVING,TURNING_UP,NORMAL,PARTIAL,PROFITABILITY_DURABLE | GROWTH_DURABLE_NOT_ESTABLISHED | CASH_CONVERSION_SUPPORTED_NOT_ESTABLISHED | BALANCE_SHEET_RESILIENT | INTEREST_COVERAGE_SUPPORTED | EARLY_REVENUE_RECOVERY | RECOVERY_CORROBORATED | HISTORICAL_VALUATION_NORMAL | SIMPLIFIED_DCF_AVAILABLE | MOPS_SINGLE_ELIGIBLE_FILING,MOPS_EXACT,4009050fc768ecdf54a518254c4f9ff86fc9852aa584170cd5929c04b03b46bc,True
2357,2025-06-30,2025-08-13T18:28:39+08:00,2025-08-13,2025-08-14,ACCEPTABLE,STABLE,CONFIRMED_GROWTH,NORMAL,PARTIAL,PROFITABILITY_DURABLE | GROWTH_DURABLE | CASH_CONVERSION_SUPPORTED_NOT_ESTABLISHED | BALANCE_SHEET_RESILIENT | INTEREST_COVERAGE_SUPPORTED | GROWTH_CONFIRMED_THREE_PERIODS | HISTORICAL_VALUATION_NORMAL | SIMPLIFIED_DCF_AVAILABLE | MOPS_SINGLE_ELIGIBLE_FILING,MOPS_EXACT,ea960989f115784c5e318955cf5a6510d675f9b6dc2262fa994bca03b516b661,True
2357,2025-09-30,2025-11-11T18:05:51+08:00,2025-11-11,2025-11-12,ACCEPTABLE,STABLE,CONFIRMED_GROWTH,NORMAL,PARTIAL,PROFITABILITY_DURABLE | GROWTH_DURABLE | CASH_CONVERSION_SUPPORTED_NOT_ESTABLISHED | BALANCE_SHEET_RESILIENT | INTEREST_COVERAGE_SUPPORTED | GROWTH_CONFIRMED_THREE_PERIODS | HISTORICAL_VALUATION_NORMAL | SIMPLIFIED_DCF_AVAILABLE | MOPS_SINGLE_ELIGIBLE_FILING,MOPS_EXACT,eb617d1044fc09fea3b05d79f3faa676341fa1563c63572528cd6c813a85b388,True
2357,2025-12-31,2026-03-10T18:57:15+08:00,2026-03-10,2026-03-11,ACCEPTABLE,STABLE,CONFIRMED_GROWTH,NORMAL,PARTIAL,PROFITABILITY_DURABLE | GROWTH_DURABLE | CASH_CONVERSION_SUPPORTED_NOT_ESTABLISHED | BALANCE_SHEET_RESILIENT | INTEREST_COVERAGE_SUPPORTED | GROWTH_CONFIRMED_THREE_PERIODS | HISTORICAL_VALUATION_NORMAL | SIMPLIFIED_DCF_AVAILABLE | MOPS_CONSOLIDATED_PREFERRED_OVER_INDIVIDUAL,MOPS_EXACT,1bd0728b31bce43b1efeec4da02cad37caed534e53e568c6fdf28ec1ec1fca07,True
2357,2026-03-31,2026-05-12T17:55:11+08:00,2026-05-12,2026-05-13,ACCEPTABLE,STABLE,MATURE_GROWTH,NORMAL,PARTIAL,PROFITABILITY_DURABLE | GROWTH_DURABLE | CASH_CONVERSION_SUPPORTED_NOT_ESTABLISHED | BALANCE_SHEET_RESILIENT | INTEREST_COVERAGE_SUPPORTED | SUSTAINED_GROWTH_EIGHT_PERIODS | HISTORICAL_VALUATION_NORMAL | SIMPLIFIED_DCF_NOT_APPLICABLE | MOPS_SINGLE_ELIGIBLE_FILING,MOPS_EXACT,223937e5322416f81b396b9eafbeb235b4128109ca9d8ddcab1efb540ee51b0e,True
2357,2026-06-30,2026-08-12T17:04:34+08:00,2026-08-12,2026-08-13,WEAK,IMPROVING,TURNING_UP,HIGH,PARTIAL,PROFITABILITY_DURABLE | GROWTH_DURABLE | CASH_CONVERSION_SUPPORTED_NOT_ESTABLISHED | BALANCE_SHEET_RESILIENT_NOT_ESTABLISHED | INTEREST_COVERAGE_NOT_ESTABLISHED | EARLY_REVENUE_RECOVERY | RECOVERY_CORROBORATED | HISTORICAL_VALUATION_HIGH | SIMPLIFIED_DCF_NOT_APPLICABLE | MOPS_SINGLE_ELIGIBLE_FILING,MOPS_EXACT,a518045b267a832d5e60f3ab5d03eadbd53ab584ffd57b811205beb1930ced54,True
2360,2016-03-31,2016-05-12T14:52:58+08:00,2016-05-12,2016-05-13,UNKNOWN,UNKNOWN,UNKNOWN,N/M,INSUFFICIENT,QUALITY_HISTORY_INSUFFICIENT | STATE_HISTORY_INSUFFICIENT | VALUATION_HISTORY_INSUFFICIENT | SIMPLIFIED_DCF_NOT_APPLICABLE | MOPS_SINGLE_ELIGIBLE_FILING,MOPS_EXACT,06c7e694ba148f73aabdd70f0e6da633780907edf659023a740e18d989d6a8ce,True
2360,2016-06-30,2016-08-10T16:49:54+08:00,2016-08-10,2016-08-11,UNKNOWN,UNKNOWN,UNKNOWN,HIGH,INSUFFICIENT,QUALITY_HISTORY_INSUFFICIENT | STATE_HISTORY_INSUFFICIENT | HISTORICAL_VALUATION_HIGH | SIMPLIFIED_DCF_NOT_APPLICABLE | MOPS_SINGLE_ELIGIBLE_FILING,MOPS_EXACT,fa85074bd3ffc607f470588b21b1519756c334e84ebef40e6439a3da265c7ac8,True
2360,2016-09-30,2016-11-10T15:37:41+08:00,2016-11-10,2016-11-11,UNKNOWN,UNKNOWN,UNKNOWN,LOW,INSUFFICIENT,QUALITY_HISTORY_INSUFFICIENT | STATE_HISTORY_INSUFFICIENT | HISTORICAL_VALUATION_LOW | SIMPLIFIED_DCF_NOT_APPLICABLE | MOPS_SINGLE_ELIGIBLE_FILING,MOPS_EXACT,f6fc1f7f68866ad0cc593211b8c70f534ba12480e486bf48ef1fa99385e44616,True
2360,2016-12-31,2017-03-22T15:37:22+08:00,2017-03-22,2017-03-23,UNKNOWN,UNKNOWN,UNKNOWN,NORMAL,INSUFFICIENT,QUALITY_HISTORY_INSUFFICIENT | STATE_HISTORY_INSUFFICIENT | HISTORICAL_VALUATION_NORMAL | SIMPLIFIED_DCF_NOT_APPLICABLE | MOPS_CONSOLIDATED_PREFERRED_OVER_INDIVIDUAL,MOPS_EXACT,3d8815a55c1c5839ba4a7889287a4885aac56ea315932011d73d8a034472352b,True
2360,2017-03-31,2017-05-12T15:34:32+08:00,2017-05-12,2017-05-15,UNKNOWN,UNKNOWN,UNKNOWN,NORMAL,INSUFFICIENT,QUALITY_HISTORY_INSUFFICIENT | STATE_HISTORY_INSUFFICIENT | HISTORICAL_VALUATION_NORMAL | SIMPLIFIED_DCF_NOT_APPLICABLE | MOPS_SINGLE_ELIGIBLE_FILING,MOPS_EXACT,75b1c2d5a59a92a158cde060731a8bba82b7d343d826844ef9bfd6890e7897dc,True
2360,2017-06-30,2017-08-11T13:54:42+08:00,2017-08-11,2017-08-14,UNKNOWN,UNKNOWN,UNKNOWN,NORMAL,INSUFFICIENT,QUALITY_HISTORY_INSUFFICIENT | STATE_HISTORY_INSUFFICIENT | HISTORICAL_VALUATION_NORMAL | SIMPLIFIED_DCF_NOT_APPLICABLE | MOPS_SINGLE_ELIGIBLE_FILING,MOPS_EXACT,9e0a335b915e8b81736ce376fcb4faaef673a2151542653b8dd44451983cf764,True
2360,2017-09-30,2017-11-13T13:42:19+08:00,2017-11-13,2017-11-14,UNKNOWN,UNKNOWN,UNKNOWN,HIGH,INSUFFICIENT,QUALITY_HISTORY_INSUFFICIENT | STATE_HISTORY_INSUFFICIENT | HISTORICAL_VALUATION_HIGH | SIMPLIFIED_DCF_NOT_APPLICABLE | MOPS_SINGLE_ELIGIBLE_FILING,MOPS_EXACT,036d9ecd46c51e04a6d1ad0df37ffb7d5ac16200bc5e8a55bc07be12c17e3993,True
2360,2017-12-31,2018-03-27T15:00:41+08:00,2018-03-27,2018-03-28,UNKNOWN,UNKNOWN,UNKNOWN,HIGH,INSUFFICIENT,QUALITY_HISTORY_INSUFFICIENT | STATE_HISTORY_INSUFFICIENT | HISTORICAL_VALUATION_HIGH | SIMPLIFIED_DCF_NOT_APPLICABLE | MOPS_CONSOLIDATED_PREFERRED_OVER_INDIVIDUAL,MOPS_EXACT,97c90e3555b9bab11dfb08339957e3785e6a20e372dd848f4d2fce21f034f7fc,True
2360,2018-03-31,2018-05-14T13:49:31+08:00,2018-05-14,2018-05-15,UNKNOWN,UNKNOWN,UNKNOWN,HIGH,INSUFFICIENT,QUALITY_HISTORY_INSUFFICIENT | STATE_HISTORY_INSUFFICIENT | HISTORICAL_VALUATION_HIGH | SIMPLIFIED_DCF_NOT_APPLICABLE | MOPS_SINGLE_ELIGIBLE_FILING,MOPS_EXACT,ad9bdce89f176ced0b508b3971b3cc619ef52b78a5d3e16b0bf3884cfe5b7a76,True
2360,2018-06-30,2018-08-10T16:00:37+08:00,2018-08-10,2018-08-13,UNKNOWN,UNKNOWN,UNKNOWN,NORMAL,INSUFFICIENT,QUALITY_HISTORY_INSUFFICIENT | STATE_HISTORY_INSUFFICIENT | HISTORICAL_VALUATION_NORMAL | SIMPLIFIED_DCF_NOT_APPLICABLE | MOPS_SINGLE_ELIGIBLE_FILING,MOPS_EXACT,722f241955ad78acf4ee8130bc4ff81c68d3e86bd7fc7bbdbd746b724560ca55,True
2360,2018-09-30,2018-11-09T14:45:46+08:00,2018-11-09,2018-11-12,UNKNOWN,STABLE,CONFIRMED_GROWTH,NORMAL,INSUFFICIENT,QUALITY_HISTORY_INSUFFICIENT | GROWTH_CONFIRMED_THREE_PERIODS | HISTORICAL_VALUATION_NORMAL | SIMPLIFIED_DCF_NOT_APPLICABLE | MOPS_SINGLE_ELIGIBLE_FILING,MOPS_EXACT,c923edd1bb40e5e2856a51f7cabd0e5d52d006b978fff07e88e50fc3fa8fda07,True
2360,2018-12-31,2019-03-25T15:35:33+08:00,2019-03-25,2019-03-26,UNKNOWN,DETERIORATING,DETERIORATING,NORMAL,INSUFFICIENT,METRIC_COVERAGE_INSUFFICIENT_TTM_REVENUE | METRIC_COVERAGE_INSUFFICIENT_TTM_EPS | METRIC_COVERAGE_INSUFFICIENT_ROE | METRIC_COVERAGE_INSUFFICIENT_ROIC | METRIC_COVERAGE_INSUFFICIENT_TTM_FCF | DETERIORATION_CORROBORATED | HISTORICAL_VALUATION_NORMAL | SIMPLIFIED_DCF_AVAILABLE | MOPS_CONSOLIDATED_PREFERRED_OVER_INDIVIDUAL,MOPS_EXACT,49acb2ba1a4075c36b94554e2808bb9699ca95cdac3c10d6c687c447401c1f54,True
2360,2019-03-31,2019-05-14T14:38:54+08:00,2019-05-14,2019-05-15,UNKNOWN,DETERIORATING,DETERIORATING,NORMAL,INSUFFICIENT,METRIC_COVERAGE_INSUFFICIENT_TTM_REVENUE | METRIC_COVERAGE_INSUFFICIENT_TTM_EPS | METRIC_COVERAGE_INSUFFICIENT_ROE | METRIC_COVERAGE_INSUFFICIENT_ROIC | METRIC_COVERAGE_INSUFFICIENT_TTM_FCF | DETERIORATION_CORROBORATED | HISTORICAL_VALUATION_NORMAL | SIMPLIFIED_DCF_AVAILABLE | MOPS_SINGLE_ELIGIBLE_FILING,MOPS_EXACT,2ca3c7390e2d4c8f84a0b70749df753cdf27ad5bfbe87682252b6485d7144f46,True
2360,2019-06-30,2019-08-12T14:31:15+08:00,2019-08-12,2019-08-13,UNKNOWN,DETERIORATING,DETERIORATING,NORMAL,INSUFFICIENT,METRIC_COVERAGE_INSUFFICIENT_TTM_REVENUE | METRIC_COVERAGE_INSUFFICIENT_TTM_EPS | METRIC_COVERAGE_INSUFFICIENT_ROE | METRIC_COVERAGE_INSUFFICIENT_ROIC | METRIC_COVERAGE_INSUFFICIENT_TTM_FCF | DETERIORATION_CORROBORATED | HISTORICAL_VALUATION_NORMAL | SIMPLIFIED_DCF_AVAILABLE | MOPS_SINGLE_ELIGIBLE_FILING,MOPS_EXACT,b02ad9f4a14ed457074de015b8539f63c13a934bfa1b4c32dd65a9e9eafd1cc6,True
2360,2019-09-30,2019-11-13T12:20:14+08:00,2019-11-13,2019-11-14,UNKNOWN,UNKNOWN,UNKNOWN,NORMAL,INSUFFICIENT,METRIC_COVERAGE_INSUFFICIENT_ROE | METRIC_COVERAGE_INSUFFICIENT_ROIC | METRIC_COVERAGE_INSUFFICIENT_TTM_FCF | MIXED_FUNDAMENTAL_DIRECTION | HISTORICAL_VALUATION_NORMAL | SIMPLIFIED_DCF_AVAILABLE | MOPS_SINGLE_ELIGIBLE_FILING,MOPS_EXACT,27f39b01cee8736fe2ecbe9d3ce0e69b4349fa5171361717ea5eda467ad94449,True
2360,2019-12-31,2020-03-24T14:58:54+08:00,2020-03-24,2020-03-25,UNKNOWN,UNKNOWN,UNKNOWN,NORMAL,INSUFFICIENT,METRIC_COVERAGE_INSUFFICIENT_TTM_FCF | MIXED_FUNDAMENTAL_DIRECTION | HISTORICAL_VALUATION_NORMAL | SIMPLIFIED_DCF_AVAILABLE | MOPS_CONSOLIDATED_PREFERRED_OVER_INDIVIDUAL,MOPS_EXACT,d57284664ec92aa2a32006bb3cbbdee7c2a5864751fb12ce51e9dd43e6420196,True
2360,2020-03-31,2020-05-12T15:43:34+08:00,2020-05-12,2020-05-13,UNKNOWN,IMPROVING,BOTTOMING,NORMAL,INSUFFICIENT,METRIC_COVERAGE_INSUFFICIENT_TTM_FCF | REVENUE_CONTRACTION_NARROWING | RECOVERY_CORROBORATED | HISTORICAL_VALUATION_NORMAL | SIMPLIFIED_DCF_AVAILABLE | MOPS_SINGLE_ELIGIBLE_FILING,MOPS_EXACT,825636e417d5bf49f0f44bfcb3df4e9c946c2e6ed96ad60e7c21b88b24e0db44,True
2360,2020-06-30,2020-08-13T13:52:28+08:00,2020-08-13,2020-08-14,UNKNOWN,IMPROVING,TURNING_UP,NORMAL,INSUFFICIENT,METRIC_COVERAGE_INSUFFICIENT_TTM_FCF | EARLY_REVENUE_RECOVERY | RECOVERY_CORROBORATED | HISTORICAL_VALUATION_NORMAL | SIMPLIFIED_DCF_AVAILABLE | MOPS_SINGLE_ELIGIBLE_FILING,MOPS_EXACT,80fe4ba330e6548d2a573fbff4a094e984edf63f94ac49f5e855b7419f265dc8,True
2360,2020-09-30,2020-11-11T14:23:07+08:00,2020-11-11,2020-11-12,UNKNOWN,IMPROVING,TURNING_UP,NORMAL,INSUFFICIENT,METRIC_COVERAGE_INSUFFICIENT_TTM_FCF | EARLY_REVENUE_RECOVERY | RECOVERY_CORROBORATED | HISTORICAL_VALUATION_NORMAL | SIMPLIFIED_DCF_AVAILABLE | MOPS_SINGLE_ELIGIBLE_FILING,MOPS_EXACT,3b8373ea195379c8774200bd3cb75751874d85c54038f351ef4b657423a8dd2c,True
2360,2020-12-31,2021-03-25T14:50:55+08:00,2021-03-25,2021-03-26,UNKNOWN,STABLE,CONFIRMED_GROWTH,HIGH,INSUFFICIENT,METRIC_COVERAGE_INSUFFICIENT_TTM_FCF | GROWTH_CONFIRMED_THREE_PERIODS | HISTORICAL_VALUATION_HIGH | SIMPLIFIED_DCF_AVAILABLE | MOPS_CONSOLIDATED_PREFERRED_OVER_INDIVIDUAL,MOPS_EXACT,995b0e9e9e3c7908bad44319d8a768d6ab132942204533d4c9798b75468a580d,True
2360,2021-03-31,2021-05-14T13:35:30+08:00,2021-05-14,2021-05-17,UNKNOWN,STABLE,CONFIRMED_GROWTH,LOW,INSUFFICIENT,METRIC_COVERAGE_INSUFFICIENT_TTM_FCF | GROWTH_CONFIRMED_THREE_PERIODS | HISTORICAL_VALUATION_LOW | SIMPLIFIED_DCF_AVAILABLE | MOPS_SINGLE_ELIGIBLE_FILING,MOPS_EXACT,1a7e7b84f2bce8fa67819f30237e48cf7498013193e1e35a23bebc900507bb6e,True
2360,2021-06-30,2021-08-12T15:29:50+08:00,2021-08-12,2021-08-13,UNKNOWN,STABLE,CONFIRMED_GROWTH,LOW,INSUFFICIENT,METRIC_COVERAGE_INSUFFICIENT_TTM_FCF | GROWTH_CONFIRMED_THREE_PERIODS | HISTORICAL_VALUATION_LOW | SIMPLIFIED_DCF_AVAILABLE | MOPS_SINGLE_ELIGIBLE_FILING,MOPS_EXACT,250b30bb5bac410086809d3a8c5019ead60b32b06f62c207017cd7061c437fc6,True
2360,2021-09-30,2021-11-12T14:12:25+08:00,2021-11-12,2021-11-15,UNKNOWN,STABLE,CONFIRMED_GROWTH,LOW,INSUFFICIENT,METRIC_COVERAGE_INSUFFICIENT_TTM_FCF | GROWTH_CONFIRMED_THREE_PERIODS | HISTORICAL_VALUATION_LOW | SIMPLIFIED_DCF_AVAILABLE | MOPS_SINGLE_ELIGIBLE_FILING,MOPS_EXACT,ab0584ef7e44ad27e6222a635b8260f332151bc617755101180127956601ccbd,True
2360,2021-12-31,2022-03-25T14:16:17+08:00,2022-03-25,2022-03-28,UNKNOWN,STABLE,CONFIRMED_GROWTH,LOW,INSUFFICIENT,METRIC_COVERAGE_INSUFFICIENT_TTM_FCF | GROWTH_CONFIRMED_THREE_PERIODS | HISTORICAL_VALUATION_LOW | SIMPLIFIED_DCF_AVAILABLE | MOPS_CONSOLIDATED_PREFERRED_OVER_INDIVIDUAL,MOPS_EXACT,0d7c51a3d5926ea91d60daf72ecc331b352d8ea3ea15f365a00b1c8294164ffc,True
2360,2022-03-31,2022-05-12T16:08:22+08:00,2022-05-12,2022-05-13,UNKNOWN,UNKNOWN,UNKNOWN,NORMAL,INSUFFICIENT,METRIC_COVERAGE_INSUFFICIENT_TTM_FCF | MIXED_FUNDAMENTAL_DIRECTION | HISTORICAL_VALUATION_NORMAL | SIMPLIFIED_DCF_AVAILABLE | MOPS_SINGLE_ELIGIBLE_FILING,MOPS_EXACT,f525772b243405bbd8df983f5b64651c48cd910b2f3dae3648176e23b6826e70,True
2360,2022-06-30,2022-08-11T14:04:48+08:00,2022-08-11,2022-08-12,ACCEPTABLE,UNKNOWN,UNKNOWN,LOW,OK,PROFITABILITY_DURABLE | GROWTH_DURABLE | CASH_CONVERSION_SUPPORTED_NOT_ESTABLISHED | BALANCE_SHEET_RESILIENT | INTEREST_COVERAGE_SUPPORTED | MIXED_FUNDAMENTAL_DIRECTION | HISTORICAL_VALUATION_LOW | SIMPLIFIED_DCF_AVAILABLE | MOPS_SINGLE_ELIGIBLE_FILING,MOPS_EXACT,b8a2d1b32e2baf5afec25014b0e053f410a225af3c7da6c38cbdae1613b3e0a4,True
2360,2022-09-30,2022-11-11T16:22:30+08:00,2022-11-11,2022-11-14,WEAK,UNKNOWN,UNKNOWN,LOW,PARTIAL,PROFITABILITY_DURABLE | GROWTH_DURABLE | CASH_CONVERSION_SUPPORTED_NOT_ESTABLISHED | BALANCE_SHEET_RESILIENT_NOT_ESTABLISHED | INTEREST_COVERAGE_NOT_ESTABLISHED | MIXED_FUNDAMENTAL_DIRECTION | HISTORICAL_VALUATION_LOW | SIMPLIFIED_DCF_AVAILABLE | MOPS_SINGLE_ELIGIBLE_FILING,MOPS_EXACT,ef49710c528c913dd552bc3dc8573604aa3cbac8cc3cbec26a13dca9e668904d,True
2360,2022-12-31,2023-03-10T15:39:15+08:00,2023-03-10,2023-03-13,ACCEPTABLE,IMPROVING,TURNING_UP,LOW,OK,PROFITABILITY_DURABLE | GROWTH_DURABLE | CASH_CONVERSION_SUPPORTED_NOT_ESTABLISHED | BALANCE_SHEET_RESILIENT | INTEREST_COVERAGE_SUPPORTED | EARLY_REVENUE_RECOVERY | RECOVERY_CORROBORATED | HISTORICAL_VALUATION_LOW | SIMPLIFIED_DCF_AVAILABLE | MOPS_CONSOLIDATED_PREFERRED_OVER_INDIVIDUAL,MOPS_EXACT,562c490962d163d8857d5c77cf943710630cf27ab8ab965bee969e478a81ed96,True
2360,2023-03-31,2023-05-11T16:36:31+08:00,2023-05-11,2023-05-12,ACCEPTABLE,STABLE,CONFIRMED_GROWTH,LOW,OK,PROFITABILITY_DURABLE | GROWTH_DURABLE | CASH_CONVERSION_SUPPORTED_NOT_ESTABLISHED | BALANCE_SHEET_RESILIENT | INTEREST_COVERAGE_SUPPORTED | GROWTH_CONFIRMED_THREE_PERIODS | HISTORICAL_VALUATION_LOW | SIMPLIFIED_DCF_AVAILABLE | MOPS_SINGLE_ELIGIBLE_FILING,MOPS_EXACT,196349d7ddbd04be0c578791d0ceb0e9e422111d5af354174913c0da9d180ba1,True
2360,2023-06-30,2023-08-10T16:19:49+08:00,2023-08-10,2023-08-11,ACCEPTABLE,STABLE,CONFIRMED_GROWTH,NORMAL,OK,PROFITABILITY_DURABLE | GROWTH_DURABLE | CASH_CONVERSION_SUPPORTED_NOT_ESTABLISHED | BALANCE_SHEET_RESILIENT | INTEREST_COVERAGE_SUPPORTED | GROWTH_CONFIRMED_THREE_PERIODS | HISTORICAL_VALUATION_NORMAL | SIMPLIFIED_DCF_AVAILABLE | MOPS_SINGLE_ELIGIBLE_FILING,MOPS_EXACT,036fe1e152fd49c06136bd5e0fb2a9ca29cc289c9e0d53fe2aa58716bf03fa46,True
2360,2023-09-30,2023-11-10T15:38:31+08:00,2023-11-10,2023-11-13,ACCEPTABLE,DETERIORATING,DETERIORATING,NORMAL,OK,PROFITABILITY_DURABLE | GROWTH_DURABLE | CASH_CONVERSION_SUPPORTED_NOT_ESTABLISHED | BALANCE_SHEET_RESILIENT | INTEREST_COVERAGE_SUPPORTED | DETERIORATION_CORROBORATED | HISTORICAL_VALUATION_NORMAL | SIMPLIFIED_DCF_AVAILABLE | MOPS_SINGLE_ELIGIBLE_FILING,MOPS_EXACT,deb6364ea7822936b209c18169fbf59c38c7fb8704badb80d09ac74c1fc5fb96,True
2360,2023-12-31,2024-02-29T16:43:37+08:00,2024-02-29,2024-03-01,ACCEPTABLE,DETERIORATING,DETERIORATING,NORMAL,OK,PROFITABILITY_DURABLE | GROWTH_DURABLE | CASH_CONVERSION_SUPPORTED_NOT_ESTABLISHED | BALANCE_SHEET_RESILIENT | INTEREST_COVERAGE_SUPPORTED | DETERIORATION_CORROBORATED | HISTORICAL_VALUATION_NORMAL | SIMPLIFIED_DCF_AVAILABLE | MOPS_CONSOLIDATED_PREFERRED_OVER_INDIVIDUAL,MOPS_EXACT,c99446380414ecb8c5432afcdbf45b37cb313714e71073242983b83ee2bce4ea,True
2360,2024-03-31,2024-05-10T14:03:17+08:00,2024-05-10,2024-05-13,WEAK,UNKNOWN,UNKNOWN,NORMAL,OK,PROFITABILITY_DURABLE | GROWTH_DURABLE_NOT_ESTABLISHED | CASH_CONVERSION_SUPPORTED_NOT_ESTABLISHED | BALANCE_SHEET_RESILIENT | INTEREST_COVERAGE_SUPPORTED | MIXED_FUNDAMENTAL_DIRECTION | HISTORICAL_VALUATION_NORMAL | SIMPLIFIED_DCF_AVAILABLE | MOPS_SINGLE_ELIGIBLE_FILING,MOPS_EXACT,d350cec21f5f242e4f3cc7d539f6b620a5090a06aa27f9704b193c9d4c6eee5d,True
2360,2024-06-30,2024-08-12T14:31:31+08:00,2024-08-12,2024-08-13,GOOD,IMPROVING,BOTTOMING,NORMAL,OK,PROFITABILITY_DURABLE | GROWTH_DURABLE | CASH_CONVERSION_SUPPORTED | BALANCE_SHEET_RESILIENT | INTEREST_COVERAGE_SUPPORTED | REVENUE_CONTRACTION_NARROWING | RECOVERY_CORROBORATED | HISTORICAL_VALUATION_NORMAL | SIMPLIFIED_DCF_AVAILABLE | MOPS_SINGLE_ELIGIBLE_FILING,MOPS_EXACT,f0336607fc9ae441ed88af3fd9e13749b0f25fb0dfd84918f706515c1c47cd72,True
2360,2024-09-30,2024-11-12T16:57:41+08:00,2024-11-12,2024-11-13,WEAK,IMPROVING,TURNING_UP,HIGH,OK,PROFITABILITY_DURABLE | GROWTH_DURABLE | CASH_CONVERSION_SUPPORTED | BALANCE_SHEET_RESILIENT_NOT_ESTABLISHED | INTEREST_COVERAGE_NOT_ESTABLISHED | EARLY_REVENUE_RECOVERY | RECOVERY_CORROBORATED | HISTORICAL_VALUATION_HIGH | SIMPLIFIED_DCF_AVAILABLE | MOPS_SINGLE_ELIGIBLE_FILING,MOPS_EXACT,6c2cd88d60e62e3a64939d9d1c1b95ebf665429088f8f46ec2a159e789b98dce,True
2360,2024-12-31,2025-03-03T14:52:48+08:00,2025-03-03,2025-03-04,GOOD,IMPROVING,TURNING_UP,NORMAL,OK,PROFITABILITY_DURABLE | GROWTH_DURABLE | CASH_CONVERSION_SUPPORTED | BALANCE_SHEET_RESILIENT | INTEREST_COVERAGE_SUPPORTED | EARLY_REVENUE_RECOVERY | RECOVERY_CORROBORATED | HISTORICAL_VALUATION_NORMAL | SIMPLIFIED_DCF_AVAILABLE | MOPS_CONSOLIDATED_PREFERRED_OVER_INDIVIDUAL,MOPS_EXACT,223c36f8470f36394b66152cdb3c2ea3424d74b7962c7920a92f4a13d05d2042,True
2360,2025-03-31,2025-05-13T14:04:18+08:00,2025-05-13,2025-05-14,GOOD,IMPROVING,TURNING_UP,NORMAL,OK,PROFITABILITY_DURABLE | GROWTH_DURABLE | CASH_CONVERSION_SUPPORTED | BALANCE_SHEET_RESILIENT | INTEREST_COVERAGE_SUPPORTED | EARLY_REVENUE_RECOVERY | RECOVERY_CORROBORATED | HISTORICAL_VALUATION_NORMAL | SIMPLIFIED_DCF_AVAILABLE | MOPS_SINGLE_ELIGIBLE_FILING,MOPS_EXACT,9682c20c26dbe1f0593a2b5c0c55ed231099fd3dd299b032453155e85c005f48,True
2360,2025-06-30,2025-08-12T14:11:32+08:00,2025-08-12,2025-08-13,GOOD,STABLE,CONFIRMED_GROWTH,HIGH,PARTIAL,PROFITABILITY_DURABLE | GROWTH_DURABLE | CASH_CONVERSION_SUPPORTED | BALANCE_SHEET_RESILIENT | INTEREST_COVERAGE_SUPPORTED | GROWTH_CONFIRMED_THREE_PERIODS | HISTORICAL_VALUATION_HIGH | SIMPLIFIED_DCF_AVAILABLE | MOPS_SINGLE_ELIGIBLE_FILING,MOPS_EXACT,86cf577a0eaa218721ad0c80014bbb9ccb12b398a2cf417cc4589e38dfb98327,True
2360,2025-09-30,2025-11-12T17:26:26+08:00,2025-11-12,2025-11-13,GOOD,STABLE,CONFIRMED_GROWTH,HIGH,PARTIAL,PROFITABILITY_DURABLE | GROWTH_DURABLE | CASH_CONVERSION_SUPPORTED | BALANCE_SHEET_RESILIENT | INTEREST_COVERAGE_SUPPORTED | GROWTH_CONFIRMED_THREE_PERIODS | HISTORICAL_VALUATION_HIGH | SIMPLIFIED_DCF_AVAILABLE | MOPS_SINGLE_ELIGIBLE_FILING,MOPS_EXACT,b1d6907f686868784663f05e29677936f2b2dc62d4ba1ef00aa8a3b162686400,True
2360,2025-12-31,2026-03-11T15:22:37+08:00,2026-03-11,2026-03-12,ACCEPTABLE,STABLE,CONFIRMED_GROWTH,HIGH,PARTIAL,PROFITABILITY_DURABLE | GROWTH_DURABLE_NOT_ESTABLISHED | CASH_CONVERSION_SUPPORTED | BALANCE_SHEET_RESILIENT | INTEREST_COVERAGE_SUPPORTED | GROWTH_CONFIRMED_THREE_PERIODS | HISTORICAL_VALUATION_HIGH | SIMPLIFIED_DCF_AVAILABLE | MOPS_CONSOLIDATED_PREFERRED_OVER_INDIVIDUAL,MOPS_EXACT,daa2fbb91ab6b26cfab1ee3b8381525e9c3ce492e4673c5b59000b1ae8f9b200,True
2360,2026-03-31,2026-05-13T17:10:00+08:00,2026-05-13,2026-05-14,ACCEPTABLE,STABLE,CONFIRMED_GROWTH,HIGH,PARTIAL,PROFITABILITY_DURABLE | GROWTH_DURABLE_NOT_ESTABLISHED | CASH_CONVERSION_SUPPORTED | BALANCE_SHEET_RESILIENT | INTEREST_COVERAGE_SUPPORTED | GROWTH_CONFIRMED_THREE_PERIODS | HISTORICAL_VALUATION_HIGH | SIMPLIFIED_DCF_AVAILABLE | MOPS_SINGLE_ELIGIBLE_FILING,MOPS_EXACT,d9f53926fcfd461aae925a94f13ec534d3044d7abd642e11df0543eb68c8f92e,True
2360,2026-06-30,2026-08-07T13:55:51+08:00,2026-08-07,2026-08-10,GOOD,IMPROVING,TURNING_UP,HIGH,PARTIAL,PROFITABILITY_DURABLE | GROWTH_DURABLE | CASH_CONVERSION_SUPPORTED | BALANCE_SHEET_RESILIENT | INTEREST_COVERAGE_SUPPORTED | EARLY_REVENUE_RECOVERY | RECOVERY_CORROBORATED | HISTORICAL_VALUATION_HIGH | SIMPLIFIED_DCF_AVAILABLE | MOPS_SINGLE_ELIGIBLE_FILING,MOPS_EXACT,d5a37c7ca2851627ecd6fc2f21858abf9b5819f0ac87b94f16fa87063bc6257e,True
2368,2016-03-31,2016-05-12T13:25:21+08:00,2016-05-12,2016-05-13,UNKNOWN,UNKNOWN,UNKNOWN,N/M,INSUFFICIENT,QUALITY_HISTORY_INSUFFICIENT | STATE_HISTORY_INSUFFICIENT | VALUATION_HISTORY_INSUFFICIENT | SIMPLIFIED_DCF_NOT_APPLICABLE | MOPS_SINGLE_ELIGIBLE_FILING,MOPS_EXACT,3471fd1046a9bd039cebdf23aaca9c129aac208e438cbd693c6584e670a1172b,True
2368,2016-06-30,2016-08-12T17:13:47+08:00,2016-08-12,2016-08-15,UNKNOWN,UNKNOWN,UNKNOWN,N/M,INSUFFICIENT,QUALITY_HISTORY_INSUFFICIENT | STATE_HISTORY_INSUFFICIENT | NONPOSITIVE_OR_MISSING_PE | SIMPLIFIED_DCF_NOT_APPLICABLE | MOPS_SINGLE_ELIGIBLE_FILING,MOPS_EXACT,3dbfe4854c668848ef466c29d6599668132eb35362afe9e136833620a48ecdeb,True
2368,2016-09-30,2016-11-11T16:07:57+08:00,2016-11-11,2016-11-14,UNKNOWN,UNKNOWN,UNKNOWN,N/M,INSUFFICIENT,QUALITY_HISTORY_INSUFFICIENT | STATE_HISTORY_INSUFFICIENT | NONPOSITIVE_OR_MISSING_PE | SIMPLIFIED_DCF_NOT_APPLICABLE | MOPS_SINGLE_ELIGIBLE_FILING,MOPS_EXACT,306b53ca1c6c0d47799497c946df6a0c1860349533bbf1546cbe24120da807ba,True
2368,2016-12-31,2017-03-27T17:35:40+08:00,2017-03-27,2017-03-28,UNKNOWN,UNKNOWN,UNKNOWN,N/M,INSUFFICIENT,QUALITY_HISTORY_INSUFFICIENT | STATE_HISTORY_INSUFFICIENT | NONPOSITIVE_OR_MISSING_PE | SIMPLIFIED_DCF_AVAILABLE | MOPS_CONSOLIDATED_PREFERRED_OVER_INDIVIDUAL,MOPS_EXACT,e581c54d89a5dc0c96fbbf7391209bf01ff5a91d95682493d5ffb660a9ec7d31,True
2368,2017-03-31,2017-05-12T14:35:52+08:00,2017-05-12,2017-05-15,UNKNOWN,UNKNOWN,UNKNOWN,HIGH,INSUFFICIENT,QUALITY_HISTORY_INSUFFICIENT | STATE_HISTORY_INSUFFICIENT | HISTORICAL_VALUATION_HIGH | SIMPLIFIED_DCF_AVAILABLE | MOPS_SINGLE_ELIGIBLE_FILING,MOPS_EXACT,e47e9df6c1f7a5386ae35336b6377c119c48fac72ed0d31d56bf4a15a0c8e309,True
2368,2017-06-30,2017-08-14T13:21:37+08:00,2017-08-14,2017-08-15,UNKNOWN,UNKNOWN,UNKNOWN,NORMAL,INSUFFICIENT,QUALITY_HISTORY_INSUFFICIENT | STATE_HISTORY_INSUFFICIENT | HISTORICAL_VALUATION_NORMAL | SIMPLIFIED_DCF_AVAILABLE | MOPS_SINGLE_ELIGIBLE_FILING,MOPS_EXACT,111133f858d5029e3863276b64c030f46a4502209214627adfb7ef01659a3123,True
2368,2017-09-30,2017-11-14T09:05:51+08:00,2017-11-14,2017-11-15,UNKNOWN,UNKNOWN,UNKNOWN,N/M,INSUFFICIENT,QUALITY_HISTORY_INSUFFICIENT | STATE_HISTORY_INSUFFICIENT | NONPOSITIVE_OR_MISSING_PE | SIMPLIFIED_DCF_NOT_APPLICABLE | MOPS_SINGLE_ELIGIBLE_FILING,MOPS_EXACT,c532f0df7b9e9dc954596aa6179ad088aa7f39a5b821192fea13f821624d7058,True
2368,2017-12-31,2018-03-30T10:30:13+08:00,2018-03-30,2018-03-31,UNKNOWN,UNKNOWN,UNKNOWN,N/M,INSUFFICIENT,QUALITY_HISTORY_INSUFFICIENT | STATE_HISTORY_INSUFFICIENT | NONPOSITIVE_OR_MISSING_PE | SIMPLIFIED_DCF_NOT_APPLICABLE | MOPS_CONSOLIDATED_PREFERRED_OVER_INDIVIDUAL,MOPS_EXACT,b0d845ba7effc1a58879a37c9c2bceab5415604a9e61d9781f0232d75908558b,True
2368,2018-03-31,2018-05-14T10:20:50+08:00,2018-05-14,2018-05-15,UNKNOWN,UNKNOWN,UNKNOWN,N/M,INSUFFICIENT,QUALITY_HISTORY_INSUFFICIENT | STATE_HISTORY_INSUFFICIENT | NONPOSITIVE_OR_MISSING_PE | SIMPLIFIED_DCF_NOT_APPLICABLE | MOPS_SINGLE_ELIGIBLE_FILING,MOPS_EXACT,79a6f2ae5652e8ba04fdad51cfa67bf98ca929779ce3b5517f9709d7cdf2d83a,True
2368,2018-06-30,2018-08-14T08:47:07+08:00,2018-08-14,2018-08-15,UNKNOWN,UNKNOWN,UNKNOWN,N/M,INSUFFICIENT,QUALITY_HISTORY_INSUFFICIENT | STATE_HISTORY_INSUFFICIENT | NONPOSITIVE_OR_MISSING_PE | SIMPLIFIED_DCF_NOT_APPLICABLE | MOPS_SINGLE_ELIGIBLE_FILING,MOPS_EXACT,c2f33968fd2b5794a2f7680ecf42ef4b9d0cd84bf09896f23fc69f9de8d04345,True
2368,2018-09-30,2018-11-13T16:53:57+08:00,2018-11-13,2018-11-14,UNKNOWN,IMPROVING,TURNING_UP,LOW,INSUFFICIENT,QUALITY_HISTORY_INSUFFICIENT | EARLY_REVENUE_RECOVERY | RECOVERY_CORROBORATED | HISTORICAL_VALUATION_LOW | SIMPLIFIED_DCF_AVAILABLE | MOPS_SINGLE_ELIGIBLE_FILING,MOPS_EXACT,2e4dac6d6574043275940a4e90e974798effe063d91a84a052aa4584a91104af,True
2368,2018-12-31,2019-04-01T11:22:50+08:00,2019-04-01,2019-04-02,UNKNOWN,IMPROVING,TURNING_UP,NORMAL,INSUFFICIENT,METRIC_COVERAGE_INSUFFICIENT_TTM_REVENUE | METRIC_COVERAGE_INSUFFICIENT_TTM_EPS | METRIC_COVERAGE_INSUFFICIENT_ROE | METRIC_COVERAGE_INSUFFICIENT_ROIC | EARLY_REVENUE_RECOVERY | RECOVERY_CORROBORATED | HISTORICAL_VALUATION_NORMAL | SIMPLIFIED_DCF_NOT_APPLICABLE | MOPS_CONSOLIDATED_PREFERRED_OVER_INDIVIDUAL,MOPS_EXACT,bdfa0a09e06fce5f09da31aa455f772651bad882113202cd1f83f6d04226b9ff,True
2368,2019-03-31,2019-05-14T16:31:13+08:00,2019-05-14,2019-05-15,UNKNOWN,UNKNOWN,UNKNOWN,NORMAL,INSUFFICIENT,METRIC_COVERAGE_INSUFFICIENT_TTM_REVENUE | METRIC_COVERAGE_INSUFFICIENT_TTM_EPS | METRIC_COVERAGE_INSUFFICIENT_ROE | METRIC_COVERAGE_INSUFFICIENT_ROIC | MIXED_FUNDAMENTAL_DIRECTION | HISTORICAL_VALUATION_NORMAL | SIMPLIFIED_DCF_AVAILABLE | MOPS_SINGLE_ELIGIBLE_FILING,MOPS_EXACT,efefed3f288bb1864d4e393edc373a0e83d068fff94d8b458aef063a0d3b25d2,True
2368,2019-06-30,2019-08-14T13:27:37+08:00,2019-08-14,2019-08-15,UNKNOWN,UNKNOWN,UNKNOWN,NORMAL,INSUFFICIENT,METRIC_COVERAGE_INSUFFICIENT_TTM_REVENUE | METRIC_COVERAGE_INSUFFICIENT_TTM_EPS | METRIC_COVERAGE_INSUFFICIENT_ROE | METRIC_COVERAGE_INSUFFICIENT_ROIC | MIXED_FUNDAMENTAL_DIRECTION | HISTORICAL_VALUATION_NORMAL | SIMPLIFIED_DCF_NOT_APPLICABLE | MOPS_SINGLE_ELIGIBLE_FILING,MOPS_EXACT,c59b731591b1947383b304ab6e0d151482a80435fbe47c4b23c10131b0f31e31,True
2368,2019-09-30,2019-11-13T15:51:27+08:00,2019-11-13,2019-11-14,UNKNOWN,DETERIORATING,DETERIORATING,N/M,INSUFFICIENT,METRIC_COVERAGE_INSUFFICIENT_ROE | METRIC_COVERAGE_INSUFFICIENT_ROIC | DETERIORATION_CORROBORATED | NONPOSITIVE_OR_MISSING_PE | SIMPLIFIED_DCF_NOT_APPLICABLE | MOPS_SINGLE_ELIGIBLE_FILING,MOPS_EXACT,4aeafc82e37b5e3a37adf5ead37ea5020678c6f4b36c522b1a151d763a192fd7,True
2368,2019-12-31,2020-03-26T16:53:35+08:00,2020-03-26,2020-03-27,WEAK,UNKNOWN,UNKNOWN,HIGH,OK,PROFITABILITY_DURABLE_NOT_ESTABLISHED | GROWTH_DURABLE_NOT_ESTABLISHED | CASH_CONVERSION_SUPPORTED | BALANCE_SHEET_RESILIENT_NOT_ESTABLISHED | INTEREST_COVERAGE_NOT_ESTABLISHED | MIXED_FUNDAMENTAL_DIRECTION | HISTORICAL_VALUATION_HIGH | SIMPLIFIED_DCF_AVAILABLE | MOPS_CONSOLIDATED_PREFERRED_OVER_INDIVIDUAL,MOPS_EXACT,9d3f01ab59af0782cb5e0514a7cdebdd8a0eef89086622e6c6fd30a9ff655a3f,True
2368,2020-03-31,2020-05-12T16:23:08+08:00,2020-05-12,2020-05-13,WEAK,IMPROVING,BOTTOMING,LOW,OK,PROFITABILITY_DURABLE_NOT_ESTABLISHED | GROWTH_DURABLE_NOT_ESTABLISHED | CASH_CONVERSION_SUPPORTED | BALANCE_SHEET_RESILIENT_NOT_ESTABLISHED | INTEREST_COVERAGE_NOT_ESTABLISHED | REVENUE_CONTRACTION_NARROWING | RECOVERY_CORROBORATED | HISTORICAL_VALUATION_LOW | SIMPLIFIED_DCF_AVAILABLE | MOPS_SINGLE_ELIGIBLE_FILING,MOPS_EXACT,6d3044bfcb1f65b3170f49e05c5e6fc041b87395d4048f372614ea12b8e2a22a,True
2368,2020-06-30,2020-08-12T14:36:16+08:00,2020-08-12,2020-08-13,WEAK,UNKNOWN,UNKNOWN,LOW,OK,PROFITABILITY_DURABLE_NOT_ESTABLISHED | GROWTH_DURABLE | CASH_CONVERSION_SUPPORTED | BALANCE_SHEET_RESILIENT_NOT_ESTABLISHED | INTEREST_COVERAGE_NOT_ESTABLISHED | MIXED_FUNDAMENTAL_DIRECTION | HISTORICAL_VALUATION_LOW | SIMPLIFIED_DCF_AVAILABLE | MOPS_SINGLE_ELIGIBLE_FILING,MOPS_EXACT,33fc7f5806a47b5f210b592f4054921ba242f5ecc857b27c7ee35deb965dad38,True
2368,2020-09-30,2020-11-11T15:39:01+08:00,2020-11-11,2020-11-12,WEAK,IMPROVING,TURNING_UP,LOW,OK,PROFITABILITY_DURABLE_NOT_ESTABLISHED | GROWTH_DURABLE_NOT_ESTABLISHED | CASH_CONVERSION_SUPPORTED | BALANCE_SHEET_RESILIENT_NOT_ESTABLISHED | INTEREST_COVERAGE_NOT_ESTABLISHED | EARLY_REVENUE_RECOVERY | RECOVERY_CORROBORATED | HISTORICAL_VALUATION_LOW | SIMPLIFIED_DCF_AVAILABLE | MOPS_SINGLE_ELIGIBLE_FILING,MOPS_EXACT,a372856f6c997f469a9cf570245eee5ec2a8463b47694032fc5ac1956c69ea8c,True
2368,2020-12-31,2021-03-26T11:44:55+08:00,2021-03-26,2021-03-29,WEAK,UNKNOWN,UNKNOWN,LOW,OK,PROFITABILITY_DURABLE_NOT_ESTABLISHED | GROWTH_DURABLE_NOT_ESTABLISHED | CASH_CONVERSION_SUPPORTED | BALANCE_SHEET_RESILIENT_NOT_ESTABLISHED | INTEREST_COVERAGE_NOT_ESTABLISHED | MIXED_FUNDAMENTAL_DIRECTION | HISTORICAL_VALUATION_LOW | SIMPLIFIED_DCF_AVAILABLE | MOPS_CONSOLIDATED_PREFERRED_OVER_INDIVIDUAL,MOPS_EXACT,396f937d95a2fd2fa4639c106903c4197e3ea4eb309e8b07409fb2295df72d88,True
2368,2021-03-31,2021-05-14T09:12:56+08:00,2021-05-14,2021-05-17,WEAK,DETERIORATING,DETERIORATING,LOW,OK,PROFITABILITY_DURABLE_NOT_ESTABLISHED | GROWTH_DURABLE_NOT_ESTABLISHED | CASH_CONVERSION_SUPPORTED | BALANCE_SHEET_RESILIENT_NOT_ESTABLISHED | INTEREST_COVERAGE_NOT_ESTABLISHED | DETERIORATION_CORROBORATED | HISTORICAL_VALUATION_LOW | SIMPLIFIED_DCF_AVAILABLE | MOPS_SINGLE_ELIGIBLE_FILING,MOPS_EXACT,729b3e5aed8726acae706623d6d5187968f5b7aa969516229094b978ad55ed2b,True
2368,2021-06-30,2021-08-12T16:39:42+08:00,2021-08-12,2021-08-13,WEAK,STABLE,CONFIRMED_GROWTH,NORMAL,OK,PROFITABILITY_DURABLE_NOT_ESTABLISHED | GROWTH_DURABLE_NOT_ESTABLISHED | CASH_CONVERSION_SUPPORTED | BALANCE_SHEET_RESILIENT_NOT_ESTABLISHED | INTEREST_COVERAGE_NOT_ESTABLISHED | GROWTH_CONFIRMED_THREE_PERIODS | HISTORICAL_VALUATION_NORMAL | SIMPLIFIED_DCF_AVAILABLE | MOPS_SINGLE_ELIGIBLE_FILING,MOPS_EXACT,17217e59e7d31a55b3bd49b061ddd7dff4550b920765be3b8b7c292edc0ab408,True
2368,2021-09-30,2021-11-12T10:17:13+08:00,2021-11-12,2021-11-15,WEAK,STABLE,CONFIRMED_GROWTH,NORMAL,OK,PROFITABILITY_DURABLE_NOT_ESTABLISHED | GROWTH_DURABLE | CASH_CONVERSION_SUPPORTED | BALANCE_SHEET_RESILIENT | INTEREST_COVERAGE_SUPPORTED | GROWTH_CONFIRMED_THREE_PERIODS | HISTORICAL_VALUATION_NORMAL | SIMPLIFIED_DCF_AVAILABLE | MOPS_SINGLE_ELIGIBLE_FILING,MOPS_EXACT,26d2fbc6261591570e72de2b1e7393075ba59987600c54a379411e3f6522f4d7,True
2368,2021-12-31,2022-03-23T15:48:23+08:00,2022-03-23,2022-03-24,WEAK,STABLE,CONFIRMED_GROWTH,NORMAL,OK,PROFITABILITY_DURABLE_NOT_ESTABLISHED | GROWTH_DURABLE | CASH_CONVERSION_SUPPORTED | BALANCE_SHEET_RESILIENT_NOT_ESTABLISHED | INTEREST_COVERAGE_NOT_ESTABLISHED | GROWTH_CONFIRMED_THREE_PERIODS | HISTORICAL_VALUATION_NORMAL | SIMPLIFIED_DCF_AVAILABLE | MOPS_CONSOLIDATED_PREFERRED_OVER_INDIVIDUAL,MOPS_EXACT,25cf65cd16baa3f17f516fc97d8d5e65037677d9484debcd1726c94bd96d3227,True
2368,2022-03-31,2022-05-12T17:08:28+08:00,2022-05-12,2022-05-13,WEAK,STABLE,CONFIRMED_GROWTH,LOW,PARTIAL,PROFITABILITY_DURABLE_NOT_ESTABLISHED | GROWTH_DURABLE | CASH_CONVERSION_SUPPORTED | BALANCE_SHEET_RESILIENT | INTEREST_COVERAGE_SUPPORTED | GROWTH_CONFIRMED_THREE_PERIODS | HISTORICAL_VALUATION_LOW | SIMPLIFIED_DCF_AVAILABLE | MOPS_SINGLE_ELIGIBLE_FILING,MOPS_EXACT,e5a703c06b89ebd0284ed8588984df9f297d21536d5033dc1c84731cddc21471,True
2368,2022-06-30,2022-08-11T13:13:02+08:00,2022-08-11,2022-08-12,WEAK,IMPROVING,TURNING_UP,LOW,PARTIAL,PROFITABILITY_DURABLE_NOT_ESTABLISHED | GROWTH_DURABLE_NOT_ESTABLISHED | CASH_CONVERSION_SUPPORTED | BALANCE_SHEET_RESILIENT | INTEREST_COVERAGE_SUPPORTED | EARLY_REVENUE_RECOVERY | RECOVERY_CORROBORATED | HISTORICAL_VALUATION_LOW | SIMPLIFIED_DCF_AVAILABLE | MOPS_SINGLE_ELIGIBLE_FILING,MOPS_EXACT,f3b57ed3ff3b3ba839fdf4e22623e6409651ebe8ad6351eb4315f8f5cd905047,True
2368,2022-09-30,2022-11-14T13:10:16+08:00,2022-11-14,2022-11-15,WEAK,IMPROVING,TURNING_UP,LOW,OK,PROFITABILITY_DURABLE | GROWTH_DURABLE_NOT_ESTABLISHED | CASH_CONVERSION_SUPPORTED | BALANCE_SHEET_RESILIENT_NOT_ESTABLISHED | INTEREST_COVERAGE_NOT_ESTABLISHED | EARLY_REVENUE_RECOVERY | RECOVERY_CORROBORATED | HISTORICAL_VALUATION_LOW | SIMPLIFIED_DCF_AVAILABLE | MOPS_SINGLE_ELIGIBLE_FILING,MOPS_EXACT,4f0da91b24fdea44ab3d3f95306bc19245666df592a1636988440726c6588fe2,True
2368,2022-12-31,2023-03-13T15:52:36+08:00,2023-03-13,2023-03-14,GOOD,STABLE,MATURE_GROWTH,LOW,OK,PROFITABILITY_DURABLE | GROWTH_DURABLE | CASH_CONVERSION_SUPPORTED | BALANCE_SHEET_RESILIENT | INTEREST_COVERAGE_SUPPORTED | SUSTAINED_GROWTH_EIGHT_PERIODS | HISTORICAL_VALUATION_LOW | SIMPLIFIED_DCF_AVAILABLE | MOPS_CONSOLIDATED_PREFERRED_OVER_INDIVIDUAL,MOPS_EXACT,7cd2273771b3707c028ca7f4e6d54e3fae052c78a7980ed5b9d52bd701d2d87f,True
2368,2023-03-31,2023-05-12T15:14:14+08:00,2023-05-12,2023-05-15,GOOD,STABLE,MATURE_GROWTH,LOW,OK,PROFITABILITY_DURABLE | GROWTH_DURABLE | CASH_CONVERSION_SUPPORTED | BALANCE_SHEET_RESILIENT | INTEREST_COVERAGE_SUPPORTED | SUSTAINED_GROWTH_EIGHT_PERIODS | HISTORICAL_VALUATION_LOW | SIMPLIFIED_DCF_AVAILABLE | MOPS_SINGLE_ELIGIBLE_FILING,MOPS_EXACT,a1c45da8e8b7eff7679beb081c9e3d4a5e1da066ed27fca85c4ef7d1c4228bcb,True
2368,2023-06-30,2023-08-11T15:26:37+08:00,2023-08-11,2023-08-14,GOOD,STABLE,DECELERATING,NORMAL,OK,PROFITABILITY_DURABLE | GROWTH_DURABLE | CASH_CONVERSION_SUPPORTED | BALANCE_SHEET_RESILIENT | INTEREST_COVERAGE_SUPPORTED | POSITIVE_GROWTH_DECELERATING | HISTORICAL_VALUATION_NORMAL | SIMPLIFIED_DCF_AVAILABLE | MOPS_SINGLE_ELIGIBLE_FILING,MOPS_EXACT,e72ea1d34b9cc5b04afb60722f15861017bbf436c3f988713a816f9c2d3ad32f,True
2368,2023-09-30,2023-11-10T11:14:35+08:00,2023-11-10,2023-11-13,GOOD,DETERIORATING,DETERIORATING,NORMAL,OK,PROFITABILITY_DURABLE | GROWTH_DURABLE | CASH_CONVERSION_SUPPORTED | BALANCE_SHEET_RESILIENT | INTEREST_COVERAGE_SUPPORTED | DETERIORATION_CORROBORATED | HISTORICAL_VALUATION_NORMAL | SIMPLIFIED_DCF_AVAILABLE | MOPS_SINGLE_ELIGIBLE_FILING,MOPS_EXACT,64bdd19fcf2ab21d1cc66bab6b353b43284c7768128c4cc4ac97a913b0069192,True
2368,2023-12-31,2024-03-15T13:34:52+08:00,2024-03-15,2024-03-18,GOOD,DETERIORATING,DETERIORATING,NORMAL,OK,PROFITABILITY_DURABLE | GROWTH_DURABLE | CASH_CONVERSION_SUPPORTED | BALANCE_SHEET_RESILIENT | INTEREST_COVERAGE_SUPPORTED | DETERIORATION_CORROBORATED | HISTORICAL_VALUATION_NORMAL | SIMPLIFIED_DCF_AVAILABLE | MOPS_CONSOLIDATED_PREFERRED_OVER_INDIVIDUAL,MOPS_EXACT,6f86a687d7608adff145e6d9be8d7a29a85fa568aa5557a95f4471c74fb467b4,True
2368,2024-03-31,2024-05-13T16:49:54+08:00,2024-05-13,2024-05-14,ACCEPTABLE,UNKNOWN,UNKNOWN,NORMAL,OK,PROFITABILITY_DURABLE | GROWTH_DURABLE_NOT_ESTABLISHED | CASH_CONVERSION_SUPPORTED | BALANCE_SHEET_RESILIENT | INTEREST_COVERAGE_SUPPORTED | MIXED_FUNDAMENTAL_DIRECTION | HISTORICAL_VALUATION_NORMAL | SIMPLIFIED_DCF_AVAILABLE | MOPS_SINGLE_ELIGIBLE_FILING,MOPS_EXACT,b43e48a8c95b52e6da9afcb86609302bc4378f1de1743a6937a446b8c8f89bdd,True
2368,2024-06-30,2024-08-12T15:32:32+08:00,2024-08-12,2024-08-13,ACCEPTABLE,IMPROVING,TURNING_UP,NORMAL,OK,PROFITABILITY_DURABLE | GROWTH_DURABLE_NOT_ESTABLISHED | CASH_CONVERSION_SUPPORTED | BALANCE_SHEET_RESILIENT | INTEREST_COVERAGE_SUPPORTED | EARLY_REVENUE_RECOVERY | RECOVERY_CORROBORATED | HISTORICAL_VALUATION_NORMAL | SIMPLIFIED_DCF_AVAILABLE | MOPS_SINGLE_ELIGIBLE_FILING,MOPS_EXACT,c99c741f638ae0bc74fee476592b8a0bbcfa2d85590b408837db9dc9bd27ff08,True
2368,2024-09-30,2024-11-11T14:46:27+08:00,2024-11-11,2024-11-12,ACCEPTABLE,IMPROVING,TURNING_UP,NORMAL,OK,PROFITABILITY_DURABLE | GROWTH_DURABLE_NOT_ESTABLISHED | CASH_CONVERSION_SUPPORTED | BALANCE_SHEET_RESILIENT | INTEREST_COVERAGE_SUPPORTED | EARLY_REVENUE_RECOVERY | RECOVERY_CORROBORATED | HISTORICAL_VALUATION_NORMAL | SIMPLIFIED_DCF_AVAILABLE | MOPS_SINGLE_ELIGIBLE_FILING,MOPS_EXACT,54a2efc2c66d9d79e3230b55c0b7bd9442c8c15fadf4b44bce11550224250a2f,True
2368,2024-12-31,2025-03-13T15:59:33+08:00,2025-03-13,2025-03-14,ACCEPTABLE,STABLE,CONFIRMED_GROWTH,NORMAL,OK,PROFITABILITY_DURABLE | GROWTH_DURABLE_NOT_ESTABLISHED | CASH_CONVERSION_SUPPORTED | BALANCE_SHEET_RESILIENT | INTEREST_COVERAGE_SUPPORTED | GROWTH_CONFIRMED_THREE_PERIODS | HISTORICAL_VALUATION_NORMAL | SIMPLIFIED_DCF_AVAILABLE | MOPS_CONSOLIDATED_PREFERRED_OVER_INDIVIDUAL,MOPS_EXACT,9a24aabd65127db11dda1ca24be00dfc59d8af33ebae3fcfa4609f9b7330f04e,True
2368,2025-03-31,2025-05-14T14:30:41+08:00,2025-05-14,2025-05-15,GOOD,STABLE,CONFIRMED_GROWTH,NORMAL,OK,PROFITABILITY_DURABLE | GROWTH_DURABLE | CASH_CONVERSION_SUPPORTED | BALANCE_SHEET_RESILIENT | INTEREST_COVERAGE_SUPPORTED | GROWTH_CONFIRMED_THREE_PERIODS | HISTORICAL_VALUATION_NORMAL | SIMPLIFIED_DCF_NOT_APPLICABLE | MOPS_SINGLE_ELIGIBLE_FILING,MOPS_EXACT,05d41f6e07f409fc2bd1765ecec9bddc390de112412b91ab9adc56796f4d380d,True
2368,2025-06-30,2025-08-12T14:06:57+08:00,2025-08-12,2025-08-13,ACCEPTABLE,STABLE,CONFIRMED_GROWTH,HIGH,OK,PROFITABILITY_DURABLE | GROWTH_DURABLE_NOT_ESTABLISHED | CASH_CONVERSION_SUPPORTED | BALANCE_SHEET_RESILIENT | INTEREST_COVERAGE_SUPPORTED | GROWTH_CONFIRMED_THREE_PERIODS | HISTORICAL_VALUATION_HIGH | SIMPLIFIED_DCF_AVAILABLE | MOPS_SINGLE_ELIGIBLE_FILING,MOPS_EXACT,1cee3772d736985e43c9b0dbbbee736879217b6e9bc17a7841614c48b5d27da0,True
2368,2025-09-30,2025-11-14T13:53:05+08:00,2025-11-14,2025-11-17,WEAK,IMPROVING,TURNING_UP,HIGH,PARTIAL,PROFITABILITY_DURABLE | GROWTH_DURABLE | CASH_CONVERSION_SUPPORTED | BALANCE_SHEET_RESILIENT_NOT_ESTABLISHED | INTEREST_COVERAGE_NOT_ESTABLISHED | EARLY_REVENUE_RECOVERY | RECOVERY_CORROBORATED | HISTORICAL_VALUATION_HIGH | SIMPLIFIED_DCF_NOT_APPLICABLE | MOPS_SINGLE_ELIGIBLE_FILING,MOPS_EXACT,eb016616f3120fccfab6264de1008fa1cb50faaa6c0edc1bc10252e982512d4e,True
2368,2025-12-31,2026-03-13T13:07:53+08:00,2026-03-13,2026-03-16,GOOD,IMPROVING,TURNING_UP,HIGH,PARTIAL,PROFITABILITY_DURABLE | GROWTH_DURABLE | CASH_CONVERSION_SUPPORTED | BALANCE_SHEET_RESILIENT | INTEREST_COVERAGE_SUPPORTED | EARLY_REVENUE_RECOVERY | RECOVERY_CORROBORATED | HISTORICAL_VALUATION_HIGH | SIMPLIFIED_DCF_NOT_APPLICABLE | MOPS_CONSOLIDATED_PREFERRED_OVER_INDIVIDUAL,MOPS_EXACT,376247941ab4bddad413f9312bbbd5a719457820836d5669855ba3431867e025,True
2368,2026-03-31,2026-05-14T14:20:41+08:00,2026-05-14,2026-05-15,GOOD,IMPROVING,TURNING_UP,HIGH,PARTIAL,PROFITABILITY_DURABLE | GROWTH_DURABLE | CASH_CONVERSION_SUPPORTED | BALANCE_SHEET_RESILIENT | INTEREST_COVERAGE_SUPPORTED | EARLY_REVENUE_RECOVERY | RECOVERY_CORROBORATED | HISTORICAL_VALUATION_HIGH | SIMPLIFIED_DCF_NOT_APPLICABLE | MOPS_SINGLE_ELIGIBLE_FILING,MOPS_EXACT,218e6b948e26c3ec65cbe991fe18827004f457fae0b04478d793f57fffd81c92,True
2368,2026-06-30,2026-08-14T16:10:32+08:00,2026-08-14,2026-08-17,ACCEPTABLE,IMPROVING,TURNING_UP,NORMAL,PARTIAL,PROFITABILITY_DURABLE | GROWTH_DURABLE_NOT_ESTABLISHED | CASH_CONVERSION_SUPPORTED | BALANCE_SHEET_RESILIENT | INTEREST_COVERAGE_SUPPORTED | EARLY_REVENUE_RECOVERY | RECOVERY_CORROBORATED | HISTORICAL_VALUATION_NORMAL | SIMPLIFIED_DCF_AVAILABLE | MOPS_SINGLE_ELIGIBLE_FILING,MOPS_EXACT,d2276a56c6129de98dfb1aed3d8153a7caf1e5b5022bdee7f6e7842a6ef3f126,True
2382,2016-03-31,2016-05-11T08:12:22+08:00,2016-05-11,2016-05-12,UNKNOWN,UNKNOWN,UNKNOWN,N/M,INSUFFICIENT,QUALITY_HISTORY_INSUFFICIENT | STATE_HISTORY_INSUFFICIENT | VALUATION_HISTORY_INSUFFICIENT | SIMPLIFIED_DCF_NOT_APPLICABLE | MOPS_SINGLE_ELIGIBLE_FILING,MOPS_EXACT,56987ba92097ad6c7c532184d23e46d51a9c80f6146a7dfc1c5cc4daba305f54,True
2382,2016-06-30,2016-08-12T15:57:08+08:00,2016-08-12,2016-08-15,UNKNOWN,UNKNOWN,UNKNOWN,NORMAL,INSUFFICIENT,QUALITY_HISTORY_INSUFFICIENT | STATE_HISTORY_INSUFFICIENT | HISTORICAL_VALUATION_NORMAL | SIMPLIFIED_DCF_NOT_APPLICABLE | MOPS_SINGLE_ELIGIBLE_FILING,MOPS_EXACT,7d681cca91e7fda7431b6468ba5d18b1a4d740813c71db5c98c57ae1b332596b,True
2382,2016-09-30,2016-11-10T16:54:11+08:00,2016-11-10,2016-11-11,UNKNOWN,UNKNOWN,UNKNOWN,HIGH,INSUFFICIENT,QUALITY_HISTORY_INSUFFICIENT | STATE_HISTORY_INSUFFICIENT | HISTORICAL_VALUATION_HIGH | SIMPLIFIED_DCF_NOT_APPLICABLE | MOPS_SINGLE_ELIGIBLE_FILING,MOPS_EXACT,5fb6a887b51a92e69f1a7d877a1e28e9a0f749aced8dbb258f258bbf08e944d9,True
2382,2016-12-31,2017-03-31T14:46:24+08:00,2017-03-31,2017-04-05,UNKNOWN,UNKNOWN,UNKNOWN,NORMAL,INSUFFICIENT,QUALITY_HISTORY_INSUFFICIENT | STATE_HISTORY_INSUFFICIENT | HISTORICAL_VALUATION_NORMAL | SIMPLIFIED_DCF_AVAILABLE | MOPS_CONSOLIDATED_PREFERRED_OVER_INDIVIDUAL,MOPS_EXACT,bae961cc56898b1727709697331daf9cbb9646c452415be9d8aa6d5b377ebf6e,True
2382,2017-03-31,2017-05-12T15:48:22+08:00,2017-05-12,2017-05-15,UNKNOWN,UNKNOWN,UNKNOWN,NORMAL,INSUFFICIENT,QUALITY_HISTORY_INSUFFICIENT | STATE_HISTORY_INSUFFICIENT | HISTORICAL_VALUATION_NORMAL | SIMPLIFIED_DCF_AVAILABLE | MOPS_SINGLE_ELIGIBLE_FILING,MOPS_EXACT,897e7c5286893455c8ed38e4dbcc46cd9b65ed14fca4bd90f490e58a7532ffb8,True
2382,2017-06-30,2017-08-10T15:00:15+08:00,2017-08-10,2017-08-11,UNKNOWN,UNKNOWN,UNKNOWN,HIGH,INSUFFICIENT,QUALITY_HISTORY_INSUFFICIENT | STATE_HISTORY_INSUFFICIENT | HISTORICAL_VALUATION_HIGH | SIMPLIFIED_DCF_NOT_APPLICABLE | MOPS_SINGLE_ELIGIBLE_FILING,MOPS_EXACT,64dcf60cdd59aafaf5690e751c1b816d98a1ba663f70beb2b47c3111669b162e,True
2382,2017-09-30,2017-11-14T16:07:07+08:00,2017-11-14,2017-11-15,UNKNOWN,UNKNOWN,UNKNOWN,HIGH,INSUFFICIENT,QUALITY_HISTORY_INSUFFICIENT | STATE_HISTORY_INSUFFICIENT | HISTORICAL_VALUATION_HIGH | SIMPLIFIED_DCF_NOT_APPLICABLE | MOPS_SINGLE_ELIGIBLE_FILING,MOPS_EXACT,26dfb5a84b6b6e23e0c6db0aeb16a077a678f457e5a53eed9679963b2fed23a5,True
2382,2017-12-31,2018-03-26T16:56:17+08:00,2018-03-26,2018-03-27,UNKNOWN,UNKNOWN,UNKNOWN,NORMAL,INSUFFICIENT,QUALITY_HISTORY_INSUFFICIENT | STATE_HISTORY_INSUFFICIENT | HISTORICAL_VALUATION_NORMAL | SIMPLIFIED_DCF_NOT_APPLICABLE | MOPS_CONSOLIDATED_PREFERRED_OVER_INDIVIDUAL,MOPS_EXACT,e48f3af454c592e4a079753434b197bbb731afb9be895e9d7524de57c8e7b8e8,True
2382,2018-03-31,2018-05-11T16:09:41+08:00,2018-05-11,2018-05-14,UNKNOWN,UNKNOWN,UNKNOWN,NORMAL,INSUFFICIENT,QUALITY_HISTORY_INSUFFICIENT | STATE_HISTORY_INSUFFICIENT | HISTORICAL_VALUATION_NORMAL | SIMPLIFIED_DCF_NOT_APPLICABLE | MOPS_SINGLE_ELIGIBLE_FILING,MOPS_EXACT,653ebc9861d76e50f589ab74e9b85c7d033a3cd4b308fe15b286aef6bd2ca1b9,True
2382,2018-06-30,2018-08-08T16:47:45+08:00,2018-08-08,2018-08-09,UNKNOWN,UNKNOWN,UNKNOWN,NORMAL,INSUFFICIENT,QUALITY_HISTORY_INSUFFICIENT | STATE_HISTORY_INSUFFICIENT | HISTORICAL_VALUATION_NORMAL | SIMPLIFIED_DCF_AVAILABLE | MOPS_SINGLE_ELIGIBLE_FILING,MOPS_EXACT,fd444f713215b595f34806ec1b8b4d2ce8fdb29acd52219135539df6e3329b43,True
2382,2018-09-30,2018-11-13T16:35:00+08:00,2018-11-13,2018-11-14,UNKNOWN,UNKNOWN,UNKNOWN,LOW,INSUFFICIENT,QUALITY_HISTORY_INSUFFICIENT | MIXED_FUNDAMENTAL_DIRECTION | HISTORICAL_VALUATION_LOW | SIMPLIFIED_DCF_AVAILABLE | MOPS_SINGLE_ELIGIBLE_FILING,MOPS_EXACT,29cca7cfc6581cbb016a7649c20c4fcc7a087929b9700c0d8b701ca7ce889e1a,True
2382,2018-12-31,2019-03-29T13:53:14+08:00,2019-03-29,2019-04-01,UNKNOWN,UNKNOWN,UNKNOWN,NORMAL,INSUFFICIENT,METRIC_COVERAGE_INSUFFICIENT_TTM_REVENUE | METRIC_COVERAGE_INSUFFICIENT_TTM_EPS | METRIC_COVERAGE_INSUFFICIENT_ROE | METRIC_COVERAGE_INSUFFICIENT_ROIC | MIXED_FUNDAMENTAL_DIRECTION | HISTORICAL_VALUATION_NORMAL | SIMPLIFIED_DCF_AVAILABLE | MOPS_CONSOLIDATED_PREFERRED_OVER_INDIVIDUAL,MOPS_EXACT,f9cf877445ba230f0a125c0a975ed5f71a5ca8b7d69f6378bbe526ad61a8e39b,True
2382,2019-03-31,2019-05-14T15:17:17+08:00,2019-05-14,2019-05-15,UNKNOWN,IMPROVING,TURNING_UP,NORMAL,INSUFFICIENT,METRIC_COVERAGE_INSUFFICIENT_TTM_REVENUE | METRIC_COVERAGE_INSUFFICIENT_TTM_EPS | METRIC_COVERAGE_INSUFFICIENT_ROE | METRIC_COVERAGE_INSUFFICIENT_ROIC | EARLY_REVENUE_RECOVERY | RECOVERY_CORROBORATED | HISTORICAL_VALUATION_NORMAL | SIMPLIFIED_DCF_NOT_APPLICABLE | MOPS_SINGLE_ELIGIBLE_FILING,MOPS_EXACT,9f4e86d8d2de718c6022e9973941cf62e1ecc4348e6420b81e07da2c0aab6bf5,True
2382,2019-06-30,2019-08-13T14:54:07+08:00,2019-08-13,2019-08-14,UNKNOWN,IMPROVING,TURNING_UP,LOW,INSUFFICIENT,METRIC_COVERAGE_INSUFFICIENT_TTM_REVENUE | METRIC_COVERAGE_INSUFFICIENT_TTM_EPS | METRIC_COVERAGE_INSUFFICIENT_ROE | METRIC_COVERAGE_INSUFFICIENT_ROIC | EARLY_REVENUE_RECOVERY | RECOVERY_CORROBORATED | HISTORICAL_VALUATION_LOW | SIMPLIFIED_DCF_NOT_APPLICABLE | MOPS_SINGLE_ELIGIBLE_FILING,MOPS_EXACT,5c867da00177459fec7089b84c63d5b626d42680d7f59197b7e4699abe6d7208,True
2382,2019-09-30,2019-11-13T15:50:48+08:00,2019-11-13,2019-11-14,UNKNOWN,STABLE,CONFIRMED_GROWTH,NORMAL,INSUFFICIENT,METRIC_COVERAGE_INSUFFICIENT_ROE | METRIC_COVERAGE_INSUFFICIENT_ROIC | GROWTH_CONFIRMED_THREE_PERIODS | HISTORICAL_VALUATION_NORMAL | SIMPLIFIED_DCF_NOT_APPLICABLE | MOPS_SINGLE_ELIGIBLE_FILING,MOPS_EXACT,6c0db847af527be41dd9ef0798f35e42c35fe5b76c6b9cb808b486cd76502ea8,True
2382,2019-12-31,2020-03-30T16:05:52+08:00,2020-03-30,2020-03-31,WEAK,STABLE,CONFIRMED_GROWTH,NORMAL,OK,FCF_PERSISTENCE_WEAK | GROWTH_CONFIRMED_THREE_PERIODS | HISTORICAL_VALUATION_NORMAL | SIMPLIFIED_DCF_AVAILABLE | MOPS_CONSOLIDATED_PREFERRED_OVER_INDIVIDUAL,MOPS_EXACT,2b538fa3612f003580e74b72ba726a76a646ca54c1f9ecb4ca459208907288e2,True
2382,2020-03-31,2020-05-14T15:29:38+08:00,2020-05-14,2020-05-15,ACCEPTABLE,DETERIORATING,DETERIORATING,NORMAL,OK,PROFITABILITY_DURABLE | GROWTH_DURABLE | CASH_CONVERSION_SUPPORTED_NOT_ESTABLISHED | BALANCE_SHEET_RESILIENT | INTEREST_COVERAGE_SUPPORTED | DETERIORATION_CORROBORATED | HISTORICAL_VALUATION_NORMAL | SIMPLIFIED_DCF_AVAILABLE | MOPS_SINGLE_ELIGIBLE_FILING,MOPS_EXACT,5523e7f7f1cf5eba6d8a060f6fea7502f278022bc928c21f58e73bf18459a42d,True
2382,2020-06-30,2020-08-13T14:41:39+08:00,2020-08-13,2020-08-14,WEAK,UNKNOWN,UNKNOWN,HIGH,OK,PROFITABILITY_DURABLE | GROWTH_DURABLE | CASH_CONVERSION_SUPPORTED_NOT_ESTABLISHED | BALANCE_SHEET_RESILIENT_NOT_ESTABLISHED | INTEREST_COVERAGE_NOT_ESTABLISHED | MIXED_FUNDAMENTAL_DIRECTION | HISTORICAL_VALUATION_HIGH | SIMPLIFIED_DCF_AVAILABLE | MOPS_SINGLE_ELIGIBLE_FILING,MOPS_EXACT,b54b46c88080047b266eb3434127283ff374fc8964d81040796007796ed8af2f,True
2382,2020-09-30,2020-11-13T14:49:11+08:00,2020-11-13,2020-11-16,WEAK,UNKNOWN,UNKNOWN,LOW,OK,PROFITABILITY_DURABLE | GROWTH_DURABLE | CASH_CONVERSION_SUPPORTED_NOT_ESTABLISHED | BALANCE_SHEET_RESILIENT_NOT_ESTABLISHED | INTEREST_COVERAGE_NOT_ESTABLISHED | MIXED_FUNDAMENTAL_DIRECTION | HISTORICAL_VALUATION_LOW | SIMPLIFIED_DCF_AVAILABLE | MOPS_SINGLE_ELIGIBLE_FILING,MOPS_EXACT,f1366617269974bbb51551174bc55f7f671be43dc14ae7ceaf3bce4d69d11f92,True
2382,2020-12-31,2021-03-30T18:02:36+08:00,2021-03-30,2021-03-31,ACCEPTABLE,IMPROVING,TURNING_UP,NORMAL,OK,PROFITABILITY_DURABLE | GROWTH_DURABLE | CASH_CONVERSION_SUPPORTED_NOT_ESTABLISHED | BALANCE_SHEET_RESILIENT | INTEREST_COVERAGE_SUPPORTED | EARLY_REVENUE_RECOVERY | RECOVERY_CORROBORATED | HISTORICAL_VALUATION_NORMAL | SIMPLIFIED_DCF_AVAILABLE | MOPS_CONSOLIDATED_PREFERRED_OVER_INDIVIDUAL,MOPS_EXACT,664779eb32fcbfe1e26d55cbeb48cac308759cfc67e47ce0c06c1c65b8322c86,True
2382,2021-03-31,2021-05-13T16:02:29+08:00,2021-05-13,2021-05-14,WEAK,IMPROVING,TURNING_UP,NORMAL,PARTIAL,PROFITABILITY_DURABLE | GROWTH_DURABLE | CASH_CONVERSION_SUPPORTED_NOT_ESTABLISHED | BALANCE_SHEET_RESILIENT_NOT_ESTABLISHED | INTEREST_COVERAGE_NOT_ESTABLISHED | EARLY_REVENUE_RECOVERY | RECOVERY_CORROBORATED | HISTORICAL_VALUATION_NORMAL | SIMPLIFIED_DCF_NOT_APPLICABLE | MOPS_SINGLE_ELIGIBLE_FILING,MOPS_EXACT,ec91c8d70657148a56cfe1333cc11e1f558148a39ebef86a42249c224f5f5ecb,True
2382,2021-06-30,2021-08-13T14:43:47+08:00,2021-08-13,2021-08-16,WEAK,STABLE,CONFIRMED_GROWTH,NORMAL,PARTIAL,PROFITABILITY_DURABLE | GROWTH_DURABLE | CASH_CONVERSION_SUPPORTED_NOT_ESTABLISHED | BALANCE_SHEET_RESILIENT_NOT_ESTABLISHED | INTEREST_COVERAGE_NOT_ESTABLISHED | GROWTH_CONFIRMED_THREE_PERIODS | HISTORICAL_VALUATION_NORMAL | SIMPLIFIED_DCF_NOT_APPLICABLE | MOPS_SINGLE_ELIGIBLE_FILING,MOPS_EXACT,f6f2a5966faf84aefba8f843b4a5b355763415a4a087e03629347b39b2c3c9b9,True
2382,2021-09-30,2021-11-12T18:57:32+08:00,2021-11-12,2021-11-15,WEAK,STABLE,CONFIRMED_GROWTH,LOW,PARTIAL,PROFITABILITY_DURABLE | GROWTH_DURABLE_NOT_ESTABLISHED | CASH_CONVERSION_SUPPORTED_NOT_ESTABLISHED | BALANCE_SHEET_RESILIENT_NOT_ESTABLISHED | INTEREST_COVERAGE_NOT_ESTABLISHED | GROWTH_CONFIRMED_THREE_PERIODS | HISTORICAL_VALUATION_LOW | SIMPLIFIED_DCF_AVAILABLE | MOPS_SINGLE_ELIGIBLE_FILING,MOPS_EXACT,360bb8d95feeb8d2219f7c351ac3c1080e0e1938f51f277f9480fbeb86b33cf0,True
2382,2021-12-31,2022-03-16T18:09:29+08:00,2022-03-16,2022-03-17,WEAK,STABLE,CONFIRMED_GROWTH,NORMAL,PARTIAL,PROFITABILITY_DURABLE | GROWTH_DURABLE | CASH_CONVERSION_SUPPORTED_NOT_ESTABLISHED | BALANCE_SHEET_RESILIENT_NOT_ESTABLISHED | INTEREST_COVERAGE_NOT_ESTABLISHED | GROWTH_CONFIRMED_THREE_PERIODS | HISTORICAL_VALUATION_NORMAL | SIMPLIFIED_DCF_NOT_APPLICABLE | MOPS_CONSOLIDATED_PREFERRED_OVER_INDIVIDUAL,MOPS_EXACT,bf12f74d69d3bfad48fea59be88f2377a2e8031ea3cc8897ab874152f97c49a1,True
2382,2022-03-31,2022-05-13T16:06:16+08:00,2022-05-13,2022-05-16,WEAK,UNKNOWN,UNKNOWN,NORMAL,PARTIAL,FCF_PERSISTENCE_WEAK | MIXED_FUNDAMENTAL_DIRECTION | HISTORICAL_VALUATION_NORMAL | SIMPLIFIED_DCF_NOT_APPLICABLE | MOPS_SINGLE_ELIGIBLE_FILING,MOPS_EXACT,b1cad8e7a524cb929ead859865d0044b768eceac27b0057fcbe8e344b5eef054,True
2382,2022-06-30,2022-08-12T16:22:14+08:00,2022-08-12,2022-08-15,WEAK,UNKNOWN,UNKNOWN,LOW,PARTIAL,PROFITABILITY_DURABLE | GROWTH_DURABLE | CASH_CONVERSION_SUPPORTED_NOT_ESTABLISHED | BALANCE_SHEET_RESILIENT_NOT_ESTABLISHED | INTEREST_COVERAGE_NOT_ESTABLISHED | MIXED_FUNDAMENTAL_DIRECTION | HISTORICAL_VALUATION_LOW | SIMPLIFIED_DCF_AVAILABLE | MOPS_SINGLE_ELIGIBLE_FILING,MOPS_EXACT,c28f4c1509f3d261ac5a10fa29807daf71ca7acc91336b9158e26ac0090b6491,True
2382,2022-09-30,2022-11-11T16:09:38+08:00,2022-11-11,2022-11-14,WEAK,UNKNOWN,UNKNOWN,LOW,OK,PROFITABILITY_DURABLE | GROWTH_DURABLE | CASH_CONVERSION_SUPPORTED_NOT_ESTABLISHED | BALANCE_SHEET_RESILIENT_NOT_ESTABLISHED | INTEREST_COVERAGE_NOT_ESTABLISHED | MIXED_FUNDAMENTAL_DIRECTION | HISTORICAL_VALUATION_LOW | SIMPLIFIED_DCF_AVAILABLE | MOPS_SINGLE_ELIGIBLE_FILING,MOPS_EXACT,f31d8105b4e3d09ad6cc1a4d8a7d53902e7068f5e63f663c53538f59adcbee46,True
2382,2022-12-31,2023-03-15T18:39:46+08:00,2023-03-15,2023-03-16,WEAK,UNKNOWN,UNKNOWN,NORMAL,PARTIAL,PROFITABILITY_DURABLE | GROWTH_DURABLE | CASH_CONVERSION_SUPPORTED_NOT_ESTABLISHED | BALANCE_SHEET_RESILIENT_NOT_ESTABLISHED | INTEREST_COVERAGE_NOT_ESTABLISHED | MIXED_FUNDAMENTAL_DIRECTION | HISTORICAL_VALUATION_NORMAL | SIMPLIFIED_DCF_NOT_APPLICABLE | MOPS_CONSOLIDATED_PREFERRED_OVER_INDIVIDUAL,MOPS_EXACT,999dde15d17fb503ce55c21ec88d45c0692d6387b6d9e3bdf6da7fbd2359e810,True
2382,2023-03-31,2023-05-11T14:40:02+08:00,2023-05-11,2023-05-12,WEAK,DETERIORATING,DETERIORATING,NORMAL,PARTIAL,PROFITABILITY_DURABLE | GROWTH_DURABLE_NOT_ESTABLISHED | CASH_CONVERSION_SUPPORTED_NOT_ESTABLISHED | BALANCE_SHEET_RESILIENT | INTEREST_COVERAGE_SUPPORTED | DETERIORATION_CORROBORATED | HISTORICAL_VALUATION_NORMAL | SIMPLIFIED_DCF_AVAILABLE | MOPS_SINGLE_ELIGIBLE_FILING,MOPS_EXACT,e8d7dab847b4bb99657398617cfb822b6df004762e0ea737535553ed1575ee03,True
2382,2023-06-30,2023-08-11T14:57:21+08:00,2023-08-11,2023-08-14,ACCEPTABLE,UNKNOWN,UNKNOWN,HIGH,OK,PROFITABILITY_DURABLE | GROWTH_DURABLE | CASH_CONVERSION_SUPPORTED_NOT_ESTABLISHED | BALANCE_SHEET_RESILIENT | INTEREST_COVERAGE_SUPPORTED | MIXED_FUNDAMENTAL_DIRECTION | HISTORICAL_VALUATION_HIGH | SIMPLIFIED_DCF_AVAILABLE | MOPS_SINGLE_ELIGIBLE_FILING,MOPS_EXACT,e2d89ec40de27d02ac347ecb5b4b3e2f415c1767ebf590254a722da526d0e8ea,True
2382,2023-09-30,2023-11-10T15:41:59+08:00,2023-11-10,2023-11-13,WEAK,UNKNOWN,UNKNOWN,HIGH,OK,PROFITABILITY_DURABLE | GROWTH_DURABLE | CASH_CONVERSION_SUPPORTED_NOT_ESTABLISHED | BALANCE_SHEET_RESILIENT_NOT_ESTABLISHED | INTEREST_COVERAGE_NOT_ESTABLISHED | MIXED_FUNDAMENTAL_DIRECTION | HISTORICAL_VALUATION_HIGH | SIMPLIFIED_DCF_AVAILABLE | MOPS_SINGLE_ELIGIBLE_FILING,MOPS_EXACT,00190fff7a3c853a6f634dfda99b9713057b92e48fc54a5f1a4bfc69c3ca0633,True
2382,2023-12-31,2024-03-15T15:52:21+08:00,2024-03-15,2024-03-18,WEAK,UNKNOWN,UNKNOWN,HIGH,OK,PROFITABILITY_DURABLE | GROWTH_DURABLE_NOT_ESTABLISHED | CASH_CONVERSION_SUPPORTED_NOT_ESTABLISHED | BALANCE_SHEET_RESILIENT | INTEREST_COVERAGE_SUPPORTED | MIXED_FUNDAMENTAL_DIRECTION | HISTORICAL_VALUATION_HIGH | SIMPLIFIED_DCF_AVAILABLE | MOPS_CONSOLIDATED_PREFERRED_OVER_INDIVIDUAL,MOPS_EXACT,dee19806d4b46603796bda2c20dc038fe8522e2dcf1cd6032e3c338be1ec1a64,True
2382,2024-03-31,2024-05-15T14:29:18+08:00,2024-05-15,2024-05-16,WEAK,UNKNOWN,UNKNOWN,HIGH,OK,PROFITABILITY_DURABLE | GROWTH_DURABLE_NOT_ESTABLISHED | CASH_CONVERSION_SUPPORTED_NOT_ESTABLISHED | BALANCE_SHEET_RESILIENT | INTEREST_COVERAGE_SUPPORTED | MIXED_FUNDAMENTAL_DIRECTION | HISTORICAL_VALUATION_HIGH | SIMPLIFIED_DCF_AVAILABLE | MOPS_SINGLE_ELIGIBLE_FILING,MOPS_EXACT,fea9e2d032033eb7d0a238e84c04c8ca4ad1cb18798c2a7610466d2d4106a1dc,True
2382,2024-06-30,2024-08-09T15:55:04+08:00,2024-08-09,2024-08-12,ACCEPTABLE,UNKNOWN,UNKNOWN,HIGH,OK,PROFITABILITY_DURABLE | GROWTH_DURABLE_NOT_ESTABLISHED | CASH_CONVERSION_SUPPORTED | BALANCE_SHEET_RESILIENT | INTEREST_COVERAGE_SUPPORTED | MIXED_FUNDAMENTAL_DIRECTION | HISTORICAL_VALUATION_HIGH | SIMPLIFIED_DCF_AVAILABLE | MOPS_SINGLE_ELIGIBLE_FILING,MOPS_EXACT,053b69e803c5ef5413033d785410d5dd8cd4c4bc50e0902337102c3370c08868,True
2382,2024-09-30,2024-11-14T14:02:10+08:00,2024-11-14,2024-11-15,WEAK,UNKNOWN,UNKNOWN,HIGH,PARTIAL,PROFITABILITY_DURABLE | GROWTH_DURABLE | CASH_CONVERSION_SUPPORTED | BALANCE_SHEET_RESILIENT_NOT_ESTABLISHED | INTEREST_COVERAGE_NOT_ESTABLISHED | MIXED_FUNDAMENTAL_DIRECTION | HISTORICAL_VALUATION_HIGH | SIMPLIFIED_DCF_NOT_APPLICABLE | MOPS_SINGLE_ELIGIBLE_FILING,MOPS_EXACT,de7fa65c70066c8f52508a2f5108933c4cb65bab8e885a18d4d2891ce7791d05,True
2382,2024-12-31,2025-02-27T16:18:33+08:00,2025-02-27,2025-03-03,WEAK,IMPROVING,TURNING_UP,HIGH,PARTIAL,PROFITABILITY_DURABLE | GROWTH_DURABLE | CASH_CONVERSION_SUPPORTED_NOT_ESTABLISHED | BALANCE_SHEET_RESILIENT_NOT_ESTABLISHED | INTEREST_COVERAGE_NOT_ESTABLISHED | EARLY_REVENUE_RECOVERY | RECOVERY_CORROBORATED | HISTORICAL_VALUATION_HIGH | SIMPLIFIED_DCF_NOT_APPLICABLE | MOPS_CONSOLIDATED_PREFERRED_OVER_INDIVIDUAL,MOPS_EXACT,bf3bacfd167d97fc9dea5c17c3845726d85a37e8717b55356f45486e4ccaae8b,True
2382,2025-03-31,2025-05-14T13:43:43+08:00,2025-05-14,2025-05-15,WEAK,STABLE,CONFIRMED_GROWTH,NORMAL,PARTIAL,PROFITABILITY_DURABLE | GROWTH_DURABLE | CASH_CONVERSION_SUPPORTED_NOT_ESTABLISHED | BALANCE_SHEET_RESILIENT_NOT_ESTABLISHED | INTEREST_COVERAGE_NOT_ESTABLISHED | GROWTH_CONFIRMED_THREE_PERIODS | HISTORICAL_VALUATION_NORMAL | SIMPLIFIED_DCF_NOT_APPLICABLE | MOPS_SINGLE_ELIGIBLE_FILING,MOPS_EXACT,e6c7bedc1f654d1e1feba0c9aea1aa26e3035c24561c2fdb715fc36d60574b8e,True
2382,2025-06-30,2025-08-12T14:58:19+08:00,2025-08-12,2025-08-13,WEAK,STABLE,CONFIRMED_GROWTH,NORMAL,PARTIAL,PROFITABILITY_DURABLE | GROWTH_DURABLE | CASH_CONVERSION_SUPPORTED_NOT_ESTABLISHED | BALANCE_SHEET_RESILIENT_NOT_ESTABLISHED | INTEREST_COVERAGE_NOT_ESTABLISHED | GROWTH_CONFIRMED_THREE_PERIODS | HISTORICAL_VALUATION_NORMAL | SIMPLIFIED_DCF_NOT_APPLICABLE | MOPS_SINGLE_ELIGIBLE_FILING,MOPS_EXACT,03bd43b3252e0909b978064f818412c3f2519031a1f18ad1f308fc725769702a,True
2382,2025-09-30,2025-11-11T14:53:19+08:00,2025-11-11,2025-11-12,WEAK,STABLE,CONFIRMED_GROWTH,NORMAL,PARTIAL,PROFITABILITY_DURABLE | GROWTH_DURABLE | CASH_CONVERSION_SUPPORTED_NOT_ESTABLISHED | BALANCE_SHEET_RESILIENT_NOT_ESTABLISHED | INTEREST_COVERAGE_NOT_ESTABLISHED | GROWTH_CONFIRMED_THREE_PERIODS | HISTORICAL_VALUATION_NORMAL | SIMPLIFIED_DCF_AVAILABLE | MOPS_SINGLE_ELIGIBLE_FILING,MOPS_EXACT,023673ebc65923781b5ea8d7f159fc8149d86d478796fa88965766c164664eb8,True
2382,2025-12-31,2026-03-03T13:58:04+08:00,2026-03-03,2026-03-04,WEAK,STABLE,CONFIRMED_GROWTH,NORMAL,PARTIAL,PROFITABILITY_DURABLE | GROWTH_DURABLE | CASH_CONVERSION_SUPPORTED_NOT_ESTABLISHED | BALANCE_SHEET_RESILIENT_NOT_ESTABLISHED | INTEREST_COVERAGE_NOT_ESTABLISHED | GROWTH_CONFIRMED_THREE_PERIODS | HISTORICAL_VALUATION_NORMAL | SIMPLIFIED_DCF_NOT_APPLICABLE | MOPS_CONSOLIDATED_PREFERRED_OVER_INDIVIDUAL,MOPS_EXACT,0db9c5a3d8a15dbeeb57cc14f2a150274d564246bbb7dc209b036b0dd52503a1,True
2382,2026-03-31,2026-05-14T15:11:13+08:00,2026-05-14,2026-05-15,WEAK,STABLE,CONFIRMED_GROWTH,NORMAL,PARTIAL,PROFITABILITY_DURABLE | GROWTH_DURABLE | CASH_CONVERSION_SUPPORTED_NOT_ESTABLISHED | BALANCE_SHEET_RESILIENT_NOT_ESTABLISHED | INTEREST_COVERAGE_NOT_ESTABLISHED | GROWTH_CONFIRMED_THREE_PERIODS | HISTORICAL_VALUATION_NORMAL | SIMPLIFIED_DCF_NOT_APPLICABLE | MOPS_SINGLE_ELIGIBLE_FILING,MOPS_EXACT,aaac50ff85a1cc533425158955b02090f161df533a5dc3fa7cff9ee19e0fa009,True
2382,2026-06-30,2026-08-13T17:01:28+08:00,2026-08-13,2026-08-14,WEAK,STABLE,MATURE_GROWTH,NORMAL,PARTIAL,PROFITABILITY_DURABLE | GROWTH_DURABLE | CASH_CONVERSION_SUPPORTED_NOT_ESTABLISHED | BALANCE_SHEET_RESILIENT_NOT_ESTABLISHED | INTEREST_COVERAGE_NOT_ESTABLISHED | SUSTAINED_GROWTH_EIGHT_PERIODS | HISTORICAL_VALUATION_NORMAL | SIMPLIFIED_DCF_NOT_APPLICABLE | MOPS_SINGLE_ELIGIBLE_FILING,MOPS_EXACT,6841c1f90b1efe27a2ee21aadce51df65b1a9a34ac023eb2c9323de3ecfcb8cf,True
2383,2016-03-31,2016-04-28T16:18:53+08:00,2016-04-28,2016-04-29,UNKNOWN,UNKNOWN,UNKNOWN,N/M,INSUFFICIENT,QUALITY_HISTORY_INSUFFICIENT | STATE_HISTORY_INSUFFICIENT | VALUATION_HISTORY_INSUFFICIENT | SIMPLIFIED_DCF_NOT_APPLICABLE | MOPS_SINGLE_ELIGIBLE_FILING,MOPS_EXACT,44ab4c0b923530a37c84dc9badbd1c39fcca5108e44c6f9f5b7fd2d1f5aad440,True
2383,2016-06-30,2016-08-02T17:11:21+08:00,2016-08-02,2016-08-03,UNKNOWN,UNKNOWN,UNKNOWN,HIGH,INSUFFICIENT,QUALITY_HISTORY_INSUFFICIENT | STATE_HISTORY_INSUFFICIENT | HISTORICAL_VALUATION_HIGH | SIMPLIFIED_DCF_NOT_APPLICABLE | MOPS_SINGLE_ELIGIBLE_FILING,MOPS_EXACT,07332276a8766d6adaae862371e3a91079fe8fde3e9c230cd80899555949b729,True
2383,2016-09-30,2016-11-03T16:12:22+08:00,2016-11-03,2016-11-04,UNKNOWN,UNKNOWN,UNKNOWN,NORMAL,INSUFFICIENT,QUALITY_HISTORY_INSUFFICIENT | STATE_HISTORY_INSUFFICIENT | HISTORICAL_VALUATION_NORMAL | SIMPLIFIED_DCF_NOT_APPLICABLE | MOPS_SINGLE_ELIGIBLE_FILING,MOPS_EXACT,ef0ebbaf39973387fd78c0118d06fccb7276b2c2f65b209424ba0c54536b23c3,True
2383,2016-12-31,2017-03-16T19:53:20+08:00,2017-03-16,2017-03-17,UNKNOWN,UNKNOWN,UNKNOWN,HIGH,INSUFFICIENT,QUALITY_HISTORY_INSUFFICIENT | STATE_HISTORY_INSUFFICIENT | HISTORICAL_VALUATION_HIGH | SIMPLIFIED_DCF_AVAILABLE | MOPS_CONSOLIDATED_PREFERRED_OVER_INDIVIDUAL,MOPS_EXACT,00f1375ba3355b6bedbe03ab11623362163fe172586bc76e2f88caa87408d07a,True
2383,2017-03-31,2017-04-28T08:17:59+08:00,2017-04-28,2017-05-02,UNKNOWN,UNKNOWN,UNKNOWN,HIGH,INSUFFICIENT,QUALITY_HISTORY_INSUFFICIENT | STATE_HISTORY_INSUFFICIENT | HISTORICAL_VALUATION_HIGH | SIMPLIFIED_DCF_AVAILABLE | MOPS_SINGLE_ELIGIBLE_FILING,MOPS_EXACT,0c27f955c8e2ebaf4dbfeeb9c64c14f02957a0c8375cddffb533909cc8d03fe8,True
2383,2017-06-30,2017-07-28T08:10:05+08:00,2017-07-28,2017-07-31,UNKNOWN,UNKNOWN,UNKNOWN,HIGH,INSUFFICIENT,QUALITY_HISTORY_INSUFFICIENT | STATE_HISTORY_INSUFFICIENT | HISTORICAL_VALUATION_HIGH | SIMPLIFIED_DCF_AVAILABLE | MOPS_SINGLE_ELIGIBLE_FILING,MOPS_EXACT,826679c4b3b7d3e9677aeefe2e96ed092eb497d397a8f53c234a2895dcc79481,True
2383,2017-09-30,2017-10-31T16:55:03+08:00,2017-10-31,2017-11-01,UNKNOWN,UNKNOWN,UNKNOWN,NORMAL,INSUFFICIENT,QUALITY_HISTORY_INSUFFICIENT | STATE_HISTORY_INSUFFICIENT | HISTORICAL_VALUATION_NORMAL | SIMPLIFIED_DCF_AVAILABLE | MOPS_SINGLE_ELIGIBLE_FILING,MOPS_EXACT,bb78b3c3eaa7ca21b688410dff322e36cc35aa5e0b71c9969606c26fad2c284b,True
2383,2017-12-31,2018-03-20T18:40:21+08:00,2018-03-20,2018-03-21,UNKNOWN,UNKNOWN,UNKNOWN,NORMAL,INSUFFICIENT,QUALITY_HISTORY_INSUFFICIENT | STATE_HISTORY_INSUFFICIENT | HISTORICAL_VALUATION_NORMAL | SIMPLIFIED_DCF_AVAILABLE | MOPS_CONSOLIDATED_PREFERRED_OVER_INDIVIDUAL,MOPS_EXACT,bdf917cca79962cd89c20b45996eb936ba9a38f47b74aa397c2c515c5248f13a,True
2383,2018-03-31,2018-04-27T07:55:06+08:00,2018-04-27,2018-04-30,UNKNOWN,UNKNOWN,UNKNOWN,NORMAL,INSUFFICIENT,QUALITY_HISTORY_INSUFFICIENT | STATE_HISTORY_INSUFFICIENT | HISTORICAL_VALUATION_NORMAL | SIMPLIFIED_DCF_AVAILABLE | MOPS_SINGLE_ELIGIBLE_FILING,MOPS_EXACT,0be7f640d8ccb7ce62ba83d929b1684fa35d245def1cf06ceeffa5f09c2d14ee,True
2383,2018-06-30,2018-08-01T07:48:21+08:00,2018-08-01,2018-08-02,UNKNOWN,UNKNOWN,UNKNOWN,NORMAL,INSUFFICIENT,QUALITY_HISTORY_INSUFFICIENT | STATE_HISTORY_INSUFFICIENT | HISTORICAL_VALUATION_NORMAL | SIMPLIFIED_DCF_AVAILABLE | MOPS_SINGLE_ELIGIBLE_FILING,MOPS_EXACT,e822c602ee7e00049ea2df73821bb952dc895d38a7f84c83935ea24af751c616,True
2383,2018-09-30,2018-10-31T16:44:25+08:00,2018-10-31,2018-11-01,UNKNOWN,UNKNOWN,UNKNOWN,NORMAL,INSUFFICIENT,QUALITY_HISTORY_INSUFFICIENT | MIXED_FUNDAMENTAL_DIRECTION | HISTORICAL_VALUATION_NORMAL | SIMPLIFIED_DCF_AVAILABLE | MOPS_SINGLE_ELIGIBLE_FILING,MOPS_EXACT,b556177a60e70953a3b74ce097143b2856f5426dc7e51e05a4c1cdf47ca70d9e,True
2383,2018-12-31,2019-03-25T13:39:19+08:00,2019-03-25,2019-03-26,UNKNOWN,UNKNOWN,UNKNOWN,NORMAL,INSUFFICIENT,METRIC_COVERAGE_INSUFFICIENT_TTM_REVENUE | METRIC_COVERAGE_INSUFFICIENT_TTM_EPS | METRIC_COVERAGE_INSUFFICIENT_ROE | METRIC_COVERAGE_INSUFFICIENT_ROIC | MIXED_FUNDAMENTAL_DIRECTION | HISTORICAL_VALUATION_NORMAL | SIMPLIFIED_DCF_AVAILABLE | MOPS_CONSOLIDATED_PREFERRED_OVER_INDIVIDUAL,MOPS_EXACT,9a8978b5249b4ae6453d08e6cfa0f04d22a1a599bf80595f8f0a6ca6f881f91c,True
2383,2019-03-31,2019-04-29T08:31:04+08:00,2019-04-29,2019-04-30,UNKNOWN,UNKNOWN,UNKNOWN,NORMAL,INSUFFICIENT,METRIC_COVERAGE_INSUFFICIENT_TTM_REVENUE | METRIC_COVERAGE_INSUFFICIENT_TTM_EPS | METRIC_COVERAGE_INSUFFICIENT_ROE | METRIC_COVERAGE_INSUFFICIENT_ROIC | MIXED_FUNDAMENTAL_DIRECTION | HISTORICAL_VALUATION_NORMAL | SIMPLIFIED_DCF_AVAILABLE | MOPS_SINGLE_ELIGIBLE_FILING,MOPS_EXACT,183eb1a69a7628c07ccaba8a6e48bcf9f5fa482b90b484886d49dfffb4ad2677,True
2383,2019-06-30,2019-07-31T17:15:55+08:00,2019-07-31,2019-08-01,UNKNOWN,IMPROVING,TURNING_UP,HIGH,INSUFFICIENT,METRIC_COVERAGE_INSUFFICIENT_TTM_REVENUE | METRIC_COVERAGE_INSUFFICIENT_TTM_EPS | METRIC_COVERAGE_INSUFFICIENT_ROE | METRIC_COVERAGE_INSUFFICIENT_ROIC | EARLY_REVENUE_RECOVERY | RECOVERY_CORROBORATED | HISTORICAL_VALUATION_HIGH | SIMPLIFIED_DCF_AVAILABLE | MOPS_SINGLE_ELIGIBLE_FILING,MOPS_EXACT,d0fca2fdc8445b756864d8c241532f7b2ba262a9f49fe7927836fd4f04accd92,True
2383,2019-09-30,2019-10-30T17:33:01+08:00,2019-10-30,2019-10-31,UNKNOWN,IMPROVING,TURNING_UP,NORMAL,INSUFFICIENT,METRIC_COVERAGE_INSUFFICIENT_ROE | METRIC_COVERAGE_INSUFFICIENT_ROIC | EARLY_REVENUE_RECOVERY | RECOVERY_CORROBORATED | HISTORICAL_VALUATION_NORMAL | SIMPLIFIED_DCF_AVAILABLE | MOPS_SINGLE_ELIGIBLE_FILING,MOPS_EXACT,93db563cc08f56aa84f2ccec2e566ca68726eea212831233100f74ffcc462b82,True
2383,2019-12-31,2020-03-20T18:34:06+08:00,2020-03-20,2020-03-23,ACCEPTABLE,IMPROVING,TURNING_UP,LOW,PARTIAL,PROFITABILITY_DURABLE | GROWTH_DURABLE_NOT_ESTABLISHED | CASH_CONVERSION_SUPPORTED | BALANCE_SHEET_RESILIENT | INTEREST_COVERAGE_SUPPORTED | EARLY_REVENUE_RECOVERY | RECOVERY_CORROBORATED | HISTORICAL_VALUATION_LOW | SIMPLIFIED_DCF_AVAILABLE | MOPS_CONSOLIDATED_PREFERRED_OVER_INDIVIDUAL,MOPS_EXACT,a9cc982b329eaf3cc4fec5dcb03b761132057329f539b03e94d0a6bdce01027e,True
2383,2020-03-31,2020-04-30T16:19:00+08:00,2020-04-30,2020-05-04,ACCEPTABLE,IMPROVING,TURNING_UP,NORMAL,OK,PROFITABILITY_DURABLE | GROWTH_DURABLE_NOT_ESTABLISHED | CASH_CONVERSION_SUPPORTED | BALANCE_SHEET_RESILIENT | INTEREST_COVERAGE_SUPPORTED | EARLY_REVENUE_RECOVERY | RECOVERY_CORROBORATED | HISTORICAL_VALUATION_NORMAL | SIMPLIFIED_DCF_AVAILABLE | MOPS_SINGLE_ELIGIBLE_FILING,MOPS_EXACT,6726373427cdea254b4c70adff2f33f2b9425f926174f4b04fc1361cad47fba5,True
2383,2020-06-30,2020-07-31T17:19:44+08:00,2020-07-31,2020-08-03,ACCEPTABLE,STABLE,CONFIRMED_GROWTH,HIGH,PARTIAL,PROFITABILITY_DURABLE | GROWTH_DURABLE_NOT_ESTABLISHED | CASH_CONVERSION_SUPPORTED | BALANCE_SHEET_RESILIENT | INTEREST_COVERAGE_SUPPORTED | GROWTH_CONFIRMED_THREE_PERIODS | HISTORICAL_VALUATION_HIGH | SIMPLIFIED_DCF_AVAILABLE | MOPS_SINGLE_ELIGIBLE_FILING,MOPS_EXACT,3610b8823aea5b24b7c363003a6a263f7d071f542b5d655c856e1bb46d3c3fd3,True
2383,2020-09-30,2020-11-02T16:25:17+08:00,2020-11-02,2020-11-03,ACCEPTABLE,STABLE,CONFIRMED_GROWTH,NORMAL,PARTIAL,PROFITABILITY_DURABLE | GROWTH_DURABLE_NOT_ESTABLISHED | CASH_CONVERSION_SUPPORTED | BALANCE_SHEET_RESILIENT | INTEREST_COVERAGE_SUPPORTED | GROWTH_CONFIRMED_THREE_PERIODS | HISTORICAL_VALUATION_NORMAL | SIMPLIFIED_DCF_AVAILABLE | MOPS_SINGLE_ELIGIBLE_FILING,MOPS_EXACT,b775ac68ed3e4a07f3b996a866429c3449df0ae6d6db4775aadb179387f20cf2,True
2383,2020-12-31,2021-02-26T08:19:54+08:00,2021-02-26,2021-03-02,ACCEPTABLE,STABLE,CONFIRMED_GROWTH,NORMAL,OK,PROFITABILITY_DURABLE | GROWTH_DURABLE_NOT_ESTABLISHED | CASH_CONVERSION_SUPPORTED | BALANCE_SHEET_RESILIENT | INTEREST_COVERAGE_SUPPORTED | GROWTH_CONFIRMED_THREE_PERIODS | HISTORICAL_VALUATION_NORMAL | SIMPLIFIED_DCF_AVAILABLE | MOPS_CONSOLIDATED_PREFERRED_OVER_INDIVIDUAL,MOPS_EXACT,19d96a442a8587410b502835278c3802cdaf9d084777b48841a638b198f0d2fd,True
2383,2021-03-31,2021-04-29T16:22:18+08:00,2021-04-29,2021-05-03,ACCEPTABLE,STABLE,MATURE_GROWTH,NORMAL,OK,PROFITABILITY_DURABLE | GROWTH_DURABLE_NOT_ESTABLISHED | CASH_CONVERSION_SUPPORTED | BALANCE_SHEET_RESILIENT | INTEREST_COVERAGE_SUPPORTED | SUSTAINED_GROWTH_EIGHT_PERIODS | HISTORICAL_VALUATION_NORMAL | SIMPLIFIED_DCF_AVAILABLE | MOPS_SINGLE_ELIGIBLE_FILING,MOPS_EXACT,bc3230a8c8e16d9318e99696613ed451ba3213c7ebe340ec38b4fb3dc2c011d8,True
2383,2021-06-30,2021-07-29T10:20:33+08:00,2021-07-29,2021-07-30,GOOD,IMPROVING,TURNING_UP,HIGH,OK,PROFITABILITY_DURABLE | GROWTH_DURABLE | CASH_CONVERSION_SUPPORTED | BALANCE_SHEET_RESILIENT | INTEREST_COVERAGE_SUPPORTED | EARLY_REVENUE_RECOVERY | RECOVERY_CORROBORATED | HISTORICAL_VALUATION_HIGH | SIMPLIFIED_DCF_AVAILABLE | MOPS_SINGLE_ELIGIBLE_FILING,MOPS_EXACT,8c6d70265fd2ef429fa1950d6ff054497072c75874b68b34bd6933aa4e3cc79f,True
2383,2021-09-30,2021-10-27T15:25:00+08:00,2021-10-27,2021-10-28,ACCEPTABLE,IMPROVING,TURNING_UP,NORMAL,PARTIAL,PROFITABILITY_DURABLE | GROWTH_DURABLE_NOT_ESTABLISHED | CASH_CONVERSION_SUPPORTED | BALANCE_SHEET_RESILIENT | INTEREST_COVERAGE_SUPPORTED | EARLY_REVENUE_RECOVERY | RECOVERY_CORROBORATED | HISTORICAL_VALUATION_NORMAL | SIMPLIFIED_DCF_AVAILABLE | MOPS_SINGLE_ELIGIBLE_FILING,MOPS_EXACT,33ea7ecd6b425eebe956ab3d78580afe2ed9d721fb6eb62ce924a687b409d77a,True
2383,2021-12-31,2022-02-23T18:56:23+08:00,2022-02-23,2022-02-24,GOOD,IMPROVING,TURNING_UP,HIGH,PARTIAL,PROFITABILITY_DURABLE | GROWTH_DURABLE | CASH_CONVERSION_SUPPORTED | BALANCE_SHEET_RESILIENT | INTEREST_COVERAGE_SUPPORTED | EARLY_REVENUE_RECOVERY | RECOVERY_CORROBORATED | HISTORICAL_VALUATION_HIGH | SIMPLIFIED_DCF_AVAILABLE | MOPS_CONSOLIDATED_PREFERRED_OVER_INDIVIDUAL,MOPS_EXACT,6971de107ee2ecd1d6d36acd896c394686a187cac86881c64805ae1a81cf9e41,True
2383,2022-03-31,2022-04-29T08:13:45+08:00,2022-04-29,2022-05-03,GOOD,STABLE,MATURE_GROWTH,NORMAL,PARTIAL,PROFITABILITY_DURABLE | GROWTH_DURABLE | CASH_CONVERSION_SUPPORTED | BALANCE_SHEET_RESILIENT | INTEREST_COVERAGE_SUPPORTED | SUSTAINED_GROWTH_EIGHT_PERIODS | HISTORICAL_VALUATION_NORMAL | SIMPLIFIED_DCF_AVAILABLE | MOPS_SINGLE_ELIGIBLE_FILING,MOPS_EXACT,220f240c9915b58d6028b79eee8a9948ace135db06453b5f58be00223ba15f6c,True
2383,2022-06-30,2022-07-27T16:17:41+08:00,2022-07-27,2022-07-28,GOOD,STABLE,MATURE_GROWTH,LOW,OK,PROFITABILITY_DURABLE | GROWTH_DURABLE | CASH_CONVERSION_SUPPORTED | BALANCE_SHEET_RESILIENT | INTEREST_COVERAGE_SUPPORTED | SUSTAINED_GROWTH_EIGHT_PERIODS | HISTORICAL_VALUATION_LOW | SIMPLIFIED_DCF_NOT_APPLICABLE | MOPS_SINGLE_ELIGIBLE_FILING,MOPS_EXACT,5092d2f0320de82cdb9fb08582e7421ebc03f6c640d1f399449598081babf29b,True
2383,2022-09-30,2022-10-28T17:27:16+08:00,2022-10-28,2022-10-31,WEAK,STABLE,DECELERATING,LOW,PARTIAL,PROFITABILITY_DURABLE | GROWTH_DURABLE_NOT_ESTABLISHED | CASH_CONVERSION_SUPPORTED | BALANCE_SHEET_RESILIENT_NOT_ESTABLISHED | INTEREST_COVERAGE_NOT_ESTABLISHED | POSITIVE_GROWTH_DECELERATING | HISTORICAL_VALUATION_LOW | SIMPLIFIED_DCF_AVAILABLE | MOPS_SINGLE_ELIGIBLE_FILING,MOPS_EXACT,587c491acaf560743da1a68033c47173eda1e7e4a24a447c360c2fa5ea66112a,True
2383,2022-12-31,2023-02-23T18:01:02+08:00,2023-02-23,2023-02-24,ACCEPTABLE,DETERIORATING,DETERIORATING,NORMAL,PARTIAL,PROFITABILITY_DURABLE | GROWTH_DURABLE_NOT_ESTABLISHED | CASH_CONVERSION_SUPPORTED | BALANCE_SHEET_RESILIENT | INTEREST_COVERAGE_SUPPORTED | DETERIORATION_CORROBORATED | HISTORICAL_VALUATION_NORMAL | SIMPLIFIED_DCF_AVAILABLE | MOPS_CONSOLIDATED_PREFERRED_OVER_INDIVIDUAL,MOPS_EXACT,02f3a07240aa1c6842c2e1fa9988eefc1515eeaa4f527e5edee81f4cab7e671c,True
2383,2023-03-31,2023-04-27T08:08:25+08:00,2023-04-27,2023-04-28,ACCEPTABLE,DETERIORATING,DETERIORATING,NORMAL,OK,PROFITABILITY_DURABLE | GROWTH_DURABLE_NOT_ESTABLISHED | CASH_CONVERSION_SUPPORTED | BALANCE_SHEET_RESILIENT | INTEREST_COVERAGE_SUPPORTED | DETERIORATION_CORROBORATED | HISTORICAL_VALUATION_NORMAL | SIMPLIFIED_DCF_AVAILABLE | MOPS_SINGLE_ELIGIBLE_FILING,MOPS_EXACT,61b1848cc5f2e4de6a2cab6928a4589805806f97e63fa4a82cac570a0893927e,True
2383,2023-06-30,2023-07-26T16:57:09+08:00,2023-07-26,2023-07-27,GOOD,DETERIORATING,DETERIORATING,HIGH,OK,PROFITABILITY_DURABLE | GROWTH_DURABLE | CASH_CONVERSION_SUPPORTED | BALANCE_SHEET_RESILIENT | INTEREST_COVERAGE_SUPPORTED | DETERIORATION_CORROBORATED | HISTORICAL_VALUATION_HIGH | SIMPLIFIED_DCF_AVAILABLE | MOPS_SINGLE_ELIGIBLE_FILING,MOPS_EXACT,61905528eb476438697ab28104b5021f1bb101f3ea60443c0f7c9b8f22adf9a1,True
2383,2023-09-30,2023-10-26T08:23:43+08:00,2023-10-26,2023-10-27,GOOD,UNKNOWN,UNKNOWN,HIGH,OK,PROFITABILITY_DURABLE | GROWTH_DURABLE | CASH_CONVERSION_SUPPORTED | BALANCE_SHEET_RESILIENT | INTEREST_COVERAGE_SUPPORTED | MIXED_FUNDAMENTAL_DIRECTION | HISTORICAL_VALUATION_HIGH | SIMPLIFIED_DCF_AVAILABLE | MOPS_SINGLE_ELIGIBLE_FILING,MOPS_EXACT,564fa93932562ee96189ff6563b94c724fffd5019e249003ee20255276b53cf1,True
2383,2023-12-31,2024-02-29T19:31:54+08:00,2024-02-29,2024-03-01,GOOD,IMPROVING,TURNING_UP,HIGH,PARTIAL,PROFITABILITY_DURABLE | GROWTH_DURABLE | CASH_CONVERSION_SUPPORTED | BALANCE_SHEET_RESILIENT | INTEREST_COVERAGE_SUPPORTED | EARLY_REVENUE_RECOVERY | RECOVERY_CORROBORATED | HISTORICAL_VALUATION_HIGH | SIMPLIFIED_DCF_NOT_APPLICABLE | MOPS_CONSOLIDATED_PREFERRED_OVER_INDIVIDUAL,MOPS_EXACT,79e1287895e22763c292e35cee0e53b26aa69859499961cee03ea9a343924b51,True
2383,2024-03-31,2024-04-30T18:57:54+08:00,2024-04-30,2024-05-02,GOOD,IMPROVING,TURNING_UP,HIGH,PARTIAL,PROFITABILITY_DURABLE | GROWTH_DURABLE | CASH_CONVERSION_SUPPORTED | BALANCE_SHEET_RESILIENT | INTEREST_COVERAGE_SUPPORTED | EARLY_REVENUE_RECOVERY | RECOVERY_CORROBORATED | HISTORICAL_VALUATION_HIGH | SIMPLIFIED_DCF_NOT_APPLICABLE | MOPS_SINGLE_ELIGIBLE_FILING,MOPS_EXACT,249517a4bfc297b881a2add4d7e82370de494cc6f9a91419cbe6995a4ed94246,True
2383,2024-06-30,2024-07-31T18:12:01+08:00,2024-07-31,2024-08-01,ACCEPTABLE,IMPROVING,TURNING_UP,HIGH,PARTIAL,PROFITABILITY_DURABLE | GROWTH_DURABLE_NOT_ESTABLISHED | CASH_CONVERSION_SUPPORTED | BALANCE_SHEET_RESILIENT | INTEREST_COVERAGE_SUPPORTED | EARLY_REVENUE_RECOVERY | RECOVERY_CORROBORATED | HISTORICAL_VALUATION_HIGH | SIMPLIFIED_DCF_AVAILABLE | MOPS_SINGLE_ELIGIBLE_FILING,MOPS_EXACT,d1fcda4e65d441b1e33fb11a4d0406dc5bcb43f7e781a59827d4193d845530b0,True
2383,2024-09-30,2024-10-30T16:23:13+08:00,2024-10-30,2024-11-01,WEAK,IMPROVING,TURNING_UP,NORMAL,PARTIAL,PROFITABILITY_DURABLE | GROWTH_DURABLE_NOT_ESTABLISHED | CASH_CONVERSION_SUPPORTED | BALANCE_SHEET_RESILIENT_NOT_ESTABLISHED | INTEREST_COVERAGE_NOT_ESTABLISHED | EARLY_REVENUE_RECOVERY | RECOVERY_CORROBORATED | HISTORICAL_VALUATION_NORMAL | SIMPLIFIED_DCF_AVAILABLE | MOPS_SINGLE_ELIGIBLE_FILING,MOPS_EXACT,1f509d88c0fe6784863261a1ba7dcb55212e8c5645be309c8bb028df6a5d7e9c,True
2383,2024-12-31,2025-02-25T18:55:00+08:00,2025-02-25,2025-02-26,ACCEPTABLE,STABLE,CONFIRMED_GROWTH,HIGH,PARTIAL,PROFITABILITY_DURABLE | GROWTH_DURABLE_NOT_ESTABLISHED | CASH_CONVERSION_SUPPORTED | BALANCE_SHEET_RESILIENT | INTEREST_COVERAGE_SUPPORTED | GROWTH_CONFIRMED_THREE_PERIODS | HISTORICAL_VALUATION_HIGH | SIMPLIFIED_DCF_AVAILABLE | MOPS_CONSOLIDATED_PREFERRED_OVER_INDIVIDUAL,MOPS_EXACT,e8fefd7c5ac968e8264c7310e278b9d954b75058750fb635eb843efefd71ef40,True
2383,2025-03-31,2025-04-30T16:11:39+08:00,2025-04-30,2025-05-02,WEAK,STABLE,CONFIRMED_GROWTH,NORMAL,PARTIAL,PROFITABILITY_DURABLE | GROWTH_DURABLE_NOT_ESTABLISHED | CASH_CONVERSION_SUPPORTED_NOT_ESTABLISHED | BALANCE_SHEET_RESILIENT_NOT_ESTABLISHED | INTEREST_COVERAGE_NOT_ESTABLISHED | GROWTH_CONFIRMED_THREE_PERIODS | HISTORICAL_VALUATION_NORMAL | SIMPLIFIED_DCF_AVAILABLE | MOPS_SINGLE_ELIGIBLE_FILING,MOPS_EXACT,52089e9987babfb6b944a617b340fcbe400dcdada487ffe6fc62c287bba220b9,True
2383,2025-06-30,2025-07-30T18:18:51+08:00,2025-07-30,2025-07-31,ACCEPTABLE,STABLE,CONFIRMED_GROWTH,HIGH,PARTIAL,PROFITABILITY_DURABLE | GROWTH_DURABLE | CASH_CONVERSION_SUPPORTED_NOT_ESTABLISHED | BALANCE_SHEET_RESILIENT | INTEREST_COVERAGE_SUPPORTED | GROWTH_CONFIRMED_THREE_PERIODS | HISTORICAL_VALUATION_HIGH | SIMPLIFIED_DCF_NOT_APPLICABLE | MOPS_SINGLE_ELIGIBLE_FILING,MOPS_EXACT,589d722edeb9612214a82da8bbc88cb5210b89869b68bb002be87a17e4a96060,True
2383,2025-09-30,2025-10-30T18:24:36+08:00,2025-10-30,2025-10-31,WEAK,STABLE,MATURE_GROWTH,HIGH,PARTIAL,PROFITABILITY_DURABLE | GROWTH_DURABLE | CASH_CONVERSION_SUPPORTED_NOT_ESTABLISHED | BALANCE_SHEET_RESILIENT_NOT_ESTABLISHED | INTEREST_COVERAGE_NOT_ESTABLISHED | SUSTAINED_GROWTH_EIGHT_PERIODS | HISTORICAL_VALUATION_HIGH | SIMPLIFIED_DCF_NOT_APPLICABLE | MOPS_SINGLE_ELIGIBLE_FILING,MOPS_EXACT,e4c004686fbfe0c2edd66b20d3101f4aa0bde7ef4477c9b24acb5424542e0b97,True
2383,2025-12-31,2026-03-11T17:56:26+08:00,2026-03-11,2026-03-12,ACCEPTABLE,STABLE,MATURE_GROWTH,HIGH,OK,PROFITABILITY_DURABLE | GROWTH_DURABLE | CASH_CONVERSION_SUPPORTED_NOT_ESTABLISHED | BALANCE_SHEET_RESILIENT | INTEREST_COVERAGE_SUPPORTED | SUSTAINED_GROWTH_EIGHT_PERIODS | HISTORICAL_VALUATION_HIGH | SIMPLIFIED_DCF_AVAILABLE | MOPS_CONSOLIDATED_PREFERRED_OVER_INDIVIDUAL,MOPS_EXACT,89d16019b65d2f64024d7a2c637ced594c05c6f480f5f485bb914b0c764a3b0b,True
2383,2026-03-31,2026-04-29T19:54:23+08:00,2026-04-29,2026-04-30,WEAK,STABLE,MATURE_GROWTH,HIGH,PARTIAL,PROFITABILITY_DURABLE | GROWTH_DURABLE | CASH_CONVERSION_SUPPORTED_NOT_ESTABLISHED | BALANCE_SHEET_RESILIENT_NOT_ESTABLISHED | INTEREST_COVERAGE_NOT_ESTABLISHED | SUSTAINED_GROWTH_EIGHT_PERIODS | HISTORICAL_VALUATION_HIGH | SIMPLIFIED_DCF_NOT_APPLICABLE | MOPS_SINGLE_ELIGIBLE_FILING,MOPS_EXACT,b027227653c2055972729dd578a3be1f9928c9ca6c5e871a180a9d7666efcf8f,True
2383,2026-06-30,2026-07-29T19:01:46+08:00,2026-07-29,2026-07-30,WEAK,STABLE,MATURE_GROWTH,HIGH,PARTIAL,PROFITABILITY_DURABLE | GROWTH_DURABLE | CASH_CONVERSION_SUPPORTED_NOT_ESTABLISHED | BALANCE_SHEET_RESILIENT_NOT_ESTABLISHED | INTEREST_COVERAGE_NOT_ESTABLISHED | SUSTAINED_GROWTH_EIGHT_PERIODS | HISTORICAL_VALUATION_HIGH | SIMPLIFIED_DCF_NOT_APPLICABLE | MOPS_SINGLE_ELIGIBLE_FILING,MOPS_EXACT,d56bf6ac20cc6fec579d02968ba397ed1eb4d5bbeb21b52e93cc0ca1416882df,True
2395,2016-03-31,2016-04-29T14:52:35+08:00,2016-04-29,2016-05-03,UNKNOWN,UNKNOWN,UNKNOWN,N/M,INSUFFICIENT,QUALITY_HISTORY_INSUFFICIENT | STATE_HISTORY_INSUFFICIENT | VALUATION_HISTORY_INSUFFICIENT | SIMPLIFIED_DCF_NOT_APPLICABLE | MOPS_SINGLE_ELIGIBLE_FILING,MOPS_EXACT,fbf61b6d854040dbabef9f4baad471b1a0c9e53a9a248b11292d4b0a23057904,True
2395,2016-06-30,2016-07-29T14:23:14+08:00,2016-07-29,2016-08-01,UNKNOWN,UNKNOWN,UNKNOWN,NORMAL,INSUFFICIENT,QUALITY_HISTORY_INSUFFICIENT | STATE_HISTORY_INSUFFICIENT | HISTORICAL_VALUATION_NORMAL | SIMPLIFIED_DCF_NOT_APPLICABLE | MOPS_SINGLE_ELIGIBLE_FILING,MOPS_EXACT,221200d02de2d9817a96313a8cc3acceb79e17d68047b6378afa058946eafe8c,True
2395,2016-09-30,2016-10-28T14:08:42+08:00,2016-10-28,2016-10-31,UNKNOWN,UNKNOWN,UNKNOWN,NORMAL,INSUFFICIENT,QUALITY_HISTORY_INSUFFICIENT | STATE_HISTORY_INSUFFICIENT | HISTORICAL_VALUATION_NORMAL | SIMPLIFIED_DCF_NOT_APPLICABLE | MOPS_SINGLE_ELIGIBLE_FILING,MOPS_EXACT,a12883d1d2dcb3c06d1119739ad67e45b4a06b3c9618f6064fe0c21addc4c5fb,True
2395,2016-12-31,2017-03-06T13:52:05+08:00,2017-03-06,2017-03-07,UNKNOWN,UNKNOWN,UNKNOWN,NORMAL,INSUFFICIENT,QUALITY_HISTORY_INSUFFICIENT | STATE_HISTORY_INSUFFICIENT | HISTORICAL_VALUATION_NORMAL | SIMPLIFIED_DCF_AVAILABLE | MOPS_CONSOLIDATED_PREFERRED_OVER_INDIVIDUAL,MOPS_EXACT,f95cd0a721f6dcbc4972db51d2cf2f7c68fc535f5121dbe61ba471845c06e346,True
2395,2017-03-31,2017-04-28T16:19:49+08:00,2017-04-28,2017-05-02,UNKNOWN,UNKNOWN,UNKNOWN,LOW,INSUFFICIENT,QUALITY_HISTORY_INSUFFICIENT | STATE_HISTORY_INSUFFICIENT | HISTORICAL_VALUATION_LOW | SIMPLIFIED_DCF_AVAILABLE | MOPS_SINGLE_ELIGIBLE_FILING,MOPS_EXACT,a4ba7e7c04a2f26d602eb935886d4e5a1a0f9b113e46f09cec7e7b239e56e3be,True
2395,2017-06-30,2017-07-27T17:36:09+08:00,2017-07-27,2017-07-28,UNKNOWN,UNKNOWN,UNKNOWN,LOW,INSUFFICIENT,QUALITY_HISTORY_INSUFFICIENT | STATE_HISTORY_INSUFFICIENT | HISTORICAL_VALUATION_LOW | SIMPLIFIED_DCF_AVAILABLE | MOPS_SINGLE_ELIGIBLE_FILING,MOPS_EXACT,4714239b38c263d80d86813d2bc4055808f895daad7b654688ed3bd7136cdadb,True
2395,2017-09-30,2017-11-01T11:13:49+08:00,2017-11-01,2017-11-02,UNKNOWN,UNKNOWN,UNKNOWN,LOW,INSUFFICIENT,QUALITY_HISTORY_INSUFFICIENT | STATE_HISTORY_INSUFFICIENT | HISTORICAL_VALUATION_LOW | SIMPLIFIED_DCF_AVAILABLE | MOPS_SINGLE_ELIGIBLE_FILING,MOPS_EXACT,8d3b3ce7e2d801dd3f32b68f69ad85f90c378ced8846f6882459e25264609b46,True
2395,2017-12-31,2018-03-02T18:33:05+08:00,2018-03-02,2018-03-05,UNKNOWN,UNKNOWN,UNKNOWN,LOW,INSUFFICIENT,QUALITY_HISTORY_INSUFFICIENT | STATE_HISTORY_INSUFFICIENT | HISTORICAL_VALUATION_LOW | SIMPLIFIED_DCF_AVAILABLE | MOPS_CONSOLIDATED_PREFERRED_OVER_INDIVIDUAL,MOPS_EXACT,3e5e86fcd64153a71f9a14d72b836b7c9f728aec1075dcfbb074bf41b482bdbf,True
2395,2018-03-31,2018-04-27T17:48:17+08:00,2018-04-27,2018-04-30,UNKNOWN,UNKNOWN,UNKNOWN,LOW,INSUFFICIENT,QUALITY_HISTORY_INSUFFICIENT | STATE_HISTORY_INSUFFICIENT | HISTORICAL_VALUATION_LOW | SIMPLIFIED_DCF_AVAILABLE | MOPS_SINGLE_ELIGIBLE_FILING,MOPS_EXACT,77a9c2fa551aa841b1d706403e065f2a7390b7eacd8416d3fa852a8e6d0b9309,True
2395,2018-06-30,2018-07-27T18:49:18+08:00,2018-07-27,2018-07-30,UNKNOWN,UNKNOWN,UNKNOWN,LOW,INSUFFICIENT,QUALITY_HISTORY_INSUFFICIENT | STATE_HISTORY_INSUFFICIENT | HISTORICAL_VALUATION_LOW | SIMPLIFIED_DCF_AVAILABLE | MOPS_SINGLE_ELIGIBLE_FILING,MOPS_EXACT,8543617420e01034871053c7c38f27f4ea83362a27edacf86a025f0649efceef,True
2395,2018-09-30,2018-10-26T16:15:34+08:00,2018-10-26,2018-10-29,UNKNOWN,IMPROVING,TURNING_UP,LOW,INSUFFICIENT,QUALITY_HISTORY_INSUFFICIENT | EARLY_REVENUE_RECOVERY | RECOVERY_CORROBORATED | HISTORICAL_VALUATION_LOW | SIMPLIFIED_DCF_AVAILABLE | MOPS_SINGLE_ELIGIBLE_FILING,MOPS_EXACT,dac3a01799b0467be797fae2daf298c11a91a63a19a9214bb11034691aa472ce,True
2395,2018-12-31,2019-03-11T08:23:19+08:00,2019-03-11,2019-03-12,UNKNOWN,UNKNOWN,UNKNOWN,NORMAL,INSUFFICIENT,METRIC_COVERAGE_INSUFFICIENT_TTM_REVENUE | METRIC_COVERAGE_INSUFFICIENT_TTM_EPS | METRIC_COVERAGE_INSUFFICIENT_ROE | METRIC_COVERAGE_INSUFFICIENT_ROIC | MIXED_FUNDAMENTAL_DIRECTION | HISTORICAL_VALUATION_NORMAL | SIMPLIFIED_DCF_AVAILABLE | MOPS_CONSOLIDATED_PREFERRED_OVER_INDIVIDUAL,MOPS_EXACT,6929ffbc37622af54e43046df133fd9bd78c2e15f5cae567dd53caf2ff339fe9,True
2395,2019-03-31,2019-05-03T17:45:24+08:00,2019-05-03,2019-05-06,UNKNOWN,STABLE,CONFIRMED_GROWTH,NORMAL,INSUFFICIENT,METRIC_COVERAGE_INSUFFICIENT_TTM_REVENUE | METRIC_COVERAGE_INSUFFICIENT_TTM_EPS | METRIC_COVERAGE_INSUFFICIENT_ROE | METRIC_COVERAGE_INSUFFICIENT_ROIC | GROWTH_CONFIRMED_THREE_PERIODS | HISTORICAL_VALUATION_NORMAL | SIMPLIFIED_DCF_AVAILABLE | MOPS_SINGLE_ELIGIBLE_FILING,MOPS_EXACT,a4439e37e6f237962201516a6daf05573eb5d6e5c1b7de9d316127166f138da8,True
2395,2019-06-30,2019-08-05T08:37:59+08:00,2019-08-05,2019-08-06,UNKNOWN,STABLE,CONFIRMED_GROWTH,NORMAL,INSUFFICIENT,METRIC_COVERAGE_INSUFFICIENT_TTM_REVENUE | METRIC_COVERAGE_INSUFFICIENT_TTM_EPS | METRIC_COVERAGE_INSUFFICIENT_ROE | METRIC_COVERAGE_INSUFFICIENT_ROIC | GROWTH_CONFIRMED_THREE_PERIODS | HISTORICAL_VALUATION_NORMAL | SIMPLIFIED_DCF_AVAILABLE | MOPS_SINGLE_ELIGIBLE_FILING,MOPS_EXACT,84a3109d68b3fc4fa34743b026b37a6c86e7ac0be056a8e28949e462f3fbb8c8,True
2395,2019-09-30,2019-11-04T10:37:23+08:00,2019-11-04,2019-11-05,UNKNOWN,STABLE,CONFIRMED_GROWTH,HIGH,INSUFFICIENT,METRIC_COVERAGE_INSUFFICIENT_ROE | METRIC_COVERAGE_INSUFFICIENT_ROIC | GROWTH_CONFIRMED_THREE_PERIODS | HISTORICAL_VALUATION_HIGH | SIMPLIFIED_DCF_AVAILABLE | MOPS_SINGLE_ELIGIBLE_FILING,MOPS_EXACT,fb9517b8336d4053e3a8fe6787bb3256392a9e5d9a40c69a95e844f334db6868,True
2395,2019-12-31,2020-03-09T08:52:55+08:00,2020-03-09,2020-03-10,ACCEPTABLE,IMPROVING,TURNING_UP,NORMAL,OK,PROFITABILITY_DURABLE | GROWTH_DURABLE_NOT_ESTABLISHED | CASH_CONVERSION_SUPPORTED | BALANCE_SHEET_RESILIENT | INTEREST_COVERAGE_SUPPORTED | EARLY_REVENUE_RECOVERY | RECOVERY_CORROBORATED | HISTORICAL_VALUATION_NORMAL | SIMPLIFIED_DCF_AVAILABLE | MOPS_CONSOLIDATED_PREFERRED_OVER_INDIVIDUAL,MOPS_EXACT,76913ae798248c9c78c405d95856396e307343109f8c8e4336f868f45547588f,True
2395,2020-03-31,2020-04-30T11:07:40+08:00,2020-04-30,2020-05-04,ACCEPTABLE,STABLE,CONFIRMED_GROWTH,NORMAL,PARTIAL,PROFITABILITY_DURABLE | GROWTH_DURABLE_NOT_ESTABLISHED | CASH_CONVERSION_SUPPORTED | BALANCE_SHEET_RESILIENT | INTEREST_COVERAGE_SUPPORTED | GROWTH_CONFIRMED_THREE_PERIODS | HISTORICAL_VALUATION_NORMAL | SIMPLIFIED_DCF_AVAILABLE | MOPS_SINGLE_ELIGIBLE_FILING,MOPS_EXACT,e264735a09a923aff944b4ba91cefa09fc403950c8fba736c822e13b9eafda6e,True
2395,2020-06-30,2020-07-31T17:51:37+08:00,2020-07-31,2020-08-03,ACCEPTABLE,STABLE,MATURE_GROWTH,HIGH,OK,PROFITABILITY_DURABLE | GROWTH_DURABLE_NOT_ESTABLISHED | CASH_CONVERSION_SUPPORTED | BALANCE_SHEET_RESILIENT | INTEREST_COVERAGE_SUPPORTED | SUSTAINED_GROWTH_EIGHT_PERIODS | HISTORICAL_VALUATION_HIGH | SIMPLIFIED_DCF_AVAILABLE | MOPS_SINGLE_ELIGIBLE_FILING,MOPS_EXACT,81e2d97f5e84e581ef215a0ad77d142d66e03042a2196caa6d9a6bcedb066476,True
2395,2020-09-30,2020-10-30T17:20:26+08:00,2020-10-30,2020-11-02,GOOD,DETERIORATING,DETERIORATING,HIGH,OK,PROFITABILITY_DURABLE | GROWTH_DURABLE | CASH_CONVERSION_SUPPORTED | BALANCE_SHEET_RESILIENT | INTEREST_COVERAGE_SUPPORTED | DETERIORATION_CORROBORATED | HISTORICAL_VALUATION_HIGH | SIMPLIFIED_DCF_AVAILABLE | MOPS_SINGLE_ELIGIBLE_FILING,MOPS_EXACT,594cac2335584a03d347892809e463ff877ef9e2cf04be3ef448cad226fbff18,True
2395,2020-12-31,2021-03-05T17:53:27+08:00,2021-03-05,2021-03-08,GOOD,DETERIORATING,DETERIORATING,HIGH,OK,PROFITABILITY_DURABLE | GROWTH_DURABLE | CASH_CONVERSION_SUPPORTED | BALANCE_SHEET_RESILIENT | INTEREST_COVERAGE_SUPPORTED | DETERIORATION_CORROBORATED | HISTORICAL_VALUATION_HIGH | SIMPLIFIED_DCF_NOT_APPLICABLE | MOPS_CONSOLIDATED_PREFERRED_OVER_INDIVIDUAL,MOPS_EXACT,cb246733ee2eea080a2dff9f63ca6ca821ce2b34704c77c2a0faef7329bdc1f8,True
2395,2021-03-31,2021-04-29T17:27:58+08:00,2021-04-29,2021-05-03,GOOD,UNKNOWN,UNKNOWN,HIGH,OK,PROFITABILITY_DURABLE | GROWTH_DURABLE | CASH_CONVERSION_SUPPORTED | BALANCE_SHEET_RESILIENT | INTEREST_COVERAGE_SUPPORTED | MIXED_FUNDAMENTAL_DIRECTION | HISTORICAL_VALUATION_HIGH | SIMPLIFIED_DCF_NOT_APPLICABLE | MOPS_SINGLE_ELIGIBLE_FILING,MOPS_EXACT,bc5925306bc5b7c3944af33eedda3c72439f223491f17fb660c7ca54f3c264b0,True
2395,2021-06-30,2021-07-30T16:06:16+08:00,2021-07-30,2021-08-02,GOOD,UNKNOWN,UNKNOWN,HIGH,OK,PROFITABILITY_DURABLE | GROWTH_DURABLE | CASH_CONVERSION_SUPPORTED | BALANCE_SHEET_RESILIENT | INTEREST_COVERAGE_SUPPORTED | MIXED_FUNDAMENTAL_DIRECTION | HISTORICAL_VALUATION_HIGH | SIMPLIFIED_DCF_NOT_APPLICABLE | MOPS_SINGLE_ELIGIBLE_FILING,MOPS_EXACT,50bb7a2c2bc08c268b3f569f519625e12ef67a613ca9ee402c0e9a4a658835cf,True
2395,2021-09-30,2021-10-29T14:22:47+08:00,2021-10-29,2021-11-01,GOOD,IMPROVING,TURNING_UP,HIGH,OK,PROFITABILITY_DURABLE | GROWTH_DURABLE | CASH_CONVERSION_SUPPORTED | BALANCE_SHEET_RESILIENT | INTEREST_COVERAGE_SUPPORTED | EARLY_REVENUE_RECOVERY | RECOVERY_CORROBORATED | HISTORICAL_VALUATION_HIGH | SIMPLIFIED_DCF_NOT_APPLICABLE | MOPS_SINGLE_ELIGIBLE_FILING,MOPS_EXACT,1974fcdfac327d35d5bad1fd3a81bf2c9ece2865b0b84f7e81b8392ff5ecc405,True
2395,2021-12-31,2022-02-25T16:09:16+08:00,2022-02-25,2022-03-01,GOOD,IMPROVING,TURNING_UP,HIGH,OK,PROFITABILITY_DURABLE | GROWTH_DURABLE | CASH_CONVERSION_SUPPORTED | BALANCE_SHEET_RESILIENT | INTEREST_COVERAGE_SUPPORTED | EARLY_REVENUE_RECOVERY | RECOVERY_CORROBORATED | HISTORICAL_VALUATION_HIGH | SIMPLIFIED_DCF_AVAILABLE | MOPS_CONSOLIDATED_PREFERRED_OVER_INDIVIDUAL,MOPS_EXACT,852c78d63a49b5cdeeb927b6a0f10018bfafc65ac53997e163de06a988ad34e2,True
2395,2022-03-31,2022-04-29T15:11:44+08:00,2022-04-29,2022-05-03,GOOD,IMPROVING,TURNING_UP,HIGH,OK,PROFITABILITY_DURABLE | GROWTH_DURABLE | CASH_CONVERSION_SUPPORTED | BALANCE_SHEET_RESILIENT | INTEREST_COVERAGE_SUPPORTED | EARLY_REVENUE_RECOVERY | RECOVERY_CORROBORATED | HISTORICAL_VALUATION_HIGH | SIMPLIFIED_DCF_AVAILABLE | MOPS_SINGLE_ELIGIBLE_FILING,MOPS_EXACT,e4db297cea359166f0e425e5ea0e884666baed20422e88766f524e71d09b1f46,True
2395,2022-06-30,2022-07-29T15:54:59+08:00,2022-07-29,2022-08-01,GOOD,IMPROVING,TURNING_UP,NORMAL,OK,PROFITABILITY_DURABLE | GROWTH_DURABLE | CASH_CONVERSION_SUPPORTED | BALANCE_SHEET_RESILIENT | INTEREST_COVERAGE_SUPPORTED | EARLY_REVENUE_RECOVERY | RECOVERY_CORROBORATED | HISTORICAL_VALUATION_NORMAL | SIMPLIFIED_DCF_AVAILABLE | MOPS_SINGLE_ELIGIBLE_FILING,MOPS_EXACT,628018f646690611d4e644245b5103667705a212260b7367b06bef6e590adcda,True
2395,2022-09-30,2022-10-28T15:52:57+08:00,2022-10-28,2022-10-31,GOOD,IMPROVING,TURNING_UP,LOW,OK,PROFITABILITY_DURABLE | GROWTH_DURABLE | CASH_CONVERSION_SUPPORTED | BALANCE_SHEET_RESILIENT | INTEREST_COVERAGE_SUPPORTED | EARLY_REVENUE_RECOVERY | RECOVERY_CORROBORATED | HISTORICAL_VALUATION_LOW | SIMPLIFIED_DCF_AVAILABLE | MOPS_SINGLE_ELIGIBLE_FILING,MOPS_EXACT,aa9bc21ca5c3b6afab2861204a7f70fee1d4e6d345a53fc814b85ffe86969871,True
2395,2022-12-31,2023-02-24T19:27:40+08:00,2023-02-24,2023-03-01,GOOD,STABLE,CONFIRMED_GROWTH,NORMAL,OK,PROFITABILITY_DURABLE | GROWTH_DURABLE | CASH_CONVERSION_SUPPORTED | BALANCE_SHEET_RESILIENT | INTEREST_COVERAGE_SUPPORTED | GROWTH_CONFIRMED_THREE_PERIODS | HISTORICAL_VALUATION_NORMAL | SIMPLIFIED_DCF_AVAILABLE | MOPS_CONSOLIDATED_PREFERRED_OVER_INDIVIDUAL,MOPS_EXACT,a9a3cf4f5b874900bbb1496ae6cf58504f7588bee23bde8750f82335f2d005df,True
2395,2023-03-31,2023-04-28T15:46:37+08:00,2023-04-28,2023-05-02,GOOD,STABLE,CONFIRMED_GROWTH,NORMAL,OK,PROFITABILITY_DURABLE | GROWTH_DURABLE | CASH_CONVERSION_SUPPORTED | BALANCE_SHEET_RESILIENT | INTEREST_COVERAGE_SUPPORTED | GROWTH_CONFIRMED_THREE_PERIODS | HISTORICAL_VALUATION_NORMAL | SIMPLIFIED_DCF_AVAILABLE | MOPS_SINGLE_ELIGIBLE_FILING,MOPS_EXACT,202efd249f85176e15aad6a5aac2d149ee575463f45487c3c2721853a32ab539,True
2395,2023-06-30,2023-08-01T17:47:25+08:00,2023-08-01,2023-08-02,GOOD,STABLE,CONFIRMED_GROWTH,NORMAL,OK,PROFITABILITY_DURABLE | GROWTH_DURABLE | CASH_CONVERSION_SUPPORTED | BALANCE_SHEET_RESILIENT | INTEREST_COVERAGE_SUPPORTED | GROWTH_CONFIRMED_THREE_PERIODS | HISTORICAL_VALUATION_NORMAL | SIMPLIFIED_DCF_AVAILABLE | MOPS_SINGLE_ELIGIBLE_FILING,MOPS_EXACT,47faba85db5d0913ee75118482e434857c122bc7828f49c1b76006b98873f8a4,True
2395,2023-09-30,2023-10-30T22:39:21+08:00,2023-10-30,2023-10-31,GOOD,DETERIORATING,DETERIORATING,NORMAL,OK,PROFITABILITY_DURABLE | GROWTH_DURABLE | CASH_CONVERSION_SUPPORTED | BALANCE_SHEET_RESILIENT | INTEREST_COVERAGE_SUPPORTED | DETERIORATION_CORROBORATED | HISTORICAL_VALUATION_NORMAL | SIMPLIFIED_DCF_AVAILABLE | MOPS_SINGLE_ELIGIBLE_FILING,MOPS_EXACT,f24141b2e0af48e0b2d8dfd6fd4e6190e02f39c92a2e4bcb3904a7cf7545acfe,True
2395,2023-12-31,2024-02-27T21:24:13+08:00,2024-02-27,2024-02-29,GOOD,DETERIORATING,DETERIORATING,NORMAL,OK,PROFITABILITY_DURABLE | GROWTH_DURABLE | CASH_CONVERSION_SUPPORTED | BALANCE_SHEET_RESILIENT | INTEREST_COVERAGE_SUPPORTED | DETERIORATION_CORROBORATED | HISTORICAL_VALUATION_NORMAL | SIMPLIFIED_DCF_AVAILABLE | MOPS_CONSOLIDATED_PREFERRED_OVER_INDIVIDUAL,MOPS_EXACT,f5de65924741cb4abcd3125f43968bb52cf2b77f3512445fe0956fcefe6e91e4,True
2395,2024-03-31,2024-04-27T21:09:30+08:00,2024-04-27,2024-04-29,GOOD,DETERIORATING,DETERIORATING,NORMAL,OK,PROFITABILITY_DURABLE | GROWTH_DURABLE | CASH_CONVERSION_SUPPORTED | BALANCE_SHEET_RESILIENT | INTEREST_COVERAGE_SUPPORTED | DETERIORATION_CORROBORATED | HISTORICAL_VALUATION_NORMAL | SIMPLIFIED_DCF_AVAILABLE | MOPS_SINGLE_ELIGIBLE_FILING,MOPS_EXACT,7593592780834562f36d61db2f2354d29c8a828f42bb3432bfad4bc3b545e4fb,True
2395,2024-06-30,2024-07-26T18:56:18+08:00,2024-07-26,2024-07-29,GOOD,DETERIORATING,DETERIORATING,NORMAL,OK,PROFITABILITY_DURABLE | GROWTH_DURABLE | CASH_CONVERSION_SUPPORTED | BALANCE_SHEET_RESILIENT | INTEREST_COVERAGE_SUPPORTED | DETERIORATION_CORROBORATED | HISTORICAL_VALUATION_NORMAL | SIMPLIFIED_DCF_AVAILABLE | MOPS_SINGLE_ELIGIBLE_FILING,MOPS_EXACT,44ecddb1cd492f9d0223e3c1de13c05ae90e56e77082c2ec6ea0daa398164052,True
2395,2024-09-30,2024-10-31T19:25:16+08:00,2024-10-31,2024-11-01,GOOD,UNKNOWN,UNKNOWN,NORMAL,OK,PROFITABILITY_DURABLE | GROWTH_DURABLE | CASH_CONVERSION_SUPPORTED | BALANCE_SHEET_RESILIENT | INTEREST_COVERAGE_SUPPORTED | MIXED_FUNDAMENTAL_DIRECTION | HISTORICAL_VALUATION_NORMAL | SIMPLIFIED_DCF_AVAILABLE | MOPS_SINGLE_ELIGIBLE_FILING,MOPS_EXACT,ba6c5e7b12ca156864e6e32c4b20f63c4586797133ddfe691e7b3e1cd73fe324,True
2395,2024-12-31,2025-02-27T19:25:58+08:00,2025-02-27,2025-03-03,ACCEPTABLE,IMPROVING,BOTTOMING,NORMAL,OK,PROFITABILITY_DURABLE | GROWTH_DURABLE_NOT_ESTABLISHED | CASH_CONVERSION_SUPPORTED | BALANCE_SHEET_RESILIENT | INTEREST_COVERAGE_SUPPORTED | REVENUE_CONTRACTION_NARROWING | RECOVERY_CORROBORATED | HISTORICAL_VALUATION_NORMAL | SIMPLIFIED_DCF_AVAILABLE | MOPS_CONSOLIDATED_PREFERRED_OVER_INDIVIDUAL,MOPS_EXACT,dc071370f0a3c13fdbf95a61f21baff1fbb3f710b6141d0b2080da1f986dd8f9,True
2395,2025-03-31,2025-04-24T18:21:22+08:00,2025-04-24,2025-04-25,ACCEPTABLE,IMPROVING,TURNING_UP,NORMAL,OK,PROFITABILITY_DURABLE | GROWTH_DURABLE_NOT_ESTABLISHED | CASH_CONVERSION_SUPPORTED | BALANCE_SHEET_RESILIENT | INTEREST_COVERAGE_SUPPORTED | EARLY_REVENUE_RECOVERY | RECOVERY_CORROBORATED | HISTORICAL_VALUATION_NORMAL | SIMPLIFIED_DCF_AVAILABLE | MOPS_SINGLE_ELIGIBLE_FILING,MOPS_EXACT,38117b6ae6b50992a876e4913aea448320cd51c7df2b4ec46b3344c5beb42074,True
2395,2025-06-30,2025-07-31T17:39:14+08:00,2025-07-31,2025-08-01,ACCEPTABLE,IMPROVING,TURNING_UP,NORMAL,OK,PROFITABILITY_DURABLE | GROWTH_DURABLE_NOT_ESTABLISHED | CASH_CONVERSION_SUPPORTED | BALANCE_SHEET_RESILIENT | INTEREST_COVERAGE_SUPPORTED | EARLY_REVENUE_RECOVERY | RECOVERY_CORROBORATED | HISTORICAL_VALUATION_NORMAL | SIMPLIFIED_DCF_AVAILABLE | MOPS_SINGLE_ELIGIBLE_FILING,MOPS_EXACT,5b12be1c2a1a5cc89afd1c7c75f3478960ed13a2f0699cd7249d36a03efb1af0,True
2395,2025-09-30,2025-10-30T18:17:37+08:00,2025-10-30,2025-10-31,ACCEPTABLE,IMPROVING,TURNING_UP,NORMAL,OK,PROFITABILITY_DURABLE | GROWTH_DURABLE_NOT_ESTABLISHED | CASH_CONVERSION_SUPPORTED | BALANCE_SHEET_RESILIENT | INTEREST_COVERAGE_SUPPORTED | EARLY_REVENUE_RECOVERY | RECOVERY_CORROBORATED | HISTORICAL_VALUATION_NORMAL | SIMPLIFIED_DCF_AVAILABLE | MOPS_SINGLE_ELIGIBLE_FILING,MOPS_EXACT,5efd563a51e4b066573fa87f5c77b9d2fb11381394812068b353741cd5998825,True
2395,2025-12-31,2026-02-26T22:23:49+08:00,2026-02-26,2026-03-02,ACCEPTABLE,IMPROVING,TURNING_UP,NORMAL,OK,PROFITABILITY_DURABLE | GROWTH_DURABLE_NOT_ESTABLISHED | CASH_CONVERSION_SUPPORTED | BALANCE_SHEET_RESILIENT | INTEREST_COVERAGE_SUPPORTED | EARLY_REVENUE_RECOVERY | RECOVERY_CORROBORATED | HISTORICAL_VALUATION_NORMAL | SIMPLIFIED_DCF_AVAILABLE | MOPS_CONSOLIDATED_PREFERRED_OVER_INDIVIDUAL,MOPS_EXACT,1511631fda02bd21582965d884efcd43f2e9d138af4468dcd3c77f04774d7239,True
2395,2026-03-31,2026-04-30T18:40:55+08:00,2026-04-30,2026-05-04,ACCEPTABLE,STABLE,CONFIRMED_GROWTH,NORMAL,PARTIAL,PROFITABILITY_DURABLE | GROWTH_DURABLE_NOT_ESTABLISHED | CASH_CONVERSION_SUPPORTED | BALANCE_SHEET_RESILIENT | INTEREST_COVERAGE_SUPPORTED | GROWTH_CONFIRMED_THREE_PERIODS | HISTORICAL_VALUATION_NORMAL | SIMPLIFIED_DCF_AVAILABLE | MOPS_SINGLE_ELIGIBLE_FILING,MOPS_EXACT,6b8a0dec0cbdbd74ae4b417e8aeb5602f0e3875e6eca8895265b5f8c88838be6,True
2395,2026-06-30,2026-07-31T19:06:07+08:00,2026-07-31,2026-08-03,ACCEPTABLE,STABLE,CONFIRMED_GROWTH,HIGH,PARTIAL,PROFITABILITY_DURABLE | GROWTH_DURABLE_NOT_ESTABLISHED | CASH_CONVERSION_SUPPORTED | BALANCE_SHEET_RESILIENT | INTEREST_COVERAGE_SUPPORTED | GROWTH_CONFIRMED_THREE_PERIODS | HISTORICAL_VALUATION_HIGH | SIMPLIFIED_DCF_AVAILABLE | MOPS_SINGLE_ELIGIBLE_FILING,MOPS_EXACT,79d6bda711e7ecbf6459ef6f61c26d453138be2660a0f701d0f50a7fadbcd786,True
2408,2016-03-31,2016-05-10T17:54:41+08:00,2016-05-10,2016-05-11,UNKNOWN,UNKNOWN,UNKNOWN,N/M,INSUFFICIENT,QUALITY_HISTORY_INSUFFICIENT | STATE_HISTORY_INSUFFICIENT | VALUATION_SECTOR_CYCLICAL_NORMALIZED_EPS | SIMPLIFIED_DCF_NOT_APPLICABLE | MOPS_SINGLE_ELIGIBLE_FILING,MOPS_EXACT,81542aaca7cda956acf3ed171087d24482c8a8cd48d78352e2eb050289208f19,True
2408,2016-06-30,2016-08-11T16:00:36+08:00,2016-08-11,2016-08-12,UNKNOWN,UNKNOWN,UNKNOWN,N/M,INSUFFICIENT,QUALITY_HISTORY_INSUFFICIENT | STATE_HISTORY_INSUFFICIENT | VALUATION_SECTOR_CYCLICAL_NORMALIZED_EPS | SIMPLIFIED_DCF_NOT_APPLICABLE | MOPS_SINGLE_ELIGIBLE_FILING,MOPS_EXACT,1e4fe53f9a224b63fa8e44fbd9e1764d35094a586f0d087d2163f94523fbe9b6,True
2408,2016-09-30,2016-11-09T20:12:49+08:00,2016-11-09,2016-11-10,UNKNOWN,UNKNOWN,UNKNOWN,N/M,INSUFFICIENT,QUALITY_HISTORY_INSUFFICIENT | STATE_HISTORY_INSUFFICIENT | VALUATION_SECTOR_CYCLICAL_NORMALIZED_EPS | SIMPLIFIED_DCF_NOT_APPLICABLE | MOPS_SINGLE_ELIGIBLE_FILING,MOPS_EXACT,a1b3f698c6dcbb9d024f8b4347227b9a3de6666ac4f3e538de2af23fbcdbd53a,True
2408,2016-12-31,2017-03-09T21:14:29+08:00,2017-03-09,2017-03-10,UNKNOWN,UNKNOWN,UNKNOWN,N/M,INSUFFICIENT,QUALITY_HISTORY_INSUFFICIENT | STATE_HISTORY_INSUFFICIENT | VALUATION_SECTOR_CYCLICAL_NORMALIZED_EPS | SIMPLIFIED_DCF_NOT_APPLICABLE | MOPS_CONSOLIDATED_PREFERRED_OVER_INDIVIDUAL,MOPS_EXACT,71cd3c3f5a1d76a91d491780d20d43861c13ad803397632016f750fb8ed376f6,True
2408,2017-03-31,2017-05-12T18:22:37+08:00,2017-05-12,2017-05-15,UNKNOWN,UNKNOWN,UNKNOWN,N/M,INSUFFICIENT,QUALITY_HISTORY_INSUFFICIENT | STATE_HISTORY_INSUFFICIENT | VALUATION_SECTOR_CYCLICAL_NORMALIZED_EPS | SIMPLIFIED_DCF_NOT_APPLICABLE | MOPS_SINGLE_ELIGIBLE_FILING,MOPS_EXACT,1086e9f7fb52f5e9d9e654df6ddbc1f7f61d0fad420d1c1c11d2231c66b1ccfa,True
2408,2017-06-30,2017-08-11T17:09:11+08:00,2017-08-11,2017-08-14,UNKNOWN,UNKNOWN,UNKNOWN,N/M,INSUFFICIENT,QUALITY_HISTORY_INSUFFICIENT | STATE_HISTORY_INSUFFICIENT | VALUATION_SECTOR_CYCLICAL_NORMALIZED_EPS | SIMPLIFIED_DCF_NOT_APPLICABLE | MOPS_SINGLE_ELIGIBLE_FILING,MOPS_EXACT,e58db9eee15a4682e6226537dcad8e6af358ce6722ac0eb7b2b7fb3016588cb4,True
2408,2017-09-30,2017-11-10T14:55:48+08:00,2017-11-10,2017-11-13,UNKNOWN,UNKNOWN,UNKNOWN,N/M,INSUFFICIENT,QUALITY_HISTORY_INSUFFICIENT | STATE_HISTORY_INSUFFICIENT | VALUATION_SECTOR_CYCLICAL_NORMALIZED_EPS | SIMPLIFIED_DCF_NOT_APPLICABLE | MOPS_SINGLE_ELIGIBLE_FILING,MOPS_EXACT,86217cb883218d6e9856eb47f79b5132d404d032852d70f0842371b40d13a6da,True
2408,2017-12-31,2018-02-26T18:53:45+08:00,2018-02-26,2018-02-27,UNKNOWN,UNKNOWN,UNKNOWN,N/M,INSUFFICIENT,QUALITY_HISTORY_INSUFFICIENT | STATE_HISTORY_INSUFFICIENT | VALUATION_SECTOR_CYCLICAL_NORMALIZED_EPS | SIMPLIFIED_DCF_NOT_APPLICABLE | MOPS_CONSOLIDATED_PREFERRED_OVER_INDIVIDUAL,MOPS_EXACT,ac7715b460c02c062e35d6d33fc6c1d9da63494ce847d01a6245eef1131711b4,True
2408,2018-03-31,2018-05-09T16:57:26+08:00,2018-05-09,2018-05-10,UNKNOWN,UNKNOWN,UNKNOWN,N/M,INSUFFICIENT,QUALITY_HISTORY_INSUFFICIENT | STATE_HISTORY_INSUFFICIENT | VALUATION_SECTOR_CYCLICAL_NORMALIZED_EPS | SIMPLIFIED_DCF_NOT_APPLICABLE | MOPS_SINGLE_ELIGIBLE_FILING,MOPS_EXACT,29f4daa45e6e519e75a9ce9b7cdfbf1b36af00f42ec40ac5f4a48127116b2461,True
2408,2018-06-30,2018-08-10T17:21:59+08:00,2018-08-10,2018-08-13,UNKNOWN,UNKNOWN,UNKNOWN,N/M,INSUFFICIENT,QUALITY_HISTORY_INSUFFICIENT | STATE_HISTORY_INSUFFICIENT | VALUATION_SECTOR_CYCLICAL_NORMALIZED_EPS | SIMPLIFIED_DCF_AVAILABLE | MOPS_SINGLE_ELIGIBLE_FILING,MOPS_EXACT,530f5f705dbf41544b734374d7f7d1900c349f62d5d46c97ad2fc3eb269da572,True
2408,2018-09-30,2018-11-12T17:06:33+08:00,2018-11-12,2018-11-13,UNKNOWN,STABLE,CONFIRMED_GROWTH,N/M,INSUFFICIENT,QUALITY_HISTORY_INSUFFICIENT | GROWTH_CONFIRMED_THREE_PERIODS | VALUATION_SECTOR_CYCLICAL_NORMALIZED_EPS | SIMPLIFIED_DCF_AVAILABLE | MOPS_SINGLE_ELIGIBLE_FILING,MOPS_EXACT,c86a071c0e57c3cffa5888794eb23e3ca882022979ced595b7ad5dc54c879279,True
2408,2018-12-31,2019-02-27T19:17:17+08:00,2019-02-27,2019-03-04,UNKNOWN,UNKNOWN,UNKNOWN,N/M,INSUFFICIENT,METRIC_COVERAGE_INSUFFICIENT_TTM_REVENUE | METRIC_COVERAGE_INSUFFICIENT_TTM_EPS | METRIC_COVERAGE_INSUFFICIENT_ROE | METRIC_COVERAGE_INSUFFICIENT_ROIC | SECTOR_LOGIC_CYCLICAL | MIXED_FUNDAMENTAL_DIRECTION | VALUATION_SECTOR_CYCLICAL_NORMALIZED_EPS | SIMPLIFIED_DCF_AVAILABLE | MOPS_CONSOLIDATED_PREFERRED_OVER_INDIVIDUAL,MOPS_EXACT,2e6908a051c5392901ca2c6aa4deef5b1cb79cf1bec4a0046ce44ba537070b34,True
2408,2019-03-31,2019-05-10T17:17:14+08:00,2019-05-10,2019-05-13,UNKNOWN,DETERIORATING,DETERIORATING,N/M,INSUFFICIENT,METRIC_COVERAGE_INSUFFICIENT_TTM_REVENUE | METRIC_COVERAGE_INSUFFICIENT_TTM_EPS | METRIC_COVERAGE_INSUFFICIENT_ROE | METRIC_COVERAGE_INSUFFICIENT_ROIC | SECTOR_LOGIC_CYCLICAL | DETERIORATION_CORROBORATED | VALUATION_SECTOR_CYCLICAL_NORMALIZED_EPS | SIMPLIFIED_DCF_AVAILABLE | MOPS_SINGLE_ELIGIBLE_FILING,MOPS_EXACT,935cf0d2ac24f44963e30f2feb6fb6e22e85c2f92bcfab01de90024adcfb37f3,True
2408,2019-06-30,2019-08-12T17:02:58+08:00,2019-08-12,2019-08-13,UNKNOWN,DETERIORATING,DETERIORATING,N/M,INSUFFICIENT,METRIC_COVERAGE_INSUFFICIENT_TTM_REVENUE | METRIC_COVERAGE_INSUFFICIENT_TTM_EPS | METRIC_COVERAGE_INSUFFICIENT_ROE | METRIC_COVERAGE_INSUFFICIENT_ROIC | SECTOR_LOGIC_CYCLICAL | DETERIORATION_CORROBORATED | VALUATION_SECTOR_CYCLICAL_NORMALIZED_EPS | SIMPLIFIED_DCF_AVAILABLE | MOPS_SINGLE_ELIGIBLE_FILING,MOPS_EXACT,03eefb07f41df354e3fbd8bc4b5cbfa5d2a2b07650b3237629e8f87c2513620f,True
2408,2019-09-30,2019-11-08T17:09:41+08:00,2019-11-08,2019-11-11,UNKNOWN,DETERIORATING,DETERIORATING,NORMAL,INSUFFICIENT,METRIC_COVERAGE_INSUFFICIENT_ROE | METRIC_COVERAGE_INSUFFICIENT_ROIC | SECTOR_LOGIC_CYCLICAL | DETERIORATION_CORROBORATED | VALUATION_SECTOR_CYCLICAL_NORMALIZED_EPS | SIMPLIFIED_DCF_AVAILABLE | MOPS_SINGLE_ELIGIBLE_FILING,MOPS_EXACT,8d77780a0ca050307eade31d109d154ec67258d718a8b873272389030c0bd5fc,True
2408,2019-12-31,2020-02-26T18:02:54+08:00,2020-02-26,2020-02-27,UNKNOWN,DETERIORATING,DETERIORATING,HIGH,INSUFFICIENT,METRIC_COVERAGE_INSUFFICIENT_ROIC | SECTOR_LOGIC_CYCLICAL | DETERIORATION_CORROBORATED | VALUATION_SECTOR_CYCLICAL_NORMALIZED_EPS | SIMPLIFIED_DCF_AVAILABLE | MOPS_CONSOLIDATED_PREFERRED_OVER_INDIVIDUAL,MOPS_EXACT,60d9f1ad5e94d68404d4ad87b8d8c85885ec01854dd69a550836aa739fb1cd42,True
2408,2020-03-31,2020-05-06T17:30:33+08:00,2020-05-06,2020-05-07,UNKNOWN,UNKNOWN,UNKNOWN,NORMAL,INSUFFICIENT,METRIC_COVERAGE_INSUFFICIENT_ROIC | SECTOR_LOGIC_CYCLICAL | MIXED_FUNDAMENTAL_DIRECTION | VALUATION_SECTOR_CYCLICAL_NORMALIZED_EPS | SIMPLIFIED_DCF_AVAILABLE | MOPS_SINGLE_ELIGIBLE_FILING,MOPS_EXACT,dc7abfc5df2777ca9110501a3394d4ec8a42edcd9c66a083884a757c5795d34c,True
2408,2020-06-30,2020-08-06T16:31:27+08:00,2020-08-06,2020-08-07,UNKNOWN,IMPROVING,BOTTOMING,LOW,INSUFFICIENT,METRIC_COVERAGE_INSUFFICIENT_ROIC | SECTOR_LOGIC_CYCLICAL | REVENUE_CONTRACTION_NARROWING | RECOVERY_CORROBORATED | VALUATION_SECTOR_CYCLICAL_NORMALIZED_EPS | SIMPLIFIED_DCF_AVAILABLE | MOPS_SINGLE_ELIGIBLE_FILING,MOPS_EXACT,6cb15d53ec26582a2fbbcb384cb52c46982b2c095ffb531cef32432286956816,True
2408,2020-09-30,2020-11-04T16:05:03+08:00,2020-11-04,2020-11-05,UNKNOWN,IMPROVING,TURNING_UP,NORMAL,INSUFFICIENT,METRIC_COVERAGE_INSUFFICIENT_ROIC | SECTOR_LOGIC_CYCLICAL | EARLY_REVENUE_RECOVERY | RECOVERY_CORROBORATED | VALUATION_SECTOR_CYCLICAL_NORMALIZED_EPS | SIMPLIFIED_DCF_AVAILABLE | MOPS_SINGLE_ELIGIBLE_FILING,MOPS_EXACT,3403b3e004613f70d4b27b38c040ccef6494917739c1468ed38a4af98b0b864f,True
2408,2020-12-31,2021-02-26T17:28:54+08:00,2021-02-26,2021-03-02,UNKNOWN,IMPROVING,TURNING_UP,HIGH,INSUFFICIENT,METRIC_COVERAGE_INSUFFICIENT_ROIC | SECTOR_LOGIC_CYCLICAL | EARLY_REVENUE_RECOVERY | RECOVERY_CORROBORATED | VALUATION_SECTOR_CYCLICAL_NORMALIZED_EPS | SIMPLIFIED_DCF_AVAILABLE | MOPS_CONSOLIDATED_PREFERRED_OVER_INDIVIDUAL,MOPS_EXACT,7e0f363906d06c3d4931fef3cdcee1941ff06d771b818ccbd8be709b56e6ae5b,True
2408,2021-03-31,2021-05-05T16:45:33+08:00,2021-05-05,2021-05-06,UNKNOWN,UNKNOWN,UNKNOWN,HIGH,INSUFFICIENT,METRIC_COVERAGE_INSUFFICIENT_ROIC | SECTOR_LOGIC_CYCLICAL | MIXED_FUNDAMENTAL_DIRECTION | VALUATION_SECTOR_CYCLICAL_NORMALIZED_EPS | SIMPLIFIED_DCF_AVAILABLE | MOPS_SINGLE_ELIGIBLE_FILING,MOPS_EXACT,30540b34eb271d8920b24ff2dfc5f92a8832215953aaa54561791b5ec7e361de,True
2408,2021-06-30,2021-08-04T16:36:39+08:00,2021-08-04,2021-08-05,UNKNOWN,UNKNOWN,UNKNOWN,HIGH,INSUFFICIENT,METRIC_COVERAGE_INSUFFICIENT_ROIC | SECTOR_LOGIC_CYCLICAL | MIXED_FUNDAMENTAL_DIRECTION | VALUATION_SECTOR_CYCLICAL_NORMALIZED_EPS | SIMPLIFIED_DCF_AVAILABLE | MOPS_SINGLE_ELIGIBLE_FILING,MOPS_EXACT,fea0cf871df57f1cd3293d95bb0c78c93e9b8d28aa89a130db09af382232f3cf,True
2408,2021-09-30,2021-11-03T17:09:08+08:00,2021-11-03,2021-11-04,UNKNOWN,IMPROVING,TURNING_UP,HIGH,INSUFFICIENT,METRIC_COVERAGE_INSUFFICIENT_ROIC | SECTOR_LOGIC_CYCLICAL | EARLY_REVENUE_RECOVERY | RECOVERY_CORROBORATED | VALUATION_SECTOR_CYCLICAL_NORMALIZED_EPS | SIMPLIFIED_DCF_AVAILABLE | MOPS_SINGLE_ELIGIBLE_FILING,MOPS_EXACT,9025b6881f8c85d70027a47dcfe01da3ef1ec8b3c8b0fb91c611f49ed235bb16,True
2408,2021-12-31,2022-02-24T18:03:02+08:00,2022-02-24,2022-02-25,UNKNOWN,IMPROVING,TURNING_UP,HIGH,INSUFFICIENT,METRIC_COVERAGE_INSUFFICIENT_ROIC | SECTOR_LOGIC_CYCLICAL | EARLY_REVENUE_RECOVERY | RECOVERY_CORROBORATED | VALUATION_SECTOR_CYCLICAL_NORMALIZED_EPS | SIMPLIFIED_DCF_AVAILABLE | MOPS_CONSOLIDATED_PREFERRED_OVER_INDIVIDUAL,MOPS_EXACT,ae0721eb0288f7a1af429c9da77103ff9d1981dc90e64d259bd1408ec94fb619,True
2408,2022-03-31,2022-05-04T18:31:53+08:00,2022-05-04,2022-05-05,UNKNOWN,STABLE,CONFIRMED_GROWTH,HIGH,INSUFFICIENT,METRIC_COVERAGE_INSUFFICIENT_ROIC | SECTOR_LOGIC_CYCLICAL | GROWTH_CONFIRMED_THREE_PERIODS | VALUATION_SECTOR_CYCLICAL_NORMALIZED_EPS | SIMPLIFIED_DCF_AVAILABLE | MOPS_SINGLE_ELIGIBLE_FILING,MOPS_EXACT,5f6dfb5bea071e5f6ac38287acd22d3549822162bebf5d9185b5bf9a43a2dbd2,True
2408,2022-06-30,2022-08-03T17:42:38+08:00,2022-08-03,2022-08-04,UNKNOWN,STABLE,CONFIRMED_GROWTH,NORMAL,INSUFFICIENT,METRIC_COVERAGE_INSUFFICIENT_ROIC | SECTOR_LOGIC_CYCLICAL | GROWTH_CONFIRMED_THREE_PERIODS | VALUATION_SECTOR_CYCLICAL_NORMALIZED_EPS | SIMPLIFIED_DCF_AVAILABLE | MOPS_SINGLE_ELIGIBLE_FILING,MOPS_EXACT,9f15aafb391c764c8dcd5a54917622ee9b370ecfeeb871a123868f79f5765b54,True
2408,2022-09-30,2022-11-02T17:17:51+08:00,2022-11-02,2022-11-03,UNKNOWN,DETERIORATING,DETERIORATING,NORMAL,INSUFFICIENT,METRIC_COVERAGE_INSUFFICIENT_ROIC | SECTOR_LOGIC_CYCLICAL | DETERIORATION_CORROBORATED | VALUATION_SECTOR_CYCLICAL_NORMALIZED_EPS | SIMPLIFIED_DCF_AVAILABLE | MOPS_SINGLE_ELIGIBLE_FILING,MOPS_EXACT,9a6fc16712c31a9e44b70b425373e2fe6465db747227708b837df1722942c100,True
2408,2022-12-31,2023-02-22T17:32:01+08:00,2023-02-22,2023-02-23,UNKNOWN,DETERIORATING,DETERIORATING,HIGH,INSUFFICIENT,METRIC_COVERAGE_INSUFFICIENT_ROIC | SECTOR_LOGIC_CYCLICAL | DETERIORATION_CORROBORATED | VALUATION_SECTOR_CYCLICAL_NORMALIZED_EPS | SIMPLIFIED_DCF_AVAILABLE | MOPS_CONSOLIDATED_PREFERRED_OVER_INDIVIDUAL,MOPS_EXACT,625948e94af6186c6177f799ded72e0b385f47dfe23fcff6d31e285bec72ddb3,True
2408,2023-03-31,2023-05-03T19:33:59+08:00,2023-05-03,2023-05-04,UNKNOWN,DETERIORATING,DETERIORATING,HIGH,INSUFFICIENT,METRIC_COVERAGE_INSUFFICIENT_ROIC | SECTOR_LOGIC_CYCLICAL | DETERIORATION_CORROBORATED | VALUATION_SECTOR_CYCLICAL_NORMALIZED_EPS | SIMPLIFIED_DCF_NOT_APPLICABLE | MOPS_SINGLE_ELIGIBLE_FILING,MOPS_EXACT,f929af1df5bd14ef45738b714858be6cc2993d7d98d25aeaa442452b29d2f0ca,True
2408,2023-06-30,2023-08-02T18:29:23+08:00,2023-08-02,2023-08-04,UNKNOWN,DETERIORATING,DETERIORATING,HIGH,INSUFFICIENT,METRIC_COVERAGE_INSUFFICIENT_ROIC | SECTOR_LOGIC_CYCLICAL | DETERIORATION_CORROBORATED | VALUATION_SECTOR_CYCLICAL_NORMALIZED_EPS | SIMPLIFIED_DCF_NOT_APPLICABLE | MOPS_SINGLE_ELIGIBLE_FILING,MOPS_EXACT,d1f0594ce4eb4573838b5d26069e68401913676d5bbf77d248a22e13640fce91,True
2408,2023-09-30,2023-11-08T16:25:16+08:00,2023-11-08,2023-11-09,UNKNOWN,UNKNOWN,UNKNOWN,HIGH,INSUFFICIENT,METRIC_COVERAGE_INSUFFICIENT_ROIC | SECTOR_LOGIC_CYCLICAL | MIXED_FUNDAMENTAL_DIRECTION | VALUATION_SECTOR_CYCLICAL_NORMALIZED_EPS | SIMPLIFIED_DCF_NOT_APPLICABLE | MOPS_SINGLE_ELIGIBLE_FILING,MOPS_EXACT,71aa54ad03ba35afed3efb1f0430e5904abacf8473243bde176a795d7d1c6e49,True
2408,2023-12-31,2024-02-23T18:27:43+08:00,2024-02-23,2024-02-26,UNKNOWN,UNKNOWN,UNKNOWN,HIGH,INSUFFICIENT,METRIC_COVERAGE_INSUFFICIENT_ROIC | SECTOR_LOGIC_CYCLICAL | MIXED_FUNDAMENTAL_DIRECTION | VALUATION_SECTOR_CYCLICAL_NORMALIZED_EPS | SIMPLIFIED_DCF_NOT_APPLICABLE | MOPS_CONSOLIDATED_PREFERRED_OVER_INDIVIDUAL,MOPS_EXACT,8bbe75c78647f8bec3dd22af1dc5bd53fddbf7ce8ba54c1282d55b87c1bd5a21,True
2408,2024-03-31,2024-05-09T18:42:18+08:00,2024-05-09,2024-05-10,UNKNOWN,UNKNOWN,UNKNOWN,HIGH,INSUFFICIENT,METRIC_COVERAGE_INSUFFICIENT_ROIC | SECTOR_LOGIC_CYCLICAL | MIXED_FUNDAMENTAL_DIRECTION | VALUATION_SECTOR_CYCLICAL_NORMALIZED_EPS | SIMPLIFIED_DCF_NOT_APPLICABLE | MOPS_SINGLE_ELIGIBLE_FILING,MOPS_EXACT,d550b4ebd50bf042365d3986517632378b7073d4b4c3ed9db566187976e84cbc,True
2408,2024-06-30,2024-08-02T17:24:25+08:00,2024-08-02,2024-08-05,UNKNOWN,IMPROVING,TURNING_UP,HIGH,INSUFFICIENT,METRIC_COVERAGE_INSUFFICIENT_ROIC | SECTOR_LOGIC_CYCLICAL | EARLY_REVENUE_RECOVERY | RECOVERY_CORROBORATED | VALUATION_SECTOR_CYCLICAL_NORMALIZED_EPS | SIMPLIFIED_DCF_NOT_APPLICABLE | MOPS_SINGLE_ELIGIBLE_FILING,MOPS_EXACT,270473814b0c40edf1f1595bf40397f857fe431306f6d55bd88115084568d7df,True
2408,2024-09-30,2024-11-06T17:25:40+08:00,2024-11-06,2024-11-07,UNKNOWN,IMPROVING,TURNING_UP,HIGH,INSUFFICIENT,METRIC_COVERAGE_INSUFFICIENT_ROIC | SECTOR_LOGIC_CYCLICAL | EARLY_REVENUE_RECOVERY | RECOVERY_CORROBORATED | VALUATION_SECTOR_CYCLICAL_NORMALIZED_EPS | SIMPLIFIED_DCF_NOT_APPLICABLE | MOPS_SINGLE_ELIGIBLE_FILING,MOPS_EXACT,8410ebc6633d688c6a52001a3b4e97c5eccb9668ee0d38ddbeec8724e406fce3,True
2408,2024-12-31,2025-02-26T17:32:39+08:00,2025-02-26,2025-02-27,UNKNOWN,UNKNOWN,UNKNOWN,HIGH,INSUFFICIENT,METRIC_COVERAGE_INSUFFICIENT_ROIC | SECTOR_LOGIC_CYCLICAL | MIXED_FUNDAMENTAL_DIRECTION | VALUATION_SECTOR_CYCLICAL_NORMALIZED_EPS | SIMPLIFIED_DCF_NOT_APPLICABLE | MOPS_CONSOLIDATED_PREFERRED_OVER_INDIVIDUAL,MOPS_EXACT,555911e4182ede345d855958c4943c09a644370e1ce4b0fc23742258ca434be6,True
2408,2025-03-31,2025-05-02T16:52:30+08:00,2025-05-02,2025-05-05,UNKNOWN,UNKNOWN,UNKNOWN,HIGH,INSUFFICIENT,METRIC_COVERAGE_INSUFFICIENT_ROIC | SECTOR_LOGIC_CYCLICAL | MIXED_FUNDAMENTAL_DIRECTION | VALUATION_SECTOR_CYCLICAL_NORMALIZED_EPS | SIMPLIFIED_DCF_NOT_APPLICABLE | MOPS_SINGLE_ELIGIBLE_FILING,MOPS_EXACT,80e6b928c28c7951ddf7c33c44ae324f6f3289aa59ffd9299941817f3d813274,True
2408,2025-06-30,2025-08-07T17:05:49+08:00,2025-08-07,2025-08-08,UNKNOWN,UNKNOWN,UNKNOWN,HIGH,INSUFFICIENT,METRIC_COVERAGE_INSUFFICIENT_ROIC | SECTOR_LOGIC_CYCLICAL | MIXED_FUNDAMENTAL_DIRECTION | VALUATION_SECTOR_CYCLICAL_NORMALIZED_EPS | SIMPLIFIED_DCF_NOT_APPLICABLE | MOPS_SINGLE_ELIGIBLE_FILING,MOPS_EXACT,e9d5e457e34ed9eb15521692d29de3a4171f3c903c887d7109715e1b087cf4df,True
2408,2025-09-30,2025-11-04T16:51:26+08:00,2025-11-04,2025-11-05,UNKNOWN,UNKNOWN,UNKNOWN,HIGH,INSUFFICIENT,METRIC_COVERAGE_INSUFFICIENT_ROIC | SECTOR_LOGIC_CYCLICAL | MIXED_FUNDAMENTAL_DIRECTION | VALUATION_SECTOR_CYCLICAL_NORMALIZED_EPS | SIMPLIFIED_DCF_NOT_APPLICABLE | MOPS_SINGLE_ELIGIBLE_FILING,MOPS_EXACT,9acc48718e8d1cff4c16be04ef53aec3a7ea67c39923093d1c41b96ddafa79b2,True
2408,2025-12-31,2026-03-04T16:16:51+08:00,2026-03-04,2026-03-05,UNKNOWN,UNKNOWN,UNKNOWN,HIGH,INSUFFICIENT,METRIC_COVERAGE_INSUFFICIENT_ROIC | SECTOR_LOGIC_CYCLICAL | MIXED_FUNDAMENTAL_DIRECTION | VALUATION_SECTOR_CYCLICAL_NORMALIZED_EPS | CYCLICAL_LOW_PE_TRAP_RISK | SIMPLIFIED_DCF_AVAILABLE | MOPS_CONSOLIDATED_PREFERRED_OVER_INDIVIDUAL,MOPS_EXACT,94bfaaf33139c51a4ce8ccd01b00c6600486a16cebf040fbc84e8d7ee208c1be,True
2408,2026-03-31,2026-05-06T18:22:05+08:00,2026-05-06,2026-05-07,UNKNOWN,UNKNOWN,UNKNOWN,HIGH,INSUFFICIENT,METRIC_COVERAGE_INSUFFICIENT_ROIC | SECTOR_LOGIC_CYCLICAL | MIXED_FUNDAMENTAL_DIRECTION | VALUATION_SECTOR_CYCLICAL_NORMALIZED_EPS | CYCLICAL_LOW_PE_TRAP_RISK | SIMPLIFIED_DCF_AVAILABLE | MOPS_SINGLE_ELIGIBLE_FILING,MOPS_EXACT,235d997784957558fd725c90a4c134fb35521ad9c06124b1221cd71178460246,True
2408,2026-06-30,2026-08-05T18:01:31+08:00,2026-08-05,2026-08-06,UNKNOWN,UNKNOWN,UNKNOWN,HIGH,INSUFFICIENT,METRIC_COVERAGE_INSUFFICIENT_ROIC | SECTOR_LOGIC_CYCLICAL | MIXED_FUNDAMENTAL_DIRECTION | VALUATION_SECTOR_CYCLICAL_NORMALIZED_EPS | CYCLICAL_LOW_PE_TRAP_RISK | SIMPLIFIED_DCF_AVAILABLE | MOPS_SINGLE_ELIGIBLE_FILING,MOPS_EXACT,bbdea14fc7e069d75ccf72c7d35301ec317763466c9274fccb9cbb8e38206edd,True
2412,2016-03-31,2016-05-11T14:28:12+08:00,2016-05-11,2016-05-12,UNKNOWN,UNKNOWN,UNKNOWN,N/M,INSUFFICIENT,QUALITY_HISTORY_INSUFFICIENT | STATE_HISTORY_INSUFFICIENT | VALUATION_HISTORY_INSUFFICIENT | SIMPLIFIED_DCF_NOT_APPLICABLE | MOPS_SINGLE_ELIGIBLE_FILING,MOPS_EXACT,a9fdc04279aa279fcb65b9931a26ef2c608b65f2592b14aa90fc00750b9c8e51,True
2412,2016-06-30,2016-08-09T19:54:32+08:00,2016-08-09,2016-08-10,UNKNOWN,UNKNOWN,UNKNOWN,HIGH,INSUFFICIENT,QUALITY_HISTORY_INSUFFICIENT | STATE_HISTORY_INSUFFICIENT | HISTORICAL_VALUATION_HIGH | SIMPLIFIED_DCF_NOT_APPLICABLE | MOPS_SINGLE_ELIGIBLE_FILING,MOPS_EXACT,c5fba501f01fdbc42129a12b6176742627ee402d3d8be6b2fd5a3557fcdaffa7,True
2412,2016-09-30,2016-11-11T14:35:50+08:00,2016-11-11,2016-11-14,UNKNOWN,UNKNOWN,UNKNOWN,NORMAL,INSUFFICIENT,QUALITY_HISTORY_INSUFFICIENT | STATE_HISTORY_INSUFFICIENT | HISTORICAL_VALUATION_NORMAL | SIMPLIFIED_DCF_NOT_APPLICABLE | MOPS_SINGLE_ELIGIBLE_FILING,MOPS_EXACT,5f224c217df0d450df60833a9c373abe6cd4d0469e17bccc128c3995a49f80f4,True
2412,2016-12-31,2017-03-08T14:32:26+08:00,2017-03-08,2017-03-09,UNKNOWN,UNKNOWN,UNKNOWN,NORMAL,INSUFFICIENT,QUALITY_HISTORY_INSUFFICIENT | STATE_HISTORY_INSUFFICIENT | HISTORICAL_VALUATION_NORMAL | SIMPLIFIED_DCF_AVAILABLE | MOPS_CONSOLIDATED_PREFERRED_OVER_INDIVIDUAL,MOPS_EXACT,9d39a9d211507ba0887333d6ef0525fe64741cb19ce40eb4f3b2b80e4295fe2c,True
2412,2017-03-31,2017-05-09T14:35:39+08:00,2017-05-09,2017-05-10,UNKNOWN,UNKNOWN,UNKNOWN,NORMAL,INSUFFICIENT,QUALITY_HISTORY_INSUFFICIENT | STATE_HISTORY_INSUFFICIENT | HISTORICAL_VALUATION_NORMAL | SIMPLIFIED_DCF_AVAILABLE | MOPS_SINGLE_ELIGIBLE_FILING,MOPS_EXACT,aabd412189c50772eff13c4ac4ed1d8a2adcfe2277c7325b37dba420a87a05cf,True
2412,2017-06-30,2017-08-09T14:36:36+08:00,2017-08-09,2017-08-10,UNKNOWN,UNKNOWN,UNKNOWN,NORMAL,INSUFFICIENT,QUALITY_HISTORY_INSUFFICIENT | STATE_HISTORY_INSUFFICIENT | HISTORICAL_VALUATION_NORMAL | SIMPLIFIED_DCF_AVAILABLE | MOPS_SINGLE_ELIGIBLE_FILING,MOPS_EXACT,f62bc9e237dcdc58a0fce5dc549f8c0e4eb9db6fe6cbdfb42187f00fbb5ea701,True
2412,2017-09-30,2017-11-07T14:31:28+08:00,2017-11-07,2017-11-08,UNKNOWN,UNKNOWN,UNKNOWN,NORMAL,INSUFFICIENT,QUALITY_HISTORY_INSUFFICIENT | STATE_HISTORY_INSUFFICIENT | HISTORICAL_VALUATION_NORMAL | SIMPLIFIED_DCF_AVAILABLE | MOPS_SINGLE_ELIGIBLE_FILING,MOPS_EXACT,df75fee36e01111c7c79f74a84ab9c1b0a9b932ef323ab5326cb3eda12dfca60,True
2412,2017-12-31,2018-03-14T14:34:50+08:00,2018-03-14,2018-03-15,UNKNOWN,UNKNOWN,UNKNOWN,NORMAL,INSUFFICIENT,QUALITY_HISTORY_INSUFFICIENT | STATE_HISTORY_INSUFFICIENT | HISTORICAL_VALUATION_NORMAL | SIMPLIFIED_DCF_AVAILABLE | MOPS_CONSOLIDATED_PREFERRED_OVER_INDIVIDUAL,MOPS_EXACT,5d51b4195bbebdb622d3468c5ef30bd8f32189b19c3c1fe619c5802d50ca1839,True
2412,2018-03-31,2018-05-04T14:31:57+08:00,2018-05-04,2018-05-07,UNKNOWN,UNKNOWN,UNKNOWN,NORMAL,INSUFFICIENT,QUALITY_HISTORY_INSUFFICIENT | STATE_HISTORY_INSUFFICIENT | HISTORICAL_VALUATION_NORMAL | SIMPLIFIED_DCF_AVAILABLE | MOPS_SINGLE_ELIGIBLE_FILING,MOPS_EXACT,a8063cb0cc7c35b9102b1f11ad55d124b6eb0017c11702b064d3b022c963a1d1,True
2412,2018-06-30,2018-08-08T14:31:29+08:00,2018-08-08,2018-08-09,UNKNOWN,UNKNOWN,UNKNOWN,NORMAL,INSUFFICIENT,QUALITY_HISTORY_INSUFFICIENT | STATE_HISTORY_INSUFFICIENT | HISTORICAL_VALUATION_NORMAL | SIMPLIFIED_DCF_AVAILABLE | MOPS_SINGLE_ELIGIBLE_FILING,MOPS_EXACT,bb9aaaf3c45da6fa85b822680c12d0af77c3be3aee702bf95ce7b349ab62c54c,True
2412,2018-09-30,2018-11-07T14:31:25+08:00,2018-11-07,2018-11-08,UNKNOWN,DETERIORATING,DETERIORATING,NORMAL,INSUFFICIENT,QUALITY_HISTORY_INSUFFICIENT | DETERIORATION_CORROBORATED | HISTORICAL_VALUATION_NORMAL | SIMPLIFIED_DCF_AVAILABLE | MOPS_SINGLE_ELIGIBLE_FILING,MOPS_EXACT,f0f5dcd160e75fc2098d61713e1e48fc56beba4765a51456be72fa9fa1a4f880,True
2412,2018-12-31,2019-03-20T14:31:10+08:00,2019-03-20,2019-03-21,UNKNOWN,DETERIORATING,DETERIORATING,NORMAL,INSUFFICIENT,METRIC_COVERAGE_INSUFFICIENT_TTM_REVENUE | METRIC_COVERAGE_INSUFFICIENT_TTM_EPS | METRIC_COVERAGE_INSUFFICIENT_ROE | METRIC_COVERAGE_INSUFFICIENT_ROIC | DETERIORATION_CORROBORATED | HISTORICAL_VALUATION_NORMAL | SIMPLIFIED_DCF_AVAILABLE | MOPS_CONSOLIDATED_PREFERRED_OVER_INDIVIDUAL,MOPS_EXACT,83e2de6b3d6f17daa5b55830ff671ecc820a851ada28543af59d522f4b44005f,True
2412,2019-03-31,2019-05-09T14:31:18+08:00,2019-05-09,2019-05-10,UNKNOWN,UNKNOWN,UNKNOWN,NORMAL,INSUFFICIENT,METRIC_COVERAGE_INSUFFICIENT_TTM_REVENUE | METRIC_COVERAGE_INSUFFICIENT_TTM_EPS | METRIC_COVERAGE_INSUFFICIENT_ROE | METRIC_COVERAGE_INSUFFICIENT_ROIC | MIXED_FUNDAMENTAL_DIRECTION | HISTORICAL_VALUATION_NORMAL | SIMPLIFIED_DCF_AVAILABLE | MOPS_SINGLE_ELIGIBLE_FILING,MOPS_EXACT,a6b3911ad3cef90506a0b0d6fae8fffcba52994284ff1145beb84594a3cfae4f,True
2412,2019-06-30,2019-08-14T14:32:46+08:00,2019-08-14,2019-08-15,UNKNOWN,DETERIORATING,DETERIORATING,NORMAL,INSUFFICIENT,METRIC_COVERAGE_INSUFFICIENT_TTM_REVENUE | METRIC_COVERAGE_INSUFFICIENT_TTM_EPS | METRIC_COVERAGE_INSUFFICIENT_ROE | METRIC_COVERAGE_INSUFFICIENT_ROIC | DETERIORATION_CORROBORATED | HISTORICAL_VALUATION_NORMAL | SIMPLIFIED_DCF_AVAILABLE | MOPS_SINGLE_ELIGIBLE_FILING,MOPS_EXACT,f6e1e3cc5487a8dbaacaf70908dbea9058886a76f2112d9da5ef3ff24116641d,True
2412,2019-09-30,2019-11-14T14:31:15+08:00,2019-11-14,2019-11-15,UNKNOWN,UNKNOWN,UNKNOWN,HIGH,INSUFFICIENT,METRIC_COVERAGE_INSUFFICIENT_ROE | METRIC_COVERAGE_INSUFFICIENT_ROIC | MIXED_FUNDAMENTAL_DIRECTION | HISTORICAL_VALUATION_HIGH | SIMPLIFIED_DCF_AVAILABLE | MOPS_SINGLE_ELIGIBLE_FILING,MOPS_EXACT,0ac1b64b81b17e7b599955f484ddcdbccbd508b258ce72f206fb819783eb0c9b,True
2412,2019-12-31,2020-02-27T14:45:12+08:00,2020-02-27,2020-03-02,ACCEPTABLE,UNKNOWN,UNKNOWN,NORMAL,OK,PROFITABILITY_DURABLE | GROWTH_DURABLE_NOT_ESTABLISHED | CASH_CONVERSION_SUPPORTED | BALANCE_SHEET_RESILIENT | INTEREST_COVERAGE_SUPPORTED | MIXED_FUNDAMENTAL_DIRECTION | HISTORICAL_VALUATION_NORMAL | SIMPLIFIED_DCF_AVAILABLE | MOPS_CONSOLIDATED_PREFERRED_OVER_INDIVIDUAL,MOPS_EXACT,2814aa9c483be115884d43247a04c4869102b06aab0326932899f109b3a22efd,True
2412,2020-03-31,2020-05-07T14:31:09+08:00,2020-05-07,2020-05-08,ACCEPTABLE,UNKNOWN,UNKNOWN,NORMAL,OK,PROFITABILITY_DURABLE | GROWTH_DURABLE_NOT_ESTABLISHED | CASH_CONVERSION_SUPPORTED | BALANCE_SHEET_RESILIENT | INTEREST_COVERAGE_SUPPORTED | MIXED_FUNDAMENTAL_DIRECTION | HISTORICAL_VALUATION_NORMAL | SIMPLIFIED_DCF_AVAILABLE | MOPS_SINGLE_ELIGIBLE_FILING,MOPS_EXACT,c0f2aa615acc50616d0a10c3f47ebcf256157c0e05e1d41cf6e4a37da5e3be4c,True
2412,2020-06-30,2020-08-06T14:34:35+08:00,2020-08-06,2020-08-07,WEAK,UNKNOWN,UNKNOWN,HIGH,OK,PROFITABILITY_DURABLE_NOT_ESTABLISHED | GROWTH_DURABLE_NOT_ESTABLISHED | CASH_CONVERSION_SUPPORTED | BALANCE_SHEET_RESILIENT | INTEREST_COVERAGE_SUPPORTED | MIXED_FUNDAMENTAL_DIRECTION | HISTORICAL_VALUATION_HIGH | SIMPLIFIED_DCF_AVAILABLE | MOPS_SINGLE_ELIGIBLE_FILING,MOPS_EXACT,9edeb1a0c6a1ef7abc4e32ebd60d3e8addb1cd23ff30f30d6ec60cdcb033f2bf,True
2412,2020-09-30,2020-11-06T17:42:38+08:00,2020-11-06,2020-11-09,WEAK,IMPROVING,BOTTOMING,HIGH,OK,PROFITABILITY_DURABLE_NOT_ESTABLISHED | GROWTH_DURABLE_NOT_ESTABLISHED | CASH_CONVERSION_SUPPORTED | BALANCE_SHEET_RESILIENT_NOT_ESTABLISHED | INTEREST_COVERAGE_NOT_ESTABLISHED | REVENUE_CONTRACTION_NARROWING | RECOVERY_CORROBORATED | HISTORICAL_VALUATION_HIGH | SIMPLIFIED_DCF_AVAILABLE | MOPS_SINGLE_ELIGIBLE_FILING,MOPS_EXACT,0959ccf9570d7b9d1fd3adae021f7b83d28f577803e2d7bd3108c1d2b2a54dca,True
2412,2020-12-31,2021-02-24T14:32:06+08:00,2021-02-24,2021-02-25,WEAK,IMPROVING,TURNING_UP,NORMAL,OK,PROFITABILITY_DURABLE_NOT_ESTABLISHED | GROWTH_DURABLE_NOT_ESTABLISHED | CASH_CONVERSION_SUPPORTED | BALANCE_SHEET_RESILIENT | INTEREST_COVERAGE_SUPPORTED | EARLY_REVENUE_RECOVERY | RECOVERY_CORROBORATED | HISTORICAL_VALUATION_NORMAL | SIMPLIFIED_DCF_AVAILABLE | MOPS_CONSOLIDATED_PREFERRED_OVER_INDIVIDUAL,MOPS_EXACT,b8ba9af3575880ffff4dc0311608a799d96a3a4c8fca861a284cb36ad608dd13,True
2412,2021-03-31,2021-05-07T14:31:36+08:00,2021-05-07,2021-05-10,WEAK,IMPROVING,TURNING_UP,NORMAL,OK,PROFITABILITY_DURABLE_NOT_ESTABLISHED | GROWTH_DURABLE_NOT_ESTABLISHED | CASH_CONVERSION_SUPPORTED | BALANCE_SHEET_RESILIENT | INTEREST_COVERAGE_SUPPORTED | EARLY_REVENUE_RECOVERY | RECOVERY_CORROBORATED | HISTORICAL_VALUATION_NORMAL | SIMPLIFIED_DCF_AVAILABLE | MOPS_SINGLE_ELIGIBLE_FILING,MOPS_EXACT,611d61630d90046faf8926894806184a6899559e2b89c2f2a15296af06fb3a08,True
2412,2021-06-30,2021-08-06T14:32:17+08:00,2021-08-06,2021-08-09,WEAK,IMPROVING,TURNING_UP,HIGH,OK,PROFITABILITY_DURABLE_NOT_ESTABLISHED | GROWTH_DURABLE_NOT_ESTABLISHED | CASH_CONVERSION_SUPPORTED | BALANCE_SHEET_RESILIENT | INTEREST_COVERAGE_SUPPORTED | EARLY_REVENUE_RECOVERY | RECOVERY_CORROBORATED | HISTORICAL_VALUATION_HIGH | SIMPLIFIED_DCF_AVAILABLE | MOPS_SINGLE_ELIGIBLE_FILING,MOPS_EXACT,655d46d7abae212cfc5ba7fdc8378f5f344a1fd9d46a01be32ac733a716a0481,True
2412,2021-09-30,2021-11-05T19:11:29+08:00,2021-11-05,2021-11-08,WEAK,STABLE,CONFIRMED_GROWTH,NORMAL,OK,PROFITABILITY_DURABLE_NOT_ESTABLISHED | GROWTH_DURABLE_NOT_ESTABLISHED | CASH_CONVERSION_SUPPORTED | BALANCE_SHEET_RESILIENT_NOT_ESTABLISHED | INTEREST_COVERAGE_NOT_ESTABLISHED | GROWTH_CONFIRMED_THREE_PERIODS | HISTORICAL_VALUATION_NORMAL | SIMPLIFIED_DCF_AVAILABLE | MOPS_SINGLE_ELIGIBLE_FILING,MOPS_EXACT,9d46230cf7bfc04c66b1d39484d5deba0ff5e80f8549a528bb1100ab0433cab1,True
2412,2021-12-31,2022-02-24T14:43:06+08:00,2022-02-24,2022-02-25,WEAK,STABLE,CONFIRMED_GROWTH,HIGH,OK,PROFITABILITY_DURABLE_NOT_ESTABLISHED | GROWTH_DURABLE_NOT_ESTABLISHED | CASH_CONVERSION_SUPPORTED | BALANCE_SHEET_RESILIENT | INTEREST_COVERAGE_SUPPORTED | GROWTH_CONFIRMED_THREE_PERIODS | HISTORICAL_VALUATION_HIGH | SIMPLIFIED_DCF_AVAILABLE | MOPS_CONSOLIDATED_PREFERRED_OVER_INDIVIDUAL,MOPS_EXACT,2e82787e1c422183ba7e92cd7f30d49004d1ff784b38b9869947710dfe2977d0,True
2412,2022-03-31,2022-05-06T14:32:10+08:00,2022-05-06,2022-05-09,WEAK,STABLE,CONFIRMED_GROWTH,HIGH,OK,PROFITABILITY_DURABLE_NOT_ESTABLISHED | GROWTH_DURABLE_NOT_ESTABLISHED | CASH_CONVERSION_SUPPORTED | BALANCE_SHEET_RESILIENT | INTEREST_COVERAGE_SUPPORTED | GROWTH_CONFIRMED_THREE_PERIODS | HISTORICAL_VALUATION_HIGH | SIMPLIFIED_DCF_AVAILABLE | MOPS_SINGLE_ELIGIBLE_FILING,MOPS_EXACT,6f3d3802f9f77b17749d53bcaf733b1d678c3c918f38c3ad5d0da55256d2c844,True
2412,2022-06-30,2022-08-05T18:55:33+08:00,2022-08-05,2022-08-08,WEAK,STABLE,CONFIRMED_GROWTH,HIGH,OK,PROFITABILITY_DURABLE_NOT_ESTABLISHED | GROWTH_DURABLE_NOT_ESTABLISHED | CASH_CONVERSION_SUPPORTED | BALANCE_SHEET_RESILIENT | INTEREST_COVERAGE_SUPPORTED | GROWTH_CONFIRMED_THREE_PERIODS | HISTORICAL_VALUATION_HIGH | SIMPLIFIED_DCF_AVAILABLE | MOPS_SINGLE_ELIGIBLE_FILING,MOPS_EXACT,a79c544568753ad6f03adc8c214920f47a7de4c6989a08df583043b2e22c25c5,True
2412,2022-09-30,2022-11-04T14:58:14+08:00,2022-11-04,2022-11-07,WEAK,IMPROVING,TURNING_UP,NORMAL,OK,PROFITABILITY_DURABLE_NOT_ESTABLISHED | GROWTH_DURABLE_NOT_ESTABLISHED | CASH_CONVERSION_SUPPORTED | BALANCE_SHEET_RESILIENT | INTEREST_COVERAGE_SUPPORTED | EARLY_REVENUE_RECOVERY | RECOVERY_CORROBORATED | HISTORICAL_VALUATION_NORMAL | SIMPLIFIED_DCF_AVAILABLE | MOPS_SINGLE_ELIGIBLE_FILING,MOPS_EXACT,271ddf57cdf8802021c55d5bd1c2a073216bc9bc977eace3f7ff02c35221fab5,True
2412,2022-12-31,2023-02-24T17:22:01+08:00,2023-02-24,2023-03-01,WEAK,STABLE,MATURE_GROWTH,NORMAL,OK,PROFITABILITY_DURABLE_NOT_ESTABLISHED | GROWTH_DURABLE_NOT_ESTABLISHED | CASH_CONVERSION_SUPPORTED | BALANCE_SHEET_RESILIENT | INTEREST_COVERAGE_SUPPORTED | SUSTAINED_GROWTH_EIGHT_PERIODS | HISTORICAL_VALUATION_NORMAL | SIMPLIFIED_DCF_AVAILABLE | MOPS_CONSOLIDATED_PREFERRED_OVER_INDIVIDUAL,MOPS_EXACT,72bd3c37457f2a2ea27729a7ebcb1c6453dd4576bf90de112436bedaad4002d3,True
2412,2023-03-31,2023-05-11T14:44:20+08:00,2023-05-11,2023-05-12,WEAK,STABLE,MATURE_GROWTH,HIGH,OK,PROFITABILITY_DURABLE_NOT_ESTABLISHED | GROWTH_DURABLE_NOT_ESTABLISHED | CASH_CONVERSION_SUPPORTED | BALANCE_SHEET_RESILIENT | INTEREST_COVERAGE_SUPPORTED | SUSTAINED_GROWTH_EIGHT_PERIODS | HISTORICAL_VALUATION_HIGH | SIMPLIFIED_DCF_AVAILABLE | MOPS_SINGLE_ELIGIBLE_FILING,MOPS_EXACT,9427eda02d63f4c0eee15a2dd09872583be76d7838c827e624faa59bd291fe6a,True
2412,2023-06-30,2023-08-10T14:51:31+08:00,2023-08-10,2023-08-11,WEAK,STABLE,MATURE_GROWTH,NORMAL,OK,PROFITABILITY_DURABLE_NOT_ESTABLISHED | GROWTH_DURABLE_NOT_ESTABLISHED | CASH_CONVERSION_SUPPORTED | BALANCE_SHEET_RESILIENT | INTEREST_COVERAGE_SUPPORTED | SUSTAINED_GROWTH_EIGHT_PERIODS | HISTORICAL_VALUATION_NORMAL | SIMPLIFIED_DCF_AVAILABLE | MOPS_SINGLE_ELIGIBLE_FILING,MOPS_EXACT,9c8e03480589b7323eb318afb7765aa4df70cc11b735e4f71edda2c03963bec8,True
2412,2023-09-30,2023-11-09T14:34:01+08:00,2023-11-09,2023-11-10,WEAK,STABLE,DECELERATING,NORMAL,OK,PROFITABILITY_DURABLE_NOT_ESTABLISHED | GROWTH_DURABLE_NOT_ESTABLISHED | CASH_CONVERSION_SUPPORTED | BALANCE_SHEET_RESILIENT | INTEREST_COVERAGE_SUPPORTED | POSITIVE_GROWTH_DECELERATING | HISTORICAL_VALUATION_NORMAL | SIMPLIFIED_DCF_AVAILABLE | MOPS_SINGLE_ELIGIBLE_FILING,MOPS_EXACT,65911c6651aff132dc0ec630cc2229c7c680a80043f719d6e16418cb41abfdc5,True
2412,2023-12-31,2024-02-23T17:57:12+08:00,2024-02-23,2024-02-26,WEAK,STABLE,MATURE_GROWTH,NORMAL,PARTIAL,PROFITABILITY_DURABLE_NOT_ESTABLISHED | GROWTH_DURABLE_NOT_ESTABLISHED | CASH_CONVERSION_SUPPORTED | BALANCE_SHEET_RESILIENT | INTEREST_COVERAGE_SUPPORTED | SUSTAINED_GROWTH_EIGHT_PERIODS | HISTORICAL_VALUATION_NORMAL | SIMPLIFIED_DCF_AVAILABLE | MOPS_CONSOLIDATED_PREFERRED_OVER_INDIVIDUAL,MOPS_EXACT,da942b6cd92a712647721c4504c0fb7e1b0a5e7453622219216eb277557adc65,True
2412,2024-03-31,2024-05-10T15:28:22+08:00,2024-05-10,2024-05-13,WEAK,UNKNOWN,UNKNOWN,HIGH,OK,PROFITABILITY_DURABLE_NOT_ESTABLISHED | GROWTH_DURABLE | CASH_CONVERSION_SUPPORTED | BALANCE_SHEET_RESILIENT | INTEREST_COVERAGE_SUPPORTED | MIXED_FUNDAMENTAL_DIRECTION | HISTORICAL_VALUATION_HIGH | SIMPLIFIED_DCF_AVAILABLE | MOPS_SINGLE_ELIGIBLE_FILING,MOPS_EXACT,616903201afed5194f2a84cf1e6650ac30a16b2c41ea14a090daa1bc55549511,True
2412,2024-06-30,2024-08-09T16:52:52+08:00,2024-08-09,2024-08-12,WEAK,DETERIORATING,DETERIORATING,NORMAL,OK,PROFITABILITY_DURABLE_NOT_ESTABLISHED | GROWTH_DURABLE_NOT_ESTABLISHED | CASH_CONVERSION_SUPPORTED | BALANCE_SHEET_RESILIENT_NOT_ESTABLISHED | INTEREST_COVERAGE_NOT_ESTABLISHED | DETERIORATION_CORROBORATED | HISTORICAL_VALUATION_NORMAL | SIMPLIFIED_DCF_AVAILABLE | MOPS_SINGLE_ELIGIBLE_FILING,MOPS_EXACT,42a3edfeddd03f5bd2b863c44dee6a4936a5194af8ba528ae86651feeabc041d,True
2412,2024-09-30,2024-11-08T16:35:32+08:00,2024-11-08,2024-11-11,WEAK,UNKNOWN,UNKNOWN,HIGH,PARTIAL,PROFITABILITY_DURABLE_NOT_ESTABLISHED | GROWTH_DURABLE | CASH_CONVERSION_SUPPORTED | BALANCE_SHEET_RESILIENT | INTEREST_COVERAGE_SUPPORTED | MIXED_FUNDAMENTAL_DIRECTION | HISTORICAL_VALUATION_HIGH | SIMPLIFIED_DCF_AVAILABLE | MOPS_SINGLE_ELIGIBLE_FILING,MOPS_EXACT,16fac87b6f41fd718a88081396dab11a27005adf13ddeadfeb3e3576d4e624fa,True
2412,2024-12-31,2025-02-27T14:35:03+08:00,2025-02-27,2025-03-03,WEAK,IMPROVING,TURNING_UP,HIGH,OK,PROFITABILITY_DURABLE_NOT_ESTABLISHED | GROWTH_DURABLE | CASH_CONVERSION_SUPPORTED | BALANCE_SHEET_RESILIENT | INTEREST_COVERAGE_SUPPORTED | EARLY_REVENUE_RECOVERY | RECOVERY_CORROBORATED | HISTORICAL_VALUATION_HIGH | SIMPLIFIED_DCF_AVAILABLE | MOPS_CONSOLIDATED_PREFERRED_OVER_INDIVIDUAL,MOPS_EXACT,91ebe547c5ea49055a0be52801a9adf1efd9390d80cdc79b0b5373f07cb761ff,True
2412,2025-03-31,2025-05-09T17:38:03+08:00,2025-05-09,2025-05-12,WEAK,IMPROVING,TURNING_UP,HIGH,OK,PROFITABILITY_DURABLE_NOT_ESTABLISHED | GROWTH_DURABLE | CASH_CONVERSION_SUPPORTED | BALANCE_SHEET_RESILIENT | INTEREST_COVERAGE_SUPPORTED | EARLY_REVENUE_RECOVERY | RECOVERY_CORROBORATED | HISTORICAL_VALUATION_HIGH | SIMPLIFIED_DCF_AVAILABLE | MOPS_SINGLE_ELIGIBLE_FILING,MOPS_EXACT,6b676c235ec818c17644ed05a2ac8ab51650af74da79ad806f2029bd21b8ab1f,True
2412,2025-06-30,2025-08-11T15:01:15+08:00,2025-08-11,2025-08-12,WEAK,IMPROVING,TURNING_UP,HIGH,OK,PROFITABILITY_DURABLE_NOT_ESTABLISHED | GROWTH_DURABLE | CASH_CONVERSION_SUPPORTED | BALANCE_SHEET_RESILIENT | INTEREST_COVERAGE_SUPPORTED | EARLY_REVENUE_RECOVERY | RECOVERY_CORROBORATED | HISTORICAL_VALUATION_HIGH | SIMPLIFIED_DCF_AVAILABLE | MOPS_SINGLE_ELIGIBLE_FILING,MOPS_EXACT,e6bd8e5b8c4e8fb9d8cb527274fd3eb4e4f46c4892862aeec9a92f99e4305815,True
2412,2025-09-30,2025-11-10T14:32:39+08:00,2025-11-10,2025-11-11,WEAK,IMPROVING,TURNING_UP,HIGH,OK,PROFITABILITY_DURABLE_NOT_ESTABLISHED | GROWTH_DURABLE | CASH_CONVERSION_SUPPORTED | BALANCE_SHEET_RESILIENT_NOT_ESTABLISHED | INTEREST_COVERAGE_NOT_ESTABLISHED | EARLY_REVENUE_RECOVERY | RECOVERY_CORROBORATED | HISTORICAL_VALUATION_HIGH | SIMPLIFIED_DCF_AVAILABLE | MOPS_SINGLE_ELIGIBLE_FILING,MOPS_EXACT,328ff7f6e6a6488a93f900f2005170b0d38b18935fec8014fb0ae678c7075ae8,True
2412,2025-12-31,2026-02-26T18:06:03+08:00,2026-02-26,2026-03-02,WEAK,STABLE,CONFIRMED_GROWTH,HIGH,OK,PROFITABILITY_DURABLE_NOT_ESTABLISHED | GROWTH_DURABLE | CASH_CONVERSION_SUPPORTED | BALANCE_SHEET_RESILIENT | INTEREST_COVERAGE_SUPPORTED | GROWTH_CONFIRMED_THREE_PERIODS | HISTORICAL_VALUATION_HIGH | SIMPLIFIED_DCF_AVAILABLE | MOPS_CONSOLIDATED_PREFERRED_OVER_INDIVIDUAL,MOPS_EXACT,b3b5aadab538bd20d22115fcf09916664cb8c484cab4c37aa6fd8b336cdbc60d,True
2412,2026-03-31,2026-05-11T14:41:03+08:00,2026-05-11,2026-05-12,GOOD,STABLE,CONFIRMED_GROWTH,HIGH,PARTIAL,PROFITABILITY_DURABLE | GROWTH_DURABLE | CASH_CONVERSION_SUPPORTED | BALANCE_SHEET_RESILIENT | INTEREST_COVERAGE_SUPPORTED | GROWTH_CONFIRMED_THREE_PERIODS | HISTORICAL_VALUATION_HIGH | SIMPLIFIED_DCF_AVAILABLE | MOPS_SINGLE_ELIGIBLE_FILING,MOPS_EXACT,7809d22808a76e204409f4b5ad8ddb80078cc809aec13f9a77173a1a68d7a88d,True
2412,2026-06-30,2026-08-10T14:39:49+08:00,2026-08-10,2026-08-11,GOOD,IMPROVING,TURNING_UP,HIGH,OK,PROFITABILITY_DURABLE | GROWTH_DURABLE | CASH_CONVERSION_SUPPORTED | BALANCE_SHEET_RESILIENT | INTEREST_COVERAGE_SUPPORTED | EARLY_REVENUE_RECOVERY | RECOVERY_CORROBORATED | HISTORICAL_VALUATION_HIGH | SIMPLIFIED_DCF_AVAILABLE | MOPS_SINGLE_ELIGIBLE_FILING,MOPS_EXACT,1fab2e07b37702a79356c567f09e4c7b81f59f8eda4bdd6cf9221f6f02a3403d,True
2449,2016-03-31,2016-05-12T17:07:17+08:00,2016-05-12,2016-05-13,UNKNOWN,UNKNOWN,UNKNOWN,N/M,INSUFFICIENT,QUALITY_HISTORY_INSUFFICIENT | STATE_HISTORY_INSUFFICIENT | VALUATION_HISTORY_INSUFFICIENT | SIMPLIFIED_DCF_NOT_APPLICABLE | MOPS_SINGLE_ELIGIBLE_FILING,MOPS_EXACT,75151047dd326bb2d0fb2b8f993acdf8c4b7d1009d205a798633fdb1a90c9237,True
2449,2016-06-30,2016-08-05T16:06:07+08:00,2016-08-05,2016-08-08,UNKNOWN,UNKNOWN,UNKNOWN,HIGH,INSUFFICIENT,QUALITY_HISTORY_INSUFFICIENT | STATE_HISTORY_INSUFFICIENT | HISTORICAL_VALUATION_HIGH | SIMPLIFIED_DCF_NOT_APPLICABLE | MOPS_SINGLE_ELIGIBLE_FILING,MOPS_EXACT,b604bd6d9b620102b233517e5c9468f521045b833ec42bc370acf0f220cfc4c2,True
2449,2016-09-30,2016-11-07T16:18:14+08:00,2016-11-07,2016-11-08,UNKNOWN,UNKNOWN,UNKNOWN,LOW,INSUFFICIENT,QUALITY_HISTORY_INSUFFICIENT | STATE_HISTORY_INSUFFICIENT | HISTORICAL_VALUATION_LOW | SIMPLIFIED_DCF_NOT_APPLICABLE | MOPS_SINGLE_ELIGIBLE_FILING,MOPS_EXACT,a0695cd0a70d0a595d8a4c829a865abd4b43e0dc9bb0ed649b40b3e1c2d0c0c8,True
2449,2016-12-31,2017-03-21T16:34:04+08:00,2017-03-21,2017-03-22,UNKNOWN,UNKNOWN,UNKNOWN,LOW,INSUFFICIENT,QUALITY_HISTORY_INSUFFICIENT | STATE_HISTORY_INSUFFICIENT | HISTORICAL_VALUATION_LOW | SIMPLIFIED_DCF_NOT_APPLICABLE | MOPS_CONSOLIDATED_PREFERRED_OVER_INDIVIDUAL,MOPS_EXACT,e07e3d0d2d14866c074f79d359a8ab48507d77bcbe08b10f7e157ee0f9727b2b,True
2449,2017-03-31,2017-05-11T14:15:37+08:00,2017-05-11,2017-05-12,UNKNOWN,UNKNOWN,UNKNOWN,NORMAL,INSUFFICIENT,QUALITY_HISTORY_INSUFFICIENT | STATE_HISTORY_INSUFFICIENT | HISTORICAL_VALUATION_NORMAL | SIMPLIFIED_DCF_AVAILABLE | MOPS_SINGLE_ELIGIBLE_FILING,MOPS_EXACT,883d9bf2518ce7422a6f33ed9eb6ae18bdf99d3d2b2522bcda9efb52f18b5548,True
2449,2017-06-30,2017-08-11T13:36:52+08:00,2017-08-11,2017-08-14,UNKNOWN,UNKNOWN,UNKNOWN,NORMAL,INSUFFICIENT,QUALITY_HISTORY_INSUFFICIENT | STATE_HISTORY_INSUFFICIENT | HISTORICAL_VALUATION_NORMAL | SIMPLIFIED_DCF_AVAILABLE | MOPS_SINGLE_ELIGIBLE_FILING,MOPS_EXACT,c282dc71ea849e6488203358b59a48bda7be5ea8c1379bb0530fb912efe55fe5,True
2449,2017-09-30,2017-11-10T14:07:32+08:00,2017-11-10,2017-11-13,UNKNOWN,UNKNOWN,UNKNOWN,HIGH,INSUFFICIENT,QUALITY_HISTORY_INSUFFICIENT | STATE_HISTORY_INSUFFICIENT | HISTORICAL_VALUATION_HIGH | SIMPLIFIED_DCF_AVAILABLE | MOPS_SINGLE_ELIGIBLE_FILING,MOPS_EXACT,cef39fd5f1a2397de479d3352e8a245d38d468e8cc7c022c2dc10dbe2b530d06,True
2449,2017-12-31,2018-03-28T09:40:38+08:00,2018-03-28,2018-03-29,UNKNOWN,UNKNOWN,UNKNOWN,HIGH,INSUFFICIENT,QUALITY_HISTORY_INSUFFICIENT | STATE_HISTORY_INSUFFICIENT | HISTORICAL_VALUATION_HIGH | SIMPLIFIED_DCF_AVAILABLE | MOPS_CONSOLIDATED_PREFERRED_OVER_INDIVIDUAL,MOPS_EXACT,36ea1cd792f16e3ebe5269f4bf09e57af0bb8f27d203495200e00ec612f84002,True
2449,2018-03-31,2018-05-14T14:07:29+08:00,2018-05-14,2018-05-15,UNKNOWN,UNKNOWN,UNKNOWN,NORMAL,INSUFFICIENT,QUALITY_HISTORY_INSUFFICIENT | STATE_HISTORY_INSUFFICIENT | HISTORICAL_VALUATION_NORMAL | SIMPLIFIED_DCF_AVAILABLE | MOPS_SINGLE_ELIGIBLE_FILING,MOPS_EXACT,59f379e498519675e2963353df16ec5e0bd2e2b35ce816ff41ce9895b2ec0e79,True
2449,2018-06-30,2018-08-10T17:40:41+08:00,2018-08-10,2018-08-13,UNKNOWN,UNKNOWN,UNKNOWN,NORMAL,INSUFFICIENT,QUALITY_HISTORY_INSUFFICIENT | STATE_HISTORY_INSUFFICIENT | HISTORICAL_VALUATION_NORMAL | SIMPLIFIED_DCF_AVAILABLE | MOPS_SINGLE_ELIGIBLE_FILING,MOPS_EXACT,532877f6a16b77ed0cddefa1d18aecf5c884d141ccdf0e5926feccfcf33c567f,True
2449,2018-09-30,2018-11-12T13:50:13+08:00,2018-11-12,2018-11-13,UNKNOWN,IMPROVING,BOTTOMING,NORMAL,INSUFFICIENT,QUALITY_HISTORY_INSUFFICIENT | REVENUE_CONTRACTION_NARROWING | RECOVERY_CORROBORATED | HISTORICAL_VALUATION_NORMAL | SIMPLIFIED_DCF_NOT_APPLICABLE | MOPS_SINGLE_ELIGIBLE_FILING,MOPS_EXACT,dc0f2d8f262cc5e6856deeec53393b79f8b6c671b96cc9edcb803a413aa9d18e,True
2449,2018-12-31,2019-03-22T13:28:54+08:00,2019-03-22,2019-03-25,UNKNOWN,IMPROVING,TURNING_UP,NORMAL,INSUFFICIENT,METRIC_COVERAGE_INSUFFICIENT_TTM_REVENUE | METRIC_COVERAGE_INSUFFICIENT_TTM_EPS | METRIC_COVERAGE_INSUFFICIENT_ROE | METRIC_COVERAGE_INSUFFICIENT_ROIC | EARLY_REVENUE_RECOVERY | RECOVERY_CORROBORATED | HISTORICAL_VALUATION_NORMAL | SIMPLIFIED_DCF_NOT_APPLICABLE | MOPS_CONSOLIDATED_PREFERRED_OVER_INDIVIDUAL,MOPS_EXACT,705f412f6a98616abb48987d1530bf5d743ff7fc81a59f3004a3926ca618c103,True
2449,2019-03-31,2019-05-09T15:28:38+08:00,2019-05-09,2019-05-10,UNKNOWN,IMPROVING,TURNING_UP,NORMAL,INSUFFICIENT,METRIC_COVERAGE_INSUFFICIENT_TTM_REVENUE | METRIC_COVERAGE_INSUFFICIENT_TTM_EPS | METRIC_COVERAGE_INSUFFICIENT_ROE | METRIC_COVERAGE_INSUFFICIENT_ROIC | EARLY_REVENUE_RECOVERY | RECOVERY_CORROBORATED | HISTORICAL_VALUATION_NORMAL | SIMPLIFIED_DCF_AVAILABLE | MOPS_SINGLE_ELIGIBLE_FILING,MOPS_EXACT,87b6c7242d60508d260f890a624126894fd494437605e0e123379dc0c0da1fdf,True
2449,2019-06-30,2019-08-14T16:07:43+08:00,2019-08-14,2019-08-15,UNKNOWN,IMPROVING,TURNING_UP,HIGH,INSUFFICIENT,METRIC_COVERAGE_INSUFFICIENT_TTM_REVENUE | METRIC_COVERAGE_INSUFFICIENT_TTM_EPS | METRIC_COVERAGE_INSUFFICIENT_ROE | METRIC_COVERAGE_INSUFFICIENT_ROIC | EARLY_REVENUE_RECOVERY | RECOVERY_CORROBORATED | HISTORICAL_VALUATION_HIGH | SIMPLIFIED_DCF_NOT_APPLICABLE | MOPS_SINGLE_ELIGIBLE_FILING,MOPS_EXACT,0ad22e619e3022bad88185054d167b2ee5993115c4311adc9a82efe1a6896f56,True
2449,2019-09-30,2019-11-08T14:45:59+08:00,2019-11-08,2019-11-11,UNKNOWN,IMPROVING,TURNING_UP,HIGH,INSUFFICIENT,METRIC_COVERAGE_INSUFFICIENT_ROE | METRIC_COVERAGE_INSUFFICIENT_ROIC | EARLY_REVENUE_RECOVERY | RECOVERY_CORROBORATED | HISTORICAL_VALUATION_HIGH | SIMPLIFIED_DCF_NOT_APPLICABLE | MOPS_SINGLE_ELIGIBLE_FILING,MOPS_EXACT,7b0291df105b4ddebebf4c0c33d0eae94249d1fde5bbd035256eeb6090b232e7,True
2449,2019-12-31,2020-03-13T15:06:24+08:00,2020-03-13,2020-03-16,WEAK,IMPROVING,TURNING_UP,LOW,OK,PROFITABILITY_DURABLE_NOT_ESTABLISHED | GROWTH_DURABLE_NOT_ESTABLISHED | CASH_CONVERSION_SUPPORTED_NOT_ESTABLISHED | BALANCE_SHEET_RESILIENT_NOT_ESTABLISHED | INTEREST_COVERAGE_NOT_ESTABLISHED | EARLY_REVENUE_RECOVERY | RECOVERY_CORROBORATED | HISTORICAL_VALUATION_LOW | SIMPLIFIED_DCF_NOT_APPLICABLE | MOPS_CONSOLIDATED_PREFERRED_OVER_INDIVIDUAL,MOPS_EXACT,dec2b146e50cac16951f514e6155ed3c69228e7d25079123390549332b356836,True
2449,2020-03-31,2020-05-08T14:56:13+08:00,2020-05-08,2020-05-11,WEAK,IMPROVING,TURNING_UP,NORMAL,OK,PROFITABILITY_DURABLE_NOT_ESTABLISHED | GROWTH_DURABLE | CASH_CONVERSION_SUPPORTED_NOT_ESTABLISHED | BALANCE_SHEET_RESILIENT_NOT_ESTABLISHED | INTEREST_COVERAGE_NOT_ESTABLISHED | EARLY_REVENUE_RECOVERY | RECOVERY_CORROBORATED | HISTORICAL_VALUATION_NORMAL | SIMPLIFIED_DCF_NOT_APPLICABLE | MOPS_SINGLE_ELIGIBLE_FILING,MOPS_EXACT,3d3fee645c1d7454e1d9d1d5211abd168d5e91f3bae9b93aa9e1b9a0090c751a,True
2449,2020-06-30,2020-08-07T15:22:56+08:00,2020-08-07,2020-08-10,WEAK,IMPROVING,TURNING_UP,LOW,OK,PROFITABILITY_DURABLE_NOT_ESTABLISHED | GROWTH_DURABLE_NOT_ESTABLISHED | CASH_CONVERSION_SUPPORTED_NOT_ESTABLISHED | BALANCE_SHEET_RESILIENT_NOT_ESTABLISHED | INTEREST_COVERAGE_NOT_ESTABLISHED | EARLY_REVENUE_RECOVERY | RECOVERY_CORROBORATED | HISTORICAL_VALUATION_LOW | SIMPLIFIED_DCF_AVAILABLE | MOPS_SINGLE_ELIGIBLE_FILING,MOPS_EXACT,6a4318e703d4a97053dff8de05e35b35b0ce953e77c9bce000b07e5fc5a2c92e,True
2449,2020-09-30,2020-10-30T16:18:13+08:00,2020-10-30,2020-11-02,WEAK,STABLE,CONFIRMED_GROWTH,LOW,OK,PROFITABILITY_DURABLE_NOT_ESTABLISHED | GROWTH_DURABLE_NOT_ESTABLISHED | CASH_CONVERSION_SUPPORTED_NOT_ESTABLISHED | BALANCE_SHEET_RESILIENT_NOT_ESTABLISHED | INTEREST_COVERAGE_NOT_ESTABLISHED | GROWTH_CONFIRMED_THREE_PERIODS | HISTORICAL_VALUATION_LOW | SIMPLIFIED_DCF_AVAILABLE | MOPS_SINGLE_ELIGIBLE_FILING,MOPS_EXACT,498bb9fc561649d5a2e694876e9878d0d4a2d18a48714d8c23324e149da4ed58,True
2449,2020-12-31,2021-03-17T15:59:20+08:00,2021-03-17,2021-03-18,WEAK,STABLE,CONFIRMED_GROWTH,NORMAL,OK,PROFITABILITY_DURABLE | GROWTH_DURABLE_NOT_ESTABLISHED | CASH_CONVERSION_SUPPORTED_NOT_ESTABLISHED | BALANCE_SHEET_RESILIENT_NOT_ESTABLISHED | INTEREST_COVERAGE_NOT_ESTABLISHED | GROWTH_CONFIRMED_THREE_PERIODS | HISTORICAL_VALUATION_NORMAL | SIMPLIFIED_DCF_AVAILABLE | MOPS_CONSOLIDATED_PREFERRED_OVER_INDIVIDUAL,MOPS_EXACT,bd28a6e0f5a6abbc9db98242f3ccfa711400454931790ef3b0fec86003cec3f8,True
2449,2021-03-31,2021-05-13T13:53:59+08:00,2021-05-13,2021-05-14,WEAK,STABLE,DECELERATING,NORMAL,OK,PROFITABILITY_DURABLE | GROWTH_DURABLE | CASH_CONVERSION_SUPPORTED_NOT_ESTABLISHED | BALANCE_SHEET_RESILIENT_NOT_ESTABLISHED | INTEREST_COVERAGE_NOT_ESTABLISHED | POSITIVE_GROWTH_DECELERATING | HISTORICAL_VALUATION_NORMAL | SIMPLIFIED_DCF_NOT_APPLICABLE | MOPS_SINGLE_ELIGIBLE_FILING,MOPS_EXACT,6181520156a0210e5bd6740f5ed77eeac471b4b3688e4d6ceeb538b01208e4c5,True
2449,2021-06-30,2021-08-11T17:35:34+08:00,2021-08-11,2021-08-12,WEAK,DETERIORATING,DETERIORATING,NORMAL,PARTIAL,PROFITABILITY_DURABLE | GROWTH_DURABLE | CASH_CONVERSION_SUPPORTED_NOT_ESTABLISHED | BALANCE_SHEET_RESILIENT_NOT_ESTABLISHED | INTEREST_COVERAGE_NOT_ESTABLISHED | DETERIORATION_CORROBORATED | HISTORICAL_VALUATION_NORMAL | SIMPLIFIED_DCF_NOT_APPLICABLE | MOPS_SINGLE_ELIGIBLE_FILING,MOPS_EXACT,d96240f9310b6061182341dcf72e5f11d1a1e031c53d9c33968e6667b132a364,True
2449,2021-09-30,2021-11-08T15:05:07+08:00,2021-11-08,2021-11-09,WEAK,UNKNOWN,UNKNOWN,NORMAL,PARTIAL,PROFITABILITY_DURABLE | GROWTH_DURABLE | CASH_CONVERSION_SUPPORTED_NOT_ESTABLISHED | BALANCE_SHEET_RESILIENT_NOT_ESTABLISHED | INTEREST_COVERAGE_NOT_ESTABLISHED | MIXED_FUNDAMENTAL_DIRECTION | HISTORICAL_VALUATION_NORMAL | SIMPLIFIED_DCF_NOT_APPLICABLE | MOPS_SINGLE_ELIGIBLE_FILING,MOPS_EXACT,bb6097b25bb59e8590d1d5ca98ff5d58d59829b39fe0c06f383fb5d73212ba6e,True
2449,2021-12-31,2022-03-10T13:42:44+08:00,2022-03-10,2022-03-11,WEAK,IMPROVING,TURNING_UP,NORMAL,OK,PROFITABILITY_DURABLE | GROWTH_DURABLE | CASH_CONVERSION_SUPPORTED_NOT_ESTABLISHED | BALANCE_SHEET_RESILIENT_NOT_ESTABLISHED | INTEREST_COVERAGE_NOT_ESTABLISHED | EARLY_REVENUE_RECOVERY | RECOVERY_CORROBORATED | HISTORICAL_VALUATION_NORMAL | SIMPLIFIED_DCF_NOT_APPLICABLE | MOPS_CONSOLIDATED_PREFERRED_OVER_INDIVIDUAL,MOPS_EXACT,fc5ecf857863cf8f5e202abcf0f3230c849cc64f017127399574ff4dc442b8ec,True
2449,2022-03-31,2022-05-10T16:11:40+08:00,2022-05-10,2022-05-11,WEAK,IMPROVING,TURNING_UP,LOW,OK,PROFITABILITY_DURABLE | GROWTH_DURABLE | CASH_CONVERSION_SUPPORTED_NOT_ESTABLISHED | BALANCE_SHEET_RESILIENT_NOT_ESTABLISHED | INTEREST_COVERAGE_NOT_ESTABLISHED | EARLY_REVENUE_RECOVERY | RECOVERY_CORROBORATED | HISTORICAL_VALUATION_LOW | SIMPLIFIED_DCF_AVAILABLE | MOPS_SINGLE_ELIGIBLE_FILING,MOPS_EXACT,b5515014fdc97a717dc5ecd209d02e2f97d605da47793ad3b35de692aa2b01e7,True
2449,2022-06-30,2022-08-10T13:43:40+08:00,2022-08-10,2022-08-11,WEAK,IMPROVING,TURNING_UP,LOW,OK,PROFITABILITY_DURABLE | GROWTH_DURABLE | CASH_CONVERSION_SUPPORTED_NOT_ESTABLISHED | BALANCE_SHEET_RESILIENT_NOT_ESTABLISHED | INTEREST_COVERAGE_NOT_ESTABLISHED | EARLY_REVENUE_RECOVERY | RECOVERY_CORROBORATED | HISTORICAL_VALUATION_LOW | SIMPLIFIED_DCF_AVAILABLE | MOPS_SINGLE_ELIGIBLE_FILING,MOPS_EXACT,00e2be1036f782d98fbbdafd39313509a6822e209ae5300c326c475daf94ce23,True
2449,2022-09-30,2022-11-08T16:15:21+08:00,2022-11-08,2022-11-09,WEAK,STABLE,CONFIRMED_GROWTH,LOW,OK,PROFITABILITY_DURABLE | GROWTH_DURABLE | CASH_CONVERSION_SUPPORTED_NOT_ESTABLISHED | BALANCE_SHEET_RESILIENT_NOT_ESTABLISHED | INTEREST_COVERAGE_NOT_ESTABLISHED | GROWTH_CONFIRMED_THREE_PERIODS | HISTORICAL_VALUATION_LOW | SIMPLIFIED_DCF_AVAILABLE | MOPS_SINGLE_ELIGIBLE_FILING,MOPS_EXACT,45ac3ae6f6665ca417d2794e2af486d34fdc2fa882de9aa91b46a80c2121db66,True
2449,2022-12-31,2023-03-14T13:38:35+08:00,2023-03-14,2023-03-15,WEAK,STABLE,CONFIRMED_GROWTH,LOW,OK,PROFITABILITY_DURABLE | GROWTH_DURABLE | CASH_CONVERSION_SUPPORTED_NOT_ESTABLISHED | BALANCE_SHEET_RESILIENT_NOT_ESTABLISHED | INTEREST_COVERAGE_NOT_ESTABLISHED | GROWTH_CONFIRMED_THREE_PERIODS | HISTORICAL_VALUATION_LOW | SIMPLIFIED_DCF_AVAILABLE | MOPS_CONSOLIDATED_PREFERRED_OVER_INDIVIDUAL,MOPS_EXACT,b61de5a10c6299085855c2465bc1f805d9e12c62dced2d60f9d67a6e23f226ee,True
2449,2023-03-31,2023-05-10T13:54:36+08:00,2023-05-10,2023-05-11,WEAK,STABLE,CONFIRMED_GROWTH,LOW,OK,PROFITABILITY_DURABLE | GROWTH_DURABLE | CASH_CONVERSION_SUPPORTED_NOT_ESTABLISHED | BALANCE_SHEET_RESILIENT_NOT_ESTABLISHED | INTEREST_COVERAGE_NOT_ESTABLISHED | GROWTH_CONFIRMED_THREE_PERIODS | HISTORICAL_VALUATION_LOW | SIMPLIFIED_DCF_AVAILABLE | MOPS_SINGLE_ELIGIBLE_FILING,MOPS_EXACT,bdfd017c1550b2714f3a75fbe828aaa65908cd41366ae31bcb7b323ade999664,True
2449,2023-06-30,2023-08-09T15:37:52+08:00,2023-08-09,2023-08-10,WEAK,DETERIORATING,DETERIORATING,NORMAL,OK,PROFITABILITY_DURABLE | GROWTH_DURABLE | CASH_CONVERSION_SUPPORTED_NOT_ESTABLISHED | BALANCE_SHEET_RESILIENT_NOT_ESTABLISHED | INTEREST_COVERAGE_NOT_ESTABLISHED | DETERIORATION_CORROBORATED | HISTORICAL_VALUATION_NORMAL | SIMPLIFIED_DCF_AVAILABLE | MOPS_SINGLE_ELIGIBLE_FILING,MOPS_EXACT,8a4c2aa14b733957a78daec53fd36608745d06a3767269c6737394c0b74dd659,True
2449,2023-09-30,2023-11-08T15:04:53+08:00,2023-11-08,2023-11-09,WEAK,DETERIORATING,DETERIORATING,HIGH,OK,PROFITABILITY_DURABLE | GROWTH_DURABLE | CASH_CONVERSION_SUPPORTED_NOT_ESTABLISHED | BALANCE_SHEET_RESILIENT_NOT_ESTABLISHED | INTEREST_COVERAGE_NOT_ESTABLISHED | DETERIORATION_CORROBORATED | HISTORICAL_VALUATION_HIGH | SIMPLIFIED_DCF_AVAILABLE | MOPS_SINGLE_ELIGIBLE_FILING,MOPS_EXACT,2769d16f592d148cfd8eed407b19d255d8671165d9e0298beda826f44cb2887f,True
2449,2023-12-31,2024-02-27T14:33:17+08:00,2024-02-27,2024-02-29,WEAK,UNKNOWN,UNKNOWN,HIGH,OK,PROFITABILITY_DURABLE | GROWTH_DURABLE | CASH_CONVERSION_SUPPORTED_NOT_ESTABLISHED | BALANCE_SHEET_RESILIENT_NOT_ESTABLISHED | INTEREST_COVERAGE_NOT_ESTABLISHED | MIXED_FUNDAMENTAL_DIRECTION | HISTORICAL_VALUATION_HIGH | SIMPLIFIED_DCF_AVAILABLE | MOPS_CONSOLIDATED_PREFERRED_OVER_INDIVIDUAL,MOPS_EXACT,3f3b5ae7437ccd79b31fb39962ff56c0fa8d059b0ce4b2e2b73c4a15e33a0cc6,True
2449,2024-03-31,2024-05-07T13:54:00+08:00,2024-05-07,2024-05-08,WEAK,IMPROVING,BOTTOMING,HIGH,OK,PROFITABILITY_DURABLE | GROWTH_DURABLE | CASH_CONVERSION_SUPPORTED_NOT_ESTABLISHED | BALANCE_SHEET_RESILIENT_NOT_ESTABLISHED | INTEREST_COVERAGE_NOT_ESTABLISHED | REVENUE_CONTRACTION_NARROWING | RECOVERY_CORROBORATED | HISTORICAL_VALUATION_HIGH | SIMPLIFIED_DCF_AVAILABLE | MOPS_SINGLE_ELIGIBLE_FILING,MOPS_EXACT,a823424d7f72ee1b2412aef14a64843f2ab7fb1b0bb30921edc0dbfebd00b024,True
2449,2024-06-30,2024-08-12T14:11:19+08:00,2024-08-12,2024-08-13,WEAK,UNKNOWN,UNKNOWN,HIGH,OK,PROFITABILITY_DURABLE | GROWTH_DURABLE | CASH_CONVERSION_SUPPORTED_NOT_ESTABLISHED | BALANCE_SHEET_RESILIENT_NOT_ESTABLISHED | INTEREST_COVERAGE_NOT_ESTABLISHED | MIXED_FUNDAMENTAL_DIRECTION | HISTORICAL_VALUATION_HIGH | SIMPLIFIED_DCF_AVAILABLE | MOPS_SINGLE_ELIGIBLE_FILING,MOPS_EXACT,9fa55dc1d7e7fbbe9bebba42d65490177c500dfbf88f319e22f1a414d0355c27,True
2449,2024-09-30,2024-11-11T13:54:53+08:00,2024-11-11,2024-11-12,WEAK,UNKNOWN,UNKNOWN,HIGH,OK,PROFITABILITY_DURABLE | GROWTH_DURABLE_NOT_ESTABLISHED | CASH_CONVERSION_SUPPORTED | BALANCE_SHEET_RESILIENT_NOT_ESTABLISHED | INTEREST_COVERAGE_NOT_ESTABLISHED | MIXED_FUNDAMENTAL_DIRECTION | HISTORICAL_VALUATION_HIGH | SIMPLIFIED_DCF_AVAILABLE | MOPS_SINGLE_ELIGIBLE_FILING,MOPS_EXACT,c638c80c134e0104baaa5e460ee9eb2d03c26dc6c5675af0fdcec7322c7cf6d2,True
2449,2024-12-31,2025-02-25T13:56:15+08:00,2025-02-25,2025-02-26,WEAK,UNKNOWN,UNKNOWN,HIGH,OK,PROFITABILITY_DURABLE | GROWTH_DURABLE_NOT_ESTABLISHED | CASH_CONVERSION_SUPPORTED | BALANCE_SHEET_RESILIENT_NOT_ESTABLISHED | INTEREST_COVERAGE_NOT_ESTABLISHED | MIXED_FUNDAMENTAL_DIRECTION | HISTORICAL_VALUATION_HIGH | SIMPLIFIED_DCF_AVAILABLE | MOPS_CONSOLIDATED_PREFERRED_OVER_INDIVIDUAL,MOPS_EXACT,663855fda126aac274fa5bdf7019c8b0ccb005ae1c6bc719f4aad68530e1c80a,True
2449,2025-03-31,2025-05-12T13:42:46+08:00,2025-05-12,2025-05-13,ACCEPTABLE,UNKNOWN,UNKNOWN,NORMAL,OK,PROFITABILITY_DURABLE | GROWTH_DURABLE_NOT_ESTABLISHED | CASH_CONVERSION_SUPPORTED | BALANCE_SHEET_RESILIENT | INTEREST_COVERAGE_SUPPORTED | MIXED_FUNDAMENTAL_DIRECTION | HISTORICAL_VALUATION_NORMAL | SIMPLIFIED_DCF_NOT_APPLICABLE | MOPS_SINGLE_ELIGIBLE_FILING,MOPS_EXACT,9d08925d1f3a779f19bd94de49fad1e76a8787ca49598f67cd3a4c51c14f5b4d,True
2449,2025-06-30,2025-08-11T13:50:49+08:00,2025-08-11,2025-08-12,WEAK,UNKNOWN,UNKNOWN,NORMAL,PARTIAL,PROFITABILITY_DURABLE | GROWTH_DURABLE_NOT_ESTABLISHED | CASH_CONVERSION_SUPPORTED | BALANCE_SHEET_RESILIENT_NOT_ESTABLISHED | INTEREST_COVERAGE_NOT_ESTABLISHED | MIXED_FUNDAMENTAL_DIRECTION | HISTORICAL_VALUATION_NORMAL | SIMPLIFIED_DCF_NOT_APPLICABLE | MOPS_SINGLE_ELIGIBLE_FILING,MOPS_EXACT,733644b83931277ee2ea0d6abc7b5550ea57e91cf8b09acd1672d0256e4ef416,True
2449,2025-09-30,2025-11-10T13:46:06+08:00,2025-11-10,2025-11-11,WEAK,UNKNOWN,UNKNOWN,HIGH,OK,PROFITABILITY_DURABLE | GROWTH_DURABLE_NOT_ESTABLISHED | CASH_CONVERSION_SUPPORTED_NOT_ESTABLISHED | BALANCE_SHEET_RESILIENT_NOT_ESTABLISHED | INTEREST_COVERAGE_NOT_ESTABLISHED | MIXED_FUNDAMENTAL_DIRECTION | HISTORICAL_VALUATION_HIGH | SIMPLIFIED_DCF_NOT_APPLICABLE | MOPS_SINGLE_ELIGIBLE_FILING,MOPS_EXACT,49cd75afa4c43ce422cedf123b27c1c8f827a86e607713c35dc432f8678f0e98,True
2449,2025-12-31,2026-03-09T14:18:24+08:00,2026-03-09,2026-03-10,WEAK,STABLE,CONFIRMED_GROWTH,HIGH,OK,PROFITABILITY_DURABLE | GROWTH_DURABLE_NOT_ESTABLISHED | CASH_CONVERSION_SUPPORTED_NOT_ESTABLISHED | BALANCE_SHEET_RESILIENT_NOT_ESTABLISHED | INTEREST_COVERAGE_NOT_ESTABLISHED | GROWTH_CONFIRMED_THREE_PERIODS | HISTORICAL_VALUATION_HIGH | SIMPLIFIED_DCF_NOT_APPLICABLE | MOPS_CONSOLIDATED_PREFERRED_OVER_INDIVIDUAL,MOPS_EXACT,9e6f1c024ebc73ec7fb37be671f1c679405eb13bf27e0412fc488d3559bfac65,True
2449,2026-03-31,2026-05-11T15:25:43+08:00,2026-05-11,2026-05-12,WEAK,IMPROVING,TURNING_UP,HIGH,OK,PROFITABILITY_DURABLE | GROWTH_DURABLE | CASH_CONVERSION_SUPPORTED_NOT_ESTABLISHED | BALANCE_SHEET_RESILIENT_NOT_ESTABLISHED | INTEREST_COVERAGE_NOT_ESTABLISHED | EARLY_REVENUE_RECOVERY | RECOVERY_CORROBORATED | HISTORICAL_VALUATION_HIGH | SIMPLIFIED_DCF_NOT_APPLICABLE | MOPS_SINGLE_ELIGIBLE_FILING,MOPS_EXACT,54806182bd453ba9486482917e88172f2cbcfd97364569df7fc5d0dce16421e7,True
2449,2026-06-30,2026-08-10T16:42:24+08:00,2026-08-10,2026-08-11,WEAK,UNKNOWN,UNKNOWN,HIGH,OK,PROFITABILITY_DURABLE | GROWTH_DURABLE | CASH_CONVERSION_SUPPORTED_NOT_ESTABLISHED | BALANCE_SHEET_RESILIENT_NOT_ESTABLISHED | INTEREST_COVERAGE_NOT_ESTABLISHED | MIXED_FUNDAMENTAL_DIRECTION | HISTORICAL_VALUATION_HIGH | SIMPLIFIED_DCF_NOT_APPLICABLE | MOPS_SINGLE_ELIGIBLE_FILING,MOPS_EXACT,7aecc2a75003181ac6d2368d77205f0d8875220e036b0a3e2832ba4918dfb4b6,True
2454,2016-03-31,2016-05-16T13:51:49+08:00,2016-05-16,2016-05-17,UNKNOWN,UNKNOWN,UNKNOWN,N/M,INSUFFICIENT,QUALITY_HISTORY_INSUFFICIENT | STATE_HISTORY_INSUFFICIENT | VALUATION_HISTORY_INSUFFICIENT | SIMPLIFIED_DCF_NOT_APPLICABLE | MOPS_SINGLE_ELIGIBLE_FILING,MOPS_EXACT,9f1164ff84955d228cfd6dbe8b9c110be82c243fc58c7c9e971ced6d4d964a20,True
2454,2016-06-30,2016-08-15T10:44:01+08:00,2016-08-15,2016-08-16,UNKNOWN,UNKNOWN,UNKNOWN,HIGH,INSUFFICIENT,QUALITY_HISTORY_INSUFFICIENT | STATE_HISTORY_INSUFFICIENT | HISTORICAL_VALUATION_HIGH | SIMPLIFIED_DCF_NOT_APPLICABLE | MOPS_SINGLE_ELIGIBLE_FILING,MOPS_EXACT,614288e9f1e66446e8b4545c375385ae3b72a0021d19b5e41e6e605f7c3b242f,True
2454,2016-09-30,2016-11-14T12:16:11+08:00,2016-11-14,2016-11-15,UNKNOWN,UNKNOWN,UNKNOWN,NORMAL,INSUFFICIENT,QUALITY_HISTORY_INSUFFICIENT | STATE_HISTORY_INSUFFICIENT | HISTORICAL_VALUATION_NORMAL | SIMPLIFIED_DCF_NOT_APPLICABLE | MOPS_SINGLE_ELIGIBLE_FILING,MOPS_EXACT,4e67edc5d6c8aa640bbb0e0b8f650d53652ad6f1d01feae344e1a99085c27286,True
2454,2016-12-31,2017-03-22T14:45:48+08:00,2017-03-22,2017-03-23,UNKNOWN,UNKNOWN,UNKNOWN,NORMAL,INSUFFICIENT,QUALITY_HISTORY_INSUFFICIENT | STATE_HISTORY_INSUFFICIENT | HISTORICAL_VALUATION_NORMAL | SIMPLIFIED_DCF_AVAILABLE | MOPS_CONSOLIDATED_PREFERRED_OVER_INDIVIDUAL,MOPS_EXACT,1b907bf226d399c588a6c62310d1c2877afe0e3cd545df4a773565a4350ab840,True
2454,2017-03-31,2017-05-15T17:53:41+08:00,2017-05-15,2017-05-16,UNKNOWN,UNKNOWN,UNKNOWN,LOW,INSUFFICIENT,QUALITY_HISTORY_INSUFFICIENT | STATE_HISTORY_INSUFFICIENT | HISTORICAL_VALUATION_LOW | SIMPLIFIED_DCF_AVAILABLE | MOPS_SINGLE_ELIGIBLE_FILING,MOPS_EXACT,801e6efcb9baed2a049174a96b988b9f91b4db47487897774427144526b610a6,True
2454,2017-06-30,2017-08-14T14:51:48+08:00,2017-08-14,2017-08-15,UNKNOWN,UNKNOWN,UNKNOWN,HIGH,INSUFFICIENT,QUALITY_HISTORY_INSUFFICIENT | STATE_HISTORY_INSUFFICIENT | HISTORICAL_VALUATION_HIGH | SIMPLIFIED_DCF_AVAILABLE | MOPS_SINGLE_ELIGIBLE_FILING,MOPS_EXACT,91f08021791d80478a914011e8952638fe4a4052c7b5b44ce3a15ca4c8002146,True
2454,2017-09-30,2017-11-14T16:02:28+08:00,2017-11-14,2017-11-15,UNKNOWN,UNKNOWN,UNKNOWN,HIGH,INSUFFICIENT,QUALITY_HISTORY_INSUFFICIENT | STATE_HISTORY_INSUFFICIENT | HISTORICAL_VALUATION_HIGH | SIMPLIFIED_DCF_AVAILABLE | MOPS_SINGLE_ELIGIBLE_FILING,MOPS_EXACT,69facc450301c8c12d3eb2f87b6dba021d63765cda2a581a3ce7c98b220de57c,True
2454,2017-12-31,2018-03-30T17:11:58+08:00,2018-03-30,2018-03-31,UNKNOWN,UNKNOWN,UNKNOWN,HIGH,INSUFFICIENT,QUALITY_HISTORY_INSUFFICIENT | STATE_HISTORY_INSUFFICIENT | HISTORICAL_VALUATION_HIGH | SIMPLIFIED_DCF_AVAILABLE | MOPS_CONSOLIDATED_PREFERRED_OVER_INDIVIDUAL,MOPS_EXACT,666ce01afce220146afaf5590a2746ec2389960a602a2795bb62d2ae479782e0,True
2454,2018-03-31,2018-05-15T09:49:25+08:00,2018-05-15,2018-05-16,UNKNOWN,UNKNOWN,UNKNOWN,NORMAL,INSUFFICIENT,QUALITY_HISTORY_INSUFFICIENT | STATE_HISTORY_INSUFFICIENT | HISTORICAL_VALUATION_NORMAL | SIMPLIFIED_DCF_AVAILABLE | MOPS_SINGLE_ELIGIBLE_FILING,MOPS_EXACT,f0ee1dd28ca9b4e93e6d4c0ebf9a468060f3e9bdb9f86f2cbb46e2aac76dc7b1,True
2454,2018-06-30,2018-08-13T17:34:57+08:00,2018-08-13,2018-08-14,UNKNOWN,UNKNOWN,UNKNOWN,NORMAL,INSUFFICIENT,QUALITY_HISTORY_INSUFFICIENT | STATE_HISTORY_INSUFFICIENT | HISTORICAL_VALUATION_NORMAL | SIMPLIFIED_DCF_AVAILABLE | MOPS_SINGLE_ELIGIBLE_FILING,MOPS_EXACT,746428c763510d3e00eb4100a19d80e2f07a5e15d0fa651b19f26692c63a77a4,True
2454,2018-09-30,2018-11-13T16:35:06+08:00,2018-11-13,2018-11-14,UNKNOWN,IMPROVING,BOTTOMING,LOW,INSUFFICIENT,QUALITY_HISTORY_INSUFFICIENT | REVENUE_CONTRACTION_NARROWING | RECOVERY_CORROBORATED | HISTORICAL_VALUATION_LOW | SIMPLIFIED_DCF_AVAILABLE | MOPS_SINGLE_ELIGIBLE_FILING,MOPS_EXACT,cbbc2ca00fd6bfa2e02abbc98dfe3c90c97224f6998de02b749cf59748cc0e65,True
2454,2018-12-31,2019-03-29T17:49:32+08:00,2019-03-29,2019-04-01,UNKNOWN,UNKNOWN,UNKNOWN,NORMAL,INSUFFICIENT,METRIC_COVERAGE_INSUFFICIENT_TTM_REVENUE | METRIC_COVERAGE_INSUFFICIENT_TTM_EPS | METRIC_COVERAGE_INSUFFICIENT_ROE | METRIC_COVERAGE_INSUFFICIENT_ROIC | MIXED_FUNDAMENTAL_DIRECTION | HISTORICAL_VALUATION_NORMAL | SIMPLIFIED_DCF_AVAILABLE | MOPS_CONSOLIDATED_PREFERRED_OVER_INDIVIDUAL,MOPS_EXACT,7aea103a5587fa8882b006f5f348f626d7b85038d2c977209a021868ef21a0c0,True
2454,2019-03-31,2019-05-15T15:51:26+08:00,2019-05-15,2019-05-16,UNKNOWN,IMPROVING,TURNING_UP,NORMAL,INSUFFICIENT,METRIC_COVERAGE_INSUFFICIENT_TTM_REVENUE | METRIC_COVERAGE_INSUFFICIENT_TTM_EPS | METRIC_COVERAGE_INSUFFICIENT_ROE | METRIC_COVERAGE_INSUFFICIENT_ROIC | EARLY_REVENUE_RECOVERY | RECOVERY_CORROBORATED | HISTORICAL_VALUATION_NORMAL | SIMPLIFIED_DCF_AVAILABLE | MOPS_SINGLE_ELIGIBLE_FILING,MOPS_EXACT,143932eedb68200c0502873eb9260ea6ef7bd0eb2322cd53ef3e90a27518e21e,True
2454,2019-06-30,2019-08-14T14:43:56+08:00,2019-08-14,2019-08-15,UNKNOWN,UNKNOWN,UNKNOWN,HIGH,INSUFFICIENT,METRIC_COVERAGE_INSUFFICIENT_TTM_REVENUE | METRIC_COVERAGE_INSUFFICIENT_TTM_EPS | METRIC_COVERAGE_INSUFFICIENT_ROE | METRIC_COVERAGE_INSUFFICIENT_ROIC | MIXED_FUNDAMENTAL_DIRECTION | HISTORICAL_VALUATION_HIGH | SIMPLIFIED_DCF_AVAILABLE | MOPS_SINGLE_ELIGIBLE_FILING,MOPS_EXACT,48ad13c4163cd04ca6bcb52c86aedc23197c3f407505b5d560490bfc2cc3445d,True
2454,2019-09-30,2019-11-14T15:58:45+08:00,2019-11-14,2019-11-15,UNKNOWN,DETERIORATING,DETERIORATING,HIGH,INSUFFICIENT,METRIC_COVERAGE_INSUFFICIENT_ROE | METRIC_COVERAGE_INSUFFICIENT_ROIC | DETERIORATION_CORROBORATED | HISTORICAL_VALUATION_HIGH | SIMPLIFIED_DCF_AVAILABLE | MOPS_SINGLE_ELIGIBLE_FILING,MOPS_EXACT,60cfc2891a42ce2a2be272d3c13f7a40b5594e8c343bba6b3e269f5ceac8cd62,True
2454,2019-12-31,2020-03-31T15:21:47+08:00,2020-03-31,2020-04-01,WEAK,UNKNOWN,UNKNOWN,NORMAL,OK,PROFITABILITY_DURABLE_NOT_ESTABLISHED | GROWTH_DURABLE_NOT_ESTABLISHED | CASH_CONVERSION_SUPPORTED | BALANCE_SHEET_RESILIENT | INTEREST_COVERAGE_SUPPORTED | MIXED_FUNDAMENTAL_DIRECTION | HISTORICAL_VALUATION_NORMAL | SIMPLIFIED_DCF_AVAILABLE | MOPS_CONSOLIDATED_PREFERRED_OVER_INDIVIDUAL,MOPS_EXACT,5c88138890c6b63ed987743d77a7761fab89fac5a48c279be233649e18399964,True
2454,2020-03-31,2020-05-15T15:06:46+08:00,2020-05-15,2020-05-18,WEAK,IMPROVING,TURNING_UP,HIGH,OK,PROFITABILITY_DURABLE_NOT_ESTABLISHED | GROWTH_DURABLE_NOT_ESTABLISHED | CASH_CONVERSION_SUPPORTED | BALANCE_SHEET_RESILIENT | INTEREST_COVERAGE_SUPPORTED | EARLY_REVENUE_RECOVERY | RECOVERY_CORROBORATED | HISTORICAL_VALUATION_HIGH | SIMPLIFIED_DCF_AVAILABLE | MOPS_SINGLE_ELIGIBLE_FILING,MOPS_EXACT,e1c581499df90064262b1856a7f2b45578e5cbf0d5d1429e3b8e68718d0648b2,True
2454,2020-06-30,2020-08-14T15:06:07+08:00,2020-08-14,2020-08-17,WEAK,IMPROVING,TURNING_UP,HIGH,OK,PROFITABILITY_DURABLE_NOT_ESTABLISHED | GROWTH_DURABLE_NOT_ESTABLISHED | CASH_CONVERSION_SUPPORTED | BALANCE_SHEET_RESILIENT | INTEREST_COVERAGE_SUPPORTED | EARLY_REVENUE_RECOVERY | RECOVERY_CORROBORATED | HISTORICAL_VALUATION_HIGH | SIMPLIFIED_DCF_AVAILABLE | MOPS_SINGLE_ELIGIBLE_FILING,MOPS_EXACT,92e4dfab1e785cd27de42319fdd85a53fec6d915ad5c304e121114bf5f7dae89,True
2454,2020-09-30,2020-11-13T16:56:15+08:00,2020-11-13,2020-11-16,WEAK,IMPROVING,TURNING_UP,HIGH,OK,PROFITABILITY_DURABLE_NOT_ESTABLISHED | GROWTH_DURABLE | CASH_CONVERSION_SUPPORTED | BALANCE_SHEET_RESILIENT | INTEREST_COVERAGE_SUPPORTED | EARLY_REVENUE_RECOVERY | RECOVERY_CORROBORATED | HISTORICAL_VALUATION_HIGH | SIMPLIFIED_DCF_AVAILABLE | MOPS_SINGLE_ELIGIBLE_FILING,MOPS_EXACT,5b60f3360ff6cc2b3dfa111ae6327461c422b1c230cbd2567ee2f2fb91f0a0ad,True
2454,2020-12-31,2021-03-30T17:49:52+08:00,2021-03-30,2021-03-31,WEAK,IMPROVING,TURNING_UP,HIGH,OK,PROFITABILITY_DURABLE_NOT_ESTABLISHED | GROWTH_DURABLE | CASH_CONVERSION_SUPPORTED | BALANCE_SHEET_RESILIENT | INTEREST_COVERAGE_SUPPORTED | EARLY_REVENUE_RECOVERY | RECOVERY_CORROBORATED | HISTORICAL_VALUATION_HIGH | SIMPLIFIED_DCF_AVAILABLE | MOPS_CONSOLIDATED_PREFERRED_OVER_INDIVIDUAL,MOPS_EXACT,a31545209913e1f7b15fcb81cc420f06c2b86b94d1e48c1c3d8f243222ea8f65,True
2454,2021-03-31,2021-05-14T14:46:41+08:00,2021-05-14,2021-05-17,WEAK,IMPROVING,TURNING_UP,NORMAL,OK,PROFITABILITY_DURABLE_NOT_ESTABLISHED | GROWTH_DURABLE | CASH_CONVERSION_SUPPORTED | BALANCE_SHEET_RESILIENT | INTEREST_COVERAGE_SUPPORTED | EARLY_REVENUE_RECOVERY | RECOVERY_CORROBORATED | HISTORICAL_VALUATION_NORMAL | SIMPLIFIED_DCF_AVAILABLE | MOPS_SINGLE_ELIGIBLE_FILING,MOPS_EXACT,b0c8fa4cf0f542d19e3ef4e3545a45481dd4c85a24a7f21dec9eb63718a42041,True
2454,2021-06-30,2021-08-13T18:54:32+08:00,2021-08-13,2021-08-16,WEAK,IMPROVING,TURNING_UP,NORMAL,OK,PROFITABILITY_DURABLE_NOT_ESTABLISHED | GROWTH_DURABLE | CASH_CONVERSION_SUPPORTED | BALANCE_SHEET_RESILIENT | INTEREST_COVERAGE_SUPPORTED | EARLY_REVENUE_RECOVERY | RECOVERY_CORROBORATED | HISTORICAL_VALUATION_NORMAL | SIMPLIFIED_DCF_AVAILABLE | MOPS_SINGLE_ELIGIBLE_FILING,MOPS_EXACT,7315a722c100c9963e6a88469fcf5cac3aba1c03fc24bbdc85657cdd6a8cfd48,True
2454,2021-09-30,2021-11-12T14:10:04+08:00,2021-11-12,2021-11-15,WEAK,STABLE,MATURE_GROWTH,NORMAL,PARTIAL,PROFITABILITY_DURABLE_NOT_ESTABLISHED | GROWTH_DURABLE | CASH_CONVERSION_SUPPORTED | BALANCE_SHEET_RESILIENT | INTEREST_COVERAGE_SUPPORTED | SUSTAINED_GROWTH_EIGHT_PERIODS | HISTORICAL_VALUATION_NORMAL | SIMPLIFIED_DCF_AVAILABLE | MOPS_SINGLE_ELIGIBLE_FILING,MOPS_EXACT,68ab3ab6c2772a9eb5bcbe153f481b942336882121ed87f9680fe0e8ab0a17f0,True
2454,2021-12-31,2022-02-25T17:12:50+08:00,2022-02-25,2022-03-01,WEAK,STABLE,MATURE_GROWTH,NORMAL,PARTIAL,PROFITABILITY_DURABLE_NOT_ESTABLISHED | GROWTH_DURABLE | CASH_CONVERSION_SUPPORTED | BALANCE_SHEET_RESILIENT | INTEREST_COVERAGE_SUPPORTED | SUSTAINED_GROWTH_EIGHT_PERIODS | HISTORICAL_VALUATION_NORMAL | SIMPLIFIED_DCF_AVAILABLE | MOPS_CONSOLIDATED_PREFERRED_OVER_INDIVIDUAL,MOPS_EXACT,bb772a8b9589bfe62eecb876aa42ed6d9251b704ff955eddbc971427d5d0c12a,True
2454,2022-03-31,2022-05-13T16:30:09+08:00,2022-05-13,2022-05-16,WEAK,STABLE,MATURE_GROWTH,LOW,PARTIAL,PROFITABILITY_DURABLE_NOT_ESTABLISHED | GROWTH_DURABLE | CASH_CONVERSION_SUPPORTED | BALANCE_SHEET_RESILIENT | INTEREST_COVERAGE_SUPPORTED | SUSTAINED_GROWTH_EIGHT_PERIODS | HISTORICAL_VALUATION_LOW | SIMPLIFIED_DCF_AVAILABLE | MOPS_SINGLE_ELIGIBLE_FILING,MOPS_EXACT,950310c3817c1ab234dcffe8946954277dfd134a481d63deae4835d1e1e9e2ba,True
2454,2022-06-30,2022-08-12T15:52:01+08:00,2022-08-12,2022-08-15,WEAK,STABLE,MATURE_GROWTH,LOW,PARTIAL,PROFITABILITY_DURABLE_NOT_ESTABLISHED | GROWTH_DURABLE | CASH_CONVERSION_SUPPORTED | BALANCE_SHEET_RESILIENT | INTEREST_COVERAGE_SUPPORTED | SUSTAINED_GROWTH_EIGHT_PERIODS | HISTORICAL_VALUATION_LOW | SIMPLIFIED_DCF_AVAILABLE | MOPS_SINGLE_ELIGIBLE_FILING,MOPS_EXACT,7af784153d5d13727328f571f8bf7d01effe14f50af1ce65178c2e507ba5725d,True
2454,2022-09-30,2022-11-11T15:22:52+08:00,2022-11-11,2022-11-14,GOOD,STABLE,MATURE_GROWTH,LOW,OK,PROFITABILITY_DURABLE | GROWTH_DURABLE | CASH_CONVERSION_SUPPORTED | BALANCE_SHEET_RESILIENT | INTEREST_COVERAGE_SUPPORTED | SUSTAINED_GROWTH_EIGHT_PERIODS | HISTORICAL_VALUATION_LOW | SIMPLIFIED_DCF_AVAILABLE | MOPS_SINGLE_ELIGIBLE_FILING,MOPS_EXACT,2a45ee8fb4033d8524e767d9ea65e2f7d501af0886209381b2089fd78871f45f,True
2454,2022-12-31,2023-02-24T18:11:16+08:00,2023-02-24,2023-03-01,GOOD,STABLE,MATURE_GROWTH,LOW,OK,PROFITABILITY_DURABLE | GROWTH_DURABLE | CASH_CONVERSION_SUPPORTED | BALANCE_SHEET_RESILIENT | INTEREST_COVERAGE_SUPPORTED | SUSTAINED_GROWTH_EIGHT_PERIODS | HISTORICAL_VALUATION_LOW | SIMPLIFIED_DCF_AVAILABLE | MOPS_CONSOLIDATED_PREFERRED_OVER_INDIVIDUAL,MOPS_EXACT,9e88538428c2c2a3c23d5e862a0a08a692de643b3cfb56bb79f0090281c78c60,True
2454,2023-03-31,2023-05-12T15:37:50+08:00,2023-05-12,2023-05-15,GOOD,DETERIORATING,DETERIORATING,LOW,OK,PROFITABILITY_DURABLE | GROWTH_DURABLE | CASH_CONVERSION_SUPPORTED | BALANCE_SHEET_RESILIENT | INTEREST_COVERAGE_SUPPORTED | DETERIORATION_CORROBORATED | HISTORICAL_VALUATION_LOW | SIMPLIFIED_DCF_AVAILABLE | MOPS_SINGLE_ELIGIBLE_FILING,MOPS_EXACT,0e2e4745583a8ca2d90069a1e0dcbd9c276ec72f6eeff5bfed448baab3e8eb92,True
2454,2023-06-30,2023-08-11T14:51:31+08:00,2023-08-11,2023-08-14,GOOD,DETERIORATING,DETERIORATING,LOW,OK,PROFITABILITY_DURABLE | GROWTH_DURABLE | CASH_CONVERSION_SUPPORTED | BALANCE_SHEET_RESILIENT | INTEREST_COVERAGE_SUPPORTED | DETERIORATION_CORROBORATED | HISTORICAL_VALUATION_LOW | SIMPLIFIED_DCF_AVAILABLE | MOPS_SINGLE_ELIGIBLE_FILING,MOPS_EXACT,b3fdec83da1fde36315bf4e08f5132ae3a1b765112739d08dd78584feb465a53,True
2454,2023-09-30,2023-11-13T15:40:28+08:00,2023-11-13,2023-11-14,GOOD,DETERIORATING,DETERIORATING,NORMAL,OK,PROFITABILITY_DURABLE | GROWTH_DURABLE | CASH_CONVERSION_SUPPORTED | BALANCE_SHEET_RESILIENT | INTEREST_COVERAGE_SUPPORTED | DETERIORATION_CORROBORATED | HISTORICAL_VALUATION_NORMAL | SIMPLIFIED_DCF_AVAILABLE | MOPS_SINGLE_ELIGIBLE_FILING,MOPS_EXACT,ae5117e6a416a00ced400623af2ee163640fc69553e50554e3f179d98dd715cd,True
2454,2023-12-31,2024-02-27T17:45:00+08:00,2024-02-27,2024-02-29,GOOD,UNKNOWN,UNKNOWN,HIGH,OK,PROFITABILITY_DURABLE | GROWTH_DURABLE | CASH_CONVERSION_SUPPORTED | BALANCE_SHEET_RESILIENT | INTEREST_COVERAGE_SUPPORTED | MIXED_FUNDAMENTAL_DIRECTION | HISTORICAL_VALUATION_HIGH | SIMPLIFIED_DCF_AVAILABLE | MOPS_CONSOLIDATED_PREFERRED_OVER_INDIVIDUAL,MOPS_EXACT,c600e2ef90eff7ef7fabf656c0ce3357a955703fb186f65c673eb8b1cad5728d,True
2454,2024-03-31,2024-05-14T14:22:15+08:00,2024-05-14,2024-05-15,GOOD,IMPROVING,BOTTOMING,NORMAL,OK,PROFITABILITY_DURABLE | GROWTH_DURABLE | CASH_CONVERSION_SUPPORTED | BALANCE_SHEET_RESILIENT | INTEREST_COVERAGE_SUPPORTED | REVENUE_CONTRACTION_NARROWING | RECOVERY_CORROBORATED | HISTORICAL_VALUATION_NORMAL | SIMPLIFIED_DCF_AVAILABLE | MOPS_SINGLE_ELIGIBLE_FILING,MOPS_EXACT,6972463aec6ffe12e291b6c6acd42de031c3e51c29c67cfa58108c7e81a1cbf1,True
2454,2024-06-30,2024-08-13T17:27:52+08:00,2024-08-13,2024-08-14,GOOD,IMPROVING,TURNING_UP,NORMAL,OK,PROFITABILITY_DURABLE | GROWTH_DURABLE | CASH_CONVERSION_SUPPORTED | BALANCE_SHEET_RESILIENT | INTEREST_COVERAGE_SUPPORTED | EARLY_REVENUE_RECOVERY | RECOVERY_CORROBORATED | HISTORICAL_VALUATION_NORMAL | SIMPLIFIED_DCF_AVAILABLE | MOPS_SINGLE_ELIGIBLE_FILING,MOPS_EXACT,00efa6896078dce0a26d4d09ebbdc53ee6aa5418cbb40ee4fe5ab463222bcd72,True
2454,2024-09-30,2024-11-13T16:20:58+08:00,2024-11-13,2024-11-14,GOOD,IMPROVING,TURNING_UP,NORMAL,OK,PROFITABILITY_DURABLE | GROWTH_DURABLE | CASH_CONVERSION_SUPPORTED | BALANCE_SHEET_RESILIENT | INTEREST_COVERAGE_SUPPORTED | EARLY_REVENUE_RECOVERY | RECOVERY_CORROBORATED | HISTORICAL_VALUATION_NORMAL | SIMPLIFIED_DCF_AVAILABLE | MOPS_SINGLE_ELIGIBLE_FILING,MOPS_EXACT,a633bdb6aea65f0b70de7b3341c78d3ab706534a7e85e237cf4c2e509a4ee3d8,True
2454,2024-12-31,2025-02-27T18:07:29+08:00,2025-02-27,2025-03-03,ACCEPTABLE,STABLE,CONFIRMED_GROWTH,NORMAL,OK,PROFITABILITY_DURABLE | GROWTH_DURABLE_NOT_ESTABLISHED | CASH_CONVERSION_SUPPORTED | BALANCE_SHEET_RESILIENT | INTEREST_COVERAGE_SUPPORTED | GROWTH_CONFIRMED_THREE_PERIODS | HISTORICAL_VALUATION_NORMAL | SIMPLIFIED_DCF_AVAILABLE | MOPS_CONSOLIDATED_PREFERRED_OVER_INDIVIDUAL,MOPS_EXACT,d236cc54682ccf781f747910b7863c82175b3218b89c72090a4d03af48348e77,True
2454,2025-03-31,2025-05-14T14:54:43+08:00,2025-05-14,2025-05-15,ACCEPTABLE,STABLE,DECELERATING,NORMAL,PARTIAL,PROFITABILITY_DURABLE | GROWTH_DURABLE_NOT_ESTABLISHED | CASH_CONVERSION_SUPPORTED | BALANCE_SHEET_RESILIENT | INTEREST_COVERAGE_SUPPORTED | POSITIVE_GROWTH_DECELERATING | HISTORICAL_VALUATION_NORMAL | SIMPLIFIED_DCF_AVAILABLE | MOPS_SINGLE_ELIGIBLE_FILING,MOPS_EXACT,9e86c88960b7957074b4fcc0233ed1120f26935188cc80f1fa940a586be53fa8,True
2454,2025-06-30,2025-08-13T13:53:47+08:00,2025-08-13,2025-08-14,ACCEPTABLE,STABLE,DECELERATING,NORMAL,PARTIAL,PROFITABILITY_DURABLE | GROWTH_DURABLE_NOT_ESTABLISHED | CASH_CONVERSION_SUPPORTED | BALANCE_SHEET_RESILIENT | INTEREST_COVERAGE_SUPPORTED | POSITIVE_GROWTH_DECELERATING | HISTORICAL_VALUATION_NORMAL | SIMPLIFIED_DCF_AVAILABLE | MOPS_SINGLE_ELIGIBLE_FILING,MOPS_EXACT,60a742950a143c15095a56520acb0996ce19944a3cd14566a55ebd84eec99964,True
2454,2025-09-30,2025-11-13T16:03:53+08:00,2025-11-13,2025-11-14,ACCEPTABLE,DETERIORATING,DETERIORATING,NORMAL,PARTIAL,PROFITABILITY_DURABLE | GROWTH_DURABLE_NOT_ESTABLISHED | CASH_CONVERSION_SUPPORTED | BALANCE_SHEET_RESILIENT | INTEREST_COVERAGE_SUPPORTED | DETERIORATION_CORROBORATED | HISTORICAL_VALUATION_NORMAL | SIMPLIFIED_DCF_AVAILABLE | MOPS_SINGLE_ELIGIBLE_FILING,MOPS_EXACT,6198130c8c13935ad9d4a39d71af2805534ea07769969b74ae5f959fe563c7e6,True
2454,2025-12-31,2026-02-26T17:00:05+08:00,2026-02-26,2026-03-02,ACCEPTABLE,UNKNOWN,UNKNOWN,HIGH,OK,PROFITABILITY_DURABLE | GROWTH_DURABLE_NOT_ESTABLISHED | CASH_CONVERSION_SUPPORTED | BALANCE_SHEET_RESILIENT | INTEREST_COVERAGE_SUPPORTED | MIXED_FUNDAMENTAL_DIRECTION | HISTORICAL_VALUATION_HIGH | SIMPLIFIED_DCF_AVAILABLE | MOPS_CONSOLIDATED_PREFERRED_OVER_INDIVIDUAL,MOPS_EXACT,dbfbe51e6de0ee84d7efe85d4f4245742aed42cd4b2f6ffc74450b245c9eb017,True
2454,2026-03-31,2026-05-14T17:05:13+08:00,2026-05-14,2026-05-15,ACCEPTABLE,UNKNOWN,UNKNOWN,HIGH,PARTIAL,PROFITABILITY_DURABLE | GROWTH_DURABLE_NOT_ESTABLISHED | CASH_CONVERSION_SUPPORTED | BALANCE_SHEET_RESILIENT | INTEREST_COVERAGE_SUPPORTED | MIXED_FUNDAMENTAL_DIRECTION | HISTORICAL_VALUATION_HIGH | SIMPLIFIED_DCF_AVAILABLE | MOPS_SINGLE_ELIGIBLE_FILING,MOPS_EXACT,e68358216abbeb5bd217e888b83641300edd7b163c2841abc2c5a9173cbbc1d6,True
2454,2026-06-30,2026-07-31T16:55:20+08:00,2026-07-31,2026-08-03,ACCEPTABLE,DETERIORATING,DETERIORATING,HIGH,PARTIAL,PROFITABILITY_DURABLE | GROWTH_DURABLE_NOT_ESTABLISHED | CASH_CONVERSION_SUPPORTED | BALANCE_SHEET_RESILIENT | INTEREST_COVERAGE_SUPPORTED | DETERIORATION_CORROBORATED | HISTORICAL_VALUATION_HIGH | SIMPLIFIED_DCF_AVAILABLE | MOPS_SINGLE_ELIGIBLE_FILING,MOPS_EXACT,f29bd17ae30e13d708a53a738c7f6f4de1227ff53bee36646e6fc7c04019e418,True
2603,2016-03-31,2016-05-13T17:34:18+08:00,2016-05-13,2016-05-16,UNKNOWN,UNKNOWN,UNKNOWN,N/M,INSUFFICIENT,QUALITY_HISTORY_INSUFFICIENT | STATE_HISTORY_INSUFFICIENT | VALUATION_SECTOR_CYCLICAL_NORMALIZED_EPS | SIMPLIFIED_DCF_NOT_APPLICABLE | MOPS_SINGLE_ELIGIBLE_FILING,MOPS_EXACT,50e4493c9a46a3927a3619407a6f55a29791a39fcfc93fe5de66de5ba350f1d7,True
2603,2016-06-30,2016-08-12T17:37:26+08:00,2016-08-12,2016-08-15,UNKNOWN,UNKNOWN,UNKNOWN,N/M,INSUFFICIENT,QUALITY_HISTORY_INSUFFICIENT | STATE_HISTORY_INSUFFICIENT | VALUATION_SECTOR_CYCLICAL_NORMALIZED_EPS | SIMPLIFIED_DCF_NOT_APPLICABLE | MOPS_SINGLE_ELIGIBLE_FILING,MOPS_EXACT,4125cf421b8bc231af2ae1e5193933b3259468354933a57aedc3fcbd2de6b034,True
2603,2016-09-30,2016-11-11T17:46:44+08:00,2016-11-11,2016-11-14,UNKNOWN,UNKNOWN,UNKNOWN,N/M,INSUFFICIENT,QUALITY_HISTORY_INSUFFICIENT | STATE_HISTORY_INSUFFICIENT | VALUATION_SECTOR_CYCLICAL_NORMALIZED_EPS | SIMPLIFIED_DCF_NOT_APPLICABLE | MOPS_SINGLE_ELIGIBLE_FILING,MOPS_EXACT,75ce536da2751a264c96d361f09c7d00bc048ace5dd290b8b8c2c90ae13bbe4e,True
2603,2016-12-31,2017-03-31T17:34:03+08:00,2017-03-31,2017-04-05,UNKNOWN,UNKNOWN,UNKNOWN,N/M,INSUFFICIENT,QUALITY_HISTORY_INSUFFICIENT | STATE_HISTORY_INSUFFICIENT | VALUATION_SECTOR_CYCLICAL_NORMALIZED_EPS | SIMPLIFIED_DCF_NOT_APPLICABLE | MOPS_CONSOLIDATED_PREFERRED_OVER_INDIVIDUAL,MOPS_EXACT,404a999bf97373c7e63a6872ab833c575574bbaf0562292e9c9676a12f0b3bce,True
2603,2017-03-31,2017-05-12T17:50:45+08:00,2017-05-12,2017-05-15,UNKNOWN,UNKNOWN,UNKNOWN,N/M,INSUFFICIENT,QUALITY_HISTORY_INSUFFICIENT | STATE_HISTORY_INSUFFICIENT | VALUATION_SECTOR_CYCLICAL_NORMALIZED_EPS | SIMPLIFIED_DCF_NOT_APPLICABLE | MOPS_SINGLE_ELIGIBLE_FILING,MOPS_EXACT,626b81adfbcf8d4b08f43a5e7be5b03d3500f59ae73c5ec13d4e533565831ae4,True
2603,2017-06-30,2017-08-11T20:28:13+08:00,2017-08-11,2017-08-14,UNKNOWN,UNKNOWN,UNKNOWN,N/M,INSUFFICIENT,QUALITY_HISTORY_INSUFFICIENT | STATE_HISTORY_INSUFFICIENT | VALUATION_SECTOR_CYCLICAL_NORMALIZED_EPS | SIMPLIFIED_DCF_AVAILABLE | MOPS_SINGLE_ELIGIBLE_FILING,MOPS_EXACT,3a93b755cba2065e55bf3f8aabeb63e9be96637890bc4dd1b224203922a3dec8,True
2603,2017-09-30,2017-11-13T20:04:41+08:00,2017-11-13,2017-11-14,UNKNOWN,UNKNOWN,UNKNOWN,N/M,INSUFFICIENT,QUALITY_HISTORY_INSUFFICIENT | STATE_HISTORY_INSUFFICIENT | VALUATION_SECTOR_CYCLICAL_NORMALIZED_EPS | SIMPLIFIED_DCF_AVAILABLE | MOPS_SINGLE_ELIGIBLE_FILING,MOPS_EXACT,e239988cd2263e9975e19c3be3ded84ff580857d72ab0d2f56147b7deb86d2be,True
2603,2017-12-31,2018-03-23T20:28:42+08:00,2018-03-23,2018-03-26,UNKNOWN,UNKNOWN,UNKNOWN,N/M,INSUFFICIENT,QUALITY_HISTORY_INSUFFICIENT | STATE_HISTORY_INSUFFICIENT | VALUATION_SECTOR_CYCLICAL_NORMALIZED_EPS | CYCLICAL_LOW_PE_TRAP_RISK | SIMPLIFIED_DCF_AVAILABLE | MOPS_CONSOLIDATED_PREFERRED_OVER_INDIVIDUAL,MOPS_EXACT,4f0d50525670a55cb07c6de0dd6e664c8c9af95cbef2e76d2ecd33ec4b86d8bc,True
2603,2018-03-31,2018-05-14T22:05:43+08:00,2018-05-14,2018-05-15,UNKNOWN,UNKNOWN,UNKNOWN,N/M,INSUFFICIENT,QUALITY_HISTORY_INSUFFICIENT | STATE_HISTORY_INSUFFICIENT | VALUATION_SECTOR_CYCLICAL_NORMALIZED_EPS | CYCLICAL_LOW_PE_TRAP_RISK | SIMPLIFIED_DCF_AVAILABLE | MOPS_SINGLE_ELIGIBLE_FILING,MOPS_EXACT,077ca7753fe4499510406eef621204091e71197a45d381d44958a730c991d0e7,True
2603,2018-06-30,2018-08-13T21:09:03+08:00,2018-08-13,2018-08-14,UNKNOWN,UNKNOWN,UNKNOWN,N/M,INSUFFICIENT,QUALITY_HISTORY_INSUFFICIENT | STATE_HISTORY_INSUFFICIENT | VALUATION_SECTOR_CYCLICAL_NORMALIZED_EPS | CYCLICAL_LOW_PE_TRAP_RISK | SIMPLIFIED_DCF_NOT_APPLICABLE | MOPS_SINGLE_ELIGIBLE_FILING,MOPS_EXACT,a0f56f892842db142805f09854dc1d76838af4e6fbc3e0408d713900fe08e21c,True
2603,2018-09-30,2018-11-13T18:52:57+08:00,2018-11-13,2018-11-14,UNKNOWN,DETERIORATING,DETERIORATING,N/M,INSUFFICIENT,QUALITY_HISTORY_INSUFFICIENT | DETERIORATION_CORROBORATED | VALUATION_SECTOR_CYCLICAL_NORMALIZED_EPS | SIMPLIFIED_DCF_NOT_APPLICABLE | MOPS_SINGLE_ELIGIBLE_FILING,MOPS_EXACT,6190df79395fd1a60dfed7734ef4a1902a917a66459c03dc54f645b65eaaf8ab,True
2603,2018-12-31,2019-03-22T21:12:30+08:00,2019-03-22,2019-03-25,UNKNOWN,UNKNOWN,UNKNOWN,N/M,INSUFFICIENT,METRIC_COVERAGE_INSUFFICIENT_TTM_REVENUE | METRIC_COVERAGE_INSUFFICIENT_TTM_EPS | METRIC_COVERAGE_INSUFFICIENT_ROE | METRIC_COVERAGE_INSUFFICIENT_ROIC | METRIC_COVERAGE_INSUFFICIENT_TTM_FCF | SECTOR_LOGIC_CYCLICAL | MIXED_FUNDAMENTAL_DIRECTION | VALUATION_SECTOR_CYCLICAL_NORMALIZED_EPS | SIMPLIFIED_DCF_NOT_APPLICABLE | MOPS_CONSOLIDATED_PREFERRED_OVER_INDIVIDUAL,MOPS_EXACT,a24cf622199e97e7182903a0ac3d12610755d6082b1b23f9d59b9a04a18aecc9,True
2603,2019-03-31,2019-05-15T17:34:32+08:00,2019-05-15,2019-05-16,UNKNOWN,IMPROVING,TURNING_UP,N/M,INSUFFICIENT,METRIC_COVERAGE_INSUFFICIENT_TTM_REVENUE | METRIC_COVERAGE_INSUFFICIENT_TTM_EPS | METRIC_COVERAGE_INSUFFICIENT_ROE | METRIC_COVERAGE_INSUFFICIENT_ROIC | METRIC_COVERAGE_INSUFFICIENT_TTM_FCF | SECTOR_LOGIC_CYCLICAL | EARLY_REVENUE_RECOVERY | RECOVERY_CORROBORATED | VALUATION_SECTOR_CYCLICAL_NORMALIZED_EPS | SIMPLIFIED_DCF_NOT_APPLICABLE | MOPS_SINGLE_ELIGIBLE_FILING,MOPS_EXACT,f3907506e29cfabd8a519e321f1c3c58b50bb9de6f8b012d0fab6ba0e524b5ed,True
2603,2019-06-30,2019-08-14T15:45:50+08:00,2019-08-14,2019-08-15,UNKNOWN,IMPROVING,TURNING_UP,N/M,INSUFFICIENT,METRIC_COVERAGE_INSUFFICIENT_TTM_REVENUE | METRIC_COVERAGE_INSUFFICIENT_TTM_EPS | METRIC_COVERAGE_INSUFFICIENT_ROE | METRIC_COVERAGE_INSUFFICIENT_ROIC | METRIC_COVERAGE_INSUFFICIENT_TTM_FCF | SECTOR_LOGIC_CYCLICAL | EARLY_REVENUE_RECOVERY | RECOVERY_CORROBORATED | VALUATION_SECTOR_CYCLICAL_NORMALIZED_EPS | SIMPLIFIED_DCF_NOT_APPLICABLE | MOPS_SINGLE_ELIGIBLE_FILING,MOPS_EXACT,e32e2905459691dd3214f10612e67c228d43f781e3778b9c6b0467ffa2e1fd87,True
2603,2019-09-30,2019-11-12T16:30:33+08:00,2019-11-12,2019-11-13,UNKNOWN,UNKNOWN,UNKNOWN,N/M,INSUFFICIENT,METRIC_COVERAGE_INSUFFICIENT_ROE | METRIC_COVERAGE_INSUFFICIENT_ROIC | METRIC_COVERAGE_INSUFFICIENT_TTM_FCF | SECTOR_LOGIC_CYCLICAL | MIXED_FUNDAMENTAL_DIRECTION | VALUATION_SECTOR_CYCLICAL_NORMALIZED_EPS | SIMPLIFIED_DCF_NOT_APPLICABLE | MOPS_SINGLE_ELIGIBLE_FILING,MOPS_EXACT,0fd231af270d810ca992907ddf74268119dc46c7e08a51399a984c3504b12131,True
2603,2019-12-31,2020-03-30T18:14:47+08:00,2020-03-30,2020-03-31,UNKNOWN,UNKNOWN,UNKNOWN,N/M,INSUFFICIENT,METRIC_COVERAGE_INSUFFICIENT_TTM_FCF | SECTOR_LOGIC_CYCLICAL | MIXED_FUNDAMENTAL_DIRECTION | VALUATION_SECTOR_CYCLICAL_NORMALIZED_EPS | SIMPLIFIED_DCF_NOT_APPLICABLE | MOPS_CONSOLIDATED_PREFERRED_OVER_INDIVIDUAL,MOPS_EXACT,4de5fe55bd6d9865ba1110904a89388ed46168805e53d4b93fc4a7dc24217c2b,True
2603,2020-03-31,2020-05-14T18:13:22+08:00,2020-05-14,2020-05-15,UNKNOWN,DETERIORATING,DETERIORATING,N/M,INSUFFICIENT,METRIC_COVERAGE_INSUFFICIENT_TTM_FCF | SECTOR_LOGIC_CYCLICAL | DETERIORATION_CORROBORATED | VALUATION_SECTOR_CYCLICAL_NORMALIZED_EPS | SIMPLIFIED_DCF_NOT_APPLICABLE | MOPS_SINGLE_ELIGIBLE_FILING,MOPS_EXACT,ecefa25f425f45f4d3b366ed0967a4fa1694f284f7cc2a562a93880f6223de5f,True
2603,2020-06-30,2020-08-13T20:01:49+08:00,2020-08-13,2020-08-14,UNKNOWN,UNKNOWN,UNKNOWN,N/M,INSUFFICIENT,METRIC_COVERAGE_INSUFFICIENT_TTM_FCF | SECTOR_LOGIC_CYCLICAL | MIXED_FUNDAMENTAL_DIRECTION | VALUATION_SECTOR_CYCLICAL_NORMALIZED_EPS | SIMPLIFIED_DCF_AVAILABLE | MOPS_SINGLE_ELIGIBLE_FILING,MOPS_EXACT,ee74c1aeaf3fd903c03cc69c8f752e6e9e6cc1f64c3559154908e735321c610c,True
2603,2020-09-30,2020-11-12T19:09:25+08:00,2020-11-12,2020-11-13,UNKNOWN,UNKNOWN,UNKNOWN,HIGH,INSUFFICIENT,METRIC_COVERAGE_INSUFFICIENT_TTM_FCF | SECTOR_LOGIC_CYCLICAL | MIXED_FUNDAMENTAL_DIRECTION | VALUATION_SECTOR_CYCLICAL_NORMALIZED_EPS | CYCLICAL_LOW_PE_TRAP_RISK | SIMPLIFIED_DCF_AVAILABLE | MOPS_SINGLE_ELIGIBLE_FILING,MOPS_EXACT,e484478ee33bd10e36e3d6a6e09aad40c9a56c41a50fd0ed752f93b2fd615259,True
2603,2020-12-31,2021-03-23T19:09:11+08:00,2021-03-23,2021-03-24,UNKNOWN,IMPROVING,TURNING_UP,HIGH,INSUFFICIENT,METRIC_COVERAGE_INSUFFICIENT_TTM_FCF | SECTOR_LOGIC_CYCLICAL | EARLY_REVENUE_RECOVERY | RECOVERY_CORROBORATED | VALUATION_SECTOR_CYCLICAL_NORMALIZED_EPS | CYCLICAL_LOW_PE_TRAP_RISK | SIMPLIFIED_DCF_AVAILABLE | MOPS_CONSOLIDATED_PREFERRED_OVER_INDIVIDUAL,MOPS_EXACT,6aa3951271903827617c3033a27c83efebd0dc886be1236bb188ef21421eea54,True
2603,2021-03-31,2021-05-07T18:22:06+08:00,2021-05-07,2021-05-10,UNKNOWN,IMPROVING,TURNING_UP,HIGH,INSUFFICIENT,METRIC_COVERAGE_INSUFFICIENT_TTM_FCF | SECTOR_LOGIC_CYCLICAL | EARLY_REVENUE_RECOVERY | RECOVERY_CORROBORATED | VALUATION_SECTOR_CYCLICAL_NORMALIZED_EPS | CYCLICAL_LOW_PE_TRAP_RISK | SIMPLIFIED_DCF_AVAILABLE | MOPS_SINGLE_ELIGIBLE_FILING,MOPS_EXACT,b22d03a7c4f7f0946a75544868497d96167dd3955e31a30d5d8ffc957ea7fe73,True
2603,2021-06-30,2021-08-06T20:40:34+08:00,2021-08-06,2021-08-09,WEAK,IMPROVING,TURNING_UP,HIGH,PARTIAL,PROFITABILITY_DURABLE_NOT_ESTABLISHED | GROWTH_DURABLE | CASH_CONVERSION_SUPPORTED | BALANCE_SHEET_RESILIENT | INTEREST_COVERAGE_SUPPORTED | SECTOR_LOGIC_CYCLICAL | EARLY_REVENUE_RECOVERY | RECOVERY_CORROBORATED | VALUATION_SECTOR_CYCLICAL_NORMALIZED_EPS | CYCLICAL_LOW_PE_TRAP_RISK | SIMPLIFIED_DCF_AVAILABLE | MOPS_SINGLE_ELIGIBLE_FILING,MOPS_EXACT,b97d64e74c4a1d3554fc4d66a7331a0097c5d56e7892f3029266460b71514403,True
2603,2021-09-30,2021-11-05T19:57:56+08:00,2021-11-05,2021-11-08,WEAK,UNKNOWN,UNKNOWN,HIGH,PARTIAL,PROFITABILITY_DURABLE_NOT_ESTABLISHED | GROWTH_DURABLE_NOT_ESTABLISHED | CASH_CONVERSION_SUPPORTED | BALANCE_SHEET_RESILIENT | INTEREST_COVERAGE_SUPPORTED | SECTOR_LOGIC_CYCLICAL | MIXED_FUNDAMENTAL_DIRECTION | VALUATION_SECTOR_CYCLICAL_NORMALIZED_EPS | CYCLICAL_LOW_PE_TRAP_RISK | SIMPLIFIED_DCF_AVAILABLE | MOPS_SINGLE_ELIGIBLE_FILING,MOPS_EXACT,d5e172a964c6249492c5b5b367e47706f268ce678da05eb627ac26a475ac2c14,True
2603,2021-12-31,2022-03-15T20:31:03+08:00,2022-03-15,2022-03-16,WEAK,STABLE,CONFIRMED_GROWTH,HIGH,PARTIAL,PROFITABILITY_DURABLE_NOT_ESTABLISHED | GROWTH_DURABLE | CASH_CONVERSION_SUPPORTED | BALANCE_SHEET_RESILIENT | INTEREST_COVERAGE_SUPPORTED | SECTOR_LOGIC_CYCLICAL | GROWTH_CONFIRMED_THREE_PERIODS | VALUATION_SECTOR_CYCLICAL_NORMALIZED_EPS | CYCLICAL_LOW_PE_TRAP_RISK | SIMPLIFIED_DCF_AVAILABLE | MOPS_CONSOLIDATED_PREFERRED_OVER_INDIVIDUAL,MOPS_EXACT,a9f2badf9ec5fcc135cf7c592f9bc39f63600c446abd6a9f79e7db15628fb5f1,True
2603,2022-03-31,2022-05-06T19:46:27+08:00,2022-05-06,2022-05-09,WEAK,STABLE,CONFIRMED_GROWTH,NORMAL,PARTIAL,PROFITABILITY_DURABLE_NOT_ESTABLISHED | GROWTH_DURABLE | CASH_CONVERSION_SUPPORTED | BALANCE_SHEET_RESILIENT | INTEREST_COVERAGE_SUPPORTED | SECTOR_LOGIC_CYCLICAL | GROWTH_CONFIRMED_THREE_PERIODS | VALUATION_SECTOR_CYCLICAL_NORMALIZED_EPS | CYCLICAL_LOW_PE_TRAP_RISK | SIMPLIFIED_DCF_AVAILABLE | MOPS_SINGLE_ELIGIBLE_FILING,MOPS_EXACT,6aeb15ebe6c123564e1f89e3e0b9044eb266d5cddb9589881388b4d1b328eb94,True
2603,2022-06-30,2022-08-05T17:38:26+08:00,2022-08-05,2022-08-08,WEAK,STABLE,CONFIRMED_GROWTH,NORMAL,PARTIAL,PROFITABILITY_DURABLE_NOT_ESTABLISHED | GROWTH_DURABLE | CASH_CONVERSION_SUPPORTED | BALANCE_SHEET_RESILIENT | INTEREST_COVERAGE_SUPPORTED | SECTOR_LOGIC_CYCLICAL | GROWTH_CONFIRMED_THREE_PERIODS | VALUATION_SECTOR_CYCLICAL_NORMALIZED_EPS | CYCLICAL_LOW_PE_TRAP_RISK | SIMPLIFIED_DCF_AVAILABLE | MOPS_SINGLE_ELIGIBLE_FILING,MOPS_EXACT,f4bd312e63b51679d931ce6703958a61738373a3e0fea18b3ddbfe7475eb0de1,True
2603,2022-09-30,2022-11-04T17:19:04+08:00,2022-11-04,2022-11-07,WEAK,STABLE,CONFIRMED_GROWTH,NORMAL,PARTIAL,PROFITABILITY_DURABLE_NOT_ESTABLISHED | GROWTH_DURABLE | CASH_CONVERSION_SUPPORTED | BALANCE_SHEET_RESILIENT | INTEREST_COVERAGE_SUPPORTED | SECTOR_LOGIC_CYCLICAL | GROWTH_CONFIRMED_THREE_PERIODS | VALUATION_SECTOR_CYCLICAL_NORMALIZED_EPS | CYCLICAL_LOW_PE_TRAP_RISK | SIMPLIFIED_DCF_AVAILABLE | MOPS_SINGLE_ELIGIBLE_FILING,MOPS_EXACT,3fb204e4dbf8efe7db165f2292d6e53ba8c753dd95b729cd8cb6d5e2f4f53ba7,True
2603,2022-12-31,2023-03-14T19:16:41+08:00,2023-03-14,2023-03-15,GOOD,STABLE,CONFIRMED_GROWTH,NORMAL,PARTIAL,PROFITABILITY_DURABLE | GROWTH_DURABLE | CASH_CONVERSION_SUPPORTED | BALANCE_SHEET_RESILIENT | INTEREST_COVERAGE_SUPPORTED | SECTOR_LOGIC_CYCLICAL | GROWTH_CONFIRMED_THREE_PERIODS | VALUATION_SECTOR_CYCLICAL_NORMALIZED_EPS | CYCLICAL_LOW_PE_TRAP_RISK | SIMPLIFIED_DCF_AVAILABLE | MOPS_CONSOLIDATED_PREFERRED_OVER_INDIVIDUAL,MOPS_EXACT,d4aac9e94442d6bd03c0a25be82953caee578251b687919ac85849f3c9b1912b,True
2603,2023-03-31,2023-05-12T18:39:16+08:00,2023-05-12,2023-05-15,ACCEPTABLE,DETERIORATING,DETERIORATING,LOW,PARTIAL,PROFITABILITY_DURABLE | GROWTH_DURABLE_NOT_ESTABLISHED | CASH_CONVERSION_SUPPORTED | BALANCE_SHEET_RESILIENT | INTEREST_COVERAGE_SUPPORTED | SECTOR_LOGIC_CYCLICAL | DETERIORATION_CORROBORATED | VALUATION_SECTOR_CYCLICAL_NORMALIZED_EPS | CYCLICAL_LOW_PE_TRAP_RISK | SIMPLIFIED_DCF_AVAILABLE | MOPS_SINGLE_ELIGIBLE_FILING,MOPS_EXACT,fbe40d6a18cb25a4efafe2fa5ef92bce3b6d6c33b4293b78ee87de0cff3430ce,True
2603,2023-06-30,2023-08-11T18:05:24+08:00,2023-08-11,2023-08-14,GOOD,DETERIORATING,DETERIORATING,LOW,PARTIAL,PROFITABILITY_DURABLE | GROWTH_DURABLE | CASH_CONVERSION_SUPPORTED | BALANCE_SHEET_RESILIENT | INTEREST_COVERAGE_SUPPORTED | SECTOR_LOGIC_CYCLICAL | DETERIORATION_CORROBORATED | VALUATION_SECTOR_CYCLICAL_NORMALIZED_EPS | CYCLICAL_LOW_PE_TRAP_RISK | SIMPLIFIED_DCF_AVAILABLE | MOPS_SINGLE_ELIGIBLE_FILING,MOPS_EXACT,933f713dc8aa0858ad55c5fcd361c1764a9b4b39fb54cafb0d7de4275d23e585,True
2603,2023-09-30,2023-11-13T18:02:32+08:00,2023-11-13,2023-11-14,GOOD,DETERIORATING,DETERIORATING,LOW,PARTIAL,PROFITABILITY_DURABLE | GROWTH_DURABLE | CASH_CONVERSION_SUPPORTED | BALANCE_SHEET_RESILIENT | INTEREST_COVERAGE_SUPPORTED | SECTOR_LOGIC_CYCLICAL | DETERIORATION_CORROBORATED | VALUATION_SECTOR_CYCLICAL_NORMALIZED_EPS | CYCLICAL_LOW_PE_TRAP_RISK | SIMPLIFIED_DCF_AVAILABLE | MOPS_SINGLE_ELIGIBLE_FILING,MOPS_EXACT,43a5c9fefccb8e941a7d924282e78e7c61e2cf27d1658228eb0f21c1f43dbc7d,True
2603,2023-12-31,2024-03-14T20:07:48+08:00,2024-03-14,2024-03-15,GOOD,DETERIORATING,DETERIORATING,LOW,PARTIAL,PROFITABILITY_DURABLE | GROWTH_DURABLE | CASH_CONVERSION_SUPPORTED | BALANCE_SHEET_RESILIENT | INTEREST_COVERAGE_SUPPORTED | SECTOR_LOGIC_CYCLICAL | DETERIORATION_CORROBORATED | VALUATION_SECTOR_CYCLICAL_NORMALIZED_EPS | CYCLICAL_LOW_PE_TRAP_RISK | SIMPLIFIED_DCF_NOT_APPLICABLE | MOPS_CONSOLIDATED_PREFERRED_OVER_INDIVIDUAL,MOPS_EXACT,e9dbdb17c5767a1feeaa7f2f6b8393dc6d56052b4cf598b1fa8f16cfd293b53d,True
2603,2024-03-31,2024-05-14T18:51:06+08:00,2024-05-14,2024-05-15,GOOD,UNKNOWN,UNKNOWN,LOW,PARTIAL,PROFITABILITY_DURABLE | GROWTH_DURABLE | CASH_CONVERSION_SUPPORTED | BALANCE_SHEET_RESILIENT | INTEREST_COVERAGE_SUPPORTED | SECTOR_LOGIC_CYCLICAL | MIXED_FUNDAMENTAL_DIRECTION | VALUATION_SECTOR_CYCLICAL_NORMALIZED_EPS | SIMPLIFIED_DCF_NOT_APPLICABLE | MOPS_SINGLE_ELIGIBLE_FILING,MOPS_EXACT,1d05c7c23bd00f75633aa267d862943f1dc03d8f9e43f3d2c670e19115612bcd,True
2603,2024-06-30,2024-08-13T18:44:22+08:00,2024-08-13,2024-08-14,ACCEPTABLE,IMPROVING,BOTTOMING,LOW,PARTIAL,PROFITABILITY_DURABLE | GROWTH_DURABLE_NOT_ESTABLISHED | CASH_CONVERSION_SUPPORTED | BALANCE_SHEET_RESILIENT | INTEREST_COVERAGE_SUPPORTED | SECTOR_LOGIC_CYCLICAL | REVENUE_CONTRACTION_NARROWING | RECOVERY_CORROBORATED | VALUATION_SECTOR_CYCLICAL_NORMALIZED_EPS | SIMPLIFIED_DCF_AVAILABLE | MOPS_SINGLE_ELIGIBLE_FILING,MOPS_EXACT,58484d3c369cdd684f83390aea1f6bd78e9b3e484a319f138e0bee0a177e8ec2,True
2603,2024-09-30,2024-11-13T18:49:46+08:00,2024-11-13,2024-11-14,ACCEPTABLE,IMPROVING,TURNING_UP,LOW,PARTIAL,PROFITABILITY_DURABLE | GROWTH_DURABLE_NOT_ESTABLISHED | CASH_CONVERSION_SUPPORTED | BALANCE_SHEET_RESILIENT | INTEREST_COVERAGE_SUPPORTED | SECTOR_LOGIC_CYCLICAL | EARLY_REVENUE_RECOVERY | RECOVERY_CORROBORATED | VALUATION_SECTOR_CYCLICAL_NORMALIZED_EPS | SIMPLIFIED_DCF_AVAILABLE | MOPS_SINGLE_ELIGIBLE_FILING,MOPS_EXACT,d10d63d0e6acf6abd33d7dbba857ffc41c1fa36f61f39e7f0f2e244dd7c36a89,True
2603,2024-12-31,2025-03-13T19:32:45+08:00,2025-03-13,2025-03-14,ACCEPTABLE,IMPROVING,TURNING_UP,LOW,PARTIAL,PROFITABILITY_DURABLE | GROWTH_DURABLE_NOT_ESTABLISHED | CASH_CONVERSION_SUPPORTED | BALANCE_SHEET_RESILIENT | INTEREST_COVERAGE_SUPPORTED | SECTOR_LOGIC_CYCLICAL | EARLY_REVENUE_RECOVERY | RECOVERY_CORROBORATED | VALUATION_SECTOR_CYCLICAL_NORMALIZED_EPS | CYCLICAL_LOW_PE_TRAP_RISK | SIMPLIFIED_DCF_AVAILABLE | MOPS_CONSOLIDATED_PREFERRED_OVER_INDIVIDUAL,MOPS_EXACT,581895daaad950db824601aab2f7a7b22b5676b5f18021d404c6b189c83fa696,True
2603,2025-03-31,2025-05-13T18:19:44+08:00,2025-05-13,2025-05-14,ACCEPTABLE,STABLE,CONFIRMED_GROWTH,LOW,PARTIAL,PROFITABILITY_DURABLE | GROWTH_DURABLE_NOT_ESTABLISHED | CASH_CONVERSION_SUPPORTED | BALANCE_SHEET_RESILIENT | INTEREST_COVERAGE_SUPPORTED | SECTOR_LOGIC_CYCLICAL | GROWTH_CONFIRMED_THREE_PERIODS | VALUATION_SECTOR_CYCLICAL_NORMALIZED_EPS | CYCLICAL_LOW_PE_TRAP_RISK | SIMPLIFIED_DCF_AVAILABLE | MOPS_SINGLE_ELIGIBLE_FILING,MOPS_EXACT,f15ca352b5d0046e52883bda38688a0c76c8ebf535a14d60e2a0bdba260515f6,True
2603,2025-06-30,2025-08-13T18:53:20+08:00,2025-08-13,2025-08-14,ACCEPTABLE,STABLE,CONFIRMED_GROWTH,LOW,PARTIAL,PROFITABILITY_DURABLE | GROWTH_DURABLE_NOT_ESTABLISHED | CASH_CONVERSION_SUPPORTED | BALANCE_SHEET_RESILIENT | INTEREST_COVERAGE_SUPPORTED | SECTOR_LOGIC_CYCLICAL | GROWTH_CONFIRMED_THREE_PERIODS | VALUATION_SECTOR_CYCLICAL_NORMALIZED_EPS | SIMPLIFIED_DCF_AVAILABLE | MOPS_SINGLE_ELIGIBLE_FILING,MOPS_EXACT,59a48dc676b85c0c6ebaa4e66f762e7cd5f629d9420e438db5aed2d9162fa12f,True
2603,2025-09-30,2025-11-12T19:56:44+08:00,2025-11-12,2025-11-13,ACCEPTABLE,DETERIORATING,DETERIORATING,LOW,PARTIAL,PROFITABILITY_DURABLE | GROWTH_DURABLE_NOT_ESTABLISHED | CASH_CONVERSION_SUPPORTED | BALANCE_SHEET_RESILIENT | INTEREST_COVERAGE_SUPPORTED | SECTOR_LOGIC_CYCLICAL | DETERIORATION_CORROBORATED | VALUATION_SECTOR_CYCLICAL_NORMALIZED_EPS | SIMPLIFIED_DCF_AVAILABLE | MOPS_SINGLE_ELIGIBLE_FILING,MOPS_EXACT,90a0ef2fb8b11719fe4190632a84056e051b0085941bd7d0e431e02a2ca6cb5e,True
2603,2025-12-31,2026-03-13T19:53:19+08:00,2026-03-13,2026-03-16,ACCEPTABLE,DETERIORATING,DETERIORATING,LOW,PARTIAL,PROFITABILITY_DURABLE | GROWTH_DURABLE_NOT_ESTABLISHED | CASH_CONVERSION_SUPPORTED | BALANCE_SHEET_RESILIENT | INTEREST_COVERAGE_SUPPORTED | SECTOR_LOGIC_CYCLICAL | DETERIORATION_CORROBORATED | VALUATION_SECTOR_CYCLICAL_NORMALIZED_EPS | SIMPLIFIED_DCF_AVAILABLE | MOPS_CONSOLIDATED_PREFERRED_OVER_INDIVIDUAL,MOPS_EXACT,9ec7803659d394a3b2df2baebcd33454cb9b3914677b9d56b2ced20858650e3c,True
2603,2026-03-31,2026-05-14T19:35:55+08:00,2026-05-14,2026-05-15,ACCEPTABLE,DETERIORATING,DETERIORATING,LOW,PARTIAL,PROFITABILITY_DURABLE | GROWTH_DURABLE_NOT_ESTABLISHED | CASH_CONVERSION_SUPPORTED | BALANCE_SHEET_RESILIENT | INTEREST_COVERAGE_SUPPORTED | SECTOR_LOGIC_CYCLICAL | DETERIORATION_CORROBORATED | VALUATION_SECTOR_CYCLICAL_NORMALIZED_EPS | SIMPLIFIED_DCF_AVAILABLE | MOPS_SINGLE_ELIGIBLE_FILING,MOPS_EXACT,08e1edada2b11c9e14446547d8f50da71f6b9a61b39ce9c3cbac64ab2fd37ce2,True
2603,2026-06-30,2026-08-13T19:23:53+08:00,2026-08-13,2026-08-14,ACCEPTABLE,UNKNOWN,UNKNOWN,LOW,PARTIAL,PROFITABILITY_DURABLE | GROWTH_DURABLE_NOT_ESTABLISHED | CASH_CONVERSION_SUPPORTED | BALANCE_SHEET_RESILIENT | INTEREST_COVERAGE_SUPPORTED | SECTOR_LOGIC_CYCLICAL | MIXED_FUNDAMENTAL_DIRECTION | VALUATION_SECTOR_CYCLICAL_NORMALIZED_EPS | SIMPLIFIED_DCF_AVAILABLE | MOPS_SINGLE_ELIGIBLE_FILING,MOPS_EXACT,e910dc114ca2a6db5334160fc789cb3fa1d5ea5ac1b41d027483f415bda08eee,True
3008,2016-03-31,2016-05-12T13:54:41+08:00,2016-05-12,2016-05-13,UNKNOWN,UNKNOWN,UNKNOWN,N/M,INSUFFICIENT,QUALITY_HISTORY_INSUFFICIENT | STATE_HISTORY_INSUFFICIENT | VALUATION_HISTORY_INSUFFICIENT | SIMPLIFIED_DCF_NOT_APPLICABLE | MOPS_SINGLE_ELIGIBLE_FILING,MOPS_EXACT,6bc60c0f81efcd19e3c5f69247ef94b5a74a150a5cf5c78b8347aa7bad288428,True
3008,2016-06-30,2016-08-12T15:55:02+08:00,2016-08-12,2016-08-15,UNKNOWN,UNKNOWN,UNKNOWN,HIGH,INSUFFICIENT,QUALITY_HISTORY_INSUFFICIENT | STATE_HISTORY_INSUFFICIENT | HISTORICAL_VALUATION_HIGH | SIMPLIFIED_DCF_NOT_APPLICABLE | MOPS_SINGLE_ELIGIBLE_FILING,MOPS_EXACT,38835aee94c15c7415746d6b30658f54fff58f8215f08b4962e6bee5e2f59c80,True
3008,2016-09-30,2016-11-08T15:25:08+08:00,2016-11-08,2016-11-09,UNKNOWN,UNKNOWN,UNKNOWN,NORMAL,INSUFFICIENT,QUALITY_HISTORY_INSUFFICIENT | STATE_HISTORY_INSUFFICIENT | HISTORICAL_VALUATION_NORMAL | SIMPLIFIED_DCF_NOT_APPLICABLE | MOPS_SINGLE_ELIGIBLE_FILING,MOPS_EXACT,0a786b8a6534456e8ed4c9fbe4b6c27d67f41dda1fbedbb44c446c95412587af,True
3008,2016-12-31,2017-02-24T15:52:32+08:00,2017-02-24,2017-03-01,UNKNOWN,UNKNOWN,UNKNOWN,HIGH,INSUFFICIENT,QUALITY_HISTORY_INSUFFICIENT | STATE_HISTORY_INSUFFICIENT | HISTORICAL_VALUATION_HIGH | SIMPLIFIED_DCF_AVAILABLE | MOPS_CONSOLIDATED_PREFERRED_OVER_INDIVIDUAL,MOPS_EXACT,8d4f2366f85d72737db7414bf921b98bda7f010b6bafada1eed20847c74d6ced,True
3008,2017-03-31,2017-05-12T16:26:59+08:00,2017-05-12,2017-05-15,UNKNOWN,UNKNOWN,UNKNOWN,HIGH,INSUFFICIENT,QUALITY_HISTORY_INSUFFICIENT | STATE_HISTORY_INSUFFICIENT | HISTORICAL_VALUATION_HIGH | SIMPLIFIED_DCF_AVAILABLE | MOPS_SINGLE_ELIGIBLE_FILING,MOPS_EXACT,8ee8454687815324b3b23660edfb25c7a790ac5ae4039689c3901da97fb8e117,True
3008,2017-06-30,2017-08-11T11:53:12+08:00,2017-08-11,2017-08-14,UNKNOWN,UNKNOWN,UNKNOWN,HIGH,INSUFFICIENT,QUALITY_HISTORY_INSUFFICIENT | STATE_HISTORY_INSUFFICIENT | HISTORICAL_VALUATION_HIGH | SIMPLIFIED_DCF_AVAILABLE | MOPS_SINGLE_ELIGIBLE_FILING,MOPS_EXACT,7394cf826f5f3341242179b00aeb5ca7800d07fe3da07bbba1b1d171537092d6,True
3008,2017-09-30,2017-11-08T10:46:42+08:00,2017-11-08,2017-11-09,UNKNOWN,UNKNOWN,UNKNOWN,HIGH,INSUFFICIENT,QUALITY_HISTORY_INSUFFICIENT | STATE_HISTORY_INSUFFICIENT | HISTORICAL_VALUATION_HIGH | SIMPLIFIED_DCF_AVAILABLE | MOPS_SINGLE_ELIGIBLE_FILING,MOPS_EXACT,e493a40b03f5787fa129f66ca213caab42d23559e90deb3a6a30a627492ba48a,True
3008,2017-12-31,2018-02-27T14:48:58+08:00,2018-02-27,2018-03-01,UNKNOWN,UNKNOWN,UNKNOWN,LOW,INSUFFICIENT,QUALITY_HISTORY_INSUFFICIENT | STATE_HISTORY_INSUFFICIENT | HISTORICAL_VALUATION_LOW | SIMPLIFIED_DCF_AVAILABLE | MOPS_CONSOLIDATED_PREFERRED_OVER_INDIVIDUAL,MOPS_EXACT,5a8018f4bb86266df36b8659735e6a84c2a28ef8fb6d8af3ea7fe96bd79dcbb2,True
3008,2018-03-31,2018-05-14T14:50:32+08:00,2018-05-14,2018-05-15,UNKNOWN,UNKNOWN,UNKNOWN,NORMAL,INSUFFICIENT,QUALITY_HISTORY_INSUFFICIENT | STATE_HISTORY_INSUFFICIENT | HISTORICAL_VALUATION_NORMAL | SIMPLIFIED_DCF_AVAILABLE | MOPS_SINGLE_ELIGIBLE_FILING,MOPS_EXACT,61b98fe240d2f5e06231111c106c563d351af8e8f6c0955204f0a2ee37549d42,True
3008,2018-06-30,2018-08-14T14:39:20+08:00,2018-08-14,2018-08-15,UNKNOWN,UNKNOWN,UNKNOWN,NORMAL,INSUFFICIENT,QUALITY_HISTORY_INSUFFICIENT | STATE_HISTORY_INSUFFICIENT | HISTORICAL_VALUATION_NORMAL | SIMPLIFIED_DCF_AVAILABLE | MOPS_SINGLE_ELIGIBLE_FILING,MOPS_EXACT,8ca46aaccb1f7f3458065cc13aa5dd6781a7ec99d9d0f5d43f7395f5320f3bc3,True
3008,2018-09-30,2018-11-13T14:23:43+08:00,2018-11-13,2018-11-14,UNKNOWN,STABLE,CONFIRMED_GROWTH,LOW,INSUFFICIENT,QUALITY_HISTORY_INSUFFICIENT | GROWTH_CONFIRMED_THREE_PERIODS | HISTORICAL_VALUATION_LOW | SIMPLIFIED_DCF_AVAILABLE | MOPS_SINGLE_ELIGIBLE_FILING,MOPS_EXACT,edd11dce29b3369d9d8ff01c743c876f8f77026a19a642d1ea1631bf42ad9cf5,True
3008,2018-12-31,2019-02-27T08:55:03+08:00,2019-02-27,2019-03-04,UNKNOWN,UNKNOWN,UNKNOWN,NORMAL,INSUFFICIENT,METRIC_COVERAGE_INSUFFICIENT_TTM_REVENUE | METRIC_COVERAGE_INSUFFICIENT_TTM_EPS | METRIC_COVERAGE_INSUFFICIENT_ROE | METRIC_COVERAGE_INSUFFICIENT_ROIC | MIXED_FUNDAMENTAL_DIRECTION | HISTORICAL_VALUATION_NORMAL | SIMPLIFIED_DCF_AVAILABLE | MOPS_CONSOLIDATED_PREFERRED_OVER_INDIVIDUAL,MOPS_EXACT,6f1aad3a25a89d6fe0fdf3b51117e253a5cba30f86fb1e2fce157d7875faf330,True
3008,2019-03-31,2019-05-13T14:55:34+08:00,2019-05-13,2019-05-14,UNKNOWN,UNKNOWN,UNKNOWN,NORMAL,INSUFFICIENT,METRIC_COVERAGE_INSUFFICIENT_TTM_REVENUE | METRIC_COVERAGE_INSUFFICIENT_TTM_EPS | METRIC_COVERAGE_INSUFFICIENT_ROE | METRIC_COVERAGE_INSUFFICIENT_ROIC | MIXED_FUNDAMENTAL_DIRECTION | HISTORICAL_VALUATION_NORMAL | SIMPLIFIED_DCF_AVAILABLE | MOPS_SINGLE_ELIGIBLE_FILING,MOPS_EXACT,d9b59387f36d422486e9fd0e71361f5cba11f10dc3e51b62c841bd1c8fc3835d,True
3008,2019-06-30,2019-08-09T11:15:49+08:00,2019-08-09,2019-08-12,UNKNOWN,IMPROVING,TURNING_UP,NORMAL,INSUFFICIENT,METRIC_COVERAGE_INSUFFICIENT_TTM_REVENUE | METRIC_COVERAGE_INSUFFICIENT_TTM_EPS | METRIC_COVERAGE_INSUFFICIENT_ROE | METRIC_COVERAGE_INSUFFICIENT_ROIC | EARLY_REVENUE_RECOVERY | RECOVERY_CORROBORATED | HISTORICAL_VALUATION_NORMAL | SIMPLIFIED_DCF_AVAILABLE | MOPS_SINGLE_ELIGIBLE_FILING,MOPS_EXACT,1497b78324fa19f37950d14ac447b0821014b96ea0f5279250125b985bba8e47,True
3008,2019-09-30,2019-11-12T14:09:45+08:00,2019-11-12,2019-11-13,UNKNOWN,UNKNOWN,UNKNOWN,NORMAL,INSUFFICIENT,METRIC_COVERAGE_INSUFFICIENT_ROE | METRIC_COVERAGE_INSUFFICIENT_ROIC | MIXED_FUNDAMENTAL_DIRECTION | HISTORICAL_VALUATION_NORMAL | SIMPLIFIED_DCF_AVAILABLE | MOPS_SINGLE_ELIGIBLE_FILING,MOPS_EXACT,97d1c0fc4c9793d91242bb5bf9f1c12edcbab056fbe3bff1edfe028e4302743d,True
3008,2019-12-31,2020-02-27T14:44:14+08:00,2020-02-27,2020-03-02,ACCEPTABLE,IMPROVING,TURNING_UP,NORMAL,OK,PROFITABILITY_DURABLE | GROWTH_DURABLE_NOT_ESTABLISHED | CASH_CONVERSION_SUPPORTED | BALANCE_SHEET_RESILIENT | INTEREST_COVERAGE_SUPPORTED | EARLY_REVENUE_RECOVERY | RECOVERY_CORROBORATED | HISTORICAL_VALUATION_NORMAL | SIMPLIFIED_DCF_AVAILABLE | MOPS_CONSOLIDATED_PREFERRED_OVER_INDIVIDUAL,MOPS_EXACT,f38ba19ab0134fba490987b0f7abccbed4b70d2e6d443d4446b98e9502ee1d82,True
3008,2020-03-31,2020-04-22T15:58:11+08:00,2020-04-22,2020-04-23,ACCEPTABLE,IMPROVING,TURNING_UP,LOW,OK,PROFITABILITY_DURABLE | GROWTH_DURABLE_NOT_ESTABLISHED | CASH_CONVERSION_SUPPORTED | BALANCE_SHEET_RESILIENT | INTEREST_COVERAGE_SUPPORTED | EARLY_REVENUE_RECOVERY | RECOVERY_CORROBORATED | HISTORICAL_VALUATION_LOW | SIMPLIFIED_DCF_AVAILABLE | MOPS_SINGLE_ELIGIBLE_FILING,MOPS_EXACT,234663adcdfb1d8c2f92d56940e93d3ac9d6df22c8dc232f45e1367bd949b7f1,True
3008,2020-06-30,2020-07-28T10:42:50+08:00,2020-07-28,2020-07-29,ACCEPTABLE,STABLE,CONFIRMED_GROWTH,LOW,OK,PROFITABILITY_DURABLE | GROWTH_DURABLE_NOT_ESTABLISHED | CASH_CONVERSION_SUPPORTED | BALANCE_SHEET_RESILIENT | INTEREST_COVERAGE_SUPPORTED | GROWTH_CONFIRMED_THREE_PERIODS | HISTORICAL_VALUATION_LOW | SIMPLIFIED_DCF_AVAILABLE | MOPS_SINGLE_ELIGIBLE_FILING,MOPS_EXACT,538afa2dcdb85142ca416174462431f423b14cda293c88dd7453fe943cc207db,True
3008,2020-09-30,2020-10-27T14:06:34+08:00,2020-10-27,2020-10-28,ACCEPTABLE,DETERIORATING,DETERIORATING,LOW,OK,PROFITABILITY_DURABLE | GROWTH_DURABLE_NOT_ESTABLISHED | CASH_CONVERSION_SUPPORTED | BALANCE_SHEET_RESILIENT | INTEREST_COVERAGE_SUPPORTED | DETERIORATION_CORROBORATED | HISTORICAL_VALUATION_LOW | SIMPLIFIED_DCF_AVAILABLE | MOPS_SINGLE_ELIGIBLE_FILING,MOPS_EXACT,c2aef242a21f5c4060c71996ab21c80c42ec430a84714a762e51738e21dfc9e6,True
3008,2020-12-31,2021-02-23T14:31:08+08:00,2021-02-23,2021-02-24,ACCEPTABLE,DETERIORATING,DETERIORATING,NORMAL,OK,PROFITABILITY_DURABLE | GROWTH_DURABLE_NOT_ESTABLISHED | CASH_CONVERSION_SUPPORTED | BALANCE_SHEET_RESILIENT | INTEREST_COVERAGE_SUPPORTED | DETERIORATION_CORROBORATED | HISTORICAL_VALUATION_NORMAL | SIMPLIFIED_DCF_AVAILABLE | MOPS_CONSOLIDATED_PREFERRED_OVER_INDIVIDUAL,MOPS_EXACT,d9e5c8d4e6c24479dd06dcfb3b4a4f3054b487bd20fca808886742bf531a74c6,True
3008,2021-03-31,2021-04-28T08:40:29+08:00,2021-04-28,2021-04-29,ACCEPTABLE,DETERIORATING,DETERIORATING,NORMAL,OK,PROFITABILITY_DURABLE | GROWTH_DURABLE_NOT_ESTABLISHED | CASH_CONVERSION_SUPPORTED | BALANCE_SHEET_RESILIENT | INTEREST_COVERAGE_SUPPORTED | DETERIORATION_CORROBORATED | HISTORICAL_VALUATION_NORMAL | SIMPLIFIED_DCF_AVAILABLE | MOPS_SINGLE_ELIGIBLE_FILING,MOPS_EXACT,01aaf0bcb0d11b300298c0d76b8be6b546d8ea654bdb3197ee6e61f73d760d9b,True
3008,2021-06-30,2021-07-27T08:33:15+08:00,2021-07-27,2021-07-28,ACCEPTABLE,DETERIORATING,DETERIORATING,NORMAL,OK,PROFITABILITY_DURABLE | GROWTH_DURABLE_NOT_ESTABLISHED | CASH_CONVERSION_SUPPORTED | BALANCE_SHEET_RESILIENT | INTEREST_COVERAGE_SUPPORTED | DETERIORATION_CORROBORATED | HISTORICAL_VALUATION_NORMAL | SIMPLIFIED_DCF_AVAILABLE | MOPS_SINGLE_ELIGIBLE_FILING,MOPS_EXACT,74b123b6a495022c7bebda9d55cdbe6f5e9f9017f9639692ebdbe7e59324b210,True
3008,2021-09-30,2021-10-26T14:31:58+08:00,2021-10-26,2021-10-27,ACCEPTABLE,UNKNOWN,UNKNOWN,LOW,OK,PROFITABILITY_DURABLE | GROWTH_DURABLE_NOT_ESTABLISHED | CASH_CONVERSION_SUPPORTED | BALANCE_SHEET_RESILIENT | INTEREST_COVERAGE_SUPPORTED | MIXED_FUNDAMENTAL_DIRECTION | HISTORICAL_VALUATION_LOW | SIMPLIFIED_DCF_AVAILABLE | MOPS_SINGLE_ELIGIBLE_FILING,MOPS_EXACT,9b620886b96530b1d384ee7e9541fd7d455a750d3b235fe84c739e8fc9ef17a5,True
3008,2021-12-31,2022-02-25T08:55:09+08:00,2022-02-25,2022-03-01,ACCEPTABLE,UNKNOWN,UNKNOWN,LOW,OK,PROFITABILITY_DURABLE | GROWTH_DURABLE_NOT_ESTABLISHED | CASH_CONVERSION_SUPPORTED | BALANCE_SHEET_RESILIENT | INTEREST_COVERAGE_SUPPORTED | MIXED_FUNDAMENTAL_DIRECTION | HISTORICAL_VALUATION_LOW | SIMPLIFIED_DCF_AVAILABLE | MOPS_CONSOLIDATED_PREFERRED_OVER_INDIVIDUAL,MOPS_EXACT,18ca5963480db230cf1c0fdcd042524d5e46c0554c2f880da402a7fbeede6977,True
3008,2022-03-31,2022-04-28T13:17:22+08:00,2022-04-28,2022-04-29,ACCEPTABLE,UNKNOWN,UNKNOWN,LOW,OK,PROFITABILITY_DURABLE | GROWTH_DURABLE_NOT_ESTABLISHED | CASH_CONVERSION_SUPPORTED | BALANCE_SHEET_RESILIENT | INTEREST_COVERAGE_SUPPORTED | MIXED_FUNDAMENTAL_DIRECTION | HISTORICAL_VALUATION_LOW | SIMPLIFIED_DCF_AVAILABLE | MOPS_SINGLE_ELIGIBLE_FILING,MOPS_EXACT,343198a74f0c25983634fc725ac6e14f19a071ae26f2e831e4f247c9cb56a9e0,True
3008,2022-06-30,2022-08-03T14:07:33+08:00,2022-08-03,2022-08-04,ACCEPTABLE,UNKNOWN,UNKNOWN,LOW,OK,PROFITABILITY_DURABLE | GROWTH_DURABLE_NOT_ESTABLISHED | CASH_CONVERSION_SUPPORTED | BALANCE_SHEET_RESILIENT | INTEREST_COVERAGE_SUPPORTED | MIXED_FUNDAMENTAL_DIRECTION | HISTORICAL_VALUATION_LOW | SIMPLIFIED_DCF_AVAILABLE | MOPS_SINGLE_ELIGIBLE_FILING,MOPS_EXACT,3ca5e94951af0fc34bbf0b8f33e5c907e22f97149a0bef59949d65c810f3c9fd,True
3008,2022-09-30,2022-11-04T14:51:46+08:00,2022-11-04,2022-11-07,ACCEPTABLE,IMPROVING,BOTTOMING,LOW,OK,PROFITABILITY_DURABLE | GROWTH_DURABLE_NOT_ESTABLISHED | CASH_CONVERSION_SUPPORTED | BALANCE_SHEET_RESILIENT | INTEREST_COVERAGE_SUPPORTED | REVENUE_CONTRACTION_NARROWING | RECOVERY_CORROBORATED | HISTORICAL_VALUATION_LOW | SIMPLIFIED_DCF_AVAILABLE | MOPS_SINGLE_ELIGIBLE_FILING,MOPS_EXACT,2aec63a4e45389db2929b6f335f212e1165234868bd053eb5ab3d7b5b871ac03,True
3008,2022-12-31,2023-02-24T14:41:24+08:00,2023-02-24,2023-03-01,ACCEPTABLE,IMPROVING,TURNING_UP,LOW,OK,PROFITABILITY_DURABLE | GROWTH_DURABLE_NOT_ESTABLISHED | CASH_CONVERSION_SUPPORTED | BALANCE_SHEET_RESILIENT | INTEREST_COVERAGE_SUPPORTED | EARLY_REVENUE_RECOVERY | RECOVERY_CORROBORATED | HISTORICAL_VALUATION_LOW | SIMPLIFIED_DCF_AVAILABLE | MOPS_CONSOLIDATED_PREFERRED_OVER_INDIVIDUAL,MOPS_EXACT,a2fc86815d01f01f9c1e5222845a3d3f3ace54ea7eb1e0f544e954f669252b5f,True
3008,2023-03-31,2023-05-05T14:56:21+08:00,2023-05-05,2023-05-08,ACCEPTABLE,UNKNOWN,UNKNOWN,LOW,OK,PROFITABILITY_DURABLE | GROWTH_DURABLE_NOT_ESTABLISHED | CASH_CONVERSION_SUPPORTED | BALANCE_SHEET_RESILIENT | INTEREST_COVERAGE_SUPPORTED | MIXED_FUNDAMENTAL_DIRECTION | HISTORICAL_VALUATION_LOW | SIMPLIFIED_DCF_AVAILABLE | MOPS_SINGLE_ELIGIBLE_FILING,MOPS_EXACT,a3bcbec78b697f7a0c49909a118ebc1ae7fa8978e26239486f356b56999eff09,True
3008,2023-06-30,2023-08-01T14:20:35+08:00,2023-08-01,2023-08-02,ACCEPTABLE,UNKNOWN,UNKNOWN,NORMAL,PARTIAL,PROFITABILITY_DURABLE | GROWTH_DURABLE_NOT_ESTABLISHED | CASH_CONVERSION_SUPPORTED | BALANCE_SHEET_RESILIENT | INTEREST_COVERAGE_SUPPORTED | MIXED_FUNDAMENTAL_DIRECTION | HISTORICAL_VALUATION_NORMAL | SIMPLIFIED_DCF_AVAILABLE | MOPS_SINGLE_ELIGIBLE_FILING,MOPS_EXACT,063efdbf8d883e35e5f72a8482c36bc8e099b396bff2e01a7da36eaa5599f443,True
3008,2023-09-30,2023-11-07T16:37:21+08:00,2023-11-07,2023-11-08,ACCEPTABLE,DETERIORATING,DETERIORATING,NORMAL,OK,PROFITABILITY_DURABLE | GROWTH_DURABLE_NOT_ESTABLISHED | CASH_CONVERSION_SUPPORTED | BALANCE_SHEET_RESILIENT | INTEREST_COVERAGE_SUPPORTED | DETERIORATION_CORROBORATED | HISTORICAL_VALUATION_NORMAL | SIMPLIFIED_DCF_AVAILABLE | MOPS_SINGLE_ELIGIBLE_FILING,MOPS_EXACT,b8604cf36d9f33c2e70d2dcf0129acc0d40d066c9af81b3c150b735411788c94,True
3008,2023-12-31,2024-02-29T16:13:16+08:00,2024-02-29,2024-03-01,ACCEPTABLE,UNKNOWN,UNKNOWN,NORMAL,PARTIAL,PROFITABILITY_DURABLE | GROWTH_DURABLE_NOT_ESTABLISHED | CASH_CONVERSION_SUPPORTED | BALANCE_SHEET_RESILIENT | INTEREST_COVERAGE_SUPPORTED | MIXED_FUNDAMENTAL_DIRECTION | HISTORICAL_VALUATION_NORMAL | SIMPLIFIED_DCF_AVAILABLE | MOPS_CONSOLIDATED_PREFERRED_OVER_INDIVIDUAL,MOPS_EXACT,00c49ef9cd82d6c9f0dd584d8bd85a147f9f526b02573d0e95e812e00cfcc29b,True
3008,2024-03-31,2024-05-13T11:24:27+08:00,2024-05-13,2024-05-14,WEAK,IMPROVING,TURNING_UP,LOW,PARTIAL,PROFITABILITY_DURABLE | GROWTH_DURABLE_NOT_ESTABLISHED | CASH_CONVERSION_SUPPORTED | BALANCE_SHEET_RESILIENT_NOT_ESTABLISHED | INTEREST_COVERAGE_NOT_ESTABLISHED | EARLY_REVENUE_RECOVERY | RECOVERY_CORROBORATED | HISTORICAL_VALUATION_LOW | SIMPLIFIED_DCF_AVAILABLE | MOPS_SINGLE_ELIGIBLE_FILING,MOPS_EXACT,9b9317169d61ab7123eea661c0aeb7f0d17cced6aea379c574fe87dba68338c5,True
3008,2024-06-30,2024-08-05T14:51:04+08:00,2024-08-05,2024-08-06,WEAK,IMPROVING,TURNING_UP,NORMAL,PARTIAL,PROFITABILITY_DURABLE | GROWTH_DURABLE | CASH_CONVERSION_SUPPORTED | BALANCE_SHEET_RESILIENT_NOT_ESTABLISHED | INTEREST_COVERAGE_NOT_ESTABLISHED | EARLY_REVENUE_RECOVERY | RECOVERY_CORROBORATED | HISTORICAL_VALUATION_NORMAL | SIMPLIFIED_DCF_AVAILABLE | MOPS_SINGLE_ELIGIBLE_FILING,MOPS_EXACT,35751103f6f891e4cda514c1d7e5127b0673e9cf14ede06ad9f707ef9329a970,True
3008,2024-09-30,2024-11-06T14:04:02+08:00,2024-11-06,2024-11-07,ACCEPTABLE,IMPROVING,TURNING_UP,LOW,OK,PROFITABILITY_DURABLE | GROWTH_DURABLE_NOT_ESTABLISHED | CASH_CONVERSION_SUPPORTED | BALANCE_SHEET_RESILIENT | INTEREST_COVERAGE_SUPPORTED | EARLY_REVENUE_RECOVERY | RECOVERY_CORROBORATED | HISTORICAL_VALUATION_LOW | SIMPLIFIED_DCF_AVAILABLE | MOPS_SINGLE_ELIGIBLE_FILING,MOPS_EXACT,8a796d28712ed08aae6ad5c9db9d5534d68ecc6ce356e327279e325385ec3736,True
3008,2024-12-31,2025-02-27T14:18:36+08:00,2025-02-27,2025-03-03,GOOD,STABLE,CONFIRMED_GROWTH,LOW,OK,PROFITABILITY_DURABLE | GROWTH_DURABLE | CASH_CONVERSION_SUPPORTED | BALANCE_SHEET_RESILIENT | INTEREST_COVERAGE_SUPPORTED | GROWTH_CONFIRMED_THREE_PERIODS | HISTORICAL_VALUATION_LOW | SIMPLIFIED_DCF_AVAILABLE | MOPS_CONSOLIDATED_PREFERRED_OVER_INDIVIDUAL,MOPS_EXACT,aad81272e24e30b85648c4f5aa1ea77c7a9321c2474d710e47a100f173aaf3d4,True
3008,2025-03-31,2025-05-12T11:05:49+08:00,2025-05-12,2025-05-13,ACCEPTABLE,STABLE,CONFIRMED_GROWTH,LOW,OK,PROFITABILITY_DURABLE | GROWTH_DURABLE_NOT_ESTABLISHED | CASH_CONVERSION_SUPPORTED | BALANCE_SHEET_RESILIENT | INTEREST_COVERAGE_SUPPORTED | GROWTH_CONFIRMED_THREE_PERIODS | HISTORICAL_VALUATION_LOW | SIMPLIFIED_DCF_AVAILABLE | MOPS_SINGLE_ELIGIBLE_FILING,MOPS_EXACT,f2fb4943123427344519a8109ceec0e424cfc0cbf9eaf7bdf68c1569d7225279,True
3008,2025-06-30,2025-08-08T09:36:06+08:00,2025-08-08,2025-08-11,ACCEPTABLE,STABLE,CONFIRMED_GROWTH,LOW,OK,PROFITABILITY_DURABLE | GROWTH_DURABLE_NOT_ESTABLISHED | CASH_CONVERSION_SUPPORTED | BALANCE_SHEET_RESILIENT | INTEREST_COVERAGE_SUPPORTED | GROWTH_CONFIRMED_THREE_PERIODS | HISTORICAL_VALUATION_LOW | SIMPLIFIED_DCF_AVAILABLE | MOPS_SINGLE_ELIGIBLE_FILING,MOPS_EXACT,526303e77bde8a654bf359e64e89c48687b8de12af5ba9c221c9b5054612cba1,True
3008,2025-09-30,2025-11-05T14:04:16+08:00,2025-11-05,2025-11-06,ACCEPTABLE,STABLE,CONFIRMED_GROWTH,LOW,OK,PROFITABILITY_DURABLE | GROWTH_DURABLE_NOT_ESTABLISHED | CASH_CONVERSION_SUPPORTED | BALANCE_SHEET_RESILIENT | INTEREST_COVERAGE_SUPPORTED | GROWTH_CONFIRMED_THREE_PERIODS | HISTORICAL_VALUATION_LOW | SIMPLIFIED_DCF_AVAILABLE | MOPS_SINGLE_ELIGIBLE_FILING,MOPS_EXACT,4584ee1ca81c47b1111b5e702c3f25ada1b45a0bb217bec143e9a6f0e75dec66,True
3008,2025-12-31,2026-02-26T14:04:56+08:00,2026-02-26,2026-03-02,ACCEPTABLE,DETERIORATING,DETERIORATING,NORMAL,PARTIAL,PROFITABILITY_DURABLE | GROWTH_DURABLE_NOT_ESTABLISHED | CASH_CONVERSION_SUPPORTED | BALANCE_SHEET_RESILIENT | INTEREST_COVERAGE_SUPPORTED | DETERIORATION_CORROBORATED | HISTORICAL_VALUATION_NORMAL | SIMPLIFIED_DCF_AVAILABLE | MOPS_CONSOLIDATED_PREFERRED_OVER_INDIVIDUAL,MOPS_EXACT,4b8236def9a5130e7071b34750dcdee35b09f478a13358f2fa1f05be09666927,True
3008,2026-03-31,2026-04-30T13:58:01+08:00,2026-04-30,2026-05-04,ACCEPTABLE,DETERIORATING,DETERIORATING,NORMAL,OK,PROFITABILITY_DURABLE | GROWTH_DURABLE_NOT_ESTABLISHED | CASH_CONVERSION_SUPPORTED | BALANCE_SHEET_RESILIENT | INTEREST_COVERAGE_SUPPORTED | DETERIORATION_CORROBORATED | HISTORICAL_VALUATION_NORMAL | SIMPLIFIED_DCF_AVAILABLE | MOPS_SINGLE_ELIGIBLE_FILING,MOPS_EXACT,b32e18b436914c93987a359ec67b6556246742f3ba81fa0e62611e4bbaf0f253,True
3008,2026-06-30,2026-08-06T13:53:40+08:00,2026-08-06,2026-08-07,GOOD,UNKNOWN,UNKNOWN,NORMAL,OK,PROFITABILITY_DURABLE | GROWTH_DURABLE | CASH_CONVERSION_SUPPORTED | BALANCE_SHEET_RESILIENT | INTEREST_COVERAGE_SUPPORTED | MIXED_FUNDAMENTAL_DIRECTION | HISTORICAL_VALUATION_NORMAL | SIMPLIFIED_DCF_AVAILABLE | MOPS_SINGLE_ELIGIBLE_FILING,MOPS_EXACT,78efe43cfc6ce2d28619e0b4d18f5e41d9f2dbcfadfbf0e59d39c2427257b758,True
3017,2016-03-31,2016-05-12T16:44:20+08:00,2016-05-12,2016-05-13,UNKNOWN,UNKNOWN,UNKNOWN,N/M,INSUFFICIENT,QUALITY_HISTORY_INSUFFICIENT | STATE_HISTORY_INSUFFICIENT | VALUATION_HISTORY_INSUFFICIENT | SIMPLIFIED_DCF_NOT_APPLICABLE | MOPS_SINGLE_ELIGIBLE_FILING,MOPS_EXACT,1bfb4f76025f66eea3795222747c6e9fe2fd5e594cd8805da1bb88924f602c02,True
3017,2016-06-30,2016-08-10T16:47:57+08:00,2016-08-10,2016-08-11,UNKNOWN,UNKNOWN,UNKNOWN,NORMAL,INSUFFICIENT,QUALITY_HISTORY_INSUFFICIENT | STATE_HISTORY_INSUFFICIENT | HISTORICAL_VALUATION_NORMAL | SIMPLIFIED_DCF_NOT_APPLICABLE | MOPS_SINGLE_ELIGIBLE_FILING,MOPS_EXACT,80034eb619dad642cd1ca4005ee2636c0fbc24380d1cda7eeef1a03125859960,True
3017,2016-09-30,2016-11-10T13:34:39+08:00,2016-11-10,2016-11-11,UNKNOWN,UNKNOWN,UNKNOWN,LOW,INSUFFICIENT,QUALITY_HISTORY_INSUFFICIENT | STATE_HISTORY_INSUFFICIENT | HISTORICAL_VALUATION_LOW | SIMPLIFIED_DCF_NOT_APPLICABLE | MOPS_SINGLE_ELIGIBLE_FILING,MOPS_EXACT,a3b935c494cb793896fa5d959e2584db0ca23587132736ef3b38128e4aceb4d3,True
3017,2016-12-31,2017-03-22T16:24:58+08:00,2017-03-22,2017-03-23,UNKNOWN,UNKNOWN,UNKNOWN,NORMAL,INSUFFICIENT,QUALITY_HISTORY_INSUFFICIENT | STATE_HISTORY_INSUFFICIENT | HISTORICAL_VALUATION_NORMAL | SIMPLIFIED_DCF_AVAILABLE | MOPS_CONSOLIDATED_PREFERRED_OVER_INDIVIDUAL,MOPS_EXACT,c615273867b334ac83f1b96ea856d793b72ea233f40dc625b844f1a45675cd26,True
3017,2017-03-31,2017-05-10T18:05:35+08:00,2017-05-10,2017-05-11,UNKNOWN,UNKNOWN,UNKNOWN,LOW,INSUFFICIENT,QUALITY_HISTORY_INSUFFICIENT | STATE_HISTORY_INSUFFICIENT | HISTORICAL_VALUATION_LOW | SIMPLIFIED_DCF_NOT_APPLICABLE | MOPS_SINGLE_ELIGIBLE_FILING,MOPS_EXACT,4107d6d8e7f71bc5222cd21e3992273881b66ff8e59c1a4374365499d8362cf8,True
3017,2017-06-30,2017-08-08T15:33:38+08:00,2017-08-08,2017-08-09,UNKNOWN,UNKNOWN,UNKNOWN,LOW,INSUFFICIENT,QUALITY_HISTORY_INSUFFICIENT | STATE_HISTORY_INSUFFICIENT | HISTORICAL_VALUATION_LOW | SIMPLIFIED_DCF_AVAILABLE | MOPS_SINGLE_ELIGIBLE_FILING,MOPS_EXACT,8c6bdecbc37f8567d2c951020217528f0145f1604a99ecec3d54fee3b7a0cac4,True
3017,2017-09-30,2017-11-08T15:37:08+08:00,2017-11-08,2017-11-09,UNKNOWN,UNKNOWN,UNKNOWN,NORMAL,INSUFFICIENT,QUALITY_HISTORY_INSUFFICIENT | STATE_HISTORY_INSUFFICIENT | HISTORICAL_VALUATION_NORMAL | SIMPLIFIED_DCF_AVAILABLE | MOPS_SINGLE_ELIGIBLE_FILING,MOPS_EXACT,795a247d71e5d768bdfc2894a181619b3b99cd979418e2997863f3239422a801,True
3017,2017-12-31,2018-03-20T19:55:02+08:00,2018-03-20,2018-03-21,UNKNOWN,UNKNOWN,UNKNOWN,NORMAL,INSUFFICIENT,QUALITY_HISTORY_INSUFFICIENT | STATE_HISTORY_INSUFFICIENT | HISTORICAL_VALUATION_NORMAL | SIMPLIFIED_DCF_AVAILABLE | MOPS_CONSOLIDATED_PREFERRED_OVER_INDIVIDUAL,MOPS_EXACT,c4751ee578408ec3748ae1a6708bd31853a71141fab5a3595a6bb8942369193a,True
3017,2018-03-31,2018-05-10T17:07:08+08:00,2018-05-10,2018-05-11,UNKNOWN,UNKNOWN,UNKNOWN,NORMAL,INSUFFICIENT,QUALITY_HISTORY_INSUFFICIENT | STATE_HISTORY_INSUFFICIENT | HISTORICAL_VALUATION_NORMAL | SIMPLIFIED_DCF_AVAILABLE | MOPS_SINGLE_ELIGIBLE_FILING,MOPS_EXACT,c218a849e67aaf45ce432d7d20602d1cb7672909797fbd2231e2b950413b966b,True
3017,2018-06-30,2018-08-08T16:48:57+08:00,2018-08-08,2018-08-09,UNKNOWN,UNKNOWN,UNKNOWN,HIGH,INSUFFICIENT,QUALITY_HISTORY_INSUFFICIENT | STATE_HISTORY_INSUFFICIENT | HISTORICAL_VALUATION_HIGH | SIMPLIFIED_DCF_NOT_APPLICABLE | MOPS_SINGLE_ELIGIBLE_FILING,MOPS_EXACT,27fc70f4c40bd95167a04cfcc8a012a63ebf0880d87f7db41379d5488ca2bc80,True
3017,2018-09-30,2018-11-08T16:26:56+08:00,2018-11-08,2018-11-09,UNKNOWN,UNKNOWN,UNKNOWN,LOW,INSUFFICIENT,QUALITY_HISTORY_INSUFFICIENT | MIXED_FUNDAMENTAL_DIRECTION | HISTORICAL_VALUATION_LOW | SIMPLIFIED_DCF_AVAILABLE | MOPS_SINGLE_ELIGIBLE_FILING,MOPS_EXACT,c37caef677540e053a949a839ebf9c222dc22b18069e52b81e4975e607385eb4,True
3017,2018-12-31,2019-03-13T18:27:21+08:00,2019-03-13,2019-03-14,UNKNOWN,IMPROVING,TURNING_UP,HIGH,INSUFFICIENT,METRIC_COVERAGE_INSUFFICIENT_TTM_REVENUE | METRIC_COVERAGE_INSUFFICIENT_TTM_EPS | METRIC_COVERAGE_INSUFFICIENT_ROE | METRIC_COVERAGE_INSUFFICIENT_ROIC | EARLY_REVENUE_RECOVERY | RECOVERY_CORROBORATED | HISTORICAL_VALUATION_HIGH | SIMPLIFIED_DCF_NOT_APPLICABLE | MOPS_CONSOLIDATED_PREFERRED_OVER_INDIVIDUAL,MOPS_EXACT,a5c3d673afc819c5c96315b6b5eca3697d36bf47cf09fc4f704893a630250c2f,True
3017,2019-03-31,2019-05-09T15:03:22+08:00,2019-05-09,2019-05-10,UNKNOWN,IMPROVING,TURNING_UP,HIGH,INSUFFICIENT,METRIC_COVERAGE_INSUFFICIENT_TTM_REVENUE | METRIC_COVERAGE_INSUFFICIENT_TTM_EPS | METRIC_COVERAGE_INSUFFICIENT_ROE | METRIC_COVERAGE_INSUFFICIENT_ROIC | EARLY_REVENUE_RECOVERY | RECOVERY_CORROBORATED | HISTORICAL_VALUATION_HIGH | SIMPLIFIED_DCF_AVAILABLE | MOPS_SINGLE_ELIGIBLE_FILING,MOPS_EXACT,637b79bebbd09065d0feb5f326ff0c3891f2f61038a8c40c0e897cf47d30e0cb,True
3017,2019-06-30,2019-08-06T18:09:31+08:00,2019-08-06,2019-08-07,UNKNOWN,IMPROVING,TURNING_UP,HIGH,INSUFFICIENT,METRIC_COVERAGE_INSUFFICIENT_TTM_REVENUE | METRIC_COVERAGE_INSUFFICIENT_TTM_EPS | METRIC_COVERAGE_INSUFFICIENT_ROE | METRIC_COVERAGE_INSUFFICIENT_ROIC | EARLY_REVENUE_RECOVERY | RECOVERY_CORROBORATED | HISTORICAL_VALUATION_HIGH | SIMPLIFIED_DCF_AVAILABLE | MOPS_SINGLE_ELIGIBLE_FILING,MOPS_EXACT,731c025f869068e5244f1663cf0996c61e4b59896ef4463923ab8d3561ad6862,True
3017,2019-09-30,2019-11-13T15:15:00+08:00,2019-11-13,2019-11-14,UNKNOWN,IMPROVING,TURNING_UP,HIGH,INSUFFICIENT,METRIC_COVERAGE_INSUFFICIENT_ROE | METRIC_COVERAGE_INSUFFICIENT_ROIC | EARLY_REVENUE_RECOVERY | RECOVERY_CORROBORATED | HISTORICAL_VALUATION_HIGH | SIMPLIFIED_DCF_NOT_APPLICABLE | MOPS_SINGLE_ELIGIBLE_FILING,MOPS_EXACT,c3cf52095ed1e56d35afbd34b17942afa66fa83cdf28509746230473c7b8a05b,True
3017,2019-12-31,2020-03-13T15:45:04+08:00,2020-03-13,2020-03-16,UNKNOWN,IMPROVING,TURNING_UP,NORMAL,INSUFFICIENT,METRIC_COVERAGE_INSUFFICIENT_ROE | METRIC_COVERAGE_INSUFFICIENT_ROIC | EARLY_REVENUE_RECOVERY | RECOVERY_CORROBORATED | HISTORICAL_VALUATION_NORMAL | SIMPLIFIED_DCF_AVAILABLE | MOPS_CONSOLIDATED_PREFERRED_OVER_INDIVIDUAL,MOPS_EXACT,f548dc53743ddeb35e19f5bc5db32befacd3213c894335b33566802203508899,True
3017,2020-03-31,2020-05-14T13:39:02+08:00,2020-05-14,2020-05-15,UNKNOWN,IMPROVING,TURNING_UP,NORMAL,INSUFFICIENT,METRIC_COVERAGE_INSUFFICIENT_ROE | METRIC_COVERAGE_INSUFFICIENT_ROIC | EARLY_REVENUE_RECOVERY | RECOVERY_CORROBORATED | HISTORICAL_VALUATION_NORMAL | SIMPLIFIED_DCF_AVAILABLE | MOPS_SINGLE_ELIGIBLE_FILING,MOPS_EXACT,b5e00d01c6d8146528df6d581aba4807fa32fad7ac3e1bb99c855b8c70e2e329,True
3017,2020-06-30,2020-08-11T15:24:28+08:00,2020-08-11,2020-08-12,UNKNOWN,STABLE,CONFIRMED_GROWTH,NORMAL,INSUFFICIENT,METRIC_COVERAGE_INSUFFICIENT_ROE | METRIC_COVERAGE_INSUFFICIENT_ROIC | GROWTH_CONFIRMED_THREE_PERIODS | HISTORICAL_VALUATION_NORMAL | SIMPLIFIED_DCF_AVAILABLE | MOPS_SINGLE_ELIGIBLE_FILING,MOPS_EXACT,06c297f347776ea4f57c6d9d65a95ccb94701a10e61413eb90c99e52b9c746fd,True
3017,2020-09-30,2020-11-10T15:12:44+08:00,2020-11-10,2020-11-11,UNKNOWN,STABLE,CONFIRMED_GROWTH,NORMAL,INSUFFICIENT,METRIC_COVERAGE_INSUFFICIENT_ROE | METRIC_COVERAGE_INSUFFICIENT_ROIC | GROWTH_CONFIRMED_THREE_PERIODS | HISTORICAL_VALUATION_NORMAL | SIMPLIFIED_DCF_AVAILABLE | MOPS_SINGLE_ELIGIBLE_FILING,MOPS_EXACT,63716cb491c88b216c8646b9f3098afa9b7a2503237d6ef48075c774e17f2b88,True
3017,2020-12-31,2021-03-23T17:28:34+08:00,2021-03-23,2021-03-24,UNKNOWN,STABLE,CONFIRMED_GROWTH,NORMAL,INSUFFICIENT,METRIC_COVERAGE_INSUFFICIENT_ROE | METRIC_COVERAGE_INSUFFICIENT_ROIC | GROWTH_CONFIRMED_THREE_PERIODS | HISTORICAL_VALUATION_NORMAL | SIMPLIFIED_DCF_AVAILABLE | MOPS_CONSOLIDATED_PREFERRED_OVER_INDIVIDUAL,MOPS_EXACT,1f520f1f7b99d5b21e03c168fdc598bb62423467accd2bc7bf0ceb5d950932b5,True
3017,2021-03-31,2021-05-11T14:55:47+08:00,2021-05-11,2021-05-12,GOOD,STABLE,MATURE_GROWTH,LOW,OK,PROFITABILITY_DURABLE | GROWTH_DURABLE | CASH_CONVERSION_SUPPORTED | BALANCE_SHEET_RESILIENT | INTEREST_COVERAGE_SUPPORTED | SUSTAINED_GROWTH_EIGHT_PERIODS | HISTORICAL_VALUATION_LOW | SIMPLIFIED_DCF_AVAILABLE | MOPS_SINGLE_ELIGIBLE_FILING,MOPS_EXACT,f80c8b1044610b6c36b9de2b3acdb3549bcc2893bd204eb4eab35bc81732eb7d,True
3017,2021-06-30,2021-08-06T19:55:09+08:00,2021-08-06,2021-08-09,GOOD,STABLE,MATURE_GROWTH,NORMAL,OK,PROFITABILITY_DURABLE | GROWTH_DURABLE | CASH_CONVERSION_SUPPORTED | BALANCE_SHEET_RESILIENT | INTEREST_COVERAGE_SUPPORTED | SUSTAINED_GROWTH_EIGHT_PERIODS | HISTORICAL_VALUATION_NORMAL | SIMPLIFIED_DCF_AVAILABLE | MOPS_SINGLE_ELIGIBLE_FILING,MOPS_EXACT,2a7d295b0bcb29dfb18a2c8ac91df50557d161676edefd048d0ff8aa87973c33,True
3017,2021-09-30,2021-11-11T15:09:06+08:00,2021-11-11,2021-11-12,GOOD,STABLE,MATURE_GROWTH,NORMAL,OK,PROFITABILITY_DURABLE | GROWTH_DURABLE | CASH_CONVERSION_SUPPORTED | BALANCE_SHEET_RESILIENT | INTEREST_COVERAGE_SUPPORTED | SUSTAINED_GROWTH_EIGHT_PERIODS | HISTORICAL_VALUATION_NORMAL | SIMPLIFIED_DCF_AVAILABLE | MOPS_SINGLE_ELIGIBLE_FILING,MOPS_EXACT,08d5028ce7ab0e1652767ac4d0502c6ff819facbdd4aa3c477c1b70ea2262a87,True
3017,2021-12-31,2022-03-18T16:20:04+08:00,2022-03-18,2022-03-21,GOOD,STABLE,MATURE_GROWTH,NORMAL,OK,PROFITABILITY_DURABLE | GROWTH_DURABLE | CASH_CONVERSION_SUPPORTED | BALANCE_SHEET_RESILIENT | INTEREST_COVERAGE_SUPPORTED | SUSTAINED_GROWTH_EIGHT_PERIODS | HISTORICAL_VALUATION_NORMAL | SIMPLIFIED_DCF_AVAILABLE | MOPS_CONSOLIDATED_PREFERRED_OVER_INDIVIDUAL,MOPS_EXACT,3f18fc30c468f55eed09462a872de15bb684ebb8851cc23b26dfdada19c2e7f5,True
3017,2022-03-31,2022-05-11T17:15:04+08:00,2022-05-11,2022-05-12,GOOD,STABLE,MATURE_GROWTH,NORMAL,OK,PROFITABILITY_DURABLE | GROWTH_DURABLE | CASH_CONVERSION_SUPPORTED | BALANCE_SHEET_RESILIENT | INTEREST_COVERAGE_SUPPORTED | SUSTAINED_GROWTH_EIGHT_PERIODS | HISTORICAL_VALUATION_NORMAL | SIMPLIFIED_DCF_AVAILABLE | MOPS_SINGLE_ELIGIBLE_FILING,MOPS_EXACT,bde2475b4c3af24f7cdd2d3b8f865c221c2671e700fe1502168632cc5e206f4d,True
3017,2022-06-30,2022-08-09T17:02:41+08:00,2022-08-09,2022-08-10,GOOD,STABLE,MATURE_GROWTH,NORMAL,OK,PROFITABILITY_DURABLE | GROWTH_DURABLE | CASH_CONVERSION_SUPPORTED | BALANCE_SHEET_RESILIENT | INTEREST_COVERAGE_SUPPORTED | SUSTAINED_GROWTH_EIGHT_PERIODS | HISTORICAL_VALUATION_NORMAL | SIMPLIFIED_DCF_AVAILABLE | MOPS_SINGLE_ELIGIBLE_FILING,MOPS_EXACT,46862084d162e5c1749df351a5169d91bd0fe00ed5b143c454d583e6232d71db,True
3017,2022-09-30,2022-11-11T16:25:25+08:00,2022-11-11,2022-11-14,GOOD,STABLE,MATURE_GROWTH,LOW,OK,PROFITABILITY_DURABLE | GROWTH_DURABLE | CASH_CONVERSION_SUPPORTED | BALANCE_SHEET_RESILIENT | INTEREST_COVERAGE_SUPPORTED | SUSTAINED_GROWTH_EIGHT_PERIODS | HISTORICAL_VALUATION_LOW | SIMPLIFIED_DCF_AVAILABLE | MOPS_SINGLE_ELIGIBLE_FILING,MOPS_EXACT,5b258abf5a53d0ac1ec2ba495df05f99db03e6a0e9ba7eae1878f1d354976faa,True
3017,2022-12-31,2023-03-13T17:17:43+08:00,2023-03-13,2023-03-14,GOOD,IMPROVING,TURNING_UP,LOW,OK,PROFITABILITY_DURABLE | GROWTH_DURABLE | CASH_CONVERSION_SUPPORTED | BALANCE_SHEET_RESILIENT | INTEREST_COVERAGE_SUPPORTED | EARLY_REVENUE_RECOVERY | RECOVERY_CORROBORATED | HISTORICAL_VALUATION_LOW | SIMPLIFIED_DCF_AVAILABLE | MOPS_CONSOLIDATED_PREFERRED_OVER_INDIVIDUAL,MOPS_EXACT,3aefd05aaf34a480a5062d2e878c693c78d64022521762264417edc5f32e7332,True
3017,2023-03-31,2023-05-10T17:29:01+08:00,2023-05-10,2023-05-11,GOOD,STABLE,MATURE_GROWTH,HIGH,OK,PROFITABILITY_DURABLE | GROWTH_DURABLE | CASH_CONVERSION_SUPPORTED | BALANCE_SHEET_RESILIENT | INTEREST_COVERAGE_SUPPORTED | SUSTAINED_GROWTH_EIGHT_PERIODS | HISTORICAL_VALUATION_HIGH | SIMPLIFIED_DCF_AVAILABLE | MOPS_SINGLE_ELIGIBLE_FILING,MOPS_EXACT,e9e7996e9eab2bb888c425b4a035d6699e222a5e986e8fe6fd2c5c4ab8262164,True
3017,2023-06-30,2023-08-09T16:17:43+08:00,2023-08-09,2023-08-10,GOOD,STABLE,MATURE_GROWTH,HIGH,OK,PROFITABILITY_DURABLE | GROWTH_DURABLE | CASH_CONVERSION_SUPPORTED | BALANCE_SHEET_RESILIENT | INTEREST_COVERAGE_SUPPORTED | SUSTAINED_GROWTH_EIGHT_PERIODS | HISTORICAL_VALUATION_HIGH | SIMPLIFIED_DCF_AVAILABLE | MOPS_SINGLE_ELIGIBLE_FILING,MOPS_EXACT,8d7193769c7e312ef556ebc5fa7e0847bd0a4cbd2cde77e69f05b4a76cd8bc74,True
3017,2023-09-30,2023-11-10T18:02:38+08:00,2023-11-10,2023-11-13,GOOD,STABLE,MATURE_GROWTH,HIGH,OK,PROFITABILITY_DURABLE | GROWTH_DURABLE | CASH_CONVERSION_SUPPORTED | BALANCE_SHEET_RESILIENT | INTEREST_COVERAGE_SUPPORTED | SUSTAINED_GROWTH_EIGHT_PERIODS | HISTORICAL_VALUATION_HIGH | SIMPLIFIED_DCF_AVAILABLE | MOPS_SINGLE_ELIGIBLE_FILING,MOPS_EXACT,74aba0bcd11846ca6bd2a60537e5f73186e62ade55ebd46ae8034f877980d852,True
3017,2023-12-31,2024-03-13T17:28:32+08:00,2024-03-13,2024-03-14,GOOD,STABLE,MATURE_GROWTH,HIGH,OK,PROFITABILITY_DURABLE | GROWTH_DURABLE | CASH_CONVERSION_SUPPORTED | BALANCE_SHEET_RESILIENT | INTEREST_COVERAGE_SUPPORTED | SUSTAINED_GROWTH_EIGHT_PERIODS | HISTORICAL_VALUATION_HIGH | SIMPLIFIED_DCF_AVAILABLE | MOPS_CONSOLIDATED_PREFERRED_OVER_INDIVIDUAL,MOPS_EXACT,abf99585a17de6e217e884a12d3a67fb62cad601d4b49a2fde4f54502f64e8a5,True
3017,2024-03-31,2024-05-10T17:05:31+08:00,2024-05-10,2024-05-13,GOOD,STABLE,MATURE_GROWTH,HIGH,OK,PROFITABILITY_DURABLE | GROWTH_DURABLE | CASH_CONVERSION_SUPPORTED | BALANCE_SHEET_RESILIENT | INTEREST_COVERAGE_SUPPORTED | SUSTAINED_GROWTH_EIGHT_PERIODS | HISTORICAL_VALUATION_HIGH | SIMPLIFIED_DCF_AVAILABLE | MOPS_SINGLE_ELIGIBLE_FILING,MOPS_EXACT,ff1dff1d178b6078c7e30341558b2b18a8445cd3fe40e24f5abd0b5c17c351a2,True
3017,2024-06-30,2024-08-09T14:43:33+08:00,2024-08-09,2024-08-12,GOOD,IMPROVING,TURNING_UP,HIGH,OK,PROFITABILITY_DURABLE | GROWTH_DURABLE | CASH_CONVERSION_SUPPORTED | BALANCE_SHEET_RESILIENT | INTEREST_COVERAGE_SUPPORTED | EARLY_REVENUE_RECOVERY | RECOVERY_CORROBORATED | HISTORICAL_VALUATION_HIGH | SIMPLIFIED_DCF_AVAILABLE | MOPS_SINGLE_ELIGIBLE_FILING,MOPS_EXACT,c8b05d22b9dca3e5a0199ab7750373647c3a24c637fbe06c7751309cb84bb279,True
3017,2024-09-30,2024-11-14T13:52:13+08:00,2024-11-14,2024-11-15,GOOD,IMPROVING,TURNING_UP,HIGH,OK,PROFITABILITY_DURABLE | GROWTH_DURABLE | CASH_CONVERSION_SUPPORTED | BALANCE_SHEET_RESILIENT | INTEREST_COVERAGE_SUPPORTED | EARLY_REVENUE_RECOVERY | RECOVERY_CORROBORATED | HISTORICAL_VALUATION_HIGH | SIMPLIFIED_DCF_AVAILABLE | MOPS_SINGLE_ELIGIBLE_FILING,MOPS_EXACT,63630291bdb420a219c378129769414d99edae3d9060a047977149540bf528be,True
3017,2024-12-31,2025-03-12T14:57:49+08:00,2025-03-12,2025-03-13,GOOD,STABLE,MATURE_GROWTH,HIGH,OK,PROFITABILITY_DURABLE | GROWTH_DURABLE | CASH_CONVERSION_SUPPORTED | BALANCE_SHEET_RESILIENT | INTEREST_COVERAGE_SUPPORTED | SUSTAINED_GROWTH_EIGHT_PERIODS | HISTORICAL_VALUATION_HIGH | SIMPLIFIED_DCF_AVAILABLE | MOPS_CONSOLIDATED_PREFERRED_OVER_INDIVIDUAL,MOPS_EXACT,94ab635e60254a22ac5699d0699e5c48e97b0ae8dd507d0ddaf684e8ad7c64ce,True
3017,2025-03-31,2025-05-13T15:40:36+08:00,2025-05-13,2025-05-14,GOOD,IMPROVING,TURNING_UP,HIGH,OK,PROFITABILITY_DURABLE | GROWTH_DURABLE | CASH_CONVERSION_SUPPORTED | BALANCE_SHEET_RESILIENT | INTEREST_COVERAGE_SUPPORTED | EARLY_REVENUE_RECOVERY | RECOVERY_CORROBORATED | HISTORICAL_VALUATION_HIGH | SIMPLIFIED_DCF_AVAILABLE | MOPS_SINGLE_ELIGIBLE_FILING,MOPS_EXACT,3bce597a00c199d4db8e945ff11025450adbe5c1f87021dbfa6a5f75ea97a4e3,True
3017,2025-06-30,2025-08-14T03:51:47+08:00,2025-08-14,2025-08-15,GOOD,IMPROVING,TURNING_UP,HIGH,OK,PROFITABILITY_DURABLE | GROWTH_DURABLE | CASH_CONVERSION_SUPPORTED | BALANCE_SHEET_RESILIENT | INTEREST_COVERAGE_SUPPORTED | EARLY_REVENUE_RECOVERY | RECOVERY_CORROBORATED | HISTORICAL_VALUATION_HIGH | SIMPLIFIED_DCF_AVAILABLE | MOPS_SINGLE_ELIGIBLE_FILING,MOPS_EXACT,1895cb9d5dfab27db2a71cbb1ed44525adf39feed56083b705c3f1385ccfaa4e,True
3017,2025-09-30,2025-11-12T15:01:52+08:00,2025-11-12,2025-11-13,GOOD,IMPROVING,TURNING_UP,HIGH,OK,PROFITABILITY_DURABLE | GROWTH_DURABLE | CASH_CONVERSION_SUPPORTED | BALANCE_SHEET_RESILIENT | INTEREST_COVERAGE_SUPPORTED | EARLY_REVENUE_RECOVERY | RECOVERY_CORROBORATED | HISTORICAL_VALUATION_HIGH | SIMPLIFIED_DCF_AVAILABLE | MOPS_SINGLE_ELIGIBLE_FILING,MOPS_EXACT,9173014c1ce45f45d4b0a805664af4b655e6c8fe926d49d3c50aecd79801d4cd,True
3017,2025-12-31,2026-03-11T18:17:02+08:00,2026-03-11,2026-03-12,GOOD,IMPROVING,TURNING_UP,HIGH,OK,PROFITABILITY_DURABLE | GROWTH_DURABLE | CASH_CONVERSION_SUPPORTED | BALANCE_SHEET_RESILIENT | INTEREST_COVERAGE_SUPPORTED | EARLY_REVENUE_RECOVERY | RECOVERY_CORROBORATED | HISTORICAL_VALUATION_HIGH | SIMPLIFIED_DCF_AVAILABLE | MOPS_CONSOLIDATED_PREFERRED_OVER_INDIVIDUAL,MOPS_EXACT,a99b3f6f1493f690c9205d8f3ba93fb5f3aea994d91e4090147221a6f562fa07,True
3017,2026-03-31,2026-05-14T14:25:01+08:00,2026-05-14,2026-05-15,GOOD,IMPROVING,TURNING_UP,HIGH,OK,PROFITABILITY_DURABLE | GROWTH_DURABLE | CASH_CONVERSION_SUPPORTED | BALANCE_SHEET_RESILIENT | INTEREST_COVERAGE_SUPPORTED | EARLY_REVENUE_RECOVERY | RECOVERY_CORROBORATED | HISTORICAL_VALUATION_HIGH | SIMPLIFIED_DCF_AVAILABLE | MOPS_SINGLE_ELIGIBLE_FILING,MOPS_EXACT,056fdc4bce065af803f3171eba40525009b1fba0d511ec0e239da5a6771a3764,True
3017,2026-06-30,2026-08-12T16:00:26+08:00,2026-08-12,2026-08-13,GOOD,STABLE,MATURE_GROWTH,HIGH,OK,PROFITABILITY_DURABLE | GROWTH_DURABLE | CASH_CONVERSION_SUPPORTED | BALANCE_SHEET_RESILIENT | INTEREST_COVERAGE_SUPPORTED | SUSTAINED_GROWTH_EIGHT_PERIODS | HISTORICAL_VALUATION_HIGH | SIMPLIFIED_DCF_AVAILABLE | MOPS_SINGLE_ELIGIBLE_FILING,MOPS_EXACT,450e99cabaad2fd276033e8440ba2161afaeb70696c63930f5b1168537f0967c,True
3037,2016-03-31,2016-05-13T14:17:04+08:00,2016-05-13,2016-05-16,UNKNOWN,UNKNOWN,UNKNOWN,N/M,INSUFFICIENT,QUALITY_HISTORY_INSUFFICIENT | STATE_HISTORY_INSUFFICIENT | VALUATION_HISTORY_INSUFFICIENT | SIMPLIFIED_DCF_NOT_APPLICABLE | MOPS_SINGLE_ELIGIBLE_FILING,MOPS_EXACT,c0d327131d33529fd7d775a4481ce44ca33386a0724e17380f3eb05258d279b1,True
3037,2016-06-30,2016-08-15T10:00:30+08:00,2016-08-15,2016-08-16,UNKNOWN,UNKNOWN,UNKNOWN,LOW,INSUFFICIENT,QUALITY_HISTORY_INSUFFICIENT | STATE_HISTORY_INSUFFICIENT | HISTORICAL_VALUATION_LOW | SIMPLIFIED_DCF_NOT_APPLICABLE | MOPS_SINGLE_ELIGIBLE_FILING,MOPS_EXACT,a37fa6ae8c6ba2387adf2b5dbeed1307c57e2b306668425938f33f6219fca49a,True
3037,2016-09-30,2016-11-14T17:10:33+08:00,2016-11-14,2016-11-15,UNKNOWN,UNKNOWN,UNKNOWN,NORMAL,INSUFFICIENT,QUALITY_HISTORY_INSUFFICIENT | STATE_HISTORY_INSUFFICIENT | HISTORICAL_VALUATION_NORMAL | SIMPLIFIED_DCF_NOT_APPLICABLE | MOPS_SINGLE_ELIGIBLE_FILING,MOPS_EXACT,980cb6e5a989b15ab440b2b2cd25d382bc0a91889269414d181aacfcb9b0f4cd,True
3037,2016-12-31,2017-03-31T13:22:54+08:00,2017-03-31,2017-04-05,UNKNOWN,UNKNOWN,UNKNOWN,HIGH,INSUFFICIENT,QUALITY_HISTORY_INSUFFICIENT | STATE_HISTORY_INSUFFICIENT | HISTORICAL_VALUATION_HIGH | SIMPLIFIED_DCF_AVAILABLE | MOPS_CONSOLIDATED_PREFERRED_OVER_INDIVIDUAL,MOPS_EXACT,e9fcf5de64bd63e2a5ed5dbdfe0c2d162d55448a45fc2a73ac70ec560ef89cf8,True
3037,2017-03-31,2017-05-15T11:45:30+08:00,2017-05-15,2017-05-16,UNKNOWN,UNKNOWN,UNKNOWN,HIGH,INSUFFICIENT,QUALITY_HISTORY_INSUFFICIENT | STATE_HISTORY_INSUFFICIENT | HISTORICAL_VALUATION_HIGH | SIMPLIFIED_DCF_AVAILABLE | MOPS_SINGLE_ELIGIBLE_FILING,MOPS_EXACT,92152061d863c31f5c3797b24352f21dc14ec23a5920004fe009163b82a27265,True
3037,2017-06-30,2017-08-14T11:55:21+08:00,2017-08-14,2017-08-15,UNKNOWN,UNKNOWN,UNKNOWN,NORMAL,INSUFFICIENT,QUALITY_HISTORY_INSUFFICIENT | STATE_HISTORY_INSUFFICIENT | HISTORICAL_VALUATION_NORMAL | SIMPLIFIED_DCF_AVAILABLE | MOPS_SINGLE_ELIGIBLE_FILING,MOPS_EXACT,8194c9fdbf82bf52d6754c68e6e91bbe67f287ba501b00cd66a2b11e4cd99f34,True
3037,2017-09-30,2017-11-14T09:49:36+08:00,2017-11-14,2017-11-15,UNKNOWN,UNKNOWN,UNKNOWN,NORMAL,INSUFFICIENT,QUALITY_HISTORY_INSUFFICIENT | STATE_HISTORY_INSUFFICIENT | HISTORICAL_VALUATION_NORMAL | SIMPLIFIED_DCF_NOT_APPLICABLE | MOPS_SINGLE_ELIGIBLE_FILING,MOPS_EXACT,844dbfcd85c28bf8a7611ccb6a67cc8276184522e1e3a37acccc2c9fe8141ad9,True
3037,2017-12-31,2018-03-26T14:32:11+08:00,2018-03-26,2018-03-27,UNKNOWN,UNKNOWN,UNKNOWN,NORMAL,INSUFFICIENT,QUALITY_HISTORY_INSUFFICIENT | STATE_HISTORY_INSUFFICIENT | HISTORICAL_VALUATION_NORMAL | SIMPLIFIED_DCF_NOT_APPLICABLE | MOPS_CONSOLIDATED_PREFERRED_OVER_INDIVIDUAL,MOPS_EXACT,81987330bbadf1fa5bb2cd7848609a99dc57f961ca2c89ab89c1eaabf8265971,True
3037,2018-03-31,2018-05-15T15:18:27+08:00,2018-05-15,2018-05-16,UNKNOWN,UNKNOWN,UNKNOWN,NORMAL,INSUFFICIENT,QUALITY_HISTORY_INSUFFICIENT | STATE_HISTORY_INSUFFICIENT | HISTORICAL_VALUATION_NORMAL | SIMPLIFIED_DCF_NOT_APPLICABLE | MOPS_SINGLE_ELIGIBLE_FILING,MOPS_EXACT,abf159a1e495f53595d1c5db7ddce2a3e8580ef24fd4252ba39feb2b9f2cadd0,True
3037,2018-06-30,2018-08-14T13:30:23+08:00,2018-08-14,2018-08-15,UNKNOWN,UNKNOWN,UNKNOWN,NORMAL,INSUFFICIENT,QUALITY_HISTORY_INSUFFICIENT | STATE_HISTORY_INSUFFICIENT | HISTORICAL_VALUATION_NORMAL | SIMPLIFIED_DCF_NOT_APPLICABLE | MOPS_SINGLE_ELIGIBLE_FILING,MOPS_EXACT,b33e74cd286473107dcf19351ac65358a41297dd07bef087d185154ff0fadf1b,True
3037,2018-09-30,2018-11-14T13:29:22+08:00,2018-11-14,2018-11-15,UNKNOWN,IMPROVING,TURNING_UP,NORMAL,INSUFFICIENT,QUALITY_HISTORY_INSUFFICIENT | EARLY_REVENUE_RECOVERY | RECOVERY_CORROBORATED | HISTORICAL_VALUATION_NORMAL | SIMPLIFIED_DCF_AVAILABLE | MOPS_SINGLE_ELIGIBLE_FILING,MOPS_EXACT,8a19ef458d2898f98d4e560492bf8783cf1dfdcd85e7d61dcaebda11b4c3135d,True
3037,2018-12-31,2019-03-29T17:06:34+08:00,2019-03-29,2019-04-01,UNKNOWN,STABLE,CONFIRMED_GROWTH,LOW,INSUFFICIENT,METRIC_COVERAGE_INSUFFICIENT_TTM_REVENUE | METRIC_COVERAGE_INSUFFICIENT_TTM_EPS | METRIC_COVERAGE_INSUFFICIENT_ROE | METRIC_COVERAGE_INSUFFICIENT_ROIC | GROWTH_CONFIRMED_THREE_PERIODS | HISTORICAL_VALUATION_LOW | SIMPLIFIED_DCF_AVAILABLE | MOPS_CONSOLIDATED_PREFERRED_OVER_INDIVIDUAL,MOPS_EXACT,02f01c088b78c5189ef1f1a8c2231f6246ad10c9b26486a93e1300c65a3dc8b8,True
3037,2019-03-31,2019-05-13T19:23:51+08:00,2019-05-13,2019-05-14,UNKNOWN,STABLE,CONFIRMED_GROWTH,LOW,INSUFFICIENT,METRIC_COVERAGE_INSUFFICIENT_TTM_REVENUE | METRIC_COVERAGE_INSUFFICIENT_TTM_EPS | METRIC_COVERAGE_INSUFFICIENT_ROE | METRIC_COVERAGE_INSUFFICIENT_ROIC | GROWTH_CONFIRMED_THREE_PERIODS | HISTORICAL_VALUATION_LOW | SIMPLIFIED_DCF_AVAILABLE | MOPS_SINGLE_ELIGIBLE_FILING,MOPS_EXACT,dd3a9c00af6d94d412367daa97f958ce4595dbf174375e4cb9e713b5a1f517bb,True
3037,2019-06-30,2019-08-13T18:45:13+08:00,2019-08-13,2019-08-14,UNKNOWN,STABLE,CONFIRMED_GROWTH,LOW,INSUFFICIENT,METRIC_COVERAGE_INSUFFICIENT_TTM_REVENUE | METRIC_COVERAGE_INSUFFICIENT_TTM_EPS | METRIC_COVERAGE_INSUFFICIENT_ROE | METRIC_COVERAGE_INSUFFICIENT_ROIC | GROWTH_CONFIRMED_THREE_PERIODS | HISTORICAL_VALUATION_LOW | SIMPLIFIED_DCF_AVAILABLE | MOPS_SINGLE_ELIGIBLE_FILING,MOPS_EXACT,f67a746152f8379f10096557901ba07c52c6cb45264031ae5638c554d4ceb633,True
3037,2019-09-30,2019-11-13T18:07:58+08:00,2019-11-13,2019-11-14,UNKNOWN,STABLE,MATURE_GROWTH,LOW,INSUFFICIENT,METRIC_COVERAGE_INSUFFICIENT_ROE | METRIC_COVERAGE_INSUFFICIENT_ROIC | SUSTAINED_GROWTH_EIGHT_PERIODS | HISTORICAL_VALUATION_LOW | SIMPLIFIED_DCF_AVAILABLE | MOPS_SINGLE_ELIGIBLE_FILING,MOPS_EXACT,3ced9d56fa00aafb3edce822fd8fd9e6eb235def673bd03bdc5d1f30e3cde733,True
3037,2019-12-31,2020-03-30T20:04:25+08:00,2020-03-30,2020-03-31,WEAK,STABLE,MATURE_GROWTH,NORMAL,OK,PROFITABILITY_DURABLE_NOT_ESTABLISHED | GROWTH_DURABLE | CASH_CONVERSION_SUPPORTED_NOT_ESTABLISHED | BALANCE_SHEET_RESILIENT_NOT_ESTABLISHED | INTEREST_COVERAGE_NOT_ESTABLISHED | SUSTAINED_GROWTH_EIGHT_PERIODS | HISTORICAL_VALUATION_NORMAL | SIMPLIFIED_DCF_NOT_APPLICABLE | MOPS_CONSOLIDATED_PREFERRED_OVER_INDIVIDUAL,MOPS_EXACT,f1536cb45ff50c8fd9673664a2742ebdcfbb84c06b6a2b38a958994a378f9361,True
3037,2020-03-31,2020-05-12T13:51:14+08:00,2020-05-12,2020-05-13,WEAK,IMPROVING,TURNING_UP,LOW,OK,PROFITABILITY_DURABLE_NOT_ESTABLISHED | GROWTH_DURABLE_NOT_ESTABLISHED | CASH_CONVERSION_SUPPORTED_NOT_ESTABLISHED | BALANCE_SHEET_RESILIENT_NOT_ESTABLISHED | INTEREST_COVERAGE_NOT_ESTABLISHED | EARLY_REVENUE_RECOVERY | RECOVERY_CORROBORATED | HISTORICAL_VALUATION_LOW | SIMPLIFIED_DCF_AVAILABLE | MOPS_SINGLE_ELIGIBLE_FILING,MOPS_EXACT,39742ab311c241bbc2c640f3c409248e81c93727de3eeedce2b388ab1be8b40a,True
3037,2020-06-30,2020-07-30T16:41:31+08:00,2020-07-30,2020-07-31,WEAK,STABLE,MATURE_GROWTH,LOW,OK,PROFITABILITY_DURABLE_NOT_ESTABLISHED | GROWTH_DURABLE_NOT_ESTABLISHED | CASH_CONVERSION_SUPPORTED_NOT_ESTABLISHED | BALANCE_SHEET_RESILIENT_NOT_ESTABLISHED | INTEREST_COVERAGE_NOT_ESTABLISHED | SUSTAINED_GROWTH_EIGHT_PERIODS | HISTORICAL_VALUATION_LOW | SIMPLIFIED_DCF_AVAILABLE | MOPS_SINGLE_ELIGIBLE_FILING,MOPS_EXACT,8aba20b589f1a821244e2b53cc574ec0ede459221b54e98a88663151852ff195,True
3037,2020-09-30,2020-10-29T16:59:51+08:00,2020-10-29,2020-10-30,WEAK,STABLE,MATURE_GROWTH,NORMAL,OK,PROFITABILITY_DURABLE_NOT_ESTABLISHED | GROWTH_DURABLE | CASH_CONVERSION_SUPPORTED_NOT_ESTABLISHED | BALANCE_SHEET_RESILIENT_NOT_ESTABLISHED | INTEREST_COVERAGE_NOT_ESTABLISHED | SUSTAINED_GROWTH_EIGHT_PERIODS | HISTORICAL_VALUATION_NORMAL | SIMPLIFIED_DCF_NOT_APPLICABLE | MOPS_SINGLE_ELIGIBLE_FILING,MOPS_EXACT,e77bfcb8abe3779f39bffb9f47baa977d0a2a23e584a9c37a2f04af2feb3170a,True
3037,2020-12-31,2021-02-25T16:42:10+08:00,2021-02-25,2021-02-26,WEAK,STABLE,MATURE_GROWTH,NORMAL,OK,PROFITABILITY_DURABLE_NOT_ESTABLISHED | GROWTH_DURABLE | CASH_CONVERSION_SUPPORTED_NOT_ESTABLISHED | BALANCE_SHEET_RESILIENT_NOT_ESTABLISHED | INTEREST_COVERAGE_NOT_ESTABLISHED | SUSTAINED_GROWTH_EIGHT_PERIODS | HISTORICAL_VALUATION_NORMAL | SIMPLIFIED_DCF_AVAILABLE | MOPS_CONSOLIDATED_PREFERRED_OVER_INDIVIDUAL,MOPS_EXACT,4c74d6f8b809b7dbee8200dd5aa5a1aa32c45d33df14ba6c464400baff131930,True
3037,2021-03-31,2021-04-29T15:37:11+08:00,2021-04-29,2021-05-03,WEAK,STABLE,MATURE_GROWTH,LOW,OK,PROFITABILITY_DURABLE_NOT_ESTABLISHED | GROWTH_DURABLE | CASH_CONVERSION_SUPPORTED_NOT_ESTABLISHED | BALANCE_SHEET_RESILIENT_NOT_ESTABLISHED | INTEREST_COVERAGE_NOT_ESTABLISHED | SUSTAINED_GROWTH_EIGHT_PERIODS | HISTORICAL_VALUATION_LOW | SIMPLIFIED_DCF_AVAILABLE | MOPS_SINGLE_ELIGIBLE_FILING,MOPS_EXACT,a2da4bf71a6addcf7f049c41e19b6bb6b61a7e7988b39a91f4c6bf4b6617d4c0,True
3037,2021-06-30,2021-07-29T14:40:37+08:00,2021-07-29,2021-07-30,WEAK,STABLE,MATURE_GROWTH,NORMAL,OK,PROFITABILITY_DURABLE_NOT_ESTABLISHED | GROWTH_DURABLE | CASH_CONVERSION_SUPPORTED_NOT_ESTABLISHED | BALANCE_SHEET_RESILIENT_NOT_ESTABLISHED | INTEREST_COVERAGE_NOT_ESTABLISHED | SUSTAINED_GROWTH_EIGHT_PERIODS | HISTORICAL_VALUATION_NORMAL | SIMPLIFIED_DCF_NOT_APPLICABLE | MOPS_SINGLE_ELIGIBLE_FILING,MOPS_EXACT,b4a06b1e57324151a46cc588d53caceeb708add8f934b8328013153871766428,True
3037,2021-09-30,2021-10-28T16:45:42+08:00,2021-10-28,2021-10-29,WEAK,IMPROVING,TURNING_UP,NORMAL,OK,PROFITABILITY_DURABLE_NOT_ESTABLISHED | GROWTH_DURABLE | CASH_CONVERSION_SUPPORTED_NOT_ESTABLISHED | BALANCE_SHEET_RESILIENT_NOT_ESTABLISHED | INTEREST_COVERAGE_NOT_ESTABLISHED | EARLY_REVENUE_RECOVERY | RECOVERY_CORROBORATED | HISTORICAL_VALUATION_NORMAL | SIMPLIFIED_DCF_AVAILABLE | MOPS_SINGLE_ELIGIBLE_FILING,MOPS_EXACT,8a75f40df6ff03c5ae35bf9d96ec51676acd04389f7e8564d9d9eb88cc3294de,True
3037,2021-12-31,2022-02-24T16:06:02+08:00,2022-02-24,2022-02-25,WEAK,IMPROVING,TURNING_UP,NORMAL,OK,PROFITABILITY_DURABLE_NOT_ESTABLISHED | GROWTH_DURABLE | CASH_CONVERSION_SUPPORTED_NOT_ESTABLISHED | BALANCE_SHEET_RESILIENT | INTEREST_COVERAGE_SUPPORTED | EARLY_REVENUE_RECOVERY | RECOVERY_CORROBORATED | HISTORICAL_VALUATION_NORMAL | SIMPLIFIED_DCF_AVAILABLE | MOPS_CONSOLIDATED_PREFERRED_OVER_INDIVIDUAL,MOPS_EXACT,612a8d6d024998e1fd7c3ec39382ff747301684348cf18305a849ed75ae24df6,True
3037,2022-03-31,2022-04-28T15:51:04+08:00,2022-04-28,2022-04-29,WEAK,IMPROVING,TURNING_UP,LOW,OK,PROFITABILITY_DURABLE_NOT_ESTABLISHED | GROWTH_DURABLE | CASH_CONVERSION_SUPPORTED_NOT_ESTABLISHED | BALANCE_SHEET_RESILIENT | INTEREST_COVERAGE_SUPPORTED | EARLY_REVENUE_RECOVERY | RECOVERY_CORROBORATED | HISTORICAL_VALUATION_LOW | SIMPLIFIED_DCF_AVAILABLE | MOPS_SINGLE_ELIGIBLE_FILING,MOPS_EXACT,6ff96676d34207b54c20ab79bcc0d76e24e1127148f58f4b6e19367e48c8e562,True
3037,2022-06-30,2022-07-28T16:53:13+08:00,2022-07-28,2022-07-29,WEAK,IMPROVING,TURNING_UP,LOW,OK,PROFITABILITY_DURABLE_NOT_ESTABLISHED | GROWTH_DURABLE | CASH_CONVERSION_SUPPORTED_NOT_ESTABLISHED | BALANCE_SHEET_RESILIENT | INTEREST_COVERAGE_SUPPORTED | EARLY_REVENUE_RECOVERY | RECOVERY_CORROBORATED | HISTORICAL_VALUATION_LOW | SIMPLIFIED_DCF_AVAILABLE | MOPS_SINGLE_ELIGIBLE_FILING,MOPS_EXACT,0e66c890e994221d0b627b98b9cdc8570e1a43ccfc0c98367388f5c594733f6d,True
3037,2022-09-30,2022-10-27T16:49:44+08:00,2022-10-27,2022-10-28,WEAK,IMPROVING,TURNING_UP,LOW,OK,PROFITABILITY_DURABLE_NOT_ESTABLISHED | GROWTH_DURABLE | CASH_CONVERSION_SUPPORTED | BALANCE_SHEET_RESILIENT | INTEREST_COVERAGE_SUPPORTED | EARLY_REVENUE_RECOVERY | RECOVERY_CORROBORATED | HISTORICAL_VALUATION_LOW | SIMPLIFIED_DCF_AVAILABLE | MOPS_SINGLE_ELIGIBLE_FILING,MOPS_EXACT,8c291cd2df72aecd819d735c18f0912727d32a4daea6609d2642d7ed0aadb50a,True
3037,2022-12-31,2023-02-23T17:36:55+08:00,2023-02-23,2023-02-24,WEAK,STABLE,MATURE_GROWTH,LOW,OK,PROFITABILITY_DURABLE_NOT_ESTABLISHED | GROWTH_DURABLE | CASH_CONVERSION_SUPPORTED | BALANCE_SHEET_RESILIENT | INTEREST_COVERAGE_SUPPORTED | SUSTAINED_GROWTH_EIGHT_PERIODS | HISTORICAL_VALUATION_LOW | SIMPLIFIED_DCF_AVAILABLE | MOPS_CONSOLIDATED_PREFERRED_OVER_INDIVIDUAL,MOPS_EXACT,88bac04e40dc4d51c89e3f10ce4e83b464362de7beebbe8ab0833de3dcc1171e,True
3037,2023-03-31,2023-04-27T17:16:41+08:00,2023-04-27,2023-04-28,WEAK,STABLE,MATURE_GROWTH,LOW,OK,PROFITABILITY_DURABLE_NOT_ESTABLISHED | GROWTH_DURABLE | CASH_CONVERSION_SUPPORTED | BALANCE_SHEET_RESILIENT | INTEREST_COVERAGE_SUPPORTED | SUSTAINED_GROWTH_EIGHT_PERIODS | HISTORICAL_VALUATION_LOW | SIMPLIFIED_DCF_AVAILABLE | MOPS_SINGLE_ELIGIBLE_FILING,MOPS_EXACT,61c959bd70f866e938210d969fda809fd00cc993ea87af65e6917ecfc5ab36f3,True
3037,2023-06-30,2023-07-27T17:45:36+08:00,2023-07-27,2023-07-28,WEAK,DETERIORATING,DETERIORATING,LOW,PARTIAL,PROFITABILITY_DURABLE_NOT_ESTABLISHED | GROWTH_DURABLE | CASH_CONVERSION_SUPPORTED | BALANCE_SHEET_RESILIENT | INTEREST_COVERAGE_SUPPORTED | DETERIORATION_CORROBORATED | HISTORICAL_VALUATION_LOW | SIMPLIFIED_DCF_AVAILABLE | MOPS_SINGLE_ELIGIBLE_FILING,MOPS_EXACT,0a1ce5884295a67bd0ddaa148ab0ad49d06aa9467d6c1ab73003357839e2c483,True
3037,2023-09-30,2023-10-26T15:14:28+08:00,2023-10-26,2023-10-27,WEAK,DETERIORATING,DETERIORATING,LOW,OK,PROFITABILITY_DURABLE_NOT_ESTABLISHED | GROWTH_DURABLE | CASH_CONVERSION_SUPPORTED | BALANCE_SHEET_RESILIENT | INTEREST_COVERAGE_SUPPORTED | DETERIORATION_CORROBORATED | HISTORICAL_VALUATION_LOW | SIMPLIFIED_DCF_AVAILABLE | MOPS_SINGLE_ELIGIBLE_FILING,MOPS_EXACT,b7826b57904e635ca3d14df3cfd8403c653e05a5100b49122bc84dcf50e4c9c2,True
3037,2023-12-31,2024-02-27T17:55:15+08:00,2024-02-27,2024-02-29,GOOD,DETERIORATING,DETERIORATING,NORMAL,OK,PROFITABILITY_DURABLE | GROWTH_DURABLE | CASH_CONVERSION_SUPPORTED | BALANCE_SHEET_RESILIENT | INTEREST_COVERAGE_SUPPORTED | DETERIORATION_CORROBORATED | HISTORICAL_VALUATION_NORMAL | SIMPLIFIED_DCF_AVAILABLE | MOPS_CONSOLIDATED_PREFERRED_OVER_INDIVIDUAL,MOPS_EXACT,b4f10a5b435430a60a3e25fe13017366b337bd6bdf96f987f88f905045bce2f6,True
3037,2024-03-31,2024-04-25T16:53:13+08:00,2024-04-25,2024-04-26,GOOD,UNKNOWN,UNKNOWN,NORMAL,OK,PROFITABILITY_DURABLE | GROWTH_DURABLE | CASH_CONVERSION_SUPPORTED | BALANCE_SHEET_RESILIENT | INTEREST_COVERAGE_SUPPORTED | MIXED_FUNDAMENTAL_DIRECTION | HISTORICAL_VALUATION_NORMAL | SIMPLIFIED_DCF_NOT_APPLICABLE | MOPS_SINGLE_ELIGIBLE_FILING,MOPS_EXACT,0c306830994cfcbb95ecaccbec923181111fcf8701eedb10b869b2386d19a41e,True
3037,2024-06-30,2024-08-01T16:16:28+08:00,2024-08-01,2024-08-02,GOOD,IMPROVING,BOTTOMING,NORMAL,OK,PROFITABILITY_DURABLE | GROWTH_DURABLE | CASH_CONVERSION_SUPPORTED | BALANCE_SHEET_RESILIENT | INTEREST_COVERAGE_SUPPORTED | REVENUE_CONTRACTION_NARROWING | RECOVERY_CORROBORATED | HISTORICAL_VALUATION_NORMAL | SIMPLIFIED_DCF_NOT_APPLICABLE | MOPS_SINGLE_ELIGIBLE_FILING,MOPS_EXACT,781ce024d6689a8aa9ab5baa1da8c641fd50257922f9710d3fd557f44150fefa,True
3037,2024-09-30,2024-11-05T09:56:32+08:00,2024-11-05,2024-11-06,ACCEPTABLE,IMPROVING,BOTTOMING,NORMAL,OK,PROFITABILITY_DURABLE | GROWTH_DURABLE_NOT_ESTABLISHED | CASH_CONVERSION_SUPPORTED | BALANCE_SHEET_RESILIENT | INTEREST_COVERAGE_SUPPORTED | REVENUE_CONTRACTION_NARROWING | RECOVERY_CORROBORATED | HISTORICAL_VALUATION_NORMAL | SIMPLIFIED_DCF_NOT_APPLICABLE | MOPS_SINGLE_ELIGIBLE_FILING,MOPS_EXACT,ab5da4e7b71241f3f93731fa05c59b7d4ccfd4e2779796cfd59f77ad2f725b6b,True
3037,2024-12-31,2025-02-27T14:28:19+08:00,2025-02-27,2025-03-03,ACCEPTABLE,UNKNOWN,UNKNOWN,NORMAL,PARTIAL,PROFITABILITY_DURABLE | GROWTH_DURABLE_NOT_ESTABLISHED | CASH_CONVERSION_SUPPORTED | BALANCE_SHEET_RESILIENT | INTEREST_COVERAGE_SUPPORTED | MIXED_FUNDAMENTAL_DIRECTION | HISTORICAL_VALUATION_NORMAL | SIMPLIFIED_DCF_NOT_APPLICABLE | MOPS_CONSOLIDATED_PREFERRED_OVER_INDIVIDUAL,MOPS_EXACT,d42c81a722f5bb1febe3bfcf9bc5f14d8ed78dc6cf19139d2870d2dad75d6b39,True
3037,2025-03-31,2025-04-24T13:22:50+08:00,2025-04-24,2025-04-25,WEAK,UNKNOWN,UNKNOWN,NORMAL,OK,PROFITABILITY_DURABLE | GROWTH_DURABLE_NOT_ESTABLISHED | CASH_CONVERSION_SUPPORTED_NOT_ESTABLISHED | BALANCE_SHEET_RESILIENT | INTEREST_COVERAGE_SUPPORTED | MIXED_FUNDAMENTAL_DIRECTION | HISTORICAL_VALUATION_NORMAL | SIMPLIFIED_DCF_NOT_APPLICABLE | MOPS_SINGLE_ELIGIBLE_FILING,MOPS_EXACT,ae28b9750c038712943d8f5dc01299e06fc0f4ee806150c05ae2b87b868433c3,True
3037,2025-06-30,2025-07-31T13:34:25+08:00,2025-07-31,2025-08-01,WEAK,UNKNOWN,UNKNOWN,NORMAL,OK,PROFITABILITY_DURABLE | GROWTH_DURABLE_NOT_ESTABLISHED | CASH_CONVERSION_SUPPORTED_NOT_ESTABLISHED | BALANCE_SHEET_RESILIENT | INTEREST_COVERAGE_SUPPORTED | MIXED_FUNDAMENTAL_DIRECTION | HISTORICAL_VALUATION_NORMAL | SIMPLIFIED_DCF_NOT_APPLICABLE | MOPS_SINGLE_ELIGIBLE_FILING,MOPS_EXACT,7220aaa3f231d8496281c1318639de58a5832e968bbb80495404f45fc4f1df1b,True
3037,2025-09-30,2025-10-30T18:45:28+08:00,2025-10-30,2025-10-31,WEAK,UNKNOWN,UNKNOWN,NORMAL,OK,PROFITABILITY_DURABLE | GROWTH_DURABLE_NOT_ESTABLISHED | CASH_CONVERSION_SUPPORTED_NOT_ESTABLISHED | BALANCE_SHEET_RESILIENT | INTEREST_COVERAGE_SUPPORTED | MIXED_FUNDAMENTAL_DIRECTION | HISTORICAL_VALUATION_NORMAL | SIMPLIFIED_DCF_NOT_APPLICABLE | MOPS_SINGLE_ELIGIBLE_FILING,MOPS_EXACT,e0940f36635a71f22157c693d4e6c07ea7e8c7bad4242ab2f80b1fdb755078a2,True
3037,2025-12-31,2026-02-26T18:51:44+08:00,2026-02-26,2026-03-02,WEAK,UNKNOWN,UNKNOWN,HIGH,OK,PROFITABILITY_DURABLE | GROWTH_DURABLE_NOT_ESTABLISHED | CASH_CONVERSION_SUPPORTED_NOT_ESTABLISHED | BALANCE_SHEET_RESILIENT | INTEREST_COVERAGE_SUPPORTED | MIXED_FUNDAMENTAL_DIRECTION | HISTORICAL_VALUATION_HIGH | SIMPLIFIED_DCF_NOT_APPLICABLE | MOPS_CONSOLIDATED_PREFERRED_OVER_INDIVIDUAL,MOPS_EXACT,2a1a7be37eebf83c50f093d5fa384da4af887e572065a1cb0acede5b8c6010aa,True
3037,2026-03-31,2026-04-30T16:04:18+08:00,2026-04-30,2026-05-04,WEAK,IMPROVING,TURNING_UP,HIGH,OK,PROFITABILITY_DURABLE | GROWTH_DURABLE_NOT_ESTABLISHED | CASH_CONVERSION_SUPPORTED_NOT_ESTABLISHED | BALANCE_SHEET_RESILIENT | INTEREST_COVERAGE_SUPPORTED | EARLY_REVENUE_RECOVERY | RECOVERY_CORROBORATED | HISTORICAL_VALUATION_HIGH | SIMPLIFIED_DCF_NOT_APPLICABLE | MOPS_SINGLE_ELIGIBLE_FILING,MOPS_EXACT,6c99328ad09d33fc3cb6955bcac53c70a2bb839a402204869c6f165f92122bc5,True
3037,2026-06-30,2026-07-30T14:40:41+08:00,2026-07-30,2026-07-31,ACCEPTABLE,IMPROVING,TURNING_UP,NORMAL,PARTIAL,PROFITABILITY_DURABLE | GROWTH_DURABLE | CASH_CONVERSION_SUPPORTED_NOT_ESTABLISHED | BALANCE_SHEET_RESILIENT | INTEREST_COVERAGE_SUPPORTED | EARLY_REVENUE_RECOVERY | RECOVERY_CORROBORATED | HISTORICAL_VALUATION_NORMAL | SIMPLIFIED_DCF_NOT_APPLICABLE | MOPS_SINGLE_ELIGIBLE_FILING,MOPS_EXACT,f025c9eba6cd53ec3ee89deb511de8770f5de034b4b52759dcbb9517eef1b046,True
3045,2016-03-31,2016-04-28T19:11:58+08:00,2016-04-28,2016-04-29,UNKNOWN,UNKNOWN,UNKNOWN,N/M,INSUFFICIENT,QUALITY_HISTORY_INSUFFICIENT | STATE_HISTORY_INSUFFICIENT | VALUATION_HISTORY_INSUFFICIENT | SIMPLIFIED_DCF_NOT_APPLICABLE | MOPS_SINGLE_ELIGIBLE_FILING,MOPS_EXACT,2b53ac21501edeb5786e27417c220421304527323ed6891133bc0908e999afbb,True
3045,2016-06-30,2016-07-27T17:45:43+08:00,2016-07-27,2016-07-28,UNKNOWN,UNKNOWN,UNKNOWN,NORMAL,INSUFFICIENT,QUALITY_HISTORY_INSUFFICIENT | STATE_HISTORY_INSUFFICIENT | HISTORICAL_VALUATION_NORMAL | SIMPLIFIED_DCF_NOT_APPLICABLE | MOPS_SINGLE_ELIGIBLE_FILING,MOPS_EXACT,a6864a027d3d1682434ed103c984fafef82d1040a97baa92a8f5c62ab77644d7,True
3045,2016-09-30,2016-10-28T16:38:48+08:00,2016-10-28,2016-10-31,UNKNOWN,UNKNOWN,UNKNOWN,NORMAL,INSUFFICIENT,QUALITY_HISTORY_INSUFFICIENT | STATE_HISTORY_INSUFFICIENT | HISTORICAL_VALUATION_NORMAL | SIMPLIFIED_DCF_NOT_APPLICABLE | MOPS_SINGLE_ELIGIBLE_FILING,MOPS_EXACT,695dddcac1cd4d983170571ac3212be4237ab12c985e54f0c55092326a106edf,True
3045,2016-12-31,2017-01-25T18:41:43+08:00,2017-01-25,2017-02-02,UNKNOWN,UNKNOWN,UNKNOWN,NORMAL,INSUFFICIENT,QUALITY_HISTORY_INSUFFICIENT | STATE_HISTORY_INSUFFICIENT | HISTORICAL_VALUATION_NORMAL | SIMPLIFIED_DCF_AVAILABLE | MOPS_CONSOLIDATED_PREFERRED_OVER_INDIVIDUAL,MOPS_EXACT,0e8207e6d1e964f97cc6cca3996cb139685caf18162d79f55af4f8f29e2f16c6,True
3045,2017-03-31,2017-05-04T18:26:27+08:00,2017-05-04,2017-05-05,UNKNOWN,UNKNOWN,UNKNOWN,HIGH,INSUFFICIENT,QUALITY_HISTORY_INSUFFICIENT | STATE_HISTORY_INSUFFICIENT | HISTORICAL_VALUATION_HIGH | SIMPLIFIED_DCF_AVAILABLE | MOPS_SINGLE_ELIGIBLE_FILING,MOPS_EXACT,dd057fa42b8813f1cc4cd1160b96b877e998c881c291309a987e92c675a3da76,True
3045,2017-06-30,2017-08-02T18:01:21+08:00,2017-08-02,2017-08-03,UNKNOWN,UNKNOWN,UNKNOWN,NORMAL,INSUFFICIENT,QUALITY_HISTORY_INSUFFICIENT | STATE_HISTORY_INSUFFICIENT | HISTORICAL_VALUATION_NORMAL | SIMPLIFIED_DCF_AVAILABLE | MOPS_SINGLE_ELIGIBLE_FILING,MOPS_EXACT,a89ca760fc3fc2561a9441a23c09f0e4fb9290b5ab01ce765079a355b6231d56,True
3045,2017-09-30,2017-11-03T17:00:21+08:00,2017-11-03,2017-11-06,UNKNOWN,UNKNOWN,UNKNOWN,NORMAL,INSUFFICIENT,QUALITY_HISTORY_INSUFFICIENT | STATE_HISTORY_INSUFFICIENT | HISTORICAL_VALUATION_NORMAL | SIMPLIFIED_DCF_AVAILABLE | MOPS_SINGLE_ELIGIBLE_FILING,MOPS_EXACT,d14e099e3a0ffce73d344b792a21afcf9833ad10b5e3df3fd308605fa90123f3,True
3045,2017-12-31,2018-02-01T19:14:47+08:00,2018-02-01,2018-02-02,UNKNOWN,UNKNOWN,UNKNOWN,HIGH,INSUFFICIENT,QUALITY_HISTORY_INSUFFICIENT | STATE_HISTORY_INSUFFICIENT | HISTORICAL_VALUATION_HIGH | SIMPLIFIED_DCF_AVAILABLE | MOPS_CONSOLIDATED_PREFERRED_OVER_INDIVIDUAL,MOPS_EXACT,3d82848f42f0eb71895bab8bf6907de15f793e06ff5cfdc4afe3862991c1480e,True
3045,2018-03-31,2018-04-27T19:10:10+08:00,2018-04-27,2018-04-30,UNKNOWN,UNKNOWN,UNKNOWN,NORMAL,INSUFFICIENT,QUALITY_HISTORY_INSUFFICIENT | STATE_HISTORY_INSUFFICIENT | HISTORICAL_VALUATION_NORMAL | SIMPLIFIED_DCF_AVAILABLE | MOPS_SINGLE_ELIGIBLE_FILING,MOPS_EXACT,36780a046ed2c265322f1f22bf32521e1e940eca21d0f250b9c2f38b556c9fc0,True
3045,2018-06-30,2018-08-07T16:46:34+08:00,2018-08-07,2018-08-08,UNKNOWN,UNKNOWN,UNKNOWN,HIGH,INSUFFICIENT,QUALITY_HISTORY_INSUFFICIENT | STATE_HISTORY_INSUFFICIENT | HISTORICAL_VALUATION_HIGH | SIMPLIFIED_DCF_AVAILABLE | MOPS_SINGLE_ELIGIBLE_FILING,MOPS_EXACT,5b8c71d07230c83cd31f62b0b99afab1442b379babe0b70364211d7094f6428b,True
3045,2018-09-30,2018-11-05T13:56:48+08:00,2018-11-05,2018-11-06,UNKNOWN,UNKNOWN,UNKNOWN,HIGH,INSUFFICIENT,QUALITY_HISTORY_INSUFFICIENT | MIXED_FUNDAMENTAL_DIRECTION | HISTORICAL_VALUATION_HIGH | SIMPLIFIED_DCF_AVAILABLE | MOPS_SINGLE_ELIGIBLE_FILING,MOPS_EXACT,7826fe5f38b9750ee76543c88ddbb0987849f23149f2a4fbd629514d205e8bc6,True
3045,2018-12-31,2019-02-22T17:35:02+08:00,2019-02-22,2019-02-25,UNKNOWN,DETERIORATING,DETERIORATING,NORMAL,INSUFFICIENT,METRIC_COVERAGE_INSUFFICIENT_TTM_REVENUE | METRIC_COVERAGE_INSUFFICIENT_TTM_EPS | METRIC_COVERAGE_INSUFFICIENT_ROE | METRIC_COVERAGE_INSUFFICIENT_ROIC | DETERIORATION_CORROBORATED | HISTORICAL_VALUATION_NORMAL | SIMPLIFIED_DCF_AVAILABLE | MOPS_CONSOLIDATED_PREFERRED_OVER_INDIVIDUAL,MOPS_EXACT,736da5c0156c24531265e5ea39001045bae30e3907d72a3480b598548d99b957,True
3045,2019-03-31,2019-05-08T17:24:14+08:00,2019-05-08,2019-05-09,UNKNOWN,UNKNOWN,UNKNOWN,NORMAL,INSUFFICIENT,METRIC_COVERAGE_INSUFFICIENT_TTM_REVENUE | METRIC_COVERAGE_INSUFFICIENT_TTM_EPS | METRIC_COVERAGE_INSUFFICIENT_ROE | METRIC_COVERAGE_INSUFFICIENT_ROIC | MIXED_FUNDAMENTAL_DIRECTION | HISTORICAL_VALUATION_NORMAL | SIMPLIFIED_DCF_AVAILABLE | MOPS_SINGLE_ELIGIBLE_FILING,MOPS_EXACT,95730b6d535ef7d3f4559cdac57207ae68a69be682c7462443d6b338d5cba2dc,True
3045,2019-06-30,2019-07-25T17:53:38+08:00,2019-07-25,2019-07-26,UNKNOWN,UNKNOWN,UNKNOWN,NORMAL,INSUFFICIENT,METRIC_COVERAGE_INSUFFICIENT_TTM_REVENUE | METRIC_COVERAGE_INSUFFICIENT_TTM_EPS | METRIC_COVERAGE_INSUFFICIENT_ROE | METRIC_COVERAGE_INSUFFICIENT_ROIC | MIXED_FUNDAMENTAL_DIRECTION | HISTORICAL_VALUATION_NORMAL | SIMPLIFIED_DCF_AVAILABLE | MOPS_SINGLE_ELIGIBLE_FILING,MOPS_EXACT,2ab14e14804771d5bdeb57af43e379ea4e705c3b742965b126425ffea4138a6b,True
3045,2019-09-30,2019-11-08T15:20:43+08:00,2019-11-08,2019-11-11,UNKNOWN,IMPROVING,TURNING_UP,HIGH,INSUFFICIENT,METRIC_COVERAGE_INSUFFICIENT_ROE | METRIC_COVERAGE_INSUFFICIENT_ROIC | EARLY_REVENUE_RECOVERY | RECOVERY_CORROBORATED | HISTORICAL_VALUATION_HIGH | SIMPLIFIED_DCF_AVAILABLE | MOPS_SINGLE_ELIGIBLE_FILING,MOPS_EXACT,64eebb98d471c326c5eedf648a7b231eec35bfeddf77ed742bb90622037a018e,True
3045,2019-12-31,2020-02-21T20:18:08+08:00,2020-02-21,2020-02-24,WEAK,UNKNOWN,UNKNOWN,NORMAL,OK,PROFITABILITY_DURABLE | GROWTH_DURABLE_NOT_ESTABLISHED | CASH_CONVERSION_SUPPORTED | BALANCE_SHEET_RESILIENT_NOT_ESTABLISHED | INTEREST_COVERAGE_NOT_ESTABLISHED | MIXED_FUNDAMENTAL_DIRECTION | HISTORICAL_VALUATION_NORMAL | SIMPLIFIED_DCF_AVAILABLE | MOPS_CONSOLIDATED_PREFERRED_OVER_INDIVIDUAL,MOPS_EXACT,3d33e9759c85183e31608053795163cb8225a783558dc0626cef2d44763cd768,True
3045,2020-03-31,2020-05-05T11:01:24+08:00,2020-05-05,2020-05-06,WEAK,IMPROVING,TURNING_UP,NORMAL,OK,PROFITABILITY_DURABLE | GROWTH_DURABLE_NOT_ESTABLISHED | CASH_CONVERSION_SUPPORTED | BALANCE_SHEET_RESILIENT_NOT_ESTABLISHED | INTEREST_COVERAGE_NOT_ESTABLISHED | EARLY_REVENUE_RECOVERY | RECOVERY_CORROBORATED | HISTORICAL_VALUATION_NORMAL | SIMPLIFIED_DCF_AVAILABLE | MOPS_SINGLE_ELIGIBLE_FILING,MOPS_EXACT,446cc4bcfb5ca8d5bcfe4e04b0a0adc8b7a1a2e9f14274cc0b08db7811ff8948,True
3045,2020-06-30,2020-08-04T18:18:21+08:00,2020-08-04,2020-08-05,WEAK,IMPROVING,TURNING_UP,NORMAL,OK,PROFITABILITY_DURABLE | GROWTH_DURABLE_NOT_ESTABLISHED | CASH_CONVERSION_SUPPORTED | BALANCE_SHEET_RESILIENT_NOT_ESTABLISHED | INTEREST_COVERAGE_NOT_ESTABLISHED | EARLY_REVENUE_RECOVERY | RECOVERY_CORROBORATED | HISTORICAL_VALUATION_NORMAL | SIMPLIFIED_DCF_AVAILABLE | MOPS_SINGLE_ELIGIBLE_FILING,MOPS_EXACT,654e4e301782e99689e6111810bb03b0be8a056914689ebffd1bea669bd9b2d7,True
3045,2020-09-30,2020-11-06T15:51:45+08:00,2020-11-06,2020-11-09,WEAK,UNKNOWN,UNKNOWN,NORMAL,PARTIAL,PROFITABILITY_DURABLE | GROWTH_DURABLE_NOT_ESTABLISHED | CASH_CONVERSION_SUPPORTED | BALANCE_SHEET_RESILIENT_NOT_ESTABLISHED | INTEREST_COVERAGE_NOT_ESTABLISHED | MIXED_FUNDAMENTAL_DIRECTION | HISTORICAL_VALUATION_NORMAL | SIMPLIFIED_DCF_AVAILABLE | MOPS_SINGLE_ELIGIBLE_FILING,MOPS_EXACT,b172334d6a3e34f79055abfe8d9210fbbd67d02ddf87bfef8501a45b8eb9dc2e,True
3045,2020-12-31,2021-02-25T18:16:45+08:00,2021-02-25,2021-02-26,WEAK,UNKNOWN,UNKNOWN,NORMAL,PARTIAL,PROFITABILITY_DURABLE | GROWTH_DURABLE_NOT_ESTABLISHED | CASH_CONVERSION_SUPPORTED | BALANCE_SHEET_RESILIENT_NOT_ESTABLISHED | INTEREST_COVERAGE_NOT_ESTABLISHED | MIXED_FUNDAMENTAL_DIRECTION | HISTORICAL_VALUATION_NORMAL | SIMPLIFIED_DCF_AVAILABLE | MOPS_CONSOLIDATED_PREFERRED_OVER_INDIVIDUAL,MOPS_EXACT,fa61f1abf7c9754074498ecf484c4efbe262349cb31b2edd52135ad84a692571,True
3045,2021-03-31,2021-05-04T18:38:21+08:00,2021-05-04,2021-05-05,WEAK,UNKNOWN,UNKNOWN,NORMAL,PARTIAL,PROFITABILITY_DURABLE | GROWTH_DURABLE_NOT_ESTABLISHED | CASH_CONVERSION_SUPPORTED | BALANCE_SHEET_RESILIENT_NOT_ESTABLISHED | INTEREST_COVERAGE_NOT_ESTABLISHED | MIXED_FUNDAMENTAL_DIRECTION | HISTORICAL_VALUATION_NORMAL | SIMPLIFIED_DCF_AVAILABLE | MOPS_SINGLE_ELIGIBLE_FILING,MOPS_EXACT,5dd1ef99aec776b7434c811b3e65e8f2716b124b2e0cf9f6645c037ccb5b91c2,True
3045,2021-06-30,2021-08-05T16:45:16+08:00,2021-08-05,2021-08-06,WEAK,UNKNOWN,UNKNOWN,NORMAL,PARTIAL,PROFITABILITY_DURABLE | GROWTH_DURABLE_NOT_ESTABLISHED | CASH_CONVERSION_SUPPORTED | BALANCE_SHEET_RESILIENT_NOT_ESTABLISHED | INTEREST_COVERAGE_NOT_ESTABLISHED | MIXED_FUNDAMENTAL_DIRECTION | HISTORICAL_VALUATION_NORMAL | SIMPLIFIED_DCF_AVAILABLE | MOPS_SINGLE_ELIGIBLE_FILING,MOPS_EXACT,8bf8d1de81aa913c3cf32d5e47809f0602ddc513dd50ad36482de0eec3b57076,True
3045,2021-09-30,2021-11-04T18:28:33+08:00,2021-11-04,2021-11-05,WEAK,IMPROVING,TURNING_UP,NORMAL,PARTIAL,PROFITABILITY_DURABLE | GROWTH_DURABLE_NOT_ESTABLISHED | CASH_CONVERSION_SUPPORTED | BALANCE_SHEET_RESILIENT_NOT_ESTABLISHED | INTEREST_COVERAGE_NOT_ESTABLISHED | EARLY_REVENUE_RECOVERY | RECOVERY_CORROBORATED | HISTORICAL_VALUATION_NORMAL | SIMPLIFIED_DCF_AVAILABLE | MOPS_SINGLE_ELIGIBLE_FILING,MOPS_EXACT,61bb1b0e70377df890712d27d98736b1a4e61fb339b4a186eadd690e22f431da,True
3045,2021-12-31,2022-02-22T17:37:39+08:00,2022-02-22,2022-02-23,WEAK,IMPROVING,TURNING_UP,NORMAL,PARTIAL,PROFITABILITY_DURABLE | GROWTH_DURABLE_NOT_ESTABLISHED | CASH_CONVERSION_SUPPORTED | BALANCE_SHEET_RESILIENT_NOT_ESTABLISHED | INTEREST_COVERAGE_NOT_ESTABLISHED | EARLY_REVENUE_RECOVERY | RECOVERY_CORROBORATED | HISTORICAL_VALUATION_NORMAL | SIMPLIFIED_DCF_AVAILABLE | MOPS_CONSOLIDATED_PREFERRED_OVER_INDIVIDUAL,MOPS_EXACT,62adbda74791aa866ced15e3361ad356e8534c0c00e9a0a443b54eda958ac76a,True
3045,2022-03-31,2022-05-06T18:14:21+08:00,2022-05-06,2022-05-09,WEAK,IMPROVING,TURNING_UP,NORMAL,OK,PROFITABILITY_DURABLE | GROWTH_DURABLE_NOT_ESTABLISHED | CASH_CONVERSION_SUPPORTED | BALANCE_SHEET_RESILIENT_NOT_ESTABLISHED | INTEREST_COVERAGE_NOT_ESTABLISHED | EARLY_REVENUE_RECOVERY | RECOVERY_CORROBORATED | HISTORICAL_VALUATION_NORMAL | SIMPLIFIED_DCF_AVAILABLE | MOPS_SINGLE_ELIGIBLE_FILING,MOPS_EXACT,55d10051647980926e6ea0a453df55d4834687b2cf29e0a48866b37f951f5198,True
3045,2022-06-30,2022-08-05T16:59:46+08:00,2022-08-05,2022-08-08,WEAK,UNKNOWN,UNKNOWN,NORMAL,OK,PROFITABILITY_DURABLE | GROWTH_DURABLE_NOT_ESTABLISHED | CASH_CONVERSION_SUPPORTED | BALANCE_SHEET_RESILIENT_NOT_ESTABLISHED | INTEREST_COVERAGE_NOT_ESTABLISHED | MIXED_FUNDAMENTAL_DIRECTION | HISTORICAL_VALUATION_NORMAL | SIMPLIFIED_DCF_AVAILABLE | MOPS_SINGLE_ELIGIBLE_FILING,MOPS_EXACT,79ab4d3c8a1aac8f1ade6dfa2b20ddf6948ede2eee58ce47d8e8389588fe6e73,True
3045,2022-09-30,2022-11-10T18:22:13+08:00,2022-11-10,2022-11-11,WEAK,STABLE,CONFIRMED_GROWTH,NORMAL,OK,PROFITABILITY_DURABLE | GROWTH_DURABLE_NOT_ESTABLISHED | CASH_CONVERSION_SUPPORTED | BALANCE_SHEET_RESILIENT_NOT_ESTABLISHED | INTEREST_COVERAGE_NOT_ESTABLISHED | GROWTH_CONFIRMED_THREE_PERIODS | HISTORICAL_VALUATION_NORMAL | SIMPLIFIED_DCF_AVAILABLE | MOPS_SINGLE_ELIGIBLE_FILING,MOPS_EXACT,0297e83244ab8ed0c541cb934f13421e37f76c0add39e9e37ced54e62391cfce,True
3045,2022-12-31,2023-02-24T21:13:00+08:00,2023-02-24,2023-03-01,WEAK,STABLE,CONFIRMED_GROWTH,NORMAL,PARTIAL,PROFITABILITY_DURABLE | GROWTH_DURABLE_NOT_ESTABLISHED | CASH_CONVERSION_SUPPORTED | BALANCE_SHEET_RESILIENT_NOT_ESTABLISHED | INTEREST_COVERAGE_NOT_ESTABLISHED | GROWTH_CONFIRMED_THREE_PERIODS | HISTORICAL_VALUATION_NORMAL | SIMPLIFIED_DCF_AVAILABLE | MOPS_CONSOLIDATED_PREFERRED_OVER_INDIVIDUAL,MOPS_EXACT,2c015462976d3955b3bb7a3ae358ae2d2f5ff0999e37ccd6425a9ced91716c40,True
3045,2023-03-31,2023-05-08T12:28:07+08:00,2023-05-08,2023-05-09,WEAK,STABLE,CONFIRMED_GROWTH,NORMAL,PARTIAL,PROFITABILITY_DURABLE | GROWTH_DURABLE_NOT_ESTABLISHED | CASH_CONVERSION_SUPPORTED | BALANCE_SHEET_RESILIENT_NOT_ESTABLISHED | INTEREST_COVERAGE_NOT_ESTABLISHED | GROWTH_CONFIRMED_THREE_PERIODS | HISTORICAL_VALUATION_NORMAL | SIMPLIFIED_DCF_AVAILABLE | MOPS_SINGLE_ELIGIBLE_FILING,MOPS_EXACT,0643c679a16ee54d44360ea1ba51e0c656b61a23255d7d33e98ba48dfa307d35,True
3045,2023-06-30,2023-08-04T19:15:56+08:00,2023-08-04,2023-08-07,WEAK,STABLE,CONFIRMED_GROWTH,NORMAL,OK,PROFITABILITY_DURABLE | GROWTH_DURABLE_NOT_ESTABLISHED | CASH_CONVERSION_SUPPORTED | BALANCE_SHEET_RESILIENT_NOT_ESTABLISHED | INTEREST_COVERAGE_NOT_ESTABLISHED | GROWTH_CONFIRMED_THREE_PERIODS | HISTORICAL_VALUATION_NORMAL | SIMPLIFIED_DCF_AVAILABLE | MOPS_SINGLE_ELIGIBLE_FILING,MOPS_EXACT,e42b6749be83ef85833a8893f7a863d28276340719446e51d21ffcd720ab7373,True
3045,2023-09-30,2023-11-14T17:30:04+08:00,2023-11-14,2023-11-15,WEAK,STABLE,CONFIRMED_GROWTH,NORMAL,OK,PROFITABILITY_DURABLE | GROWTH_DURABLE_NOT_ESTABLISHED | CASH_CONVERSION_SUPPORTED | BALANCE_SHEET_RESILIENT_NOT_ESTABLISHED | INTEREST_COVERAGE_NOT_ESTABLISHED | GROWTH_CONFIRMED_THREE_PERIODS | HISTORICAL_VALUATION_NORMAL | SIMPLIFIED_DCF_AVAILABLE | MOPS_SINGLE_ELIGIBLE_FILING,MOPS_EXACT,936cb8580fdb9cc4bea19456aea69463aa92ccff29467f634c30171ceff78a5e,True
3045,2023-12-31,2024-02-27T16:20:01+08:00,2024-02-27,2024-02-29,WEAK,STABLE,MATURE_GROWTH,NORMAL,OK,PROFITABILITY_DURABLE | GROWTH_DURABLE_NOT_ESTABLISHED | CASH_CONVERSION_SUPPORTED | BALANCE_SHEET_RESILIENT_NOT_ESTABLISHED | INTEREST_COVERAGE_NOT_ESTABLISHED | SUSTAINED_GROWTH_EIGHT_PERIODS | HISTORICAL_VALUATION_NORMAL | SIMPLIFIED_DCF_AVAILABLE | MOPS_CONSOLIDATED_PREFERRED_OVER_INDIVIDUAL,MOPS_EXACT,92166b56d72effe8109f3b3cab077b974ae01b616652358d181aa67f4400b51d,True
3045,2024-03-31,2024-05-14T16:56:08+08:00,2024-05-14,2024-05-15,WEAK,STABLE,MATURE_GROWTH,NORMAL,OK,PROFITABILITY_DURABLE | GROWTH_DURABLE | CASH_CONVERSION_SUPPORTED | BALANCE_SHEET_RESILIENT_NOT_ESTABLISHED | INTEREST_COVERAGE_NOT_ESTABLISHED | SUSTAINED_GROWTH_EIGHT_PERIODS | HISTORICAL_VALUATION_NORMAL | SIMPLIFIED_DCF_AVAILABLE | MOPS_SINGLE_ELIGIBLE_FILING,MOPS_EXACT,6313b74f9881ae04c3f5db35c8c6d11bc2d02ce77493fed3180b25fdf25b9aeb,True
3045,2024-06-30,2024-08-09T13:51:01+08:00,2024-08-09,2024-08-12,WEAK,STABLE,MATURE_GROWTH,NORMAL,OK,PROFITABILITY_DURABLE | GROWTH_DURABLE | CASH_CONVERSION_SUPPORTED | BALANCE_SHEET_RESILIENT_NOT_ESTABLISHED | INTEREST_COVERAGE_NOT_ESTABLISHED | SUSTAINED_GROWTH_EIGHT_PERIODS | HISTORICAL_VALUATION_NORMAL | SIMPLIFIED_DCF_AVAILABLE | MOPS_SINGLE_ELIGIBLE_FILING,MOPS_EXACT,a09fa005ffd60c52b446b5484fc0cd7a8f9db884e8cbba21472c8b41fbf520c7,True
3045,2024-09-30,2024-11-13T16:04:44+08:00,2024-11-13,2024-11-14,WEAK,IMPROVING,TURNING_UP,NORMAL,OK,PROFITABILITY_DURABLE | GROWTH_DURABLE | CASH_CONVERSION_SUPPORTED | BALANCE_SHEET_RESILIENT_NOT_ESTABLISHED | INTEREST_COVERAGE_NOT_ESTABLISHED | EARLY_REVENUE_RECOVERY | RECOVERY_CORROBORATED | HISTORICAL_VALUATION_NORMAL | SIMPLIFIED_DCF_AVAILABLE | MOPS_SINGLE_ELIGIBLE_FILING,MOPS_EXACT,c87ca484c1a19e3d9d974c4c829cc856cf3f5d5ef2d07248f0816f380c5f78b6,True
3045,2024-12-31,2025-02-27T19:41:08+08:00,2025-02-27,2025-03-03,WEAK,STABLE,MATURE_GROWTH,NORMAL,OK,PROFITABILITY_DURABLE | GROWTH_DURABLE | CASH_CONVERSION_SUPPORTED | BALANCE_SHEET_RESILIENT_NOT_ESTABLISHED | INTEREST_COVERAGE_NOT_ESTABLISHED | SUSTAINED_GROWTH_EIGHT_PERIODS | HISTORICAL_VALUATION_NORMAL | SIMPLIFIED_DCF_AVAILABLE | MOPS_CONSOLIDATED_PREFERRED_OVER_INDIVIDUAL,MOPS_EXACT,683501eeac5fa97cabc1ef9a744e8392cef69dccec4314ada9a7f7c1b389dd85,True
3045,2025-03-31,2025-05-13T16:51:49+08:00,2025-05-13,2025-05-14,WEAK,STABLE,MATURE_GROWTH,NORMAL,OK,PROFITABILITY_DURABLE | GROWTH_DURABLE | CASH_CONVERSION_SUPPORTED | BALANCE_SHEET_RESILIENT_NOT_ESTABLISHED | INTEREST_COVERAGE_NOT_ESTABLISHED | SUSTAINED_GROWTH_EIGHT_PERIODS | HISTORICAL_VALUATION_NORMAL | SIMPLIFIED_DCF_AVAILABLE | MOPS_SINGLE_ELIGIBLE_FILING,MOPS_EXACT,764e8e7405e800e2ee0d74774ab9c86f801d1b9f3a2ac202a1c2b080766e6942,True
3045,2025-06-30,2025-08-07T21:40:22+08:00,2025-08-07,2025-08-08,WEAK,STABLE,MATURE_GROWTH,NORMAL,OK,PROFITABILITY_DURABLE | GROWTH_DURABLE | CASH_CONVERSION_SUPPORTED | BALANCE_SHEET_RESILIENT_NOT_ESTABLISHED | INTEREST_COVERAGE_NOT_ESTABLISHED | SUSTAINED_GROWTH_EIGHT_PERIODS | HISTORICAL_VALUATION_NORMAL | SIMPLIFIED_DCF_AVAILABLE | MOPS_SINGLE_ELIGIBLE_FILING,MOPS_EXACT,2ca117df7756b342a091f47130d16e087703409c5388a3fa6a2713dcf30dad13,True
3045,2025-09-30,2025-11-12T17:40:46+08:00,2025-11-12,2025-11-13,WEAK,DETERIORATING,DETERIORATING,NORMAL,OK,PROFITABILITY_DURABLE | GROWTH_DURABLE | CASH_CONVERSION_SUPPORTED | BALANCE_SHEET_RESILIENT_NOT_ESTABLISHED | INTEREST_COVERAGE_NOT_ESTABLISHED | DETERIORATION_CORROBORATED | HISTORICAL_VALUATION_NORMAL | SIMPLIFIED_DCF_AVAILABLE | MOPS_SINGLE_ELIGIBLE_FILING,MOPS_EXACT,a7d7acc0017b55b299b5b8ee4a31015388ce10f3e457c12fa02e9b27b1fda1e5,True
3045,2025-12-31,2026-03-16T13:34:39+08:00,2026-03-16,2026-03-17,WEAK,UNKNOWN,UNKNOWN,NORMAL,OK,PROFITABILITY_DURABLE | GROWTH_DURABLE | CASH_CONVERSION_SUPPORTED | BALANCE_SHEET_RESILIENT_NOT_ESTABLISHED | INTEREST_COVERAGE_NOT_ESTABLISHED | MIXED_FUNDAMENTAL_DIRECTION | HISTORICAL_VALUATION_NORMAL | SIMPLIFIED_DCF_AVAILABLE | MOPS_CONSOLIDATED_PREFERRED_OVER_INDIVIDUAL,MOPS_EXACT,beb6bd4141802c4560290d93220bda56872f13249899e8967c1993b304d31bd2,True
3045,2026-03-31,2026-05-13T16:29:32+08:00,2026-05-13,2026-05-14,WEAK,UNKNOWN,UNKNOWN,NORMAL,OK,PROFITABILITY_DURABLE | GROWTH_DURABLE | CASH_CONVERSION_SUPPORTED | BALANCE_SHEET_RESILIENT_NOT_ESTABLISHED | INTEREST_COVERAGE_NOT_ESTABLISHED | MIXED_FUNDAMENTAL_DIRECTION | HISTORICAL_VALUATION_NORMAL | SIMPLIFIED_DCF_AVAILABLE | MOPS_SINGLE_ELIGIBLE_FILING,MOPS_EXACT,3fd42ec46fcd2e79a4e5189efa3de6f7eb7f63852a10ee0cbbc8836089d95b8f,True
3045,2026-06-30,2026-08-05T17:15:59+08:00,2026-08-05,2026-08-06,WEAK,IMPROVING,TURNING_UP,NORMAL,OK,PROFITABILITY_DURABLE | GROWTH_DURABLE | CASH_CONVERSION_SUPPORTED | BALANCE_SHEET_RESILIENT_NOT_ESTABLISHED | INTEREST_COVERAGE_NOT_ESTABLISHED | EARLY_REVENUE_RECOVERY | RECOVERY_CORROBORATED | HISTORICAL_VALUATION_NORMAL | SIMPLIFIED_DCF_AVAILABLE | MOPS_SINGLE_ELIGIBLE_FILING,MOPS_EXACT,228879a25e20a48131ff54bce9643d899bbf005a64e082218d906f07a83b39bb,True
3231,2016-03-31,2016-05-16T10:13:47+08:00,2016-05-16,2016-05-17,UNKNOWN,UNKNOWN,UNKNOWN,N/M,INSUFFICIENT,QUALITY_HISTORY_INSUFFICIENT | STATE_HISTORY_INSUFFICIENT | VALUATION_HISTORY_INSUFFICIENT | SIMPLIFIED_DCF_NOT_APPLICABLE | MOPS_SINGLE_ELIGIBLE_FILING,MOPS_EXACT,14e69e163fa15955b82ed9a4f81736ff6b52c74e5d5a9140575c94fc35793dbb,True
3231,2016-06-30,2016-08-15T11:17:48+08:00,2016-08-15,2016-08-16,UNKNOWN,UNKNOWN,UNKNOWN,HIGH,INSUFFICIENT,QUALITY_HISTORY_INSUFFICIENT | STATE_HISTORY_INSUFFICIENT | HISTORICAL_VALUATION_HIGH | SIMPLIFIED_DCF_NOT_APPLICABLE | MOPS_SINGLE_ELIGIBLE_FILING,MOPS_EXACT,0f1ddd6ca5b21338f6005d301431ef07284105ec27eafff6200f95773142009a,True
3231,2016-09-30,2016-11-14T09:31:44+08:00,2016-11-14,2016-11-15,UNKNOWN,UNKNOWN,UNKNOWN,NORMAL,INSUFFICIENT,QUALITY_HISTORY_INSUFFICIENT | STATE_HISTORY_INSUFFICIENT | HISTORICAL_VALUATION_NORMAL | SIMPLIFIED_DCF_NOT_APPLICABLE | MOPS_SINGLE_ELIGIBLE_FILING,MOPS_EXACT,7ff8e2f8e416de1fc021599c5e02e9c6ec3383b913be2033c9f7303ede86c92e,True
3231,2016-12-31,2017-03-28T18:25:27+08:00,2017-03-28,2017-03-29,UNKNOWN,UNKNOWN,UNKNOWN,HIGH,INSUFFICIENT,QUALITY_HISTORY_INSUFFICIENT | STATE_HISTORY_INSUFFICIENT | HISTORICAL_VALUATION_HIGH | SIMPLIFIED_DCF_AVAILABLE | MOPS_CONSOLIDATED_PREFERRED_OVER_INDIVIDUAL,MOPS_EXACT,6b58489d53f5085512274c75f33d71a2b48590d4db13227ba7d92a66434664d5,True
3231,2017-03-31,2017-05-12T08:40:50+08:00,2017-05-12,2017-05-15,UNKNOWN,UNKNOWN,UNKNOWN,LOW,INSUFFICIENT,QUALITY_HISTORY_INSUFFICIENT | STATE_HISTORY_INSUFFICIENT | HISTORICAL_VALUATION_LOW | SIMPLIFIED_DCF_AVAILABLE | MOPS_SINGLE_ELIGIBLE_FILING,MOPS_EXACT,0eeb350bf818ad68b911ae1d3802129787beed0ef978593a54e0f9f9ef0e86cb,True
3231,2017-06-30,2017-08-14T10:15:45+08:00,2017-08-14,2017-08-15,UNKNOWN,UNKNOWN,UNKNOWN,LOW,INSUFFICIENT,QUALITY_HISTORY_INSUFFICIENT | STATE_HISTORY_INSUFFICIENT | HISTORICAL_VALUATION_LOW | SIMPLIFIED_DCF_AVAILABLE | MOPS_SINGLE_ELIGIBLE_FILING,MOPS_EXACT,d85d4546a0226d057a432a6dab317483b83ee85b8fb039768859edc285d7c6a9,True
3231,2017-09-30,2017-11-13T14:54:12+08:00,2017-11-13,2017-11-14,UNKNOWN,UNKNOWN,UNKNOWN,NORMAL,INSUFFICIENT,QUALITY_HISTORY_INSUFFICIENT | STATE_HISTORY_INSUFFICIENT | HISTORICAL_VALUATION_NORMAL | SIMPLIFIED_DCF_NOT_APPLICABLE | MOPS_SINGLE_ELIGIBLE_FILING,MOPS_EXACT,41b22c6b547bd7b0013eacd0a02c526763438d3e4eeb06cb07b17900510a358c,True
3231,2017-12-31,2018-03-14T16:33:23+08:00,2018-03-14,2018-03-15,UNKNOWN,UNKNOWN,UNKNOWN,NORMAL,INSUFFICIENT,QUALITY_HISTORY_INSUFFICIENT | STATE_HISTORY_INSUFFICIENT | HISTORICAL_VALUATION_NORMAL | SIMPLIFIED_DCF_NOT_APPLICABLE | MOPS_CONSOLIDATED_PREFERRED_OVER_INDIVIDUAL,MOPS_EXACT,a30d071230bffd70f6a7747090c4be96e439b60b80d58b948f1737cf312c5ecd,True
3231,2018-03-31,2018-05-15T10:26:42+08:00,2018-05-15,2018-05-16,UNKNOWN,UNKNOWN,UNKNOWN,NORMAL,INSUFFICIENT,QUALITY_HISTORY_INSUFFICIENT | STATE_HISTORY_INSUFFICIENT | HISTORICAL_VALUATION_NORMAL | SIMPLIFIED_DCF_NOT_APPLICABLE | MOPS_SINGLE_ELIGIBLE_FILING,MOPS_EXACT,8bc8312cda1c09152059e204eb29f2554cf68900bb1ad0befea42dfefb40d996,True
3231,2018-06-30,2018-08-13T16:50:27+08:00,2018-08-13,2018-08-14,UNKNOWN,UNKNOWN,UNKNOWN,LOW,INSUFFICIENT,QUALITY_HISTORY_INSUFFICIENT | STATE_HISTORY_INSUFFICIENT | HISTORICAL_VALUATION_LOW | SIMPLIFIED_DCF_NOT_APPLICABLE | MOPS_SINGLE_ELIGIBLE_FILING,MOPS_EXACT,22fafb0a5d402614fec24828366e8501006a48ae2cc46d077c05db1f7e329d2b,True
3231,2018-09-30,2018-11-13T13:49:32+08:00,2018-11-13,2018-11-14,UNKNOWN,STABLE,CONFIRMED_GROWTH,LOW,INSUFFICIENT,QUALITY_HISTORY_INSUFFICIENT | GROWTH_CONFIRMED_THREE_PERIODS | HISTORICAL_VALUATION_LOW | SIMPLIFIED_DCF_NOT_APPLICABLE | MOPS_SINGLE_ELIGIBLE_FILING,MOPS_EXACT,eb13190aaea638ef4fe0ecb9ba6c90442a61a0975c26ef1e9697d681027e9da9,True
3231,2018-12-31,2019-03-28T16:08:55+08:00,2019-03-28,2019-03-29,UNKNOWN,STABLE,CONFIRMED_GROWTH,NORMAL,INSUFFICIENT,METRIC_COVERAGE_INSUFFICIENT_TTM_REVENUE | METRIC_COVERAGE_INSUFFICIENT_TTM_EPS | METRIC_COVERAGE_INSUFFICIENT_ROE | METRIC_COVERAGE_INSUFFICIENT_ROIC | GROWTH_CONFIRMED_THREE_PERIODS | HISTORICAL_VALUATION_NORMAL | SIMPLIFIED_DCF_NOT_APPLICABLE | MOPS_CONSOLIDATED_PREFERRED_OVER_INDIVIDUAL,MOPS_EXACT,9e83bc6232c652f9d79f973b59237410666b677564cd663dea8e6dc3788c0161,True
3231,2019-03-31,2019-05-14T14:23:41+08:00,2019-05-14,2019-05-15,UNKNOWN,DETERIORATING,DETERIORATING,LOW,INSUFFICIENT,METRIC_COVERAGE_INSUFFICIENT_TTM_REVENUE | METRIC_COVERAGE_INSUFFICIENT_TTM_EPS | METRIC_COVERAGE_INSUFFICIENT_ROE | METRIC_COVERAGE_INSUFFICIENT_ROIC | DETERIORATION_CORROBORATED | HISTORICAL_VALUATION_LOW | SIMPLIFIED_DCF_AVAILABLE | MOPS_SINGLE_ELIGIBLE_FILING,MOPS_EXACT,56d3a4672bf380b26e392a136d9cab1598ac2b4b693bb5c9d9bc16a970a4cdfd,True
3231,2019-06-30,2019-08-13T10:10:08+08:00,2019-08-13,2019-08-14,UNKNOWN,UNKNOWN,UNKNOWN,LOW,INSUFFICIENT,METRIC_COVERAGE_INSUFFICIENT_TTM_REVENUE | METRIC_COVERAGE_INSUFFICIENT_TTM_EPS | METRIC_COVERAGE_INSUFFICIENT_ROE | METRIC_COVERAGE_INSUFFICIENT_ROIC | MIXED_FUNDAMENTAL_DIRECTION | HISTORICAL_VALUATION_LOW | SIMPLIFIED_DCF_AVAILABLE | MOPS_SINGLE_ELIGIBLE_FILING,MOPS_EXACT,85467b1555b9af87d50e570670b0682445090ffcfbfd68bd3258044c612553c4,True
3231,2019-09-30,2019-11-13T15:31:36+08:00,2019-11-13,2019-11-14,UNKNOWN,UNKNOWN,UNKNOWN,LOW,INSUFFICIENT,METRIC_COVERAGE_INSUFFICIENT_ROE | METRIC_COVERAGE_INSUFFICIENT_ROIC | MIXED_FUNDAMENTAL_DIRECTION | HISTORICAL_VALUATION_LOW | SIMPLIFIED_DCF_AVAILABLE | MOPS_SINGLE_ELIGIBLE_FILING,MOPS_EXACT,564afae80484eca1ed07fa0a7c8fa0e4e757e89e8aee87f7233887c2241695fe,True
3231,2019-12-31,2020-03-25T14:57:48+08:00,2020-03-25,2020-03-26,WEAK,UNKNOWN,UNKNOWN,LOW,OK,PROFITABILITY_DURABLE_NOT_ESTABLISHED | GROWTH_DURABLE_NOT_ESTABLISHED | CASH_CONVERSION_SUPPORTED_NOT_ESTABLISHED | BALANCE_SHEET_RESILIENT_NOT_ESTABLISHED | INTEREST_COVERAGE_NOT_ESTABLISHED | MIXED_FUNDAMENTAL_DIRECTION | HISTORICAL_VALUATION_LOW | SIMPLIFIED_DCF_AVAILABLE | MOPS_CONSOLIDATED_PREFERRED_OVER_INDIVIDUAL,MOPS_EXACT,a140035ee3170d5cbb254e118106dde412dae8c3e4915b5a87723dac192a9ef2,True
3231,2020-03-31,2020-05-14T16:20:32+08:00,2020-05-14,2020-05-15,WEAK,UNKNOWN,UNKNOWN,LOW,OK,PROFITABILITY_DURABLE_NOT_ESTABLISHED | GROWTH_DURABLE | CASH_CONVERSION_SUPPORTED_NOT_ESTABLISHED | BALANCE_SHEET_RESILIENT_NOT_ESTABLISHED | INTEREST_COVERAGE_NOT_ESTABLISHED | MIXED_FUNDAMENTAL_DIRECTION | HISTORICAL_VALUATION_LOW | SIMPLIFIED_DCF_AVAILABLE | MOPS_SINGLE_ELIGIBLE_FILING,MOPS_EXACT,713ec185492dbbccca88b1cac28f3a9c9c7f2c3602e330602cb78683a7910a50,True
3231,2020-06-30,2020-08-13T16:09:24+08:00,2020-08-13,2020-08-14,WEAK,UNKNOWN,UNKNOWN,NORMAL,PARTIAL,PROFITABILITY_DURABLE_NOT_ESTABLISHED | GROWTH_DURABLE | CASH_CONVERSION_SUPPORTED_NOT_ESTABLISHED | BALANCE_SHEET_RESILIENT_NOT_ESTABLISHED | INTEREST_COVERAGE_NOT_ESTABLISHED | MIXED_FUNDAMENTAL_DIRECTION | HISTORICAL_VALUATION_NORMAL | SIMPLIFIED_DCF_NOT_APPLICABLE | MOPS_SINGLE_ELIGIBLE_FILING,MOPS_EXACT,9abe87c476569f821c5c0696027f378f0ff0ddd34a1f960571a501c34af6a38c,True
3231,2020-09-30,2020-11-13T10:53:29+08:00,2020-11-13,2020-11-16,WEAK,UNKNOWN,UNKNOWN,NORMAL,PARTIAL,PROFITABILITY_DURABLE_NOT_ESTABLISHED | GROWTH_DURABLE | CASH_CONVERSION_SUPPORTED_NOT_ESTABLISHED | BALANCE_SHEET_RESILIENT_NOT_ESTABLISHED | INTEREST_COVERAGE_NOT_ESTABLISHED | MIXED_FUNDAMENTAL_DIRECTION | HISTORICAL_VALUATION_NORMAL | SIMPLIFIED_DCF_NOT_APPLICABLE | MOPS_SINGLE_ELIGIBLE_FILING,MOPS_EXACT,b5e090a958668b46a24521badb905dab77ad7f5fccc2b5eec8dadea3e3ac6a26,True
3231,2020-12-31,2021-03-25T14:55:20+08:00,2021-03-25,2021-03-26,WEAK,UNKNOWN,UNKNOWN,NORMAL,PARTIAL,FCF_PERSISTENCE_WEAK | MIXED_FUNDAMENTAL_DIRECTION | HISTORICAL_VALUATION_NORMAL | SIMPLIFIED_DCF_NOT_APPLICABLE | MOPS_CONSOLIDATED_PREFERRED_OVER_INDIVIDUAL,MOPS_EXACT,5d83cb999647bad6082018373434f263451242ac5b47ee498888e2b54c1cef08,True
3231,2021-03-31,2021-05-11T11:21:48+08:00,2021-05-11,2021-05-12,WEAK,UNKNOWN,UNKNOWN,NORMAL,PARTIAL,FCF_PERSISTENCE_WEAK | MIXED_FUNDAMENTAL_DIRECTION | HISTORICAL_VALUATION_NORMAL | SIMPLIFIED_DCF_NOT_APPLICABLE | MOPS_SINGLE_ELIGIBLE_FILING,MOPS_EXACT,d8bc9dd588256b4d37d712511f820f4cbb0f4fb15bf1705cce2a68daa8e9227f,True
3231,2021-06-30,2021-08-09T14:03:19+08:00,2021-08-09,2021-08-10,WEAK,UNKNOWN,UNKNOWN,NORMAL,PARTIAL,FCF_PERSISTENCE_WEAK | MIXED_FUNDAMENTAL_DIRECTION | HISTORICAL_VALUATION_NORMAL | SIMPLIFIED_DCF_NOT_APPLICABLE | MOPS_SINGLE_ELIGIBLE_FILING,MOPS_EXACT,cf279492223b93cf0858c92f90c23ffaadeaabede4c6b4b3df47ae74322537cd,True
3231,2021-09-30,2021-11-09T11:49:38+08:00,2021-11-09,2021-11-10,WEAK,UNKNOWN,UNKNOWN,NORMAL,OK,FCF_PERSISTENCE_WEAK | MIXED_FUNDAMENTAL_DIRECTION | HISTORICAL_VALUATION_NORMAL | SIMPLIFIED_DCF_NOT_APPLICABLE | MOPS_SINGLE_ELIGIBLE_FILING,MOPS_EXACT,354a89b96fb61317b28286592cb4518a207d17845db6b825779ab14978d95e3f,True
3231,2021-12-31,2022-03-18T14:59:34+08:00,2022-03-18,2022-03-21,WEAK,IMPROVING,TURNING_UP,NORMAL,PARTIAL,FCF_PERSISTENCE_WEAK | EARLY_REVENUE_RECOVERY | RECOVERY_CORROBORATED | HISTORICAL_VALUATION_NORMAL | SIMPLIFIED_DCF_NOT_APPLICABLE | MOPS_CONSOLIDATED_PREFERRED_OVER_INDIVIDUAL,MOPS_EXACT,009a42624609f1299b9516459f48a22242d3fe5d26ad811b8273bbbb7f1a728c,True
3231,2022-03-31,2022-05-11T09:09:36+08:00,2022-05-11,2022-05-12,WEAK,UNKNOWN,UNKNOWN,LOW,PARTIAL,FCF_PERSISTENCE_WEAK | MIXED_FUNDAMENTAL_DIRECTION | HISTORICAL_VALUATION_LOW | SIMPLIFIED_DCF_NOT_APPLICABLE | MOPS_SINGLE_ELIGIBLE_FILING,MOPS_EXACT,8b769026b0522bd85b5a1d393c3275d45a120fbcf8020abdb7f71ee7dd100469,True
3231,2022-06-30,2022-08-10T14:24:30+08:00,2022-08-10,2022-08-11,WEAK,STABLE,CONFIRMED_GROWTH,LOW,PARTIAL,FCF_PERSISTENCE_WEAK | GROWTH_CONFIRMED_THREE_PERIODS | HISTORICAL_VALUATION_LOW | SIMPLIFIED_DCF_NOT_APPLICABLE | MOPS_SINGLE_ELIGIBLE_FILING,MOPS_EXACT,05a0cd5ffe763ee5022b42e32739bbd6a98811670ba6799213ad75f726193599,True
3231,2022-09-30,2022-11-10T11:07:48+08:00,2022-11-10,2022-11-11,WEAK,IMPROVING,TURNING_UP,LOW,OK,FCF_PERSISTENCE_WEAK | EARLY_REVENUE_RECOVERY | RECOVERY_CORROBORATED | HISTORICAL_VALUATION_LOW | SIMPLIFIED_DCF_AVAILABLE | MOPS_SINGLE_ELIGIBLE_FILING,MOPS_EXACT,efc31951b0868d384f0f0331e7c3ab9c008fff38d8ede0eb7eaf1d720e3d84ea,True
3231,2022-12-31,2023-03-15T13:21:02+08:00,2023-03-15,2023-03-16,WEAK,STABLE,CONFIRMED_GROWTH,LOW,OK,FCF_PERSISTENCE_WEAK | GROWTH_CONFIRMED_THREE_PERIODS | HISTORICAL_VALUATION_LOW | SIMPLIFIED_DCF_AVAILABLE | MOPS_CONSOLIDATED_PREFERRED_OVER_INDIVIDUAL,MOPS_EXACT,230f4c73b5525f6a36ee558999bd56f5bc2c63c6d192f47aac2a20a7b766d0ac,True
3231,2023-03-31,2023-05-12T12:03:38+08:00,2023-05-12,2023-05-15,WEAK,STABLE,CONFIRMED_GROWTH,NORMAL,OK,FCF_PERSISTENCE_WEAK | GROWTH_CONFIRMED_THREE_PERIODS | HISTORICAL_VALUATION_NORMAL | SIMPLIFIED_DCF_AVAILABLE | MOPS_SINGLE_ELIGIBLE_FILING,MOPS_EXACT,54130479bf2c6bfa25bcdba093e803d177603e39953a2fea2bbde4ead3696556,True
3231,2023-06-30,2023-08-09T15:15:17+08:00,2023-08-09,2023-08-10,WEAK,DETERIORATING,DETERIORATING,HIGH,OK,FCF_PERSISTENCE_WEAK | DETERIORATION_CORROBORATED | HISTORICAL_VALUATION_HIGH | SIMPLIFIED_DCF_AVAILABLE | MOPS_SINGLE_ELIGIBLE_FILING,MOPS_EXACT,3efe881c7435123218f31d6141ec233d6334531dadf59c8832d4592295a952fc,True
3231,2023-09-30,2023-11-10T16:26:21+08:00,2023-11-10,2023-11-13,WEAK,DETERIORATING,DETERIORATING,HIGH,OK,PROFITABILITY_DURABLE | GROWTH_DURABLE | CASH_CONVERSION_SUPPORTED_NOT_ESTABLISHED | BALANCE_SHEET_RESILIENT_NOT_ESTABLISHED | INTEREST_COVERAGE_NOT_ESTABLISHED | DETERIORATION_CORROBORATED | HISTORICAL_VALUATION_HIGH | SIMPLIFIED_DCF_AVAILABLE | MOPS_SINGLE_ELIGIBLE_FILING,MOPS_EXACT,79d40402dec219ac27e366eda0a56d1059fb8258e9f384ec91befcf22f0bd823,True
3231,2023-12-31,2024-03-12T17:42:49+08:00,2024-03-12,2024-03-13,WEAK,UNKNOWN,UNKNOWN,HIGH,OK,PROFITABILITY_DURABLE | GROWTH_DURABLE | CASH_CONVERSION_SUPPORTED_NOT_ESTABLISHED | BALANCE_SHEET_RESILIENT_NOT_ESTABLISHED | INTEREST_COVERAGE_NOT_ESTABLISHED | MIXED_FUNDAMENTAL_DIRECTION | HISTORICAL_VALUATION_HIGH | SIMPLIFIED_DCF_AVAILABLE | MOPS_CONSOLIDATED_PREFERRED_OVER_INDIVIDUAL,MOPS_EXACT,dd3cb67b3d41bac3c25b86629809b1969b399794e50b6e68f66077ffb732630b,True
3231,2024-03-31,2024-05-14T14:05:51+08:00,2024-05-14,2024-05-15,WEAK,UNKNOWN,UNKNOWN,NORMAL,OK,PROFITABILITY_DURABLE | GROWTH_DURABLE | CASH_CONVERSION_SUPPORTED_NOT_ESTABLISHED | BALANCE_SHEET_RESILIENT_NOT_ESTABLISHED | INTEREST_COVERAGE_NOT_ESTABLISHED | MIXED_FUNDAMENTAL_DIRECTION | HISTORICAL_VALUATION_NORMAL | SIMPLIFIED_DCF_AVAILABLE | MOPS_SINGLE_ELIGIBLE_FILING,MOPS_EXACT,e64bd1f3307e12cafac3d6c43fef031d6a11b319a5deb8530de3b01388f6fe26,True
3231,2024-06-30,2024-08-13T14:11:02+08:00,2024-08-13,2024-08-14,WEAK,IMPROVING,BOTTOMING,NORMAL,OK,PROFITABILITY_DURABLE | GROWTH_DURABLE | CASH_CONVERSION_SUPPORTED_NOT_ESTABLISHED | BALANCE_SHEET_RESILIENT_NOT_ESTABLISHED | INTEREST_COVERAGE_NOT_ESTABLISHED | REVENUE_CONTRACTION_NARROWING | RECOVERY_CORROBORATED | HISTORICAL_VALUATION_NORMAL | SIMPLIFIED_DCF_AVAILABLE | MOPS_SINGLE_ELIGIBLE_FILING,MOPS_EXACT,e713f2e67ef250fecdbc34e96640e80830aa90ad5a5032c58ad16ef2a64191a5,True
3231,2024-09-30,2024-11-13T17:15:40+08:00,2024-11-13,2024-11-14,WEAK,UNKNOWN,UNKNOWN,NORMAL,OK,PROFITABILITY_DURABLE | GROWTH_DURABLE | CASH_CONVERSION_SUPPORTED_NOT_ESTABLISHED | BALANCE_SHEET_RESILIENT_NOT_ESTABLISHED | INTEREST_COVERAGE_NOT_ESTABLISHED | MIXED_FUNDAMENTAL_DIRECTION | HISTORICAL_VALUATION_NORMAL | SIMPLIFIED_DCF_AVAILABLE | MOPS_SINGLE_ELIGIBLE_FILING,MOPS_EXACT,351353c121ac058f795f50d01083fe2283d143b4f11939a31054c7a6cf9574f2,True
3231,2024-12-31,2025-03-07T16:04:51+08:00,2025-03-07,2025-03-10,WEAK,IMPROVING,TURNING_UP,NORMAL,PARTIAL,PROFITABILITY_DURABLE | GROWTH_DURABLE | CASH_CONVERSION_SUPPORTED_NOT_ESTABLISHED | BALANCE_SHEET_RESILIENT_NOT_ESTABLISHED | INTEREST_COVERAGE_NOT_ESTABLISHED | EARLY_REVENUE_RECOVERY | RECOVERY_CORROBORATED | HISTORICAL_VALUATION_NORMAL | SIMPLIFIED_DCF_NOT_APPLICABLE | MOPS_CONSOLIDATED_PREFERRED_OVER_INDIVIDUAL,MOPS_EXACT,2da75d5ca9eb61eb3636b4e938de286864a73f89eef910686120c04de3306a5a,True
3231,2025-03-31,2025-05-09T13:45:50+08:00,2025-05-09,2025-05-12,WEAK,STABLE,CONFIRMED_GROWTH,NORMAL,PARTIAL,FCF_PERSISTENCE_WEAK | GROWTH_CONFIRMED_THREE_PERIODS | HISTORICAL_VALUATION_NORMAL | SIMPLIFIED_DCF_NOT_APPLICABLE | MOPS_SINGLE_ELIGIBLE_FILING,MOPS_EXACT,05c0d9af6980aded76ebc08fcfdd4e7a3d9aa5a85c374c7e26ff35cacfe40480,True
3231,2025-06-30,2025-08-13T16:22:27+08:00,2025-08-13,2025-08-14,WEAK,IMPROVING,TURNING_UP,NORMAL,PARTIAL,FCF_PERSISTENCE_WEAK | EARLY_REVENUE_RECOVERY | RECOVERY_CORROBORATED | HISTORICAL_VALUATION_NORMAL | SIMPLIFIED_DCF_NOT_APPLICABLE | MOPS_SINGLE_ELIGIBLE_FILING,MOPS_EXACT,ad587c4619425f1cb53174f42af076786139662485aff0612b51d4e08a58f969,True
3231,2025-09-30,2025-11-13T10:28:43+08:00,2025-11-13,2025-11-14,WEAK,IMPROVING,TURNING_UP,NORMAL,PARTIAL,FCF_PERSISTENCE_WEAK | EARLY_REVENUE_RECOVERY | RECOVERY_CORROBORATED | HISTORICAL_VALUATION_NORMAL | SIMPLIFIED_DCF_NOT_APPLICABLE | MOPS_SINGLE_ELIGIBLE_FILING,MOPS_EXACT,e685c16592098e8bb24aadbbf57b35e00aeea21e793210b7f97502424dbc706d,True
3231,2025-12-31,2026-03-13T16:07:35+08:00,2026-03-13,2026-03-16,WEAK,STABLE,CONFIRMED_GROWTH,NORMAL,PARTIAL,FCF_PERSISTENCE_WEAK | GROWTH_CONFIRMED_THREE_PERIODS | HISTORICAL_VALUATION_NORMAL | SIMPLIFIED_DCF_NOT_APPLICABLE | MOPS_CONSOLIDATED_PREFERRED_OVER_INDIVIDUAL,MOPS_EXACT,a1088a4c099739be49a5476428df573bd348b4e15d828a2e52b1085b567de0d7,True
3231,2026-03-31,2026-05-13T15:59:40+08:00,2026-05-13,2026-05-14,WEAK,IMPROVING,TURNING_UP,NORMAL,PARTIAL,FCF_PERSISTENCE_WEAK | EARLY_REVENUE_RECOVERY | RECOVERY_CORROBORATED | HISTORICAL_VALUATION_NORMAL | SIMPLIFIED_DCF_NOT_APPLICABLE | MOPS_SINGLE_ELIGIBLE_FILING,MOPS_EXACT,858a14d32bc47dddc2c35430ad77ce598ec1a63497c8d4cb039f02500f995f90,True
3231,2026-06-30,2026-08-11T08:44:59+08:00,2026-08-11,2026-08-12,WEAK,STABLE,MATURE_GROWTH,NORMAL,PARTIAL,FCF_PERSISTENCE_WEAK | SUSTAINED_GROWTH_EIGHT_PERIODS | HISTORICAL_VALUATION_NORMAL | SIMPLIFIED_DCF_NOT_APPLICABLE | MOPS_SINGLE_ELIGIBLE_FILING,MOPS_EXACT,9d18d3877087f827abb56e2d0ec860998f01cd561444ed4b018a00d9e1764106,True
3443,2016-03-31,2016-05-10T17:29:01+08:00,2016-05-10,2016-05-11,UNKNOWN,UNKNOWN,UNKNOWN,N/M,INSUFFICIENT,QUALITY_HISTORY_INSUFFICIENT | STATE_HISTORY_INSUFFICIENT | VALUATION_HISTORY_INSUFFICIENT | SIMPLIFIED_DCF_NOT_APPLICABLE | MOPS_SINGLE_ELIGIBLE_FILING,MOPS_EXACT,1822c6a2fed8a9119581a1c3a684164b2f793ea257afd708ca7c962d1637a044,True
3443,2016-06-30,2016-08-11T14:13:22+08:00,2016-08-11,2016-08-12,UNKNOWN,UNKNOWN,UNKNOWN,NORMAL,INSUFFICIENT,QUALITY_HISTORY_INSUFFICIENT | STATE_HISTORY_INSUFFICIENT | HISTORICAL_VALUATION_NORMAL | SIMPLIFIED_DCF_NOT_APPLICABLE | MOPS_SINGLE_ELIGIBLE_FILING,MOPS_EXACT,79ed2104e7aef7234d32a2957bd5f7de3edf3eb4aa6bdd43c04b314970e09921,True
3443,2016-09-30,2016-11-10T16:31:05+08:00,2016-11-10,2016-11-11,UNKNOWN,UNKNOWN,UNKNOWN,LOW,INSUFFICIENT,QUALITY_HISTORY_INSUFFICIENT | STATE_HISTORY_INSUFFICIENT | HISTORICAL_VALUATION_LOW | SIMPLIFIED_DCF_NOT_APPLICABLE | MOPS_SINGLE_ELIGIBLE_FILING,MOPS_EXACT,bd33422cab69ddddc3d2139d7680562769b48f8982e43fa9a15e25ddbb8caf70,True
3443,2016-12-31,2017-02-16T16:03:13+08:00,2017-02-16,2017-02-17,UNKNOWN,UNKNOWN,UNKNOWN,HIGH,INSUFFICIENT,QUALITY_HISTORY_INSUFFICIENT | STATE_HISTORY_INSUFFICIENT | HISTORICAL_VALUATION_HIGH | SIMPLIFIED_DCF_AVAILABLE | MOPS_CONSOLIDATED_PREFERRED_OVER_INDIVIDUAL,MOPS_EXACT,981bfe38dab26bcffcfc9794f816c2b7dacc3b8f8bea6c76360eec83d062e329,True
3443,2017-03-31,2017-05-11T10:28:29+08:00,2017-05-11,2017-05-12,UNKNOWN,UNKNOWN,UNKNOWN,HIGH,INSUFFICIENT,QUALITY_HISTORY_INSUFFICIENT | STATE_HISTORY_INSUFFICIENT | HISTORICAL_VALUATION_HIGH | SIMPLIFIED_DCF_AVAILABLE | MOPS_SINGLE_ELIGIBLE_FILING,MOPS_EXACT,03d04f8cd674c9e7afccdf6e35c03ee3064e6dd8f368d3823192a69d5eaf90fa,True
3443,2017-06-30,2017-08-10T13:55:42+08:00,2017-08-10,2017-08-11,UNKNOWN,UNKNOWN,UNKNOWN,HIGH,INSUFFICIENT,QUALITY_HISTORY_INSUFFICIENT | STATE_HISTORY_INSUFFICIENT | HISTORICAL_VALUATION_HIGH | SIMPLIFIED_DCF_AVAILABLE | MOPS_SINGLE_ELIGIBLE_FILING,MOPS_EXACT,0a00d3907cc935bf8b22009e4d980beb10ce6750e7ea3496dbcdb6d65357b8bc,True
3443,2017-09-30,2017-11-09T13:45:29+08:00,2017-11-09,2017-11-10,UNKNOWN,UNKNOWN,UNKNOWN,HIGH,INSUFFICIENT,QUALITY_HISTORY_INSUFFICIENT | STATE_HISTORY_INSUFFICIENT | HISTORICAL_VALUATION_HIGH | SIMPLIFIED_DCF_AVAILABLE | MOPS_SINGLE_ELIGIBLE_FILING,MOPS_EXACT,b96371861617e548959b15df0c98f59aecab6e217eefa387a217ac3933312d31,True
3443,2017-12-31,2018-02-08T14:26:19+08:00,2018-02-08,2018-02-09,UNKNOWN,UNKNOWN,UNKNOWN,HIGH,INSUFFICIENT,QUALITY_HISTORY_INSUFFICIENT | STATE_HISTORY_INSUFFICIENT | HISTORICAL_VALUATION_HIGH | SIMPLIFIED_DCF_AVAILABLE | MOPS_CONSOLIDATED_PREFERRED_OVER_INDIVIDUAL,MOPS_EXACT,0f70de35b6cb4ba704c30b656c34d41bcf0e4b19abc6381b29fbd8d8711674c6,True
3443,2018-03-31,2018-05-04T15:19:37+08:00,2018-05-04,2018-05-07,UNKNOWN,UNKNOWN,UNKNOWN,NORMAL,INSUFFICIENT,QUALITY_HISTORY_INSUFFICIENT | STATE_HISTORY_INSUFFICIENT | HISTORICAL_VALUATION_NORMAL | SIMPLIFIED_DCF_AVAILABLE | MOPS_SINGLE_ELIGIBLE_FILING,MOPS_EXACT,e8f2968059f247ba8655346b0d809b20fc99f595f340f50a6f34883de3c165a1,True
3443,2018-06-30,2018-08-03T17:45:07+08:00,2018-08-03,2018-08-06,UNKNOWN,UNKNOWN,UNKNOWN,HIGH,INSUFFICIENT,QUALITY_HISTORY_INSUFFICIENT | STATE_HISTORY_INSUFFICIENT | HISTORICAL_VALUATION_HIGH | SIMPLIFIED_DCF_AVAILABLE | MOPS_SINGLE_ELIGIBLE_FILING,MOPS_EXACT,adfbc3960981bff50f2c51b0acfc511422d6fbecdf74aa1aca4749b830b3d08b,True
3443,2018-09-30,2018-11-01T16:12:19+08:00,2018-11-01,2018-11-02,UNKNOWN,STABLE,CONFIRMED_GROWTH,NORMAL,INSUFFICIENT,QUALITY_HISTORY_INSUFFICIENT | GROWTH_CONFIRMED_THREE_PERIODS | HISTORICAL_VALUATION_NORMAL | SIMPLIFIED_DCF_AVAILABLE | MOPS_SINGLE_ELIGIBLE_FILING,MOPS_EXACT,f830af6de5011cc71b7c124c77c2d4ce931139c8f53e5ddf626e3e4ece8528be,True
3443,2018-12-31,2019-01-31T17:27:24+08:00,2019-01-31,2019-02-11,UNKNOWN,STABLE,CONFIRMED_GROWTH,NORMAL,INSUFFICIENT,METRIC_COVERAGE_INSUFFICIENT_TTM_REVENUE | METRIC_COVERAGE_INSUFFICIENT_TTM_EPS | METRIC_COVERAGE_INSUFFICIENT_ROE | METRIC_COVERAGE_INSUFFICIENT_ROIC | GROWTH_CONFIRMED_THREE_PERIODS | HISTORICAL_VALUATION_NORMAL | SIMPLIFIED_DCF_NOT_APPLICABLE | MOPS_CONSOLIDATED_PREFERRED_OVER_INDIVIDUAL,MOPS_EXACT,b608b1303295095b26fca7bb8f91e7d5f555fd42d84563839a9af22bb427008e,True
3443,2019-03-31,2019-05-02T17:11:54+08:00,2019-05-02,2019-05-03,UNKNOWN,STABLE,DECELERATING,NORMAL,INSUFFICIENT,METRIC_COVERAGE_INSUFFICIENT_TTM_REVENUE | METRIC_COVERAGE_INSUFFICIENT_TTM_EPS | METRIC_COVERAGE_INSUFFICIENT_ROE | METRIC_COVERAGE_INSUFFICIENT_ROIC | POSITIVE_GROWTH_DECELERATING | HISTORICAL_VALUATION_NORMAL | SIMPLIFIED_DCF_NOT_APPLICABLE | MOPS_SINGLE_ELIGIBLE_FILING,MOPS_EXACT,06005b7c098ce2af852c55545f783efa6253b2b869e015478f8690d91e2d67e7,True
3443,2019-06-30,2019-08-01T15:20:30+08:00,2019-08-01,2019-08-02,UNKNOWN,DETERIORATING,DETERIORATING,HIGH,INSUFFICIENT,METRIC_COVERAGE_INSUFFICIENT_TTM_REVENUE | METRIC_COVERAGE_INSUFFICIENT_TTM_EPS | METRIC_COVERAGE_INSUFFICIENT_ROE | METRIC_COVERAGE_INSUFFICIENT_ROIC | DETERIORATION_CORROBORATED | HISTORICAL_VALUATION_HIGH | SIMPLIFIED_DCF_NOT_APPLICABLE | MOPS_SINGLE_ELIGIBLE_FILING,MOPS_EXACT,f3bd2fb3eaa187cbec0d60a8f6662aee657e4aa0b92293fe36828b200ee53487,True
3443,2019-09-30,2019-10-31T15:51:50+08:00,2019-10-31,2019-11-01,UNKNOWN,DETERIORATING,DETERIORATING,HIGH,INSUFFICIENT,METRIC_COVERAGE_INSUFFICIENT_ROE | METRIC_COVERAGE_INSUFFICIENT_ROIC | DETERIORATION_CORROBORATED | HISTORICAL_VALUATION_HIGH | SIMPLIFIED_DCF_NOT_APPLICABLE | MOPS_SINGLE_ELIGIBLE_FILING,MOPS_EXACT,2ceececafc524637c3d651e42d86ae60ef4982d6154953471cd54be5c7641a40,True
3443,2019-12-31,2020-02-06T16:07:42+08:00,2020-02-06,2020-02-07,UNKNOWN,UNKNOWN,UNKNOWN,NORMAL,INSUFFICIENT,METRIC_COVERAGE_INSUFFICIENT_ROIC | MIXED_FUNDAMENTAL_DIRECTION | HISTORICAL_VALUATION_NORMAL | SIMPLIFIED_DCF_NOT_APPLICABLE | MOPS_CONSOLIDATED_PREFERRED_OVER_INDIVIDUAL,MOPS_EXACT,539bf311af5a732c23ea475da2e86ca1ad5f64d5af506671af0458a5b2ed33a5,True
3443,2020-03-31,2020-05-07T17:08:40+08:00,2020-05-07,2020-05-08,UNKNOWN,UNKNOWN,UNKNOWN,NORMAL,INSUFFICIENT,METRIC_COVERAGE_INSUFFICIENT_ROIC | MIXED_FUNDAMENTAL_DIRECTION | HISTORICAL_VALUATION_NORMAL | SIMPLIFIED_DCF_AVAILABLE | MOPS_SINGLE_ELIGIBLE_FILING,MOPS_EXACT,686e35df8bb3172db2964a314d4f873038d5a7a6efd3d0eb2f4207cd61317229,True
3443,2020-06-30,2020-07-30T17:08:55+08:00,2020-07-30,2020-07-31,UNKNOWN,IMPROVING,BOTTOMING,HIGH,INSUFFICIENT,METRIC_COVERAGE_INSUFFICIENT_ROIC | REVENUE_CONTRACTION_NARROWING | RECOVERY_CORROBORATED | HISTORICAL_VALUATION_HIGH | SIMPLIFIED_DCF_AVAILABLE | MOPS_SINGLE_ELIGIBLE_FILING,MOPS_EXACT,543b258006a72af4d9b217da70e1cf735cf9dd0e5bd23820480a1d20bf5a69b5,True
3443,2020-09-30,2020-11-05T17:07:51+08:00,2020-11-05,2020-11-06,UNKNOWN,IMPROVING,TURNING_UP,HIGH,INSUFFICIENT,METRIC_COVERAGE_INSUFFICIENT_ROIC | EARLY_REVENUE_RECOVERY | RECOVERY_CORROBORATED | HISTORICAL_VALUATION_HIGH | SIMPLIFIED_DCF_AVAILABLE | MOPS_SINGLE_ELIGIBLE_FILING,MOPS_EXACT,7ae0f91c883e02e4ea8e9cbcce6286c0b28152cde974a07c325cc4863c49030b,True
3443,2020-12-31,2021-01-28T16:57:11+08:00,2021-01-28,2021-01-29,UNKNOWN,IMPROVING,TURNING_UP,HIGH,INSUFFICIENT,METRIC_COVERAGE_INSUFFICIENT_ROIC | EARLY_REVENUE_RECOVERY | RECOVERY_CORROBORATED | HISTORICAL_VALUATION_HIGH | SIMPLIFIED_DCF_AVAILABLE | MOPS_CONSOLIDATED_PREFERRED_OVER_INDIVIDUAL,MOPS_EXACT,d032e7f9ea2c2354fea0c6fe90e05c7bcd546bfb359b37dcbb6c8fd047aee2d1,True
3443,2021-03-31,2021-04-29T17:06:18+08:00,2021-04-29,2021-05-03,UNKNOWN,UNKNOWN,UNKNOWN,HIGH,INSUFFICIENT,METRIC_COVERAGE_INSUFFICIENT_ROIC | MIXED_FUNDAMENTAL_DIRECTION | HISTORICAL_VALUATION_HIGH | SIMPLIFIED_DCF_AVAILABLE | MOPS_SINGLE_ELIGIBLE_FILING,MOPS_EXACT,1095e83598908952e2c51c778fd7292f4f4330533dab1e63dcc2eee0e6721428,True
3443,2021-06-30,2021-07-29T17:06:15+08:00,2021-07-29,2021-07-30,UNKNOWN,STABLE,CONFIRMED_GROWTH,NORMAL,INSUFFICIENT,METRIC_COVERAGE_INSUFFICIENT_ROIC | GROWTH_CONFIRMED_THREE_PERIODS | HISTORICAL_VALUATION_NORMAL | SIMPLIFIED_DCF_AVAILABLE | MOPS_SINGLE_ELIGIBLE_FILING,MOPS_EXACT,db316e983be028692b8a8852de38e6a6fd49697904cb653510b372a9caa3128e,True
3443,2021-09-30,2021-10-28T16:46:57+08:00,2021-10-28,2021-10-29,UNKNOWN,STABLE,CONFIRMED_GROWTH,NORMAL,INSUFFICIENT,METRIC_COVERAGE_INSUFFICIENT_ROIC | GROWTH_CONFIRMED_THREE_PERIODS | HISTORICAL_VALUATION_NORMAL | SIMPLIFIED_DCF_AVAILABLE | MOPS_SINGLE_ELIGIBLE_FILING,MOPS_EXACT,71886de1c2d12f3c7d142c737cc3324b7d488660b022d844aaf716afbba3d12c,True
3443,2021-12-31,2022-01-26T16:24:47+08:00,2022-01-26,2022-02-07,UNKNOWN,STABLE,CONFIRMED_GROWTH,NORMAL,INSUFFICIENT,METRIC_COVERAGE_INSUFFICIENT_ROIC | GROWTH_CONFIRMED_THREE_PERIODS | HISTORICAL_VALUATION_NORMAL | SIMPLIFIED_DCF_AVAILABLE | MOPS_CONSOLIDATED_PREFERRED_OVER_INDIVIDUAL,MOPS_EXACT,8364c75a8ba47fd1fa22062e35362aa6271e91454414c0814a0b3d4131d38cc8,True
3443,2022-03-31,2022-04-28T17:25:11+08:00,2022-04-28,2022-04-29,UNKNOWN,STABLE,CONFIRMED_GROWTH,NORMAL,INSUFFICIENT,METRIC_COVERAGE_INSUFFICIENT_ROIC | GROWTH_CONFIRMED_THREE_PERIODS | HISTORICAL_VALUATION_NORMAL | SIMPLIFIED_DCF_AVAILABLE | MOPS_SINGLE_ELIGIBLE_FILING,MOPS_EXACT,cb6579738f017f77b76d6add9458337a70ef9f4bca62cd38186799a2a474bca1,True
3443,2022-06-30,2022-07-28T16:36:42+08:00,2022-07-28,2022-07-29,UNKNOWN,IMPROVING,TURNING_UP,NORMAL,INSUFFICIENT,METRIC_COVERAGE_INSUFFICIENT_ROIC | EARLY_REVENUE_RECOVERY | RECOVERY_CORROBORATED | HISTORICAL_VALUATION_NORMAL | SIMPLIFIED_DCF_AVAILABLE | MOPS_SINGLE_ELIGIBLE_FILING,MOPS_EXACT,c83f37ccced0d804f3446019a3012d8bcf239f83eb918edbe67edec0211453db,True
3443,2022-09-30,2022-10-27T17:04:58+08:00,2022-10-27,2022-10-28,UNKNOWN,IMPROVING,TURNING_UP,LOW,INSUFFICIENT,METRIC_COVERAGE_INSUFFICIENT_ROIC | EARLY_REVENUE_RECOVERY | RECOVERY_CORROBORATED | HISTORICAL_VALUATION_LOW | SIMPLIFIED_DCF_AVAILABLE | MOPS_SINGLE_ELIGIBLE_FILING,MOPS_EXACT,200b2f62d4501fb4a8f3d5cdb9c21ed79e5870eb09ddbdd6b16a5a9e4a946bfe,True
3443,2022-12-31,2023-02-02T18:01:13+08:00,2023-02-02,2023-02-03,UNKNOWN,IMPROVING,TURNING_UP,NORMAL,INSUFFICIENT,METRIC_COVERAGE_INSUFFICIENT_ROIC | EARLY_REVENUE_RECOVERY | RECOVERY_CORROBORATED | HISTORICAL_VALUATION_NORMAL | SIMPLIFIED_DCF_AVAILABLE | MOPS_CONSOLIDATED_PREFERRED_OVER_INDIVIDUAL,MOPS_EXACT,cb6f41d8da1300904afe8a5acf8fbf27100daa0f28a2e0494a983e3aa9c42cc5,True
3443,2023-03-31,2023-04-27T17:08:29+08:00,2023-04-27,2023-04-28,UNKNOWN,IMPROVING,TURNING_UP,NORMAL,INSUFFICIENT,METRIC_COVERAGE_INSUFFICIENT_ROIC | EARLY_REVENUE_RECOVERY | RECOVERY_CORROBORATED | HISTORICAL_VALUATION_NORMAL | SIMPLIFIED_DCF_AVAILABLE | MOPS_SINGLE_ELIGIBLE_FILING,MOPS_EXACT,08bdc4103d2122a80f5e8f3da447656c6ee9be723910ce961a15d868fce0a3fc,True
3443,2023-06-30,2023-07-27T16:42:22+08:00,2023-07-27,2023-07-28,UNKNOWN,STABLE,MATURE_GROWTH,HIGH,INSUFFICIENT,METRIC_COVERAGE_INSUFFICIENT_ROIC | SUSTAINED_GROWTH_EIGHT_PERIODS | HISTORICAL_VALUATION_HIGH | SIMPLIFIED_DCF_AVAILABLE | MOPS_SINGLE_ELIGIBLE_FILING,MOPS_EXACT,9b0d363c4eb9c7620ecdd6b94240e4d957d9c021292b0a8d45624aa19f0515b3,True
3443,2023-09-30,2023-10-26T16:30:57+08:00,2023-10-26,2023-10-27,UNKNOWN,STABLE,MATURE_GROWTH,NORMAL,INSUFFICIENT,METRIC_COVERAGE_INSUFFICIENT_ROIC | SUSTAINED_GROWTH_EIGHT_PERIODS | HISTORICAL_VALUATION_NORMAL | SIMPLIFIED_DCF_AVAILABLE | MOPS_SINGLE_ELIGIBLE_FILING,MOPS_EXACT,633a72ef60faeaeee6248165582bfd4059dd1910aacb58af22b3244825728891,True
3443,2023-12-31,2024-01-31T17:11:44+08:00,2024-01-31,2024-02-01,UNKNOWN,DETERIORATING,DETERIORATING,NORMAL,INSUFFICIENT,METRIC_COVERAGE_INSUFFICIENT_ROIC | DETERIORATION_CORROBORATED | HISTORICAL_VALUATION_NORMAL | SIMPLIFIED_DCF_AVAILABLE | MOPS_CONSOLIDATED_PREFERRED_OVER_INDIVIDUAL,MOPS_EXACT,ab57b2e32a74641b6fa5bb7649a3d83fa5d4883a3442918f6ce177d22b11cba1,True
3443,2024-03-31,2024-04-25T17:03:53+08:00,2024-04-25,2024-04-26,UNKNOWN,DETERIORATING,DETERIORATING,NORMAL,INSUFFICIENT,METRIC_COVERAGE_INSUFFICIENT_ROIC | DETERIORATION_CORROBORATED | HISTORICAL_VALUATION_NORMAL | SIMPLIFIED_DCF_AVAILABLE | MOPS_SINGLE_ELIGIBLE_FILING,MOPS_EXACT,dd425f9b2367f88708d61f449a0c5fba36b2bb0ac6c5c5c63850b210d6e3e7a4,True
3443,2024-06-30,2024-07-25T15:44:15+08:00,2024-07-25,2024-07-26,UNKNOWN,DETERIORATING,DETERIORATING,HIGH,INSUFFICIENT,METRIC_COVERAGE_INSUFFICIENT_ROIC | DETERIORATION_CORROBORATED | HISTORICAL_VALUATION_HIGH | SIMPLIFIED_DCF_AVAILABLE | MOPS_SINGLE_ELIGIBLE_FILING,MOPS_EXACT,9919a5872c468b3e0c354e19b3918a04f56fee7e6db3e55548fb875b7b82a22e,True
3443,2024-09-30,2024-10-31T16:14:24+08:00,2024-10-31,2024-11-01,UNKNOWN,DETERIORATING,DETERIORATING,NORMAL,INSUFFICIENT,METRIC_COVERAGE_INSUFFICIENT_ROIC | DETERIORATION_CORROBORATED | HISTORICAL_VALUATION_NORMAL | SIMPLIFIED_DCF_AVAILABLE | MOPS_SINGLE_ELIGIBLE_FILING,MOPS_EXACT,d4492f84cda171ad403326879dffd682f84907c8181ed6b5dc6146327a901e19,True
3443,2024-12-31,2025-01-23T17:43:45+08:00,2025-01-23,2025-02-03,UNKNOWN,UNKNOWN,UNKNOWN,HIGH,INSUFFICIENT,METRIC_COVERAGE_INSUFFICIENT_ROIC | MIXED_FUNDAMENTAL_DIRECTION | HISTORICAL_VALUATION_HIGH | SIMPLIFIED_DCF_AVAILABLE | MOPS_CONSOLIDATED_PREFERRED_OVER_INDIVIDUAL,MOPS_EXACT,ccbd870444f08fd53dcc6b18e617a1a6f7da8ad0fbf0267fc38274164e4a5585,True
3443,2025-03-31,2025-04-24T17:57:40+08:00,2025-04-24,2025-04-25,UNKNOWN,IMPROVING,TURNING_UP,NORMAL,INSUFFICIENT,METRIC_COVERAGE_INSUFFICIENT_ROIC | EARLY_REVENUE_RECOVERY | RECOVERY_CORROBORATED | HISTORICAL_VALUATION_NORMAL | SIMPLIFIED_DCF_AVAILABLE | MOPS_SINGLE_ELIGIBLE_FILING,MOPS_EXACT,014ac07614cdfe96cd821fb211816e5d4719c91a6f60142d3480cb0b9873c3aa,True
3443,2025-06-30,2025-07-31T17:02:14+08:00,2025-07-31,2025-08-01,UNKNOWN,UNKNOWN,UNKNOWN,NORMAL,INSUFFICIENT,METRIC_COVERAGE_INSUFFICIENT_ROIC | MIXED_FUNDAMENTAL_DIRECTION | HISTORICAL_VALUATION_NORMAL | SIMPLIFIED_DCF_AVAILABLE | MOPS_SINGLE_ELIGIBLE_FILING,MOPS_EXACT,3a2580a5bffef3b1efc86fd3985f1fbf8962d43728cd18b76cced8886d01a4b9,True
3443,2025-09-30,2025-10-30T16:16:10+08:00,2025-10-30,2025-10-31,UNKNOWN,STABLE,CONFIRMED_GROWTH,HIGH,INSUFFICIENT,METRIC_COVERAGE_INSUFFICIENT_ROIC | GROWTH_CONFIRMED_THREE_PERIODS | HISTORICAL_VALUATION_HIGH | SIMPLIFIED_DCF_AVAILABLE | MOPS_SINGLE_ELIGIBLE_FILING,MOPS_EXACT,682b9a214372cfbbafef3422cc4c6f1c60c545a16cdf52ad900323b3ea0b3eb0,True
3443,2025-12-31,2026-01-29T17:15:11+08:00,2026-01-29,2026-01-30,UNKNOWN,IMPROVING,TURNING_UP,HIGH,INSUFFICIENT,METRIC_COVERAGE_INSUFFICIENT_ROIC | EARLY_REVENUE_RECOVERY | RECOVERY_CORROBORATED | HISTORICAL_VALUATION_HIGH | SIMPLIFIED_DCF_NOT_APPLICABLE | MOPS_CONSOLIDATED_PREFERRED_OVER_INDIVIDUAL,MOPS_EXACT,266dce3889b7d0a4e10db5d1fadad5cf80037b08bb13e9d22636e06c6eebb510,True
3443,2026-03-31,2026-04-30T17:39:51+08:00,2026-04-30,2026-05-04,UNKNOWN,IMPROVING,TURNING_UP,HIGH,INSUFFICIENT,METRIC_COVERAGE_INSUFFICIENT_ROIC | EARLY_REVENUE_RECOVERY | RECOVERY_CORROBORATED | HISTORICAL_VALUATION_HIGH | SIMPLIFIED_DCF_AVAILABLE | MOPS_SINGLE_ELIGIBLE_FILING,MOPS_EXACT,51f04c6cdef5614f80d56833958a5807ab75cc9ff64c4c5254ee90eec5c182a7,True
3443,2026-06-30,2026-07-30T15:42:26+08:00,2026-07-30,2026-07-31,UNKNOWN,IMPROVING,TURNING_UP,HIGH,INSUFFICIENT,METRIC_COVERAGE_INSUFFICIENT_ROIC | EARLY_REVENUE_RECOVERY | RECOVERY_CORROBORATED | HISTORICAL_VALUATION_HIGH | SIMPLIFIED_DCF_AVAILABLE | MOPS_SINGLE_ELIGIBLE_FILING,MOPS_EXACT,466be461b423de062d84cda0f9011926539b51cab745dee79db8023a752d5dde,True
3653,2016-03-31,2016-04-25T17:20:50+08:00,2016-04-25,2016-04-26,UNKNOWN,UNKNOWN,UNKNOWN,N/M,INSUFFICIENT,QUALITY_HISTORY_INSUFFICIENT | STATE_HISTORY_INSUFFICIENT | VALUATION_HISTORY_INSUFFICIENT | SIMPLIFIED_DCF_NOT_APPLICABLE | MOPS_SINGLE_ELIGIBLE_FILING,MOPS_EXACT,3f12432f2fb7c21fe915e279cb7a78482cc81e387e2be1a1b3312fb21a750d5d,True
3653,2016-06-30,2016-08-12T16:05:10+08:00,2016-08-12,2016-08-15,UNKNOWN,UNKNOWN,UNKNOWN,HIGH,INSUFFICIENT,QUALITY_HISTORY_INSUFFICIENT | STATE_HISTORY_INSUFFICIENT | HISTORICAL_VALUATION_HIGH | SIMPLIFIED_DCF_NOT_APPLICABLE | MOPS_SINGLE_ELIGIBLE_FILING,MOPS_EXACT,5c89beb63336f52e2ab639baba7d0b63172f462d10c8f311d2d3f3a37e592baf,True
3653,2016-09-30,2016-11-11T16:27:06+08:00,2016-11-11,2016-11-14,UNKNOWN,UNKNOWN,UNKNOWN,NORMAL,INSUFFICIENT,QUALITY_HISTORY_INSUFFICIENT | STATE_HISTORY_INSUFFICIENT | HISTORICAL_VALUATION_NORMAL | SIMPLIFIED_DCF_NOT_APPLICABLE | MOPS_SINGLE_ELIGIBLE_FILING,MOPS_EXACT,6c6727acf5241a89f99a2fa8bdbe698aa162b60057a6f73df8d7c22e16782f8e,True
3653,2016-12-31,2017-03-15T17:09:26+08:00,2017-03-15,2017-03-16,UNKNOWN,UNKNOWN,UNKNOWN,HIGH,INSUFFICIENT,QUALITY_HISTORY_INSUFFICIENT | STATE_HISTORY_INSUFFICIENT | HISTORICAL_VALUATION_HIGH | SIMPLIFIED_DCF_AVAILABLE | MOPS_CONSOLIDATED_PREFERRED_OVER_INDIVIDUAL,MOPS_EXACT,a6753c1105121b0dee517c3017c09015fe13f5175fe0b91d5733958d08a1ab5a,True
3653,2017-03-31,2017-04-25T14:14:29+08:00,2017-04-25,2017-04-26,UNKNOWN,UNKNOWN,UNKNOWN,HIGH,INSUFFICIENT,QUALITY_HISTORY_INSUFFICIENT | STATE_HISTORY_INSUFFICIENT | HISTORICAL_VALUATION_HIGH | SIMPLIFIED_DCF_AVAILABLE | MOPS_SINGLE_ELIGIBLE_FILING,MOPS_EXACT,02b579be9d15613b7a4b1637f5a85c211827e155502930a129e87dd2addf6add,True
3653,2017-06-30,2017-08-11T16:05:24+08:00,2017-08-11,2017-08-14,UNKNOWN,UNKNOWN,UNKNOWN,NORMAL,INSUFFICIENT,QUALITY_HISTORY_INSUFFICIENT | STATE_HISTORY_INSUFFICIENT | HISTORICAL_VALUATION_NORMAL | SIMPLIFIED_DCF_AVAILABLE | MOPS_SINGLE_ELIGIBLE_FILING,MOPS_EXACT,b2c6317a6635009950e3f979444e537af87399eed5cdca2582f7c00797abb714,True
3653,2017-09-30,2017-11-10T09:14:43+08:00,2017-11-10,2017-11-13,UNKNOWN,UNKNOWN,UNKNOWN,NORMAL,INSUFFICIENT,QUALITY_HISTORY_INSUFFICIENT | STATE_HISTORY_INSUFFICIENT | HISTORICAL_VALUATION_NORMAL | SIMPLIFIED_DCF_AVAILABLE | MOPS_SINGLE_ELIGIBLE_FILING,MOPS_EXACT,76a325b74054c7eb81e3a0318fc3caa590709812f5165020a4e820e1db45df8d,True
3653,2017-12-31,2018-03-30T11:33:16+08:00,2018-03-30,2018-03-31,UNKNOWN,UNKNOWN,UNKNOWN,NORMAL,INSUFFICIENT,QUALITY_HISTORY_INSUFFICIENT | STATE_HISTORY_INSUFFICIENT | HISTORICAL_VALUATION_NORMAL | SIMPLIFIED_DCF_NOT_APPLICABLE | MOPS_CONSOLIDATED_PREFERRED_OVER_INDIVIDUAL,MOPS_EXACT,73a03b5e7337934d0f316873f45434ee686d31d1ad1926645be1c6f9da72e4f3,True
3653,2018-03-31,2018-05-11T18:23:39+08:00,2018-05-11,2018-05-14,UNKNOWN,UNKNOWN,UNKNOWN,NORMAL,INSUFFICIENT,QUALITY_HISTORY_INSUFFICIENT | STATE_HISTORY_INSUFFICIENT | HISTORICAL_VALUATION_NORMAL | SIMPLIFIED_DCF_NOT_APPLICABLE | MOPS_SINGLE_ELIGIBLE_FILING,MOPS_EXACT,e941d19cc8f0373b31e2699f273b10e03a09e55461773add71902d7fb6f12dc0,True
3653,2018-06-30,2018-08-13T09:56:36+08:00,2018-08-13,2018-08-14,UNKNOWN,UNKNOWN,UNKNOWN,NORMAL,INSUFFICIENT,QUALITY_HISTORY_INSUFFICIENT | STATE_HISTORY_INSUFFICIENT | HISTORICAL_VALUATION_NORMAL | SIMPLIFIED_DCF_NOT_APPLICABLE | MOPS_SINGLE_ELIGIBLE_FILING,MOPS_EXACT,b5702383aa111c4a836bd5df8ac03bdf4a1a9d20bd16308f2c55813780e45bfa,True
3653,2018-09-30,2018-11-13T15:31:31+08:00,2018-11-13,2018-11-14,UNKNOWN,STABLE,CONFIRMED_GROWTH,LOW,INSUFFICIENT,QUALITY_HISTORY_INSUFFICIENT | GROWTH_CONFIRMED_THREE_PERIODS | HISTORICAL_VALUATION_LOW | SIMPLIFIED_DCF_NOT_APPLICABLE | MOPS_SINGLE_ELIGIBLE_FILING,MOPS_EXACT,c03a19f95d451c2801b716df76f85eec9de9188ce7e08052c3b117255e59ac83,True
3653,2018-12-31,2019-03-21T20:35:13+08:00,2019-03-21,2019-03-22,UNKNOWN,IMPROVING,TURNING_UP,NORMAL,INSUFFICIENT,METRIC_COVERAGE_INSUFFICIENT_TTM_REVENUE | METRIC_COVERAGE_INSUFFICIENT_TTM_EPS | METRIC_COVERAGE_INSUFFICIENT_ROE | METRIC_COVERAGE_INSUFFICIENT_ROIC | EARLY_REVENUE_RECOVERY | RECOVERY_CORROBORATED | HISTORICAL_VALUATION_NORMAL | SIMPLIFIED_DCF_NOT_APPLICABLE | MOPS_CONSOLIDATED_PREFERRED_OVER_INDIVIDUAL,MOPS_EXACT,b99607b3d0a2de62d778e50cb85f9e90319de847deb4b96d002deef76165f4de,True
3653,2019-03-31,2019-05-03T17:58:55+08:00,2019-05-03,2019-05-06,UNKNOWN,IMPROVING,TURNING_UP,NORMAL,INSUFFICIENT,METRIC_COVERAGE_INSUFFICIENT_TTM_REVENUE | METRIC_COVERAGE_INSUFFICIENT_TTM_EPS | METRIC_COVERAGE_INSUFFICIENT_ROE | METRIC_COVERAGE_INSUFFICIENT_ROIC | EARLY_REVENUE_RECOVERY | RECOVERY_CORROBORATED | HISTORICAL_VALUATION_NORMAL | SIMPLIFIED_DCF_AVAILABLE | MOPS_SINGLE_ELIGIBLE_FILING,MOPS_EXACT,84203382862e9f032fb04c9d7a94c0309629f784272bf07576b5f1b11a460386,True
3653,2019-06-30,2019-08-08T21:06:44+08:00,2019-08-08,2019-08-12,UNKNOWN,STABLE,CONFIRMED_GROWTH,NORMAL,INSUFFICIENT,METRIC_COVERAGE_INSUFFICIENT_TTM_REVENUE | METRIC_COVERAGE_INSUFFICIENT_TTM_EPS | METRIC_COVERAGE_INSUFFICIENT_ROE | METRIC_COVERAGE_INSUFFICIENT_ROIC | GROWTH_CONFIRMED_THREE_PERIODS | HISTORICAL_VALUATION_NORMAL | SIMPLIFIED_DCF_AVAILABLE | MOPS_SINGLE_ELIGIBLE_FILING,MOPS_EXACT,69df8dee14e35a2dce5d91a25c4f1ff1c48603a23509b4bdea24650b6ed4cfa3,True
3653,2019-09-30,2019-11-11T17:48:41+08:00,2019-11-11,2019-11-12,UNKNOWN,STABLE,CONFIRMED_GROWTH,HIGH,INSUFFICIENT,METRIC_COVERAGE_INSUFFICIENT_ROE | METRIC_COVERAGE_INSUFFICIENT_ROIC | GROWTH_CONFIRMED_THREE_PERIODS | HISTORICAL_VALUATION_HIGH | SIMPLIFIED_DCF_AVAILABLE | MOPS_SINGLE_ELIGIBLE_FILING,MOPS_EXACT,8741def5b7f880169885e52d8b105ccf4723fab585fa9ea1cf712d04bed624cf,True
3653,2019-12-31,2020-03-25T18:31:36+08:00,2020-03-25,2020-03-26,WEAK,STABLE,MATURE_GROWTH,NORMAL,OK,PROFITABILITY_DURABLE_NOT_ESTABLISHED | GROWTH_DURABLE | CASH_CONVERSION_SUPPORTED_NOT_ESTABLISHED | BALANCE_SHEET_RESILIENT | INTEREST_COVERAGE_SUPPORTED | SUSTAINED_GROWTH_EIGHT_PERIODS | HISTORICAL_VALUATION_NORMAL | SIMPLIFIED_DCF_AVAILABLE | MOPS_CONSOLIDATED_PREFERRED_OVER_INDIVIDUAL,MOPS_EXACT,91ded208992127d3c7686e983df44ad99fc6128cdcb415230cf24aba28a5a4d9,True
3653,2020-03-31,2020-05-07T16:26:13+08:00,2020-05-07,2020-05-08,WEAK,STABLE,MATURE_GROWTH,NORMAL,OK,PROFITABILITY_DURABLE_NOT_ESTABLISHED | GROWTH_DURABLE | CASH_CONVERSION_SUPPORTED_NOT_ESTABLISHED | BALANCE_SHEET_RESILIENT | INTEREST_COVERAGE_SUPPORTED | SUSTAINED_GROWTH_EIGHT_PERIODS | HISTORICAL_VALUATION_NORMAL | SIMPLIFIED_DCF_AVAILABLE | MOPS_SINGLE_ELIGIBLE_FILING,MOPS_EXACT,a2fa21ae6427958223bb95c0a24a5615298fedcf311c2cfbf493fb00f0d5c6ad,True
3653,2020-06-30,2020-08-05T18:23:36+08:00,2020-08-05,2020-08-06,WEAK,IMPROVING,TURNING_UP,HIGH,OK,PROFITABILITY_DURABLE_NOT_ESTABLISHED | GROWTH_DURABLE | CASH_CONVERSION_SUPPORTED_NOT_ESTABLISHED | BALANCE_SHEET_RESILIENT | INTEREST_COVERAGE_SUPPORTED | EARLY_REVENUE_RECOVERY | RECOVERY_CORROBORATED | HISTORICAL_VALUATION_HIGH | SIMPLIFIED_DCF_AVAILABLE | MOPS_SINGLE_ELIGIBLE_FILING,MOPS_EXACT,64e2a645e6c75be089b4fb8c13ee2ed698e938105b48cab08d6ff87b97d7143a,True
3653,2020-09-30,2020-11-09T17:29:42+08:00,2020-11-09,2020-11-10,ACCEPTABLE,STABLE,MATURE_GROWTH,HIGH,OK,PROFITABILITY_DURABLE | GROWTH_DURABLE | CASH_CONVERSION_SUPPORTED_NOT_ESTABLISHED | BALANCE_SHEET_RESILIENT | INTEREST_COVERAGE_SUPPORTED | SUSTAINED_GROWTH_EIGHT_PERIODS | HISTORICAL_VALUATION_HIGH | SIMPLIFIED_DCF_AVAILABLE | MOPS_SINGLE_ELIGIBLE_FILING,MOPS_EXACT,fa6a23cb6347e816e55ac2292cca9f7052cdba13d265db2f6eec91f22a5d1e4a,True
3653,2020-12-31,2021-03-24T18:42:43+08:00,2021-03-24,2021-03-25,GOOD,STABLE,MATURE_GROWTH,HIGH,PARTIAL,PROFITABILITY_DURABLE | GROWTH_DURABLE | CASH_CONVERSION_SUPPORTED | BALANCE_SHEET_RESILIENT | INTEREST_COVERAGE_SUPPORTED | SUSTAINED_GROWTH_EIGHT_PERIODS | HISTORICAL_VALUATION_HIGH | SIMPLIFIED_DCF_AVAILABLE | MOPS_CONSOLIDATED_PREFERRED_OVER_INDIVIDUAL,MOPS_EXACT,24a74f3135614bcac052d9b7195194f24564c24fa1938468646f9e9eb5f6658c,True
3653,2021-03-31,2021-05-10T15:47:39+08:00,2021-05-10,2021-05-11,GOOD,DETERIORATING,DETERIORATING,NORMAL,OK,PROFITABILITY_DURABLE | GROWTH_DURABLE | CASH_CONVERSION_SUPPORTED | BALANCE_SHEET_RESILIENT | INTEREST_COVERAGE_SUPPORTED | DETERIORATION_CORROBORATED | HISTORICAL_VALUATION_NORMAL | SIMPLIFIED_DCF_AVAILABLE | MOPS_SINGLE_ELIGIBLE_FILING,MOPS_EXACT,6b5b5e08d85a91e2ca57ed27d378dfaea115138e6709c3bf1fd1b8851d428197,True
3653,2021-06-30,2021-08-04T17:00:07+08:00,2021-08-04,2021-08-05,GOOD,DETERIORATING,DETERIORATING,HIGH,OK,PROFITABILITY_DURABLE | GROWTH_DURABLE | CASH_CONVERSION_SUPPORTED | BALANCE_SHEET_RESILIENT | INTEREST_COVERAGE_SUPPORTED | DETERIORATION_CORROBORATED | HISTORICAL_VALUATION_HIGH | SIMPLIFIED_DCF_AVAILABLE | MOPS_SINGLE_ELIGIBLE_FILING,MOPS_EXACT,4a4d75470afa9463972a71e56572f4acc413427d7066ff957a070590ff6b927a,True
3653,2021-09-30,2021-11-08T17:09:18+08:00,2021-11-08,2021-11-09,WEAK,UNKNOWN,UNKNOWN,HIGH,PARTIAL,PROFITABILITY_DURABLE | GROWTH_DURABLE | CASH_CONVERSION_SUPPORTED | BALANCE_SHEET_RESILIENT_NOT_ESTABLISHED | INTEREST_COVERAGE_NOT_ESTABLISHED | MIXED_FUNDAMENTAL_DIRECTION | HISTORICAL_VALUATION_HIGH | SIMPLIFIED_DCF_AVAILABLE | MOPS_SINGLE_ELIGIBLE_FILING,MOPS_EXACT,f318c6b0e37939ddf68a47ccc571a1dd89c43cef36b9767e455ba19a94c42a1d,True
3653,2021-12-31,2022-03-21T16:18:16+08:00,2022-03-21,2022-03-22,WEAK,IMPROVING,TURNING_UP,NORMAL,PARTIAL,PROFITABILITY_DURABLE | GROWTH_DURABLE | CASH_CONVERSION_SUPPORTED | BALANCE_SHEET_RESILIENT_NOT_ESTABLISHED | INTEREST_COVERAGE_NOT_ESTABLISHED | EARLY_REVENUE_RECOVERY | RECOVERY_CORROBORATED | HISTORICAL_VALUATION_NORMAL | SIMPLIFIED_DCF_AVAILABLE | MOPS_CONSOLIDATED_PREFERRED_OVER_INDIVIDUAL,MOPS_EXACT,51cbbb9fac1902b10858713b232e2c4229b1e3d59d8b7619c137e768f5b23809,True
3653,2022-03-31,2022-05-09T18:32:43+08:00,2022-05-09,2022-05-10,WEAK,IMPROVING,TURNING_UP,NORMAL,PARTIAL,PROFITABILITY_DURABLE | GROWTH_DURABLE | CASH_CONVERSION_SUPPORTED | BALANCE_SHEET_RESILIENT_NOT_ESTABLISHED | INTEREST_COVERAGE_NOT_ESTABLISHED | EARLY_REVENUE_RECOVERY | RECOVERY_CORROBORATED | HISTORICAL_VALUATION_NORMAL | SIMPLIFIED_DCF_AVAILABLE | MOPS_SINGLE_ELIGIBLE_FILING,MOPS_EXACT,55c2ebffbbbb2efc8b0f0830b0e65ee7f0b75f53de402d2600651f9f57952aa5,True
3653,2022-06-30,2022-08-08T17:09:54+08:00,2022-08-08,2022-08-09,WEAK,IMPROVING,TURNING_UP,NORMAL,PARTIAL,PROFITABILITY_DURABLE | GROWTH_DURABLE | CASH_CONVERSION_SUPPORTED | BALANCE_SHEET_RESILIENT_NOT_ESTABLISHED | INTEREST_COVERAGE_NOT_ESTABLISHED | EARLY_REVENUE_RECOVERY | RECOVERY_CORROBORATED | HISTORICAL_VALUATION_NORMAL | SIMPLIFIED_DCF_AVAILABLE | MOPS_SINGLE_ELIGIBLE_FILING,MOPS_EXACT,972d48fc9a70938108e9916a7200fc400d46e4fad7a5d4bee92098c85d4c23bd,True
3653,2022-09-30,2022-11-07T17:57:01+08:00,2022-11-07,2022-11-08,WEAK,IMPROVING,TURNING_UP,LOW,OK,PROFITABILITY_DURABLE | GROWTH_DURABLE | CASH_CONVERSION_SUPPORTED | BALANCE_SHEET_RESILIENT_NOT_ESTABLISHED | INTEREST_COVERAGE_NOT_ESTABLISHED | EARLY_REVENUE_RECOVERY | RECOVERY_CORROBORATED | HISTORICAL_VALUATION_LOW | SIMPLIFIED_DCF_AVAILABLE | MOPS_SINGLE_ELIGIBLE_FILING,MOPS_EXACT,2233c67ec2cffabad2c9e33ae27341c1d939646bdb11f4a17a7c042a68abac1a,True
3653,2022-12-31,2023-03-22T15:56:16+08:00,2023-03-22,2023-03-23,GOOD,STABLE,CONFIRMED_GROWTH,LOW,OK,PROFITABILITY_DURABLE | GROWTH_DURABLE | CASH_CONVERSION_SUPPORTED | BALANCE_SHEET_RESILIENT | INTEREST_COVERAGE_SUPPORTED | GROWTH_CONFIRMED_THREE_PERIODS | HISTORICAL_VALUATION_LOW | SIMPLIFIED_DCF_AVAILABLE | MOPS_CONSOLIDATED_PREFERRED_OVER_INDIVIDUAL,MOPS_EXACT,e216644bcecbb189005a33362e97670bec9214f2473c5e941c97b50eec48d9e2,True
3653,2023-03-31,2023-05-08T17:06:18+08:00,2023-05-08,2023-05-09,GOOD,STABLE,CONFIRMED_GROWTH,NORMAL,OK,PROFITABILITY_DURABLE | GROWTH_DURABLE | CASH_CONVERSION_SUPPORTED | BALANCE_SHEET_RESILIENT | INTEREST_COVERAGE_SUPPORTED | GROWTH_CONFIRMED_THREE_PERIODS | HISTORICAL_VALUATION_NORMAL | SIMPLIFIED_DCF_AVAILABLE | MOPS_SINGLE_ELIGIBLE_FILING,MOPS_EXACT,89ad295d35d17916052834c50bba8872b48d3d007e4e2c0d5f6f6ca68e58783d,True
3653,2023-06-30,2023-08-09T17:41:59+08:00,2023-08-09,2023-08-10,GOOD,STABLE,MATURE_GROWTH,NORMAL,OK,PROFITABILITY_DURABLE | GROWTH_DURABLE | CASH_CONVERSION_SUPPORTED | BALANCE_SHEET_RESILIENT | INTEREST_COVERAGE_SUPPORTED | SUSTAINED_GROWTH_EIGHT_PERIODS | HISTORICAL_VALUATION_NORMAL | SIMPLIFIED_DCF_AVAILABLE | MOPS_SINGLE_ELIGIBLE_FILING,MOPS_EXACT,79eaf74cf9565665ef6e38a371a342332b32aa7bcbae793510716f9a922f715f,True
3653,2023-09-30,2023-11-06T17:05:40+08:00,2023-11-06,2023-11-07,GOOD,STABLE,MATURE_GROWTH,NORMAL,OK,PROFITABILITY_DURABLE | GROWTH_DURABLE | CASH_CONVERSION_SUPPORTED | BALANCE_SHEET_RESILIENT | INTEREST_COVERAGE_SUPPORTED | SUSTAINED_GROWTH_EIGHT_PERIODS | HISTORICAL_VALUATION_NORMAL | SIMPLIFIED_DCF_AVAILABLE | MOPS_SINGLE_ELIGIBLE_FILING,MOPS_EXACT,5c5b9c8711e4d893b5de4b7122e0d315a38ecfaf7d80a2b7647b9b26521041a3,True
3653,2023-12-31,2024-03-11T17:04:58+08:00,2024-03-11,2024-03-12,GOOD,DETERIORATING,DETERIORATING,HIGH,OK,PROFITABILITY_DURABLE | GROWTH_DURABLE | CASH_CONVERSION_SUPPORTED | BALANCE_SHEET_RESILIENT | INTEREST_COVERAGE_SUPPORTED | DETERIORATION_CORROBORATED | HISTORICAL_VALUATION_HIGH | SIMPLIFIED_DCF_AVAILABLE | MOPS_CONSOLIDATED_PREFERRED_OVER_INDIVIDUAL,MOPS_EXACT,9a7c76741a3dc02c2249937aca46115de52818fd0d8604190bbdc3aa978cb803,True
3653,2024-03-31,2024-05-14T09:40:55+08:00,2024-05-14,2024-05-15,GOOD,DETERIORATING,DETERIORATING,HIGH,OK,PROFITABILITY_DURABLE | GROWTH_DURABLE | CASH_CONVERSION_SUPPORTED | BALANCE_SHEET_RESILIENT | INTEREST_COVERAGE_SUPPORTED | DETERIORATION_CORROBORATED | HISTORICAL_VALUATION_HIGH | SIMPLIFIED_DCF_AVAILABLE | MOPS_SINGLE_ELIGIBLE_FILING,MOPS_EXACT,4db76a26c644889e5a5c9e85b8e4ede7b48fff700b3d99a9813bbabae7a24ae2,True
3653,2024-06-30,2024-08-08T19:06:44+08:00,2024-08-08,2024-08-09,GOOD,UNKNOWN,UNKNOWN,HIGH,OK,PROFITABILITY_DURABLE | GROWTH_DURABLE | CASH_CONVERSION_SUPPORTED | BALANCE_SHEET_RESILIENT | INTEREST_COVERAGE_SUPPORTED | MIXED_FUNDAMENTAL_DIRECTION | HISTORICAL_VALUATION_HIGH | SIMPLIFIED_DCF_AVAILABLE | MOPS_SINGLE_ELIGIBLE_FILING,MOPS_EXACT,f420a2e1ddf5a4d00afbdd63c6500a0171e653e1cb0a01a0f7dac05cfd5f61e5,True
3653,2024-09-30,2024-11-12T13:58:01+08:00,2024-11-12,2024-11-13,GOOD,IMPROVING,TURNING_UP,HIGH,OK,PROFITABILITY_DURABLE | GROWTH_DURABLE | CASH_CONVERSION_SUPPORTED | BALANCE_SHEET_RESILIENT | INTEREST_COVERAGE_SUPPORTED | EARLY_REVENUE_RECOVERY | RECOVERY_CORROBORATED | HISTORICAL_VALUATION_HIGH | SIMPLIFIED_DCF_AVAILABLE | MOPS_SINGLE_ELIGIBLE_FILING,MOPS_EXACT,282ebfdfb395896ecc4e84f177e7522ade65e51eb50bb22775ffdd96730fa75c,True
3653,2024-12-31,2025-02-26T17:44:20+08:00,2025-02-26,2025-02-27,GOOD,IMPROVING,TURNING_UP,HIGH,OK,PROFITABILITY_DURABLE | GROWTH_DURABLE | CASH_CONVERSION_SUPPORTED | BALANCE_SHEET_RESILIENT | INTEREST_COVERAGE_SUPPORTED | EARLY_REVENUE_RECOVERY | RECOVERY_CORROBORATED | HISTORICAL_VALUATION_HIGH | SIMPLIFIED_DCF_AVAILABLE | MOPS_CONSOLIDATED_PREFERRED_OVER_INDIVIDUAL,MOPS_EXACT,8c8a4fdea4bea8f2c33e2a7b480a406e8cede0fd1f4b72c47c4fbeb3f6454b2a,True
3653,2025-03-31,2025-05-14T16:35:21+08:00,2025-05-14,2025-05-15,GOOD,IMPROVING,TURNING_UP,HIGH,OK,PROFITABILITY_DURABLE | GROWTH_DURABLE | CASH_CONVERSION_SUPPORTED | BALANCE_SHEET_RESILIENT | INTEREST_COVERAGE_SUPPORTED | EARLY_REVENUE_RECOVERY | RECOVERY_CORROBORATED | HISTORICAL_VALUATION_HIGH | SIMPLIFIED_DCF_AVAILABLE | MOPS_SINGLE_ELIGIBLE_FILING,MOPS_EXACT,5243a0fe1335f9cde5eb84b9521b171297464c97348a3ce58d2677a48a244e2c,True
3653,2025-06-30,2025-08-13T17:02:25+08:00,2025-08-13,2025-08-14,GOOD,IMPROVING,TURNING_UP,HIGH,OK,PROFITABILITY_DURABLE | GROWTH_DURABLE | CASH_CONVERSION_SUPPORTED | BALANCE_SHEET_RESILIENT | INTEREST_COVERAGE_SUPPORTED | EARLY_REVENUE_RECOVERY | RECOVERY_CORROBORATED | HISTORICAL_VALUATION_HIGH | SIMPLIFIED_DCF_AVAILABLE | MOPS_SINGLE_ELIGIBLE_FILING,MOPS_EXACT,7151e2198f8f8f12d3bbc0616538c2be3ef6e473e5aaf623ad5ad4ad7cc3e06f,True
3653,2025-09-30,2025-11-13T15:01:35+08:00,2025-11-13,2025-11-14,GOOD,IMPROVING,TURNING_UP,HIGH,OK,PROFITABILITY_DURABLE | GROWTH_DURABLE | CASH_CONVERSION_SUPPORTED | BALANCE_SHEET_RESILIENT | INTEREST_COVERAGE_SUPPORTED | EARLY_REVENUE_RECOVERY | RECOVERY_CORROBORATED | HISTORICAL_VALUATION_HIGH | SIMPLIFIED_DCF_AVAILABLE | MOPS_SINGLE_ELIGIBLE_FILING,MOPS_EXACT,fef7cb5f25351c02995b786e4cca7db87ae2b0971d9d86002cdf3584f16d54f4,True
3653,2025-12-31,2026-03-12T19:15:25+08:00,2026-03-12,2026-03-13,GOOD,STABLE,CONFIRMED_GROWTH,HIGH,OK,PROFITABILITY_DURABLE | GROWTH_DURABLE | CASH_CONVERSION_SUPPORTED | BALANCE_SHEET_RESILIENT | INTEREST_COVERAGE_SUPPORTED | GROWTH_CONFIRMED_THREE_PERIODS | HISTORICAL_VALUATION_HIGH | SIMPLIFIED_DCF_AVAILABLE | MOPS_CONSOLIDATED_PREFERRED_OVER_INDIVIDUAL,MOPS_EXACT,b4d2b9740ee8fec937db32fb0dceba69ec777ea937c1d2f57fffbb67f1d14710,True
3653,2026-03-31,2026-05-12T19:25:31+08:00,2026-05-12,2026-05-13,WEAK,STABLE,MATURE_GROWTH,HIGH,OK,PROFITABILITY_DURABLE | GROWTH_DURABLE | CASH_CONVERSION_SUPPORTED | BALANCE_SHEET_RESILIENT_NOT_ESTABLISHED | INTEREST_COVERAGE_NOT_ESTABLISHED | SUSTAINED_GROWTH_EIGHT_PERIODS | HISTORICAL_VALUATION_HIGH | SIMPLIFIED_DCF_AVAILABLE | MOPS_SINGLE_ELIGIBLE_FILING,MOPS_EXACT,c9a1622c7b64c25ff3a14a434ecd1af2d39dc5507a01273587ae81bdd60fa669,True
3653,2026-06-30,2026-08-12T16:53:25+08:00,2026-08-12,2026-08-13,GOOD,STABLE,MATURE_GROWTH,HIGH,PARTIAL,PROFITABILITY_DURABLE | GROWTH_DURABLE | CASH_CONVERSION_SUPPORTED | BALANCE_SHEET_RESILIENT | INTEREST_COVERAGE_SUPPORTED | SUSTAINED_GROWTH_EIGHT_PERIODS | HISTORICAL_VALUATION_HIGH | SIMPLIFIED_DCF_AVAILABLE | MOPS_SINGLE_ELIGIBLE_FILING,MOPS_EXACT,83b47e8703cbfd7bbc361bbf334fab151f57b279d600a9278f17907687b7d62e,True
3661,2016-03-31,2016-05-13T15:18:40+08:00,2016-05-13,2016-05-16,UNKNOWN,UNKNOWN,UNKNOWN,N/M,INSUFFICIENT,QUALITY_HISTORY_INSUFFICIENT | STATE_HISTORY_INSUFFICIENT | VALUATION_HISTORY_INSUFFICIENT | SIMPLIFIED_DCF_NOT_APPLICABLE | MOPS_SINGLE_ELIGIBLE_FILING,MOPS_EXACT,8a624f1a36f296e5b0c8c12434bf5112d1dfc23678fe9f6525e954879c8d5796,True
3661,2016-06-30,2016-08-12T15:01:33+08:00,2016-08-12,2016-08-15,UNKNOWN,UNKNOWN,UNKNOWN,N/M,INSUFFICIENT,QUALITY_HISTORY_INSUFFICIENT | STATE_HISTORY_INSUFFICIENT | NONPOSITIVE_OR_MISSING_PE | SIMPLIFIED_DCF_NOT_APPLICABLE | MOPS_SINGLE_ELIGIBLE_FILING,MOPS_EXACT,f1a7f84ba2d9ce182f8ad4a5fb1ad9867cdae0fcb25b67324e8d2ae5fdf74ce0,True
3661,2016-09-30,2016-11-14T14:28:20+08:00,2016-11-14,2016-11-15,UNKNOWN,UNKNOWN,UNKNOWN,N/M,INSUFFICIENT,QUALITY_HISTORY_INSUFFICIENT | STATE_HISTORY_INSUFFICIENT | NONPOSITIVE_OR_MISSING_PE | SIMPLIFIED_DCF_NOT_APPLICABLE | MOPS_SINGLE_ELIGIBLE_FILING,MOPS_EXACT,89e4ae74ee253e20f05e54afa45bc2b2dbdae28d5d081b32df57c757104b15a4,True
3661,2016-12-31,2017-03-30T16:17:14+08:00,2017-03-30,2017-03-31,UNKNOWN,UNKNOWN,UNKNOWN,N/M,INSUFFICIENT,QUALITY_HISTORY_INSUFFICIENT | STATE_HISTORY_INSUFFICIENT | NONPOSITIVE_OR_MISSING_PE | SIMPLIFIED_DCF_NOT_APPLICABLE | MOPS_SINGLE_ELIGIBLE_FILING,MOPS_EXACT,4353a06e980d490afad8c2950dcdc0fb438f6ece382636eb5dd62a46ebbe8a34,True
3661,2017-03-31,2017-05-12T15:46:18+08:00,2017-05-12,2017-05-15,UNKNOWN,UNKNOWN,UNKNOWN,N/M,INSUFFICIENT,QUALITY_HISTORY_INSUFFICIENT | STATE_HISTORY_INSUFFICIENT | NONPOSITIVE_OR_MISSING_PE | SIMPLIFIED_DCF_NOT_APPLICABLE | MOPS_SINGLE_ELIGIBLE_FILING,MOPS_EXACT,a6b190d20fb4a280db3fa62948c6a393adb89e9ce8a962c37c0412de00fc8b25,True
3661,2017-06-30,2017-08-11T17:13:09+08:00,2017-08-11,2017-08-14,UNKNOWN,UNKNOWN,UNKNOWN,N/M,INSUFFICIENT,QUALITY_HISTORY_INSUFFICIENT | STATE_HISTORY_INSUFFICIENT | NONPOSITIVE_OR_MISSING_PE | SIMPLIFIED_DCF_AVAILABLE | MOPS_SINGLE_ELIGIBLE_FILING,MOPS_EXACT,80465b7804c6db198edaadabe0ce85933d1e0f433f23192f78efe564c5dfd50c,True
3661,2017-09-30,2017-11-10T16:24:07+08:00,2017-11-10,2017-11-13,UNKNOWN,UNKNOWN,UNKNOWN,NORMAL,INSUFFICIENT,QUALITY_HISTORY_INSUFFICIENT | STATE_HISTORY_INSUFFICIENT | HISTORICAL_VALUATION_NORMAL | SIMPLIFIED_DCF_AVAILABLE | MOPS_SINGLE_ELIGIBLE_FILING,MOPS_EXACT,e852b00bebc9b4b5d0a8776ca11bfcf148c89a92b7cfa1f269a99f251355f345,True
3661,2017-12-31,2018-03-30T15:17:50+08:00,2018-03-30,2018-03-31,UNKNOWN,UNKNOWN,UNKNOWN,NORMAL,INSUFFICIENT,QUALITY_HISTORY_INSUFFICIENT | STATE_HISTORY_INSUFFICIENT | HISTORICAL_VALUATION_NORMAL | SIMPLIFIED_DCF_AVAILABLE | MOPS_SINGLE_ELIGIBLE_FILING,MOPS_EXACT,92ba74a2bd3f8845346e2eee74c1b3bb20785d182d262944a752f9ab6e9b9c91,True
3661,2018-03-31,2018-05-15T14:36:19+08:00,2018-05-15,2018-05-16,UNKNOWN,UNKNOWN,UNKNOWN,NORMAL,INSUFFICIENT,QUALITY_HISTORY_INSUFFICIENT | STATE_HISTORY_INSUFFICIENT | HISTORICAL_VALUATION_NORMAL | SIMPLIFIED_DCF_AVAILABLE | MOPS_SINGLE_ELIGIBLE_FILING,MOPS_EXACT,7fad2c2a35d329b33d46fbe8bcae5b68ec6df7a7d65730e8a00f474e72ee5d17,True
3661,2018-06-30,2018-08-13T16:39:38+08:00,2018-08-13,2018-08-14,UNKNOWN,UNKNOWN,UNKNOWN,LOW,INSUFFICIENT,QUALITY_HISTORY_INSUFFICIENT | STATE_HISTORY_INSUFFICIENT | HISTORICAL_VALUATION_LOW | SIMPLIFIED_DCF_AVAILABLE | MOPS_SINGLE_ELIGIBLE_FILING,MOPS_EXACT,d36183644eea32f4b6abdfec3f3de45bcef12ce78d5b8f48383120ec188f0a05,True
3661,2018-09-30,2018-11-13T15:53:56+08:00,2018-11-13,2018-11-14,UNKNOWN,DETERIORATING,DETERIORATING,LOW,INSUFFICIENT,QUALITY_HISTORY_INSUFFICIENT | DETERIORATION_CORROBORATED | HISTORICAL_VALUATION_LOW | SIMPLIFIED_DCF_AVAILABLE | MOPS_SINGLE_ELIGIBLE_FILING,MOPS_EXACT,868554fbe01ac976255bb412be2ac81f29be6ce23017f500b36dfb99f37b31a1,True
3661,2018-12-31,2019-03-29T15:29:55+08:00,2019-03-29,2019-04-01,UNKNOWN,UNKNOWN,UNKNOWN,NORMAL,INSUFFICIENT,METRIC_COVERAGE_INSUFFICIENT_TTM_REVENUE | METRIC_COVERAGE_INSUFFICIENT_TTM_EPS | METRIC_COVERAGE_INSUFFICIENT_ROE | METRIC_COVERAGE_INSUFFICIENT_ROIC | MIXED_FUNDAMENTAL_DIRECTION | HISTORICAL_VALUATION_NORMAL | SIMPLIFIED_DCF_AVAILABLE | MOPS_SINGLE_ELIGIBLE_FILING,MOPS_EXACT,be8ceceee954ad4ae7998e167dc38df3892cc8a83a1b45198a29774633f5820e,True
3661,2019-03-31,2019-05-14T15:07:52+08:00,2019-05-14,2019-05-15,UNKNOWN,UNKNOWN,UNKNOWN,NORMAL,INSUFFICIENT,METRIC_COVERAGE_INSUFFICIENT_TTM_REVENUE | METRIC_COVERAGE_INSUFFICIENT_TTM_EPS | METRIC_COVERAGE_INSUFFICIENT_ROE | METRIC_COVERAGE_INSUFFICIENT_ROIC | MIXED_FUNDAMENTAL_DIRECTION | HISTORICAL_VALUATION_NORMAL | SIMPLIFIED_DCF_NOT_APPLICABLE | MOPS_SINGLE_ELIGIBLE_FILING,MOPS_EXACT,f0e52e2ba63dd6e136cd80f638dfcbcd671d622674e770b0de030467e0790382,True
3661,2019-06-30,2019-08-13T14:22:10+08:00,2019-08-13,2019-08-14,UNKNOWN,UNKNOWN,UNKNOWN,HIGH,INSUFFICIENT,METRIC_COVERAGE_INSUFFICIENT_TTM_REVENUE | METRIC_COVERAGE_INSUFFICIENT_TTM_EPS | METRIC_COVERAGE_INSUFFICIENT_ROE | METRIC_COVERAGE_INSUFFICIENT_ROIC | MIXED_FUNDAMENTAL_DIRECTION | HISTORICAL_VALUATION_HIGH | SIMPLIFIED_DCF_NOT_APPLICABLE | MOPS_SINGLE_ELIGIBLE_FILING,MOPS_EXACT,15a2b5e77ff9b7d3637c6d5fe3ecc4ea8dac39d48de51111b1eaf24c9df1f690,True
3661,2019-09-30,2019-11-13T15:50:06+08:00,2019-11-13,2019-11-14,UNKNOWN,IMPROVING,TURNING_UP,HIGH,INSUFFICIENT,METRIC_COVERAGE_INSUFFICIENT_ROE | METRIC_COVERAGE_INSUFFICIENT_ROIC | EARLY_REVENUE_RECOVERY | RECOVERY_CORROBORATED | HISTORICAL_VALUATION_HIGH | SIMPLIFIED_DCF_AVAILABLE | MOPS_SINGLE_ELIGIBLE_FILING,MOPS_EXACT,1629b062a986f40aa7747c500f9d6d129755f2ce957afc1f78594d9614b0865e,True
3661,2019-12-31,2020-03-27T14:37:03+08:00,2020-03-27,2020-03-30,WEAK,IMPROVING,TURNING_UP,NORMAL,OK,PROFITABILITY_DURABLE_NOT_ESTABLISHED | GROWTH_DURABLE_NOT_ESTABLISHED | CASH_CONVERSION_SUPPORTED | BALANCE_SHEET_RESILIENT | INTEREST_COVERAGE_SUPPORTED | EARLY_REVENUE_RECOVERY | RECOVERY_CORROBORATED | HISTORICAL_VALUATION_NORMAL | SIMPLIFIED_DCF_AVAILABLE | MOPS_SINGLE_ELIGIBLE_FILING,MOPS_EXACT,4036c512af6aecda203a655470d4418b9e102a51e0b2753c8c588bfa0d5f1e7a,True
3661,2020-03-31,2020-05-14T14:03:21+08:00,2020-05-14,2020-05-15,ACCEPTABLE,IMPROVING,TURNING_UP,NORMAL,OK,PROFITABILITY_DURABLE | GROWTH_DURABLE_NOT_ESTABLISHED | CASH_CONVERSION_SUPPORTED | BALANCE_SHEET_RESILIENT | INTEREST_COVERAGE_SUPPORTED | EARLY_REVENUE_RECOVERY | RECOVERY_CORROBORATED | HISTORICAL_VALUATION_NORMAL | SIMPLIFIED_DCF_AVAILABLE | MOPS_SINGLE_ELIGIBLE_FILING,MOPS_EXACT,cb226a9bb8f64f37d1b0833bb1d1feadeff8e61293089d7745e3ece1c73d9862,True
3661,2020-06-30,2020-08-13T14:07:56+08:00,2020-08-13,2020-08-14,GOOD,IMPROVING,TURNING_UP,HIGH,OK,PROFITABILITY_DURABLE | GROWTH_DURABLE | CASH_CONVERSION_SUPPORTED | BALANCE_SHEET_RESILIENT | INTEREST_COVERAGE_SUPPORTED | EARLY_REVENUE_RECOVERY | RECOVERY_CORROBORATED | HISTORICAL_VALUATION_HIGH | SIMPLIFIED_DCF_AVAILABLE | MOPS_SINGLE_ELIGIBLE_FILING,MOPS_EXACT,494af42b638042933f1af5ad05d741d992b704acbdd73299c85b9024befdd403,True
3661,2020-09-30,2020-11-11T16:45:10+08:00,2020-11-11,2020-11-12,GOOD,IMPROVING,TURNING_UP,HIGH,OK,PROFITABILITY_DURABLE | GROWTH_DURABLE | CASH_CONVERSION_SUPPORTED | BALANCE_SHEET_RESILIENT | INTEREST_COVERAGE_SUPPORTED | EARLY_REVENUE_RECOVERY | RECOVERY_CORROBORATED | HISTORICAL_VALUATION_HIGH | SIMPLIFIED_DCF_AVAILABLE | MOPS_SINGLE_ELIGIBLE_FILING,MOPS_EXACT,382a05d391a42f664eeecba881c8ee7ecb09fce365da122f04be0290dfae7408,True
3661,2020-12-31,2021-03-25T14:50:25+08:00,2021-03-25,2021-03-26,GOOD,STABLE,CONFIRMED_GROWTH,HIGH,OK,PROFITABILITY_DURABLE | GROWTH_DURABLE | CASH_CONVERSION_SUPPORTED | BALANCE_SHEET_RESILIENT | INTEREST_COVERAGE_SUPPORTED | GROWTH_CONFIRMED_THREE_PERIODS | HISTORICAL_VALUATION_HIGH | SIMPLIFIED_DCF_AVAILABLE | MOPS_SINGLE_ELIGIBLE_FILING,MOPS_EXACT,a3fe72c7cde221bf1e7bf9ae4a8c4efb6702caa75c7250d6502ef05ce8369a06,True
3661,2021-03-31,2021-05-12T14:41:07+08:00,2021-05-12,2021-05-13,GOOD,STABLE,CONFIRMED_GROWTH,NORMAL,OK,PROFITABILITY_DURABLE | GROWTH_DURABLE | CASH_CONVERSION_SUPPORTED | BALANCE_SHEET_RESILIENT | INTEREST_COVERAGE_SUPPORTED | GROWTH_CONFIRMED_THREE_PERIODS | HISTORICAL_VALUATION_NORMAL | SIMPLIFIED_DCF_AVAILABLE | MOPS_SINGLE_ELIGIBLE_FILING,MOPS_EXACT,7a10a6306d2ccc7f347cd92e2ec41d0e3d3f517285e6d418fff2ce7538c1664a,True
3661,2021-06-30,2021-08-27T15:16:47+08:00,2021-08-27,2021-08-30,WEAK,STABLE,CONFIRMED_GROWTH,NORMAL,OK,PROFITABILITY_DURABLE | GROWTH_DURABLE | CASH_CONVERSION_SUPPORTED | BALANCE_SHEET_RESILIENT_NOT_ESTABLISHED | INTEREST_COVERAGE_NOT_ESTABLISHED | GROWTH_CONFIRMED_THREE_PERIODS | HISTORICAL_VALUATION_NORMAL | SIMPLIFIED_DCF_NOT_APPLICABLE | MOPS_SINGLE_ELIGIBLE_FILING,MOPS_EXACT,9aad6c71487e711df6e31dd9a54f1702aaaa9db53b8cc49373b2adc9f9953525,True
3661,2021-09-30,2021-11-10T16:17:57+08:00,2021-11-10,2021-11-11,WEAK,STABLE,MATURE_GROWTH,HIGH,OK,PROFITABILITY_DURABLE | GROWTH_DURABLE | CASH_CONVERSION_SUPPORTED | BALANCE_SHEET_RESILIENT_NOT_ESTABLISHED | INTEREST_COVERAGE_NOT_ESTABLISHED | SUSTAINED_GROWTH_EIGHT_PERIODS | HISTORICAL_VALUATION_HIGH | SIMPLIFIED_DCF_NOT_APPLICABLE | MOPS_SINGLE_ELIGIBLE_FILING,MOPS_EXACT,8d088260cf04f6c63efa741b99318cdc8fe2cb0563cb37c1892d11447dde9b3c,True
3661,2021-12-31,2022-03-22T15:24:34+08:00,2022-03-22,2022-03-23,WEAK,STABLE,MATURE_GROWTH,NORMAL,PARTIAL,PROFITABILITY_DURABLE | GROWTH_DURABLE | CASH_CONVERSION_SUPPORTED | BALANCE_SHEET_RESILIENT_NOT_ESTABLISHED | INTEREST_COVERAGE_NOT_ESTABLISHED | SUSTAINED_GROWTH_EIGHT_PERIODS | HISTORICAL_VALUATION_NORMAL | SIMPLIFIED_DCF_NOT_APPLICABLE | MOPS_SINGLE_ELIGIBLE_FILING,MOPS_EXACT,bc936221add99746ae4d1f1b3b399cd67b5f2e85fc62661a71b708e176f432bd,True
3661,2022-03-31,2022-05-13T13:35:49+08:00,2022-05-13,2022-05-16,WEAK,STABLE,MATURE_GROWTH,NORMAL,PARTIAL,PROFITABILITY_DURABLE | GROWTH_DURABLE | CASH_CONVERSION_SUPPORTED | BALANCE_SHEET_RESILIENT_NOT_ESTABLISHED | INTEREST_COVERAGE_NOT_ESTABLISHED | SUSTAINED_GROWTH_EIGHT_PERIODS | HISTORICAL_VALUATION_NORMAL | SIMPLIFIED_DCF_NOT_APPLICABLE | MOPS_SINGLE_ELIGIBLE_FILING,MOPS_EXACT,8c90b74dab026ecd8b9552b5bb75dfc04c1d5f918dbfad01f33805a92c6b3558,True
3661,2022-06-30,2022-08-29T11:53:26+08:00,2022-08-29,2022-08-30,WEAK,STABLE,MATURE_GROWTH,NORMAL,PARTIAL,PROFITABILITY_DURABLE | GROWTH_DURABLE | CASH_CONVERSION_SUPPORTED | BALANCE_SHEET_RESILIENT_NOT_ESTABLISHED | INTEREST_COVERAGE_NOT_ESTABLISHED | SUSTAINED_GROWTH_EIGHT_PERIODS | HISTORICAL_VALUATION_NORMAL | SIMPLIFIED_DCF_NOT_APPLICABLE | MOPS_SINGLE_ELIGIBLE_FILING,MOPS_EXACT,1bd2d1c05ba4a9290ba8735088bb6d001755e0df2b14104bca72663b2e45be1b,True
3661,2022-09-30,2022-11-10T14:08:33+08:00,2022-11-10,2022-11-11,UNKNOWN,STABLE,MATURE_GROWTH,NORMAL,INSUFFICIENT,METRIC_COVERAGE_INSUFFICIENT_ROIC | SUSTAINED_GROWTH_EIGHT_PERIODS | HISTORICAL_VALUATION_NORMAL | SIMPLIFIED_DCF_NOT_APPLICABLE | MOPS_SINGLE_ELIGIBLE_FILING,MOPS_EXACT,38940fa224d78350eb02215cfa31193f21486785bc6822736120a59e8f09359b,True
3661,2022-12-31,2023-03-22T16:47:52+08:00,2023-03-22,2023-03-23,UNKNOWN,IMPROVING,TURNING_UP,HIGH,INSUFFICIENT,METRIC_COVERAGE_INSUFFICIENT_ROIC | EARLY_REVENUE_RECOVERY | RECOVERY_CORROBORATED | HISTORICAL_VALUATION_HIGH | SIMPLIFIED_DCF_NOT_APPLICABLE | MOPS_SINGLE_ELIGIBLE_FILING,MOPS_EXACT,fcc603d2816fce413e310822a7127047f27816910a9985b3883e4193ed46168e,True
3661,2023-03-31,2023-05-15T09:19:04+08:00,2023-05-15,2023-05-16,UNKNOWN,IMPROVING,TURNING_UP,HIGH,INSUFFICIENT,METRIC_COVERAGE_INSUFFICIENT_ROIC | EARLY_REVENUE_RECOVERY | RECOVERY_CORROBORATED | HISTORICAL_VALUATION_HIGH | SIMPLIFIED_DCF_NOT_APPLICABLE | MOPS_SINGLE_ELIGIBLE_FILING,MOPS_EXACT,6340bebace0100bd13f3bae2aee45f279468393a2e0f49556bfb4a851718bcdb,True
3661,2023-06-30,2023-08-24T14:28:23+08:00,2023-08-24,2023-08-25,UNKNOWN,IMPROVING,TURNING_UP,HIGH,INSUFFICIENT,METRIC_COVERAGE_INSUFFICIENT_ROIC | EARLY_REVENUE_RECOVERY | RECOVERY_CORROBORATED | HISTORICAL_VALUATION_HIGH | SIMPLIFIED_DCF_NOT_APPLICABLE | MOPS_SINGLE_ELIGIBLE_FILING,MOPS_EXACT,1fffdd766068634ccaec1b73b1b3a0022eb2cfb2525523e750a91378ba16ba46,True
3661,2023-09-30,2023-11-10T11:41:15+08:00,2023-11-10,2023-11-13,UNKNOWN,IMPROVING,TURNING_UP,HIGH,INSUFFICIENT,METRIC_COVERAGE_INSUFFICIENT_ROIC | EARLY_REVENUE_RECOVERY | RECOVERY_CORROBORATED | HISTORICAL_VALUATION_HIGH | SIMPLIFIED_DCF_AVAILABLE | MOPS_SINGLE_ELIGIBLE_FILING,MOPS_EXACT,aa17f9aa251046c9da2f85b8507386e113cace296a39d26b74b37ccefac75e1b,True
3661,2023-12-31,2024-03-12T14:52:46+08:00,2024-03-12,2024-03-13,UNKNOWN,STABLE,MATURE_GROWTH,HIGH,INSUFFICIENT,METRIC_COVERAGE_INSUFFICIENT_ROIC | SUSTAINED_GROWTH_EIGHT_PERIODS | HISTORICAL_VALUATION_HIGH | SIMPLIFIED_DCF_AVAILABLE | MOPS_SINGLE_ELIGIBLE_FILING,MOPS_EXACT,774f0cd590c8bcaf85c817dacd0244459378ace54eac5d73d58754deadbcae6c,True
3661,2024-03-31,2024-05-10T14:20:25+08:00,2024-05-10,2024-05-13,UNKNOWN,STABLE,MATURE_GROWTH,NORMAL,INSUFFICIENT,METRIC_COVERAGE_INSUFFICIENT_ROIC | SUSTAINED_GROWTH_EIGHT_PERIODS | HISTORICAL_VALUATION_NORMAL | SIMPLIFIED_DCF_AVAILABLE | MOPS_SINGLE_ELIGIBLE_FILING,MOPS_EXACT,41ed566891214f57a73a3565da8a9d53865545ed4cde96c94afcc2c050c865d8,True
3661,2024-06-30,2024-08-29T10:42:22+08:00,2024-08-29,2024-08-30,UNKNOWN,STABLE,MATURE_GROWTH,NORMAL,INSUFFICIENT,METRIC_COVERAGE_INSUFFICIENT_ROIC | SUSTAINED_GROWTH_EIGHT_PERIODS | HISTORICAL_VALUATION_NORMAL | SIMPLIFIED_DCF_AVAILABLE | MOPS_SINGLE_ELIGIBLE_FILING,MOPS_EXACT,d88ae05cd1950fffff635eeece814fe4117f96b5cbc766adbf6443e422415827,True
3661,2024-09-30,2024-11-11T15:12:24+08:00,2024-11-11,2024-11-12,UNKNOWN,STABLE,MATURE_GROWTH,NORMAL,INSUFFICIENT,METRIC_COVERAGE_INSUFFICIENT_ROIC | SUSTAINED_GROWTH_EIGHT_PERIODS | HISTORICAL_VALUATION_NORMAL | SIMPLIFIED_DCF_AVAILABLE | MOPS_SINGLE_ELIGIBLE_FILING,MOPS_EXACT,eda4fa9858ce2bdfa43bfcaa3323049e93fcfcbe58e6ccb6e86b021457a4f3f8,True
3661,2024-12-31,2025-03-13T14:43:43+08:00,2025-03-13,2025-03-14,UNKNOWN,STABLE,MATURE_GROWTH,NORMAL,INSUFFICIENT,METRIC_COVERAGE_INSUFFICIENT_ROIC | SUSTAINED_GROWTH_EIGHT_PERIODS | HISTORICAL_VALUATION_NORMAL | SIMPLIFIED_DCF_NOT_APPLICABLE | MOPS_SINGLE_ELIGIBLE_FILING,MOPS_EXACT,ecf945ae0a9a62e4a03d39388b8c12e24fa8a3a031a68460e9a572d85a20745b,True
3661,2025-03-31,2025-05-13T17:12:19+08:00,2025-05-13,2025-05-14,UNKNOWN,STABLE,MATURE_GROWTH,NORMAL,INSUFFICIENT,METRIC_COVERAGE_INSUFFICIENT_ROIC | METRIC_COVERAGE_INSUFFICIENT_TTM_FCF | SUSTAINED_GROWTH_EIGHT_PERIODS | HISTORICAL_VALUATION_NORMAL | SIMPLIFIED_DCF_NOT_APPLICABLE | MOPS_SINGLE_ELIGIBLE_FILING,MOPS_EXACT,374498618330f5495cdac9e18bff05586468be31be8e32897fa3f3fbc2ccc4ea,True
3661,2025-06-30,2025-08-15T15:22:41+08:00,2025-08-15,2025-08-18,UNKNOWN,STABLE,MATURE_GROWTH,HIGH,INSUFFICIENT,METRIC_COVERAGE_INSUFFICIENT_ROIC | METRIC_COVERAGE_INSUFFICIENT_TTM_FCF | SUSTAINED_GROWTH_EIGHT_PERIODS | HISTORICAL_VALUATION_HIGH | SIMPLIFIED_DCF_NOT_APPLICABLE | MOPS_SINGLE_ELIGIBLE_FILING,MOPS_EXACT,1ed132d5550194eeef5c510e14a2b2bc9b0eae0227a05bbbb28900dfe4011841,True
3661,2025-09-30,2025-11-11T13:44:31+08:00,2025-11-11,2025-11-12,UNKNOWN,DETERIORATING,DETERIORATING,NORMAL,INSUFFICIENT,METRIC_COVERAGE_INSUFFICIENT_ROIC | METRIC_COVERAGE_INSUFFICIENT_TTM_FCF | DETERIORATION_CORROBORATED | HISTORICAL_VALUATION_NORMAL | SIMPLIFIED_DCF_NOT_APPLICABLE | MOPS_SINGLE_ELIGIBLE_FILING,MOPS_EXACT,abddbf5211a433930af26e2d3adefc06fd39e7be5a72b548219a0653f1eadd81,True
3661,2025-12-31,2026-03-12T16:16:29+08:00,2026-03-12,2026-03-13,UNKNOWN,DETERIORATING,DETERIORATING,NORMAL,INSUFFICIENT,METRIC_COVERAGE_INSUFFICIENT_ROIC | METRIC_COVERAGE_INSUFFICIENT_TTM_FCF | DETERIORATION_CORROBORATED | HISTORICAL_VALUATION_NORMAL | SIMPLIFIED_DCF_AVAILABLE | MOPS_SINGLE_ELIGIBLE_FILING,MOPS_EXACT,a8e1ea34b94a69ec812c115aabaf506e02ffde9c120615d4627a2157b5e45c3a,True
3661,2026-03-31,2026-05-08T16:35:30+08:00,2026-05-08,2026-05-11,UNKNOWN,DETERIORATING,DETERIORATING,HIGH,INSUFFICIENT,METRIC_COVERAGE_INSUFFICIENT_ROIC | METRIC_COVERAGE_INSUFFICIENT_TTM_FCF | DETERIORATION_CORROBORATED | HISTORICAL_VALUATION_HIGH | SIMPLIFIED_DCF_AVAILABLE | MOPS_SINGLE_ELIGIBLE_FILING,MOPS_EXACT,15ada8083d00a0ea3d89bb818155f444da549fa94c0754f60ec1b1132d2a3e1a,True
3661,2026-06-30,2026-08-20T13:35:22+08:00,2026-08-20,2026-08-21,UNKNOWN,UNKNOWN,UNKNOWN,NORMAL,INSUFFICIENT,METRIC_COVERAGE_INSUFFICIENT_ROIC | METRIC_COVERAGE_INSUFFICIENT_TTM_FCF | MIXED_FUNDAMENTAL_DIRECTION | HISTORICAL_VALUATION_NORMAL | SIMPLIFIED_DCF_NOT_APPLICABLE | MOPS_SINGLE_ELIGIBLE_FILING,MOPS_EXACT,3cbd803fb22d81a7963f51033349ae35a030da37b9c6589f66cd07d206ccd9c3,True
3665,2016-03-31,2016-05-13T13:34:12+08:00,2016-05-13,2016-05-16,UNKNOWN,UNKNOWN,UNKNOWN,N/M,INSUFFICIENT,QUALITY_HISTORY_INSUFFICIENT | STATE_HISTORY_INSUFFICIENT | VALUATION_HISTORY_INSUFFICIENT | SIMPLIFIED_DCF_NOT_APPLICABLE | MOPS_SINGLE_ELIGIBLE_FILING,MOPS_EXACT,2c4793ae796f4c2b9b7ff29a205a9d07521649ffe645383fcf7dfdd55fb2e168,True
3665,2016-06-30,2016-08-12T17:31:09+08:00,2016-08-12,2016-08-15,UNKNOWN,UNKNOWN,UNKNOWN,NORMAL,INSUFFICIENT,QUALITY_HISTORY_INSUFFICIENT | STATE_HISTORY_INSUFFICIENT | HISTORICAL_VALUATION_NORMAL | SIMPLIFIED_DCF_NOT_APPLICABLE | MOPS_SINGLE_ELIGIBLE_FILING,MOPS_EXACT,379f75e250bd02cee9d7a5ad852d2f9676046c8f49e40411d8b032a0f74fa17b,True
3665,2016-09-30,2016-11-14T09:34:56+08:00,2016-11-14,2016-11-15,UNKNOWN,UNKNOWN,UNKNOWN,LOW,INSUFFICIENT,QUALITY_HISTORY_INSUFFICIENT | STATE_HISTORY_INSUFFICIENT | HISTORICAL_VALUATION_LOW | SIMPLIFIED_DCF_NOT_APPLICABLE | MOPS_SINGLE_ELIGIBLE_FILING,MOPS_EXACT,8de4ca1aa18bafb24642af29b1f83d83799eb4f070acdea4828c73f0f6fcff4e,True
3665,2016-12-31,2017-03-29T13:59:59+08:00,2017-03-29,2017-03-30,UNKNOWN,UNKNOWN,UNKNOWN,LOW,INSUFFICIENT,QUALITY_HISTORY_INSUFFICIENT | STATE_HISTORY_INSUFFICIENT | HISTORICAL_VALUATION_LOW | SIMPLIFIED_DCF_AVAILABLE | MOPS_SINGLE_ELIGIBLE_FILING,MOPS_EXACT,86b976ba491f688d8229b1d2c3f5079e4997e5e35ca4592383c1f5603a50e094,True
3665,2017-03-31,2017-05-12T16:04:59+08:00,2017-05-12,2017-05-15,UNKNOWN,UNKNOWN,UNKNOWN,HIGH,INSUFFICIENT,QUALITY_HISTORY_INSUFFICIENT | STATE_HISTORY_INSUFFICIENT | HISTORICAL_VALUATION_HIGH | SIMPLIFIED_DCF_AVAILABLE | MOPS_SINGLE_ELIGIBLE_FILING,MOPS_EXACT,bb12fcc994680c7d409e1f427ee014d1f53508afde0a9275b0afd7a09ff5b581,True
3665,2017-06-30,2017-08-14T14:35:22+08:00,2017-08-14,2017-08-15,UNKNOWN,UNKNOWN,UNKNOWN,HIGH,INSUFFICIENT,QUALITY_HISTORY_INSUFFICIENT | STATE_HISTORY_INSUFFICIENT | HISTORICAL_VALUATION_HIGH | SIMPLIFIED_DCF_AVAILABLE | MOPS_SINGLE_ELIGIBLE_FILING,MOPS_EXACT,848cdf53bbc0e443fdca06811f362a474de4ef1138ffd724d1ae40594fbc61e6,True
3665,2017-09-30,2017-11-14T13:48:38+08:00,2017-11-14,2017-11-15,UNKNOWN,UNKNOWN,UNKNOWN,NORMAL,INSUFFICIENT,QUALITY_HISTORY_INSUFFICIENT | STATE_HISTORY_INSUFFICIENT | HISTORICAL_VALUATION_NORMAL | SIMPLIFIED_DCF_AVAILABLE | MOPS_SINGLE_ELIGIBLE_FILING,MOPS_EXACT,ebcf830068f6b6f0b3954ef48f8c1ced25066df53a0c6d9f28f6d2c89a3ddf19,True
3665,2017-12-31,2018-03-22T09:26:38+08:00,2018-03-22,2018-03-23,UNKNOWN,UNKNOWN,UNKNOWN,HIGH,INSUFFICIENT,QUALITY_HISTORY_INSUFFICIENT | STATE_HISTORY_INSUFFICIENT | HISTORICAL_VALUATION_HIGH | SIMPLIFIED_DCF_NOT_APPLICABLE | MOPS_SINGLE_ELIGIBLE_FILING,MOPS_EXACT,1b5995457a935d005c00f11c6edc71bcbcda23722b796eaa5e1f7c37168e4aa2,True
3665,2018-03-31,2018-05-15T09:51:33+08:00,2018-05-15,2018-05-16,UNKNOWN,UNKNOWN,UNKNOWN,NORMAL,INSUFFICIENT,QUALITY_HISTORY_INSUFFICIENT | STATE_HISTORY_INSUFFICIENT | HISTORICAL_VALUATION_NORMAL | SIMPLIFIED_DCF_NOT_APPLICABLE | MOPS_SINGLE_ELIGIBLE_FILING,MOPS_EXACT,7db5f6c594936c3144e4b4b1306480ab17af70ec3ffb31b6d13e3c4ebb92164d,True
3665,2018-06-30,2018-08-14T08:33:26+08:00,2018-08-14,2018-08-15,UNKNOWN,UNKNOWN,UNKNOWN,LOW,INSUFFICIENT,QUALITY_HISTORY_INSUFFICIENT | STATE_HISTORY_INSUFFICIENT | HISTORICAL_VALUATION_LOW | SIMPLIFIED_DCF_NOT_APPLICABLE | MOPS_SINGLE_ELIGIBLE_FILING,MOPS_EXACT,d6fa157cf1c027231ed11b8857c63be00cc15bbe1f97efe1191968f084e3e54b,True
3665,2018-09-30,2018-11-14T16:29:21+08:00,2018-11-14,2018-11-15,UNKNOWN,STABLE,CONFIRMED_GROWTH,LOW,INSUFFICIENT,QUALITY_HISTORY_INSUFFICIENT | GROWTH_CONFIRMED_THREE_PERIODS | HISTORICAL_VALUATION_LOW | SIMPLIFIED_DCF_NOT_APPLICABLE | MOPS_SINGLE_ELIGIBLE_FILING,MOPS_EXACT,9fdf4acf88a2b0ab9812d5623bff02343d012be23851ecc2dadf8b55bf057a5f,True
3665,2018-12-31,2019-03-25T11:12:06+08:00,2019-03-25,2019-03-26,UNKNOWN,STABLE,CONFIRMED_GROWTH,LOW,INSUFFICIENT,METRIC_COVERAGE_INSUFFICIENT_TTM_REVENUE | METRIC_COVERAGE_INSUFFICIENT_TTM_EPS | METRIC_COVERAGE_INSUFFICIENT_ROE | METRIC_COVERAGE_INSUFFICIENT_ROIC | GROWTH_CONFIRMED_THREE_PERIODS | HISTORICAL_VALUATION_LOW | SIMPLIFIED_DCF_AVAILABLE | MOPS_SINGLE_ELIGIBLE_FILING,MOPS_EXACT,63fe8a167c9c391ce1abdbe8ce5e4d6e79b09b812b8d6851c1262d981b885676,True
3665,2019-03-31,2019-05-14T13:48:50+08:00,2019-05-14,2019-05-15,UNKNOWN,STABLE,CONFIRMED_GROWTH,LOW,INSUFFICIENT,METRIC_COVERAGE_INSUFFICIENT_TTM_REVENUE | METRIC_COVERAGE_INSUFFICIENT_TTM_EPS | METRIC_COVERAGE_INSUFFICIENT_ROE | METRIC_COVERAGE_INSUFFICIENT_ROIC | GROWTH_CONFIRMED_THREE_PERIODS | HISTORICAL_VALUATION_LOW | SIMPLIFIED_DCF_AVAILABLE | MOPS_SINGLE_ELIGIBLE_FILING,MOPS_EXACT,940be589b04b2edf0db5ae2cd5a74abd0bf24b1e54228c65a1fc35016b59dabf,True
3665,2019-06-30,2019-08-14T14:10:39+08:00,2019-08-14,2019-08-15,UNKNOWN,STABLE,CONFIRMED_GROWTH,LOW,INSUFFICIENT,METRIC_COVERAGE_INSUFFICIENT_TTM_REVENUE | METRIC_COVERAGE_INSUFFICIENT_TTM_EPS | METRIC_COVERAGE_INSUFFICIENT_ROE | METRIC_COVERAGE_INSUFFICIENT_ROIC | GROWTH_CONFIRMED_THREE_PERIODS | HISTORICAL_VALUATION_LOW | SIMPLIFIED_DCF_AVAILABLE | MOPS_SINGLE_ELIGIBLE_FILING,MOPS_EXACT,eee3047557ab854c91ca8d9cdf4297eaf9e17d19ab259ff63b971a505ca6ca30,True
3665,2019-09-30,2019-11-14T08:27:23+08:00,2019-11-14,2019-11-15,UNKNOWN,STABLE,MATURE_GROWTH,LOW,INSUFFICIENT,METRIC_COVERAGE_INSUFFICIENT_ROE | METRIC_COVERAGE_INSUFFICIENT_ROIC | SUSTAINED_GROWTH_EIGHT_PERIODS | HISTORICAL_VALUATION_LOW | SIMPLIFIED_DCF_AVAILABLE | MOPS_SINGLE_ELIGIBLE_FILING,MOPS_EXACT,11a3f730a9a611656a070d26a70ca937240339cb0e72516210730292e0526d4a,True
3665,2019-12-31,2020-03-25T08:17:59+08:00,2020-03-25,2020-03-26,ACCEPTABLE,STABLE,MATURE_GROWTH,LOW,OK,PROFITABILITY_DURABLE | GROWTH_DURABLE | CASH_CONVERSION_SUPPORTED_NOT_ESTABLISHED | BALANCE_SHEET_RESILIENT | INTEREST_COVERAGE_SUPPORTED | SUSTAINED_GROWTH_EIGHT_PERIODS | HISTORICAL_VALUATION_LOW | SIMPLIFIED_DCF_AVAILABLE | MOPS_SINGLE_ELIGIBLE_FILING,MOPS_EXACT,3630bdb3f5aeaf19a49d533325dc9db02c3670f3445e2fe5c738ef12456771aa,True
3665,2020-03-31,2020-05-15T14:26:59+08:00,2020-05-15,2020-05-18,ACCEPTABLE,STABLE,MATURE_GROWTH,LOW,OK,PROFITABILITY_DURABLE | GROWTH_DURABLE | CASH_CONVERSION_SUPPORTED_NOT_ESTABLISHED | BALANCE_SHEET_RESILIENT | INTEREST_COVERAGE_SUPPORTED | SUSTAINED_GROWTH_EIGHT_PERIODS | HISTORICAL_VALUATION_LOW | SIMPLIFIED_DCF_AVAILABLE | MOPS_SINGLE_ELIGIBLE_FILING,MOPS_EXACT,dd441250607e6769693ac5205d30575b8f6d43a3f8b5b916a4c7cba4199e7131,True
3665,2020-06-30,2020-08-14T12:08:29+08:00,2020-08-14,2020-08-17,GOOD,DETERIORATING,DETERIORATING,LOW,OK,PROFITABILITY_DURABLE | GROWTH_DURABLE | CASH_CONVERSION_SUPPORTED | BALANCE_SHEET_RESILIENT | INTEREST_COVERAGE_SUPPORTED | DETERIORATION_CORROBORATED | HISTORICAL_VALUATION_LOW | SIMPLIFIED_DCF_AVAILABLE | MOPS_SINGLE_ELIGIBLE_FILING,MOPS_EXACT,24083bcc442c81d148f9dae5e2229fa99474a16f1d26caa6602c68d232a89e11,True
3665,2020-09-30,2020-11-13T17:41:51+08:00,2020-11-13,2020-11-16,GOOD,UNKNOWN,UNKNOWN,NORMAL,OK,PROFITABILITY_DURABLE | GROWTH_DURABLE | CASH_CONVERSION_SUPPORTED | BALANCE_SHEET_RESILIENT | INTEREST_COVERAGE_SUPPORTED | MIXED_FUNDAMENTAL_DIRECTION | HISTORICAL_VALUATION_NORMAL | SIMPLIFIED_DCF_AVAILABLE | MOPS_SINGLE_ELIGIBLE_FILING,MOPS_EXACT,37974a035810e4a1a08a18eee6cd6430bf10b467a21bf6ec2e408a6f08104d24,True
3665,2020-12-31,2021-03-31T13:04:56+08:00,2021-03-31,2021-04-01,GOOD,IMPROVING,BOTTOMING,NORMAL,OK,PROFITABILITY_DURABLE | GROWTH_DURABLE | CASH_CONVERSION_SUPPORTED | BALANCE_SHEET_RESILIENT | INTEREST_COVERAGE_SUPPORTED | REVENUE_CONTRACTION_NARROWING | RECOVERY_CORROBORATED | HISTORICAL_VALUATION_NORMAL | SIMPLIFIED_DCF_AVAILABLE | MOPS_SINGLE_ELIGIBLE_FILING,MOPS_EXACT,3f5427514bea2f9c1a5933cf5af85a64bebd8995986d6abfc64df28e6707d2b5,True
3665,2021-03-31,2021-05-17T11:53:15+08:00,2021-05-17,2021-05-18,GOOD,IMPROVING,TURNING_UP,NORMAL,PARTIAL,PROFITABILITY_DURABLE | GROWTH_DURABLE | CASH_CONVERSION_SUPPORTED | BALANCE_SHEET_RESILIENT | INTEREST_COVERAGE_SUPPORTED | EARLY_REVENUE_RECOVERY | RECOVERY_CORROBORATED | HISTORICAL_VALUATION_NORMAL | SIMPLIFIED_DCF_AVAILABLE | MOPS_SINGLE_ELIGIBLE_FILING,MOPS_EXACT,a0d3dfe6834057b369252524fc280b32f696d39f3d2b68acb8483f834d742446,True
3665,2021-06-30,2021-08-31T16:32:07+08:00,2021-08-31,2021-09-01,GOOD,IMPROVING,TURNING_UP,LOW,PARTIAL,PROFITABILITY_DURABLE | GROWTH_DURABLE | CASH_CONVERSION_SUPPORTED | BALANCE_SHEET_RESILIENT | INTEREST_COVERAGE_SUPPORTED | EARLY_REVENUE_RECOVERY | RECOVERY_CORROBORATED | HISTORICAL_VALUATION_LOW | SIMPLIFIED_DCF_AVAILABLE | MOPS_SINGLE_ELIGIBLE_FILING,MOPS_EXACT,50c7574383e91350b496ca65e7537e29116dfdfe609bbe68bf57387d10d554f6,True
3665,2021-09-30,2021-11-15T16:18:17+08:00,2021-11-15,2021-11-16,ACCEPTABLE,IMPROVING,TURNING_UP,NORMAL,PARTIAL,PROFITABILITY_DURABLE | GROWTH_DURABLE | CASH_CONVERSION_SUPPORTED_NOT_ESTABLISHED | BALANCE_SHEET_RESILIENT | INTEREST_COVERAGE_SUPPORTED | EARLY_REVENUE_RECOVERY | RECOVERY_CORROBORATED | HISTORICAL_VALUATION_NORMAL | SIMPLIFIED_DCF_AVAILABLE | MOPS_SINGLE_ELIGIBLE_FILING,MOPS_EXACT,768b2bec75c0f0cb24624ede0644da0e51f8fd7b6e49d93551e6f8d8f98402b5,True
3665,2021-12-31,2022-03-31T16:35:02+08:00,2022-03-31,2022-04-01,ACCEPTABLE,STABLE,CONFIRMED_GROWTH,NORMAL,PARTIAL,PROFITABILITY_DURABLE | GROWTH_DURABLE | CASH_CONVERSION_SUPPORTED_NOT_ESTABLISHED | BALANCE_SHEET_RESILIENT | INTEREST_COVERAGE_SUPPORTED | GROWTH_CONFIRMED_THREE_PERIODS | HISTORICAL_VALUATION_NORMAL | SIMPLIFIED_DCF_NOT_APPLICABLE | MOPS_SINGLE_ELIGIBLE_FILING,MOPS_EXACT,309b18594b1a22f1e5f375ae236cb6ce9a4f8a7a04e65c5d12a47b190e173138,True
3665,2022-03-31,2022-05-16T15:17:59+08:00,2022-05-16,2022-05-17,WEAK,IMPROVING,TURNING_UP,NORMAL,PARTIAL,PROFITABILITY_DURABLE | GROWTH_DURABLE | CASH_CONVERSION_SUPPORTED_NOT_ESTABLISHED | BALANCE_SHEET_RESILIENT_NOT_ESTABLISHED | INTEREST_COVERAGE_NOT_ESTABLISHED | EARLY_REVENUE_RECOVERY | RECOVERY_CORROBORATED | HISTORICAL_VALUATION_NORMAL | SIMPLIFIED_DCF_NOT_APPLICABLE | MOPS_SINGLE_ELIGIBLE_FILING,MOPS_EXACT,a7c44986f7473eafbe1f64c0c15549f99975b3737ce4168a56b567698c62daa1,True
3665,2022-06-30,2022-08-31T14:10:00+08:00,2022-08-31,2022-09-01,WEAK,IMPROVING,TURNING_UP,NORMAL,PARTIAL,PROFITABILITY_DURABLE | GROWTH_DURABLE | CASH_CONVERSION_SUPPORTED_NOT_ESTABLISHED | BALANCE_SHEET_RESILIENT_NOT_ESTABLISHED | INTEREST_COVERAGE_NOT_ESTABLISHED | EARLY_REVENUE_RECOVERY | RECOVERY_CORROBORATED | HISTORICAL_VALUATION_NORMAL | SIMPLIFIED_DCF_NOT_APPLICABLE | MOPS_SINGLE_ELIGIBLE_FILING,MOPS_EXACT,c0a50689bc68d598648d43bff6d5e0e7b4290defbefaf8a123d200de3251c27c,True
3665,2022-09-30,2022-11-14T13:58:49+08:00,2022-11-14,2022-11-15,WEAK,IMPROVING,TURNING_UP,LOW,PARTIAL,PROFITABILITY_DURABLE | GROWTH_DURABLE | CASH_CONVERSION_SUPPORTED_NOT_ESTABLISHED | BALANCE_SHEET_RESILIENT_NOT_ESTABLISHED | INTEREST_COVERAGE_NOT_ESTABLISHED | EARLY_REVENUE_RECOVERY | RECOVERY_CORROBORATED | HISTORICAL_VALUATION_LOW | SIMPLIFIED_DCF_NOT_APPLICABLE | MOPS_SINGLE_ELIGIBLE_FILING,MOPS_EXACT,59227738f09824e2fd5b2f69d16383b3b96385e76e5d9a7534e58483e487f5c4,True
3665,2022-12-31,2023-03-31T13:52:19+08:00,2023-03-31,2023-04-06,WEAK,IMPROVING,TURNING_UP,LOW,PARTIAL,PROFITABILITY_DURABLE | GROWTH_DURABLE_NOT_ESTABLISHED | CASH_CONVERSION_SUPPORTED_NOT_ESTABLISHED | BALANCE_SHEET_RESILIENT_NOT_ESTABLISHED | INTEREST_COVERAGE_NOT_ESTABLISHED | EARLY_REVENUE_RECOVERY | RECOVERY_CORROBORATED | HISTORICAL_VALUATION_LOW | SIMPLIFIED_DCF_AVAILABLE | MOPS_SINGLE_ELIGIBLE_FILING,MOPS_EXACT,136d64e8d8d293270256cffd2bc6a9df37452814dc7bc8e105d82221bf1c783e,True
3665,2023-03-31,2023-05-15T14:24:13+08:00,2023-05-15,2023-05-16,WEAK,STABLE,MATURE_GROWTH,LOW,OK,PROFITABILITY_DURABLE | GROWTH_DURABLE | CASH_CONVERSION_SUPPORTED_NOT_ESTABLISHED | BALANCE_SHEET_RESILIENT_NOT_ESTABLISHED | INTEREST_COVERAGE_NOT_ESTABLISHED | SUSTAINED_GROWTH_EIGHT_PERIODS | HISTORICAL_VALUATION_LOW | SIMPLIFIED_DCF_AVAILABLE | MOPS_SINGLE_ELIGIBLE_FILING,MOPS_EXACT,4e199961329202833be2fd8225b56fac77159f7d6d3064f7dbbbed03a6cd02ad,True
3665,2023-06-30,2023-08-29T08:39:00+08:00,2023-08-29,2023-08-30,WEAK,STABLE,DECELERATING,LOW,PARTIAL,PROFITABILITY_DURABLE | GROWTH_DURABLE | CASH_CONVERSION_SUPPORTED_NOT_ESTABLISHED | BALANCE_SHEET_RESILIENT_NOT_ESTABLISHED | INTEREST_COVERAGE_NOT_ESTABLISHED | POSITIVE_GROWTH_DECELERATING | HISTORICAL_VALUATION_LOW | SIMPLIFIED_DCF_AVAILABLE | MOPS_SINGLE_ELIGIBLE_FILING,MOPS_EXACT,03f6c3672885e13cc3a8990510241086d9dfdbe7975ae7ebddac45b3063bbad9,True
3665,2023-09-30,2023-11-13T15:18:05+08:00,2023-11-13,2023-11-14,WEAK,DETERIORATING,DETERIORATING,LOW,PARTIAL,PROFITABILITY_DURABLE | GROWTH_DURABLE | CASH_CONVERSION_SUPPORTED | BALANCE_SHEET_RESILIENT_NOT_ESTABLISHED | INTEREST_COVERAGE_NOT_ESTABLISHED | DETERIORATION_CORROBORATED | HISTORICAL_VALUATION_LOW | SIMPLIFIED_DCF_AVAILABLE | MOPS_SINGLE_ELIGIBLE_FILING,MOPS_EXACT,dfa08bb5e74cebb082dc49cd9abf309d54e7f6799a8cde29aa6d431b8caade0f,True
3665,2023-12-31,2024-03-14T10:20:56+08:00,2024-03-14,2024-03-15,WEAK,DETERIORATING,DETERIORATING,LOW,OK,PROFITABILITY_DURABLE | GROWTH_DURABLE | CASH_CONVERSION_SUPPORTED | BALANCE_SHEET_RESILIENT_NOT_ESTABLISHED | INTEREST_COVERAGE_NOT_ESTABLISHED | DETERIORATION_CORROBORATED | HISTORICAL_VALUATION_LOW | SIMPLIFIED_DCF_AVAILABLE | MOPS_SINGLE_ELIGIBLE_FILING,MOPS_EXACT,6ec247516a7278c2ef1ea6fc963d6da9ff773ac50cc920834bd05e587aaae2a6,True
3665,2024-03-31,2024-05-14T15:56:26+08:00,2024-05-14,2024-05-15,ACCEPTABLE,DETERIORATING,DETERIORATING,NORMAL,OK,PROFITABILITY_DURABLE | GROWTH_DURABLE_NOT_ESTABLISHED | CASH_CONVERSION_SUPPORTED | BALANCE_SHEET_RESILIENT | INTEREST_COVERAGE_SUPPORTED | DETERIORATION_CORROBORATED | HISTORICAL_VALUATION_NORMAL | SIMPLIFIED_DCF_AVAILABLE | MOPS_SINGLE_ELIGIBLE_FILING,MOPS_EXACT,c6a2fc6e0c50aa064a56ed5a7b27a970342f2af5eda22eb480e77ed06f61fc87,True
3665,2024-06-30,2024-08-29T09:19:00+08:00,2024-08-29,2024-08-30,WEAK,UNKNOWN,UNKNOWN,NORMAL,OK,PROFITABILITY_DURABLE | GROWTH_DURABLE | CASH_CONVERSION_SUPPORTED | BALANCE_SHEET_RESILIENT_NOT_ESTABLISHED | INTEREST_COVERAGE_NOT_ESTABLISHED | MIXED_FUNDAMENTAL_DIRECTION | HISTORICAL_VALUATION_NORMAL | SIMPLIFIED_DCF_AVAILABLE | MOPS_SINGLE_ELIGIBLE_FILING,MOPS_EXACT,b2f67bcd7bc46dfc6b0226a0767acf91e3d1e8df1ea026220d94fa4c843239fc,True
3665,2024-09-30,2024-11-08T14:37:36+08:00,2024-11-08,2024-11-11,GOOD,IMPROVING,BOTTOMING,NORMAL,OK,PROFITABILITY_DURABLE | GROWTH_DURABLE | CASH_CONVERSION_SUPPORTED | BALANCE_SHEET_RESILIENT | INTEREST_COVERAGE_SUPPORTED | REVENUE_CONTRACTION_NARROWING | RECOVERY_CORROBORATED | HISTORICAL_VALUATION_NORMAL | SIMPLIFIED_DCF_AVAILABLE | MOPS_SINGLE_ELIGIBLE_FILING,MOPS_EXACT,a2a447e3fab5d37c58efd9b99deee1cf85455b5ad1c1e03a38a31aa07f38d9d6,True
3665,2024-12-31,2025-03-13T10:06:52+08:00,2025-03-13,2025-03-14,GOOD,IMPROVING,TURNING_UP,NORMAL,OK,PROFITABILITY_DURABLE | GROWTH_DURABLE | CASH_CONVERSION_SUPPORTED | BALANCE_SHEET_RESILIENT | INTEREST_COVERAGE_SUPPORTED | EARLY_REVENUE_RECOVERY | RECOVERY_CORROBORATED | HISTORICAL_VALUATION_NORMAL | SIMPLIFIED_DCF_AVAILABLE | MOPS_SINGLE_ELIGIBLE_FILING,MOPS_EXACT,f4f4dd10b28f9c375a3085662a1601a34a8a40881e165115afdd938e81103b9f,True
3665,2025-03-31,2025-05-14T16:27:14+08:00,2025-05-14,2025-05-15,GOOD,IMPROVING,TURNING_UP,HIGH,OK,PROFITABILITY_DURABLE | GROWTH_DURABLE | CASH_CONVERSION_SUPPORTED | BALANCE_SHEET_RESILIENT | INTEREST_COVERAGE_SUPPORTED | EARLY_REVENUE_RECOVERY | RECOVERY_CORROBORATED | HISTORICAL_VALUATION_HIGH | SIMPLIFIED_DCF_AVAILABLE | MOPS_SINGLE_ELIGIBLE_FILING,MOPS_EXACT,e598e7b4b400914e0693a25eaa022749d9049b719186245d46ee4c73c76ec516,True
3665,2025-06-30,2025-08-20T14:24:09+08:00,2025-08-20,2025-08-21,GOOD,IMPROVING,TURNING_UP,HIGH,OK,PROFITABILITY_DURABLE | GROWTH_DURABLE | CASH_CONVERSION_SUPPORTED | BALANCE_SHEET_RESILIENT | INTEREST_COVERAGE_SUPPORTED | EARLY_REVENUE_RECOVERY | RECOVERY_CORROBORATED | HISTORICAL_VALUATION_HIGH | SIMPLIFIED_DCF_AVAILABLE | MOPS_SINGLE_ELIGIBLE_FILING,MOPS_EXACT,5a592f72b0865fe266375990ede928d3c0e47854d95211fc7cc6451606f50212,True
3665,2025-09-30,2025-11-11T10:12:30+08:00,2025-11-11,2025-11-12,WEAK,IMPROVING,TURNING_UP,HIGH,OK,PROFITABILITY_DURABLE | GROWTH_DURABLE | CASH_CONVERSION_SUPPORTED | BALANCE_SHEET_RESILIENT_NOT_ESTABLISHED | INTEREST_COVERAGE_NOT_ESTABLISHED | EARLY_REVENUE_RECOVERY | RECOVERY_CORROBORATED | HISTORICAL_VALUATION_HIGH | SIMPLIFIED_DCF_AVAILABLE | MOPS_SINGLE_ELIGIBLE_FILING,MOPS_EXACT,f2016703963f50380783d0d0c54d1388adb6387c7653dc3d10e1714ec531b5ee,True
3665,2025-12-31,2026-03-13T15:23:37+08:00,2026-03-13,2026-03-16,GOOD,IMPROVING,TURNING_UP,HIGH,OK,PROFITABILITY_DURABLE | GROWTH_DURABLE | CASH_CONVERSION_SUPPORTED | BALANCE_SHEET_RESILIENT | INTEREST_COVERAGE_SUPPORTED | EARLY_REVENUE_RECOVERY | RECOVERY_CORROBORATED | HISTORICAL_VALUATION_HIGH | SIMPLIFIED_DCF_AVAILABLE | MOPS_SINGLE_ELIGIBLE_FILING,MOPS_EXACT,72b5f49e0f8d70fa647cda2ee7dfe947ddd588c7ce8bc79f94fb0718ac66e605,True
3665,2026-03-31,2026-05-14T15:30:20+08:00,2026-05-14,2026-05-15,WEAK,STABLE,CONFIRMED_GROWTH,HIGH,OK,PROFITABILITY_DURABLE | GROWTH_DURABLE | CASH_CONVERSION_SUPPORTED | BALANCE_SHEET_RESILIENT_NOT_ESTABLISHED | INTEREST_COVERAGE_NOT_ESTABLISHED | GROWTH_CONFIRMED_THREE_PERIODS | HISTORICAL_VALUATION_HIGH | SIMPLIFIED_DCF_AVAILABLE | MOPS_SINGLE_ELIGIBLE_FILING,MOPS_EXACT,1761e9ae469872cd0bc315db676312cbe56145831071b5a4eaa3022f8d910409,True
3665,2026-06-30,2026-08-25T13:56:04+08:00,2026-08-25,2026-08-26,WEAK,STABLE,CONFIRMED_GROWTH,HIGH,PARTIAL,PROFITABILITY_DURABLE | GROWTH_DURABLE | CASH_CONVERSION_SUPPORTED | BALANCE_SHEET_RESILIENT_NOT_ESTABLISHED | INTEREST_COVERAGE_NOT_ESTABLISHED | GROWTH_CONFIRMED_THREE_PERIODS | HISTORICAL_VALUATION_HIGH | SIMPLIFIED_DCF_AVAILABLE | MOPS_SINGLE_ELIGIBLE_FILING,MOPS_EXACT,b3f4c63271c4119f3f0d3db2b18c87c66b41cf600fd07408f90230926c7492c0,True
3711,2017-06-30,,2017-08-29,2017-08-30,UNKNOWN,UNKNOWN,UNKNOWN,N/M,INSUFFICIENT,QUALITY_HISTORY_INSUFFICIENT | STATE_HISTORY_INSUFFICIENT | VALUATION_HISTORY_MISSING | MOPS_GENUINELY_UNMATCHED | AVAILABLE_DATE_PROXY,AVAILABLE_DATE_PROXY,921090bcb31f139bb245b57f6d9222bb6be460acebc61a87790817a68df337ab,True
3711,2017-09-30,,2017-11-29,2017-11-30,UNKNOWN,UNKNOWN,UNKNOWN,N/M,INSUFFICIENT,QUALITY_HISTORY_INSUFFICIENT | STATE_HISTORY_INSUFFICIENT | VALUATION_HISTORY_MISSING | MOPS_GENUINELY_UNMATCHED | AVAILABLE_DATE_PROXY,AVAILABLE_DATE_PROXY,b6a524df854b7dca76bdec385abfccb9bb24cd8249bd7772992a2eedbc16f4fb,True
3711,2017-12-31,,2018-03-31,2018-04-02,UNKNOWN,UNKNOWN,UNKNOWN,N/M,INSUFFICIENT,QUALITY_HISTORY_INSUFFICIENT | STATE_HISTORY_INSUFFICIENT | VALUATION_HISTORY_MISSING | MOPS_GENUINELY_UNMATCHED | AVAILABLE_DATE_PROXY,AVAILABLE_DATE_PROXY,3158b62fdea184d2684e4c3d4ab52442b42a295e885c6aef161a071aab2ba0c5,True
3711,2018-03-31,,2018-05-30,2018-05-31,UNKNOWN,UNKNOWN,UNKNOWN,N/M,INSUFFICIENT,QUALITY_HISTORY_INSUFFICIENT | STATE_HISTORY_INSUFFICIENT | NONPOSITIVE_OR_MISSING_PE | SIMPLIFIED_DCF_NOT_APPLICABLE | MOPS_GENUINELY_UNMATCHED | AVAILABLE_DATE_PROXY,AVAILABLE_DATE_PROXY,75c8f1a8d8d1207a6c31ac1c2e84fa70b668c6b652a9e4f2598e68b85625ef03,True
3711,2018-06-30,2018-08-13T15:05:17+08:00,2018-08-13,2018-08-14,UNKNOWN,UNKNOWN,UNKNOWN,N/M,INSUFFICIENT,QUALITY_HISTORY_INSUFFICIENT | STATE_HISTORY_INSUFFICIENT | NONPOSITIVE_OR_MISSING_PE | SIMPLIFIED_DCF_NOT_APPLICABLE | MOPS_SINGLE_ELIGIBLE_FILING,MOPS_EXACT,eec66a593535c44141db009d96e8ede42c01a79d5688c157dabf533fe71ba207,True
3711,2018-09-30,2018-11-09T15:08:45+08:00,2018-11-09,2018-11-12,UNKNOWN,UNKNOWN,UNKNOWN,N/M,INSUFFICIENT,QUALITY_HISTORY_INSUFFICIENT | STATE_HISTORY_INSUFFICIENT | NONPOSITIVE_OR_MISSING_PE | SIMPLIFIED_DCF_NOT_APPLICABLE | MOPS_SINGLE_ELIGIBLE_FILING,MOPS_EXACT,0d21fbbc5a4fb48b1d419a47482cebf7808c6f38d463616fe80a347ce0b7d3f3,True
3711,2018-12-31,2019-02-27T18:13:51+08:00,2019-02-27,2019-03-04,UNKNOWN,UNKNOWN,UNKNOWN,N/M,INSUFFICIENT,QUALITY_HISTORY_INSUFFICIENT | STATE_HISTORY_INSUFFICIENT | NONPOSITIVE_OR_MISSING_PE | SIMPLIFIED_DCF_NOT_APPLICABLE | MOPS_CONSOLIDATED_PREFERRED_OVER_INDIVIDUAL,MOPS_EXACT,720e6946089c9604cf7fe9254192af9abe257a75f70ba5a9dc797ea29aca855d,True
3711,2019-03-31,2019-05-13T15:56:31+08:00,2019-05-13,2019-05-14,UNKNOWN,UNKNOWN,UNKNOWN,NORMAL,INSUFFICIENT,QUALITY_HISTORY_INSUFFICIENT | STATE_HISTORY_INSUFFICIENT | HISTORICAL_VALUATION_NORMAL | SIMPLIFIED_DCF_AVAILABLE | MOPS_SINGLE_ELIGIBLE_FILING,MOPS_EXACT,613f611549615824e0c937d67676e321ea4d932f9912a48a684255a9c881004d,True
3711,2019-06-30,2019-08-13T15:53:38+08:00,2019-08-13,2019-08-14,UNKNOWN,UNKNOWN,UNKNOWN,NORMAL,INSUFFICIENT,QUALITY_HISTORY_INSUFFICIENT | STATE_HISTORY_INSUFFICIENT | HISTORICAL_VALUATION_NORMAL | SIMPLIFIED_DCF_AVAILABLE | MOPS_SINGLE_ELIGIBLE_FILING,MOPS_EXACT,280b46a7e8345df8c7f09ea19adc766f7f7e3cb97e31965c407e5ace0be4146d,True
3711,2019-09-30,2019-11-11T17:19:46+08:00,2019-11-11,2019-11-12,UNKNOWN,UNKNOWN,UNKNOWN,HIGH,INSUFFICIENT,QUALITY_HISTORY_INSUFFICIENT | STATE_HISTORY_INSUFFICIENT | HISTORICAL_VALUATION_HIGH | SIMPLIFIED_DCF_AVAILABLE | MOPS_SINGLE_ELIGIBLE_FILING,MOPS_EXACT,ac346665bdffdce364e7387977bb1384f596d15162293cf7fb3c4dcc9d154b2c,True
3711,2019-12-31,2020-03-10T16:10:28+08:00,2020-03-10,2020-03-11,UNKNOWN,UNKNOWN,UNKNOWN,NORMAL,INSUFFICIENT,QUALITY_HISTORY_INSUFFICIENT | STATE_INPUT_MISSING | HISTORICAL_VALUATION_NORMAL | SIMPLIFIED_DCF_AVAILABLE | MOPS_CONSOLIDATED_PREFERRED_OVER_INDIVIDUAL,MOPS_EXACT,17f6acd888ee584a78f9a4b833bbca8bfcfa9c2193096c7f2d3bccd07e420337,True
3711,2020-03-31,2020-05-07T15:22:58+08:00,2020-05-07,2020-05-08,UNKNOWN,UNKNOWN,UNKNOWN,NORMAL,INSUFFICIENT,METRIC_COVERAGE_INSUFFICIENT_TTM_REVENUE | METRIC_COVERAGE_INSUFFICIENT_TTM_EPS | METRIC_COVERAGE_INSUFFICIENT_ROE | METRIC_COVERAGE_INSUFFICIENT_ROIC | METRIC_COVERAGE_INSUFFICIENT_TTM_CFO | METRIC_COVERAGE_INSUFFICIENT_TTM_FCF | STATE_INPUT_MISSING | HISTORICAL_VALUATION_NORMAL | SIMPLIFIED_DCF_NOT_APPLICABLE | MOPS_SINGLE_ELIGIBLE_FILING,MOPS_EXACT,a2b276aa9c57447cb0d9f80858cfc81a20cdb0eff1b61060aef8df0cff4f2139,True
3711,2020-06-30,2020-08-06T17:08:37+08:00,2020-08-06,2020-08-07,UNKNOWN,IMPROVING,TURNING_UP,NORMAL,INSUFFICIENT,METRIC_COVERAGE_INSUFFICIENT_TTM_REVENUE | METRIC_COVERAGE_INSUFFICIENT_TTM_EPS | METRIC_COVERAGE_INSUFFICIENT_ROE | METRIC_COVERAGE_INSUFFICIENT_ROIC | METRIC_COVERAGE_INSUFFICIENT_TTM_CFO | METRIC_COVERAGE_INSUFFICIENT_TTM_FCF | EARLY_REVENUE_RECOVERY | RECOVERY_CORROBORATED | HISTORICAL_VALUATION_NORMAL | SIMPLIFIED_DCF_NOT_APPLICABLE | MOPS_SINGLE_ELIGIBLE_FILING,MOPS_EXACT,d83b53a4cad0f90c8f47fc6a5936c30c07e93fe8d54d2a0e77cb33b43a048488,True
3711,2020-09-30,2020-11-04T16:30:57+08:00,2020-11-04,2020-11-05,UNKNOWN,UNKNOWN,UNKNOWN,NORMAL,INSUFFICIENT,METRIC_COVERAGE_INSUFFICIENT_TTM_REVENUE | METRIC_COVERAGE_INSUFFICIENT_TTM_EPS | METRIC_COVERAGE_INSUFFICIENT_ROE | METRIC_COVERAGE_INSUFFICIENT_ROIC | METRIC_COVERAGE_INSUFFICIENT_TTM_CFO | METRIC_COVERAGE_INSUFFICIENT_TTM_FCF | MIXED_FUNDAMENTAL_DIRECTION | HISTORICAL_VALUATION_NORMAL | SIMPLIFIED_DCF_NOT_APPLICABLE | MOPS_SINGLE_ELIGIBLE_FILING,MOPS_EXACT,3abda6cb50e6ac4a39ca415ce1299a5e2fd82a4b1edf6cecb2c5a6ec0881523b,True
3711,2020-12-31,2021-02-26T19:14:47+08:00,2021-02-26,2021-03-02,UNKNOWN,STABLE,CONFIRMED_GROWTH,NORMAL,INSUFFICIENT,METRIC_COVERAGE_INSUFFICIENT_TTM_REVENUE | METRIC_COVERAGE_INSUFFICIENT_TTM_EPS | METRIC_COVERAGE_INSUFFICIENT_ROE | METRIC_COVERAGE_INSUFFICIENT_ROIC | METRIC_COVERAGE_INSUFFICIENT_TTM_CFO | METRIC_COVERAGE_INSUFFICIENT_TTM_FCF | GROWTH_CONFIRMED_THREE_PERIODS | HISTORICAL_VALUATION_NORMAL | SIMPLIFIED_DCF_NOT_APPLICABLE | MOPS_CONSOLIDATED_PREFERRED_OVER_INDIVIDUAL,MOPS_EXACT,0e301d9529302a18bf9d2f8615d8b9d489a8f1d2ea7923e2efcd8f61c73b9cc1,True
3711,2021-03-31,2021-05-07T17:17:13+08:00,2021-05-07,2021-05-10,UNKNOWN,IMPROVING,TURNING_UP,NORMAL,INSUFFICIENT,METRIC_COVERAGE_INSUFFICIENT_TTM_REVENUE | METRIC_COVERAGE_INSUFFICIENT_TTM_EPS | METRIC_COVERAGE_INSUFFICIENT_ROE | METRIC_COVERAGE_INSUFFICIENT_ROIC | METRIC_COVERAGE_INSUFFICIENT_TTM_FCF | EARLY_REVENUE_RECOVERY | RECOVERY_CORROBORATED | HISTORICAL_VALUATION_NORMAL | SIMPLIFIED_DCF_NOT_APPLICABLE | MOPS_SINGLE_ELIGIBLE_FILING,MOPS_EXACT,907a3e8322921350ecaab1e8b09a96e44478f4e507676b1ca37935f6fe6531ae,True
3711,2021-06-30,2021-08-06T17:24:31+08:00,2021-08-06,2021-08-09,UNKNOWN,STABLE,CONFIRMED_GROWTH,NORMAL,INSUFFICIENT,METRIC_COVERAGE_INSUFFICIENT_TTM_REVENUE | METRIC_COVERAGE_INSUFFICIENT_TTM_EPS | METRIC_COVERAGE_INSUFFICIENT_ROE | METRIC_COVERAGE_INSUFFICIENT_ROIC | METRIC_COVERAGE_INSUFFICIENT_TTM_FCF | GROWTH_CONFIRMED_THREE_PERIODS | HISTORICAL_VALUATION_NORMAL | SIMPLIFIED_DCF_AVAILABLE | MOPS_SINGLE_ELIGIBLE_FILING,MOPS_EXACT,4877d04d8e52fbaee6776a019550e744318cc638b4e821ed55dfe5439de62273,True
3711,2021-09-30,2021-11-05T16:55:15+08:00,2021-11-05,2021-11-08,UNKNOWN,STABLE,CONFIRMED_GROWTH,LOW,INSUFFICIENT,METRIC_COVERAGE_INSUFFICIENT_TTM_REVENUE | METRIC_COVERAGE_INSUFFICIENT_TTM_EPS | METRIC_COVERAGE_INSUFFICIENT_ROE | METRIC_COVERAGE_INSUFFICIENT_ROIC | METRIC_COVERAGE_INSUFFICIENT_TTM_FCF | GROWTH_CONFIRMED_THREE_PERIODS | HISTORICAL_VALUATION_LOW | SIMPLIFIED_DCF_AVAILABLE | MOPS_SINGLE_ELIGIBLE_FILING,MOPS_EXACT,772b24c9bad6f35906a2c385f3cd2a201600c021694daa6a35a04eb9b18a0e9b,True
3711,2021-12-31,2022-02-25T18:30:14+08:00,2022-02-25,2022-03-01,UNKNOWN,STABLE,CONFIRMED_GROWTH,LOW,INSUFFICIENT,METRIC_COVERAGE_INSUFFICIENT_TTM_REVENUE | METRIC_COVERAGE_INSUFFICIENT_TTM_EPS | METRIC_COVERAGE_INSUFFICIENT_ROE | METRIC_COVERAGE_INSUFFICIENT_ROIC | METRIC_COVERAGE_INSUFFICIENT_TTM_FCF | GROWTH_CONFIRMED_THREE_PERIODS | HISTORICAL_VALUATION_LOW | SIMPLIFIED_DCF_AVAILABLE | MOPS_CONSOLIDATED_PREFERRED_OVER_INDIVIDUAL,MOPS_EXACT,6649b16a6a0bd62b141070194694334a4d727e3962c4ae4eec7db063b1c10ef0,True
3711,2022-03-31,2022-05-06T17:57:46+08:00,2022-05-06,2022-05-09,UNKNOWN,STABLE,MATURE_GROWTH,LOW,INSUFFICIENT,METRIC_COVERAGE_INSUFFICIENT_TTM_REVENUE | METRIC_COVERAGE_INSUFFICIENT_TTM_EPS | METRIC_COVERAGE_INSUFFICIENT_ROE | METRIC_COVERAGE_INSUFFICIENT_ROIC | METRIC_COVERAGE_INSUFFICIENT_TTM_FCF | SUSTAINED_GROWTH_EIGHT_PERIODS | HISTORICAL_VALUATION_LOW | SIMPLIFIED_DCF_AVAILABLE | MOPS_SINGLE_ELIGIBLE_FILING,MOPS_EXACT,e59991255a242e6f0bda19c03e70069e607527ff50fb63d523a0081bceb0d2e1,True
3711,2022-06-30,2022-08-05T17:17:37+08:00,2022-08-05,2022-08-08,UNKNOWN,STABLE,MATURE_GROWTH,LOW,INSUFFICIENT,METRIC_COVERAGE_INSUFFICIENT_TTM_REVENUE | METRIC_COVERAGE_INSUFFICIENT_TTM_EPS | METRIC_COVERAGE_INSUFFICIENT_ROE | METRIC_COVERAGE_INSUFFICIENT_ROIC | METRIC_COVERAGE_INSUFFICIENT_TTM_FCF | SUSTAINED_GROWTH_EIGHT_PERIODS | HISTORICAL_VALUATION_LOW | SIMPLIFIED_DCF_AVAILABLE | MOPS_SINGLE_ELIGIBLE_FILING,MOPS_EXACT,6e2b7b41355e029b05b1eb37e124f2e6035a9c72a6c70e738483a12fe59ed60e,True
3711,2022-09-30,2022-11-03T18:50:22+08:00,2022-11-03,2022-11-04,UNKNOWN,IMPROVING,TURNING_UP,LOW,INSUFFICIENT,METRIC_COVERAGE_INSUFFICIENT_TTM_REVENUE | METRIC_COVERAGE_INSUFFICIENT_TTM_EPS | METRIC_COVERAGE_INSUFFICIENT_TTM_FCF | EARLY_REVENUE_RECOVERY | RECOVERY_CORROBORATED | HISTORICAL_VALUATION_LOW | SIMPLIFIED_DCF_AVAILABLE | MOPS_SINGLE_ELIGIBLE_FILING,MOPS_EXACT,c3bf588c5d0ee438238e4a87a74350dda71b6a13d28853403d68e6109dbfe480,True
3711,2022-12-31,2023-02-22T17:34:49+08:00,2023-02-22,2023-02-23,WEAK,UNKNOWN,UNKNOWN,LOW,OK,PROFITABILITY_DURABLE | GROWTH_DURABLE | CASH_CONVERSION_SUPPORTED | BALANCE_SHEET_RESILIENT_NOT_ESTABLISHED | INTEREST_COVERAGE_NOT_ESTABLISHED | MIXED_FUNDAMENTAL_DIRECTION | HISTORICAL_VALUATION_LOW | SIMPLIFIED_DCF_AVAILABLE | MOPS_CONSOLIDATED_PREFERRED_OVER_INDIVIDUAL,MOPS_EXACT,5c80a553f385f4088f34b05b24a8fa5a6ca9c018793d4aad4d31e177cce09633,True
3711,2023-03-31,2023-05-09T16:55:27+08:00,2023-05-09,2023-05-10,WEAK,DETERIORATING,DETERIORATING,NORMAL,OK,PROFITABILITY_DURABLE | GROWTH_DURABLE | CASH_CONVERSION_SUPPORTED | BALANCE_SHEET_RESILIENT_NOT_ESTABLISHED | INTEREST_COVERAGE_NOT_ESTABLISHED | DETERIORATION_CORROBORATED | HISTORICAL_VALUATION_NORMAL | SIMPLIFIED_DCF_AVAILABLE | MOPS_SINGLE_ELIGIBLE_FILING,MOPS_EXACT,8732dc91e1416286556a668b76868c30dc1a18bc18b76e9f947432dc2de3576b,True
3711,2023-06-30,2023-08-10T17:18:55+08:00,2023-08-10,2023-08-11,WEAK,DETERIORATING,DETERIORATING,NORMAL,OK,PROFITABILITY_DURABLE | GROWTH_DURABLE | CASH_CONVERSION_SUPPORTED | BALANCE_SHEET_RESILIENT_NOT_ESTABLISHED | INTEREST_COVERAGE_NOT_ESTABLISHED | DETERIORATION_CORROBORATED | HISTORICAL_VALUATION_NORMAL | SIMPLIFIED_DCF_AVAILABLE | MOPS_SINGLE_ELIGIBLE_FILING,MOPS_EXACT,e54f205b4d91943fdbf0d133103d0264796c367aa0959e3a77a22dea67b4e83e,True
3711,2023-09-30,2023-11-07T16:02:43+08:00,2023-11-07,2023-11-08,WEAK,DETERIORATING,DETERIORATING,NORMAL,OK,PROFITABILITY_DURABLE | GROWTH_DURABLE | CASH_CONVERSION_SUPPORTED | BALANCE_SHEET_RESILIENT_NOT_ESTABLISHED | INTEREST_COVERAGE_NOT_ESTABLISHED | DETERIORATION_CORROBORATED | HISTORICAL_VALUATION_NORMAL | SIMPLIFIED_DCF_AVAILABLE | MOPS_SINGLE_ELIGIBLE_FILING,MOPS_EXACT,26a9f04cab6532f277d01ab39078c6fca44ff1b0dbf082942ac0aa37df9d998a,True
3711,2023-12-31,2024-02-26T18:23:41+08:00,2024-02-26,2024-02-27,WEAK,DETERIORATING,DETERIORATING,HIGH,OK,PROFITABILITY_DURABLE | GROWTH_DURABLE | CASH_CONVERSION_SUPPORTED | BALANCE_SHEET_RESILIENT_NOT_ESTABLISHED | INTEREST_COVERAGE_NOT_ESTABLISHED | DETERIORATION_CORROBORATED | HISTORICAL_VALUATION_HIGH | SIMPLIFIED_DCF_AVAILABLE | MOPS_CONSOLIDATED_PREFERRED_OVER_INDIVIDUAL,MOPS_EXACT,8948f86aa45e477513a5f4ef556fa81c3cb7d765453bce952863e1f9202fa372,True
3711,2024-03-31,2024-05-10T17:24:25+08:00,2024-05-10,2024-05-13,WEAK,UNKNOWN,UNKNOWN,HIGH,OK,PROFITABILITY_DURABLE | GROWTH_DURABLE_NOT_ESTABLISHED | CASH_CONVERSION_SUPPORTED | BALANCE_SHEET_RESILIENT_NOT_ESTABLISHED | INTEREST_COVERAGE_NOT_ESTABLISHED | MIXED_FUNDAMENTAL_DIRECTION | HISTORICAL_VALUATION_HIGH | SIMPLIFIED_DCF_AVAILABLE | MOPS_SINGLE_ELIGIBLE_FILING,MOPS_EXACT,365df168aa197078b6d90d0ae9e32c094b0a3e36bfa54cb1d8d9edab5900396b,True
3711,2024-06-30,2024-08-09T17:29:59+08:00,2024-08-09,2024-08-12,WEAK,IMPROVING,BOTTOMING,HIGH,OK,PROFITABILITY_DURABLE | GROWTH_DURABLE_NOT_ESTABLISHED | CASH_CONVERSION_SUPPORTED | BALANCE_SHEET_RESILIENT_NOT_ESTABLISHED | INTEREST_COVERAGE_NOT_ESTABLISHED | REVENUE_CONTRACTION_NARROWING | RECOVERY_CORROBORATED | HISTORICAL_VALUATION_HIGH | SIMPLIFIED_DCF_AVAILABLE | MOPS_SINGLE_ELIGIBLE_FILING,MOPS_EXACT,54a1cc325dc87104a71ce49a4a9395555fa2292e59875b917c4193af88d3c9a6,True
3711,2024-09-30,2024-11-06T17:33:56+08:00,2024-11-06,2024-11-07,WEAK,IMPROVING,BOTTOMING,HIGH,OK,PROFITABILITY_DURABLE | GROWTH_DURABLE_NOT_ESTABLISHED | CASH_CONVERSION_SUPPORTED | BALANCE_SHEET_RESILIENT_NOT_ESTABLISHED | INTEREST_COVERAGE_NOT_ESTABLISHED | REVENUE_CONTRACTION_NARROWING | RECOVERY_CORROBORATED | HISTORICAL_VALUATION_HIGH | SIMPLIFIED_DCF_AVAILABLE | MOPS_SINGLE_ELIGIBLE_FILING,MOPS_EXACT,bcd84c84e5ab76222e439206806534eb19ea0d51b84d9bfbc3ca01da054d1e5a,True
3711,2024-12-31,2025-02-24T18:21:28+08:00,2025-02-24,2025-02-25,WEAK,IMPROVING,TURNING_UP,HIGH,PARTIAL,PROFITABILITY_DURABLE | GROWTH_DURABLE_NOT_ESTABLISHED | CASH_CONVERSION_SUPPORTED | BALANCE_SHEET_RESILIENT_NOT_ESTABLISHED | INTEREST_COVERAGE_NOT_ESTABLISHED | EARLY_REVENUE_RECOVERY | RECOVERY_CORROBORATED | HISTORICAL_VALUATION_HIGH | SIMPLIFIED_DCF_AVAILABLE | MOPS_CONSOLIDATED_PREFERRED_OVER_INDIVIDUAL,MOPS_EXACT,faf2795bf8117988b6ae56c2f31426b0b5ee16c8aa0e27a5e3d8a1ea76ccd126,True
3711,2025-03-31,2025-05-12T17:58:14+08:00,2025-05-12,2025-05-13,WEAK,IMPROVING,TURNING_UP,NORMAL,PARTIAL,PROFITABILITY_DURABLE | GROWTH_DURABLE_NOT_ESTABLISHED | CASH_CONVERSION_SUPPORTED | BALANCE_SHEET_RESILIENT_NOT_ESTABLISHED | INTEREST_COVERAGE_NOT_ESTABLISHED | EARLY_REVENUE_RECOVERY | RECOVERY_CORROBORATED | HISTORICAL_VALUATION_NORMAL | SIMPLIFIED_DCF_NOT_APPLICABLE | MOPS_SINGLE_ELIGIBLE_FILING,MOPS_EXACT,6e2e6a82531998f09e774f0ac7c1d7b00c71a6f432ece4e85614c01630f1aec0,True
3711,2025-06-30,2025-08-11T17:10:46+08:00,2025-08-11,2025-08-12,WEAK,STABLE,CONFIRMED_GROWTH,HIGH,OK,PROFITABILITY_DURABLE | GROWTH_DURABLE_NOT_ESTABLISHED | CASH_CONVERSION_SUPPORTED | BALANCE_SHEET_RESILIENT_NOT_ESTABLISHED | INTEREST_COVERAGE_NOT_ESTABLISHED | GROWTH_CONFIRMED_THREE_PERIODS | HISTORICAL_VALUATION_HIGH | SIMPLIFIED_DCF_NOT_APPLICABLE | MOPS_SINGLE_ELIGIBLE_FILING,MOPS_EXACT,e6117e7f48441063247652172706a022c5ed50dfeb2a9ff25c8a189149dbb577,True
3711,2025-09-30,2025-11-10T18:11:33+08:00,2025-11-10,2025-11-11,WEAK,IMPROVING,TURNING_UP,HIGH,OK,PROFITABILITY_DURABLE | GROWTH_DURABLE_NOT_ESTABLISHED | CASH_CONVERSION_SUPPORTED | BALANCE_SHEET_RESILIENT_NOT_ESTABLISHED | INTEREST_COVERAGE_NOT_ESTABLISHED | EARLY_REVENUE_RECOVERY | RECOVERY_CORROBORATED | HISTORICAL_VALUATION_HIGH | SIMPLIFIED_DCF_NOT_APPLICABLE | MOPS_SINGLE_ELIGIBLE_FILING,MOPS_EXACT,5609b0b14dd67f6370b4683712b7958e610b911d76f772345af88c371bd09c89,True
3711,2025-12-31,2026-03-09T18:14:24+08:00,2026-03-09,2026-03-10,WEAK,IMPROVING,TURNING_UP,HIGH,OK,PROFITABILITY_DURABLE | GROWTH_DURABLE_NOT_ESTABLISHED | CASH_CONVERSION_SUPPORTED | BALANCE_SHEET_RESILIENT_NOT_ESTABLISHED | INTEREST_COVERAGE_NOT_ESTABLISHED | EARLY_REVENUE_RECOVERY | RECOVERY_CORROBORATED | HISTORICAL_VALUATION_HIGH | SIMPLIFIED_DCF_NOT_APPLICABLE | MOPS_CONSOLIDATED_PREFERRED_OVER_INDIVIDUAL,MOPS_EXACT,9f10376dd53d6d47c360bb9566172373163b964d40c6645f60f84b1b353cd464,True
3711,2026-03-31,2026-05-12T17:43:23+08:00,2026-05-12,2026-05-13,WEAK,IMPROVING,TURNING_UP,HIGH,OK,PROFITABILITY_DURABLE | GROWTH_DURABLE_NOT_ESTABLISHED | CASH_CONVERSION_SUPPORTED | BALANCE_SHEET_RESILIENT_NOT_ESTABLISHED | INTEREST_COVERAGE_NOT_ESTABLISHED | EARLY_REVENUE_RECOVERY | RECOVERY_CORROBORATED | HISTORICAL_VALUATION_HIGH | SIMPLIFIED_DCF_NOT_APPLICABLE | MOPS_SINGLE_ELIGIBLE_FILING,MOPS_EXACT,9025878f6ba25c678c13e2967e977afc2f1307d084f887b3a5437413c7cd439b,True
3711,2026-06-30,2026-08-10T18:00:27+08:00,2026-08-10,2026-08-11,WEAK,IMPROVING,TURNING_UP,HIGH,OK,PROFITABILITY_DURABLE | GROWTH_DURABLE | CASH_CONVERSION_SUPPORTED | BALANCE_SHEET_RESILIENT_NOT_ESTABLISHED | INTEREST_COVERAGE_NOT_ESTABLISHED | EARLY_REVENUE_RECOVERY | RECOVERY_CORROBORATED | HISTORICAL_VALUATION_HIGH | SIMPLIFIED_DCF_NOT_APPLICABLE | MOPS_SINGLE_ELIGIBLE_FILING,MOPS_EXACT,b52317d39cbf734dd67232b60b5af49ee84d3ab69a063e700602c14415d113f9,True
4904,2016-03-31,2016-04-29T20:44:54+08:00,2016-04-29,2016-05-03,UNKNOWN,UNKNOWN,UNKNOWN,N/M,INSUFFICIENT,QUALITY_HISTORY_INSUFFICIENT | STATE_HISTORY_INSUFFICIENT | VALUATION_HISTORY_INSUFFICIENT | SIMPLIFIED_DCF_NOT_APPLICABLE | MOPS_SINGLE_ELIGIBLE_FILING,MOPS_EXACT,a5f1ebc8e1723de9b87c7c4fd7cdc0b2809d3d086fc1d6db331ad9fc0f77db3a,True
4904,2016-06-30,2016-07-29T14:35:22+08:00,2016-07-29,2016-08-01,UNKNOWN,UNKNOWN,UNKNOWN,NORMAL,INSUFFICIENT,QUALITY_HISTORY_INSUFFICIENT | STATE_HISTORY_INSUFFICIENT | HISTORICAL_VALUATION_NORMAL | SIMPLIFIED_DCF_NOT_APPLICABLE | MOPS_SINGLE_ELIGIBLE_FILING,MOPS_EXACT,619dad414d06227b2a0482867b4dedeaa40b2602f7cb45ab147c395f366050f7,True
4904,2016-09-30,2016-11-04T18:51:54+08:00,2016-11-04,2016-11-07,UNKNOWN,UNKNOWN,UNKNOWN,NORMAL,INSUFFICIENT,QUALITY_HISTORY_INSUFFICIENT | STATE_HISTORY_INSUFFICIENT | HISTORICAL_VALUATION_NORMAL | SIMPLIFIED_DCF_NOT_APPLICABLE | MOPS_SINGLE_ELIGIBLE_FILING,MOPS_EXACT,625be2c8f305457bda16de27103905c1e1962eba706bc1ec36a84f29b8ff42d2,True
4904,2016-12-31,2017-02-16T20:32:12+08:00,2017-02-16,2017-02-17,UNKNOWN,UNKNOWN,UNKNOWN,NORMAL,INSUFFICIENT,QUALITY_HISTORY_INSUFFICIENT | STATE_HISTORY_INSUFFICIENT | HISTORICAL_VALUATION_NORMAL | SIMPLIFIED_DCF_AVAILABLE | MOPS_CONSOLIDATED_PREFERRED_OVER_INDIVIDUAL,MOPS_EXACT,8ad25192f815b43884eb5f799ec5371b872ea23fb4578ca0413deeaa9be93a11,True
4904,2017-03-31,2017-05-04T16:32:32+08:00,2017-05-04,2017-05-05,UNKNOWN,UNKNOWN,UNKNOWN,HIGH,INSUFFICIENT,QUALITY_HISTORY_INSUFFICIENT | STATE_HISTORY_INSUFFICIENT | HISTORICAL_VALUATION_HIGH | SIMPLIFIED_DCF_AVAILABLE | MOPS_SINGLE_ELIGIBLE_FILING,MOPS_EXACT,410e8821ee04d65737aab3670f6219d77a40ccd429bd4f45a23b5d2a898fae65,True
4904,2017-06-30,2017-08-08T11:16:01+08:00,2017-08-08,2017-08-09,UNKNOWN,UNKNOWN,UNKNOWN,NORMAL,INSUFFICIENT,QUALITY_HISTORY_INSUFFICIENT | STATE_HISTORY_INSUFFICIENT | HISTORICAL_VALUATION_NORMAL | SIMPLIFIED_DCF_AVAILABLE | MOPS_SINGLE_ELIGIBLE_FILING,MOPS_EXACT,8d4169b8e168ffae696de7ce27f47e68291b46429b1f6be79dba1624918e4466,True
4904,2017-09-30,2017-10-31T14:02:25+08:00,2017-10-31,2017-11-01,UNKNOWN,UNKNOWN,UNKNOWN,LOW,INSUFFICIENT,QUALITY_HISTORY_INSUFFICIENT | STATE_HISTORY_INSUFFICIENT | HISTORICAL_VALUATION_LOW | SIMPLIFIED_DCF_AVAILABLE | MOPS_SINGLE_ELIGIBLE_FILING,MOPS_EXACT,d4779b1b047088bc8a96a78c5b8a4843954ee9cf148b6064d641621a6f936e7b,True
4904,2017-12-31,2018-02-26T15:17:29+08:00,2018-02-26,2018-02-27,UNKNOWN,UNKNOWN,UNKNOWN,NORMAL,INSUFFICIENT,QUALITY_HISTORY_INSUFFICIENT | STATE_HISTORY_INSUFFICIENT | HISTORICAL_VALUATION_NORMAL | SIMPLIFIED_DCF_AVAILABLE | MOPS_CONSOLIDATED_PREFERRED_OVER_INDIVIDUAL,MOPS_EXACT,2dc875d629b3f8579fdd5dd2fa4b93ea0bc920209b60dc721d9b7ff25c56b8eb,True
4904,2018-03-31,2018-05-04T17:42:10+08:00,2018-05-04,2018-05-07,UNKNOWN,UNKNOWN,UNKNOWN,NORMAL,INSUFFICIENT,QUALITY_HISTORY_INSUFFICIENT | STATE_HISTORY_INSUFFICIENT | HISTORICAL_VALUATION_NORMAL | SIMPLIFIED_DCF_AVAILABLE | MOPS_SINGLE_ELIGIBLE_FILING,MOPS_EXACT,82c4afceb8aff48aeb60609627988c09a604d7cb71cac33a3f1e2e2941e430a8,True
4904,2018-06-30,2018-08-08T14:04:35+08:00,2018-08-08,2018-08-09,UNKNOWN,UNKNOWN,UNKNOWN,NORMAL,INSUFFICIENT,QUALITY_HISTORY_INSUFFICIENT | STATE_HISTORY_INSUFFICIENT | HISTORICAL_VALUATION_NORMAL | SIMPLIFIED_DCF_AVAILABLE | MOPS_SINGLE_ELIGIBLE_FILING,MOPS_EXACT,3b1982a7dd980a31389f1873c1a03150acc060b9de8dcb52beec5d9f5c79b331,True
4904,2018-09-30,2018-11-06T16:01:31+08:00,2018-11-06,2018-11-07,UNKNOWN,UNKNOWN,UNKNOWN,NORMAL,INSUFFICIENT,QUALITY_HISTORY_INSUFFICIENT | MIXED_FUNDAMENTAL_DIRECTION | HISTORICAL_VALUATION_NORMAL | SIMPLIFIED_DCF_AVAILABLE | MOPS_SINGLE_ELIGIBLE_FILING,MOPS_EXACT,054be2e31d24a8866c8c670528c696071d28a109ab8909f7d89168e898a970ac,True
4904,2018-12-31,2019-02-26T18:04:12+08:00,2019-02-26,2019-02-27,UNKNOWN,DETERIORATING,DETERIORATING,NORMAL,INSUFFICIENT,METRIC_COVERAGE_INSUFFICIENT_TTM_REVENUE | METRIC_COVERAGE_INSUFFICIENT_TTM_EPS | METRIC_COVERAGE_INSUFFICIENT_ROE | METRIC_COVERAGE_INSUFFICIENT_ROIC | DETERIORATION_CORROBORATED | HISTORICAL_VALUATION_NORMAL | SIMPLIFIED_DCF_AVAILABLE | MOPS_CONSOLIDATED_PREFERRED_OVER_INDIVIDUAL,MOPS_EXACT,8bc69751bde51c9339510d3c3a42ed256e61ccb533ade4a6fa94d347dca687f2,True
4904,2019-03-31,2019-05-09T14:19:18+08:00,2019-05-09,2019-05-10,UNKNOWN,UNKNOWN,UNKNOWN,NORMAL,INSUFFICIENT,METRIC_COVERAGE_INSUFFICIENT_TTM_REVENUE | METRIC_COVERAGE_INSUFFICIENT_TTM_EPS | METRIC_COVERAGE_INSUFFICIENT_ROE | METRIC_COVERAGE_INSUFFICIENT_ROIC | MIXED_FUNDAMENTAL_DIRECTION | HISTORICAL_VALUATION_NORMAL | SIMPLIFIED_DCF_AVAILABLE | MOPS_SINGLE_ELIGIBLE_FILING,MOPS_EXACT,db533980fd33e4d2ffb65717d24dd7dee25b8b8b67c5b0ca86db1d376455323f,True
4904,2019-06-30,2019-08-05T17:04:49+08:00,2019-08-05,2019-08-06,UNKNOWN,DETERIORATING,DETERIORATING,NORMAL,INSUFFICIENT,METRIC_COVERAGE_INSUFFICIENT_TTM_REVENUE | METRIC_COVERAGE_INSUFFICIENT_TTM_EPS | METRIC_COVERAGE_INSUFFICIENT_ROE | METRIC_COVERAGE_INSUFFICIENT_ROIC | DETERIORATION_CORROBORATED | HISTORICAL_VALUATION_NORMAL | SIMPLIFIED_DCF_AVAILABLE | MOPS_SINGLE_ELIGIBLE_FILING,MOPS_EXACT,75888fe9313e4935f6a17ae9374d37bdda4f1b750bccc48b761a79b4758a76b7,True
4904,2019-09-30,2019-11-06T17:42:53+08:00,2019-11-06,2019-11-07,UNKNOWN,UNKNOWN,UNKNOWN,HIGH,INSUFFICIENT,METRIC_COVERAGE_INSUFFICIENT_ROE | METRIC_COVERAGE_INSUFFICIENT_ROIC | MIXED_FUNDAMENTAL_DIRECTION | HISTORICAL_VALUATION_HIGH | SIMPLIFIED_DCF_AVAILABLE | MOPS_SINGLE_ELIGIBLE_FILING,MOPS_EXACT,72b6541a1b038975eec1f10902472a90f0767920c322b16d6dbc46ef5d4b37ca,True
4904,2019-12-31,2020-02-20T18:37:10+08:00,2020-02-20,2020-02-21,WEAK,IMPROVING,BOTTOMING,NORMAL,OK,PROFITABILITY_DURABLE | GROWTH_DURABLE_NOT_ESTABLISHED | CASH_CONVERSION_SUPPORTED | BALANCE_SHEET_RESILIENT_NOT_ESTABLISHED | INTEREST_COVERAGE_NOT_ESTABLISHED | REVENUE_CONTRACTION_NARROWING | RECOVERY_CORROBORATED | HISTORICAL_VALUATION_NORMAL | SIMPLIFIED_DCF_AVAILABLE | MOPS_CONSOLIDATED_PREFERRED_OVER_INDIVIDUAL,MOPS_EXACT,61a066f87ef6b6e402a9724ff264bfe6dbf0e6484b7bb8ad82fa66d049de1fb2,True
4904,2020-03-31,2020-05-07T16:58:30+08:00,2020-05-07,2020-05-08,WEAK,UNKNOWN,UNKNOWN,NORMAL,OK,PROFITABILITY_DURABLE | GROWTH_DURABLE_NOT_ESTABLISHED | CASH_CONVERSION_SUPPORTED | BALANCE_SHEET_RESILIENT_NOT_ESTABLISHED | INTEREST_COVERAGE_NOT_ESTABLISHED | MIXED_FUNDAMENTAL_DIRECTION | HISTORICAL_VALUATION_NORMAL | SIMPLIFIED_DCF_AVAILABLE | MOPS_SINGLE_ELIGIBLE_FILING,MOPS_EXACT,077e3fc73b039d23354279fa8ceb50e9e465bdf1562d78e74aa66aeaf0ae455e,True
4904,2020-06-30,2020-07-31T17:16:04+08:00,2020-07-31,2020-08-03,WEAK,UNKNOWN,UNKNOWN,NORMAL,OK,PROFITABILITY_DURABLE | GROWTH_DURABLE_NOT_ESTABLISHED | CASH_CONVERSION_SUPPORTED | BALANCE_SHEET_RESILIENT_NOT_ESTABLISHED | INTEREST_COVERAGE_NOT_ESTABLISHED | MIXED_FUNDAMENTAL_DIRECTION | HISTORICAL_VALUATION_NORMAL | SIMPLIFIED_DCF_AVAILABLE | MOPS_SINGLE_ELIGIBLE_FILING,MOPS_EXACT,cd2288301d09a2f52d0c2d00ea93103281dcf5b44ae78da5cb73315a61291185,True
4904,2020-09-30,2020-11-05T17:54:46+08:00,2020-11-05,2020-11-06,WEAK,UNKNOWN,UNKNOWN,NORMAL,OK,PROFITABILITY_DURABLE | GROWTH_DURABLE_NOT_ESTABLISHED | CASH_CONVERSION_SUPPORTED | BALANCE_SHEET_RESILIENT_NOT_ESTABLISHED | INTEREST_COVERAGE_NOT_ESTABLISHED | MIXED_FUNDAMENTAL_DIRECTION | HISTORICAL_VALUATION_NORMAL | SIMPLIFIED_DCF_AVAILABLE | MOPS_SINGLE_ELIGIBLE_FILING,MOPS_EXACT,e5481b2760b43ee53b8e6245761399f949463acf61efcb86a58bc3f08926f742,True
4904,2020-12-31,2021-02-25T19:09:01+08:00,2021-02-25,2021-02-26,WEAK,UNKNOWN,UNKNOWN,NORMAL,OK,PROFITABILITY_DURABLE | GROWTH_DURABLE_NOT_ESTABLISHED | CASH_CONVERSION_SUPPORTED | BALANCE_SHEET_RESILIENT_NOT_ESTABLISHED | INTEREST_COVERAGE_NOT_ESTABLISHED | MIXED_FUNDAMENTAL_DIRECTION | HISTORICAL_VALUATION_NORMAL | SIMPLIFIED_DCF_AVAILABLE | MOPS_CONSOLIDATED_PREFERRED_OVER_INDIVIDUAL,MOPS_EXACT,b12395dd549550dd9436390ee958436899ae080bd2e3b14fa2724e44f0e49d3c,True
4904,2021-03-31,2021-05-06T18:06:02+08:00,2021-05-06,2021-05-07,WEAK,UNKNOWN,UNKNOWN,NORMAL,OK,PROFITABILITY_DURABLE | GROWTH_DURABLE_NOT_ESTABLISHED | CASH_CONVERSION_SUPPORTED | BALANCE_SHEET_RESILIENT_NOT_ESTABLISHED | INTEREST_COVERAGE_NOT_ESTABLISHED | MIXED_FUNDAMENTAL_DIRECTION | HISTORICAL_VALUATION_NORMAL | SIMPLIFIED_DCF_AVAILABLE | MOPS_SINGLE_ELIGIBLE_FILING,MOPS_EXACT,21ef6db603598b9ef9c411050fdf996541721460c62c7b0ad051fd19857c4b70,True
4904,2021-06-30,2021-07-30T18:15:49+08:00,2021-07-30,2021-08-02,WEAK,UNKNOWN,UNKNOWN,NORMAL,PARTIAL,PROFITABILITY_DURABLE | GROWTH_DURABLE_NOT_ESTABLISHED | CASH_CONVERSION_SUPPORTED | BALANCE_SHEET_RESILIENT_NOT_ESTABLISHED | INTEREST_COVERAGE_NOT_ESTABLISHED | MIXED_FUNDAMENTAL_DIRECTION | HISTORICAL_VALUATION_NORMAL | SIMPLIFIED_DCF_AVAILABLE | MOPS_SINGLE_ELIGIBLE_FILING,MOPS_EXACT,b91eaa982edfbfca10d99c9ec31f193d2fd7ff72e66ec534cee1fe0994649790,True
4904,2021-09-30,2021-11-04T18:17:51+08:00,2021-11-04,2021-11-05,WEAK,IMPROVING,TURNING_UP,NORMAL,OK,PROFITABILITY_DURABLE | GROWTH_DURABLE_NOT_ESTABLISHED | CASH_CONVERSION_SUPPORTED | BALANCE_SHEET_RESILIENT_NOT_ESTABLISHED | INTEREST_COVERAGE_NOT_ESTABLISHED | EARLY_REVENUE_RECOVERY | RECOVERY_CORROBORATED | HISTORICAL_VALUATION_NORMAL | SIMPLIFIED_DCF_AVAILABLE | MOPS_SINGLE_ELIGIBLE_FILING,MOPS_EXACT,33151508d16efe190c8ee868fbb8316e33afca5922e44f112675a00760099216,True
4904,2021-12-31,2022-02-26T16:03:53+08:00,2022-02-26,2022-03-01,WEAK,UNKNOWN,UNKNOWN,NORMAL,OK,PROFITABILITY_DURABLE | GROWTH_DURABLE_NOT_ESTABLISHED | CASH_CONVERSION_SUPPORTED | BALANCE_SHEET_RESILIENT_NOT_ESTABLISHED | INTEREST_COVERAGE_NOT_ESTABLISHED | MIXED_FUNDAMENTAL_DIRECTION | HISTORICAL_VALUATION_NORMAL | SIMPLIFIED_DCF_AVAILABLE | MOPS_CONSOLIDATED_PREFERRED_OVER_INDIVIDUAL,MOPS_EXACT,6e8d6db82bfadf27c8870f8f78a2e050628c2120c7d69385a4abca5964e93bd5,True
4904,2022-03-31,2022-05-04T18:48:16+08:00,2022-05-04,2022-05-05,WEAK,STABLE,CONFIRMED_GROWTH,HIGH,OK,PROFITABILITY_DURABLE | GROWTH_DURABLE | CASH_CONVERSION_SUPPORTED | BALANCE_SHEET_RESILIENT_NOT_ESTABLISHED | INTEREST_COVERAGE_NOT_ESTABLISHED | GROWTH_CONFIRMED_THREE_PERIODS | HISTORICAL_VALUATION_HIGH | SIMPLIFIED_DCF_AVAILABLE | MOPS_SINGLE_ELIGIBLE_FILING,MOPS_EXACT,0233aea1fd6b8af04def2619b7bc735c9ec940414ada05459527be5e40849a8a,True
4904,2022-06-30,2022-08-03T17:50:59+08:00,2022-08-03,2022-08-04,WEAK,STABLE,CONFIRMED_GROWTH,NORMAL,OK,PROFITABILITY_DURABLE | GROWTH_DURABLE | CASH_CONVERSION_SUPPORTED | BALANCE_SHEET_RESILIENT_NOT_ESTABLISHED | INTEREST_COVERAGE_NOT_ESTABLISHED | GROWTH_CONFIRMED_THREE_PERIODS | HISTORICAL_VALUATION_NORMAL | SIMPLIFIED_DCF_AVAILABLE | MOPS_SINGLE_ELIGIBLE_FILING,MOPS_EXACT,9de68112ebbba61d539bc59c6e04ab68598ecd7a9cdfc0e7016f381f367c7aad,True
4904,2022-09-30,2022-11-11T18:21:51+08:00,2022-11-11,2022-11-14,WEAK,UNKNOWN,UNKNOWN,NORMAL,OK,PROFITABILITY_DURABLE | GROWTH_DURABLE | CASH_CONVERSION_SUPPORTED | BALANCE_SHEET_RESILIENT_NOT_ESTABLISHED | INTEREST_COVERAGE_NOT_ESTABLISHED | MIXED_FUNDAMENTAL_DIRECTION | HISTORICAL_VALUATION_NORMAL | SIMPLIFIED_DCF_AVAILABLE | MOPS_SINGLE_ELIGIBLE_FILING,MOPS_EXACT,7062afd4b2db31ea4899ccd5fe64fb223a3e35ba0158c470c9993a8ede5e7f2f,True
4904,2022-12-31,2023-02-15T18:56:43+08:00,2023-02-15,2023-02-16,WEAK,UNKNOWN,UNKNOWN,NORMAL,OK,PROFITABILITY_DURABLE | GROWTH_DURABLE | CASH_CONVERSION_SUPPORTED | BALANCE_SHEET_RESILIENT_NOT_ESTABLISHED | INTEREST_COVERAGE_NOT_ESTABLISHED | MIXED_FUNDAMENTAL_DIRECTION | HISTORICAL_VALUATION_NORMAL | SIMPLIFIED_DCF_AVAILABLE | MOPS_CONSOLIDATED_PREFERRED_OVER_INDIVIDUAL,MOPS_EXACT,9e012fd2385c9c749079de268bc4dbc979014bf0f094120371af22d4ae012251,True
4904,2023-03-31,2023-05-03T21:24:41+08:00,2023-05-03,2023-05-04,WEAK,DETERIORATING,DETERIORATING,HIGH,OK,PROFITABILITY_DURABLE | GROWTH_DURABLE | CASH_CONVERSION_SUPPORTED | BALANCE_SHEET_RESILIENT_NOT_ESTABLISHED | INTEREST_COVERAGE_NOT_ESTABLISHED | DETERIORATION_CORROBORATED | HISTORICAL_VALUATION_HIGH | SIMPLIFIED_DCF_AVAILABLE | MOPS_SINGLE_ELIGIBLE_FILING,MOPS_EXACT,3bbd64738718b4cd93fbc1af08e64db5c36440460e57eb267935d50f4f9c6287,True
4904,2023-06-30,2023-08-09T16:56:14+08:00,2023-08-09,2023-08-10,WEAK,STABLE,CONFIRMED_GROWTH,NORMAL,OK,PROFITABILITY_DURABLE | GROWTH_DURABLE_NOT_ESTABLISHED | CASH_CONVERSION_SUPPORTED | BALANCE_SHEET_RESILIENT_NOT_ESTABLISHED | INTEREST_COVERAGE_NOT_ESTABLISHED | GROWTH_CONFIRMED_THREE_PERIODS | HISTORICAL_VALUATION_NORMAL | SIMPLIFIED_DCF_AVAILABLE | MOPS_SINGLE_ELIGIBLE_FILING,MOPS_EXACT,5fb5757d3eef94cde4acb97b5e46c7355f122c73feaabe326ddb8b74285be131,True
4904,2023-09-30,2023-11-03T18:03:41+08:00,2023-11-03,2023-11-06,WEAK,STABLE,CONFIRMED_GROWTH,NORMAL,OK,PROFITABILITY_DURABLE | GROWTH_DURABLE | CASH_CONVERSION_SUPPORTED | BALANCE_SHEET_RESILIENT_NOT_ESTABLISHED | INTEREST_COVERAGE_NOT_ESTABLISHED | GROWTH_CONFIRMED_THREE_PERIODS | HISTORICAL_VALUATION_NORMAL | SIMPLIFIED_DCF_AVAILABLE | MOPS_SINGLE_ELIGIBLE_FILING,MOPS_EXACT,d47a8a2571909edf15d3e3e47c2267274dd386c878e550c9347b36c437f57dfb,True
4904,2023-12-31,2024-02-22T21:56:24+08:00,2024-02-22,2024-02-23,WEAK,STABLE,CONFIRMED_GROWTH,NORMAL,OK,PROFITABILITY_DURABLE | GROWTH_DURABLE | CASH_CONVERSION_SUPPORTED | BALANCE_SHEET_RESILIENT_NOT_ESTABLISHED | INTEREST_COVERAGE_NOT_ESTABLISHED | GROWTH_CONFIRMED_THREE_PERIODS | HISTORICAL_VALUATION_NORMAL | SIMPLIFIED_DCF_AVAILABLE | MOPS_CONSOLIDATED_PREFERRED_OVER_INDIVIDUAL,MOPS_EXACT,41e8e30b81f50f8d2541bfd3222c3d83f922224675f6abb176a50e4b01a9c703,True
4904,2024-03-31,2024-05-07T17:56:05+08:00,2024-05-07,2024-05-08,WEAK,IMPROVING,TURNING_UP,NORMAL,OK,PROFITABILITY_DURABLE | GROWTH_DURABLE | CASH_CONVERSION_SUPPORTED | BALANCE_SHEET_RESILIENT_NOT_ESTABLISHED | INTEREST_COVERAGE_NOT_ESTABLISHED | EARLY_REVENUE_RECOVERY | RECOVERY_CORROBORATED | HISTORICAL_VALUATION_NORMAL | SIMPLIFIED_DCF_AVAILABLE | MOPS_SINGLE_ELIGIBLE_FILING,MOPS_EXACT,b7fd854950934c3ea8a9fd8dbc67159db0fabb5e22b3216f00013c60a329e252,True
4904,2024-06-30,2024-08-12T19:16:33+08:00,2024-08-12,2024-08-13,WEAK,STABLE,CONFIRMED_GROWTH,NORMAL,OK,PROFITABILITY_DURABLE | GROWTH_DURABLE | CASH_CONVERSION_SUPPORTED | BALANCE_SHEET_RESILIENT_NOT_ESTABLISHED | INTEREST_COVERAGE_NOT_ESTABLISHED | GROWTH_CONFIRMED_THREE_PERIODS | HISTORICAL_VALUATION_NORMAL | SIMPLIFIED_DCF_AVAILABLE | MOPS_SINGLE_ELIGIBLE_FILING,MOPS_EXACT,cf9a35f2ad901a86c8f319b574c221ab8800c0c68c59f9af017e361b4b20161c,True
4904,2024-09-30,2024-11-12T15:54:14+08:00,2024-11-12,2024-11-13,WEAK,STABLE,MATURE_GROWTH,HIGH,OK,PROFITABILITY_DURABLE | GROWTH_DURABLE | CASH_CONVERSION_SUPPORTED | BALANCE_SHEET_RESILIENT_NOT_ESTABLISHED | INTEREST_COVERAGE_NOT_ESTABLISHED | SUSTAINED_GROWTH_EIGHT_PERIODS | HISTORICAL_VALUATION_HIGH | SIMPLIFIED_DCF_AVAILABLE | MOPS_SINGLE_ELIGIBLE_FILING,MOPS_EXACT,933a04f076499db7d3a57f54074cf0b8f885325b15b86b0bbada692fabf6c216,True
4904,2024-12-31,2025-02-25T17:59:18+08:00,2025-02-25,2025-02-26,WEAK,IMPROVING,TURNING_UP,HIGH,OK,PROFITABILITY_DURABLE | GROWTH_DURABLE | CASH_CONVERSION_SUPPORTED | BALANCE_SHEET_RESILIENT_NOT_ESTABLISHED | INTEREST_COVERAGE_NOT_ESTABLISHED | EARLY_REVENUE_RECOVERY | RECOVERY_CORROBORATED | HISTORICAL_VALUATION_HIGH | SIMPLIFIED_DCF_AVAILABLE | MOPS_CONSOLIDATED_PREFERRED_OVER_INDIVIDUAL,MOPS_EXACT,09793f906be125823849de90e127f41013087bd3d7687d64ca4862af0b5379bc,True
4904,2025-03-31,2025-05-12T17:35:04+08:00,2025-05-12,2025-05-13,WEAK,STABLE,MATURE_GROWTH,NORMAL,OK,PROFITABILITY_DURABLE | GROWTH_DURABLE | CASH_CONVERSION_SUPPORTED | BALANCE_SHEET_RESILIENT_NOT_ESTABLISHED | INTEREST_COVERAGE_NOT_ESTABLISHED | SUSTAINED_GROWTH_EIGHT_PERIODS | HISTORICAL_VALUATION_NORMAL | SIMPLIFIED_DCF_AVAILABLE | MOPS_SINGLE_ELIGIBLE_FILING,MOPS_EXACT,047665e2d0cc90e37657b8e2600e22eaccdb6a2d8fdd2827ac39542dc24e588c,True
4904,2025-06-30,2025-08-11T14:24:03+08:00,2025-08-11,2025-08-12,WEAK,STABLE,MATURE_GROWTH,NORMAL,OK,PROFITABILITY_DURABLE | GROWTH_DURABLE | CASH_CONVERSION_SUPPORTED | BALANCE_SHEET_RESILIENT_NOT_ESTABLISHED | INTEREST_COVERAGE_NOT_ESTABLISHED | SUSTAINED_GROWTH_EIGHT_PERIODS | HISTORICAL_VALUATION_NORMAL | SIMPLIFIED_DCF_AVAILABLE | MOPS_SINGLE_ELIGIBLE_FILING,MOPS_EXACT,c5bb783835a20b8ebb2040fd003a523f57ffdecbd484371b2f03ecfa69688845,True
4904,2025-09-30,2025-11-11T14:50:36+08:00,2025-11-11,2025-11-12,WEAK,STABLE,MATURE_GROWTH,NORMAL,OK,PROFITABILITY_DURABLE | GROWTH_DURABLE | CASH_CONVERSION_SUPPORTED | BALANCE_SHEET_RESILIENT_NOT_ESTABLISHED | INTEREST_COVERAGE_NOT_ESTABLISHED | SUSTAINED_GROWTH_EIGHT_PERIODS | HISTORICAL_VALUATION_NORMAL | SIMPLIFIED_DCF_AVAILABLE | MOPS_SINGLE_ELIGIBLE_FILING,MOPS_EXACT,2cb38616936cf182b1234c7bad96f5af2a4c1a7303b0098b3f8cb066818e126f,True
4904,2025-12-31,2026-03-04T15:05:36+08:00,2026-03-04,2026-03-05,WEAK,STABLE,MATURE_GROWTH,NORMAL,OK,PROFITABILITY_DURABLE | GROWTH_DURABLE | CASH_CONVERSION_SUPPORTED | BALANCE_SHEET_RESILIENT_NOT_ESTABLISHED | INTEREST_COVERAGE_NOT_ESTABLISHED | SUSTAINED_GROWTH_EIGHT_PERIODS | HISTORICAL_VALUATION_NORMAL | SIMPLIFIED_DCF_AVAILABLE | MOPS_CONSOLIDATED_PREFERRED_OVER_INDIVIDUAL,MOPS_EXACT,2a8b17ae8b3c53ac5b919fe689e27721bf30888bdf3560b64ead4478adb1b3d5,True
4904,2026-03-31,2026-05-12T21:45:09+08:00,2026-05-12,2026-05-13,WEAK,IMPROVING,TURNING_UP,NORMAL,OK,PROFITABILITY_DURABLE | GROWTH_DURABLE | CASH_CONVERSION_SUPPORTED | BALANCE_SHEET_RESILIENT_NOT_ESTABLISHED | INTEREST_COVERAGE_NOT_ESTABLISHED | EARLY_REVENUE_RECOVERY | RECOVERY_CORROBORATED | HISTORICAL_VALUATION_NORMAL | SIMPLIFIED_DCF_AVAILABLE | MOPS_SINGLE_ELIGIBLE_FILING,MOPS_EXACT,3cb3d893f22b02e043d0253a776279803c14d45c52048f64093578b5c2de6ac3,True
4904,2026-06-30,2026-08-12T07:57:31+08:00,2026-08-12,2026-08-13,WEAK,IMPROVING,TURNING_UP,NORMAL,OK,PROFITABILITY_DURABLE | GROWTH_DURABLE | CASH_CONVERSION_SUPPORTED | BALANCE_SHEET_RESILIENT_NOT_ESTABLISHED | INTEREST_COVERAGE_NOT_ESTABLISHED | EARLY_REVENUE_RECOVERY | RECOVERY_CORROBORATED | HISTORICAL_VALUATION_NORMAL | SIMPLIFIED_DCF_AVAILABLE | MOPS_SINGLE_ELIGIBLE_FILING,MOPS_EXACT,97a2cc5f727946c0cf5c8b370956a18ce61f14ace234daa4632bbe4dab39d08e,True
4958,2016-03-31,2016-05-12T17:58:25+08:00,2016-05-12,2016-05-13,UNKNOWN,UNKNOWN,UNKNOWN,N/M,INSUFFICIENT,QUALITY_HISTORY_INSUFFICIENT | STATE_HISTORY_INSUFFICIENT | VALUATION_HISTORY_INSUFFICIENT | SIMPLIFIED_DCF_NOT_APPLICABLE | MOPS_SINGLE_ELIGIBLE_FILING,MOPS_EXACT,e94e23877a5f1e8d40b956af9cdf85425617d6b8d24501a379b6cbf889eb1286,True
4958,2016-06-30,2016-08-11T18:41:02+08:00,2016-08-11,2016-08-12,UNKNOWN,UNKNOWN,UNKNOWN,NORMAL,INSUFFICIENT,QUALITY_HISTORY_INSUFFICIENT | STATE_HISTORY_INSUFFICIENT | HISTORICAL_VALUATION_NORMAL | SIMPLIFIED_DCF_NOT_APPLICABLE | MOPS_SINGLE_ELIGIBLE_FILING,MOPS_EXACT,4edc483c34b980fb97c71fb9dbb90f226dee85f8cb18b0fa6cb932e2252698c9,True
4958,2016-09-30,2016-11-10T18:48:25+08:00,2016-11-10,2016-11-11,UNKNOWN,UNKNOWN,UNKNOWN,HIGH,INSUFFICIENT,QUALITY_HISTORY_INSUFFICIENT | STATE_HISTORY_INSUFFICIENT | HISTORICAL_VALUATION_HIGH | SIMPLIFIED_DCF_NOT_APPLICABLE | MOPS_SINGLE_ELIGIBLE_FILING,MOPS_EXACT,99bec2453e84b4e9b5beb15c3c12540aff5a2a35b72c14ae27600d12a0926cab,True
4958,2016-12-31,2017-03-22T19:32:54+08:00,2017-03-22,2017-03-23,UNKNOWN,UNKNOWN,UNKNOWN,HIGH,INSUFFICIENT,QUALITY_HISTORY_INSUFFICIENT | STATE_HISTORY_INSUFFICIENT | HISTORICAL_VALUATION_HIGH | SIMPLIFIED_DCF_NOT_APPLICABLE | MOPS_SINGLE_ELIGIBLE_FILING,MOPS_EXACT,4aaaea2547920aca1b8a9d488d459fd4122f1e29e1903935f2058c0290a7ad13,True
4958,2017-03-31,2017-05-11T19:04:37+08:00,2017-05-11,2017-05-12,UNKNOWN,UNKNOWN,UNKNOWN,HIGH,INSUFFICIENT,QUALITY_HISTORY_INSUFFICIENT | STATE_HISTORY_INSUFFICIENT | HISTORICAL_VALUATION_HIGH | SIMPLIFIED_DCF_AVAILABLE | MOPS_SINGLE_ELIGIBLE_FILING,MOPS_EXACT,852ab962fae4b329e79ef1a6001e96eeee01ca4cd5b2518f7d586ababc0a7fac,True
4958,2017-06-30,2017-08-11T20:26:38+08:00,2017-08-11,2017-08-14,UNKNOWN,UNKNOWN,UNKNOWN,HIGH,INSUFFICIENT,QUALITY_HISTORY_INSUFFICIENT | STATE_HISTORY_INSUFFICIENT | HISTORICAL_VALUATION_HIGH | SIMPLIFIED_DCF_NOT_APPLICABLE | MOPS_SINGLE_ELIGIBLE_FILING,MOPS_EXACT,231cdfea2de131242158488077b285fec788d18cb950f15b6ad791de7ad6179f,True
4958,2017-09-30,2017-11-10T15:20:34+08:00,2017-11-10,2017-11-13,UNKNOWN,UNKNOWN,UNKNOWN,NORMAL,INSUFFICIENT,QUALITY_HISTORY_INSUFFICIENT | STATE_HISTORY_INSUFFICIENT | HISTORICAL_VALUATION_NORMAL | SIMPLIFIED_DCF_NOT_APPLICABLE | MOPS_SINGLE_ELIGIBLE_FILING,MOPS_EXACT,877bdaafe92782e4458c594c3cd3957e24ac9315d2b6532c0e380623df1f0735,True
4958,2017-12-31,2018-03-16T14:29:00+08:00,2018-03-16,2018-03-19,UNKNOWN,UNKNOWN,UNKNOWN,NORMAL,INSUFFICIENT,QUALITY_HISTORY_INSUFFICIENT | STATE_HISTORY_INSUFFICIENT | HISTORICAL_VALUATION_NORMAL | SIMPLIFIED_DCF_NOT_APPLICABLE | MOPS_SINGLE_ELIGIBLE_FILING,MOPS_EXACT,6d851aeaa634abf69470c7fe52481cab91a2fb04a0e38bac7cc34ea5c413bf22,True
4958,2018-03-31,2018-05-11T17:34:55+08:00,2018-05-11,2018-05-14,UNKNOWN,UNKNOWN,UNKNOWN,NORMAL,INSUFFICIENT,QUALITY_HISTORY_INSUFFICIENT | STATE_HISTORY_INSUFFICIENT | HISTORICAL_VALUATION_NORMAL | SIMPLIFIED_DCF_NOT_APPLICABLE | MOPS_SINGLE_ELIGIBLE_FILING,MOPS_EXACT,91ef7cf5a3947f4cac636af9ffa884ecde0ea5f5bb9e2a7a2636d9d4996a501d,True
4958,2018-06-30,2018-08-10T17:36:36+08:00,2018-08-10,2018-08-13,UNKNOWN,UNKNOWN,UNKNOWN,NORMAL,INSUFFICIENT,QUALITY_HISTORY_INSUFFICIENT | STATE_HISTORY_INSUFFICIENT | HISTORICAL_VALUATION_NORMAL | SIMPLIFIED_DCF_AVAILABLE | MOPS_SINGLE_ELIGIBLE_FILING,MOPS_EXACT,d73e0eeb373b90234cbbde3d045e78ce2833d9f624d2b094c709b82026c5d3af,True
4958,2018-09-30,2018-11-12T17:17:13+08:00,2018-11-12,2018-11-13,UNKNOWN,STABLE,CONFIRMED_GROWTH,LOW,INSUFFICIENT,QUALITY_HISTORY_INSUFFICIENT | GROWTH_CONFIRMED_THREE_PERIODS | HISTORICAL_VALUATION_LOW | SIMPLIFIED_DCF_AVAILABLE | MOPS_SINGLE_ELIGIBLE_FILING,MOPS_EXACT,a5b9028bf98178e9684feb6c57034e27cfce6930ec230e9902f8c74098e8ea7a,True
4958,2018-12-31,2019-03-29T18:28:47+08:00,2019-03-29,2019-04-01,UNKNOWN,STABLE,CONFIRMED_GROWTH,NORMAL,INSUFFICIENT,METRIC_COVERAGE_INSUFFICIENT_TTM_REVENUE | METRIC_COVERAGE_INSUFFICIENT_TTM_EPS | METRIC_COVERAGE_INSUFFICIENT_ROE | METRIC_COVERAGE_INSUFFICIENT_ROIC | GROWTH_CONFIRMED_THREE_PERIODS | HISTORICAL_VALUATION_NORMAL | SIMPLIFIED_DCF_AVAILABLE | MOPS_SINGLE_ELIGIBLE_FILING,MOPS_EXACT,3e40cf950bc4455cb0b71a673e7d1bee744c2831d36444535b57d4f648503228,True
4958,2019-03-31,2019-05-10T15:51:48+08:00,2019-05-10,2019-05-13,UNKNOWN,STABLE,CONFIRMED_GROWTH,NORMAL,INSUFFICIENT,METRIC_COVERAGE_INSUFFICIENT_TTM_REVENUE | METRIC_COVERAGE_INSUFFICIENT_TTM_EPS | METRIC_COVERAGE_INSUFFICIENT_ROE | METRIC_COVERAGE_INSUFFICIENT_ROIC | GROWTH_CONFIRMED_THREE_PERIODS | HISTORICAL_VALUATION_NORMAL | SIMPLIFIED_DCF_AVAILABLE | MOPS_SINGLE_ELIGIBLE_FILING,MOPS_EXACT,cb0989a62ac8ddb6cff6257bde33495c9d4a6e53a39b0faeee94cabae2f0ebd3,True
4958,2019-06-30,2019-08-13T15:17:59+08:00,2019-08-13,2019-08-14,UNKNOWN,DETERIORATING,DETERIORATING,NORMAL,INSUFFICIENT,METRIC_COVERAGE_INSUFFICIENT_TTM_REVENUE | METRIC_COVERAGE_INSUFFICIENT_TTM_EPS | METRIC_COVERAGE_INSUFFICIENT_ROE | METRIC_COVERAGE_INSUFFICIENT_ROIC | DETERIORATION_CORROBORATED | HISTORICAL_VALUATION_NORMAL | SIMPLIFIED_DCF_AVAILABLE | MOPS_SINGLE_ELIGIBLE_FILING,MOPS_EXACT,10625d1656db91079491e0a5fe64e24afd699ed65a5c9dbbe397665bbfced172,True
4958,2019-09-30,2019-11-12T16:06:48+08:00,2019-11-12,2019-11-13,UNKNOWN,DETERIORATING,DETERIORATING,HIGH,INSUFFICIENT,METRIC_COVERAGE_INSUFFICIENT_ROE | METRIC_COVERAGE_INSUFFICIENT_ROIC | DETERIORATION_CORROBORATED | HISTORICAL_VALUATION_HIGH | SIMPLIFIED_DCF_AVAILABLE | MOPS_SINGLE_ELIGIBLE_FILING,MOPS_EXACT,cbcc2248f9e4360db40dc456fde43d54e192baa68de5f093c237d4afa7a3842e,True
4958,2019-12-31,2020-03-30T18:25:03+08:00,2020-03-30,2020-03-31,ACCEPTABLE,UNKNOWN,UNKNOWN,NORMAL,PARTIAL,PROFITABILITY_DURABLE | GROWTH_DURABLE | CASH_CONVERSION_SUPPORTED_NOT_ESTABLISHED | BALANCE_SHEET_RESILIENT | INTEREST_COVERAGE_SUPPORTED | MIXED_FUNDAMENTAL_DIRECTION | HISTORICAL_VALUATION_NORMAL | SIMPLIFIED_DCF_AVAILABLE | MOPS_SINGLE_ELIGIBLE_FILING,MOPS_EXACT,36a33201d82ef8f9036c8e4fa34438a4407039be99870e8f56262fee8ec245a7,True
4958,2020-03-31,2020-05-08T15:37:04+08:00,2020-05-08,2020-05-11,ACCEPTABLE,IMPROVING,TURNING_UP,NORMAL,PARTIAL,PROFITABILITY_DURABLE | GROWTH_DURABLE | CASH_CONVERSION_SUPPORTED_NOT_ESTABLISHED | BALANCE_SHEET_RESILIENT | INTEREST_COVERAGE_SUPPORTED | EARLY_REVENUE_RECOVERY | RECOVERY_CORROBORATED | HISTORICAL_VALUATION_NORMAL | SIMPLIFIED_DCF_AVAILABLE | MOPS_SINGLE_ELIGIBLE_FILING,MOPS_EXACT,1f620c2c5587b665f61a61ee898581cffb56c3105feab828e817a1ea3fd65d09,True
4958,2020-06-30,2020-08-12T15:04:55+08:00,2020-08-12,2020-08-13,ACCEPTABLE,UNKNOWN,UNKNOWN,NORMAL,PARTIAL,PROFITABILITY_DURABLE | GROWTH_DURABLE | CASH_CONVERSION_SUPPORTED_NOT_ESTABLISHED | BALANCE_SHEET_RESILIENT | INTEREST_COVERAGE_SUPPORTED | MIXED_FUNDAMENTAL_DIRECTION | HISTORICAL_VALUATION_NORMAL | SIMPLIFIED_DCF_AVAILABLE | MOPS_SINGLE_ELIGIBLE_FILING,MOPS_EXACT,2562585ae36778b729ff589d2ce6c4be3a319687fba071eee49ce18722a5cc31,True
4958,2020-09-30,2020-11-11T17:10:50+08:00,2020-11-11,2020-11-12,ACCEPTABLE,UNKNOWN,UNKNOWN,NORMAL,PARTIAL,PROFITABILITY_DURABLE | GROWTH_DURABLE | CASH_CONVERSION_SUPPORTED_NOT_ESTABLISHED | BALANCE_SHEET_RESILIENT | INTEREST_COVERAGE_SUPPORTED | MIXED_FUNDAMENTAL_DIRECTION | HISTORICAL_VALUATION_NORMAL | SIMPLIFIED_DCF_AVAILABLE | MOPS_SINGLE_ELIGIBLE_FILING,MOPS_EXACT,6a7bbdbfb51584affa39a262c2a119a718a60d2f427e68f28dea7f20179ae15e,True
4958,2020-12-31,2021-03-30T17:32:47+08:00,2021-03-30,2021-03-31,ACCEPTABLE,UNKNOWN,UNKNOWN,NORMAL,PARTIAL,PROFITABILITY_DURABLE | GROWTH_DURABLE | CASH_CONVERSION_SUPPORTED_NOT_ESTABLISHED | BALANCE_SHEET_RESILIENT | INTEREST_COVERAGE_SUPPORTED | MIXED_FUNDAMENTAL_DIRECTION | HISTORICAL_VALUATION_NORMAL | SIMPLIFIED_DCF_NOT_APPLICABLE | MOPS_SINGLE_ELIGIBLE_FILING,MOPS_EXACT,619f9b9f37eedea1479e9d7316280cd3cfeae1157251949b569fa733e820f404,True
4958,2021-03-31,2021-05-07T15:14:44+08:00,2021-05-07,2021-05-10,ACCEPTABLE,UNKNOWN,UNKNOWN,NORMAL,PARTIAL,PROFITABILITY_DURABLE | GROWTH_DURABLE | CASH_CONVERSION_SUPPORTED_NOT_ESTABLISHED | BALANCE_SHEET_RESILIENT | INTEREST_COVERAGE_SUPPORTED | MIXED_FUNDAMENTAL_DIRECTION | HISTORICAL_VALUATION_NORMAL | SIMPLIFIED_DCF_NOT_APPLICABLE | MOPS_SINGLE_ELIGIBLE_FILING,MOPS_EXACT,2091ca678c8eb1236e17ca7182aa0cd8c74153a23ffc2174632d8650bfcd22d4,True
4958,2021-06-30,2021-08-30T15:48:35+08:00,2021-08-30,2021-08-31,ACCEPTABLE,UNKNOWN,UNKNOWN,NORMAL,PARTIAL,PROFITABILITY_DURABLE | GROWTH_DURABLE | CASH_CONVERSION_SUPPORTED_NOT_ESTABLISHED | BALANCE_SHEET_RESILIENT | INTEREST_COVERAGE_SUPPORTED | MIXED_FUNDAMENTAL_DIRECTION | HISTORICAL_VALUATION_NORMAL | SIMPLIFIED_DCF_NOT_APPLICABLE | MOPS_SINGLE_ELIGIBLE_FILING,MOPS_EXACT,6b94b1bf3374f8ef9076adbbe1f353c9eccbe831f0f179b61db772e6c5647e1d,True
4958,2021-09-30,2021-11-11T14:54:24+08:00,2021-11-11,2021-11-12,WEAK,UNKNOWN,UNKNOWN,NORMAL,PARTIAL,PROFITABILITY_DURABLE | GROWTH_DURABLE | CASH_CONVERSION_SUPPORTED_NOT_ESTABLISHED | BALANCE_SHEET_RESILIENT_NOT_ESTABLISHED | INTEREST_COVERAGE_NOT_ESTABLISHED | MIXED_FUNDAMENTAL_DIRECTION | HISTORICAL_VALUATION_NORMAL | SIMPLIFIED_DCF_NOT_APPLICABLE | MOPS_SINGLE_ELIGIBLE_FILING,MOPS_EXACT,237c10dc11bf51a4f4b50ca0b89666f52e92fb5fe2f4b861d6e4022b4604be7b,True
4958,2021-12-31,2022-03-16T15:22:50+08:00,2022-03-16,2022-03-17,WEAK,UNKNOWN,UNKNOWN,LOW,OK,PROFITABILITY_DURABLE | GROWTH_DURABLE_NOT_ESTABLISHED | CASH_CONVERSION_SUPPORTED_NOT_ESTABLISHED | BALANCE_SHEET_RESILIENT_NOT_ESTABLISHED | INTEREST_COVERAGE_NOT_ESTABLISHED | MIXED_FUNDAMENTAL_DIRECTION | HISTORICAL_VALUATION_LOW | SIMPLIFIED_DCF_NOT_APPLICABLE | MOPS_SINGLE_ELIGIBLE_FILING,MOPS_EXACT,f376e3a8efcfbe05192ff418c1610ddbd52e1997fc99a8122ceb4c9e382da1c2,True
4958,2022-03-31,2022-05-11T15:33:20+08:00,2022-05-11,2022-05-12,ACCEPTABLE,STABLE,CONFIRMED_GROWTH,LOW,OK,PROFITABILITY_DURABLE | GROWTH_DURABLE | CASH_CONVERSION_SUPPORTED_NOT_ESTABLISHED | BALANCE_SHEET_RESILIENT | INTEREST_COVERAGE_SUPPORTED | GROWTH_CONFIRMED_THREE_PERIODS | HISTORICAL_VALUATION_LOW | SIMPLIFIED_DCF_NOT_APPLICABLE | MOPS_SINGLE_ELIGIBLE_FILING,MOPS_EXACT,4cd6b1b5d725c514250e2b27fe68d8fa20975b55c0e152775aae7348245604dd,True
4958,2022-06-30,2022-08-09T15:11:18+08:00,2022-08-09,2022-08-10,ACCEPTABLE,STABLE,CONFIRMED_GROWTH,LOW,OK,PROFITABILITY_DURABLE | GROWTH_DURABLE | CASH_CONVERSION_SUPPORTED_NOT_ESTABLISHED | BALANCE_SHEET_RESILIENT | INTEREST_COVERAGE_SUPPORTED | GROWTH_CONFIRMED_THREE_PERIODS | HISTORICAL_VALUATION_LOW | SIMPLIFIED_DCF_NOT_APPLICABLE | MOPS_SINGLE_ELIGIBLE_FILING,MOPS_EXACT,1dc7bb8b917a8b043bec1d6b93edee4c63f225737f9e02aa4f3cba511f5db1c9,True
4958,2022-09-30,2022-11-04T14:39:59+08:00,2022-11-04,2022-11-07,WEAK,STABLE,CONFIRMED_GROWTH,LOW,OK,PROFITABILITY_DURABLE | GROWTH_DURABLE_NOT_ESTABLISHED | CASH_CONVERSION_SUPPORTED_NOT_ESTABLISHED | BALANCE_SHEET_RESILIENT | INTEREST_COVERAGE_SUPPORTED | GROWTH_CONFIRMED_THREE_PERIODS | HISTORICAL_VALUATION_LOW | SIMPLIFIED_DCF_AVAILABLE | MOPS_SINGLE_ELIGIBLE_FILING,MOPS_EXACT,ef0e667359991956ad2e121fd44283a8c519693d1c0b5fbad067320d0dc8b2e1,True
4958,2022-12-31,2023-03-13T14:52:39+08:00,2023-03-13,2023-03-14,ACCEPTABLE,STABLE,CONFIRMED_GROWTH,LOW,OK,PROFITABILITY_DURABLE | GROWTH_DURABLE | CASH_CONVERSION_SUPPORTED_NOT_ESTABLISHED | BALANCE_SHEET_RESILIENT | INTEREST_COVERAGE_SUPPORTED | GROWTH_CONFIRMED_THREE_PERIODS | HISTORICAL_VALUATION_LOW | SIMPLIFIED_DCF_AVAILABLE | MOPS_SINGLE_ELIGIBLE_FILING,MOPS_EXACT,f93e30652d1740dc80acf071d073b3360f72611b7c6a8851fc2996c96089db26,True
4958,2023-03-31,2023-05-10T15:22:01+08:00,2023-05-10,2023-05-11,ACCEPTABLE,STABLE,CONFIRMED_GROWTH,LOW,OK,PROFITABILITY_DURABLE | GROWTH_DURABLE | CASH_CONVERSION_SUPPORTED_NOT_ESTABLISHED | BALANCE_SHEET_RESILIENT | INTEREST_COVERAGE_SUPPORTED | GROWTH_CONFIRMED_THREE_PERIODS | HISTORICAL_VALUATION_LOW | SIMPLIFIED_DCF_AVAILABLE | MOPS_SINGLE_ELIGIBLE_FILING,MOPS_EXACT,d9f3532cc72583b28d1ece0a2dc987d759147fac0d5db4e92e8daf969477f8e0,True
4958,2023-06-30,2023-08-09T15:31:47+08:00,2023-08-09,2023-08-10,ACCEPTABLE,DETERIORATING,DETERIORATING,NORMAL,OK,PROFITABILITY_DURABLE | GROWTH_DURABLE | CASH_CONVERSION_SUPPORTED_NOT_ESTABLISHED | BALANCE_SHEET_RESILIENT | INTEREST_COVERAGE_SUPPORTED | DETERIORATION_CORROBORATED | HISTORICAL_VALUATION_NORMAL | SIMPLIFIED_DCF_AVAILABLE | MOPS_SINGLE_ELIGIBLE_FILING,MOPS_EXACT,2ca57858e070be8200f9e76e25bf13433eba98f12eefd526cc92b8b21ad90c9a,True
4958,2023-09-30,2023-11-06T17:59:48+08:00,2023-11-06,2023-11-07,WEAK,DETERIORATING,DETERIORATING,NORMAL,OK,PROFITABILITY_DURABLE | GROWTH_DURABLE_NOT_ESTABLISHED | CASH_CONVERSION_SUPPORTED_NOT_ESTABLISHED | BALANCE_SHEET_RESILIENT | INTEREST_COVERAGE_SUPPORTED | DETERIORATION_CORROBORATED | HISTORICAL_VALUATION_NORMAL | SIMPLIFIED_DCF_AVAILABLE | MOPS_SINGLE_ELIGIBLE_FILING,MOPS_EXACT,64d9c592ac14373cf845ffbf6e89d3a5a6629348ff8f6369a0abe58f0f4377fe,True
4958,2023-12-31,2024-03-12T15:06:17+08:00,2024-03-12,2024-03-13,WEAK,UNKNOWN,UNKNOWN,NORMAL,OK,PROFITABILITY_DURABLE | GROWTH_DURABLE_NOT_ESTABLISHED | CASH_CONVERSION_SUPPORTED_NOT_ESTABLISHED | BALANCE_SHEET_RESILIENT | INTEREST_COVERAGE_SUPPORTED | MIXED_FUNDAMENTAL_DIRECTION | HISTORICAL_VALUATION_NORMAL | SIMPLIFIED_DCF_AVAILABLE | MOPS_SINGLE_ELIGIBLE_FILING,MOPS_EXACT,1261a07e7e7939737e1bb9efe15b4a1793542f7ece2e990d27d05dfabbfb4fbc,True
4958,2024-03-31,2024-05-10T17:08:36+08:00,2024-05-10,2024-05-13,WEAK,IMPROVING,BOTTOMING,NORMAL,OK,PROFITABILITY_DURABLE | GROWTH_DURABLE_NOT_ESTABLISHED | CASH_CONVERSION_SUPPORTED_NOT_ESTABLISHED | BALANCE_SHEET_RESILIENT | INTEREST_COVERAGE_SUPPORTED | REVENUE_CONTRACTION_NARROWING | RECOVERY_CORROBORATED | HISTORICAL_VALUATION_NORMAL | SIMPLIFIED_DCF_AVAILABLE | MOPS_SINGLE_ELIGIBLE_FILING,MOPS_EXACT,9c0d2a4db6d68e137dc27a656a03fd88783d3f20ec038c2882eb6bf598d48097,True
4958,2024-06-30,2024-08-13T14:50:50+08:00,2024-08-13,2024-08-14,WEAK,IMPROVING,TURNING_UP,NORMAL,PARTIAL,PROFITABILITY_DURABLE | GROWTH_DURABLE_NOT_ESTABLISHED | CASH_CONVERSION_SUPPORTED_NOT_ESTABLISHED | BALANCE_SHEET_RESILIENT | INTEREST_COVERAGE_SUPPORTED | EARLY_REVENUE_RECOVERY | RECOVERY_CORROBORATED | HISTORICAL_VALUATION_NORMAL | SIMPLIFIED_DCF_AVAILABLE | MOPS_SINGLE_ELIGIBLE_FILING,MOPS_EXACT,b8cd6105eddcc633c97ec987a59ca55dcf2dfbef012175b688af255b6b778d34,True
4958,2024-09-30,2024-11-08T15:06:28+08:00,2024-11-08,2024-11-11,WEAK,IMPROVING,TURNING_UP,NORMAL,PARTIAL,PROFITABILITY_DURABLE | GROWTH_DURABLE_NOT_ESTABLISHED | CASH_CONVERSION_SUPPORTED_NOT_ESTABLISHED | BALANCE_SHEET_RESILIENT | INTEREST_COVERAGE_SUPPORTED | EARLY_REVENUE_RECOVERY | RECOVERY_CORROBORATED | HISTORICAL_VALUATION_NORMAL | SIMPLIFIED_DCF_AVAILABLE | MOPS_SINGLE_ELIGIBLE_FILING,MOPS_EXACT,0c4fc47311b429d96b80674b4dd8404dcf3ed1507b2baf6ae96e05933079edba,True
4958,2024-12-31,2025-03-11T15:19:08+08:00,2025-03-11,2025-03-12,WEAK,IMPROVING,TURNING_UP,NORMAL,OK,PROFITABILITY_DURABLE | GROWTH_DURABLE_NOT_ESTABLISHED | CASH_CONVERSION_SUPPORTED_NOT_ESTABLISHED | BALANCE_SHEET_RESILIENT | INTEREST_COVERAGE_SUPPORTED | EARLY_REVENUE_RECOVERY | RECOVERY_CORROBORATED | HISTORICAL_VALUATION_NORMAL | SIMPLIFIED_DCF_AVAILABLE | MOPS_SINGLE_ELIGIBLE_FILING,MOPS_EXACT,1cdd0abfb675a97be8a93c696fca8ad031544e1ce00b3ec174404eb96786e335,True
4958,2025-03-31,2025-05-13T15:41:36+08:00,2025-05-13,2025-05-14,WEAK,STABLE,CONFIRMED_GROWTH,NORMAL,OK,PROFITABILITY_DURABLE | GROWTH_DURABLE_NOT_ESTABLISHED | CASH_CONVERSION_SUPPORTED_NOT_ESTABLISHED | BALANCE_SHEET_RESILIENT | INTEREST_COVERAGE_SUPPORTED | GROWTH_CONFIRMED_THREE_PERIODS | HISTORICAL_VALUATION_NORMAL | SIMPLIFIED_DCF_AVAILABLE | MOPS_SINGLE_ELIGIBLE_FILING,MOPS_EXACT,a1661905b72721e691132e403744fc9d42c74ccdf606bcbf1bc6a980410ba09e,True
4958,2025-06-30,2025-08-12T15:05:54+08:00,2025-08-12,2025-08-13,WEAK,STABLE,CONFIRMED_GROWTH,NORMAL,OK,PROFITABILITY_DURABLE | GROWTH_DURABLE_NOT_ESTABLISHED | CASH_CONVERSION_SUPPORTED_NOT_ESTABLISHED | BALANCE_SHEET_RESILIENT | INTEREST_COVERAGE_SUPPORTED | GROWTH_CONFIRMED_THREE_PERIODS | HISTORICAL_VALUATION_NORMAL | SIMPLIFIED_DCF_AVAILABLE | MOPS_SINGLE_ELIGIBLE_FILING,MOPS_EXACT,b13415da25659b32f7d994da2f01068968015461d8a34ebc6fde537bab82f8c8,True
4958,2025-09-30,2025-11-11T15:16:08+08:00,2025-11-11,2025-11-12,WEAK,DETERIORATING,DETERIORATING,NORMAL,OK,PROFITABILITY_DURABLE | GROWTH_DURABLE_NOT_ESTABLISHED | CASH_CONVERSION_SUPPORTED_NOT_ESTABLISHED | BALANCE_SHEET_RESILIENT | INTEREST_COVERAGE_SUPPORTED | DETERIORATION_CORROBORATED | HISTORICAL_VALUATION_NORMAL | SIMPLIFIED_DCF_AVAILABLE | MOPS_SINGLE_ELIGIBLE_FILING,MOPS_EXACT,3f83eb91d9868f9d5fb8c3f6c717a26cc815aabca138106d1d3c9da5d8de51a3,True
4958,2025-12-31,2026-03-12T15:04:31+08:00,2026-03-12,2026-03-13,WEAK,DETERIORATING,DETERIORATING,NORMAL,OK,PROFITABILITY_DURABLE | GROWTH_DURABLE_NOT_ESTABLISHED | CASH_CONVERSION_SUPPORTED_NOT_ESTABLISHED | BALANCE_SHEET_RESILIENT | INTEREST_COVERAGE_SUPPORTED | DETERIORATION_CORROBORATED | HISTORICAL_VALUATION_NORMAL | SIMPLIFIED_DCF_NOT_APPLICABLE | MOPS_SINGLE_ELIGIBLE_FILING,MOPS_EXACT,d10b4db83593968c3298d46dae4b89036d3701ce73869fbd58945768c9b4a419,True
4958,2026-03-31,2026-05-12T15:05:31+08:00,2026-05-12,2026-05-13,WEAK,UNKNOWN,UNKNOWN,HIGH,OK,PROFITABILITY_DURABLE | GROWTH_DURABLE_NOT_ESTABLISHED | CASH_CONVERSION_SUPPORTED_NOT_ESTABLISHED | BALANCE_SHEET_RESILIENT | INTEREST_COVERAGE_SUPPORTED | MIXED_FUNDAMENTAL_DIRECTION | HISTORICAL_VALUATION_HIGH | SIMPLIFIED_DCF_NOT_APPLICABLE | MOPS_SINGLE_ELIGIBLE_FILING,MOPS_EXACT,7fe1c749d6a9cf5789af80437ec482f467994fb1351cedbb74fd71f147a438e6,True
4958,2026-06-30,2026-08-11T15:08:30+08:00,2026-08-11,2026-08-12,WEAK,UNKNOWN,UNKNOWN,HIGH,OK,PROFITABILITY_DURABLE | GROWTH_DURABLE_NOT_ESTABLISHED | CASH_CONVERSION_SUPPORTED_NOT_ESTABLISHED | BALANCE_SHEET_RESILIENT | INTEREST_COVERAGE_SUPPORTED | MIXED_FUNDAMENTAL_DIRECTION | HISTORICAL_VALUATION_HIGH | SIMPLIFIED_DCF_NOT_APPLICABLE | MOPS_SINGLE_ELIGIBLE_FILING,MOPS_EXACT,54be7f7eb253e58e3ab643f82c97eac5fc81a48d6be71eb1d07c4a519c0cf3f4,True
6505,2016-03-31,2016-05-05T16:07:33+08:00,2016-05-05,2016-05-06,UNKNOWN,UNKNOWN,UNKNOWN,N/M,INSUFFICIENT,QUALITY_HISTORY_INSUFFICIENT | STATE_HISTORY_INSUFFICIENT | VALUATION_SECTOR_CYCLICAL_NORMALIZED_EPS | SIMPLIFIED_DCF_NOT_APPLICABLE | MOPS_SINGLE_ELIGIBLE_FILING,MOPS_EXACT,01c12af01892904fb0bae224628edf67f45d9715b8912b07633a76f2a4d2f11d,True
6505,2016-06-30,2016-08-04T15:59:04+08:00,2016-08-04,2016-08-05,UNKNOWN,UNKNOWN,UNKNOWN,N/M,INSUFFICIENT,QUALITY_HISTORY_INSUFFICIENT | STATE_HISTORY_INSUFFICIENT | VALUATION_SECTOR_CYCLICAL_NORMALIZED_EPS | SIMPLIFIED_DCF_NOT_APPLICABLE | MOPS_SINGLE_ELIGIBLE_FILING,MOPS_EXACT,cde4644167e024729d0d98860ce40d0c19ac1a823fcc54478662a789b75ee659,True
6505,2016-09-30,2016-11-03T15:50:55+08:00,2016-11-03,2016-11-04,UNKNOWN,UNKNOWN,UNKNOWN,N/M,INSUFFICIENT,QUALITY_HISTORY_INSUFFICIENT | STATE_HISTORY_INSUFFICIENT | VALUATION_SECTOR_CYCLICAL_NORMALIZED_EPS | SIMPLIFIED_DCF_NOT_APPLICABLE | MOPS_SINGLE_ELIGIBLE_FILING,MOPS_EXACT,7fd4f8857e18154ac4e913e1d676c615d1d97b80de025a500fa294bf6653cc90,True
6505,2016-12-31,2017-03-15T16:04:48+08:00,2017-03-15,2017-03-16,UNKNOWN,UNKNOWN,UNKNOWN,N/M,INSUFFICIENT,QUALITY_HISTORY_INSUFFICIENT | STATE_HISTORY_INSUFFICIENT | VALUATION_SECTOR_CYCLICAL_NORMALIZED_EPS | SIMPLIFIED_DCF_AVAILABLE | MOPS_CONSOLIDATED_PREFERRED_OVER_INDIVIDUAL,MOPS_EXACT,24c9698f51cd2f04ad5ba7a5ec1ad37350fd595e7b4f863a976270c325800dc2,True
6505,2017-03-31,2017-05-04T15:05:04+08:00,2017-05-04,2017-05-05,UNKNOWN,UNKNOWN,UNKNOWN,N/M,INSUFFICIENT,QUALITY_HISTORY_INSUFFICIENT | STATE_HISTORY_INSUFFICIENT | VALUATION_SECTOR_CYCLICAL_NORMALIZED_EPS | SIMPLIFIED_DCF_AVAILABLE | MOPS_SINGLE_ELIGIBLE_FILING,MOPS_EXACT,9f63e9526558baf871285ef6b9fdb305329bf23dc305586a5f24eeddbf7daf31,True
6505,2017-06-30,2017-08-03T15:31:19+08:00,2017-08-03,2017-08-04,UNKNOWN,UNKNOWN,UNKNOWN,N/M,INSUFFICIENT,QUALITY_HISTORY_INSUFFICIENT | STATE_HISTORY_INSUFFICIENT | VALUATION_SECTOR_CYCLICAL_NORMALIZED_EPS | SIMPLIFIED_DCF_AVAILABLE | MOPS_SINGLE_ELIGIBLE_FILING,MOPS_EXACT,0c5dfcbd987e22f634f085f7d8aa18737cfe995792a546768417e1b8bcb3e1d1,True
6505,2017-09-30,2017-11-09T14:27:40+08:00,2017-11-09,2017-11-10,UNKNOWN,UNKNOWN,UNKNOWN,N/M,INSUFFICIENT,QUALITY_HISTORY_INSUFFICIENT | STATE_HISTORY_INSUFFICIENT | VALUATION_SECTOR_CYCLICAL_NORMALIZED_EPS | SIMPLIFIED_DCF_AVAILABLE | MOPS_SINGLE_ELIGIBLE_FILING,MOPS_EXACT,6162a3d850fc97fb1df514a59ce4636db7866eb5db5e3db521262e5009a4c830,True
6505,2017-12-31,2018-03-15T18:07:15+08:00,2018-03-15,2018-03-16,UNKNOWN,UNKNOWN,UNKNOWN,N/M,INSUFFICIENT,QUALITY_HISTORY_INSUFFICIENT | STATE_HISTORY_INSUFFICIENT | VALUATION_SECTOR_CYCLICAL_NORMALIZED_EPS | SIMPLIFIED_DCF_AVAILABLE | MOPS_CONSOLIDATED_PREFERRED_OVER_INDIVIDUAL,MOPS_EXACT,23cc71a52182a6d3d357700e29fc744954358a83140e9e26e42987fb7fc6f038,True
6505,2018-03-31,2018-05-03T17:08:07+08:00,2018-05-03,2018-05-04,UNKNOWN,UNKNOWN,UNKNOWN,N/M,INSUFFICIENT,QUALITY_HISTORY_INSUFFICIENT | STATE_HISTORY_INSUFFICIENT | VALUATION_SECTOR_CYCLICAL_NORMALIZED_EPS | SIMPLIFIED_DCF_AVAILABLE | MOPS_SINGLE_ELIGIBLE_FILING,MOPS_EXACT,9289544e16f1ca8e72515b1ee7afcb5faefb221bb5de896034e73b694ed98901,True
6505,2018-06-30,2018-08-06T15:44:42+08:00,2018-08-06,2018-08-07,UNKNOWN,UNKNOWN,UNKNOWN,N/M,INSUFFICIENT,QUALITY_HISTORY_INSUFFICIENT | STATE_HISTORY_INSUFFICIENT | VALUATION_SECTOR_CYCLICAL_NORMALIZED_EPS | SIMPLIFIED_DCF_AVAILABLE | MOPS_SINGLE_ELIGIBLE_FILING,MOPS_EXACT,7265597cade7fd42cfae4f52ef09b4fde7ea189a099648f3d375c40ff47acaa2,True
6505,2018-09-30,2018-11-08T15:30:27+08:00,2018-11-08,2018-11-09,UNKNOWN,UNKNOWN,UNKNOWN,N/M,INSUFFICIENT,QUALITY_HISTORY_INSUFFICIENT | MIXED_FUNDAMENTAL_DIRECTION | VALUATION_SECTOR_CYCLICAL_NORMALIZED_EPS | SIMPLIFIED_DCF_AVAILABLE | MOPS_SINGLE_ELIGIBLE_FILING,MOPS_EXACT,541fa2f04e4d6c972fe8d3e668a9e846ec3c96f0f8adf49e52c73892e464a1ed,True
6505,2018-12-31,2019-03-11T17:27:20+08:00,2019-03-11,2019-03-12,UNKNOWN,UNKNOWN,UNKNOWN,N/M,INSUFFICIENT,METRIC_COVERAGE_INSUFFICIENT_TTM_REVENUE | METRIC_COVERAGE_INSUFFICIENT_TTM_EPS | METRIC_COVERAGE_INSUFFICIENT_ROE | METRIC_COVERAGE_INSUFFICIENT_ROIC | SECTOR_LOGIC_CYCLICAL | MIXED_FUNDAMENTAL_DIRECTION | VALUATION_SECTOR_CYCLICAL_NORMALIZED_EPS | SIMPLIFIED_DCF_AVAILABLE | MOPS_CONSOLIDATED_PREFERRED_OVER_INDIVIDUAL,MOPS_EXACT,7e0153aa3860e3fe3ca5516a192f8b60309405163c5797fbbcd6a9ee81db6975,True
6505,2019-03-31,2019-05-06T17:59:41+08:00,2019-05-06,2019-05-07,UNKNOWN,UNKNOWN,UNKNOWN,N/M,INSUFFICIENT,METRIC_COVERAGE_INSUFFICIENT_TTM_REVENUE | METRIC_COVERAGE_INSUFFICIENT_TTM_EPS | METRIC_COVERAGE_INSUFFICIENT_ROE | METRIC_COVERAGE_INSUFFICIENT_ROIC | SECTOR_LOGIC_CYCLICAL | MIXED_FUNDAMENTAL_DIRECTION | VALUATION_SECTOR_CYCLICAL_NORMALIZED_EPS | SIMPLIFIED_DCF_AVAILABLE | MOPS_SINGLE_ELIGIBLE_FILING,MOPS_EXACT,ee1d8dbf106624ed20b741e6d39af5f397ae6c3505e5bc2622751634f6191b84,True
6505,2019-06-30,2019-08-07T11:21:03+08:00,2019-08-07,2019-08-08,UNKNOWN,DETERIORATING,DETERIORATING,N/M,INSUFFICIENT,METRIC_COVERAGE_INSUFFICIENT_TTM_REVENUE | METRIC_COVERAGE_INSUFFICIENT_TTM_EPS | METRIC_COVERAGE_INSUFFICIENT_ROE | METRIC_COVERAGE_INSUFFICIENT_ROIC | SECTOR_LOGIC_CYCLICAL | DETERIORATION_CORROBORATED | VALUATION_SECTOR_CYCLICAL_NORMALIZED_EPS | SIMPLIFIED_DCF_AVAILABLE | MOPS_SINGLE_ELIGIBLE_FILING,MOPS_EXACT,6b2aea2f4c6c7d32e649d1050779493593969eafe82ada5f98688f1cd330540c,True
6505,2019-09-30,2019-10-31T14:27:58+08:00,2019-10-31,2019-11-01,UNKNOWN,DETERIORATING,DETERIORATING,LOW,INSUFFICIENT,METRIC_COVERAGE_INSUFFICIENT_ROE | METRIC_COVERAGE_INSUFFICIENT_ROIC | SECTOR_LOGIC_CYCLICAL | DETERIORATION_CORROBORATED | VALUATION_SECTOR_CYCLICAL_NORMALIZED_EPS | SIMPLIFIED_DCF_AVAILABLE | MOPS_SINGLE_ELIGIBLE_FILING,MOPS_EXACT,aa26bed68713e7cf82a83f8344c570d0f863470ca2ff24640645c7607b116e38,True
6505,2019-12-31,2020-03-09T17:25:07+08:00,2020-03-09,2020-03-10,ACCEPTABLE,UNKNOWN,UNKNOWN,LOW,PARTIAL,PROFITABILITY_DURABLE | GROWTH_DURABLE_NOT_ESTABLISHED | CASH_CONVERSION_SUPPORTED | BALANCE_SHEET_RESILIENT | INTEREST_COVERAGE_SUPPORTED | SECTOR_LOGIC_CYCLICAL | MIXED_FUNDAMENTAL_DIRECTION | VALUATION_SECTOR_CYCLICAL_NORMALIZED_EPS | SIMPLIFIED_DCF_AVAILABLE | MOPS_CONSOLIDATED_PREFERRED_OVER_INDIVIDUAL,MOPS_EXACT,721f890e1e6c2021305cff8e6ba5c56a0d651863caa6ce9bdb4a6357aafe89e5,True
6505,2020-03-31,2020-05-06T16:04:21+08:00,2020-05-06,2020-05-07,ACCEPTABLE,DETERIORATING,DETERIORATING,LOW,PARTIAL,PROFITABILITY_DURABLE | GROWTH_DURABLE_NOT_ESTABLISHED | CASH_CONVERSION_SUPPORTED | BALANCE_SHEET_RESILIENT | INTEREST_COVERAGE_SUPPORTED | SECTOR_LOGIC_CYCLICAL | DETERIORATION_CORROBORATED | VALUATION_SECTOR_CYCLICAL_NORMALIZED_EPS | SIMPLIFIED_DCF_AVAILABLE | MOPS_SINGLE_ELIGIBLE_FILING,MOPS_EXACT,5f0dbca94aefbbe7fbc72350029c606dc638a8bb3587e95fab1b286cf0f5182d,True
6505,2020-06-30,2020-08-05T16:07:03+08:00,2020-08-05,2020-08-06,WEAK,DETERIORATING,DETERIORATING,LOW,PARTIAL,NONPOSITIVE_TTM_OPERATING_INCOME | SECTOR_LOGIC_CYCLICAL | DETERIORATION_CORROBORATED | VALUATION_SECTOR_CYCLICAL_NORMALIZED_EPS | SIMPLIFIED_DCF_AVAILABLE | MOPS_SINGLE_ELIGIBLE_FILING,MOPS_EXACT,71a59b7d7a71e8333a91e3917c51e8b0a1ccb64d2e1bcaee98228d8152ee3328,True
6505,2020-09-30,2020-11-05T14:48:42+08:00,2020-11-05,2020-11-06,ACCEPTABLE,DETERIORATING,DETERIORATING,LOW,PARTIAL,PROFITABILITY_DURABLE | GROWTH_DURABLE_NOT_ESTABLISHED | CASH_CONVERSION_SUPPORTED | BALANCE_SHEET_RESILIENT | INTEREST_COVERAGE_SUPPORTED | SECTOR_LOGIC_CYCLICAL | DETERIORATION_CORROBORATED | VALUATION_SECTOR_CYCLICAL_NORMALIZED_EPS | SIMPLIFIED_DCF_AVAILABLE | MOPS_SINGLE_ELIGIBLE_FILING,MOPS_EXACT,b3bac7ac11d4301245704c9d4459e37b1926f80b7091d4a0e0a0d59bc5a37ffc,True
6505,2020-12-31,2021-03-11T16:22:42+08:00,2021-03-11,2021-03-12,ACCEPTABLE,DETERIORATING,DETERIORATING,HIGH,PARTIAL,PROFITABILITY_DURABLE | GROWTH_DURABLE_NOT_ESTABLISHED | CASH_CONVERSION_SUPPORTED | BALANCE_SHEET_RESILIENT | INTEREST_COVERAGE_SUPPORTED | SECTOR_LOGIC_CYCLICAL | DETERIORATION_CORROBORATED | VALUATION_SECTOR_CYCLICAL_NORMALIZED_EPS | SIMPLIFIED_DCF_AVAILABLE | MOPS_CONSOLIDATED_PREFERRED_OVER_INDIVIDUAL,MOPS_EXACT,73234b55d99c6aa1284f7844889620a5dbe64e661510f545eccf74b7a25ab5c5,True
6505,2021-03-31,2021-05-06T15:21:50+08:00,2021-05-06,2021-05-07,ACCEPTABLE,UNKNOWN,UNKNOWN,HIGH,PARTIAL,PROFITABILITY_DURABLE | GROWTH_DURABLE_NOT_ESTABLISHED | CASH_CONVERSION_SUPPORTED | BALANCE_SHEET_RESILIENT | INTEREST_COVERAGE_SUPPORTED | SECTOR_LOGIC_CYCLICAL | MIXED_FUNDAMENTAL_DIRECTION | VALUATION_SECTOR_CYCLICAL_NORMALIZED_EPS | SIMPLIFIED_DCF_AVAILABLE | MOPS_SINGLE_ELIGIBLE_FILING,MOPS_EXACT,b7cc320909f38fd56bbd8caa988b3138f715c9527ef018205fbc07879e3bd0d5,True
6505,2021-06-30,2021-08-05T16:13:26+08:00,2021-08-05,2021-08-06,ACCEPTABLE,IMPROVING,BOTTOMING,HIGH,PARTIAL,PROFITABILITY_DURABLE | GROWTH_DURABLE_NOT_ESTABLISHED | CASH_CONVERSION_SUPPORTED | BALANCE_SHEET_RESILIENT | INTEREST_COVERAGE_SUPPORTED | SECTOR_LOGIC_CYCLICAL | REVENUE_CONTRACTION_NARROWING | RECOVERY_CORROBORATED | VALUATION_SECTOR_CYCLICAL_NORMALIZED_EPS | SIMPLIFIED_DCF_AVAILABLE | MOPS_SINGLE_ELIGIBLE_FILING,MOPS_EXACT,e6fab8cfd4081f6929b22cd5a5cf3a4c9447aa6fe60131b5fe206de87394f592,True
6505,2021-09-30,2021-11-04T14:13:14+08:00,2021-11-04,2021-11-05,ACCEPTABLE,UNKNOWN,UNKNOWN,HIGH,PARTIAL,PROFITABILITY_DURABLE | GROWTH_DURABLE_NOT_ESTABLISHED | CASH_CONVERSION_SUPPORTED | BALANCE_SHEET_RESILIENT | INTEREST_COVERAGE_SUPPORTED | SECTOR_LOGIC_CYCLICAL | MIXED_FUNDAMENTAL_DIRECTION | VALUATION_SECTOR_CYCLICAL_NORMALIZED_EPS | SIMPLIFIED_DCF_AVAILABLE | MOPS_SINGLE_ELIGIBLE_FILING,MOPS_EXACT,71ed617c3cc092eedcc4ed1e8599417421b0828a5f88e9f95dc358971f76380d,True
6505,2021-12-31,2022-03-08T16:43:22+08:00,2022-03-08,2022-03-09,ACCEPTABLE,IMPROVING,TURNING_UP,HIGH,PARTIAL,PROFITABILITY_DURABLE | GROWTH_DURABLE_NOT_ESTABLISHED | CASH_CONVERSION_SUPPORTED | BALANCE_SHEET_RESILIENT | INTEREST_COVERAGE_SUPPORTED | SECTOR_LOGIC_CYCLICAL | EARLY_REVENUE_RECOVERY | RECOVERY_CORROBORATED | VALUATION_SECTOR_CYCLICAL_NORMALIZED_EPS | SIMPLIFIED_DCF_AVAILABLE | MOPS_CONSOLIDATED_PREFERRED_OVER_INDIVIDUAL,MOPS_EXACT,48b01da9b78f99a7e920472ae59a44409a87028e740b7115d89424502596f337,True
6505,2022-03-31,2022-05-05T15:55:20+08:00,2022-05-05,2022-05-06,ACCEPTABLE,STABLE,CONFIRMED_GROWTH,HIGH,PARTIAL,PROFITABILITY_DURABLE | GROWTH_DURABLE_NOT_ESTABLISHED | CASH_CONVERSION_SUPPORTED | BALANCE_SHEET_RESILIENT | INTEREST_COVERAGE_SUPPORTED | SECTOR_LOGIC_CYCLICAL | GROWTH_CONFIRMED_THREE_PERIODS | VALUATION_SECTOR_CYCLICAL_NORMALIZED_EPS | SIMPLIFIED_DCF_AVAILABLE | MOPS_SINGLE_ELIGIBLE_FILING,MOPS_EXACT,5c9262d8726f22175b2e6aa9927fc4cf6ead206316750c0106ba7c76527b3b61,True
6505,2022-06-30,2022-08-04T14:43:18+08:00,2022-08-04,2022-08-05,GOOD,UNKNOWN,UNKNOWN,HIGH,PARTIAL,PROFITABILITY_DURABLE | GROWTH_DURABLE | CASH_CONVERSION_SUPPORTED | BALANCE_SHEET_RESILIENT | INTEREST_COVERAGE_SUPPORTED | SECTOR_LOGIC_CYCLICAL | MIXED_FUNDAMENTAL_DIRECTION | VALUATION_SECTOR_CYCLICAL_NORMALIZED_EPS | SIMPLIFIED_DCF_NOT_APPLICABLE | MOPS_SINGLE_ELIGIBLE_FILING,MOPS_EXACT,eac6bc29f74071e03a44c20d1ff1f9812ec9021e80966f73c8608e0db7dd16fd,True
6505,2022-09-30,2022-11-03T16:38:06+08:00,2022-11-03,2022-11-04,WEAK,DETERIORATING,DETERIORATING,HIGH,PARTIAL,PROFITABILITY_DURABLE | GROWTH_DURABLE | CASH_CONVERSION_SUPPORTED | BALANCE_SHEET_RESILIENT_NOT_ESTABLISHED | INTEREST_COVERAGE_NOT_ESTABLISHED | SECTOR_LOGIC_CYCLICAL | DETERIORATION_CORROBORATED | VALUATION_SECTOR_CYCLICAL_NORMALIZED_EPS | SIMPLIFIED_DCF_NOT_APPLICABLE | MOPS_SINGLE_ELIGIBLE_FILING,MOPS_EXACT,8a7df450ccb334acb6d343574564e67538edbb018e99737b8943af4f13b39fe1,True
6505,2022-12-31,2023-02-24T14:01:17+08:00,2023-02-24,2023-03-01,ACCEPTABLE,DETERIORATING,DETERIORATING,HIGH,PARTIAL,PROFITABILITY_DURABLE | GROWTH_DURABLE_NOT_ESTABLISHED | CASH_CONVERSION_SUPPORTED | BALANCE_SHEET_RESILIENT | INTEREST_COVERAGE_SUPPORTED | SECTOR_LOGIC_CYCLICAL | DETERIORATION_CORROBORATED | VALUATION_SECTOR_CYCLICAL_NORMALIZED_EPS | SIMPLIFIED_DCF_NOT_APPLICABLE | MOPS_CONSOLIDATED_PREFERRED_OVER_INDIVIDUAL,MOPS_EXACT,83a2df63bc4ba40bd74ca2451d4fcc4c130e9ba55c4ebd808581f0b513be5bb1,True
6505,2023-03-31,2023-05-04T17:00:18+08:00,2023-05-04,2023-05-05,WEAK,DETERIORATING,DETERIORATING,HIGH,PARTIAL,NONPOSITIVE_TTM_OPERATING_INCOME | SECTOR_LOGIC_CYCLICAL | DETERIORATION_CORROBORATED | VALUATION_SECTOR_CYCLICAL_NORMALIZED_EPS | SIMPLIFIED_DCF_NOT_APPLICABLE | MOPS_SINGLE_ELIGIBLE_FILING,MOPS_EXACT,cefe0f5c5f285f6a9713b238cd629175df6e4847eb23825bc4c640daa85ba0cf,True
6505,2023-06-30,2023-08-03T11:13:45+08:00,2023-08-03,2023-08-04,WEAK,DETERIORATING,DETERIORATING,HIGH,PARTIAL,NONPOSITIVE_TTM_OPERATING_INCOME | SECTOR_LOGIC_CYCLICAL | DETERIORATION_CORROBORATED | VALUATION_SECTOR_CYCLICAL_NORMALIZED_EPS | SIMPLIFIED_DCF_NOT_APPLICABLE | MOPS_SINGLE_ELIGIBLE_FILING,MOPS_EXACT,0ad06648c728228bd1cce850ade37a779e353a52b085ab5d6590cb5e70247a1d,True
6505,2023-09-30,2023-11-02T15:51:12+08:00,2023-11-02,2023-11-03,WEAK,DETERIORATING,DETERIORATING,HIGH,PARTIAL,PROFITABILITY_DURABLE_NOT_ESTABLISHED | GROWTH_DURABLE | CASH_CONVERSION_SUPPORTED | BALANCE_SHEET_RESILIENT | INTEREST_COVERAGE_SUPPORTED | SECTOR_LOGIC_CYCLICAL | DETERIORATION_CORROBORATED | VALUATION_SECTOR_CYCLICAL_NORMALIZED_EPS | SIMPLIFIED_DCF_AVAILABLE | MOPS_SINGLE_ELIGIBLE_FILING,MOPS_EXACT,dffb42f0e8372073fdb96249753401888e12a7005ea17b7d9ad164add12714d8,True
6505,2023-12-31,2024-02-29T15:42:09+08:00,2024-02-29,2024-03-01,WEAK,UNKNOWN,UNKNOWN,HIGH,PARTIAL,PROFITABILITY_DURABLE_NOT_ESTABLISHED | GROWTH_DURABLE | CASH_CONVERSION_SUPPORTED | BALANCE_SHEET_RESILIENT | INTEREST_COVERAGE_SUPPORTED | SECTOR_LOGIC_CYCLICAL | MIXED_FUNDAMENTAL_DIRECTION | VALUATION_SECTOR_CYCLICAL_NORMALIZED_EPS | SIMPLIFIED_DCF_AVAILABLE | MOPS_CONSOLIDATED_PREFERRED_OVER_INDIVIDUAL,MOPS_EXACT,de5994ee1dc7cf5e9692776999b097ab1ae58e0136248a849677f63301565fd5,True
6505,2024-03-31,2024-05-03T11:47:39+08:00,2024-05-03,2024-05-06,WEAK,UNKNOWN,UNKNOWN,HIGH,PARTIAL,PROFITABILITY_DURABLE_NOT_ESTABLISHED | GROWTH_DURABLE_NOT_ESTABLISHED | CASH_CONVERSION_SUPPORTED | BALANCE_SHEET_RESILIENT | INTEREST_COVERAGE_SUPPORTED | SECTOR_LOGIC_CYCLICAL | MIXED_FUNDAMENTAL_DIRECTION | VALUATION_SECTOR_CYCLICAL_NORMALIZED_EPS | SIMPLIFIED_DCF_AVAILABLE | MOPS_SINGLE_ELIGIBLE_FILING,MOPS_EXACT,a9a1a5d08dc7cc1da08d03af0251436a88434082b386a5d5e48fa71463dac6d1,True
6505,2024-06-30,2024-08-06T10:46:49+08:00,2024-08-06,2024-08-07,WEAK,UNKNOWN,UNKNOWN,HIGH,PARTIAL,PROFITABILITY_DURABLE_NOT_ESTABLISHED | GROWTH_DURABLE_NOT_ESTABLISHED | CASH_CONVERSION_SUPPORTED | BALANCE_SHEET_RESILIENT | INTEREST_COVERAGE_SUPPORTED | SECTOR_LOGIC_CYCLICAL | MIXED_FUNDAMENTAL_DIRECTION | VALUATION_SECTOR_CYCLICAL_NORMALIZED_EPS | SIMPLIFIED_DCF_AVAILABLE | MOPS_SINGLE_ELIGIBLE_FILING,MOPS_EXACT,f775a324c195ba5329d52500de4ce47639e224c09f8a8cac4839acda69ee1269,True
6505,2024-09-30,2024-11-05T13:58:34+08:00,2024-11-05,2024-11-06,WEAK,IMPROVING,BOTTOMING,HIGH,PARTIAL,NONPOSITIVE_TTM_OPERATING_INCOME | SECTOR_LOGIC_CYCLICAL | REVENUE_CONTRACTION_NARROWING | RECOVERY_CORROBORATED | VALUATION_SECTOR_CYCLICAL_NORMALIZED_EPS | SIMPLIFIED_DCF_NOT_APPLICABLE | MOPS_SINGLE_ELIGIBLE_FILING,MOPS_EXACT,50e9e67f64e3037a5e1bc5cbf564de1c2867008290d1dd2a0daeda7af1008fbf,True
6505,2024-12-31,2025-02-27T13:36:41+08:00,2025-02-27,2025-03-03,WEAK,UNKNOWN,UNKNOWN,HIGH,PARTIAL,NONPOSITIVE_TTM_OPERATING_INCOME | SECTOR_LOGIC_CYCLICAL | MIXED_FUNDAMENTAL_DIRECTION | VALUATION_SECTOR_CYCLICAL_NORMALIZED_EPS | SIMPLIFIED_DCF_NOT_APPLICABLE | MOPS_CONSOLIDATED_PREFERRED_OVER_INDIVIDUAL,MOPS_EXACT,ae5c1ae5d472ae42fb5e530582c8c463610125188bd49a3292d85327c5a1c0c1,True
6505,2025-03-31,2025-05-06T14:39:06+08:00,2025-05-06,2025-05-07,WEAK,UNKNOWN,UNKNOWN,HIGH,PARTIAL,NONPOSITIVE_TTM_OPERATING_INCOME | SECTOR_LOGIC_CYCLICAL | MIXED_FUNDAMENTAL_DIRECTION | VALUATION_SECTOR_CYCLICAL_NORMALIZED_EPS | SIMPLIFIED_DCF_AVAILABLE | MOPS_SINGLE_ELIGIBLE_FILING,MOPS_EXACT,e5aa874e3ec2283af3d21f474c9f7ea873bdbb1ba3f4266344649995552e1ed9,True
6505,2025-06-30,2025-08-06T16:02:00+08:00,2025-08-06,2025-08-07,WEAK,UNKNOWN,UNKNOWN,HIGH,PARTIAL,NONPOSITIVE_TTM_OPERATING_INCOME | SECTOR_LOGIC_CYCLICAL | MIXED_FUNDAMENTAL_DIRECTION | VALUATION_SECTOR_CYCLICAL_NORMALIZED_EPS | SIMPLIFIED_DCF_NOT_APPLICABLE | MOPS_SINGLE_ELIGIBLE_FILING,MOPS_EXACT,5e275b55a29272dda305a946c12f8342a2de57c25984e57115a83ba7d0726fb5,True
6505,2025-09-30,2025-11-05T14:35:57+08:00,2025-11-05,2025-11-06,WEAK,UNKNOWN,UNKNOWN,HIGH,PARTIAL,PROFITABILITY_DURABLE_NOT_ESTABLISHED | GROWTH_DURABLE_NOT_ESTABLISHED | CASH_CONVERSION_SUPPORTED | BALANCE_SHEET_RESILIENT | INTEREST_COVERAGE_SUPPORTED | SECTOR_LOGIC_CYCLICAL | MIXED_FUNDAMENTAL_DIRECTION | VALUATION_SECTOR_CYCLICAL_NORMALIZED_EPS | SIMPLIFIED_DCF_AVAILABLE | MOPS_SINGLE_ELIGIBLE_FILING,MOPS_EXACT,32bf4cbcc5622e0f404cccf34b4fb12a8fe74634ae844d954e2aac21304972a7,True
6505,2025-12-31,2026-03-05T15:19:26+08:00,2026-03-05,2026-03-06,WEAK,IMPROVING,BOTTOMING,HIGH,PARTIAL,PROFITABILITY_DURABLE_NOT_ESTABLISHED | GROWTH_DURABLE_NOT_ESTABLISHED | CASH_CONVERSION_SUPPORTED | BALANCE_SHEET_RESILIENT | INTEREST_COVERAGE_SUPPORTED | SECTOR_LOGIC_CYCLICAL | REVENUE_CONTRACTION_NARROWING | RECOVERY_CORROBORATED | VALUATION_SECTOR_CYCLICAL_NORMALIZED_EPS | SIMPLIFIED_DCF_AVAILABLE | MOPS_CONSOLIDATED_PREFERRED_OVER_INDIVIDUAL,MOPS_EXACT,ecffe759ff088619dedebae7cfc48e594d5955491883516d26b8cb1963a4db62,True
6505,2026-03-31,2026-05-07T14:20:18+08:00,2026-05-07,2026-05-08,WEAK,UNKNOWN,UNKNOWN,HIGH,PARTIAL,PROFITABILITY_DURABLE_NOT_ESTABLISHED | GROWTH_DURABLE_NOT_ESTABLISHED | CASH_CONVERSION_SUPPORTED | BALANCE_SHEET_RESILIENT | INTEREST_COVERAGE_SUPPORTED | SECTOR_LOGIC_CYCLICAL | MIXED_FUNDAMENTAL_DIRECTION | VALUATION_SECTOR_CYCLICAL_NORMALIZED_EPS | SIMPLIFIED_DCF_AVAILABLE | MOPS_SINGLE_ELIGIBLE_FILING,MOPS_EXACT,2da62505fcf992b8243b80a683df1e34fd779a7a4490988f31acbfd4464bd034,True
6505,2026-06-30,2026-08-06T13:40:22+08:00,2026-08-06,2026-08-07,WEAK,UNKNOWN,UNKNOWN,HIGH,PARTIAL,PROFITABILITY_DURABLE_NOT_ESTABLISHED | GROWTH_DURABLE_NOT_ESTABLISHED | CASH_CONVERSION_SUPPORTED | BALANCE_SHEET_RESILIENT | INTEREST_COVERAGE_SUPPORTED | SECTOR_LOGIC_CYCLICAL | MIXED_FUNDAMENTAL_DIRECTION | VALUATION_SECTOR_CYCLICAL_NORMALIZED_EPS | CYCLICAL_LOW_PE_TRAP_RISK | SIMPLIFIED_DCF_AVAILABLE | MOPS_SINGLE_ELIGIBLE_FILING,MOPS_EXACT,994eceea5125b601e999ebd73951515fa4ee38dc41feb233a52c1bddcde0f971,True
6669,2016-06-30,,2016-08-29,2016-08-30,UNKNOWN,UNKNOWN,UNKNOWN,N/M,INSUFFICIENT,QUALITY_HISTORY_INSUFFICIENT | STATE_HISTORY_INSUFFICIENT | VALUATION_HISTORY_MISSING | MOPS_GENUINELY_UNMATCHED | AVAILABLE_DATE_PROXY,AVAILABLE_DATE_PROXY,c3e2cf8d86d58f177309506943e0b3f6a1eec7df9082dc2954df8b3beea7d454,True
6669,2016-09-30,,2016-11-29,2016-11-30,UNKNOWN,UNKNOWN,UNKNOWN,N/M,INSUFFICIENT,QUALITY_HISTORY_INSUFFICIENT | STATE_HISTORY_INSUFFICIENT | VALUATION_HISTORY_MISSING | MOPS_GENUINELY_UNMATCHED | AVAILABLE_DATE_PROXY,AVAILABLE_DATE_PROXY,2d4fb69cd1131ac0826824e1e93f308aff6e99dcdb3321e5c77dd6df37559e0e,True
6669,2017-03-31,,2017-05-30,2017-05-31,UNKNOWN,UNKNOWN,UNKNOWN,N/M,INSUFFICIENT,QUALITY_HISTORY_INSUFFICIENT | STATE_HISTORY_INSUFFICIENT | VALUATION_HISTORY_MISSING | MOPS_GENUINELY_UNMATCHED | AVAILABLE_DATE_PROXY,AVAILABLE_DATE_PROXY,ec037d61608eecca388d87d58531cc8376e8de35c9d7bb06115271d085d1e713,True
6669,2016-12-31,2017-10-27T17:38:55+08:00,2017-10-27,2017-10-30,UNKNOWN,UNKNOWN,UNKNOWN,N/M,INSUFFICIENT,QUALITY_HISTORY_INSUFFICIENT | STATE_HISTORY_INSUFFICIENT | VALUATION_HISTORY_MISSING | MOPS_CONSOLIDATED_PREFERRED_OVER_INDIVIDUAL,MOPS_EXACT,7aaf11037bd6dceaa8ce3842bb2ebdea47fdc96eeca0a4f2779ac1aa284a662f,True
6669,2017-06-30,2017-10-27T17:39:21+08:00,2017-10-27,2017-10-30,UNKNOWN,UNKNOWN,UNKNOWN,N/M,INSUFFICIENT,QUALITY_HISTORY_INSUFFICIENT | STATE_HISTORY_INSUFFICIENT | VALUATION_HISTORY_MISSING | MOPS_SINGLE_ELIGIBLE_FILING,MOPS_EXACT,d366a9c7972022fccc34b2ed59bde6a2fcf18d1362dd76d6ae7c46cfcba6f7cf,True
6669,2017-09-30,,2017-11-29,2017-11-30,UNKNOWN,UNKNOWN,UNKNOWN,N/M,INSUFFICIENT,QUALITY_HISTORY_INSUFFICIENT | STATE_HISTORY_INSUFFICIENT | PE_STALE_OR_MISSING | PB_STALE_OR_MISSING | DIVIDEND_YIELD_STALE_OR_MISSING | NONPOSITIVE_OR_MISSING_PE | SIMPLIFIED_DCF_NOT_APPLICABLE | MOPS_GENUINELY_UNMATCHED | AVAILABLE_DATE_PROXY,AVAILABLE_DATE_PROXY,bc008beb57a7228f169645783f278cf50201dcfce5086b0ddb017107d49dc115,True
6669,2017-12-31,2018-04-11T16:26:11+08:00,2018-04-11,2018-04-12,UNKNOWN,UNKNOWN,UNKNOWN,N/M,INSUFFICIENT,QUALITY_HISTORY_INSUFFICIENT | STATE_HISTORY_INSUFFICIENT | PE_STALE_OR_MISSING | PB_STALE_OR_MISSING | DIVIDEND_YIELD_STALE_OR_MISSING | NONPOSITIVE_OR_MISSING_PE | SIMPLIFIED_DCF_NOT_APPLICABLE | MOPS_CONSOLIDATED_PREFERRED_OVER_INDIVIDUAL,MOPS_EXACT,639859f958091a10cf83d7cc202e09e7b04f5a2d8e8f13eae6f6486fe2b7b044,True
6669,2018-06-30,2018-08-13T16:23:47+08:00,2018-08-13,2018-08-14,UNKNOWN,UNKNOWN,UNKNOWN,N/M,INSUFFICIENT,QUALITY_HISTORY_INSUFFICIENT | STATE_HISTORY_INSUFFICIENT | PE_STALE_OR_MISSING | PB_STALE_OR_MISSING | DIVIDEND_YIELD_STALE_OR_MISSING | NONPOSITIVE_OR_MISSING_PE | SIMPLIFIED_DCF_NOT_APPLICABLE | MOPS_SINGLE_ELIGIBLE_FILING,MOPS_EXACT,2c31a9310de3867dded60a7eaba59fd930998cbf5e79ef8a10c6f4a27857af67,True
6669,2018-03-31,2018-09-07T12:57:15+08:00,2018-09-07,2018-09-10,UNKNOWN,UNKNOWN,UNKNOWN,N/M,INSUFFICIENT,QUALITY_HISTORY_INSUFFICIENT | STATE_HISTORY_INSUFFICIENT | PE_STALE_OR_MISSING | PB_STALE_OR_MISSING | DIVIDEND_YIELD_STALE_OR_MISSING | NONPOSITIVE_OR_MISSING_PE | SIMPLIFIED_DCF_NOT_APPLICABLE | MOPS_SINGLE_ELIGIBLE_FILING,MOPS_EXACT,b53740dbe551d32149e6ea7872f792a76b5b5fb1c52d2aadf1724b2cf889a8ee,True
6669,2018-09-30,2018-11-09T15:33:57+08:00,2018-11-09,2018-11-12,UNKNOWN,UNKNOWN,UNKNOWN,N/M,INSUFFICIENT,QUALITY_HISTORY_INSUFFICIENT | STATE_HISTORY_INSUFFICIENT | PE_STALE_OR_MISSING | PB_STALE_OR_MISSING | DIVIDEND_YIELD_STALE_OR_MISSING | NONPOSITIVE_OR_MISSING_PE | SIMPLIFIED_DCF_NOT_APPLICABLE | MOPS_SINGLE_ELIGIBLE_FILING,MOPS_EXACT,e960df6f008ab46de0d3238943caa6de43e01ab31309634e68ed40f8d2a0d501,True
6669,2018-12-31,2019-03-26T18:40:59+08:00,2019-03-26,2019-03-27,UNKNOWN,UNKNOWN,UNKNOWN,N/M,INSUFFICIENT,QUALITY_HISTORY_INSUFFICIENT | STATE_INPUT_MISSING | PE_STALE_OR_MISSING | PB_STALE_OR_MISSING | DIVIDEND_YIELD_STALE_OR_MISSING | NONPOSITIVE_OR_MISSING_PE | SIMPLIFIED_DCF_NOT_APPLICABLE | MOPS_CONSOLIDATED_PREFERRED_OVER_INDIVIDUAL,MOPS_EXACT,c52aaf6d3aa82bbc6d0d192c881c95fb3933e804e917b7273c41cd4139bf06b7,True
6669,2019-03-31,2019-05-02T15:04:56+08:00,2019-05-02,2019-05-03,UNKNOWN,UNKNOWN,UNKNOWN,N/M,INSUFFICIENT,METRIC_COVERAGE_INSUFFICIENT_TTM_REVENUE | METRIC_COVERAGE_INSUFFICIENT_TTM_EPS | METRIC_COVERAGE_INSUFFICIENT_ROE | METRIC_COVERAGE_INSUFFICIENT_ROIC | METRIC_COVERAGE_INSUFFICIENT_TTM_CFO | METRIC_COVERAGE_INSUFFICIENT_TTM_FCF | STATE_INPUT_MISSING | VALUATION_HISTORY_INSUFFICIENT | SIMPLIFIED_DCF_NOT_APPLICABLE | MOPS_SINGLE_ELIGIBLE_FILING,MOPS_EXACT,641650af5c4dcefc30b7d0a5275b3442b6f6834eb771f480d4d0ac070c89a290,True
6669,2019-06-30,2019-08-09T16:43:31+08:00,2019-08-09,2019-08-12,UNKNOWN,UNKNOWN,UNKNOWN,N/M,INSUFFICIENT,METRIC_COVERAGE_INSUFFICIENT_TTM_REVENUE | METRIC_COVERAGE_INSUFFICIENT_TTM_EPS | METRIC_COVERAGE_INSUFFICIENT_ROE | METRIC_COVERAGE_INSUFFICIENT_ROIC | METRIC_COVERAGE_INSUFFICIENT_TTM_CFO | METRIC_COVERAGE_INSUFFICIENT_TTM_FCF | STATE_INPUT_MISSING | VALUATION_HISTORY_INSUFFICIENT | SIMPLIFIED_DCF_AVAILABLE | MOPS_SINGLE_ELIGIBLE_FILING,MOPS_EXACT,2fd34474b8f7214c900e428bfbe536352d5c87c0c6a12a0bbafee05948cb1e09,True
6669,2019-09-30,2019-11-06T16:59:58+08:00,2019-11-06,2019-11-07,UNKNOWN,UNKNOWN,UNKNOWN,HIGH,INSUFFICIENT,METRIC_COVERAGE_INSUFFICIENT_TTM_REVENUE | METRIC_COVERAGE_INSUFFICIENT_TTM_EPS | METRIC_COVERAGE_INSUFFICIENT_ROE | METRIC_COVERAGE_INSUFFICIENT_ROIC | METRIC_COVERAGE_INSUFFICIENT_TTM_CFO | METRIC_COVERAGE_INSUFFICIENT_TTM_FCF | STATE_INPUT_MISSING | HISTORICAL_VALUATION_HIGH | SIMPLIFIED_DCF_AVAILABLE | MOPS_SINGLE_ELIGIBLE_FILING,MOPS_EXACT,da3270616905c5819748b5f59af5b684c93273efcaffa0cd172fc129f2224355,True
6669,2019-12-31,2020-03-20T18:09:25+08:00,2020-03-20,2020-03-23,UNKNOWN,UNKNOWN,UNKNOWN,HIGH,INSUFFICIENT,METRIC_COVERAGE_INSUFFICIENT_TTM_REVENUE | METRIC_COVERAGE_INSUFFICIENT_TTM_EPS | METRIC_COVERAGE_INSUFFICIENT_ROE | METRIC_COVERAGE_INSUFFICIENT_ROIC | METRIC_COVERAGE_INSUFFICIENT_TTM_CFO | METRIC_COVERAGE_INSUFFICIENT_TTM_FCF | STATE_INPUT_MISSING | HISTORICAL_VALUATION_HIGH | SIMPLIFIED_DCF_AVAILABLE | MOPS_CONSOLIDATED_PREFERRED_OVER_INDIVIDUAL,MOPS_EXACT,645da62f9126c2f78d84ea7000fa9d0c85694a90e632c88da39c36d45c9b3ae4,True
6669,2020-03-31,2020-05-08T17:48:01+08:00,2020-05-08,2020-05-11,UNKNOWN,UNKNOWN,UNKNOWN,HIGH,INSUFFICIENT,METRIC_COVERAGE_INSUFFICIENT_TTM_REVENUE | METRIC_COVERAGE_INSUFFICIENT_TTM_EPS | METRIC_COVERAGE_INSUFFICIENT_ROE | METRIC_COVERAGE_INSUFFICIENT_ROIC | METRIC_COVERAGE_INSUFFICIENT_TTM_CFO | METRIC_COVERAGE_INSUFFICIENT_TTM_FCF | STATE_INPUT_MISSING | HISTORICAL_VALUATION_HIGH | SIMPLIFIED_DCF_AVAILABLE | MOPS_SINGLE_ELIGIBLE_FILING,MOPS_EXACT,4093b2fbd881b7fa68a1e43905a43d3df7c14eaab6e6a77c4c74f07c658f05e6,True
6669,2020-06-30,2020-08-07T17:35:24+08:00,2020-08-07,2020-08-10,UNKNOWN,IMPROVING,BOTTOMING,NORMAL,INSUFFICIENT,METRIC_COVERAGE_INSUFFICIENT_TTM_REVENUE | METRIC_COVERAGE_INSUFFICIENT_TTM_EPS | METRIC_COVERAGE_INSUFFICIENT_ROE | METRIC_COVERAGE_INSUFFICIENT_ROIC | METRIC_COVERAGE_INSUFFICIENT_TTM_CFO | METRIC_COVERAGE_INSUFFICIENT_TTM_FCF | REVENUE_CONTRACTION_NARROWING | RECOVERY_CORROBORATED | HISTORICAL_VALUATION_NORMAL | SIMPLIFIED_DCF_AVAILABLE | MOPS_SINGLE_ELIGIBLE_FILING,MOPS_EXACT,1aeda4df8d705ded593f4c957474ec8762f54a419fc8dda93ec26101ba89a35d,True
6669,2020-09-30,2020-11-10T19:35:50+08:00,2020-11-10,2020-11-11,UNKNOWN,IMPROVING,TURNING_UP,NORMAL,INSUFFICIENT,METRIC_COVERAGE_INSUFFICIENT_TTM_REVENUE | METRIC_COVERAGE_INSUFFICIENT_TTM_EPS | METRIC_COVERAGE_INSUFFICIENT_ROE | METRIC_COVERAGE_INSUFFICIENT_ROIC | METRIC_COVERAGE_INSUFFICIENT_TTM_CFO | METRIC_COVERAGE_INSUFFICIENT_TTM_FCF | EARLY_REVENUE_RECOVERY | RECOVERY_CORROBORATED | HISTORICAL_VALUATION_NORMAL | SIMPLIFIED_DCF_NOT_APPLICABLE | MOPS_SINGLE_ELIGIBLE_FILING,MOPS_EXACT,d5cb1581a2d1189abd4fb908eaff9ee73eb3a637b54cce6fa40b5ad030279b00,True
6669,2020-12-31,2021-03-08T18:39:11+08:00,2021-03-08,2021-03-09,UNKNOWN,UNKNOWN,UNKNOWN,NORMAL,INSUFFICIENT,METRIC_COVERAGE_INSUFFICIENT_TTM_REVENUE | METRIC_COVERAGE_INSUFFICIENT_TTM_EPS | METRIC_COVERAGE_INSUFFICIENT_ROE | METRIC_COVERAGE_INSUFFICIENT_ROIC | METRIC_COVERAGE_INSUFFICIENT_TTM_CFO | METRIC_COVERAGE_INSUFFICIENT_TTM_FCF | MIXED_FUNDAMENTAL_DIRECTION | HISTORICAL_VALUATION_NORMAL | SIMPLIFIED_DCF_AVAILABLE | MOPS_CONSOLIDATED_PREFERRED_OVER_INDIVIDUAL,MOPS_EXACT,5190c26c9bd3306f5821e27a1756bfff46d38753bd2826f27086578bb93cc2ce,True
6669,2021-03-31,2021-05-07T17:55:48+08:00,2021-05-07,2021-05-10,UNKNOWN,STABLE,CONFIRMED_GROWTH,NORMAL,INSUFFICIENT,METRIC_COVERAGE_INSUFFICIENT_TTM_REVENUE | METRIC_COVERAGE_INSUFFICIENT_TTM_EPS | METRIC_COVERAGE_INSUFFICIENT_ROE | METRIC_COVERAGE_INSUFFICIENT_ROIC | METRIC_COVERAGE_INSUFFICIENT_TTM_CFO | METRIC_COVERAGE_INSUFFICIENT_TTM_FCF | GROWTH_CONFIRMED_THREE_PERIODS | HISTORICAL_VALUATION_NORMAL | SIMPLIFIED_DCF_AVAILABLE | MOPS_SINGLE_ELIGIBLE_FILING,MOPS_EXACT,52647d7104e9c92a7eef622b6fa128e6cf1c3ffc6a236b10974f91aa475c3972,True
6669,2021-06-30,2021-08-03T17:47:46+08:00,2021-08-03,2021-08-04,UNKNOWN,STABLE,CONFIRMED_GROWTH,NORMAL,INSUFFICIENT,METRIC_COVERAGE_INSUFFICIENT_TTM_REVENUE | METRIC_COVERAGE_INSUFFICIENT_TTM_EPS | METRIC_COVERAGE_INSUFFICIENT_ROE | METRIC_COVERAGE_INSUFFICIENT_ROIC | METRIC_COVERAGE_INSUFFICIENT_TTM_CFO | METRIC_COVERAGE_INSUFFICIENT_TTM_FCF | GROWTH_CONFIRMED_THREE_PERIODS | HISTORICAL_VALUATION_NORMAL | SIMPLIFIED_DCF_NOT_APPLICABLE | MOPS_SINGLE_ELIGIBLE_FILING,MOPS_EXACT,05992e3c04cf2663be5745a05103bbaa167a5e42a7787ed11451974ccf63e878,True
6669,2021-09-30,2021-11-03T16:49:43+08:00,2021-11-03,2021-11-04,UNKNOWN,STABLE,CONFIRMED_GROWTH,NORMAL,INSUFFICIENT,METRIC_COVERAGE_INSUFFICIENT_TTM_REVENUE | METRIC_COVERAGE_INSUFFICIENT_TTM_EPS | METRIC_COVERAGE_INSUFFICIENT_ROE | METRIC_COVERAGE_INSUFFICIENT_ROIC | METRIC_COVERAGE_INSUFFICIENT_TTM_CFO | METRIC_COVERAGE_INSUFFICIENT_TTM_FCF | GROWTH_CONFIRMED_THREE_PERIODS | HISTORICAL_VALUATION_NORMAL | SIMPLIFIED_DCF_NOT_APPLICABLE | MOPS_SINGLE_ELIGIBLE_FILING,MOPS_EXACT,fe739ba576e55283ea07f3f69de291bcfc8ebbb27ab4f9fb948a21ce66e8a1f5,True
6669,2021-12-31,2022-02-25T20:32:14+08:00,2022-02-25,2022-03-01,UNKNOWN,STABLE,CONFIRMED_GROWTH,NORMAL,INSUFFICIENT,METRIC_COVERAGE_INSUFFICIENT_TTM_REVENUE | METRIC_COVERAGE_INSUFFICIENT_TTM_EPS | METRIC_COVERAGE_INSUFFICIENT_ROE | METRIC_COVERAGE_INSUFFICIENT_ROIC | GROWTH_CONFIRMED_THREE_PERIODS | HISTORICAL_VALUATION_NORMAL | SIMPLIFIED_DCF_NOT_APPLICABLE | MOPS_CONSOLIDATED_PREFERRED_OVER_INDIVIDUAL,MOPS_EXACT,93c8e37ae8b9816f1f84f8ff7dafebea5d82df65b1f2db9dff3760877380bdb9,True
6669,2022-03-31,2022-05-04T14:43:55+08:00,2022-05-04,2022-05-05,UNKNOWN,IMPROVING,TURNING_UP,NORMAL,INSUFFICIENT,METRIC_COVERAGE_INSUFFICIENT_TTM_REVENUE | METRIC_COVERAGE_INSUFFICIENT_TTM_EPS | METRIC_COVERAGE_INSUFFICIENT_ROE | METRIC_COVERAGE_INSUFFICIENT_ROIC | EARLY_REVENUE_RECOVERY | RECOVERY_CORROBORATED | HISTORICAL_VALUATION_NORMAL | SIMPLIFIED_DCF_NOT_APPLICABLE | MOPS_SINGLE_ELIGIBLE_FILING,MOPS_EXACT,6d36a8f3a0ca6d6bde24f37318bb958ce448bebe33dabf256888722965553608,True
6669,2022-06-30,2022-08-02T19:13:11+08:00,2022-08-02,2022-08-03,UNKNOWN,IMPROVING,TURNING_UP,LOW,INSUFFICIENT,METRIC_COVERAGE_INSUFFICIENT_TTM_REVENUE | METRIC_COVERAGE_INSUFFICIENT_TTM_EPS | METRIC_COVERAGE_INSUFFICIENT_ROE | METRIC_COVERAGE_INSUFFICIENT_ROIC | EARLY_REVENUE_RECOVERY | RECOVERY_CORROBORATED | HISTORICAL_VALUATION_LOW | SIMPLIFIED_DCF_AVAILABLE | MOPS_SINGLE_ELIGIBLE_FILING,MOPS_EXACT,e96ad1d267932e7c86a8513018e485c6cf99cbb4fbb7996513f79a2498165733,True
6669,2022-09-30,2022-11-02T08:30:24+08:00,2022-11-02,2022-11-03,UNKNOWN,IMPROVING,TURNING_UP,LOW,INSUFFICIENT,METRIC_COVERAGE_INSUFFICIENT_TTM_REVENUE | METRIC_COVERAGE_INSUFFICIENT_TTM_EPS | EARLY_REVENUE_RECOVERY | RECOVERY_CORROBORATED | HISTORICAL_VALUATION_LOW | SIMPLIFIED_DCF_AVAILABLE | MOPS_SINGLE_ELIGIBLE_FILING,MOPS_EXACT,821293e3681824426d0514ae4aab1c5b3f8ba1410d36949069b3f7a9bf7ae7bd,True
6669,2022-12-31,2023-02-23T17:46:19+08:00,2023-02-23,2023-02-24,ACCEPTABLE,IMPROVING,TURNING_UP,LOW,OK,PROFITABILITY_DURABLE | GROWTH_DURABLE | CASH_CONVERSION_SUPPORTED_NOT_ESTABLISHED | BALANCE_SHEET_RESILIENT | INTEREST_COVERAGE_SUPPORTED | EARLY_REVENUE_RECOVERY | RECOVERY_CORROBORATED | HISTORICAL_VALUATION_LOW | SIMPLIFIED_DCF_AVAILABLE | MOPS_CONSOLIDATED_PREFERRED_OVER_INDIVIDUAL,MOPS_EXACT,1bde39c10a4ccf1cf65752e65c32d83e273fbbf7618df30f5056ef793897a0d8,True
6669,2023-03-31,2023-05-08T18:25:11+08:00,2023-05-08,2023-05-09,ACCEPTABLE,STABLE,MATURE_GROWTH,NORMAL,OK,PROFITABILITY_DURABLE | GROWTH_DURABLE | CASH_CONVERSION_SUPPORTED_NOT_ESTABLISHED | BALANCE_SHEET_RESILIENT | INTEREST_COVERAGE_SUPPORTED | SUSTAINED_GROWTH_EIGHT_PERIODS | HISTORICAL_VALUATION_NORMAL | SIMPLIFIED_DCF_AVAILABLE | MOPS_SINGLE_ELIGIBLE_FILING,MOPS_EXACT,9703b0edb3eba417132b23cddde4f6df9ea0466d2d832eb6c30a47606b96a1c3,True
6669,2023-06-30,2023-08-07T18:54:33+08:00,2023-08-07,2023-08-08,ACCEPTABLE,STABLE,MATURE_GROWTH,NORMAL,OK,PROFITABILITY_DURABLE | GROWTH_DURABLE | CASH_CONVERSION_SUPPORTED_NOT_ESTABLISHED | BALANCE_SHEET_RESILIENT | INTEREST_COVERAGE_SUPPORTED | SUSTAINED_GROWTH_EIGHT_PERIODS | HISTORICAL_VALUATION_NORMAL | SIMPLIFIED_DCF_AVAILABLE | MOPS_SINGLE_ELIGIBLE_FILING,MOPS_EXACT,9e32f8ac8f771fc2996e1ed21aeb86d34c2e01faedc5f418f576f215038756b7,True
6669,2023-09-30,2023-11-06T19:00:16+08:00,2023-11-06,2023-11-07,ACCEPTABLE,DETERIORATING,DETERIORATING,HIGH,OK,PROFITABILITY_DURABLE | GROWTH_DURABLE | CASH_CONVERSION_SUPPORTED_NOT_ESTABLISHED | BALANCE_SHEET_RESILIENT | INTEREST_COVERAGE_SUPPORTED | DETERIORATION_CORROBORATED | HISTORICAL_VALUATION_HIGH | SIMPLIFIED_DCF_NOT_APPLICABLE | MOPS_SINGLE_ELIGIBLE_FILING,MOPS_EXACT,a88f0d7b7ef670710c07a66289457647e11f0bf0eada96bd12f14f8ed086ccb8,True
6669,2023-12-31,2024-02-26T21:45:24+08:00,2024-02-26,2024-02-27,ACCEPTABLE,DETERIORATING,DETERIORATING,HIGH,OK,PROFITABILITY_DURABLE | GROWTH_DURABLE | CASH_CONVERSION_SUPPORTED_NOT_ESTABLISHED | BALANCE_SHEET_RESILIENT | INTEREST_COVERAGE_SUPPORTED | DETERIORATION_CORROBORATED | HISTORICAL_VALUATION_HIGH | SIMPLIFIED_DCF_AVAILABLE | MOPS_CONSOLIDATED_PREFERRED_OVER_INDIVIDUAL,MOPS_EXACT,5cdb1a7d4108fda188dbfdb8fce6260f9226b9b602b271bb6adce14f0961675c,True
6669,2024-03-31,2024-05-07T21:11:44+08:00,2024-05-07,2024-05-08,ACCEPTABLE,UNKNOWN,UNKNOWN,HIGH,OK,PROFITABILITY_DURABLE | GROWTH_DURABLE | CASH_CONVERSION_SUPPORTED_NOT_ESTABLISHED | BALANCE_SHEET_RESILIENT | INTEREST_COVERAGE_SUPPORTED | MIXED_FUNDAMENTAL_DIRECTION | HISTORICAL_VALUATION_HIGH | SIMPLIFIED_DCF_AVAILABLE | MOPS_SINGLE_ELIGIBLE_FILING,MOPS_EXACT,bd1aec88c7ee6e56ebd6371d5e9d0ff648c7cbaeb7f4f209524fc987e5b6980a,True
6669,2024-06-30,2024-08-08T23:19:23+08:00,2024-08-08,2024-08-09,GOOD,UNKNOWN,UNKNOWN,NORMAL,OK,PROFITABILITY_DURABLE | GROWTH_DURABLE | CASH_CONVERSION_SUPPORTED | BALANCE_SHEET_RESILIENT | INTEREST_COVERAGE_SUPPORTED | MIXED_FUNDAMENTAL_DIRECTION | HISTORICAL_VALUATION_NORMAL | SIMPLIFIED_DCF_AVAILABLE | MOPS_SINGLE_ELIGIBLE_FILING,MOPS_EXACT,00eae8f95007fff3f02aa4ff83369e4c22c900114a6bc85a424cf7be0f80ac0d,True
6669,2024-09-30,2024-11-13T18:53:35+08:00,2024-11-13,2024-11-14,ACCEPTABLE,IMPROVING,TURNING_UP,HIGH,PARTIAL,PROFITABILITY_DURABLE | GROWTH_DURABLE | CASH_CONVERSION_SUPPORTED_NOT_ESTABLISHED | BALANCE_SHEET_RESILIENT | INTEREST_COVERAGE_SUPPORTED | EARLY_REVENUE_RECOVERY | RECOVERY_CORROBORATED | HISTORICAL_VALUATION_HIGH | SIMPLIFIED_DCF_NOT_APPLICABLE | MOPS_SINGLE_ELIGIBLE_FILING,MOPS_EXACT,6afa6e0d2168b784ae40e879621852e926e2832b7b30bf66307f5d2726dd8650,True
6669,2024-12-31,2025-02-27T19:02:52+08:00,2025-02-27,2025-03-03,ACCEPTABLE,IMPROVING,TURNING_UP,NORMAL,PARTIAL,PROFITABILITY_DURABLE | GROWTH_DURABLE | CASH_CONVERSION_SUPPORTED_NOT_ESTABLISHED | BALANCE_SHEET_RESILIENT | INTEREST_COVERAGE_SUPPORTED | EARLY_REVENUE_RECOVERY | RECOVERY_CORROBORATED | HISTORICAL_VALUATION_NORMAL | SIMPLIFIED_DCF_NOT_APPLICABLE | MOPS_CONSOLIDATED_PREFERRED_OVER_INDIVIDUAL,MOPS_EXACT,67c332d0df09c213cf8a6d87536b3b21dfc2e7fbc48a7fb1e8f0bfa1e9179832,True
6669,2025-03-31,2025-05-08T18:15:30+08:00,2025-05-08,2025-05-09,WEAK,IMPROVING,TURNING_UP,NORMAL,PARTIAL,PROFITABILITY_DURABLE | GROWTH_DURABLE | CASH_CONVERSION_SUPPORTED_NOT_ESTABLISHED | BALANCE_SHEET_RESILIENT_NOT_ESTABLISHED | INTEREST_COVERAGE_NOT_ESTABLISHED | EARLY_REVENUE_RECOVERY | RECOVERY_CORROBORATED | HISTORICAL_VALUATION_NORMAL | SIMPLIFIED_DCF_NOT_APPLICABLE | MOPS_SINGLE_ELIGIBLE_FILING,MOPS_EXACT,2bdf58e202d180c37127eeabfaf8b8df7d09808f245cde8f1e5146fcca67d050,True
6669,2025-06-30,2025-08-08T18:11:37+08:00,2025-08-08,2025-08-11,ACCEPTABLE,IMPROVING,TURNING_UP,NORMAL,PARTIAL,PROFITABILITY_DURABLE | GROWTH_DURABLE | CASH_CONVERSION_SUPPORTED_NOT_ESTABLISHED | BALANCE_SHEET_RESILIENT | INTEREST_COVERAGE_SUPPORTED | EARLY_REVENUE_RECOVERY | RECOVERY_CORROBORATED | HISTORICAL_VALUATION_NORMAL | SIMPLIFIED_DCF_NOT_APPLICABLE | MOPS_SINGLE_ELIGIBLE_FILING,MOPS_EXACT,fe4082a2edb6ec38af76e279c0d2156fcb33184f5adddf01ed7ad2e3ddb9e799,True
6669,2025-09-30,2025-11-07T18:21:53+08:00,2025-11-07,2025-11-10,WEAK,IMPROVING,TURNING_UP,HIGH,PARTIAL,PROFITABILITY_DURABLE | GROWTH_DURABLE | CASH_CONVERSION_SUPPORTED_NOT_ESTABLISHED | BALANCE_SHEET_RESILIENT_NOT_ESTABLISHED | INTEREST_COVERAGE_NOT_ESTABLISHED | EARLY_REVENUE_RECOVERY | RECOVERY_CORROBORATED | HISTORICAL_VALUATION_HIGH | SIMPLIFIED_DCF_NOT_APPLICABLE | MOPS_SINGLE_ELIGIBLE_FILING,MOPS_EXACT,de3ad0513ccc14cb6062b1ab544fb65a23a88fbfd2e0e22834ebd3a75c8c6807,True
6669,2025-12-31,2026-02-26T18:10:38+08:00,2026-02-26,2026-03-02,WEAK,STABLE,CONFIRMED_GROWTH,NORMAL,PARTIAL,FCF_PERSISTENCE_WEAK | GROWTH_CONFIRMED_THREE_PERIODS | HISTORICAL_VALUATION_NORMAL | SIMPLIFIED_DCF_NOT_APPLICABLE | MOPS_CONSOLIDATED_PREFERRED_OVER_INDIVIDUAL,MOPS_EXACT,5e1979d6669d8e2d1f8e72a14adc2766485fc81c48b18a2e83a820fa3f5e0fdb,True
6669,2026-03-31,2026-05-07T18:35:52+08:00,2026-05-07,2026-05-08,WEAK,STABLE,CONFIRMED_GROWTH,NORMAL,PARTIAL,FCF_PERSISTENCE_WEAK | GROWTH_CONFIRMED_THREE_PERIODS | HISTORICAL_VALUATION_NORMAL | SIMPLIFIED_DCF_NOT_APPLICABLE | MOPS_SINGLE_ELIGIBLE_FILING,MOPS_EXACT,9edeb520a4cfbf72bec2ae714af9b6fcce31bb1bef7938e0e66777f494c63693,True
6669,2026-06-30,2026-08-07T19:57:22+08:00,2026-08-07,2026-08-10,WEAK,STABLE,DECELERATING,NORMAL,PARTIAL,FCF_PERSISTENCE_WEAK | POSITIVE_GROWTH_DECELERATING | HISTORICAL_VALUATION_NORMAL | SIMPLIFIED_DCF_NOT_APPLICABLE | MOPS_SINGLE_ELIGIBLE_FILING,MOPS_EXACT,f7cdf6ccbc7dfb069091760259dd934ea833abcadc700c1477a3952c7889e0cf,True
7769,2022-12-31,,2023-03-31,2023-04-06,UNKNOWN,UNKNOWN,UNKNOWN,N/M,INSUFFICIENT,QUALITY_HISTORY_INSUFFICIENT | STATE_HISTORY_INSUFFICIENT | VALUATION_HISTORY_MISSING | MOPS_GENUINELY_UNMATCHED | AVAILABLE_DATE_PROXY,AVAILABLE_DATE_PROXY,f5f49493ebfb441a8ee18206eb741da2bfdaebd8dbb919f224eca757622847fa,True
7769,2023-03-31,,2023-05-30,2023-05-31,UNKNOWN,UNKNOWN,UNKNOWN,N/M,INSUFFICIENT,QUALITY_HISTORY_INSUFFICIENT | STATE_HISTORY_INSUFFICIENT | VALUATION_HISTORY_MISSING | MOPS_GENUINELY_UNMATCHED | AVAILABLE_DATE_PROXY,AVAILABLE_DATE_PROXY,90ac710911bc4bfa3d2b3b30b309da7240976da5bff090a030163b28025f8359,True
7769,2023-06-30,,2023-08-29,2023-08-30,UNKNOWN,UNKNOWN,UNKNOWN,N/M,INSUFFICIENT,QUALITY_HISTORY_INSUFFICIENT | STATE_HISTORY_INSUFFICIENT | VALUATION_HISTORY_MISSING | MOPS_GENUINELY_UNMATCHED | AVAILABLE_DATE_PROXY,AVAILABLE_DATE_PROXY,14a459df120a7fcc7e83a6c0571801c29f7eba937d41f1417ee3818e75321236,True
7769,2023-09-30,,2023-11-29,2023-11-30,UNKNOWN,UNKNOWN,UNKNOWN,N/M,INSUFFICIENT,QUALITY_HISTORY_INSUFFICIENT | STATE_HISTORY_INSUFFICIENT | VALUATION_HISTORY_MISSING | MOPS_GENUINELY_UNMATCHED | AVAILABLE_DATE_PROXY,AVAILABLE_DATE_PROXY,17cba0ad32b8a3a3b805820eafcc152aae9171e90da9b5d1bc1f1b6113ff5870,True
7769,2024-03-31,,2024-05-30,2024-05-31,UNKNOWN,UNKNOWN,UNKNOWN,N/M,INSUFFICIENT,QUALITY_HISTORY_INSUFFICIENT | STATE_HISTORY_INSUFFICIENT | VALUATION_HISTORY_MISSING | MOPS_GENUINELY_UNMATCHED | AVAILABLE_DATE_PROXY,AVAILABLE_DATE_PROXY,a3cdcb42d66ae097824097837ca23310014dbbe75c02dec647ecb9b9c81b2151,True
7769,2024-06-30,2024-09-11T14:09:59+08:00,2024-09-11,2024-09-12,UNKNOWN,UNKNOWN,UNKNOWN,N/M,INSUFFICIENT,QUALITY_HISTORY_INSUFFICIENT | STATE_HISTORY_INSUFFICIENT | VALUATION_HISTORY_MISSING | MOPS_SINGLE_ELIGIBLE_FILING,MOPS_EXACT,f1a66a874e89050662238278d3d388382566c8b2b4ead23c5de93e6e24946a42,True
7769,2023-12-31,2024-10-17T15:04:05+08:00,2024-10-17,2024-10-18,UNKNOWN,UNKNOWN,UNKNOWN,N/M,INSUFFICIENT,QUALITY_HISTORY_INSUFFICIENT | STATE_HISTORY_INSUFFICIENT | VALUATION_HISTORY_MISSING | MOPS_CONSOLIDATED_PREFERRED_OVER_INDIVIDUAL,MOPS_EXACT,a4c4fae968a8ba21ba7dd647ed104c2a098c0581e7259653ed3411ebd735cb00,True
7769,2024-09-30,,2024-11-29,2024-12-02,UNKNOWN,UNKNOWN,UNKNOWN,N/M,INSUFFICIENT,QUALITY_HISTORY_INSUFFICIENT | STATE_HISTORY_INSUFFICIENT | PE_STALE_OR_MISSING | PB_STALE_OR_MISSING | DIVIDEND_YIELD_STALE_OR_MISSING | NONPOSITIVE_OR_MISSING_PE | SIMPLIFIED_DCF_NOT_APPLICABLE | MOPS_GENUINELY_UNMATCHED | AVAILABLE_DATE_PROXY,AVAILABLE_DATE_PROXY,7d26794f90c571344287d2434b046871eb9875b66aea1e95a8ea1d8c703a49b8,True
7769,2024-12-31,2025-03-22T13:47:50+08:00,2025-03-22,2025-03-24,UNKNOWN,UNKNOWN,UNKNOWN,N/M,INSUFFICIENT,QUALITY_HISTORY_INSUFFICIENT | STATE_HISTORY_INSUFFICIENT | PE_STALE_OR_MISSING | PB_STALE_OR_MISSING | DIVIDEND_YIELD_STALE_OR_MISSING | NONPOSITIVE_OR_MISSING_PE | SIMPLIFIED_DCF_NOT_APPLICABLE | MOPS_CONSOLIDATED_PREFERRED_OVER_INDIVIDUAL,MOPS_EXACT,c4f7f8e6fe965eb0def61e0c88adb725d127775ef53c8b6459d33a5a82cb75a8,True
7769,2025-03-31,2025-06-06T11:19:19+08:00,2025-06-06,2025-06-09,UNKNOWN,UNKNOWN,UNKNOWN,N/M,INSUFFICIENT,QUALITY_HISTORY_INSUFFICIENT | STATE_HISTORY_INSUFFICIENT | PE_STALE_OR_MISSING | PB_STALE_OR_MISSING | DIVIDEND_YIELD_STALE_OR_MISSING | NONPOSITIVE_OR_MISSING_PE | SIMPLIFIED_DCF_NOT_APPLICABLE | MOPS_SINGLE_ELIGIBLE_FILING,MOPS_EXACT,02b00f026cd99b65c01826a48ac02ef5492af8981f2db28f52a9560d429b3ee5,True
7769,2025-06-30,2025-08-11T17:02:27+08:00,2025-08-11,2025-08-12,UNKNOWN,UNKNOWN,UNKNOWN,N/M,INSUFFICIENT,QUALITY_HISTORY_INSUFFICIENT | STATE_INPUT_MISSING | PE_STALE_OR_MISSING | PB_STALE_OR_MISSING | DIVIDEND_YIELD_STALE_OR_MISSING | NONPOSITIVE_OR_MISSING_PE | SIMPLIFIED_DCF_NOT_APPLICABLE | MOPS_SINGLE_ELIGIBLE_FILING,MOPS_EXACT,18705d89f5d6727c95431944d0740c0560e17bcd3ce4e13930eb78864c2fddff,True
7769,2025-09-30,2025-11-05T15:02:33+08:00,2025-11-05,2025-11-06,UNKNOWN,UNKNOWN,UNKNOWN,N/M,INSUFFICIENT,METRIC_COVERAGE_INSUFFICIENT_TTM_REVENUE | METRIC_COVERAGE_INSUFFICIENT_TTM_EPS | METRIC_COVERAGE_INSUFFICIENT_ROE | METRIC_COVERAGE_INSUFFICIENT_ROIC | METRIC_COVERAGE_INSUFFICIENT_TTM_CFO | METRIC_COVERAGE_INSUFFICIENT_TTM_FCF | METRIC_COVERAGE_INSUFFICIENT_EQUITY | STATE_INPUT_MISSING | PE_STALE_OR_MISSING | PB_STALE_OR_MISSING | DIVIDEND_YIELD_STALE_OR_MISSING | NONPOSITIVE_OR_MISSING_PE | SIMPLIFIED_DCF_AVAILABLE | MOPS_SINGLE_ELIGIBLE_FILING,MOPS_EXACT,53d9182e91f0f0989088ac4b751c95c46da08cc15fcec0bee66c2ccc3c70d399,True
7769,2025-12-31,2026-03-13T17:09:26+08:00,2026-03-13,2026-03-16,UNKNOWN,UNKNOWN,UNKNOWN,N/M,INSUFFICIENT,METRIC_COVERAGE_INSUFFICIENT_TTM_REVENUE | METRIC_COVERAGE_INSUFFICIENT_TTM_EPS | METRIC_COVERAGE_INSUFFICIENT_ROE | METRIC_COVERAGE_INSUFFICIENT_ROIC | METRIC_COVERAGE_INSUFFICIENT_TTM_CFO | METRIC_COVERAGE_INSUFFICIENT_TTM_FCF | METRIC_COVERAGE_INSUFFICIENT_EQUITY | STATE_INPUT_MISSING | VALUATION_HISTORY_INSUFFICIENT | SIMPLIFIED_DCF_AVAILABLE | MOPS_CONSOLIDATED_PREFERRED_OVER_INDIVIDUAL,MOPS_EXACT,0e189521f25e4d89707ca1a99fa8c9160d6e74be2f65363653f2aca641f04738,True
7769,2026-03-31,2026-05-15T17:17:48+08:00,2026-05-15,2026-05-18,UNKNOWN,UNKNOWN,UNKNOWN,N/M,INSUFFICIENT,METRIC_COVERAGE_INSUFFICIENT_TTM_REVENUE | METRIC_COVERAGE_INSUFFICIENT_TTM_EPS | METRIC_COVERAGE_INSUFFICIENT_ROE | METRIC_COVERAGE_INSUFFICIENT_ROIC | METRIC_COVERAGE_INSUFFICIENT_TTM_CFO | METRIC_COVERAGE_INSUFFICIENT_TTM_FCF | METRIC_COVERAGE_INSUFFICIENT_EQUITY | STATE_INPUT_MISSING | VALUATION_HISTORY_INSUFFICIENT | SIMPLIFIED_DCF_AVAILABLE | MOPS_SINGLE_ELIGIBLE_FILING,MOPS_EXACT,1c30d6dac17a8fb627c3657bd35dc67df4bb6ab6aaf09f72659aa438fe0ab8b1,True
7769,2026-06-30,2026-08-11T16:21:12+08:00,2026-08-11,2026-08-12,UNKNOWN,UNKNOWN,UNKNOWN,NORMAL,INSUFFICIENT,METRIC_COVERAGE_INSUFFICIENT_TTM_REVENUE | METRIC_COVERAGE_INSUFFICIENT_TTM_EPS | METRIC_COVERAGE_INSUFFICIENT_ROE | METRIC_COVERAGE_INSUFFICIENT_ROIC | METRIC_COVERAGE_INSUFFICIENT_TTM_CFO | METRIC_COVERAGE_INSUFFICIENT_TTM_FCF | METRIC_COVERAGE_INSUFFICIENT_EQUITY | STATE_INPUT_MISSING | HISTORICAL_VALUATION_NORMAL | SIMPLIFIED_DCF_AVAILABLE | MOPS_SINGLE_ELIGIBLE_FILING,MOPS_EXACT,8b6ad455abb9cc222192b427ae9d1500001580eb5e87f2e563bca7d13c981796,True
8046,2016-03-31,2016-05-09T16:44:01+08:00,2016-05-09,2016-05-10,UNKNOWN,UNKNOWN,UNKNOWN,N/M,INSUFFICIENT,QUALITY_HISTORY_INSUFFICIENT | STATE_HISTORY_INSUFFICIENT | VALUATION_SECTOR_CYCLICAL_NORMALIZED_EPS | SIMPLIFIED_DCF_NOT_APPLICABLE | MOPS_SINGLE_ELIGIBLE_FILING,MOPS_EXACT,30105f6140d8df98d3e97ad0a5d0c9ed05b8d99b171b49d00d10a5e85a501ebd,True
8046,2016-06-30,2016-08-10T16:00:26+08:00,2016-08-10,2016-08-11,UNKNOWN,UNKNOWN,UNKNOWN,N/M,INSUFFICIENT,QUALITY_HISTORY_INSUFFICIENT | STATE_HISTORY_INSUFFICIENT | VALUATION_SECTOR_CYCLICAL_NORMALIZED_EPS | SIMPLIFIED_DCF_NOT_APPLICABLE | MOPS_SINGLE_ELIGIBLE_FILING,MOPS_EXACT,ff133349e27973eaeb6aed03bdd07a305acc9371bbe87081a1b5c768157381c9,True
8046,2016-09-30,2016-11-10T16:03:48+08:00,2016-11-10,2016-11-11,UNKNOWN,UNKNOWN,UNKNOWN,N/M,INSUFFICIENT,QUALITY_HISTORY_INSUFFICIENT | STATE_HISTORY_INSUFFICIENT | VALUATION_SECTOR_CYCLICAL_NORMALIZED_EPS | SIMPLIFIED_DCF_NOT_APPLICABLE | MOPS_SINGLE_ELIGIBLE_FILING,MOPS_EXACT,dbd23a36d8610409a333abadf18ca880b96ba51cb70375adc4841fee9bbb8a85,True
8046,2016-12-31,2017-03-24T16:28:36+08:00,2017-03-24,2017-03-27,UNKNOWN,UNKNOWN,UNKNOWN,N/M,INSUFFICIENT,QUALITY_HISTORY_INSUFFICIENT | STATE_HISTORY_INSUFFICIENT | VALUATION_SECTOR_CYCLICAL_NORMALIZED_EPS | SIMPLIFIED_DCF_NOT_APPLICABLE | MOPS_CONSOLIDATED_PREFERRED_OVER_INDIVIDUAL,MOPS_EXACT,985103b949682824cb77d8bcbaf9af3f8b09ccaf7bac1ee781d199ab05263241,True
8046,2017-03-31,2017-05-12T16:26:34+08:00,2017-05-12,2017-05-15,UNKNOWN,UNKNOWN,UNKNOWN,N/M,INSUFFICIENT,QUALITY_HISTORY_INSUFFICIENT | STATE_HISTORY_INSUFFICIENT | VALUATION_SECTOR_CYCLICAL_NORMALIZED_EPS | SIMPLIFIED_DCF_NOT_APPLICABLE | MOPS_SINGLE_ELIGIBLE_FILING,MOPS_EXACT,19ccb2412bc15e6ab2b588ade8c304679a938fc962a688a34c34833b562d0538,True
8046,2017-06-30,2017-08-11T15:57:15+08:00,2017-08-11,2017-08-14,UNKNOWN,UNKNOWN,UNKNOWN,N/M,INSUFFICIENT,QUALITY_HISTORY_INSUFFICIENT | STATE_HISTORY_INSUFFICIENT | VALUATION_SECTOR_CYCLICAL_NORMALIZED_EPS | SIMPLIFIED_DCF_NOT_APPLICABLE | MOPS_SINGLE_ELIGIBLE_FILING,MOPS_EXACT,9b0dbcdd37a16cc9d6972cc372bb51297a73d60d778dc534d02f763fefec02eb,True
8046,2017-09-30,2017-11-10T16:14:31+08:00,2017-11-10,2017-11-13,UNKNOWN,UNKNOWN,UNKNOWN,N/M,INSUFFICIENT,QUALITY_HISTORY_INSUFFICIENT | STATE_HISTORY_INSUFFICIENT | VALUATION_SECTOR_CYCLICAL_NORMALIZED_EPS | SIMPLIFIED_DCF_NOT_APPLICABLE | MOPS_SINGLE_ELIGIBLE_FILING,MOPS_EXACT,f3e3141cb8ce58ed939ede6cec7e10f41c9061b4a29eb7ab8324fdb18291614f,True
8046,2017-12-31,2018-03-23T16:49:10+08:00,2018-03-23,2018-03-26,UNKNOWN,UNKNOWN,UNKNOWN,N/M,INSUFFICIENT,QUALITY_HISTORY_INSUFFICIENT | STATE_HISTORY_INSUFFICIENT | VALUATION_SECTOR_CYCLICAL_NORMALIZED_EPS | SIMPLIFIED_DCF_NOT_APPLICABLE | MOPS_CONSOLIDATED_PREFERRED_OVER_INDIVIDUAL,MOPS_EXACT,0b315c4078811c036fc06be0f30b3060df441b0d64ccfab0d66b7507ed3600f2,True
8046,2018-03-31,2018-05-09T16:01:04+08:00,2018-05-09,2018-05-10,UNKNOWN,UNKNOWN,UNKNOWN,N/M,INSUFFICIENT,QUALITY_HISTORY_INSUFFICIENT | STATE_HISTORY_INSUFFICIENT | VALUATION_SECTOR_CYCLICAL_NORMALIZED_EPS | SIMPLIFIED_DCF_NOT_APPLICABLE | MOPS_SINGLE_ELIGIBLE_FILING,MOPS_EXACT,659cf849337bbb2cf76b9167881883da82d23da8474821e967c76a92d2f15a4e,True
8046,2018-06-30,2018-08-10T14:56:01+08:00,2018-08-10,2018-08-13,UNKNOWN,UNKNOWN,UNKNOWN,N/M,INSUFFICIENT,QUALITY_HISTORY_INSUFFICIENT | STATE_HISTORY_INSUFFICIENT | VALUATION_SECTOR_CYCLICAL_NORMALIZED_EPS | SIMPLIFIED_DCF_NOT_APPLICABLE | MOPS_SINGLE_ELIGIBLE_FILING,MOPS_EXACT,c867b9d0fc02828508518cc62884274ca83144b0e326a222980267a1dd4bd188,True
8046,2018-09-30,2018-11-12T16:34:30+08:00,2018-11-12,2018-11-13,UNKNOWN,IMPROVING,TURNING_UP,N/M,INSUFFICIENT,QUALITY_HISTORY_INSUFFICIENT | EARLY_REVENUE_RECOVERY | RECOVERY_CORROBORATED | VALUATION_SECTOR_CYCLICAL_NORMALIZED_EPS | SIMPLIFIED_DCF_NOT_APPLICABLE | MOPS_SINGLE_ELIGIBLE_FILING,MOPS_EXACT,8f8e14c5dc84058ca93c06944e7596a9ff5e15a3c62daa58f64ac7b3a5a06c1b,True
8046,2018-12-31,2019-03-20T17:53:48+08:00,2019-03-20,2019-03-21,UNKNOWN,IMPROVING,TURNING_UP,N/M,INSUFFICIENT,METRIC_COVERAGE_INSUFFICIENT_TTM_REVENUE | METRIC_COVERAGE_INSUFFICIENT_TTM_EPS | METRIC_COVERAGE_INSUFFICIENT_ROE | METRIC_COVERAGE_INSUFFICIENT_ROIC | SECTOR_LOGIC_CYCLICAL | EARLY_REVENUE_RECOVERY | RECOVERY_CORROBORATED | VALUATION_SECTOR_CYCLICAL_NORMALIZED_EPS | SIMPLIFIED_DCF_NOT_APPLICABLE | MOPS_CONSOLIDATED_PREFERRED_OVER_INDIVIDUAL,MOPS_EXACT,a233b8bac630683a2963553f66498ecb91bdd54081117282250db980344bcc82,True
8046,2019-03-31,2019-05-10T14:25:47+08:00,2019-05-10,2019-05-13,UNKNOWN,UNKNOWN,UNKNOWN,N/M,INSUFFICIENT,METRIC_COVERAGE_INSUFFICIENT_TTM_REVENUE | METRIC_COVERAGE_INSUFFICIENT_TTM_EPS | METRIC_COVERAGE_INSUFFICIENT_ROE | METRIC_COVERAGE_INSUFFICIENT_ROIC | SECTOR_LOGIC_CYCLICAL | MIXED_FUNDAMENTAL_DIRECTION | VALUATION_SECTOR_CYCLICAL_NORMALIZED_EPS | SIMPLIFIED_DCF_NOT_APPLICABLE | MOPS_SINGLE_ELIGIBLE_FILING,MOPS_EXACT,d81bb33a922c9c92b0144cf8678fae9e3a70472fd48729e42f4d7deda1a8ee14,True
8046,2019-06-30,2019-08-12T14:38:45+08:00,2019-08-12,2019-08-13,UNKNOWN,IMPROVING,TURNING_UP,N/M,INSUFFICIENT,METRIC_COVERAGE_INSUFFICIENT_TTM_REVENUE | METRIC_COVERAGE_INSUFFICIENT_TTM_EPS | METRIC_COVERAGE_INSUFFICIENT_ROE | METRIC_COVERAGE_INSUFFICIENT_ROIC | SECTOR_LOGIC_CYCLICAL | EARLY_REVENUE_RECOVERY | RECOVERY_CORROBORATED | VALUATION_SECTOR_CYCLICAL_NORMALIZED_EPS | SIMPLIFIED_DCF_NOT_APPLICABLE | MOPS_SINGLE_ELIGIBLE_FILING,MOPS_EXACT,9e0adf5e0d8d190896e5fcbe3e3775b00b693b02b4d0a0817846c7681acf19f6,True
8046,2019-09-30,2019-11-08T16:59:19+08:00,2019-11-08,2019-11-11,UNKNOWN,UNKNOWN,UNKNOWN,N/M,INSUFFICIENT,METRIC_COVERAGE_INSUFFICIENT_ROE | METRIC_COVERAGE_INSUFFICIENT_ROIC | SECTOR_LOGIC_CYCLICAL | MIXED_FUNDAMENTAL_DIRECTION | VALUATION_SECTOR_CYCLICAL_NORMALIZED_EPS | SIMPLIFIED_DCF_NOT_APPLICABLE | MOPS_SINGLE_ELIGIBLE_FILING,MOPS_EXACT,d7ba19036ba40076a00dd9edcdd4ebaccb8d25797be88db6e0fa44e5487228fc,True
8046,2019-12-31,2020-03-18T16:01:25+08:00,2020-03-18,2020-03-19,WEAK,DETERIORATING,DETERIORATING,N/M,PARTIAL,NEGATIVE_MEDIAN_ROE | SECTOR_LOGIC_CYCLICAL | DETERIORATION_CORROBORATED | VALUATION_SECTOR_CYCLICAL_NORMALIZED_EPS | SIMPLIFIED_DCF_NOT_APPLICABLE | MOPS_CONSOLIDATED_PREFERRED_OVER_INDIVIDUAL,MOPS_EXACT,631f05c014f4b962ac99b76086eb4c025ebdb8787de6ea422a5353f2230cb050,True
8046,2020-03-31,2020-05-11T13:39:44+08:00,2020-05-11,2020-05-12,WEAK,UNKNOWN,UNKNOWN,N/M,PARTIAL,NEGATIVE_MEDIAN_ROE | SECTOR_LOGIC_CYCLICAL | MIXED_FUNDAMENTAL_DIRECTION | VALUATION_SECTOR_CYCLICAL_NORMALIZED_EPS | SIMPLIFIED_DCF_NOT_APPLICABLE | MOPS_SINGLE_ELIGIBLE_FILING,MOPS_EXACT,fef88ae115cf75900a6776379dad08e2ebbe292d547455080b9c8ad90720ffa3,True
8046,2020-06-30,2020-08-10T14:05:49+08:00,2020-08-10,2020-08-11,WEAK,IMPROVING,TURNING_UP,N/M,PARTIAL,NEGATIVE_MEDIAN_ROE | SECTOR_LOGIC_CYCLICAL | EARLY_REVENUE_RECOVERY | RECOVERY_CORROBORATED | VALUATION_SECTOR_CYCLICAL_NORMALIZED_EPS | SIMPLIFIED_DCF_NOT_APPLICABLE | MOPS_SINGLE_ELIGIBLE_FILING,MOPS_EXACT,fec46f9b65cda42691882cc5360a10e2e270093d90accc8aa905a065b35f7862,True
8046,2020-09-30,2020-11-09T14:12:27+08:00,2020-11-09,2020-11-10,WEAK,IMPROVING,TURNING_UP,N/M,PARTIAL,NEGATIVE_MEDIAN_ROE | SECTOR_LOGIC_CYCLICAL | EARLY_REVENUE_RECOVERY | RECOVERY_CORROBORATED | VALUATION_SECTOR_CYCLICAL_NORMALIZED_EPS | SIMPLIFIED_DCF_NOT_APPLICABLE | MOPS_SINGLE_ELIGIBLE_FILING,MOPS_EXACT,17207c39ba1e73a16c2fec1ab0940f9324f336d3958a5de6ed4999f43f88ed8b,True
8046,2020-12-31,2021-02-25T15:20:14+08:00,2021-02-25,2021-02-26,WEAK,IMPROVING,TURNING_UP,N/M,PARTIAL,NEGATIVE_MEDIAN_ROE | SECTOR_LOGIC_CYCLICAL | EARLY_REVENUE_RECOVERY | RECOVERY_CORROBORATED | VALUATION_SECTOR_CYCLICAL_NORMALIZED_EPS | SIMPLIFIED_DCF_NOT_APPLICABLE | MOPS_CONSOLIDATED_PREFERRED_OVER_INDIVIDUAL,MOPS_EXACT,77cce4b7ae865a3cd6c0c7c2740fa81c4f0ec7961cbf1f5dd8901361f0976f08,True
8046,2021-03-31,2021-05-11T17:49:06+08:00,2021-05-11,2021-05-12,WEAK,IMPROVING,TURNING_UP,N/M,PARTIAL,NEGATIVE_MEDIAN_ROE | SECTOR_LOGIC_CYCLICAL | EARLY_REVENUE_RECOVERY | RECOVERY_CORROBORATED | VALUATION_SECTOR_CYCLICAL_NORMALIZED_EPS | SIMPLIFIED_DCF_NOT_APPLICABLE | MOPS_SINGLE_ELIGIBLE_FILING,MOPS_EXACT,8f015e45002131a7a96fb7dfc4bd2393c07a178844201b893b532e0c58a9436b,True
8046,2021-06-30,2021-08-03T14:28:34+08:00,2021-08-03,2021-08-04,WEAK,STABLE,CONFIRMED_GROWTH,N/M,PARTIAL,NEGATIVE_MEDIAN_ROE | SECTOR_LOGIC_CYCLICAL | GROWTH_CONFIRMED_THREE_PERIODS | VALUATION_SECTOR_CYCLICAL_NORMALIZED_EPS | SIMPLIFIED_DCF_AVAILABLE | MOPS_SINGLE_ELIGIBLE_FILING,MOPS_EXACT,f9704563fd49b417ad0d736e1686132c15fb107f3eb39110f673696fff90fc12,True
8046,2021-09-30,2021-11-09T15:45:12+08:00,2021-11-09,2021-11-10,WEAK,STABLE,CONFIRMED_GROWTH,N/M,PARTIAL,NEGATIVE_MEDIAN_ROE | SECTOR_LOGIC_CYCLICAL | GROWTH_CONFIRMED_THREE_PERIODS | VALUATION_SECTOR_CYCLICAL_NORMALIZED_EPS | SIMPLIFIED_DCF_AVAILABLE | MOPS_SINGLE_ELIGIBLE_FILING,MOPS_EXACT,cca0dea2971d1a429b5e16d6237e11c88b856a7f4e93d4f2feafb16910cb7f26,True
8046,2021-12-31,2022-02-25T14:12:41+08:00,2022-02-25,2022-03-01,WEAK,STABLE,CONFIRMED_GROWTH,N/M,PARTIAL,FCF_PERSISTENCE_WEAK | SECTOR_LOGIC_CYCLICAL | GROWTH_CONFIRMED_THREE_PERIODS | VALUATION_SECTOR_CYCLICAL_NORMALIZED_EPS | CYCLICAL_LOW_PE_TRAP_RISK | SIMPLIFIED_DCF_AVAILABLE | MOPS_CONSOLIDATED_PREFERRED_OVER_INDIVIDUAL,MOPS_EXACT,b4834715bccf585d4814a8250647851b8acd32d0a5fe99ca1eb377a3dbc804ea,True
8046,2022-03-31,2022-05-05T14:53:12+08:00,2022-05-05,2022-05-06,WEAK,STABLE,CONFIRMED_GROWTH,N/M,PARTIAL,FCF_PERSISTENCE_WEAK | SECTOR_LOGIC_CYCLICAL | GROWTH_CONFIRMED_THREE_PERIODS | VALUATION_SECTOR_CYCLICAL_NORMALIZED_EPS | CYCLICAL_LOW_PE_TRAP_RISK | SIMPLIFIED_DCF_AVAILABLE | MOPS_SINGLE_ELIGIBLE_FILING,MOPS_EXACT,ae32c5fa2bc5359ec0bc728bb9a7666cc86d92ae2a779af24608ba42f5ce36e1,True
8046,2022-06-30,2022-08-04T14:48:55+08:00,2022-08-04,2022-08-05,WEAK,STABLE,MATURE_GROWTH,N/M,PARTIAL,FCF_PERSISTENCE_WEAK | SECTOR_LOGIC_CYCLICAL | SUSTAINED_GROWTH_EIGHT_PERIODS | VALUATION_SECTOR_CYCLICAL_NORMALIZED_EPS | CYCLICAL_LOW_PE_TRAP_RISK | SIMPLIFIED_DCF_AVAILABLE | MOPS_SINGLE_ELIGIBLE_FILING,MOPS_EXACT,69b64bea4d98dd2c4f891f1f22a3ccac7a1bd9b81c8bcc8a5b88ae2450d3be47,True
8046,2022-09-30,2022-11-03T16:27:38+08:00,2022-11-03,2022-11-04,WEAK,STABLE,MATURE_GROWTH,N/M,PARTIAL,FCF_PERSISTENCE_WEAK | SECTOR_LOGIC_CYCLICAL | SUSTAINED_GROWTH_EIGHT_PERIODS | VALUATION_SECTOR_CYCLICAL_NORMALIZED_EPS | CYCLICAL_LOW_PE_TRAP_RISK | SIMPLIFIED_DCF_AVAILABLE | MOPS_SINGLE_ELIGIBLE_FILING,MOPS_EXACT,3936ecea18fa61c34f6d8d1b93dd0c7f6ee1dea6366bff4b68812799c41cb022,True
8046,2022-12-31,2023-02-24T14:44:41+08:00,2023-02-24,2023-03-01,WEAK,STABLE,MATURE_GROWTH,N/M,PARTIAL,FCF_PERSISTENCE_WEAK | SECTOR_LOGIC_CYCLICAL | SUSTAINED_GROWTH_EIGHT_PERIODS | VALUATION_SECTOR_CYCLICAL_NORMALIZED_EPS | CYCLICAL_LOW_PE_TRAP_RISK | SIMPLIFIED_DCF_AVAILABLE | MOPS_CONSOLIDATED_PREFERRED_OVER_INDIVIDUAL,MOPS_EXACT,43aebb52a946e6a90eb134e8a935c37ddbebf2a4b8cde53d8639c474daa0e189,True
8046,2023-03-31,2023-05-04T15:46:37+08:00,2023-05-04,2023-05-05,WEAK,STABLE,MATURE_GROWTH,N/M,PARTIAL,FCF_PERSISTENCE_WEAK | SECTOR_LOGIC_CYCLICAL | SUSTAINED_GROWTH_EIGHT_PERIODS | VALUATION_SECTOR_CYCLICAL_NORMALIZED_EPS | CYCLICAL_LOW_PE_TRAP_RISK | SIMPLIFIED_DCF_AVAILABLE | MOPS_SINGLE_ELIGIBLE_FILING,MOPS_EXACT,a8e80c2f478b7cc8a118895795db77801ab77d2c4f3426be30fab45853268de1,True
8046,2023-06-30,2023-08-03T15:31:20+08:00,2023-08-03,2023-08-04,WEAK,DETERIORATING,DETERIORATING,N/M,PARTIAL,FCF_PERSISTENCE_WEAK | SECTOR_LOGIC_CYCLICAL | DETERIORATION_CORROBORATED | VALUATION_SECTOR_CYCLICAL_NORMALIZED_EPS | CYCLICAL_LOW_PE_TRAP_RISK | SIMPLIFIED_DCF_AVAILABLE | MOPS_SINGLE_ELIGIBLE_FILING,MOPS_EXACT,30e8196a0325fcc71697909e8cefff24a9edbbed04ada2ce082a62b815e5ff73,True
8046,2023-09-30,2023-11-02T14:18:01+08:00,2023-11-02,2023-11-03,WEAK,DETERIORATING,DETERIORATING,N/M,PARTIAL,PROFITABILITY_DURABLE | GROWTH_DURABLE | CASH_CONVERSION_SUPPORTED_NOT_ESTABLISHED | BALANCE_SHEET_RESILIENT_NOT_ESTABLISHED | INTEREST_COVERAGE_NOT_ESTABLISHED | SECTOR_LOGIC_CYCLICAL | DETERIORATION_CORROBORATED | VALUATION_SECTOR_CYCLICAL_NORMALIZED_EPS | CYCLICAL_LOW_PE_TRAP_RISK | SIMPLIFIED_DCF_AVAILABLE | MOPS_SINGLE_ELIGIBLE_FILING,MOPS_EXACT,ef418c42a6a021187a4e73c0c234123b6ce00918d2c6d8e11b93f7aaa6256e41,True
8046,2023-12-31,2024-02-29T15:22:02+08:00,2024-02-29,2024-03-01,WEAK,DETERIORATING,DETERIORATING,N/M,PARTIAL,PROFITABILITY_DURABLE | GROWTH_DURABLE | CASH_CONVERSION_SUPPORTED_NOT_ESTABLISHED | BALANCE_SHEET_RESILIENT_NOT_ESTABLISHED | INTEREST_COVERAGE_NOT_ESTABLISHED | SECTOR_LOGIC_CYCLICAL | DETERIORATION_CORROBORATED | VALUATION_SECTOR_CYCLICAL_NORMALIZED_EPS | SIMPLIFIED_DCF_AVAILABLE | MOPS_CONSOLIDATED_PREFERRED_OVER_INDIVIDUAL,MOPS_EXACT,4ecdc483746f643d175db5a83876aae947c09e6d03ef0a1f4a03f359ef5c445a,True
8046,2024-03-31,2024-05-03T17:22:14+08:00,2024-05-03,2024-05-06,WEAK,DETERIORATING,DETERIORATING,N/M,PARTIAL,PROFITABILITY_DURABLE | GROWTH_DURABLE_NOT_ESTABLISHED | CASH_CONVERSION_SUPPORTED_NOT_ESTABLISHED | BALANCE_SHEET_RESILIENT_NOT_ESTABLISHED | INTEREST_COVERAGE_NOT_ESTABLISHED | SECTOR_LOGIC_CYCLICAL | DETERIORATION_CORROBORATED | VALUATION_SECTOR_CYCLICAL_NORMALIZED_EPS | SIMPLIFIED_DCF_AVAILABLE | MOPS_SINGLE_ELIGIBLE_FILING,MOPS_EXACT,4b423ed4df996c2e4204523dbe3a95215618978acfddbf18737718a3be966c7e,True
8046,2024-06-30,2024-08-06T17:21:55+08:00,2024-08-06,2024-08-07,WEAK,UNKNOWN,UNKNOWN,N/M,PARTIAL,PROFITABILITY_DURABLE | GROWTH_DURABLE_NOT_ESTABLISHED | CASH_CONVERSION_SUPPORTED_NOT_ESTABLISHED | BALANCE_SHEET_RESILIENT_NOT_ESTABLISHED | INTEREST_COVERAGE_NOT_ESTABLISHED | SECTOR_LOGIC_CYCLICAL | MIXED_FUNDAMENTAL_DIRECTION | VALUATION_SECTOR_CYCLICAL_NORMALIZED_EPS | SIMPLIFIED_DCF_AVAILABLE | MOPS_SINGLE_ELIGIBLE_FILING,MOPS_EXACT,353f6825c37308ac0d6b2e81e0a6b80f5780dbd1373fa2ce8deadf3fe29a5550,True
8046,2024-09-30,2024-11-05T17:27:16+08:00,2024-11-05,2024-11-06,WEAK,UNKNOWN,UNKNOWN,LOW,PARTIAL,NONPOSITIVE_TTM_OPERATING_INCOME | SECTOR_LOGIC_CYCLICAL | MIXED_FUNDAMENTAL_DIRECTION | VALUATION_SECTOR_CYCLICAL_NORMALIZED_EPS | SIMPLIFIED_DCF_AVAILABLE | MOPS_SINGLE_ELIGIBLE_FILING,MOPS_EXACT,4456aebd3ce39009b1cba60ca19fb1faab5959e0c0b2b1af782bfbe3e867056d,True
8046,2024-12-31,2025-02-27T16:20:30+08:00,2025-02-27,2025-03-03,UNKNOWN,UNKNOWN,UNKNOWN,LOW,INSUFFICIENT,METRIC_COVERAGE_INSUFFICIENT_ROIC | SECTOR_LOGIC_CYCLICAL | MIXED_FUNDAMENTAL_DIRECTION | VALUATION_SECTOR_CYCLICAL_NORMALIZED_EPS | SIMPLIFIED_DCF_NOT_APPLICABLE | MOPS_CONSOLIDATED_PREFERRED_OVER_INDIVIDUAL,MOPS_EXACT,12d7990623aa4e69172c873cca3f9f5e41b097c04f46184f4f835e80c4188c5b,True
8046,2025-03-31,2025-05-07T15:50:49+08:00,2025-05-07,2025-05-08,UNKNOWN,IMPROVING,BOTTOMING,LOW,INSUFFICIENT,METRIC_COVERAGE_INSUFFICIENT_ROIC | SECTOR_LOGIC_CYCLICAL | REVENUE_CONTRACTION_NARROWING | RECOVERY_CORROBORATED | VALUATION_SECTOR_CYCLICAL_NORMALIZED_EPS | SIMPLIFIED_DCF_NOT_APPLICABLE | MOPS_SINGLE_ELIGIBLE_FILING,MOPS_EXACT,00d06fafeb06936da6a7f780d2a276458ac4c7e47d1b89319b3dca6ce79c18c0,True
8046,2025-06-30,2025-08-06T16:19:42+08:00,2025-08-06,2025-08-07,UNKNOWN,UNKNOWN,UNKNOWN,NORMAL,INSUFFICIENT,METRIC_COVERAGE_INSUFFICIENT_ROIC | SECTOR_LOGIC_CYCLICAL | MIXED_FUNDAMENTAL_DIRECTION | VALUATION_SECTOR_CYCLICAL_NORMALIZED_EPS | SIMPLIFIED_DCF_NOT_APPLICABLE | MOPS_SINGLE_ELIGIBLE_FILING,MOPS_EXACT,029213e452c18157dd70a0c86bbfb1fbac0b6dbce4850e247a93e8bf80ea65ee,True
8046,2025-09-30,2025-11-05T16:17:03+08:00,2025-11-05,2025-11-06,UNKNOWN,IMPROVING,TURNING_UP,NORMAL,INSUFFICIENT,METRIC_COVERAGE_INSUFFICIENT_ROIC | SECTOR_LOGIC_CYCLICAL | EARLY_REVENUE_RECOVERY | RECOVERY_CORROBORATED | VALUATION_SECTOR_CYCLICAL_NORMALIZED_EPS | SIMPLIFIED_DCF_NOT_APPLICABLE | MOPS_SINGLE_ELIGIBLE_FILING,MOPS_EXACT,f1d9cbafdf7aee907c5e24cb700da6a6271674f8ee693118e3cee4c636184d0b,True
8046,2025-12-31,2026-02-24T16:28:04+08:00,2026-02-24,2026-02-25,UNKNOWN,IMPROVING,TURNING_UP,NORMAL,INSUFFICIENT,METRIC_COVERAGE_INSUFFICIENT_ROIC | SECTOR_LOGIC_CYCLICAL | EARLY_REVENUE_RECOVERY | RECOVERY_CORROBORATED | VALUATION_SECTOR_CYCLICAL_NORMALIZED_EPS | SIMPLIFIED_DCF_AVAILABLE | MOPS_CONSOLIDATED_PREFERRED_OVER_INDIVIDUAL,MOPS_EXACT,7ace77404ed6bb9a46a330dfbd79a23f50958f579524643630827951747c637c,True
8046,2026-03-31,2026-05-07T16:44:28+08:00,2026-05-07,2026-05-08,UNKNOWN,STABLE,CONFIRMED_GROWTH,HIGH,INSUFFICIENT,METRIC_COVERAGE_INSUFFICIENT_ROIC | SECTOR_LOGIC_CYCLICAL | GROWTH_CONFIRMED_THREE_PERIODS | VALUATION_SECTOR_CYCLICAL_NORMALIZED_EPS | SIMPLIFIED_DCF_AVAILABLE | MOPS_SINGLE_ELIGIBLE_FILING,MOPS_EXACT,0e6f45e58510026ea9c265a898d8a0d8c6776951b2b0201ba75e137b655b1ff9,True
8046,2026-06-30,2026-08-06T17:10:41+08:00,2026-08-06,2026-08-07,UNKNOWN,IMPROVING,TURNING_UP,HIGH,INSUFFICIENT,METRIC_COVERAGE_INSUFFICIENT_ROIC | SECTOR_LOGIC_CYCLICAL | EARLY_REVENUE_RECOVERY | RECOVERY_CORROBORATED | VALUATION_SECTOR_CYCLICAL_NORMALIZED_EPS | SIMPLIFIED_DCF_AVAILABLE | MOPS_SINGLE_ELIGIBLE_FILING,MOPS_EXACT,cb15a60a110ecd85ca0015615802d17be596c1695500abb5b757da1f9eb2941e,True
