symbol,period_end,fiscal_year,fiscal_quarter,mapping_status,selection_status,selection_reason_code,candidate_count,duplicate_candidate_count,conflict_candidate_count,corrected_filing_case,selected_document_kind,selected_source_identifier,selected_announcement_timestamp
1216,2016-03-31,2016,1,EXACT_MATCH,SELECTED,MOPS_SINGLE_ELIGIBLE_FILING,1,0,0,False,CONSOLIDATED,201601_1216_AI1.pdf,2016-05-11T17:25:47+08:00
1216,2016-06-30,2016,2,EXACT_MATCH,SELECTED,MOPS_SINGLE_ELIGIBLE_FILING,1,0,0,False,CONSOLIDATED,201602_1216_AI1.pdf,2016-08-10T16:27:53+08:00
1216,2016-09-30,2016,3,EXACT_MATCH,SELECTED,MOPS_SINGLE_ELIGIBLE_FILING,1,0,0,False,CONSOLIDATED,201603_1216_AI1.pdf,2016-11-10T08:17:37+08:00
1216,2016-12-31,2016,4,EXACT_MATCH,SELECTED,MOPS_CONSOLIDATED_PREFERRED_OVER_INDIVIDUAL,2,1,0,False,CONSOLIDATED,201604_1216_AI1.pdf,2017-03-29T17:50:50+08:00
1216,2017-03-31,2017,1,EXACT_MATCH,SELECTED,MOPS_SINGLE_ELIGIBLE_FILING,1,0,0,False,CONSOLIDATED,201701_1216_AI1.pdf,2017-05-11T08:15:12+08:00
1216,2017-06-30,2017,2,EXACT_MATCH,SELECTED,MOPS_SINGLE_ELIGIBLE_FILING,1,0,0,False,CONSOLIDATED,201702_1216_AI1.pdf,2017-08-09T19:25:01+08:00
1216,2017-09-30,2017,3,EXACT_MATCH,SELECTED,MOPS_SINGLE_ELIGIBLE_FILING,1,0,0,False,CONSOLIDATED,201703_1216_AI1.pdf,2017-11-08T20:53:11+08:00
1216,2017-12-31,2017,4,EXACT_MATCH,SELECTED,MOPS_CONSOLIDATED_PREFERRED_OVER_INDIVIDUAL,2,1,0,False,CONSOLIDATED,201704_1216_AI1.pdf,2018-03-28T21:52:43+08:00
1216,2018-03-31,2018,1,EXACT_MATCH,SELECTED,MOPS_SINGLE_ELIGIBLE_FILING,1,0,0,False,CONSOLIDATED,201801_1216_AI1.pdf,2018-05-09T21:00:06+08:00
1216,2018-06-30,2018,2,EXACT_MATCH,SELECTED,MOPS_SINGLE_ELIGIBLE_FILING,1,0,0,False,CONSOLIDATED,201802_1216_AI1.pdf,2018-08-08T20:21:02+08:00
1216,2018-09-30,2018,3,EXACT_MATCH,SELECTED,MOPS_SINGLE_ELIGIBLE_FILING,1,0,0,False,CONSOLIDATED,201803_1216_AI1.pdf,2018-11-07T21:52:25+08:00
1216,2018-12-31,2018,4,EXACT_MATCH,SELECTED,MOPS_CONSOLIDATED_PREFERRED_OVER_INDIVIDUAL,2,1,0,False,CONSOLIDATED,201804_1216_AI1.pdf,2019-03-27T20:31:09+08:00
1216,2019-03-31,2019,1,EXACT_MATCH,SELECTED,MOPS_SINGLE_ELIGIBLE_FILING,1,0,0,False,CONSOLIDATED,201901_1216_AI1.pdf,2019-05-08T18:23:19+08:00
1216,2019-06-30,2019,2,EXACT_MATCH,SELECTED,MOPS_SINGLE_ELIGIBLE_FILING,1,0,0,False,CONSOLIDATED,201902_1216_AI1.pdf,2019-08-07T18:14:17+08:00
1216,2019-09-30,2019,3,EXACT_MATCH,SELECTED,MOPS_SINGLE_ELIGIBLE_FILING,1,0,0,False,CONSOLIDATED,201903_1216_AI1.pdf,2019-11-06T18:18:09+08:00
1216,2019-12-31,2019,4,EXACT_MATCH,SELECTED,MOPS_CONSOLIDATED_PREFERRED_OVER_INDIVIDUAL,2,1,0,False,CONSOLIDATED,201904_1216_AI1.pdf,2020-03-27T18:32:10+08:00
1216,2020-03-31,2020,1,EXACT_MATCH,SELECTED,MOPS_SINGLE_ELIGIBLE_FILING,1,0,0,False,CONSOLIDATED,202001_1216_AI1.pdf,2020-05-13T17:38:29+08:00
1216,2020-06-30,2020,2,EXACT_MATCH,SELECTED,MOPS_SINGLE_ELIGIBLE_FILING,1,0,0,False,CONSOLIDATED,202002_1216_AI1.pdf,2020-08-12T18:44:31+08:00
1216,2020-09-30,2020,3,EXACT_MATCH,SELECTED,MOPS_SINGLE_ELIGIBLE_FILING,1,0,0,False,CONSOLIDATED,202003_1216_AI1.pdf,2020-11-11T18:34:06+08:00
1216,2020-12-31,2020,4,EXACT_MATCH,SELECTED,MOPS_CONSOLIDATED_PREFERRED_OVER_INDIVIDUAL,2,1,0,False,CONSOLIDATED,202004_1216_AI1.pdf,2021-03-24T17:26:15+08:00
1216,2021-03-31,2021,1,EXACT_MATCH,SELECTED,MOPS_SINGLE_ELIGIBLE_FILING,1,0,0,False,CONSOLIDATED,202101_1216_AI1.pdf,2021-05-12T17:59:31+08:00
1216,2021-06-30,2021,2,EXACT_MATCH,SELECTED,MOPS_SINGLE_ELIGIBLE_FILING,1,0,0,False,CONSOLIDATED,202102_1216_AI1.pdf,2021-08-11T18:03:27+08:00
1216,2021-09-30,2021,3,EXACT_MATCH,SELECTED,MOPS_SINGLE_ELIGIBLE_FILING,1,0,0,False,CONSOLIDATED,202103_1216_AI1.pdf,2021-11-10T17:51:18+08:00
1216,2021-12-31,2021,4,EXACT_MATCH,SELECTED,MOPS_CONSOLIDATED_PREFERRED_OVER_INDIVIDUAL,2,1,0,False,CONSOLIDATED,202104_1216_AI1.pdf,2022-03-09T19:46:27+08:00
1216,2022-03-31,2022,1,EXACT_MATCH,SELECTED,MOPS_SINGLE_ELIGIBLE_FILING,1,0,0,False,CONSOLIDATED,202201_1216_AI1.pdf,2022-05-11T19:45:38+08:00
1216,2022-06-30,2022,2,EXACT_MATCH,SELECTED,MOPS_SINGLE_ELIGIBLE_FILING,1,0,0,False,CONSOLIDATED,202202_1216_AI1.pdf,2022-08-10T16:41:18+08:00
1216,2022-09-30,2022,3,EXACT_MATCH,SELECTED,MOPS_SINGLE_ELIGIBLE_FILING,1,0,0,False,CONSOLIDATED,202203_1216_AI1.pdf,2022-11-09T17:41:25+08:00
1216,2022-12-31,2022,4,EXACT_MATCH,SELECTED,MOPS_CONSOLIDATED_PREFERRED_OVER_INDIVIDUAL,2,1,0,False,CONSOLIDATED,202204_1216_AI1.pdf,2023-03-10T13:16:24+08:00
1216,2023-03-31,2023,1,EXACT_MATCH,SELECTED,MOPS_SINGLE_ELIGIBLE_FILING,1,0,0,False,CONSOLIDATED,202301_1216_AI1.pdf,2023-05-11T16:49:18+08:00
1216,2023-06-30,2023,2,EXACT_MATCH,SELECTED,MOPS_SINGLE_ELIGIBLE_FILING,1,0,0,False,CONSOLIDATED,202302_1216_AI1.pdf,2023-08-11T08:09:30+08:00
1216,2023-09-30,2023,3,EXACT_MATCH,SELECTED,MOPS_SINGLE_ELIGIBLE_FILING,1,0,0,False,CONSOLIDATED,202303_1216_AI1.pdf,2023-11-10T08:30:38+08:00
1216,2023-12-31,2023,4,EXACT_MATCH,SELECTED,MOPS_CONSOLIDATED_PREFERRED_OVER_INDIVIDUAL,2,1,0,False,CONSOLIDATED,202304_1216_AI1.pdf,2024-03-08T08:22:00+08:00
1216,2024-03-31,2024,1,EXACT_MATCH,SELECTED,MOPS_SINGLE_ELIGIBLE_FILING,1,0,0,False,CONSOLIDATED,202401_1216_AI1.pdf,2024-05-10T08:00:58+08:00
1216,2024-06-30,2024,2,EXACT_MATCH,SELECTED,MOPS_SINGLE_ELIGIBLE_FILING,1,0,0,False,CONSOLIDATED,202402_1216_AI1.pdf,2024-08-08T18:27:51+08:00
1216,2024-09-30,2024,3,EXACT_MATCH,SELECTED,MOPS_SINGLE_ELIGIBLE_FILING,1,0,0,False,CONSOLIDATED,202403_1216_AI1.pdf,2024-11-13T08:03:32+08:00
1216,2024-12-31,2024,4,EXACT_MATCH,SELECTED,MOPS_CONSOLIDATED_PREFERRED_OVER_INDIVIDUAL,2,1,0,False,CONSOLIDATED,202404_1216_AI1.pdf,2025-03-07T08:21:30+08:00
1216,2025-03-31,2025,1,EXACT_MATCH,SELECTED,MOPS_SINGLE_ELIGIBLE_FILING,1,0,0,False,CONSOLIDATED,202501_1216_AI1.pdf,2025-05-09T14:01:11+08:00
1216,2025-06-30,2025,2,EXACT_MATCH,SELECTED,MOPS_SINGLE_ELIGIBLE_FILING,1,0,0,False,CONSOLIDATED,202502_1216_AI1.pdf,2025-08-08T08:06:43+08:00
1216,2025-09-30,2025,3,EXACT_MATCH,SELECTED,MOPS_SINGLE_ELIGIBLE_FILING,1,0,0,False,CONSOLIDATED,202503_1216_AI1.pdf,2025-11-07T08:17:19+08:00
1216,2025-12-31,2025,4,EXACT_MATCH,SELECTED,MOPS_CONSOLIDATED_PREFERRED_OVER_INDIVIDUAL,2,1,0,False,CONSOLIDATED,202504_1216_AI1.pdf,2026-03-06T08:25:05+08:00
1216,2026-03-31,2026,1,EXACT_MATCH,SELECTED,MOPS_SINGLE_ELIGIBLE_FILING,1,0,0,False,CONSOLIDATED,202601_1216_AI1.pdf,2026-05-08T08:34:02+08:00
1216,2026-06-30,2026,2,EXACT_MATCH,SELECTED,MOPS_SINGLE_ELIGIBLE_FILING,1,0,0,False,CONSOLIDATED,202602_1216_AI1.pdf,2026-08-07T08:14:46+08:00
1303,2016-03-31,2016,1,EXACT_MATCH,SELECTED,MOPS_SINGLE_ELIGIBLE_FILING,1,0,0,False,CONSOLIDATED,201601_1303_AI1.pdf,2016-05-10T17:14:50+08:00
1303,2016-06-30,2016,2,EXACT_MATCH,SELECTED,MOPS_SINGLE_ELIGIBLE_FILING,1,0,0,False,CONSOLIDATED,201602_1303_AI1.pdf,2016-08-11T16:59:29+08:00
1303,2016-09-30,2016,3,EXACT_MATCH,SELECTED,MOPS_SINGLE_ELIGIBLE_FILING,1,0,0,False,CONSOLIDATED,201603_1303_AI1.pdf,2016-11-10T16:35:45+08:00
1303,2016-12-31,2016,4,EXACT_MATCH,SELECTED,MOPS_CONSOLIDATED_PREFERRED_OVER_INDIVIDUAL,2,1,0,False,CONSOLIDATED,201604_1303_AI1.pdf,2017-03-24T16:18:22+08:00
1303,2017-03-31,2017,1,EXACT_MATCH,SELECTED,MOPS_SINGLE_ELIGIBLE_FILING,1,0,0,False,CONSOLIDATED,201701_1303_AI1.pdf,2017-05-12T15:45:21+08:00
1303,2017-06-30,2017,2,EXACT_MATCH,SELECTED,MOPS_SINGLE_ELIGIBLE_FILING,1,0,0,False,CONSOLIDATED,201702_1303_AI1.pdf,2017-08-11T15:55:11+08:00
1303,2017-09-30,2017,3,EXACT_MATCH,SELECTED,MOPS_SINGLE_ELIGIBLE_FILING,1,0,0,False,CONSOLIDATED,201703_1303_AI1.pdf,2017-11-10T15:08:03+08:00
1303,2017-12-31,2017,4,EXACT_MATCH,SELECTED,MOPS_CONSOLIDATED_PREFERRED_OVER_INDIVIDUAL,2,1,0,False,CONSOLIDATED,201704_1303_AI1.pdf,2018-03-23T15:59:52+08:00
1303,2018-03-31,2018,1,EXACT_MATCH,SELECTED,MOPS_SINGLE_ELIGIBLE_FILING,1,0,0,False,CONSOLIDATED,201801_1303_AI1.pdf,2018-05-09T15:23:23+08:00
1303,2018-06-30,2018,2,EXACT_MATCH,SELECTED,MOPS_SINGLE_ELIGIBLE_FILING,1,0,0,False,CONSOLIDATED,201802_1303_AI1.pdf,2018-08-10T14:47:39+08:00
1303,2018-09-30,2018,3,EXACT_MATCH,SELECTED,MOPS_SINGLE_ELIGIBLE_FILING,1,0,0,False,CONSOLIDATED,201803_1303_AI1.pdf,2018-11-12T17:51:47+08:00
1303,2018-12-31,2018,4,EXACT_MATCH,SELECTED,MOPS_CONSOLIDATED_PREFERRED_OVER_INDIVIDUAL,2,1,0,False,CONSOLIDATED,201804_1303_AI1.pdf,2019-03-20T15:30:59+08:00
1303,2019-03-31,2019,1,EXACT_MATCH,SELECTED,MOPS_SINGLE_ELIGIBLE_FILING,1,0,0,False,CONSOLIDATED,201901_1303_AI1.pdf,2019-05-10T14:13:11+08:00
1303,2019-06-30,2019,2,EXACT_MATCH,SELECTED,MOPS_SINGLE_ELIGIBLE_FILING,1,0,0,False,CONSOLIDATED,201902_1303_AI1.pdf,2019-08-12T14:36:58+08:00
1303,2019-09-30,2019,3,EXACT_MATCH,SELECTED,MOPS_SINGLE_ELIGIBLE_FILING,1,0,0,False,CONSOLIDATED,201903_1303_AI1.pdf,2019-11-08T16:00:41+08:00
1303,2019-12-31,2019,4,EXACT_MATCH,SELECTED,MOPS_CONSOLIDATED_PREFERRED_OVER_INDIVIDUAL,2,1,0,False,CONSOLIDATED,201904_1303_AI1.pdf,2020-03-18T14:12:13+08:00
1303,2020-03-31,2020,1,EXACT_MATCH,SELECTED,MOPS_SINGLE_ELIGIBLE_FILING,1,0,0,False,CONSOLIDATED,202001_1303_AI1.pdf,2020-05-11T14:03:45+08:00
1303,2020-06-30,2020,2,EXACT_MATCH,SELECTED,MOPS_SINGLE_ELIGIBLE_FILING,1,0,0,False,CONSOLIDATED,202002_1303_AI1.pdf,2020-08-10T14:01:30+08:00
1303,2020-09-30,2020,3,EXACT_MATCH,SELECTED,MOPS_SINGLE_ELIGIBLE_FILING,1,0,0,False,CONSOLIDATED,202003_1303_AI1.pdf,2020-11-09T14:13:34+08:00
1303,2020-12-31,2020,4,EXACT_MATCH,SELECTED,MOPS_CONSOLIDATED_PREFERRED_OVER_INDIVIDUAL,2,1,0,False,CONSOLIDATED,202004_1303_AI1.pdf,2021-03-18T14:33:14+08:00
1303,2021-03-31,2021,1,EXACT_MATCH,SELECTED,MOPS_SINGLE_ELIGIBLE_FILING,1,0,0,False,CONSOLIDATED,202101_1303_AI1.pdf,2021-05-11T14:39:33+08:00
1303,2021-06-30,2021,2,EXACT_MATCH,SELECTED,MOPS_SINGLE_ELIGIBLE_FILING,1,0,0,False,CONSOLIDATED,202102_1303_AI1.pdf,2021-08-10T14:22:51+08:00
1303,2021-09-30,2021,3,EXACT_MATCH,SELECTED,MOPS_SINGLE_ELIGIBLE_FILING,1,0,0,False,CONSOLIDATED,202103_1303_AI1.pdf,2021-11-09T14:40:04+08:00
1303,2021-12-31,2021,4,EXACT_MATCH,SELECTED,MOPS_CONSOLIDATED_PREFERRED_OVER_INDIVIDUAL,2,1,0,False,CONSOLIDATED,202104_1303_AI1.pdf,2022-03-11T15:10:00+08:00
1303,2022-03-31,2022,1,EXACT_MATCH,SELECTED,MOPS_SINGLE_ELIGIBLE_FILING,1,0,0,False,CONSOLIDATED,202201_1303_AI1.pdf,2022-05-11T14:12:18+08:00
1303,2022-06-30,2022,2,EXACT_MATCH,SELECTED,MOPS_SINGLE_ELIGIBLE_FILING,1,0,0,False,CONSOLIDATED,202202_1303_AI1.pdf,2022-08-10T13:46:24+08:00
1303,2022-09-30,2022,3,EXACT_MATCH,SELECTED,MOPS_SINGLE_ELIGIBLE_FILING,1,0,0,False,CONSOLIDATED,202203_1303_AI1.pdf,2022-11-09T13:44:28+08:00
1303,2022-12-31,2022,4,EXACT_MATCH,SELECTED,MOPS_CONSOLIDATED_PREFERRED_OVER_INDIVIDUAL,2,1,0,False,CONSOLIDATED,202204_1303_AI1.pdf,2023-03-08T13:52:23+08:00
1303,2023-03-31,2023,1,EXACT_MATCH,SELECTED,MOPS_SINGLE_ELIGIBLE_FILING,1,0,0,False,CONSOLIDATED,202301_1303_AI1.pdf,2023-05-09T13:47:45+08:00
1303,2023-06-30,2023,2,EXACT_MATCH,SELECTED,MOPS_SINGLE_ELIGIBLE_FILING,1,0,0,False,CONSOLIDATED,202302_1303_AI1.pdf,2023-08-08T13:49:58+08:00
1303,2023-09-30,2023,3,EXACT_MATCH,SELECTED,MOPS_SINGLE_ELIGIBLE_FILING,1,0,0,False,CONSOLIDATED,202303_1303_AI1.pdf,2023-11-10T13:53:24+08:00
1303,2023-12-31,2023,4,EXACT_MATCH,SELECTED,MOPS_CONSOLIDATED_PREFERRED_OVER_INDIVIDUAL,2,1,0,False,CONSOLIDATED,202304_1303_AI1.pdf,2024-03-12T15:03:40+08:00
1303,2024-03-31,2024,1,EXACT_MATCH,SELECTED,MOPS_SINGLE_ELIGIBLE_FILING,1,0,0,False,CONSOLIDATED,202401_1303_AI1.pdf,2024-05-10T13:52:01+08:00
1303,2024-06-30,2024,2,EXACT_MATCH,SELECTED,MOPS_SINGLE_ELIGIBLE_FILING,1,0,0,False,CONSOLIDATED,202402_1303_AI1.pdf,2024-08-09T13:43:23+08:00
1303,2024-09-30,2024,3,EXACT_MATCH,SELECTED,MOPS_SINGLE_ELIGIBLE_FILING,1,0,0,False,CONSOLIDATED,202403_1303_AI1.pdf,2024-11-12T13:58:27+08:00
1303,2024-12-31,2024,4,EXACT_MATCH,SELECTED,MOPS_CONSOLIDATED_PREFERRED_OVER_INDIVIDUAL,2,1,0,False,CONSOLIDATED,202404_1303_AI1.pdf,2025-03-11T13:56:22+08:00
1303,2025-03-31,2025,1,EXACT_MATCH,SELECTED,MOPS_SINGLE_ELIGIBLE_FILING,1,0,0,False,CONSOLIDATED,202501_1303_AI1.pdf,2025-05-13T14:12:25+08:00
1303,2025-06-30,2025,2,EXACT_MATCH,SELECTED,MOPS_SINGLE_ELIGIBLE_FILING,1,0,0,False,CONSOLIDATED,202502_1303_AI1.pdf,2025-08-08T13:47:11+08:00
1303,2025-09-30,2025,3,EXACT_MATCH,SELECTED,MOPS_SINGLE_ELIGIBLE_FILING,1,0,0,False,CONSOLIDATED,202503_1303_AI1.pdf,2025-11-11T14:38:57+08:00
1303,2025-12-31,2025,4,EXACT_MATCH,SELECTED,MOPS_CONSOLIDATED_PREFERRED_OVER_INDIVIDUAL,2,1,0,False,CONSOLIDATED,202504_1303_AI1.pdf,2026-03-11T13:52:33+08:00
1303,2026-03-31,2026,1,EXACT_MATCH,SELECTED,MOPS_SINGLE_ELIGIBLE_FILING,1,0,0,False,CONSOLIDATED,202601_1303_AI1.pdf,2026-05-12T14:23:01+08:00
1303,2026-06-30,2026,2,EXACT_MATCH,SELECTED,MOPS_SINGLE_ELIGIBLE_FILING,1,0,0,False,CONSOLIDATED,202602_1303_AI1.pdf,2026-08-11T14:23:28+08:00
2059,2016-03-31,2016,1,EXACT_MATCH,SELECTED,MOPS_SINGLE_ELIGIBLE_FILING,1,0,0,False,CONSOLIDATED,201601_2059_AI1.pdf,2016-05-06T16:13:10+08:00
2059,2016-06-30,2016,2,EXACT_MATCH,SELECTED,MOPS_SINGLE_ELIGIBLE_FILING,1,0,0,False,CONSOLIDATED,201602_2059_AI1.pdf,2016-08-08T15:26:01+08:00
2059,2016-09-30,2016,3,EXACT_MATCH,SELECTED,MOPS_SINGLE_ELIGIBLE_FILING,1,0,0,False,CONSOLIDATED,201603_2059_AI1.pdf,2016-11-07T15:28:26+08:00
2059,2016-12-31,2016,4,EXACT_MATCH,SELECTED,MOPS_CONSOLIDATED_PREFERRED_OVER_INDIVIDUAL,2,1,0,False,CONSOLIDATED,201604_2059_AI1.pdf,2017-02-24T16:24:54+08:00
2059,2017-03-31,2017,1,EXACT_MATCH,SELECTED,MOPS_SINGLE_ELIGIBLE_FILING,1,0,0,False,CONSOLIDATED,201701_2059_AI1.pdf,2017-05-05T15:46:19+08:00
2059,2017-06-30,2017,2,EXACT_MATCH,SELECTED,MOPS_SINGLE_ELIGIBLE_FILING,1,0,0,False,CONSOLIDATED,201702_2059_AI1.pdf,2017-08-07T17:43:34+08:00
2059,2017-09-30,2017,3,EXACT_MATCH,SELECTED,MOPS_SINGLE_ELIGIBLE_FILING,1,0,0,False,CONSOLIDATED,201703_2059_AI1.pdf,2017-11-07T15:37:17+08:00
2059,2017-12-31,2017,4,EXACT_MATCH,SELECTED,MOPS_CONSOLIDATED_PREFERRED_OVER_INDIVIDUAL,2,1,0,False,CONSOLIDATED,201704_2059_AI1.pdf,2018-02-27T16:20:06+08:00
2059,2018-03-31,2018,1,EXACT_MATCH,SELECTED,MOPS_SINGLE_ELIGIBLE_FILING,1,0,0,False,CONSOLIDATED,201801_2059_AI1.pdf,2018-05-07T15:58:21+08:00
2059,2018-06-30,2018,2,EXACT_MATCH,SELECTED,MOPS_SINGLE_ELIGIBLE_FILING,1,0,0,False,CONSOLIDATED,201802_2059_AI1.pdf,2018-08-07T15:29:56+08:00
2059,2018-09-30,2018,3,EXACT_MATCH,SELECTED,MOPS_SINGLE_ELIGIBLE_FILING,1,0,0,False,CONSOLIDATED,201803_2059_AI1.pdf,2018-11-07T15:45:51+08:00
2059,2018-12-31,2018,4,EXACT_MATCH,SELECTED,MOPS_CONSOLIDATED_PREFERRED_OVER_INDIVIDUAL,2,1,0,False,CONSOLIDATED,201804_2059_AI1.pdf,2019-02-27T15:59:39+08:00
2059,2019-03-31,2019,1,EXACT_MATCH,SELECTED,MOPS_SINGLE_ELIGIBLE_FILING,1,0,0,False,CONSOLIDATED,201901_2059_AI1.pdf,2019-05-07T14:38:03+08:00
2059,2019-06-30,2019,2,EXACT_MATCH,SELECTED,MOPS_SINGLE_ELIGIBLE_FILING,1,0,0,False,CONSOLIDATED,201902_2059_AI1.pdf,2019-08-07T15:35:27+08:00
2059,2019-09-30,2019,3,EXACT_MATCH,SELECTED,MOPS_SINGLE_ELIGIBLE_FILING,1,0,0,False,CONSOLIDATED,201903_2059_AI1.pdf,2019-11-06T15:46:36+08:00
2059,2019-12-31,2019,4,EXACT_MATCH,SELECTED,MOPS_CONSOLIDATED_PREFERRED_OVER_INDIVIDUAL,2,1,0,False,CONSOLIDATED,201904_2059_AI1.pdf,2020-02-26T16:29:52+08:00
2059,2020-03-31,2020,1,EXACT_MATCH,SELECTED,MOPS_SINGLE_ELIGIBLE_FILING,1,0,0,False,CONSOLIDATED,202001_2059_AI1.pdf,2020-05-06T15:42:17+08:00
2059,2020-06-30,2020,2,EXACT_MATCH,SELECTED,MOPS_SINGLE_ELIGIBLE_FILING,1,0,0,False,CONSOLIDATED,202002_2059_AI1.pdf,2020-08-07T16:18:06+08:00
2059,2020-09-30,2020,3,EXACT_MATCH,SELECTED,MOPS_SINGLE_ELIGIBLE_FILING,1,0,0,False,CONSOLIDATED,202003_2059_AI1.pdf,2020-11-06T15:51:18+08:00
2059,2020-12-31,2020,4,EXACT_MATCH,SELECTED,MOPS_CONSOLIDATED_PREFERRED_OVER_INDIVIDUAL,2,1,0,False,CONSOLIDATED,202004_2059_AI1.pdf,2021-02-26T17:07:44+08:00
2059,2021-03-31,2021,1,EXACT_MATCH,SELECTED,MOPS_SINGLE_ELIGIBLE_FILING,1,0,0,False,CONSOLIDATED,202101_2059_AI1.pdf,2021-05-07T15:50:00+08:00
2059,2021-06-30,2021,2,EXACT_MATCH,SELECTED,MOPS_SINGLE_ELIGIBLE_FILING,1,0,0,False,CONSOLIDATED,202102_2059_AI1.pdf,2021-08-06T16:19:54+08:00
2059,2021-09-30,2021,3,EXACT_MATCH,SELECTED,MOPS_SINGLE_ELIGIBLE_FILING,1,0,0,False,CONSOLIDATED,202103_2059_AI1.pdf,2021-11-05T16:02:00+08:00
2059,2021-12-31,2021,4,EXACT_MATCH,SELECTED,MOPS_CONSOLIDATED_PREFERRED_OVER_INDIVIDUAL,2,1,0,False,CONSOLIDATED,202104_2059_AI1.pdf,2022-02-25T16:49:12+08:00
2059,2022-03-31,2022,1,EXACT_MATCH,SELECTED,MOPS_SINGLE_ELIGIBLE_FILING,1,0,0,False,CONSOLIDATED,202201_2059_AI1.pdf,2022-05-06T15:56:21+08:00
2059,2022-06-30,2022,2,EXACT_MATCH,SELECTED,MOPS_SINGLE_ELIGIBLE_FILING,1,0,0,False,CONSOLIDATED,202202_2059_AI1.pdf,2022-08-05T15:53:22+08:00
2059,2022-09-30,2022,3,EXACT_MATCH,SELECTED,MOPS_SINGLE_ELIGIBLE_FILING,1,0,0,False,CONSOLIDATED,202203_2059_AI1.pdf,2022-11-04T15:37:49+08:00
2059,2022-12-31,2022,4,EXACT_MATCH,SELECTED,MOPS_CONSOLIDATED_PREFERRED_OVER_INDIVIDUAL,2,1,0,False,CONSOLIDATED,202204_2059_AI1.pdf,2023-02-24T16:24:25+08:00
2059,2023-03-31,2023,1,EXACT_MATCH,SELECTED,MOPS_SINGLE_ELIGIBLE_FILING,1,0,0,False,CONSOLIDATED,202301_2059_AI1.pdf,2023-05-05T15:44:41+08:00
2059,2023-06-30,2023,2,EXACT_MATCH,SELECTED,MOPS_SINGLE_ELIGIBLE_FILING,1,0,0,False,CONSOLIDATED,202302_2059_AI1.pdf,2023-08-04T16:14:52+08:00
2059,2023-09-30,2023,3,EXACT_MATCH,SELECTED,MOPS_SINGLE_ELIGIBLE_FILING,1,0,0,False,CONSOLIDATED,202303_2059_AI1.pdf,2023-11-06T15:35:00+08:00
2059,2023-12-31,2023,4,EXACT_MATCH,SELECTED,MOPS_CONSOLIDATED_PREFERRED_OVER_INDIVIDUAL,2,1,0,False,CONSOLIDATED,202304_2059_AI1.pdf,2024-02-22T17:03:44+08:00
2059,2024-03-31,2024,1,EXACT_MATCH,SELECTED,MOPS_SINGLE_ELIGIBLE_FILING,1,0,0,False,CONSOLIDATED,202401_2059_AI1.pdf,2024-05-07T15:01:07+08:00
2059,2024-06-30,2024,2,EXACT_MATCH,SELECTED,MOPS_SINGLE_ELIGIBLE_FILING,1,0,0,False,CONSOLIDATED,202402_2059_AI1.pdf,2024-08-06T15:32:16+08:00
2059,2024-09-30,2024,3,EXACT_MATCH,SELECTED,MOPS_SINGLE_ELIGIBLE_FILING,1,0,0,False,CONSOLIDATED,202403_2059_AI1.pdf,2024-11-06T15:02:52+08:00
2059,2024-12-31,2024,4,EXACT_MATCH,SELECTED,MOPS_CONSOLIDATED_PREFERRED_OVER_INDIVIDUAL,2,1,0,False,CONSOLIDATED,202404_2059_AI1.pdf,2025-02-20T15:30:05+08:00
2059,2025-03-31,2025,1,EXACT_MATCH,SELECTED,MOPS_SINGLE_ELIGIBLE_FILING,1,0,0,False,CONSOLIDATED,202501_2059_AI1.pdf,2025-05-07T15:04:04+08:00
2059,2025-06-30,2025,2,EXACT_MATCH,SELECTED,MOPS_SINGLE_ELIGIBLE_FILING,1,0,0,False,CONSOLIDATED,202502_2059_AI1.pdf,2025-08-06T15:02:47+08:00
2059,2025-09-30,2025,3,EXACT_MATCH,SELECTED,MOPS_SINGLE_ELIGIBLE_FILING,1,0,0,False,CONSOLIDATED,202503_2059_AI1.pdf,2025-11-06T15:45:23+08:00
2059,2025-12-31,2025,4,EXACT_MATCH,SELECTED,MOPS_CONSOLIDATED_PREFERRED_OVER_INDIVIDUAL,2,1,0,False,CONSOLIDATED,202504_2059_AI1.pdf,2026-02-24T17:15:23+08:00
2059,2026-03-31,2026,1,EXACT_MATCH,SELECTED,MOPS_SINGLE_ELIGIBLE_FILING,1,0,0,False,CONSOLIDATED,202601_2059_AI1.pdf,2026-05-06T15:02:48+08:00
2059,2026-06-30,2026,2,EXACT_MATCH,SELECTED,MOPS_SINGLE_ELIGIBLE_FILING,1,0,0,False,CONSOLIDATED,202602_2059_AI1.pdf,2026-08-06T14:56:12+08:00
2301,2016-03-31,2016,1,EXACT_MATCH,SELECTED,MOPS_SINGLE_ELIGIBLE_FILING,1,0,0,False,CONSOLIDATED,201601_2301_AI1.pdf,2016-05-13T15:16:09+08:00
2301,2016-06-30,2016,2,EXACT_MATCH,SELECTED,MOPS_SINGLE_ELIGIBLE_FILING,1,0,0,False,CONSOLIDATED,201602_2301_AI1.pdf,2016-08-12T15:08:40+08:00
2301,2016-09-30,2016,3,EXACT_MATCH,SELECTED,MOPS_SINGLE_ELIGIBLE_FILING,1,0,0,False,CONSOLIDATED,201603_2301_AI1.pdf,2016-11-14T15:28:19+08:00
2301,2016-12-31,2016,4,EXACT_MATCH,SELECTED,MOPS_CONSOLIDATED_PREFERRED_OVER_INDIVIDUAL,2,1,0,False,CONSOLIDATED,201604_2301_AI1.pdf,2017-02-25T12:12:10+08:00
2301,2017-03-31,2017,1,EXACT_MATCH,SELECTED,MOPS_SINGLE_ELIGIBLE_FILING,1,0,0,False,CONSOLIDATED,201701_2301_AI1.pdf,2017-04-28T19:20:02+08:00
2301,2017-06-30,2017,2,EXACT_MATCH,SELECTED,MOPS_SINGLE_ELIGIBLE_FILING,1,0,0,False,CONSOLIDATED,201702_2301_AI1.pdf,2017-07-28T18:54:25+08:00
2301,2017-09-30,2017,3,EXACT_MATCH,SELECTED,MOPS_SINGLE_ELIGIBLE_FILING,1,0,0,False,CONSOLIDATED,201703_2301_AI1.pdf,2017-10-31T16:47:55+08:00
2301,2017-12-31,2017,4,EXACT_MATCH,SELECTED,MOPS_CONSOLIDATED_PREFERRED_OVER_INDIVIDUAL,2,1,0,False,CONSOLIDATED,201704_2301_AI1.pdf,2018-02-27T19:48:26+08:00
2301,2018-03-31,2018,1,EXACT_MATCH,SELECTED,MOPS_SINGLE_ELIGIBLE_FILING,1,0,0,False,CONSOLIDATED,201801_2301_AI1.pdf,2018-04-27T18:43:00+08:00
2301,2018-06-30,2018,2,EXACT_MATCH,SELECTED,MOPS_SINGLE_ELIGIBLE_FILING,1,0,0,False,CONSOLIDATED,201802_2301_AI1.pdf,2018-08-13T22:31:21+08:00
2301,2018-09-30,2018,3,EXACT_MATCH,SELECTED,MOPS_SINGLE_ELIGIBLE_FILING,1,0,0,False,CONSOLIDATED,201803_2301_AI1.pdf,2018-10-30T17:54:34+08:00
2301,2018-12-31,2018,4,EXACT_MATCH,SELECTED,MOPS_CONSOLIDATED_PREFERRED_OVER_INDIVIDUAL,2,1,0,False,CONSOLIDATED,201804_2301_AI1.pdf,2019-02-27T17:40:24+08:00
2301,2019-03-31,2019,1,EXACT_MATCH,SELECTED,MOPS_SINGLE_ELIGIBLE_FILING,1,0,0,False,CONSOLIDATED,201901_2301_AI1.pdf,2019-04-29T16:50:02+08:00
2301,2019-06-30,2019,2,EXACT_MATCH,SELECTED,MOPS_SINGLE_ELIGIBLE_FILING,1,0,0,False,CONSOLIDATED,201902_2301_AI1.pdf,2019-07-31T18:49:49+08:00
2301,2019-09-30,2019,3,EXACT_MATCH,SELECTED,MOPS_SINGLE_ELIGIBLE_FILING,1,0,0,False,CONSOLIDATED,201903_2301_AI1.pdf,2019-11-04T17:49:50+08:00
2301,2019-12-31,2019,4,EXACT_MATCH,SELECTED,MOPS_CONSOLIDATED_PREFERRED_OVER_INDIVIDUAL,2,1,0,False,CONSOLIDATED,201904_2301_AI1.pdf,2020-02-26T19:21:47+08:00
2301,2020-03-31,2020,1,EXACT_MATCH,SELECTED,MOPS_SINGLE_ELIGIBLE_FILING,1,0,0,False,CONSOLIDATED,202001_2301_AI1.pdf,2020-04-29T18:32:54+08:00
2301,2020-06-30,2020,2,EXACT_MATCH,SELECTED,MOPS_SINGLE_ELIGIBLE_FILING,1,0,0,False,CONSOLIDATED,202002_2301_AI1.pdf,2020-07-30T17:48:38+08:00
2301,2020-09-30,2020,3,EXACT_MATCH,SELECTED,MOPS_SINGLE_ELIGIBLE_FILING,1,0,0,False,CONSOLIDATED,202003_2301_AI1.pdf,2020-10-30T17:45:57+08:00
2301,2020-12-31,2020,4,EXACT_MATCH,SELECTED,MOPS_CONSOLIDATED_PREFERRED_OVER_INDIVIDUAL,2,1,0,False,CONSOLIDATED,202004_2301_AI1.pdf,2021-02-25T19:50:07+08:00
2301,2021-03-31,2021,1,EXACT_MATCH,SELECTED,MOPS_SINGLE_ELIGIBLE_FILING,1,0,0,False,CONSOLIDATED,202101_2301_AI1.pdf,2021-04-29T17:39:45+08:00
2301,2021-06-30,2021,2,EXACT_MATCH,SELECTED,MOPS_SINGLE_ELIGIBLE_FILING,1,0,0,False,CONSOLIDATED,202102_2301_AI1.pdf,2021-07-29T17:45:11+08:00
2301,2021-09-30,2021,3,EXACT_MATCH,SELECTED,MOPS_SINGLE_ELIGIBLE_FILING,1,0,0,False,CONSOLIDATED,202103_2301_AI1.pdf,2021-10-28T18:01:51+08:00
2301,2021-12-31,2021,4,EXACT_MATCH,SELECTED,MOPS_CONSOLIDATED_PREFERRED_OVER_INDIVIDUAL,2,1,0,False,CONSOLIDATED,202104_2301_AI1.pdf,2022-02-24T19:50:37+08:00
2301,2022-03-31,2022,1,EXACT_MATCH,SELECTED,MOPS_SINGLE_ELIGIBLE_FILING,1,0,0,False,CONSOLIDATED,202201_2301_AI1.pdf,2022-04-28T17:48:38+08:00
2301,2022-06-30,2022,2,EXACT_MATCH,SELECTED,MOPS_SINGLE_ELIGIBLE_FILING,1,0,0,False,CONSOLIDATED,202202_2301_AI1.pdf,2022-07-28T18:20:48+08:00
2301,2022-09-30,2022,3,EXACT_MATCH,SELECTED,MOPS_SINGLE_ELIGIBLE_FILING,1,0,0,False,CONSOLIDATED,202203_2301_AI1.pdf,2022-10-28T18:15:38+08:00
2301,2022-12-31,2022,4,EXACT_MATCH,SELECTED,MOPS_CONSOLIDATED_PREFERRED_OVER_INDIVIDUAL,2,1,0,False,CONSOLIDATED,202204_2301_AI1.pdf,2023-02-23T18:17:29+08:00
2301,2023-03-31,2023,1,EXACT_MATCH,SELECTED,MOPS_SINGLE_ELIGIBLE_FILING,1,0,0,False,CONSOLIDATED,202301_2301_AI1.pdf,2023-04-27T18:07:51+08:00
2301,2023-06-30,2023,2,EXACT_MATCH,SELECTED,MOPS_SINGLE_ELIGIBLE_FILING,1,0,0,False,CONSOLIDATED,202302_2301_AI1.pdf,2023-07-28T17:36:48+08:00
2301,2023-09-30,2023,3,EXACT_MATCH,SELECTED,MOPS_SINGLE_ELIGIBLE_FILING,1,0,0,False,CONSOLIDATED,202303_2301_AI1.pdf,2023-10-30T17:58:21+08:00
2301,2023-12-31,2023,4,EXACT_MATCH,SELECTED,MOPS_CONSOLIDATED_PREFERRED_OVER_INDIVIDUAL,2,1,0,False,CONSOLIDATED,202304_2301_AI1.pdf,2024-02-28T17:52:17+08:00
2301,2024-03-31,2024,1,EXACT_MATCH,SELECTED,MOPS_SINGLE_ELIGIBLE_FILING,1,0,0,False,CONSOLIDATED,202401_2301_AI1.pdf,2024-04-30T19:07:17+08:00
2301,2024-06-30,2024,2,EXACT_MATCH,SELECTED,MOPS_SINGLE_ELIGIBLE_FILING,1,0,0,False,CONSOLIDATED,202402_2301_AI1.pdf,2024-07-31T18:35:51+08:00
2301,2024-09-30,2024,3,EXACT_MATCH,SELECTED,MOPS_SINGLE_ELIGIBLE_FILING,1,0,0,False,CONSOLIDATED,202403_2301_AI1.pdf,2024-10-30T18:32:32+08:00
2301,2024-12-31,2024,4,EXACT_MATCH,SELECTED,MOPS_CONSOLIDATED_PREFERRED_OVER_INDIVIDUAL,2,1,0,False,CONSOLIDATED,202404_2301_AI1.pdf,2025-02-27T19:16:23+08:00
2301,2025-03-31,2025,1,EXACT_MATCH,SELECTED,MOPS_SINGLE_ELIGIBLE_FILING,1,0,0,False,CONSOLIDATED,202501_2301_AI1.pdf,2025-04-30T18:58:21+08:00
2301,2025-06-30,2025,2,EXACT_MATCH,SELECTED,MOPS_SINGLE_ELIGIBLE_FILING,1,0,0,False,CONSOLIDATED,202502_2301_AI1.pdf,2025-07-31T14:58:59+08:00
2301,2025-09-30,2025,3,EXACT_MATCH,SELECTED,MOPS_SINGLE_ELIGIBLE_FILING,1,0,0,False,CONSOLIDATED,202503_2301_AI1.pdf,2025-10-31T17:01:11+08:00
2301,2025-12-31,2025,4,EXACT_MATCH,SELECTED,MOPS_CONSOLIDATED_PREFERRED_OVER_INDIVIDUAL,2,1,0,False,CONSOLIDATED,202504_2301_AI1.pdf,2026-02-26T18:22:34+08:00
2301,2026-03-31,2026,1,EXACT_MATCH,SELECTED,MOPS_SINGLE_ELIGIBLE_FILING,1,0,0,False,CONSOLIDATED,202601_2301_AI1.pdf,2026-04-30T15:19:15+08:00
2301,2026-06-30,2026,2,EXACT_MATCH,SELECTED,MOPS_SINGLE_ELIGIBLE_FILING,1,0,0,False,CONSOLIDATED,202602_2301_AI1.pdf,2026-07-31T19:27:54+08:00
2303,2016-03-31,2016,1,EXACT_MATCH,SELECTED,MOPS_SINGLE_ELIGIBLE_FILING,1,0,0,False,CONSOLIDATED,201601_2303_AI1.pdf,2016-04-29T17:12:41+08:00
2303,2016-06-30,2016,2,EXACT_MATCH,SELECTED,MOPS_SINGLE_ELIGIBLE_FILING,1,0,0,False,CONSOLIDATED,201602_2303_AI1.pdf,2016-07-29T15:17:38+08:00
2303,2016-09-30,2016,3,EXACT_MATCH,SELECTED,MOPS_SINGLE_ELIGIBLE_FILING,1,0,0,False,CONSOLIDATED,201603_2303_AI1.pdf,2016-10-27T16:52:29+08:00
2303,2016-12-31,2016,4,EXACT_MATCH,SELECTED,MOPS_CONSOLIDATED_PREFERRED_OVER_INDIVIDUAL,2,1,0,False,CONSOLIDATED,201604_2303_AI1.pdf,2017-02-24T11:18:26+08:00
2303,2017-03-31,2017,1,EXACT_MATCH,SELECTED,MOPS_SINGLE_ELIGIBLE_FILING,1,0,0,False,CONSOLIDATED,201701_2303_AI1.pdf,2017-05-04T18:15:05+08:00
2303,2017-06-30,2017,2,EXACT_MATCH,SELECTED,MOPS_SINGLE_ELIGIBLE_FILING,1,0,0,False,CONSOLIDATED,201702_2303_AI1.pdf,2017-07-28T16:45:43+08:00
2303,2017-09-30,2017,3,EXACT_MATCH,SELECTED,MOPS_SINGLE_ELIGIBLE_FILING,1,0,0,False,CONSOLIDATED,201703_2303_AI1.pdf,2017-10-27T15:05:38+08:00
2303,2017-12-31,2017,4,EXACT_MATCH,SELECTED,MOPS_CONSOLIDATED_PREFERRED_OVER_INDIVIDUAL,2,1,0,False,CONSOLIDATED,201704_2303_AI1.zip,2018-03-09T17:23:15+08:00
2303,2018-03-31,2018,1,EXACT_MATCH,SELECTED,MOPS_SINGLE_ELIGIBLE_FILING,1,0,0,False,CONSOLIDATED,201801_2303_AI1.pdf,2018-04-26T18:30:17+08:00
2303,2018-06-30,2018,2,EXACT_MATCH,SELECTED,MOPS_SINGLE_ELIGIBLE_FILING,1,0,0,False,CONSOLIDATED,201802_2303_AI1.pdf,2018-07-27T16:30:56+08:00
2303,2018-09-30,2018,3,EXACT_MATCH,SELECTED,MOPS_SINGLE_ELIGIBLE_FILING,1,0,0,False,CONSOLIDATED,201803_2303_AI1.pdf,2018-10-24T18:05:09+08:00
2303,2018-12-31,2018,4,EXACT_MATCH,SELECTED,MOPS_CONSOLIDATED_PREFERRED_OVER_INDIVIDUAL,2,1,0,False,CONSOLIDATED,201804_2303_AI1.pdf,2019-03-08T16:14:31+08:00
2303,2019-03-31,2019,1,EXACT_MATCH,SELECTED,MOPS_SINGLE_ELIGIBLE_FILING,1,0,0,False,CONSOLIDATED,201901_2303_AI1.pdf,2019-04-30T15:17:35+08:00
2303,2019-06-30,2019,2,EXACT_MATCH,SELECTED,MOPS_SINGLE_ELIGIBLE_FILING,1,0,0,False,CONSOLIDATED,201902_2303_AI1.zip,2019-07-24T18:02:26+08:00
2303,2019-09-30,2019,3,EXACT_MATCH,SELECTED,MOPS_SINGLE_ELIGIBLE_FILING,1,0,0,False,CONSOLIDATED,201903_2303_AI1.pdf,2019-10-30T17:28:26+08:00
2303,2019-12-31,2019,4,EXACT_MATCH,SELECTED,MOPS_CONSOLIDATED_PREFERRED_OVER_INDIVIDUAL,2,1,0,False,CONSOLIDATED,201904_2303_AI1.pdf,2020-02-26T16:53:14+08:00
2303,2020-03-31,2020,1,EXACT_MATCH,SELECTED,MOPS_SINGLE_ELIGIBLE_FILING,1,0,0,False,CONSOLIDATED,202001_2303_AI1.pdf,2020-04-27T17:52:45+08:00
2303,2020-06-30,2020,2,EXACT_MATCH,SELECTED,MOPS_SINGLE_ELIGIBLE_FILING,1,0,0,False,CONSOLIDATED,202002_2303_AI1.pdf,2020-07-29T18:09:09+08:00
2303,2020-09-30,2020,3,EXACT_MATCH,SELECTED,MOPS_SINGLE_ELIGIBLE_FILING,1,0,0,False,CONSOLIDATED,202003_2303_AI1.pdf,2020-10-29T16:55:41+08:00
2303,2020-12-31,2020,4,EXACT_MATCH,SELECTED,MOPS_CONSOLIDATED_PREFERRED_OVER_INDIVIDUAL,2,1,0,False,CONSOLIDATED,202004_2303_AI1.pdf,2021-02-24T17:19:43+08:00
2303,2021-03-31,2021,1,EXACT_MATCH,SELECTED,MOPS_SINGLE_ELIGIBLE_FILING,1,0,0,False,CONSOLIDATED,202101_2303_AI1.pdf,2021-04-28T17:08:42+08:00
2303,2021-06-30,2021,2,EXACT_MATCH,SELECTED,MOPS_SINGLE_ELIGIBLE_FILING,1,0,0,False,CONSOLIDATED,202102_2303_AI1.pdf,2021-07-28T17:58:57+08:00
2303,2021-09-30,2021,3,EXACT_MATCH,SELECTED,MOPS_SINGLE_ELIGIBLE_FILING,1,0,0,False,CONSOLIDATED,202103_2303_AI1.pdf,2021-10-27T17:17:38+08:00
2303,2021-12-31,2021,4,EXACT_MATCH,SELECTED,MOPS_CONSOLIDATED_PREFERRED_OVER_INDIVIDUAL,2,1,0,False,CONSOLIDATED,202104_2303_AI1.pdf,2022-02-24T17:20:17+08:00
2303,2022-03-31,2022,1,EXACT_MATCH,SELECTED,MOPS_SINGLE_ELIGIBLE_FILING,1,0,0,False,CONSOLIDATED,202201_2303_AI1.pdf,2022-04-27T17:11:56+08:00
2303,2022-06-30,2022,2,EXACT_MATCH,SELECTED,MOPS_SINGLE_ELIGIBLE_FILING,1,0,0,False,CONSOLIDATED,202202_2303_AI1.pdf,2022-07-27T17:08:51+08:00
2303,2022-09-30,2022,3,EXACT_MATCH,SELECTED,MOPS_SINGLE_ELIGIBLE_FILING,1,0,0,False,CONSOLIDATED,202203_2303_AI1.pdf,2022-10-26T17:26:57+08:00
2303,2022-12-31,2022,4,EXACT_MATCH,SELECTED,MOPS_CONSOLIDATED_PREFERRED_OVER_INDIVIDUAL,2,1,0,False,CONSOLIDATED,202204_2303_AI1.pdf,2023-02-22T16:11:57+08:00
2303,2023-03-31,2023,1,EXACT_MATCH,SELECTED,MOPS_SINGLE_ELIGIBLE_FILING,1,0,0,False,CONSOLIDATED,202301_2303_AI1.pdf,2023-04-26T17:05:47+08:00
2303,2023-06-30,2023,2,EXACT_MATCH,SELECTED,MOPS_SINGLE_ELIGIBLE_FILING,1,0,0,False,CONSOLIDATED,202302_2303_AI1.pdf,2023-07-26T17:04:31+08:00
2303,2023-09-30,2023,3,EXACT_MATCH,SELECTED,MOPS_SINGLE_ELIGIBLE_FILING,1,0,0,False,CONSOLIDATED,202303_2303_AI1.pdf,2023-10-25T17:10:58+08:00
2303,2023-12-31,2023,4,EXACT_MATCH,SELECTED,MOPS_CONSOLIDATED_PREFERRED_OVER_INDIVIDUAL,2,1,0,False,CONSOLIDATED,202304_2303_AI1.pdf,2024-02-27T21:28:13+08:00
2303,2024-03-31,2024,1,EXACT_MATCH,SELECTED,MOPS_SINGLE_ELIGIBLE_FILING,1,0,0,False,CONSOLIDATED,202401_2303_AI1.pdf,2024-04-24T17:03:42+08:00
2303,2024-06-30,2024,2,EXACT_MATCH,SELECTED,MOPS_SINGLE_ELIGIBLE_FILING,1,0,0,False,CONSOLIDATED,202402_2303_AI1.pdf,2024-07-31T17:09:51+08:00
2303,2024-09-30,2024,3,EXACT_MATCH,SELECTED,MOPS_SINGLE_ELIGIBLE_FILING,1,0,0,False,CONSOLIDATED,202403_2303_AI1.pdf,2024-10-30T17:16:12+08:00
2303,2024-12-31,2024,4,EXACT_MATCH,SELECTED,MOPS_CONSOLIDATED_PREFERRED_OVER_INDIVIDUAL,2,1,0,False,CONSOLIDATED,202404_2303_AI1.pdf,2025-02-26T15:37:19+08:00
2303,2025-03-31,2025,1,EXACT_MATCH,SELECTED,MOPS_SINGLE_ELIGIBLE_FILING,1,0,0,False,CONSOLIDATED,202501_2303_AI1.pdf,2025-04-23T17:08:00+08:00
2303,2025-06-30,2025,2,EXACT_MATCH,SELECTED,MOPS_SINGLE_ELIGIBLE_FILING,1,0,0,False,CONSOLIDATED,202502_2303_AI1.pdf,2025-07-30T17:06:27+08:00
2303,2025-09-30,2025,3,EXACT_MATCH,SELECTED,MOPS_SINGLE_ELIGIBLE_FILING,1,0,0,False,CONSOLIDATED,202503_2303_AI1.pdf,2025-10-29T17:07:33+08:00
2303,2025-12-31,2025,4,EXACT_MATCH,SELECTED,MOPS_CONSOLIDATED_PREFERRED_OVER_INDIVIDUAL,2,1,0,False,CONSOLIDATED,202504_2303_AI1.pdf,2026-02-25T17:35:24+08:00
2303,2026-03-31,2026,1,EXACT_MATCH,SELECTED,MOPS_SINGLE_ELIGIBLE_FILING,1,0,0,False,CONSOLIDATED,202601_2303_AI1.pdf,2026-04-29T17:25:08+08:00
2303,2026-06-30,2026,2,EXACT_MATCH,SELECTED,MOPS_SINGLE_ELIGIBLE_FILING,1,0,0,False,CONSOLIDATED,202602_2303_AI1.pdf,2026-07-29T17:18:33+08:00
2308,2016-03-31,2016,1,EXACT_MATCH,SELECTED,MOPS_SINGLE_ELIGIBLE_FILING,1,0,0,False,CONSOLIDATED,201601_2308_AI1.pdf,2016-04-29T07:52:51+08:00
2308,2016-06-30,2016,2,EXACT_MATCH,SELECTED,MOPS_SINGLE_ELIGIBLE_FILING,1,0,0,False,CONSOLIDATED,201602_2308_AI1.pdf,2016-08-09T17:01:32+08:00
2308,2016-09-30,2016,3,EXACT_MATCH,SELECTED,MOPS_SINGLE_ELIGIBLE_FILING,1,0,0,False,CONSOLIDATED,201603_2308_AI1.pdf,2016-10-27T18:25:12+08:00
2308,2016-12-31,2016,4,EXACT_MATCH,SELECTED,MOPS_CONSOLIDATED_PREFERRED_OVER_INDIVIDUAL,2,1,0,False,CONSOLIDATED,201604_2308_AI1.pdf,2017-03-10T09:33:35+08:00
2308,2017-03-31,2017,1,EXACT_MATCH,SELECTED,MOPS_SINGLE_ELIGIBLE_FILING,1,0,0,False,CONSOLIDATED,201701_2308_AI1.pdf,2017-04-27T17:49:29+08:00
2308,2017-06-30,2017,2,EXACT_MATCH,SELECTED,MOPS_SINGLE_ELIGIBLE_FILING,1,0,0,False,CONSOLIDATED,201702_2308_AI1.pdf,2017-07-28T14:51:53+08:00
2308,2017-09-30,2017,3,EXACT_MATCH,SELECTED,MOPS_SINGLE_ELIGIBLE_FILING,1,0,0,False,CONSOLIDATED,201703_2308_AI1.pdf,2017-10-30T16:49:35+08:00
2308,2017-12-31,2017,4,EXACT_MATCH,SELECTED,MOPS_CONSOLIDATED_PREFERRED_OVER_INDIVIDUAL,2,1,0,False,CONSOLIDATED,201704_2308_AI1.pdf,2018-03-08T21:14:48+08:00
2308,2018-03-31,2018,1,EXACT_MATCH,SELECTED,MOPS_SINGLE_ELIGIBLE_FILING,1,0,0,False,CONSOLIDATED,201801_2308_AI1.pdf,2018-04-30T14:25:45+08:00
2308,2018-06-30,2018,2,EXACT_MATCH,SELECTED,MOPS_SINGLE_ELIGIBLE_FILING,1,0,0,False,CONSOLIDATED,201802_2308_AI1.pdf,2018-07-31T22:18:30+08:00
2308,2018-09-30,2018,3,EXACT_MATCH,SELECTED,MOPS_SINGLE_ELIGIBLE_FILING,1,0,0,False,CONSOLIDATED,201803_2308_AI1.pdf,2018-10-29T18:08:17+08:00
2308,2018-12-31,2018,4,EXACT_MATCH,SELECTED,MOPS_CONSOLIDATED_PREFERRED_OVER_INDIVIDUAL,2,1,0,False,CONSOLIDATED,201804_2308_AI1.pdf,2019-03-11T19:47:41+08:00
2308,2019-03-31,2019,1,EXACT_MATCH,SELECTED,MOPS_SINGLE_ELIGIBLE_FILING,1,0,0,False,CONSOLIDATED,201901_2308_AI1.pdf,2019-04-29T17:55:28+08:00
2308,2019-06-30,2019,2,EXACT_MATCH,SELECTED,MOPS_SINGLE_ELIGIBLE_FILING,1,0,0,False,CONSOLIDATED,201902_2308_AI1.pdf,2019-07-31T17:54:45+08:00
2308,2019-09-30,2019,3,EXACT_MATCH,SELECTED,MOPS_SINGLE_ELIGIBLE_FILING,1,0,0,False,CONSOLIDATED,201903_2308_AI1.pdf,2019-10-30T18:01:03+08:00
2308,2019-12-31,2019,4,EXACT_MATCH,SELECTED,MOPS_CONSOLIDATED_PREFERRED_OVER_INDIVIDUAL,2,1,0,False,CONSOLIDATED,201904_2308_AI1.pdf,2020-03-10T18:26:09+08:00
2308,2020-03-31,2020,1,EXACT_MATCH,SELECTED,MOPS_SINGLE_ELIGIBLE_FILING,1,0,0,False,CONSOLIDATED,202001_2308_AI1.pdf,2020-04-29T18:06:27+08:00
2308,2020-06-30,2020,2,EXACT_MATCH,SELECTED,MOPS_SINGLE_ELIGIBLE_FILING,1,0,0,False,CONSOLIDATED,202002_2308_AI1.pdf,2020-07-29T15:21:26+08:00
2308,2020-09-30,2020,3,EXACT_MATCH,SELECTED,MOPS_SINGLE_ELIGIBLE_FILING,1,0,0,False,CONSOLIDATED,202003_2308_AI1.pdf,2020-10-28T15:22:07+08:00
2308,2020-12-31,2020,4,EXACT_MATCH,SELECTED,MOPS_CONSOLIDATED_PREFERRED_OVER_INDIVIDUAL,2,1,0,False,CONSOLIDATED,202004_2308_AI1.pdf,2021-02-24T18:17:52+08:00
2308,2021-03-31,2021,1,EXACT_MATCH,SELECTED,MOPS_SINGLE_ELIGIBLE_FILING,1,0,0,False,CONSOLIDATED,202101_2308_AI1.pdf,2021-04-28T16:23:09+08:00
2308,2021-06-30,2021,2,EXACT_MATCH,SELECTED,MOPS_SINGLE_ELIGIBLE_FILING,1,0,0,False,CONSOLIDATED,202102_2308_AI1.pdf,2021-07-29T17:14:38+08:00
2308,2021-09-30,2021,3,EXACT_MATCH,SELECTED,MOPS_SINGLE_ELIGIBLE_FILING,1,0,0,False,CONSOLIDATED,202103_2308_AI1.pdf,2021-10-28T18:23:33+08:00
2308,2021-12-31,2021,4,EXACT_MATCH,SELECTED,MOPS_CONSOLIDATED_PREFERRED_OVER_INDIVIDUAL,2,1,0,False,CONSOLIDATED,202104_2308_AI1.pdf,2022-02-24T19:46:37+08:00
2308,2022-03-31,2022,1,EXACT_MATCH,SELECTED,MOPS_SINGLE_ELIGIBLE_FILING,1,0,0,False,CONSOLIDATED,202201_2308_AI1.pdf,2022-04-28T17:44:43+08:00
2308,2022-06-30,2022,2,EXACT_MATCH,SELECTED,MOPS_SINGLE_ELIGIBLE_FILING,1,0,0,False,CONSOLIDATED,202202_2308_AI1.pdf,2022-07-28T17:34:55+08:00
2308,2022-09-30,2022,3,EXACT_MATCH,SELECTED,MOPS_SINGLE_ELIGIBLE_FILING,1,0,0,False,CONSOLIDATED,202203_2308_AI1.pdf,2022-10-27T17:39:26+08:00
2308,2022-12-31,2022,4,EXACT_MATCH,SELECTED,MOPS_CONSOLIDATED_PREFERRED_OVER_INDIVIDUAL,2,1,0,False,CONSOLIDATED,202204_2308_AI1.pdf,2023-02-22T20:00:55+08:00
2308,2023-03-31,2023,1,EXACT_MATCH,SELECTED,MOPS_SINGLE_ELIGIBLE_FILING,1,0,0,False,CONSOLIDATED,202301_2308_AI1.pdf,2023-04-27T16:02:28+08:00
2308,2023-06-30,2023,2,EXACT_MATCH,SELECTED,MOPS_SINGLE_ELIGIBLE_FILING,1,0,0,False,CONSOLIDATED,202302_2308_AI1.pdf,2023-07-31T16:38:05+08:00
2308,2023-09-30,2023,3,EXACT_MATCH,SELECTED,MOPS_SINGLE_ELIGIBLE_FILING,1,0,0,False,CONSOLIDATED,202303_2308_AI1.pdf,2023-10-31T17:39:47+08:00
2308,2023-12-31,2023,4,EXACT_MATCH,SELECTED,MOPS_CONSOLIDATED_PREFERRED_OVER_INDIVIDUAL,2,1,0,False,CONSOLIDATED,202304_2308_AI1.pdf,2024-02-29T18:54:44+08:00
2308,2024-03-31,2024,1,EXACT_MATCH,SELECTED,MOPS_SINGLE_ELIGIBLE_FILING,1,0,0,False,CONSOLIDATED,202401_2308_AI1.pdf,2024-04-30T17:27:37+08:00
2308,2024-06-30,2024,2,EXACT_MATCH,SELECTED,MOPS_SINGLE_ELIGIBLE_FILING,1,0,0,False,CONSOLIDATED,202402_2308_AI1.pdf,2024-07-31T17:42:05+08:00
2308,2024-09-30,2024,3,EXACT_MATCH,SELECTED,MOPS_SINGLE_ELIGIBLE_FILING,1,0,0,False,CONSOLIDATED,202403_2308_AI1.pdf,2024-10-30T08:38:53+08:00
2308,2024-12-31,2024,4,EXACT_MATCH,SELECTED,MOPS_CONSOLIDATED_PREFERRED_OVER_INDIVIDUAL,2,1,0,False,CONSOLIDATED,202404_2308_AI1.pdf,2025-02-26T19:01:09+08:00
2308,2025-03-31,2025,1,EXACT_MATCH,SELECTED,MOPS_SINGLE_ELIGIBLE_FILING,1,0,0,False,CONSOLIDATED,202501_2308_AI1.pdf,2025-04-29T17:18:07+08:00
2308,2025-06-30,2025,2,EXACT_MATCH,SELECTED,MOPS_SINGLE_ELIGIBLE_FILING,1,0,0,False,CONSOLIDATED,202502_2308_AI1.pdf,2025-07-30T16:47:50+08:00
2308,2025-09-30,2025,3,EXACT_MATCH,SELECTED,MOPS_SINGLE_ELIGIBLE_FILING,1,0,0,False,CONSOLIDATED,202503_2308_AI1.pdf,2025-10-29T17:25:42+08:00
2308,2025-12-31,2025,4,EXACT_MATCH,SELECTED,MOPS_CONSOLIDATED_PREFERRED_OVER_INDIVIDUAL,2,1,0,False,CONSOLIDATED,202504_2308_AI1.pdf,2026-02-25T19:04:03+08:00
2308,2026-03-31,2026,1,EXACT_MATCH,SELECTED,MOPS_SINGLE_ELIGIBLE_FILING,1,0,0,False,CONSOLIDATED,202601_2308_AI1.pdf,2026-04-29T17:51:02+08:00
2308,2026-06-30,2026,2,EXACT_MATCH,SELECTED,MOPS_SINGLE_ELIGIBLE_FILING,1,0,0,False,CONSOLIDATED,202602_2308_AI1.pdf,2026-07-29T16:26:39+08:00
2317,2016-03-31,2016,1,EXACT_MATCH,SELECTED,MOPS_SINGLE_ELIGIBLE_FILING,1,0,0,False,CONSOLIDATED,201601_2317_AI1.pdf,2016-05-16T17:04:30+08:00
2317,2016-06-30,2016,2,EXACT_MATCH,SELECTED,MOPS_SINGLE_ELIGIBLE_FILING,1,0,0,False,CONSOLIDATED,201602_2317_AI1.pdf,2016-08-15T15:40:11+08:00
2317,2016-09-30,2016,3,EXACT_MATCH,SELECTED,MOPS_SINGLE_ELIGIBLE_FILING,1,0,0,False,CONSOLIDATED,201603_2317_AI1.pdf,2016-11-14T15:12:30+08:00
2317,2016-12-31,2016,4,EXACT_MATCH,SELECTED,MOPS_CONSOLIDATED_PREFERRED_OVER_INDIVIDUAL,2,1,0,False,CONSOLIDATED,201604_2317_AI1.pdf,2017-03-31T18:21:59+08:00
2317,2017-03-31,2017,1,EXACT_MATCH,SELECTED,MOPS_SINGLE_ELIGIBLE_FILING,1,0,0,False,CONSOLIDATED,201701_2317_AI1.pdf,2017-05-15T16:35:01+08:00
2317,2017-06-30,2017,2,EXACT_MATCH,SELECTED,MOPS_SINGLE_ELIGIBLE_FILING,1,0,0,False,CONSOLIDATED,201702_2317_AI1.pdf,2017-08-14T16:46:02+08:00
2317,2017-09-30,2017,3,EXACT_MATCH,SELECTED,MOPS_SINGLE_ELIGIBLE_FILING,1,0,0,False,CONSOLIDATED,201703_2317_AI1.pdf,2017-11-14T18:03:18+08:00
2317,2017-12-31,2017,4,EXACT_MATCH,SELECTED,MOPS_CONSOLIDATED_PREFERRED_OVER_INDIVIDUAL,2,1,0,False,CONSOLIDATED,201704_2317_AI1.pdf,2018-03-31T13:48:37+08:00
2317,2018-03-31,2018,1,EXACT_MATCH,SELECTED,MOPS_SINGLE_ELIGIBLE_FILING,1,0,0,False,CONSOLIDATED,201801_2317_AI1.pdf,2018-05-15T15:13:08+08:00
2317,2018-06-30,2018,2,EXACT_MATCH,SELECTED,MOPS_SINGLE_ELIGIBLE_FILING,1,0,0,False,CONSOLIDATED,201802_2317_AI1.pdf,2018-08-14T18:48:05+08:00
2317,2018-09-30,2018,3,EXACT_MATCH,SELECTED,MOPS_SINGLE_ELIGIBLE_FILING,1,0,0,False,CONSOLIDATED,201803_2317_AI1.pdf,2018-11-14T17:41:02+08:00
2317,2018-12-31,2018,4,EXACT_MATCH,SELECTED,MOPS_CONSOLIDATED_PREFERRED_OVER_INDIVIDUAL,2,1,0,False,CONSOLIDATED,201804_2317_AI1.pdf,2019-04-01T19:21:23+08:00
2317,2019-03-31,2019,1,EXACT_MATCH,SELECTED,MOPS_SINGLE_ELIGIBLE_FILING,1,0,0,False,CONSOLIDATED,201901_2317_AI1.pdf,2019-05-15T09:08:53+08:00
2317,2019-06-30,2019,2,EXACT_MATCH,SELECTED,MOPS_SINGLE_ELIGIBLE_FILING,1,0,0,False,CONSOLIDATED,201902_2317_AI1.pdf,2019-08-14T17:00:08+08:00
2317,2019-09-30,2019,3,EXACT_MATCH,SELECTED,MOPS_SINGLE_ELIGIBLE_FILING,1,0,0,False,CONSOLIDATED,201903_2317_AI1.pdf,2019-11-14T13:58:42+08:00
2317,2019-12-31,2019,4,EXACT_MATCH,SELECTED,MOPS_CONSOLIDATED_PREFERRED_OVER_INDIVIDUAL,2,1,0,False,CONSOLIDATED,201904_2317_AI1.pdf,2020-03-31T18:55:21+08:00
2317,2020-03-31,2020,1,EXACT_MATCH,SELECTED,MOPS_SINGLE_ELIGIBLE_FILING,1,0,0,False,CONSOLIDATED,202001_2317_AI1.pdf,2020-05-15T18:02:18+08:00
2317,2020-06-30,2020,2,EXACT_MATCH,SELECTED,MOPS_SINGLE_ELIGIBLE_FILING,1,0,0,False,CONSOLIDATED,202002_2317_AI1.pdf,2020-08-13T19:07:24+08:00
2317,2020-09-30,2020,3,EXACT_MATCH,SELECTED,MOPS_SINGLE_ELIGIBLE_FILING,1,0,0,False,CONSOLIDATED,202003_2317_AI1.pdf,2020-11-13T15:31:40+08:00
2317,2020-12-31,2020,4,EXACT_MATCH,SELECTED,MOPS_CONSOLIDATED_PREFERRED_OVER_INDIVIDUAL,2,1,0,False,CONSOLIDATED,202004_2317_AI1.pdf,2021-03-31T18:45:43+08:00
2317,2021-03-31,2021,1,EXACT_MATCH,SELECTED,MOPS_SINGLE_ELIGIBLE_FILING,1,0,0,False,CONSOLIDATED,202101_2317_AI1.pdf,2021-05-14T20:50:32+08:00
2317,2021-06-30,2021,2,EXACT_MATCH,SELECTED,MOPS_SINGLE_ELIGIBLE_FILING,1,0,0,False,CONSOLIDATED,202102_2317_AI1.pdf,2021-08-13T17:49:25+08:00
2317,2021-09-30,2021,3,EXACT_MATCH,SELECTED,MOPS_SINGLE_ELIGIBLE_FILING,1,0,0,False,CONSOLIDATED,202103_2317_AI1.pdf,2021-11-15T19:27:50+08:00
2317,2021-12-31,2021,4,EXACT_MATCH,SELECTED,MOPS_CONSOLIDATED_PREFERRED_OVER_INDIVIDUAL,2,1,0,False,CONSOLIDATED,202104_2317_AI1.pdf,2022-03-28T17:25:20+08:00
2317,2022-03-31,2022,1,EXACT_MATCH,SELECTED,MOPS_SINGLE_ELIGIBLE_FILING,1,0,0,False,CONSOLIDATED,202201_2317_AI1.pdf,2022-05-16T15:25:13+08:00
2317,2022-06-30,2022,2,EXACT_MATCH,SELECTED,MOPS_SINGLE_ELIGIBLE_FILING,1,0,0,False,CONSOLIDATED,202202_2317_AI1.pdf,2022-08-15T14:27:14+08:00
2317,2022-09-30,2022,3,EXACT_MATCH,SELECTED,MOPS_SINGLE_ELIGIBLE_FILING,1,0,0,False,CONSOLIDATED,202203_2317_AI1.pdf,2022-11-30T14:29:52+08:00
2317,2022-12-31,2022,4,EXACT_MATCH,SELECTED,MOPS_CONSOLIDATED_PREFERRED_OVER_INDIVIDUAL,2,1,0,False,CONSOLIDATED,202204_2317_AI1.pdf,2023-03-16T17:42:10+08:00
2317,2023-03-31,2023,1,EXACT_MATCH,SELECTED,MOPS_SINGLE_ELIGIBLE_FILING,1,0,0,False,CONSOLIDATED,202301_2317_AI1.pdf,2023-05-15T17:26:41+08:00
2317,2023-06-30,2023,2,EXACT_MATCH,SELECTED,MOPS_SINGLE_ELIGIBLE_FILING,1,0,0,False,CONSOLIDATED,202302_2317_AI1.pdf,2023-08-14T18:20:35+08:00
2317,2023-09-30,2023,3,EXACT_MATCH,SELECTED,MOPS_SINGLE_ELIGIBLE_FILING,1,0,0,False,CONSOLIDATED,202303_2317_AI1.pdf,2023-11-14T18:36:17+08:00
2317,2023-12-31,2023,4,EXACT_MATCH,SELECTED,MOPS_CONSOLIDATED_PREFERRED_OVER_INDIVIDUAL,2,1,0,False,CONSOLIDATED,202304_2317_AI1.pdf,2024-03-15T19:14:37+08:00
2317,2024-03-31,2024,1,EXACT_MATCH,SELECTED,MOPS_SINGLE_ELIGIBLE_FILING,1,0,0,False,CONSOLIDATED,202401_2317_AI1.pdf,2024-05-15T16:53:00+08:00
2317,2024-06-30,2024,2,EXACT_MATCH,SELECTED,MOPS_SINGLE_ELIGIBLE_FILING,1,0,0,False,CONSOLIDATED,202402_2317_AI1.pdf,2024-08-14T19:04:15+08:00
2317,2024-09-30,2024,3,EXACT_MATCH,SELECTED,MOPS_SINGLE_ELIGIBLE_FILING,1,0,0,False,CONSOLIDATED,202403_2317_AI1.pdf,2024-11-14T17:37:44+08:00
2317,2024-12-31,2024,4,EXACT_MATCH,SELECTED,MOPS_CONSOLIDATED_PREFERRED_OVER_INDIVIDUAL,2,1,0,False,CONSOLIDATED,202404_2317_AI1.pdf,2025-03-17T18:54:55+08:00
2317,2025-03-31,2025,1,EXACT_MATCH,SELECTED,MOPS_SINGLE_ELIGIBLE_FILING,1,0,0,False,CONSOLIDATED,202501_2317_AI1.pdf,2025-05-15T18:17:13+08:00
2317,2025-06-30,2025,2,EXACT_MATCH,SELECTED,MOPS_SINGLE_ELIGIBLE_FILING,1,0,0,False,CONSOLIDATED,202502_2317_AI1.pdf,2025-08-14T16:32:48+08:00
2317,2025-09-30,2025,3,EXACT_MATCH,SELECTED,MOPS_SINGLE_ELIGIBLE_FILING,1,0,0,False,CONSOLIDATED,202503_2317_AI1.pdf,2025-11-14T15:35:05+08:00
2317,2025-12-31,2025,4,EXACT_MATCH,SELECTED,MOPS_CONSOLIDATED_PREFERRED_OVER_INDIVIDUAL,2,1,0,False,CONSOLIDATED,202504_2317_AI1.pdf,2026-03-16T18:37:49+08:00
2317,2026-03-31,2026,1,EXACT_MATCH,SELECTED,MOPS_SINGLE_ELIGIBLE_FILING,1,0,0,False,CONSOLIDATED,202601_2317_AI1.pdf,2026-05-15T17:36:43+08:00
2317,2026-06-30,2026,2,EXACT_MATCH,SELECTED,MOPS_SINGLE_ELIGIBLE_FILING,1,0,0,False,CONSOLIDATED,202602_2317_AI1.pdf,2026-08-14T17:47:54+08:00
2327,2016-03-31,2016,1,EXACT_MATCH,SELECTED,MOPS_SINGLE_ELIGIBLE_FILING,1,0,0,False,CONSOLIDATED,201601_2327_AI1.pdf,2016-05-11T18:24:17+08:00
2327,2016-06-30,2016,2,EXACT_MATCH,SELECTED,MOPS_SINGLE_ELIGIBLE_FILING,1,0,0,False,CONSOLIDATED,201602_2327_AI1.pdf,2016-08-12T17:45:45+08:00
2327,2016-09-30,2016,3,EXACT_MATCH,SELECTED,MOPS_SINGLE_ELIGIBLE_FILING,1,0,0,False,CONSOLIDATED,201603_2327_AI1.pdf,2016-11-11T18:43:44+08:00
2327,2016-12-31,2016,4,EXACT_MATCH,SELECTED,MOPS_CONSOLIDATED_PREFERRED_OVER_INDIVIDUAL,2,1,0,False,CONSOLIDATED,201604_2327_AI1.pdf,2017-03-30T17:38:56+08:00
2327,2017-03-31,2017,1,EXACT_MATCH,SELECTED,MOPS_SINGLE_ELIGIBLE_FILING,1,0,0,False,CONSOLIDATED,201701_2327_AI1.pdf,2017-05-10T19:07:37+08:00
2327,2017-06-30,2017,2,EXACT_MATCH,SELECTED,MOPS_SINGLE_ELIGIBLE_FILING,1,0,0,False,CONSOLIDATED,201702_2327_AI1.pdf,2017-08-14T11:43:44+08:00
2327,2017-09-30,2017,3,EXACT_MATCH,SELECTED,MOPS_SINGLE_ELIGIBLE_FILING,1,0,0,False,CONSOLIDATED,201703_2327_AI1.pdf,2017-11-06T17:02:05+08:00
2327,2017-12-31,2017,4,EXACT_MATCH,SELECTED,MOPS_CONSOLIDATED_PREFERRED_OVER_INDIVIDUAL,2,1,0,False,CONSOLIDATED,201704_2327_AI1.pdf,2018-03-31T10:43:10+08:00
2327,2018-03-31,2018,1,EXACT_MATCH,SELECTED,MOPS_SINGLE_ELIGIBLE_FILING,1,0,0,False,CONSOLIDATED,201801_2327_AI1.pdf,2018-05-15T15:54:27+08:00
2327,2018-06-30,2018,2,EXACT_MATCH,SELECTED,MOPS_SINGLE_ELIGIBLE_FILING,1,0,0,False,CONSOLIDATED,201802_2327_AI1.pdf,2018-08-14T13:56:39+08:00
2327,2018-09-30,2018,3,EXACT_MATCH,SELECTED,MOPS_SINGLE_ELIGIBLE_FILING,1,0,0,False,CONSOLIDATED,201803_2327_AI1.pdf,2018-11-13T16:59:51+08:00
2327,2018-12-31,2018,4,EXACT_MATCH,SELECTED,MOPS_CONSOLIDATED_PREFERRED_OVER_INDIVIDUAL,2,1,0,False,CONSOLIDATED,201804_2327_AI1.pdf,2019-03-29T13:29:06+08:00
2327,2019-03-31,2019,1,EXACT_MATCH,SELECTED,MOPS_SINGLE_ELIGIBLE_FILING,1,0,0,False,CONSOLIDATED,201901_2327_AI1.pdf,2019-05-13T15:51:39+08:00
2327,2019-06-30,2019,2,EXACT_MATCH,SELECTED,MOPS_SINGLE_ELIGIBLE_FILING,1,0,0,False,CONSOLIDATED,201902_2327_AI1.pdf,2019-08-12T16:17:36+08:00
2327,2019-09-30,2019,3,EXACT_MATCH,SELECTED,MOPS_SINGLE_ELIGIBLE_FILING,1,0,0,False,CONSOLIDATED,201903_2327_AI1.pdf,2019-11-08T16:59:11+08:00
2327,2019-12-31,2019,4,EXACT_MATCH,SELECTED,MOPS_CONSOLIDATED_PREFERRED_OVER_INDIVIDUAL,2,1,0,False,CONSOLIDATED,201904_2327_AI1.pdf,2020-03-06T13:24:24+08:00
2327,2020-03-31,2020,1,EXACT_MATCH,SELECTED,MOPS_SINGLE_ELIGIBLE_FILING,1,0,0,False,CONSOLIDATED,202001_2327_AI1.pdf,2020-05-14T13:57:33+08:00
2327,2020-06-30,2020,2,EXACT_MATCH,SELECTED,MOPS_SINGLE_ELIGIBLE_FILING,1,0,0,False,CONSOLIDATED,202002_2327_AI1.pdf,2020-08-14T17:01:03+08:00
2327,2020-09-30,2020,3,EXACT_MATCH,SELECTED,MOPS_SINGLE_ELIGIBLE_FILING,1,0,0,False,CONSOLIDATED,202003_2327_AI1.pdf,2020-11-13T15:34:02+08:00
2327,2020-12-31,2020,4,EXACT_MATCH,SELECTED,MOPS_CONSOLIDATED_PREFERRED_OVER_INDIVIDUAL,2,1,0,False,CONSOLIDATED,202004_2327_AI1.pdf,2021-03-26T16:43:47+08:00
2327,2021-03-31,2021,1,EXACT_MATCH,SELECTED,MOPS_SINGLE_ELIGIBLE_FILING,1,0,0,False,CONSOLIDATED,202101_2327_AI1.pdf,2021-05-10T18:04:22+08:00
2327,2021-06-30,2021,2,EXACT_MATCH,SELECTED,MOPS_SINGLE_ELIGIBLE_FILING,1,0,0,False,CONSOLIDATED,202102_2327_AI1.pdf,2021-08-16T14:38:26+08:00
2327,2021-09-30,2021,3,EXACT_MATCH,SELECTED,MOPS_SINGLE_ELIGIBLE_FILING,1,0,0,False,CONSOLIDATED,202103_2327_AI1.pdf,2021-11-15T14:04:27+08:00
2327,2021-12-31,2021,4,EXACT_MATCH,SELECTED,MOPS_CONSOLIDATED_PREFERRED_OVER_INDIVIDUAL,2,1,0,False,CONSOLIDATED,202104_2327_AI1.pdf,2022-03-29T18:09:32+08:00
2327,2022-03-31,2022,1,EXACT_MATCH,SELECTED,MOPS_SINGLE_ELIGIBLE_FILING,1,0,0,False,CONSOLIDATED,202201_2327_AI1.pdf,2022-05-16T15:37:07+08:00
2327,2022-06-30,2022,2,EXACT_MATCH,SELECTED,MOPS_SINGLE_ELIGIBLE_FILING,1,0,0,False,CONSOLIDATED,202202_2327_AI1.pdf,2022-08-15T16:28:02+08:00
2327,2022-09-30,2022,3,EXACT_MATCH,SELECTED,MOPS_SINGLE_ELIGIBLE_FILING,1,0,0,False,CONSOLIDATED,202203_2327_AI1.pdf,2022-11-14T15:32:26+08:00
2327,2022-12-31,2022,4,EXACT_MATCH,SELECTED,MOPS_CONSOLIDATED_PREFERRED_OVER_INDIVIDUAL,2,1,0,False,CONSOLIDATED,202204_2327_AI1.pdf,2023-03-29T17:36:43+08:00
2327,2023-03-31,2023,1,EXACT_MATCH,SELECTED,MOPS_SINGLE_ELIGIBLE_FILING,1,0,0,False,CONSOLIDATED,202301_2327_AI1.pdf,2023-05-12T16:55:46+08:00
2327,2023-06-30,2023,2,EXACT_MATCH,SELECTED,MOPS_SINGLE_ELIGIBLE_FILING,1,0,0,False,CONSOLIDATED,202302_2327_AI1.pdf,2023-08-14T14:49:33+08:00
2327,2023-09-30,2023,3,EXACT_MATCH,SELECTED,MOPS_SINGLE_ELIGIBLE_FILING,1,0,0,False,CONSOLIDATED,202303_2327_AI1.pdf,2023-11-14T14:35:42+08:00
2327,2023-12-31,2023,4,EXACT_MATCH,SELECTED,MOPS_CONSOLIDATED_PREFERRED_OVER_INDIVIDUAL,2,1,0,False,CONSOLIDATED,202304_2327_AI1.pdf,2024-03-27T15:12:18+08:00
2327,2024-03-31,2024,1,EXACT_MATCH,SELECTED,MOPS_SINGLE_ELIGIBLE_FILING,1,0,0,False,CONSOLIDATED,202401_2327_AI1.pdf,2024-05-15T16:10:58+08:00
2327,2024-06-30,2024,2,EXACT_MATCH,SELECTED,MOPS_SINGLE_ELIGIBLE_FILING,1,0,0,False,CONSOLIDATED,202402_2327_AI1.pdf,2024-08-14T13:39:53+08:00
2327,2024-09-30,2024,3,EXACT_MATCH,SELECTED,MOPS_SINGLE_ELIGIBLE_FILING,1,0,0,False,CONSOLIDATED,202403_2327_AI1.pdf,2024-11-14T09:18:48+08:00
2327,2024-12-31,2024,4,EXACT_MATCH,SELECTED,MOPS_CONSOLIDATED_PREFERRED_OVER_INDIVIDUAL,2,1,0,False,CONSOLIDATED,202404_2327_AI1.pdf,2025-03-28T16:54:03+08:00
2327,2025-03-31,2025,1,EXACT_MATCH,SELECTED,MOPS_SINGLE_ELIGIBLE_FILING,1,0,0,False,CONSOLIDATED,202501_2327_AI1.pdf,2025-05-15T16:55:03+08:00
2327,2025-06-30,2025,2,EXACT_MATCH,SELECTED,MOPS_SINGLE_ELIGIBLE_FILING,1,0,0,False,CONSOLIDATED,202502_2327_AI1.pdf,2025-08-14T15:35:05+08:00
2327,2025-09-30,2025,3,EXACT_MATCH,SELECTED,MOPS_SINGLE_ELIGIBLE_FILING,1,0,0,False,CONSOLIDATED,202503_2327_AI1.pdf,2025-11-13T17:58:20+08:00
2327,2025-12-31,2025,4,EXACT_MATCH,SELECTED,MOPS_CONSOLIDATED_PREFERRED_OVER_INDIVIDUAL,2,1,0,False,CONSOLIDATED,202504_2327_AI1.pdf,2026-03-31T16:54:04+08:00
2327,2026-03-31,2026,1,EXACT_MATCH,SELECTED,MOPS_SINGLE_ELIGIBLE_FILING,1,0,0,False,CONSOLIDATED,202601_2327_AI1.pdf,2026-05-15T14:25:09+08:00
2327,2026-06-30,2026,2,EXACT_MATCH,SELECTED,MOPS_SINGLE_ELIGIBLE_FILING,1,0,0,False,CONSOLIDATED,202602_2327_AI1.pdf,2026-08-14T15:04:28+08:00
2330,2016-03-31,2016,1,EXACT_MATCH,SELECTED,MOPS_SINGLE_ELIGIBLE_FILING,1,0,0,False,CONSOLIDATED,201601_2330_AI1.pdf,2016-05-11T10:17:32+08:00
2330,2016-06-30,2016,2,EXACT_MATCH,SELECTED,MOPS_SINGLE_ELIGIBLE_FILING,1,0,0,False,CONSOLIDATED,201602_2330_AI1.pdf,2016-08-04T14:21:03+08:00
2330,2016-09-30,2016,3,EXACT_MATCH,SELECTED,MOPS_SINGLE_ELIGIBLE_FILING,1,0,0,False,CONSOLIDATED,201603_2330_AI1.pdf,2016-11-09T14:21:21+08:00
2330,2016-12-31,2016,4,EXACT_MATCH,SELECTED,MOPS_CONSOLIDATED_PREFERRED_OVER_INDIVIDUAL,2,1,0,False,CONSOLIDATED,201604_2330_AI1.pdf,2017-02-16T16:14:39+08:00
2330,2017-03-31,2017,1,EXACT_MATCH,SELECTED,MOPS_SINGLE_ELIGIBLE_FILING,1,0,0,False,CONSOLIDATED,201701_2330_AI1.pdf,2017-05-10T16:49:37+08:00
2330,2017-06-30,2017,2,EXACT_MATCH,SELECTED,MOPS_SINGLE_ELIGIBLE_FILING,1,0,0,False,CONSOLIDATED,201702_2330_AI1.pdf,2017-08-08T18:27:51+08:00
2330,2017-09-30,2017,3,EXACT_MATCH,SELECTED,MOPS_SINGLE_ELIGIBLE_FILING,1,0,0,False,CONSOLIDATED,201703_2330_AI1.pdf,2017-11-14T14:27:21+08:00
2330,2017-12-31,2017,4,EXACT_MATCH,SELECTED,MOPS_CONSOLIDATED_PREFERRED_OVER_INDIVIDUAL,2,1,0,False,CONSOLIDATED,201704_2330_AI1.pdf,2018-02-21T15:15:08+08:00
2330,2018-03-31,2018,1,EXACT_MATCH,SELECTED,MOPS_SINGLE_ELIGIBLE_FILING,1,0,0,False,CONSOLIDATED,201801_2330_AI1.pdf,2018-05-02T16:37:24+08:00
2330,2018-06-30,2018,2,EXACT_MATCH,SELECTED,MOPS_SINGLE_ELIGIBLE_FILING,1,0,0,False,CONSOLIDATED,201802_2330_AI1.pdf,2018-08-14T14:35:38+08:00
2330,2018-09-30,2018,3,EXACT_MATCH,SELECTED,MOPS_SINGLE_ELIGIBLE_FILING,1,0,0,False,CONSOLIDATED,201803_2330_AI1.pdf,2018-11-13T18:48:15+08:00
2330,2018-12-31,2018,4,EXACT_MATCH,SELECTED,MOPS_CONSOLIDATED_PREFERRED_OVER_INDIVIDUAL,2,1,0,False,CONSOLIDATED,201804_2330_AI1.pdf,2019-02-22T16:15:30+08:00
2330,2019-03-31,2019,1,EXACT_MATCH,SELECTED,MOPS_SINGLE_ELIGIBLE_FILING,1,0,0,False,CONSOLIDATED,201901_2330_AI1.pdf,2019-05-15T13:41:47+08:00
2330,2019-06-30,2019,2,EXACT_MATCH,SELECTED,MOPS_SINGLE_ELIGIBLE_FILING,1,0,0,False,CONSOLIDATED,201902_2330_AI1.pdf,2019-08-14T15:09:42+08:00
2330,2019-09-30,2019,3,EXACT_MATCH,SELECTED,MOPS_SINGLE_ELIGIBLE_FILING,1,0,0,False,CONSOLIDATED,201903_2330_AI1.pdf,2019-11-14T13:53:36+08:00
2330,2019-12-31,2019,4,EXACT_MATCH,SELECTED,MOPS_CONSOLIDATED_PREFERRED_OVER_INDIVIDUAL,2,1,0,False,CONSOLIDATED,201904_2330_AI1.pdf,2020-02-27T13:33:51+08:00
2330,2020-03-31,2020,1,EXACT_MATCH,SELECTED,MOPS_SINGLE_ELIGIBLE_FILING,1,0,0,False,CONSOLIDATED,202001_2330_AI1.pdf,2020-05-14T13:46:10+08:00
2330,2020-06-30,2020,2,EXACT_MATCH,SELECTED,MOPS_SINGLE_ELIGIBLE_FILING,1,0,0,False,CONSOLIDATED,202002_2330_AI1.pdf,2020-08-14T13:38:07+08:00
2330,2020-09-30,2020,3,EXACT_MATCH,SELECTED,MOPS_SINGLE_ELIGIBLE_FILING,1,0,0,False,CONSOLIDATED,202003_2330_AI1.pdf,2020-11-13T13:39:38+08:00
2330,2020-12-31,2020,4,EXACT_MATCH,SELECTED,MOPS_CONSOLIDATED_PREFERRED_OVER_INDIVIDUAL,2,1,0,False,CONSOLIDATED,202004_2330_AI1.pdf,2021-02-26T13:51:49+08:00
2330,2021-03-31,2021,1,EXACT_MATCH,SELECTED,MOPS_SINGLE_ELIGIBLE_FILING,1,0,0,False,CONSOLIDATED,202101_2330_AI1.pdf,2021-05-14T17:58:47+08:00
2330,2021-06-30,2021,2,EXACT_MATCH,SELECTED,MOPS_SINGLE_ELIGIBLE_FILING,1,0,0,False,CONSOLIDATED,202102_2330_AI1.pdf,2021-08-13T15:34:39+08:00
2330,2021-09-30,2021,3,EXACT_MATCH,SELECTED,MOPS_SINGLE_ELIGIBLE_FILING,1,0,0,False,CONSOLIDATED,202103_2330_AI1.pdf,2021-11-12T14:19:32+08:00
2330,2021-12-31,2021,4,EXACT_MATCH,SELECTED,MOPS_CONSOLIDATED_PREFERRED_OVER_INDIVIDUAL,2,1,0,False,CONSOLIDATED,202104_2330_AI1.pdf,2022-02-25T13:47:55+08:00
2330,2022-03-31,2022,1,EXACT_MATCH,SELECTED,MOPS_SINGLE_ELIGIBLE_FILING,1,0,0,False,CONSOLIDATED,202201_2330_AI1.pdf,2022-05-13T14:23:33+08:00
2330,2022-06-30,2022,2,EXACT_MATCH,SELECTED,MOPS_SINGLE_ELIGIBLE_FILING,1,0,0,False,CONSOLIDATED,202202_2330_AI1.pdf,2022-08-12T13:48:56+08:00
2330,2022-09-30,2022,3,EXACT_MATCH,SELECTED,MOPS_SINGLE_ELIGIBLE_FILING,1,0,0,False,CONSOLIDATED,202203_2330_AI1.pdf,2022-11-14T15:24:26+08:00
2330,2022-12-31,2022,4,EXACT_MATCH,SELECTED,MOPS_CONSOLIDATED_PREFERRED_OVER_INDIVIDUAL,2,1,0,False,CONSOLIDATED,202204_2330_AI1.pdf,2023-02-24T14:49:57+08:00
2330,2023-03-31,2023,1,EXACT_MATCH,SELECTED,MOPS_SINGLE_ELIGIBLE_FILING,1,0,0,False,CONSOLIDATED,202301_2330_AI1.pdf,2023-05-12T13:51:34+08:00
2330,2023-06-30,2023,2,EXACT_MATCH,SELECTED,MOPS_SINGLE_ELIGIBLE_FILING,1,0,0,False,CONSOLIDATED,202302_2330_AI1.pdf,2023-08-14T14:51:09+08:00
2330,2023-09-30,2023,3,EXACT_MATCH,SELECTED,MOPS_SINGLE_ELIGIBLE_FILING,1,0,0,False,CONSOLIDATED,202303_2330_AI1.pdf,2023-11-14T17:14:21+08:00
2330,2023-12-31,2023,4,EXACT_MATCH,SELECTED,MOPS_CONSOLIDATED_PREFERRED_OVER_INDIVIDUAL,2,1,0,False,CONSOLIDATED,202304_2330_AI1.pdf,2024-02-29T16:22:02+08:00
2330,2024-03-31,2024,1,EXACT_MATCH,SELECTED,MOPS_SINGLE_ELIGIBLE_FILING,1,0,0,False,CONSOLIDATED,202401_2330_AI1.pdf,2024-05-15T14:25:29+08:00
2330,2024-06-30,2024,2,EXACT_MATCH,SELECTED,MOPS_SINGLE_ELIGIBLE_FILING,1,0,0,False,CONSOLIDATED,202402_2330_AI1.pdf,2024-08-14T15:09:10+08:00
2330,2024-09-30,2024,3,EXACT_MATCH,SELECTED,MOPS_SINGLE_ELIGIBLE_FILING,1,0,0,False,CONSOLIDATED,202403_2330_AI1.pdf,2024-11-14T18:03:20+08:00
2330,2024-12-31,2024,4,EXACT_MATCH,SELECTED,MOPS_CONSOLIDATED_PREFERRED_OVER_INDIVIDUAL,2,1,0,False,CONSOLIDATED,202404_2330_AI1.pdf,2025-02-27T14:01:14+08:00
2330,2025-03-31,2025,1,EXACT_MATCH,SELECTED,MOPS_SINGLE_ELIGIBLE_FILING,1,0,0,False,CONSOLIDATED,202501_2330_AI1.pdf,2025-05-15T13:40:15+08:00
2330,2025-06-30,2025,2,EXACT_MATCH,SELECTED,MOPS_SINGLE_ELIGIBLE_FILING,1,0,0,False,CONSOLIDATED,202502_2330_AI1.pdf,2025-08-14T13:36:58+08:00
2330,2025-09-30,2025,3,EXACT_MATCH,SELECTED,MOPS_SINGLE_ELIGIBLE_FILING,1,0,0,False,CONSOLIDATED,202503_2330_AI1.pdf,2025-11-14T13:42:22+08:00
2330,2025-12-31,2025,4,EXACT_MATCH,SELECTED,MOPS_CONSOLIDATED_PREFERRED_OVER_INDIVIDUAL,2,1,0,False,CONSOLIDATED,202504_2330_AI1.pdf,2026-02-26T17:23:30+08:00
2330,2026-03-31,2026,1,EXACT_MATCH,SELECTED,MOPS_SINGLE_ELIGIBLE_FILING,1,0,0,False,CONSOLIDATED,202601_2330_AI1.pdf,2026-05-15T14:43:02+08:00
2330,2026-06-30,2026,2,EXACT_MATCH,SELECTED,MOPS_SINGLE_ELIGIBLE_FILING,1,0,0,False,CONSOLIDATED,202602_2330_AI1.pdf,2026-08-14T13:59:44+08:00
2344,2016-03-31,2016,1,EXACT_MATCH,SELECTED,MOPS_SINGLE_ELIGIBLE_FILING,1,0,0,False,CONSOLIDATED,201601_2344_AI1.pdf,2016-04-28T17:04:43+08:00
2344,2016-06-30,2016,2,EXACT_MATCH,SELECTED,MOPS_SINGLE_ELIGIBLE_FILING,1,0,0,False,CONSOLIDATED,201602_2344_AI1.pdf,2016-07-28T15:12:26+08:00
2344,2016-09-30,2016,3,EXACT_MATCH,SELECTED,MOPS_SINGLE_ELIGIBLE_FILING,1,0,0,False,CONSOLIDATED,201603_2344_AI1.pdf,2016-10-25T18:43:30+08:00
2344,2016-12-31,2016,4,EXACT_MATCH,SELECTED,MOPS_CONSOLIDATED_PREFERRED_OVER_INDIVIDUAL,2,1,0,False,CONSOLIDATED,201604_2344_AI1.pdf,2017-02-07T16:37:10+08:00
2344,2017-03-31,2017,1,EXACT_MATCH,SELECTED,MOPS_SINGLE_ELIGIBLE_FILING,1,0,0,False,CONSOLIDATED,201701_2344_AI1.pdf,2017-04-28T16:59:26+08:00
2344,2017-06-30,2017,2,EXACT_MATCH,SELECTED,MOPS_SINGLE_ELIGIBLE_FILING,1,0,0,False,CONSOLIDATED,201702_2344_AI1.pdf,2017-07-28T14:45:51+08:00
2344,2017-09-30,2017,3,EXACT_MATCH,SELECTED,MOPS_SINGLE_ELIGIBLE_FILING,1,0,0,False,CONSOLIDATED,201703_2344_AI1.pdf,2017-10-26T19:14:04+08:00
2344,2017-12-31,2017,4,EXACT_MATCH,SELECTED,MOPS_CONSOLIDATED_PREFERRED_OVER_INDIVIDUAL,2,1,0,False,CONSOLIDATED,201704_2344_AI1.pdf,2018-02-02T17:05:18+08:00
2344,2018-03-31,2018,1,EXACT_MATCH,SELECTED,MOPS_SINGLE_ELIGIBLE_FILING,1,0,0,False,CONSOLIDATED,201801_2344_AI1.pdf,2018-04-25T10:35:21+08:00
2344,2018-06-30,2018,2,EXACT_MATCH,SELECTED,MOPS_SINGLE_ELIGIBLE_FILING,1,0,0,False,CONSOLIDATED,201802_2344_AI1.pdf,2018-07-27T16:49:27+08:00
2344,2018-09-30,2018,3,EXACT_MATCH,SELECTED,MOPS_SINGLE_ELIGIBLE_FILING,1,0,0,False,CONSOLIDATED,201803_2344_AI1.pdf,2018-10-28T18:11:46+08:00
2344,2018-12-31,2018,4,EXACT_MATCH,SELECTED,MOPS_CONSOLIDATED_PREFERRED_OVER_INDIVIDUAL,2,1,0,False,CONSOLIDATED,201804_2344_AI1.pdf,2019-02-01T14:40:15+08:00
2344,2019-03-31,2019,1,EXACT_MATCH,SELECTED,MOPS_SINGLE_ELIGIBLE_FILING,1,0,0,False,CONSOLIDATED,201901_2344_AI1.pdf,2019-05-03T16:28:31+08:00
2344,2019-06-30,2019,2,EXACT_MATCH,SELECTED,MOPS_SINGLE_ELIGIBLE_FILING,1,0,0,False,CONSOLIDATED,201902_2344_AI1.pdf,2019-07-26T17:04:14+08:00
2344,2019-09-30,2019,3,EXACT_MATCH,SELECTED,MOPS_SINGLE_ELIGIBLE_FILING,1,0,0,False,CONSOLIDATED,201903_2344_AI1.pdf,2019-10-25T18:14:38+08:00
2344,2019-12-31,2019,4,EXACT_MATCH,SELECTED,MOPS_CONSOLIDATED_PREFERRED_OVER_INDIVIDUAL,2,1,0,False,CONSOLIDATED,201904_2344_AI1.pdf,2020-02-07T16:18:01+08:00
2344,2020-03-31,2020,1,EXACT_MATCH,SELECTED,MOPS_SINGLE_ELIGIBLE_FILING,1,0,0,False,CONSOLIDATED,202001_2344_AI1.pdf,2020-04-30T18:33:27+08:00
2344,2020-06-30,2020,2,EXACT_MATCH,SELECTED,MOPS_SINGLE_ELIGIBLE_FILING,1,0,0,False,CONSOLIDATED,202002_2344_AI1.pdf,2020-07-30T16:27:18+08:00
2344,2020-09-30,2020,3,EXACT_MATCH,SELECTED,MOPS_SINGLE_ELIGIBLE_FILING,1,0,0,False,CONSOLIDATED,202003_2344_AI1.pdf,2020-11-12T18:27:19+08:00
2344,2020-12-31,2020,4,EXACT_MATCH,SELECTED,MOPS_CONSOLIDATED_PREFERRED_OVER_INDIVIDUAL,2,1,0,False,CONSOLIDATED,202004_2344_AI1.pdf,2021-02-19T16:47:59+08:00
2344,2021-03-31,2021,1,EXACT_MATCH,SELECTED,MOPS_SINGLE_ELIGIBLE_FILING,1,0,0,False,CONSOLIDATED,202101_2344_AI1.pdf,2021-05-06T18:12:40+08:00
2344,2021-06-30,2021,2,EXACT_MATCH,SELECTED,MOPS_SINGLE_ELIGIBLE_FILING,1,0,0,False,CONSOLIDATED,202102_2344_AI1.pdf,2021-08-05T14:27:41+08:00
2344,2021-09-30,2021,3,EXACT_MATCH,SELECTED,MOPS_SINGLE_ELIGIBLE_FILING,1,0,0,False,CONSOLIDATED,202103_2344_AI1.pdf,2021-11-04T14:22:19+08:00
2344,2021-12-31,2021,4,EXACT_MATCH,SELECTED,MOPS_CONSOLIDATED_PREFERRED_OVER_INDIVIDUAL,2,1,0,False,CONSOLIDATED,202104_2344_AI1.pdf,2022-02-16T13:14:08+08:00
2344,2022-03-31,2022,1,EXACT_MATCH,SELECTED,MOPS_SINGLE_ELIGIBLE_FILING,1,0,0,False,CONSOLIDATED,202201_2344_AI1.pdf,2022-05-05T13:47:39+08:00
2344,2022-06-30,2022,2,EXACT_MATCH,SELECTED,MOPS_SINGLE_ELIGIBLE_FILING,1,0,0,False,CONSOLIDATED,202202_2344_AI1.pdf,2022-08-04T17:27:03+08:00
2344,2022-09-30,2022,3,EXACT_MATCH,SELECTED,MOPS_SINGLE_ELIGIBLE_FILING,1,0,0,False,CONSOLIDATED,202203_2344_AI1.pdf,2022-11-03T18:19:08+08:00
2344,2022-12-31,2022,4,EXACT_MATCH,SELECTED,MOPS_CONSOLIDATED_PREFERRED_OVER_INDIVIDUAL,2,1,0,False,CONSOLIDATED,202204_2344_AI1.pdf,2023-02-16T18:11:42+08:00
2344,2023-03-31,2023,1,EXACT_MATCH,SELECTED,MOPS_SINGLE_ELIGIBLE_FILING,1,0,0,False,CONSOLIDATED,202301_2344_AI1.pdf,2023-05-04T18:03:42+08:00
2344,2023-06-30,2023,2,EXACT_MATCH,SELECTED,MOPS_SINGLE_ELIGIBLE_FILING,1,0,0,False,CONSOLIDATED,202302_2344_AI1.pdf,2023-08-04T12:43:42+08:00
2344,2023-09-30,2023,3,EXACT_MATCH,SELECTED,MOPS_SINGLE_ELIGIBLE_FILING,1,0,0,False,CONSOLIDATED,202303_2344_AI1.pdf,2023-11-02T16:01:18+08:00
2344,2023-12-31,2023,4,EXACT_MATCH,SELECTED,MOPS_CONSOLIDATED_PREFERRED_OVER_INDIVIDUAL,2,1,0,False,CONSOLIDATED,202304_2344_AI1.pdf,2024-02-06T17:10:57+08:00
2344,2024-03-31,2024,1,EXACT_MATCH,SELECTED,MOPS_SINGLE_ELIGIBLE_FILING,1,0,0,False,CONSOLIDATED,202401_2344_AI1.pdf,2024-05-02T17:10:35+08:00
2344,2024-06-30,2024,2,EXACT_MATCH,SELECTED,MOPS_SINGLE_ELIGIBLE_FILING,1,0,0,False,CONSOLIDATED,202402_2344_AI1.pdf,2024-08-01T17:06:03+08:00
2344,2024-09-30,2024,3,EXACT_MATCH,SELECTED,MOPS_SINGLE_ELIGIBLE_FILING,1,0,0,False,CONSOLIDATED,202403_2344_AI1.pdf,2024-11-05T18:00:57+08:00
2344,2024-12-31,2024,4,EXACT_MATCH,SELECTED,MOPS_CONSOLIDATED_PREFERRED_OVER_INDIVIDUAL,2,1,0,False,CONSOLIDATED,202404_2344_AI1.pdf,2025-02-18T17:25:52+08:00
2344,2025-03-31,2025,1,EXACT_MATCH,SELECTED,MOPS_SINGLE_ELIGIBLE_FILING,1,0,0,False,CONSOLIDATED,202501_2344_AI1.pdf,2025-05-05T17:13:26+08:00
2344,2025-06-30,2025,2,EXACT_MATCH,SELECTED,MOPS_SINGLE_ELIGIBLE_FILING,1,0,0,False,CONSOLIDATED,202502_2344_AI1.pdf,2025-08-05T16:57:34+08:00
2344,2025-09-30,2025,3,EXACT_MATCH,SELECTED,MOPS_SINGLE_ELIGIBLE_FILING,1,0,0,False,CONSOLIDATED,202503_2344_AI1.pdf,2025-11-04T16:27:30+08:00
2344,2025-12-31,2025,4,EXACT_MATCH,SELECTED,MOPS_CONSOLIDATED_PREFERRED_OVER_INDIVIDUAL,2,1,0,False,CONSOLIDATED,202504_2344_AI1.pdf,2026-02-12T14:30:12+08:00
2344,2026-03-31,2026,1,EXACT_MATCH,SELECTED,MOPS_SINGLE_ELIGIBLE_FILING,1,0,0,False,CONSOLIDATED,202601_2344_AI1.pdf,2026-05-05T15:16:06+08:00
2344,2026-06-30,2026,2,EXACT_MATCH,SELECTED,MOPS_SINGLE_ELIGIBLE_FILING,1,0,0,False,CONSOLIDATED,202602_2344_AI1.pdf,2026-08-06T16:49:01+08:00
2345,2016-03-31,2016,1,EXACT_MATCH,SELECTED,MOPS_SINGLE_ELIGIBLE_FILING,1,0,0,False,CONSOLIDATED,201601_2345_AI1.pdf,2016-05-13T09:35:57+08:00
2345,2016-06-30,2016,2,EXACT_MATCH,SELECTED,MOPS_SINGLE_ELIGIBLE_FILING,1,0,0,False,CONSOLIDATED,201602_2345_AI1.pdf,2016-08-11T14:48:08+08:00
2345,2016-09-30,2016,3,EXACT_MATCH,SELECTED,MOPS_SINGLE_ELIGIBLE_FILING,1,0,0,False,CONSOLIDATED,201603_2345_AI1.pdf,2016-11-11T14:37:55+08:00
2345,2016-12-31,2016,4,EXACT_MATCH,SELECTED,MOPS_CONSOLIDATED_PREFERRED_OVER_INDIVIDUAL,2,1,0,False,CONSOLIDATED,201604_2345_AI1.pdf,2017-03-30T18:01:48+08:00
2345,2017-03-31,2017,1,EXACT_MATCH,SELECTED,MOPS_SINGLE_ELIGIBLE_FILING,1,0,0,False,CONSOLIDATED,201701_2345_AI1.pdf,2017-05-11T18:19:03+08:00
2345,2017-06-30,2017,2,EXACT_MATCH,SELECTED,MOPS_SINGLE_ELIGIBLE_FILING,1,0,0,False,CONSOLIDATED,201702_2345_AI1.pdf,2017-08-14T10:02:43+08:00
2345,2017-09-30,2017,3,EXACT_MATCH,SELECTED,MOPS_SINGLE_ELIGIBLE_FILING,1,0,0,False,CONSOLIDATED,201703_2345_AI1.pdf,2017-11-13T17:25:09+08:00
2345,2017-12-31,2017,4,EXACT_MATCH,SELECTED,MOPS_CONSOLIDATED_PREFERRED_OVER_INDIVIDUAL,2,1,0,False,CONSOLIDATED,201704_2345_AI1.pdf,2018-03-30T12:18:15+08:00
2345,2018-03-31,2018,1,EXACT_MATCH,SELECTED,MOPS_SINGLE_ELIGIBLE_FILING,1,0,0,False,CONSOLIDATED,201801_2345_AI1.pdf,2018-05-15T09:48:36+08:00
2345,2018-06-30,2018,2,EXACT_MATCH,SELECTED,MOPS_SINGLE_ELIGIBLE_FILING,1,0,0,False,CONSOLIDATED,201802_2345_AI1.pdf,2018-08-14T10:02:30+08:00
2345,2018-09-30,2018,3,EXACT_MATCH,SELECTED,MOPS_SINGLE_ELIGIBLE_FILING,1,0,0,False,CONSOLIDATED,201803_2345_AI1.pdf,2018-11-13T10:46:47+08:00
2345,2018-12-31,2018,4,EXACT_MATCH,SELECTED,MOPS_CONSOLIDATED_PREFERRED_OVER_INDIVIDUAL,2,1,0,False,CONSOLIDATED,201804_2345_AI1.pdf,2019-03-28T10:11:57+08:00
2345,2019-03-31,2019,1,EXACT_MATCH,SELECTED,MOPS_SINGLE_ELIGIBLE_FILING,1,0,0,False,CONSOLIDATED,201901_2345_AI1.pdf,2019-05-14T11:24:19+08:00
2345,2019-06-30,2019,2,EXACT_MATCH,SELECTED,MOPS_SINGLE_ELIGIBLE_FILING,1,0,0,False,CONSOLIDATED,201902_2345_AI1.pdf,2019-08-08T16:14:16+08:00
2345,2019-09-30,2019,3,EXACT_MATCH,SELECTED,MOPS_SINGLE_ELIGIBLE_FILING,1,0,0,False,CONSOLIDATED,201903_2345_AI1.pdf,2019-11-12T16:02:57+08:00
2345,2019-12-31,2019,4,EXACT_MATCH,SELECTED,MOPS_CONSOLIDATED_PREFERRED_OVER_INDIVIDUAL,2,1,0,False,CONSOLIDATED,201904_2345_AI1.pdf,2020-03-19T16:30:45+08:00
2345,2020-03-31,2020,1,EXACT_MATCH,SELECTED,MOPS_SINGLE_ELIGIBLE_FILING,1,0,0,False,CONSOLIDATED,202001_2345_AI1.pdf,2020-05-13T18:08:31+08:00
2345,2020-06-30,2020,2,EXACT_MATCH,SELECTED,MOPS_SINGLE_ELIGIBLE_FILING,1,0,0,False,CONSOLIDATED,202002_2345_AI1.pdf,2020-08-13T13:12:54+08:00
2345,2020-09-30,2020,3,EXACT_MATCH,SELECTED,MOPS_SINGLE_ELIGIBLE_FILING,1,0,0,False,CONSOLIDATED,202003_2345_AI1.pdf,2020-11-13T09:50:45+08:00
2345,2020-12-31,2020,4,EXACT_MATCH,SELECTED,MOPS_CONSOLIDATED_PREFERRED_OVER_INDIVIDUAL,2,1,0,False,CONSOLIDATED,202004_2345_AI1.pdf,2021-03-25T18:11:27+08:00
2345,2021-03-31,2021,1,EXACT_MATCH,SELECTED,MOPS_SINGLE_ELIGIBLE_FILING,1,0,0,False,CONSOLIDATED,202101_2345_AI1.pdf,2021-05-14T14:17:32+08:00
2345,2021-06-30,2021,2,EXACT_MATCH,SELECTED,MOPS_SINGLE_ELIGIBLE_FILING,1,0,0,False,CONSOLIDATED,202102_2345_AI1.pdf,2021-08-12T17:52:39+08:00
2345,2021-09-30,2021,3,EXACT_MATCH,SELECTED,MOPS_SINGLE_ELIGIBLE_FILING,1,0,0,False,CONSOLIDATED,202103_2345_AI1.pdf,2021-11-11T16:59:36+08:00
2345,2021-12-31,2021,4,EXACT_MATCH,SELECTED,MOPS_CONSOLIDATED_PREFERRED_OVER_INDIVIDUAL,2,1,0,False,CONSOLIDATED,202104_2345_AI1.pdf,2022-03-24T18:57:05+08:00
2345,2022-03-31,2022,1,EXACT_MATCH,SELECTED,MOPS_SINGLE_ELIGIBLE_FILING,1,0,0,False,CONSOLIDATED,202201_2345_AI1.pdf,2022-05-12T17:48:51+08:00
2345,2022-06-30,2022,2,EXACT_MATCH,SELECTED,MOPS_SINGLE_ELIGIBLE_FILING,1,0,0,False,CONSOLIDATED,202202_2345_AI1.pdf,2022-08-11T18:11:02+08:00
2345,2022-09-30,2022,3,EXACT_MATCH,SELECTED,MOPS_SINGLE_ELIGIBLE_FILING,1,0,0,False,CONSOLIDATED,202203_2345_AI1.pdf,2022-11-11T14:23:10+08:00
2345,2022-12-31,2022,4,EXACT_MATCH,SELECTED,MOPS_CONSOLIDATED_PREFERRED_OVER_INDIVIDUAL,2,1,0,False,CONSOLIDATED,202204_2345_AI1.pdf,2023-03-14T11:13:15+08:00
2345,2023-03-31,2023,1,EXACT_MATCH,SELECTED,MOPS_SINGLE_ELIGIBLE_FILING,1,0,0,False,CONSOLIDATED,202301_2345_AI1.pdf,2023-05-11T17:58:10+08:00
2345,2023-06-30,2023,2,EXACT_MATCH,SELECTED,MOPS_SINGLE_ELIGIBLE_FILING,1,0,0,False,CONSOLIDATED,202302_2345_AI1.pdf,2023-08-10T17:09:22+08:00
2345,2023-09-30,2023,3,EXACT_MATCH,SELECTED,MOPS_SINGLE_ELIGIBLE_FILING,1,0,0,False,CONSOLIDATED,202303_2345_AI1.pdf,2023-11-09T16:48:27+08:00
2345,2023-12-31,2023,4,EXACT_MATCH,SELECTED,MOPS_CONSOLIDATED_PREFERRED_OVER_INDIVIDUAL,2,1,0,False,CONSOLIDATED,202304_2345_AI1.pdf,2024-03-08T16:06:05+08:00
2345,2024-03-31,2024,1,EXACT_MATCH,SELECTED,MOPS_SINGLE_ELIGIBLE_FILING,1,0,0,False,CONSOLIDATED,202401_2345_AI1.pdf,2024-05-09T17:23:44+08:00
2345,2024-06-30,2024,2,EXACT_MATCH,SELECTED,MOPS_SINGLE_ELIGIBLE_FILING,1,0,0,False,CONSOLIDATED,202402_2345_AI1.pdf,2024-08-08T16:32:33+08:00
2345,2024-09-30,2024,3,EXACT_MATCH,SELECTED,MOPS_SINGLE_ELIGIBLE_FILING,1,0,0,False,CONSOLIDATED,202403_2345_AI1.pdf,2024-11-08T11:14:11+08:00
2345,2024-12-31,2024,4,EXACT_MATCH,SELECTED,MOPS_CONSOLIDATED_PREFERRED_OVER_INDIVIDUAL,2,1,0,False,CONSOLIDATED,202404_2345_AI1.pdf,2025-03-14T15:01:43+08:00
2345,2025-03-31,2025,1,EXACT_MATCH,SELECTED,MOPS_SINGLE_ELIGIBLE_FILING,1,0,0,False,CONSOLIDATED,202501_2345_AI1.pdf,2025-05-08T16:53:39+08:00
2345,2025-06-30,2025,2,EXACT_MATCH,SELECTED,MOPS_SINGLE_ELIGIBLE_FILING,1,0,0,False,CONSOLIDATED,202502_2345_AI1.pdf,2025-08-07T16:03:42+08:00
2345,2025-09-30,2025,3,EXACT_MATCH,SELECTED,MOPS_SINGLE_ELIGIBLE_FILING,1,0,0,False,CONSOLIDATED,202503_2345_AI1.pdf,2025-11-07T14:07:01+08:00
2345,2025-12-31,2025,4,EXACT_MATCH,SELECTED,MOPS_CONSOLIDATED_PREFERRED_OVER_INDIVIDUAL,2,1,0,False,CONSOLIDATED,202504_2345_AI1.pdf,2026-03-13T14:53:45+08:00
2345,2026-03-31,2026,1,EXACT_MATCH,SELECTED,MOPS_SINGLE_ELIGIBLE_FILING,1,0,0,False,CONSOLIDATED,202601_2345_AI1.pdf,2026-05-08T15:07:31+08:00
2345,2026-06-30,2026,2,EXACT_MATCH,SELECTED,MOPS_SINGLE_ELIGIBLE_FILING,1,0,0,False,CONSOLIDATED,202602_2345_AI1.pdf,2026-08-07T15:30:45+08:00
2357,2016-03-31,2016,1,EXACT_MATCH,SELECTED,MOPS_SINGLE_ELIGIBLE_FILING,1,0,0,False,CONSOLIDATED,201601_2357_AI1.pdf,2016-05-11T17:14:25+08:00
2357,2016-06-30,2016,2,EXACT_MATCH,SELECTED,MOPS_SINGLE_ELIGIBLE_FILING,1,0,0,False,CONSOLIDATED,201602_2357_AI1.pdf,2016-08-12T17:59:16+08:00
2357,2016-09-30,2016,3,EXACT_MATCH,SELECTED,MOPS_SINGLE_ELIGIBLE_FILING,1,0,0,False,CONSOLIDATED,201603_2357_AI1.pdf,2016-11-11T16:45:58+08:00
2357,2016-12-31,2016,4,EXACT_MATCH,SELECTED,MOPS_CONSOLIDATED_PREFERRED_OVER_INDIVIDUAL,2,1,0,False,CONSOLIDATED,201604_2357_AI1.pdf,2017-03-17T20:48:39+08:00
2357,2017-03-31,2017,1,EXACT_MATCH,SELECTED,MOPS_SINGLE_ELIGIBLE_FILING,1,0,0,False,CONSOLIDATED,201701_2357_AI1.pdf,2017-05-11T17:27:52+08:00
2357,2017-06-30,2017,2,EXACT_MATCH,SELECTED,MOPS_SINGLE_ELIGIBLE_FILING,1,0,0,False,CONSOLIDATED,201702_2357_AI1.pdf,2017-08-11T18:16:23+08:00
2357,2017-09-30,2017,3,EXACT_MATCH,SELECTED,MOPS_SINGLE_ELIGIBLE_FILING,1,0,0,False,CONSOLIDATED,201703_2357_AI1.pdf,2017-11-10T16:46:05+08:00
2357,2017-12-31,2017,4,EXACT_MATCH,SELECTED,MOPS_CONSOLIDATED_PREFERRED_OVER_INDIVIDUAL,2,1,0,False,CONSOLIDATED,201704_2357_AI1.pdf,2018-03-16T20:01:12+08:00
2357,2018-03-31,2018,1,EXACT_MATCH,SELECTED,MOPS_SINGLE_ELIGIBLE_FILING,1,0,0,False,CONSOLIDATED,201801_2357_AI1.pdf,2018-05-11T17:50:05+08:00
2357,2018-06-30,2018,2,EXACT_MATCH,SELECTED,MOPS_SINGLE_ELIGIBLE_FILING,1,0,0,False,CONSOLIDATED,201802_2357_AI1.pdf,2018-08-10T18:38:32+08:00
2357,2018-09-30,2018,3,EXACT_MATCH,SELECTED,MOPS_SINGLE_ELIGIBLE_FILING,1,0,0,False,CONSOLIDATED,201803_2357_AI1.pdf,2018-11-13T16:43:19+08:00
2357,2018-12-31,2018,4,EXACT_MATCH,SELECTED,MOPS_CONSOLIDATED_PREFERRED_OVER_INDIVIDUAL,2,1,0,False,CONSOLIDATED,201804_2357_AI1.pdf,2019-03-20T18:41:49+08:00
2357,2019-03-31,2019,1,EXACT_MATCH,SELECTED,MOPS_SINGLE_ELIGIBLE_FILING,1,0,0,False,CONSOLIDATED,201901_2357_AI1.pdf,2019-05-07T18:42:59+08:00
2357,2019-06-30,2019,2,EXACT_MATCH,SELECTED,MOPS_SINGLE_ELIGIBLE_FILING,1,0,0,False,CONSOLIDATED,201902_2357_AI1.pdf,2019-08-13T15:54:24+08:00
2357,2019-09-30,2019,3,EXACT_MATCH,SELECTED,MOPS_SINGLE_ELIGIBLE_FILING,1,0,0,False,CONSOLIDATED,201903_2357_AI1.pdf,2019-11-13T17:40:21+08:00
2357,2019-12-31,2019,4,EXACT_MATCH,SELECTED,MOPS_CONSOLIDATED_PREFERRED_OVER_INDIVIDUAL,2,1,0,False,CONSOLIDATED,201904_2357_AI1.pdf,2020-03-18T18:30:10+08:00
2357,2020-03-31,2020,1,EXACT_MATCH,SELECTED,MOPS_SINGLE_ELIGIBLE_FILING,1,0,0,False,CONSOLIDATED,202001_2357_AI1.pdf,2020-05-13T17:40:48+08:00
2357,2020-06-30,2020,2,EXACT_MATCH,SELECTED,MOPS_SINGLE_ELIGIBLE_FILING,1,0,0,False,CONSOLIDATED,202002_2357_AI1.pdf,2020-08-12T17:44:54+08:00
2357,2020-09-30,2020,3,EXACT_MATCH,SELECTED,MOPS_SINGLE_ELIGIBLE_FILING,1,0,0,False,CONSOLIDATED,202003_2357_AI1.pdf,2020-11-11T18:43:33+08:00
2357,2020-12-31,2020,4,EXACT_MATCH,SELECTED,MOPS_CONSOLIDATED_PREFERRED_OVER_INDIVIDUAL,2,1,0,False,CONSOLIDATED,202004_2357_AI1.pdf,2021-03-17T18:11:49+08:00
2357,2021-03-31,2021,1,EXACT_MATCH,SELECTED,MOPS_SINGLE_ELIGIBLE_FILING,1,0,0,False,CONSOLIDATED,202101_2357_AI1.pdf,2021-05-12T17:58:30+08:00
2357,2021-06-30,2021,2,EXACT_MATCH,SELECTED,MOPS_SINGLE_ELIGIBLE_FILING,1,0,0,False,CONSOLIDATED,202102_2357_AI1.pdf,2021-08-11T18:21:11+08:00
2357,2021-09-30,2021,3,EXACT_MATCH,SELECTED,MOPS_SINGLE_ELIGIBLE_FILING,1,0,0,False,CONSOLIDATED,202103_2357_AI1.pdf,2021-11-10T17:43:23+08:00
2357,2021-12-31,2021,4,EXACT_MATCH,SELECTED,MOPS_CONSOLIDATED_PREFERRED_OVER_INDIVIDUAL,2,1,0,False,CONSOLIDATED,202104_2357_AI1.pdf,2022-03-16T18:46:58+08:00
2357,2022-03-31,2022,1,EXACT_MATCH,SELECTED,MOPS_SINGLE_ELIGIBLE_FILING,1,0,0,False,CONSOLIDATED,202201_2357_AI1.pdf,2022-05-11T17:33:44+08:00
2357,2022-06-30,2022,2,EXACT_MATCH,SELECTED,MOPS_SINGLE_ELIGIBLE_FILING,1,0,0,False,CONSOLIDATED,202202_2357_AI1.pdf,2022-08-11T17:57:23+08:00
2357,2022-09-30,2022,3,EXACT_MATCH,SELECTED,MOPS_SINGLE_ELIGIBLE_FILING,1,0,0,False,CONSOLIDATED,202203_2357_AI1.pdf,2022-11-10T18:34:25+08:00
2357,2022-12-31,2022,4,EXACT_MATCH,SELECTED,MOPS_CONSOLIDATED_PREFERRED_OVER_INDIVIDUAL,2,1,0,False,CONSOLIDATED,202204_2357_AI1.pdf,2023-03-10T18:56:09+08:00
2357,2023-03-31,2023,1,EXACT_MATCH,SELECTED,MOPS_SINGLE_ELIGIBLE_FILING,1,0,0,False,CONSOLIDATED,202301_2357_AI1.pdf,2023-05-12T18:05:43+08:00
2357,2023-06-30,2023,2,EXACT_MATCH,SELECTED,MOPS_SINGLE_ELIGIBLE_FILING,1,0,0,False,CONSOLIDATED,202302_2357_AI1.pdf,2023-08-11T18:03:14+08:00
2357,2023-09-30,2023,3,EXACT_MATCH,SELECTED,MOPS_SINGLE_ELIGIBLE_FILING,1,0,0,False,CONSOLIDATED,202303_2357_AI1.pdf,2023-11-13T18:44:47+08:00
2357,2023-12-31,2023,4,EXACT_MATCH,SELECTED,MOPS_CONSOLIDATED_PREFERRED_OVER_INDIVIDUAL,2,1,0,False,CONSOLIDATED,202304_2357_AI1.pdf,2024-03-15T18:23:02+08:00
2357,2024-03-31,2024,1,EXACT_MATCH,SELECTED,MOPS_SINGLE_ELIGIBLE_FILING,1,0,0,False,CONSOLIDATED,202401_2357_AI1.pdf,2024-05-13T17:49:14+08:00
2357,2024-06-30,2024,2,EXACT_MATCH,SELECTED,MOPS_SINGLE_ELIGIBLE_FILING,1,0,0,False,CONSOLIDATED,202402_2357_AI1.pdf,2024-08-07T17:53:59+08:00
2357,2024-09-30,2024,3,EXACT_MATCH,SELECTED,MOPS_SINGLE_ELIGIBLE_FILING,1,0,0,False,CONSOLIDATED,202403_2357_AI1.pdf,2024-11-08T18:13:43+08:00
2357,2024-12-31,2024,4,EXACT_MATCH,SELECTED,MOPS_CONSOLIDATED_PREFERRED_OVER_INDIVIDUAL,2,1,0,False,CONSOLIDATED,202404_2357_AI1.pdf,2025-03-11T18:45:44+08:00
2357,2025-03-31,2025,1,EXACT_MATCH,SELECTED,MOPS_SINGLE_ELIGIBLE_FILING,1,0,0,False,CONSOLIDATED,202501_2357_AI1.pdf,2025-05-13T17:51:17+08:00
2357,2025-06-30,2025,2,EXACT_MATCH,SELECTED,MOPS_SINGLE_ELIGIBLE_FILING,1,0,0,False,CONSOLIDATED,202502_2357_AI1.pdf,2025-08-13T18:28:39+08:00
2357,2025-09-30,2025,3,EXACT_MATCH,SELECTED,MOPS_SINGLE_ELIGIBLE_FILING,1,0,0,False,CONSOLIDATED,202503_2357_AI1.pdf,2025-11-11T18:05:51+08:00
2357,2025-12-31,2025,4,EXACT_MATCH,SELECTED,MOPS_CONSOLIDATED_PREFERRED_OVER_INDIVIDUAL,2,1,0,False,CONSOLIDATED,202504_2357_AI1.pdf,2026-03-10T18:57:15+08:00
2357,2026-03-31,2026,1,EXACT_MATCH,SELECTED,MOPS_SINGLE_ELIGIBLE_FILING,1,0,0,False,CONSOLIDATED,202601_2357_AI1.pdf,2026-05-12T17:55:11+08:00
2357,2026-06-30,2026,2,EXACT_MATCH,SELECTED,MOPS_SINGLE_ELIGIBLE_FILING,1,0,0,False,CONSOLIDATED,202602_2357_AI1.pdf,2026-08-12T17:04:34+08:00
2360,2016-03-31,2016,1,EXACT_MATCH,SELECTED,MOPS_SINGLE_ELIGIBLE_FILING,1,0,0,False,CONSOLIDATED,201601_2360_AI1.pdf,2016-05-12T14:52:58+08:00
2360,2016-06-30,2016,2,EXACT_MATCH,SELECTED,MOPS_SINGLE_ELIGIBLE_FILING,1,0,0,False,CONSOLIDATED,201602_2360_AI1.pdf,2016-08-10T16:49:54+08:00
2360,2016-09-30,2016,3,EXACT_MATCH,SELECTED,MOPS_SINGLE_ELIGIBLE_FILING,1,0,0,False,CONSOLIDATED,201603_2360_AI1.pdf,2016-11-10T15:37:41+08:00
2360,2016-12-31,2016,4,EXACT_MATCH,SELECTED,MOPS_CONSOLIDATED_PREFERRED_OVER_INDIVIDUAL,2,1,0,False,CONSOLIDATED,201604_2360_AI1.pdf,2017-03-22T15:37:22+08:00
2360,2017-03-31,2017,1,EXACT_MATCH,SELECTED,MOPS_SINGLE_ELIGIBLE_FILING,1,0,0,False,CONSOLIDATED,201701_2360_AI1.pdf,2017-05-12T15:34:32+08:00
2360,2017-06-30,2017,2,EXACT_MATCH,SELECTED,MOPS_SINGLE_ELIGIBLE_FILING,1,0,0,False,CONSOLIDATED,201702_2360_AI1.pdf,2017-08-11T13:54:42+08:00
2360,2017-09-30,2017,3,EXACT_MATCH,SELECTED,MOPS_SINGLE_ELIGIBLE_FILING,1,0,0,False,CONSOLIDATED,201703_2360_AI1.pdf,2017-11-13T13:42:19+08:00
2360,2017-12-31,2017,4,EXACT_MATCH,SELECTED,MOPS_CONSOLIDATED_PREFERRED_OVER_INDIVIDUAL,2,1,0,False,CONSOLIDATED,201704_2360_AI1.pdf,2018-03-27T15:00:41+08:00
2360,2018-03-31,2018,1,EXACT_MATCH,SELECTED,MOPS_SINGLE_ELIGIBLE_FILING,1,0,0,False,CONSOLIDATED,201801_2360_AI1.pdf,2018-05-14T13:49:31+08:00
2360,2018-06-30,2018,2,EXACT_MATCH,SELECTED,MOPS_SINGLE_ELIGIBLE_FILING,1,0,0,False,CONSOLIDATED,201802_2360_AI1.pdf,2018-08-10T16:00:37+08:00
2360,2018-09-30,2018,3,EXACT_MATCH,SELECTED,MOPS_SINGLE_ELIGIBLE_FILING,1,0,0,False,CONSOLIDATED,201803_2360_AI1.pdf,2018-11-09T14:45:46+08:00
2360,2018-12-31,2018,4,EXACT_MATCH,SELECTED,MOPS_CONSOLIDATED_PREFERRED_OVER_INDIVIDUAL,2,1,0,False,CONSOLIDATED,201804_2360_AI1.pdf,2019-03-25T15:35:33+08:00
2360,2019-03-31,2019,1,EXACT_MATCH,SELECTED,MOPS_SINGLE_ELIGIBLE_FILING,1,0,0,False,CONSOLIDATED,201901_2360_AI1.pdf,2019-05-14T14:38:54+08:00
2360,2019-06-30,2019,2,EXACT_MATCH,SELECTED,MOPS_SINGLE_ELIGIBLE_FILING,1,0,0,False,CONSOLIDATED,201902_2360_AI1.pdf,2019-08-12T14:31:15+08:00
2360,2019-09-30,2019,3,EXACT_MATCH,SELECTED,MOPS_SINGLE_ELIGIBLE_FILING,1,0,0,False,CONSOLIDATED,201903_2360_AI1.pdf,2019-11-13T12:20:14+08:00
2360,2019-12-31,2019,4,EXACT_MATCH,SELECTED,MOPS_CONSOLIDATED_PREFERRED_OVER_INDIVIDUAL,2,1,0,False,CONSOLIDATED,201904_2360_AI1.pdf,2020-03-24T14:58:54+08:00
2360,2020-03-31,2020,1,EXACT_MATCH,SELECTED,MOPS_SINGLE_ELIGIBLE_FILING,1,0,0,False,CONSOLIDATED,202001_2360_AI1.pdf,2020-05-12T15:43:34+08:00
2360,2020-06-30,2020,2,EXACT_MATCH,SELECTED,MOPS_SINGLE_ELIGIBLE_FILING,1,0,0,False,CONSOLIDATED,202002_2360_AI1.pdf,2020-08-13T13:52:28+08:00
2360,2020-09-30,2020,3,EXACT_MATCH,SELECTED,MOPS_SINGLE_ELIGIBLE_FILING,1,0,0,False,CONSOLIDATED,202003_2360_AI1.pdf,2020-11-11T14:23:07+08:00
2360,2020-12-31,2020,4,EXACT_MATCH,SELECTED,MOPS_CONSOLIDATED_PREFERRED_OVER_INDIVIDUAL,2,1,0,False,CONSOLIDATED,202004_2360_AI1.pdf,2021-03-25T14:50:55+08:00
2360,2021-03-31,2021,1,EXACT_MATCH,SELECTED,MOPS_SINGLE_ELIGIBLE_FILING,1,0,0,False,CONSOLIDATED,202101_2360_AI1.pdf,2021-05-14T13:35:30+08:00
2360,2021-06-30,2021,2,EXACT_MATCH,SELECTED,MOPS_SINGLE_ELIGIBLE_FILING,1,0,0,False,CONSOLIDATED,202102_2360_AI1.pdf,2021-08-12T15:29:50+08:00
2360,2021-09-30,2021,3,EXACT_MATCH,SELECTED,MOPS_SINGLE_ELIGIBLE_FILING,1,0,0,False,CONSOLIDATED,202103_2360_AI1.pdf,2021-11-12T14:12:25+08:00
2360,2021-12-31,2021,4,EXACT_MATCH,SELECTED,MOPS_CONSOLIDATED_PREFERRED_OVER_INDIVIDUAL,2,1,0,False,CONSOLIDATED,202104_2360_AI1.pdf,2022-03-25T14:16:17+08:00
2360,2022-03-31,2022,1,EXACT_MATCH,SELECTED,MOPS_SINGLE_ELIGIBLE_FILING,1,0,0,False,CONSOLIDATED,202201_2360_AI1.pdf,2022-05-12T16:08:22+08:00
2360,2022-06-30,2022,2,EXACT_MATCH,SELECTED,MOPS_SINGLE_ELIGIBLE_FILING,1,0,0,False,CONSOLIDATED,202202_2360_AI1.pdf,2022-08-11T14:04:48+08:00
2360,2022-09-30,2022,3,EXACT_MATCH,SELECTED,MOPS_SINGLE_ELIGIBLE_FILING,1,0,0,False,CONSOLIDATED,202203_2360_AI1.pdf,2022-11-11T16:22:30+08:00
2360,2022-12-31,2022,4,EXACT_MATCH,SELECTED,MOPS_CONSOLIDATED_PREFERRED_OVER_INDIVIDUAL,2,1,0,False,CONSOLIDATED,202204_2360_AI1.pdf,2023-03-10T15:39:15+08:00
2360,2023-03-31,2023,1,EXACT_MATCH,SELECTED,MOPS_SINGLE_ELIGIBLE_FILING,1,0,0,False,CONSOLIDATED,202301_2360_AI1.pdf,2023-05-11T16:36:31+08:00
2360,2023-06-30,2023,2,EXACT_MATCH,SELECTED,MOPS_SINGLE_ELIGIBLE_FILING,1,0,0,False,CONSOLIDATED,202302_2360_AI1.pdf,2023-08-10T16:19:49+08:00
2360,2023-09-30,2023,3,EXACT_MATCH,SELECTED,MOPS_SINGLE_ELIGIBLE_FILING,1,0,0,False,CONSOLIDATED,202303_2360_AI1.pdf,2023-11-10T15:38:31+08:00
2360,2023-12-31,2023,4,EXACT_MATCH,SELECTED,MOPS_CONSOLIDATED_PREFERRED_OVER_INDIVIDUAL,2,1,0,False,CONSOLIDATED,202304_2360_AI1.pdf,2024-02-29T16:43:37+08:00
2360,2024-03-31,2024,1,EXACT_MATCH,SELECTED,MOPS_SINGLE_ELIGIBLE_FILING,1,0,0,False,CONSOLIDATED,202401_2360_AI1.pdf,2024-05-10T14:03:17+08:00
2360,2024-06-30,2024,2,EXACT_MATCH,SELECTED,MOPS_SINGLE_ELIGIBLE_FILING,1,0,0,False,CONSOLIDATED,202402_2360_AI1.pdf,2024-08-12T14:31:31+08:00
2360,2024-09-30,2024,3,EXACT_MATCH,SELECTED,MOPS_SINGLE_ELIGIBLE_FILING,1,0,0,False,CONSOLIDATED,202403_2360_AI1.pdf,2024-11-12T16:57:41+08:00
2360,2024-12-31,2024,4,EXACT_MATCH,SELECTED,MOPS_CONSOLIDATED_PREFERRED_OVER_INDIVIDUAL,2,1,0,False,CONSOLIDATED,202404_2360_AI1.pdf,2025-03-03T14:52:48+08:00
2360,2025-03-31,2025,1,EXACT_MATCH,SELECTED,MOPS_SINGLE_ELIGIBLE_FILING,1,0,0,False,CONSOLIDATED,202501_2360_AI1.pdf,2025-05-13T14:04:18+08:00
2360,2025-06-30,2025,2,EXACT_MATCH,SELECTED,MOPS_SINGLE_ELIGIBLE_FILING,1,0,0,False,CONSOLIDATED,202502_2360_AI1.pdf,2025-08-12T14:11:32+08:00
2360,2025-09-30,2025,3,EXACT_MATCH,SELECTED,MOPS_SINGLE_ELIGIBLE_FILING,1,0,0,False,CONSOLIDATED,202503_2360_AI1.pdf,2025-11-12T17:26:26+08:00
2360,2025-12-31,2025,4,EXACT_MATCH,SELECTED,MOPS_CONSOLIDATED_PREFERRED_OVER_INDIVIDUAL,2,1,0,False,CONSOLIDATED,202504_2360_AI1.pdf,2026-03-11T15:22:37+08:00
2360,2026-03-31,2026,1,EXACT_MATCH,SELECTED,MOPS_SINGLE_ELIGIBLE_FILING,1,0,0,False,CONSOLIDATED,202601_2360_AI1.pdf,2026-05-13T17:10:00+08:00
2360,2026-06-30,2026,2,EXACT_MATCH,SELECTED,MOPS_SINGLE_ELIGIBLE_FILING,1,0,0,False,CONSOLIDATED,202602_2360_AI1.pdf,2026-08-07T13:55:51+08:00
2368,2016-03-31,2016,1,EXACT_MATCH,SELECTED,MOPS_SINGLE_ELIGIBLE_FILING,1,0,0,False,CONSOLIDATED,201601_2368_AI1.pdf,2016-05-12T13:25:21+08:00
2368,2016-06-30,2016,2,EXACT_MATCH,SELECTED,MOPS_SINGLE_ELIGIBLE_FILING,1,0,0,False,CONSOLIDATED,201602_2368_AI1.pdf,2016-08-12T17:13:47+08:00
2368,2016-09-30,2016,3,EXACT_MATCH,SELECTED,MOPS_SINGLE_ELIGIBLE_FILING,1,0,0,False,CONSOLIDATED,201603_2368_AI1.pdf,2016-11-11T16:07:57+08:00
2368,2016-12-31,2016,4,EXACT_MATCH,SELECTED,MOPS_CONSOLIDATED_PREFERRED_OVER_INDIVIDUAL,2,1,0,False,CONSOLIDATED,201604_2368_AI1.pdf,2017-03-27T17:35:40+08:00
2368,2017-03-31,2017,1,EXACT_MATCH,SELECTED,MOPS_SINGLE_ELIGIBLE_FILING,1,0,0,False,CONSOLIDATED,201701_2368_AI1.pdf,2017-05-12T14:35:52+08:00
2368,2017-06-30,2017,2,EXACT_MATCH,SELECTED,MOPS_SINGLE_ELIGIBLE_FILING,1,0,0,False,CONSOLIDATED,201702_2368_AI1.pdf,2017-08-14T13:21:37+08:00
2368,2017-09-30,2017,3,EXACT_MATCH,SELECTED,MOPS_SINGLE_ELIGIBLE_FILING,1,0,0,False,CONSOLIDATED,201703_2368_AI1.pdf,2017-11-14T09:05:51+08:00
2368,2017-12-31,2017,4,EXACT_MATCH,SELECTED,MOPS_CONSOLIDATED_PREFERRED_OVER_INDIVIDUAL,2,1,0,False,CONSOLIDATED,201704_2368_AI1.pdf,2018-03-30T10:30:13+08:00
2368,2018-03-31,2018,1,EXACT_MATCH,SELECTED,MOPS_SINGLE_ELIGIBLE_FILING,1,0,0,False,CONSOLIDATED,201801_2368_AI1.pdf,2018-05-14T10:20:50+08:00
2368,2018-06-30,2018,2,EXACT_MATCH,SELECTED,MOPS_SINGLE_ELIGIBLE_FILING,1,0,0,False,CONSOLIDATED,201802_2368_AI1.pdf,2018-08-14T08:47:07+08:00
2368,2018-09-30,2018,3,EXACT_MATCH,SELECTED,MOPS_SINGLE_ELIGIBLE_FILING,1,0,0,False,CONSOLIDATED,201803_2368_AI1.pdf,2018-11-13T16:53:57+08:00
2368,2018-12-31,2018,4,EXACT_MATCH,SELECTED,MOPS_CONSOLIDATED_PREFERRED_OVER_INDIVIDUAL,2,1,0,False,CONSOLIDATED,201804_2368_AI1.pdf,2019-04-01T11:22:50+08:00
2368,2019-03-31,2019,1,EXACT_MATCH,SELECTED,MOPS_SINGLE_ELIGIBLE_FILING,1,0,0,False,CONSOLIDATED,201901_2368_AI1.pdf,2019-05-14T16:31:13+08:00
2368,2019-06-30,2019,2,EXACT_MATCH,SELECTED,MOPS_SINGLE_ELIGIBLE_FILING,1,0,0,False,CONSOLIDATED,201902_2368_AI1.pdf,2019-08-14T13:27:37+08:00
2368,2019-09-30,2019,3,EXACT_MATCH,SELECTED,MOPS_SINGLE_ELIGIBLE_FILING,1,0,0,False,CONSOLIDATED,201903_2368_AI1.pdf,2019-11-13T15:51:27+08:00
2368,2019-12-31,2019,4,EXACT_MATCH,SELECTED,MOPS_CONSOLIDATED_PREFERRED_OVER_INDIVIDUAL,2,1,0,False,CONSOLIDATED,201904_2368_AI1.pdf,2020-03-26T16:53:35+08:00
2368,2020-03-31,2020,1,EXACT_MATCH,SELECTED,MOPS_SINGLE_ELIGIBLE_FILING,1,0,0,False,CONSOLIDATED,202001_2368_AI1.pdf,2020-05-12T16:23:08+08:00
2368,2020-06-30,2020,2,EXACT_MATCH,SELECTED,MOPS_SINGLE_ELIGIBLE_FILING,1,0,0,False,CONSOLIDATED,202002_2368_AI1.pdf,2020-08-12T14:36:16+08:00
2368,2020-09-30,2020,3,EXACT_MATCH,SELECTED,MOPS_SINGLE_ELIGIBLE_FILING,1,0,0,False,CONSOLIDATED,202003_2368_AI1.pdf,2020-11-11T15:39:01+08:00
2368,2020-12-31,2020,4,EXACT_MATCH,SELECTED,MOPS_CONSOLIDATED_PREFERRED_OVER_INDIVIDUAL,2,1,0,False,CONSOLIDATED,202004_2368_AI1.pdf,2021-03-26T11:44:55+08:00
2368,2021-03-31,2021,1,EXACT_MATCH,SELECTED,MOPS_SINGLE_ELIGIBLE_FILING,1,0,0,False,CONSOLIDATED,202101_2368_AI1.pdf,2021-05-14T09:12:56+08:00
2368,2021-06-30,2021,2,EXACT_MATCH,SELECTED,MOPS_SINGLE_ELIGIBLE_FILING,1,0,0,False,CONSOLIDATED,202102_2368_AI1.pdf,2021-08-12T16:39:42+08:00
2368,2021-09-30,2021,3,EXACT_MATCH,SELECTED,MOPS_SINGLE_ELIGIBLE_FILING,1,0,0,False,CONSOLIDATED,202103_2368_AI1.pdf,2021-11-12T10:17:13+08:00
2368,2021-12-31,2021,4,EXACT_MATCH,SELECTED,MOPS_CONSOLIDATED_PREFERRED_OVER_INDIVIDUAL,2,1,0,False,CONSOLIDATED,202104_2368_AI1.pdf,2022-03-23T15:48:23+08:00
2368,2022-03-31,2022,1,EXACT_MATCH,SELECTED,MOPS_SINGLE_ELIGIBLE_FILING,1,0,0,False,CONSOLIDATED,202201_2368_AI1.pdf,2022-05-12T17:08:28+08:00
2368,2022-06-30,2022,2,EXACT_MATCH,SELECTED,MOPS_SINGLE_ELIGIBLE_FILING,1,0,0,False,CONSOLIDATED,202202_2368_AI1.pdf,2022-08-11T13:13:02+08:00
2368,2022-09-30,2022,3,EXACT_MATCH,SELECTED,MOPS_SINGLE_ELIGIBLE_FILING,1,0,0,False,CONSOLIDATED,202203_2368_AI1.pdf,2022-11-14T13:10:16+08:00
2368,2022-12-31,2022,4,EXACT_MATCH,SELECTED,MOPS_CONSOLIDATED_PREFERRED_OVER_INDIVIDUAL,2,1,0,False,CONSOLIDATED,202204_2368_AI1.pdf,2023-03-13T15:52:36+08:00
2368,2023-03-31,2023,1,EXACT_MATCH,SELECTED,MOPS_SINGLE_ELIGIBLE_FILING,1,0,0,False,CONSOLIDATED,202301_2368_AI1.pdf,2023-05-12T15:14:14+08:00
2368,2023-06-30,2023,2,EXACT_MATCH,SELECTED,MOPS_SINGLE_ELIGIBLE_FILING,1,0,0,False,CONSOLIDATED,202302_2368_AI1.pdf,2023-08-11T15:26:37+08:00
2368,2023-09-30,2023,3,EXACT_MATCH,SELECTED,MOPS_SINGLE_ELIGIBLE_FILING,1,0,0,False,CONSOLIDATED,202303_2368_AI1.pdf,2023-11-10T11:14:35+08:00
2368,2023-12-31,2023,4,EXACT_MATCH,SELECTED,MOPS_CONSOLIDATED_PREFERRED_OVER_INDIVIDUAL,2,1,0,False,CONSOLIDATED,202304_2368_AI1.pdf,2024-03-15T13:34:52+08:00
2368,2024-03-31,2024,1,EXACT_MATCH,SELECTED,MOPS_SINGLE_ELIGIBLE_FILING,1,0,0,False,CONSOLIDATED,202401_2368_AI1.pdf,2024-05-13T16:49:54+08:00
2368,2024-06-30,2024,2,EXACT_MATCH,SELECTED,MOPS_SINGLE_ELIGIBLE_FILING,1,0,0,False,CONSOLIDATED,202402_2368_AI1.pdf,2024-08-12T15:32:32+08:00
2368,2024-09-30,2024,3,EXACT_MATCH,SELECTED,MOPS_SINGLE_ELIGIBLE_FILING,1,0,0,False,CONSOLIDATED,202403_2368_AI1.pdf,2024-11-11T14:46:27+08:00
2368,2024-12-31,2024,4,EXACT_MATCH,SELECTED,MOPS_CONSOLIDATED_PREFERRED_OVER_INDIVIDUAL,2,1,0,False,CONSOLIDATED,202404_2368_AI1.pdf,2025-03-13T15:59:33+08:00
2368,2025-03-31,2025,1,EXACT_MATCH,SELECTED,MOPS_SINGLE_ELIGIBLE_FILING,1,0,0,False,CONSOLIDATED,202501_2368_AI1.pdf,2025-05-14T14:30:41+08:00
2368,2025-06-30,2025,2,EXACT_MATCH,SELECTED,MOPS_SINGLE_ELIGIBLE_FILING,1,0,0,False,CONSOLIDATED,202502_2368_AI1.pdf,2025-08-12T14:06:57+08:00
2368,2025-09-30,2025,3,EXACT_MATCH,SELECTED,MOPS_SINGLE_ELIGIBLE_FILING,1,0,0,False,CONSOLIDATED,202503_2368_AI1.pdf,2025-11-14T13:53:05+08:00
2368,2025-12-31,2025,4,EXACT_MATCH,SELECTED,MOPS_CONSOLIDATED_PREFERRED_OVER_INDIVIDUAL,2,1,0,False,CONSOLIDATED,202504_2368_AI1.pdf,2026-03-13T13:07:53+08:00
2368,2026-03-31,2026,1,EXACT_MATCH,SELECTED,MOPS_SINGLE_ELIGIBLE_FILING,1,0,0,False,CONSOLIDATED,202601_2368_AI1.pdf,2026-05-14T14:20:41+08:00
2368,2026-06-30,2026,2,EXACT_MATCH,SELECTED,MOPS_SINGLE_ELIGIBLE_FILING,1,0,0,False,CONSOLIDATED,202602_2368_AI1.pdf,2026-08-14T16:10:32+08:00
2382,2016-03-31,2016,1,EXACT_MATCH,SELECTED,MOPS_SINGLE_ELIGIBLE_FILING,1,0,0,False,CONSOLIDATED,201601_2382_AI1.pdf,2016-05-11T08:12:22+08:00
2382,2016-06-30,2016,2,EXACT_MATCH,SELECTED,MOPS_SINGLE_ELIGIBLE_FILING,1,0,0,False,CONSOLIDATED,201602_2382_AI1.pdf,2016-08-12T15:57:08+08:00
2382,2016-09-30,2016,3,EXACT_MATCH,SELECTED,MOPS_SINGLE_ELIGIBLE_FILING,1,0,0,False,CONSOLIDATED,201603_2382_AI1.pdf,2016-11-10T16:54:11+08:00
2382,2016-12-31,2016,4,EXACT_MATCH,SELECTED,MOPS_CONSOLIDATED_PREFERRED_OVER_INDIVIDUAL,2,1,0,False,CONSOLIDATED,201604_2382_AI1.pdf,2017-03-31T14:46:24+08:00
2382,2017-03-31,2017,1,EXACT_MATCH,SELECTED,MOPS_SINGLE_ELIGIBLE_FILING,1,0,0,False,CONSOLIDATED,201701_2382_AI1.pdf,2017-05-12T15:48:22+08:00
2382,2017-06-30,2017,2,EXACT_MATCH,SELECTED,MOPS_SINGLE_ELIGIBLE_FILING,1,0,0,False,CONSOLIDATED,201702_2382_AI1.pdf,2017-08-10T15:00:15+08:00
2382,2017-09-30,2017,3,EXACT_MATCH,SELECTED,MOPS_SINGLE_ELIGIBLE_FILING,1,0,0,False,CONSOLIDATED,201703_2382_AI1.pdf,2017-11-14T16:07:07+08:00
2382,2017-12-31,2017,4,EXACT_MATCH,SELECTED,MOPS_CONSOLIDATED_PREFERRED_OVER_INDIVIDUAL,2,1,0,False,CONSOLIDATED,201704_2382_AI1.pdf,2018-03-26T16:56:17+08:00
2382,2018-03-31,2018,1,EXACT_MATCH,SELECTED,MOPS_SINGLE_ELIGIBLE_FILING,1,0,0,False,CONSOLIDATED,201801_2382_AI1.pdf,2018-05-11T16:09:41+08:00
2382,2018-06-30,2018,2,EXACT_MATCH,SELECTED,MOPS_SINGLE_ELIGIBLE_FILING,1,0,0,False,CONSOLIDATED,201802_2382_AI1.pdf,2018-08-08T16:47:45+08:00
2382,2018-09-30,2018,3,EXACT_MATCH,SELECTED,MOPS_SINGLE_ELIGIBLE_FILING,1,0,0,False,CONSOLIDATED,201803_2382_AI1.pdf,2018-11-13T16:35:00+08:00
2382,2018-12-31,2018,4,EXACT_MATCH,SELECTED,MOPS_CONSOLIDATED_PREFERRED_OVER_INDIVIDUAL,2,1,0,False,CONSOLIDATED,201804_2382_AI1.pdf,2019-03-29T13:53:14+08:00
2382,2019-03-31,2019,1,EXACT_MATCH,SELECTED,MOPS_SINGLE_ELIGIBLE_FILING,1,0,0,False,CONSOLIDATED,201901_2382_AI1.pdf,2019-05-14T15:17:17+08:00
2382,2019-06-30,2019,2,EXACT_MATCH,SELECTED,MOPS_SINGLE_ELIGIBLE_FILING,1,0,0,False,CONSOLIDATED,201902_2382_AI1.pdf,2019-08-13T14:54:07+08:00
2382,2019-09-30,2019,3,EXACT_MATCH,SELECTED,MOPS_SINGLE_ELIGIBLE_FILING,1,0,0,False,CONSOLIDATED,201903_2382_AI1.pdf,2019-11-13T15:50:48+08:00
2382,2019-12-31,2019,4,EXACT_MATCH,SELECTED,MOPS_CONSOLIDATED_PREFERRED_OVER_INDIVIDUAL,2,1,0,False,CONSOLIDATED,201904_2382_AI1.pdf,2020-03-30T16:05:52+08:00
2382,2020-03-31,2020,1,EXACT_MATCH,SELECTED,MOPS_SINGLE_ELIGIBLE_FILING,1,0,0,False,CONSOLIDATED,202001_2382_AI1.pdf,2020-05-14T15:29:38+08:00
2382,2020-06-30,2020,2,EXACT_MATCH,SELECTED,MOPS_SINGLE_ELIGIBLE_FILING,1,0,0,False,CONSOLIDATED,202002_2382_AI1.pdf,2020-08-13T14:41:39+08:00
2382,2020-09-30,2020,3,EXACT_MATCH,SELECTED,MOPS_SINGLE_ELIGIBLE_FILING,1,0,0,False,CONSOLIDATED,202003_2382_AI1.pdf,2020-11-13T14:49:11+08:00
2382,2020-12-31,2020,4,EXACT_MATCH,SELECTED,MOPS_CONSOLIDATED_PREFERRED_OVER_INDIVIDUAL,2,1,0,False,CONSOLIDATED,202004_2382_AI1.pdf,2021-03-30T18:02:36+08:00
2382,2021-03-31,2021,1,EXACT_MATCH,SELECTED,MOPS_SINGLE_ELIGIBLE_FILING,1,0,0,False,CONSOLIDATED,202101_2382_AI1.pdf,2021-05-13T16:02:29+08:00
2382,2021-06-30,2021,2,EXACT_MATCH,SELECTED,MOPS_SINGLE_ELIGIBLE_FILING,1,0,0,False,CONSOLIDATED,202102_2382_AI1.pdf,2021-08-13T14:43:47+08:00
2382,2021-09-30,2021,3,EXACT_MATCH,SELECTED,MOPS_SINGLE_ELIGIBLE_FILING,1,0,0,False,CONSOLIDATED,202103_2382_AI1.pdf,2021-11-12T18:57:32+08:00
2382,2021-12-31,2021,4,EXACT_MATCH,SELECTED,MOPS_CONSOLIDATED_PREFERRED_OVER_INDIVIDUAL,2,1,0,False,CONSOLIDATED,202104_2382_AI1.pdf,2022-03-16T18:09:29+08:00
2382,2022-03-31,2022,1,EXACT_MATCH,SELECTED,MOPS_SINGLE_ELIGIBLE_FILING,1,0,0,False,CONSOLIDATED,202201_2382_AI1.pdf,2022-05-13T16:06:16+08:00
2382,2022-06-30,2022,2,EXACT_MATCH,SELECTED,MOPS_SINGLE_ELIGIBLE_FILING,1,0,0,False,CONSOLIDATED,202202_2382_AI1.pdf,2022-08-12T16:22:14+08:00
2382,2022-09-30,2022,3,EXACT_MATCH,SELECTED,MOPS_SINGLE_ELIGIBLE_FILING,1,0,0,False,CONSOLIDATED,202203_2382_AI1.pdf,2022-11-11T16:09:38+08:00
2382,2022-12-31,2022,4,EXACT_MATCH,SELECTED,MOPS_CONSOLIDATED_PREFERRED_OVER_INDIVIDUAL,2,1,0,False,CONSOLIDATED,202204_2382_AI1.pdf,2023-03-15T18:39:46+08:00
2382,2023-03-31,2023,1,EXACT_MATCH,SELECTED,MOPS_SINGLE_ELIGIBLE_FILING,1,0,0,False,CONSOLIDATED,202301_2382_AI1.pdf,2023-05-11T14:40:02+08:00
2382,2023-06-30,2023,2,EXACT_MATCH,SELECTED,MOPS_SINGLE_ELIGIBLE_FILING,1,0,0,False,CONSOLIDATED,202302_2382_AI1.pdf,2023-08-11T14:57:21+08:00
2382,2023-09-30,2023,3,EXACT_MATCH,SELECTED,MOPS_SINGLE_ELIGIBLE_FILING,1,0,0,False,CONSOLIDATED,202303_2382_AI1.pdf,2023-11-10T15:41:59+08:00
2382,2023-12-31,2023,4,EXACT_MATCH,SELECTED,MOPS_CONSOLIDATED_PREFERRED_OVER_INDIVIDUAL,2,1,0,False,CONSOLIDATED,202304_2382_AI1.pdf,2024-03-15T15:52:21+08:00
2382,2024-03-31,2024,1,EXACT_MATCH,SELECTED,MOPS_SINGLE_ELIGIBLE_FILING,1,0,0,False,CONSOLIDATED,202401_2382_AI1.pdf,2024-05-15T14:29:18+08:00
2382,2024-06-30,2024,2,EXACT_MATCH,SELECTED,MOPS_SINGLE_ELIGIBLE_FILING,1,0,0,False,CONSOLIDATED,202402_2382_AI1.pdf,2024-08-09T15:55:04+08:00
2382,2024-09-30,2024,3,EXACT_MATCH,SELECTED,MOPS_SINGLE_ELIGIBLE_FILING,1,0,0,False,CONSOLIDATED,202403_2382_AI1.pdf,2024-11-14T14:02:10+08:00
2382,2024-12-31,2024,4,EXACT_MATCH,SELECTED,MOPS_CONSOLIDATED_PREFERRED_OVER_INDIVIDUAL,2,1,0,False,CONSOLIDATED,202404_2382_AI1.pdf,2025-02-27T16:18:33+08:00
2382,2025-03-31,2025,1,EXACT_MATCH,SELECTED,MOPS_SINGLE_ELIGIBLE_FILING,1,0,0,False,CONSOLIDATED,202501_2382_AI1.pdf,2025-05-14T13:43:43+08:00
2382,2025-06-30,2025,2,EXACT_MATCH,SELECTED,MOPS_SINGLE_ELIGIBLE_FILING,1,0,0,False,CONSOLIDATED,202502_2382_AI1.pdf,2025-08-12T14:58:19+08:00
2382,2025-09-30,2025,3,EXACT_MATCH,SELECTED,MOPS_SINGLE_ELIGIBLE_FILING,1,0,0,False,CONSOLIDATED,202503_2382_AI1.pdf,2025-11-11T14:53:19+08:00
2382,2025-12-31,2025,4,EXACT_MATCH,SELECTED,MOPS_CONSOLIDATED_PREFERRED_OVER_INDIVIDUAL,2,1,0,False,CONSOLIDATED,202504_2382_AI1.pdf,2026-03-03T13:58:04+08:00
2382,2026-03-31,2026,1,EXACT_MATCH,SELECTED,MOPS_SINGLE_ELIGIBLE_FILING,1,0,0,False,CONSOLIDATED,202601_2382_AI1.pdf,2026-05-14T15:11:13+08:00
2382,2026-06-30,2026,2,EXACT_MATCH,SELECTED,MOPS_SINGLE_ELIGIBLE_FILING,1,0,0,False,CONSOLIDATED,202602_2382_AI1.pdf,2026-08-13T17:01:28+08:00
2383,2016-03-31,2016,1,EXACT_MATCH,SELECTED,MOPS_SINGLE_ELIGIBLE_FILING,1,0,0,False,CONSOLIDATED,201601_2383_AI1.pdf,2016-04-28T16:18:53+08:00
2383,2016-06-30,2016,2,EXACT_MATCH,SELECTED,MOPS_SINGLE_ELIGIBLE_FILING,1,0,0,False,CONSOLIDATED,201602_2383_AI1.pdf,2016-08-02T17:11:21+08:00
2383,2016-09-30,2016,3,EXACT_MATCH,SELECTED,MOPS_SINGLE_ELIGIBLE_FILING,1,0,0,False,CONSOLIDATED,201603_2383_AI1.pdf,2016-11-03T16:12:22+08:00
2383,2016-12-31,2016,4,EXACT_MATCH,SELECTED,MOPS_CONSOLIDATED_PREFERRED_OVER_INDIVIDUAL,2,1,0,False,CONSOLIDATED,201604_2383_AI1.pdf,2017-03-16T19:53:20+08:00
2383,2017-03-31,2017,1,EXACT_MATCH,SELECTED,MOPS_SINGLE_ELIGIBLE_FILING,1,0,0,False,CONSOLIDATED,201701_2383_AI1.pdf,2017-04-28T08:17:59+08:00
2383,2017-06-30,2017,2,EXACT_MATCH,SELECTED,MOPS_SINGLE_ELIGIBLE_FILING,1,0,0,False,CONSOLIDATED,201702_2383_AI1.pdf,2017-07-28T08:10:05+08:00
2383,2017-09-30,2017,3,EXACT_MATCH,SELECTED,MOPS_SINGLE_ELIGIBLE_FILING,1,0,0,False,CONSOLIDATED,201703_2383_AI1.pdf,2017-10-31T16:55:03+08:00
2383,2017-12-31,2017,4,EXACT_MATCH,SELECTED,MOPS_CONSOLIDATED_PREFERRED_OVER_INDIVIDUAL,2,1,0,False,CONSOLIDATED,201704_2383_AI1.pdf,2018-03-20T18:40:21+08:00
2383,2018-03-31,2018,1,EXACT_MATCH,SELECTED,MOPS_SINGLE_ELIGIBLE_FILING,1,0,0,False,CONSOLIDATED,201801_2383_AI1.pdf,2018-04-27T07:55:06+08:00
2383,2018-06-30,2018,2,EXACT_MATCH,SELECTED,MOPS_SINGLE_ELIGIBLE_FILING,1,0,0,False,CONSOLIDATED,201802_2383_AI1.pdf,2018-08-01T07:48:21+08:00
2383,2018-09-30,2018,3,EXACT_MATCH,SELECTED,MOPS_SINGLE_ELIGIBLE_FILING,1,0,0,False,CONSOLIDATED,201803_2383_AI1.pdf,2018-10-31T16:44:25+08:00
2383,2018-12-31,2018,4,EXACT_MATCH,SELECTED,MOPS_CONSOLIDATED_PREFERRED_OVER_INDIVIDUAL,2,1,0,False,CONSOLIDATED,201804_2383_AI1.pdf,2019-03-25T13:39:19+08:00
2383,2019-03-31,2019,1,EXACT_MATCH,SELECTED,MOPS_SINGLE_ELIGIBLE_FILING,1,0,0,False,CONSOLIDATED,201901_2383_AI1.pdf,2019-04-29T08:31:04+08:00
2383,2019-06-30,2019,2,EXACT_MATCH,SELECTED,MOPS_SINGLE_ELIGIBLE_FILING,1,0,0,False,CONSOLIDATED,201902_2383_AI1.pdf,2019-07-31T17:15:55+08:00
2383,2019-09-30,2019,3,EXACT_MATCH,SELECTED,MOPS_SINGLE_ELIGIBLE_FILING,1,0,0,False,CONSOLIDATED,201903_2383_AI1.pdf,2019-10-30T17:33:01+08:00
2383,2019-12-31,2019,4,EXACT_MATCH,SELECTED,MOPS_CONSOLIDATED_PREFERRED_OVER_INDIVIDUAL,2,1,0,False,CONSOLIDATED,201904_2383_AI1.pdf,2020-03-20T18:34:06+08:00
2383,2020-03-31,2020,1,EXACT_MATCH,SELECTED,MOPS_SINGLE_ELIGIBLE_FILING,1,0,0,False,CONSOLIDATED,202001_2383_AI1.pdf,2020-04-30T16:19:00+08:00
2383,2020-06-30,2020,2,EXACT_MATCH,SELECTED,MOPS_SINGLE_ELIGIBLE_FILING,1,0,0,False,CONSOLIDATED,202002_2383_AI1.pdf,2020-07-31T17:19:44+08:00
2383,2020-09-30,2020,3,EXACT_MATCH,SELECTED,MOPS_SINGLE_ELIGIBLE_FILING,1,0,0,False,CONSOLIDATED,202003_2383_AI1.pdf,2020-11-02T16:25:17+08:00
2383,2020-12-31,2020,4,EXACT_MATCH,SELECTED,MOPS_CONSOLIDATED_PREFERRED_OVER_INDIVIDUAL,2,1,0,False,CONSOLIDATED,202004_2383_AI1.pdf,2021-02-26T08:19:54+08:00
2383,2021-03-31,2021,1,EXACT_MATCH,SELECTED,MOPS_SINGLE_ELIGIBLE_FILING,1,0,0,False,CONSOLIDATED,202101_2383_AI1.pdf,2021-04-29T16:22:18+08:00
2383,2021-06-30,2021,2,EXACT_MATCH,SELECTED,MOPS_SINGLE_ELIGIBLE_FILING,1,0,0,False,CONSOLIDATED,202102_2383_AI1.pdf,2021-07-29T10:20:33+08:00
2383,2021-09-30,2021,3,EXACT_MATCH,SELECTED,MOPS_SINGLE_ELIGIBLE_FILING,1,0,0,False,CONSOLIDATED,202103_2383_AI1.pdf,2021-10-27T15:25:00+08:00
2383,2021-12-31,2021,4,EXACT_MATCH,SELECTED,MOPS_CONSOLIDATED_PREFERRED_OVER_INDIVIDUAL,2,1,0,False,CONSOLIDATED,202104_2383_AI1.pdf,2022-02-23T18:56:23+08:00
2383,2022-03-31,2022,1,EXACT_MATCH,SELECTED,MOPS_SINGLE_ELIGIBLE_FILING,1,0,0,False,CONSOLIDATED,202201_2383_AI1.pdf,2022-04-29T08:13:45+08:00
2383,2022-06-30,2022,2,EXACT_MATCH,SELECTED,MOPS_SINGLE_ELIGIBLE_FILING,1,0,0,False,CONSOLIDATED,202202_2383_AI1.pdf,2022-07-27T16:17:41+08:00
2383,2022-09-30,2022,3,EXACT_MATCH,SELECTED,MOPS_SINGLE_ELIGIBLE_FILING,1,0,0,False,CONSOLIDATED,202203_2383_AI1.pdf,2022-10-28T17:27:16+08:00
2383,2022-12-31,2022,4,EXACT_MATCH,SELECTED,MOPS_CONSOLIDATED_PREFERRED_OVER_INDIVIDUAL,2,1,0,False,CONSOLIDATED,202204_2383_AI1.pdf,2023-02-23T18:01:02+08:00
2383,2023-03-31,2023,1,EXACT_MATCH,SELECTED,MOPS_SINGLE_ELIGIBLE_FILING,1,0,0,False,CONSOLIDATED,202301_2383_AI1.pdf,2023-04-27T08:08:25+08:00
2383,2023-06-30,2023,2,EXACT_MATCH,SELECTED,MOPS_SINGLE_ELIGIBLE_FILING,1,0,0,False,CONSOLIDATED,202302_2383_AI1.pdf,2023-07-26T16:57:09+08:00
2383,2023-09-30,2023,3,EXACT_MATCH,SELECTED,MOPS_SINGLE_ELIGIBLE_FILING,1,0,0,False,CONSOLIDATED,202303_2383_AI1.pdf,2023-10-26T08:23:43+08:00
2383,2023-12-31,2023,4,EXACT_MATCH,SELECTED,MOPS_CONSOLIDATED_PREFERRED_OVER_INDIVIDUAL,2,1,0,False,CONSOLIDATED,202304_2383_AI1.pdf,2024-02-29T19:31:54+08:00
2383,2024-03-31,2024,1,EXACT_MATCH,SELECTED,MOPS_SINGLE_ELIGIBLE_FILING,1,0,0,False,CONSOLIDATED,202401_2383_AI1.pdf,2024-04-30T18:57:54+08:00
2383,2024-06-30,2024,2,EXACT_MATCH,SELECTED,MOPS_SINGLE_ELIGIBLE_FILING,1,0,0,False,CONSOLIDATED,202402_2383_AI1.pdf,2024-07-31T18:12:01+08:00
2383,2024-09-30,2024,3,EXACT_MATCH,SELECTED,MOPS_SINGLE_ELIGIBLE_FILING,1,0,0,False,CONSOLIDATED,202403_2383_AI1.pdf,2024-10-30T16:23:13+08:00
2383,2024-12-31,2024,4,EXACT_MATCH,SELECTED,MOPS_CONSOLIDATED_PREFERRED_OVER_INDIVIDUAL,2,1,0,False,CONSOLIDATED,202404_2383_AI1.pdf,2025-02-25T18:55:00+08:00
2383,2025-03-31,2025,1,EXACT_MATCH,SELECTED,MOPS_SINGLE_ELIGIBLE_FILING,1,0,0,False,CONSOLIDATED,202501_2383_AI1.pdf,2025-04-30T16:11:39+08:00
2383,2025-06-30,2025,2,EXACT_MATCH,SELECTED,MOPS_SINGLE_ELIGIBLE_FILING,1,0,0,False,CONSOLIDATED,202502_2383_AI1.pdf,2025-07-30T18:18:51+08:00
2383,2025-09-30,2025,3,EXACT_MATCH,SELECTED,MOPS_SINGLE_ELIGIBLE_FILING,1,0,0,False,CONSOLIDATED,202503_2383_AI1.pdf,2025-10-30T18:24:36+08:00
2383,2025-12-31,2025,4,EXACT_MATCH,SELECTED,MOPS_CONSOLIDATED_PREFERRED_OVER_INDIVIDUAL,2,1,0,False,CONSOLIDATED,202504_2383_AI1.pdf,2026-03-11T17:56:26+08:00
2383,2026-03-31,2026,1,EXACT_MATCH,SELECTED,MOPS_SINGLE_ELIGIBLE_FILING,1,0,0,False,CONSOLIDATED,202601_2383_AI1.pdf,2026-04-29T19:54:23+08:00
2383,2026-06-30,2026,2,EXACT_MATCH,SELECTED,MOPS_SINGLE_ELIGIBLE_FILING,1,0,0,False,CONSOLIDATED,202602_2383_AI1.pdf,2026-07-29T19:01:46+08:00
2395,2016-03-31,2016,1,EXACT_MATCH,SELECTED,MOPS_SINGLE_ELIGIBLE_FILING,1,0,0,False,CONSOLIDATED,201601_2395_AI1.pdf,2016-04-29T14:52:35+08:00
2395,2016-06-30,2016,2,EXACT_MATCH,SELECTED,MOPS_SINGLE_ELIGIBLE_FILING,1,0,0,False,CONSOLIDATED,201602_2395_AI1.pdf,2016-07-29T14:23:14+08:00
2395,2016-09-30,2016,3,EXACT_MATCH,SELECTED,MOPS_SINGLE_ELIGIBLE_FILING,1,0,0,False,CONSOLIDATED,201603_2395_AI1.pdf,2016-10-28T14:08:42+08:00
2395,2016-12-31,2016,4,EXACT_MATCH,SELECTED,MOPS_CONSOLIDATED_PREFERRED_OVER_INDIVIDUAL,2,1,0,False,CONSOLIDATED,201604_2395_AI1.pdf,2017-03-06T13:52:05+08:00
2395,2017-03-31,2017,1,EXACT_MATCH,SELECTED,MOPS_SINGLE_ELIGIBLE_FILING,1,0,0,False,CONSOLIDATED,201701_2395_AI1.pdf,2017-04-28T16:19:49+08:00
2395,2017-06-30,2017,2,EXACT_MATCH,SELECTED,MOPS_SINGLE_ELIGIBLE_FILING,1,0,0,False,CONSOLIDATED,201702_2395_AI1.pdf,2017-07-27T17:36:09+08:00
2395,2017-09-30,2017,3,EXACT_MATCH,SELECTED,MOPS_SINGLE_ELIGIBLE_FILING,1,0,0,False,CONSOLIDATED,201703_2395_AI1.pdf,2017-11-01T11:13:49+08:00
2395,2017-12-31,2017,4,EXACT_MATCH,SELECTED,MOPS_CONSOLIDATED_PREFERRED_OVER_INDIVIDUAL,2,1,0,False,CONSOLIDATED,201704_2395_AI1.pdf,2018-03-02T18:33:05+08:00
2395,2018-03-31,2018,1,EXACT_MATCH,SELECTED,MOPS_SINGLE_ELIGIBLE_FILING,1,0,0,False,CONSOLIDATED,201801_2395_AI1.pdf,2018-04-27T17:48:17+08:00
2395,2018-06-30,2018,2,EXACT_MATCH,SELECTED,MOPS_SINGLE_ELIGIBLE_FILING,1,0,0,False,CONSOLIDATED,201802_2395_AI1.pdf,2018-07-27T18:49:18+08:00
2395,2018-09-30,2018,3,EXACT_MATCH,SELECTED,MOPS_SINGLE_ELIGIBLE_FILING,1,0,0,False,CONSOLIDATED,201803_2395_AI1.pdf,2018-10-26T16:15:34+08:00
2395,2018-12-31,2018,4,EXACT_MATCH,SELECTED,MOPS_CONSOLIDATED_PREFERRED_OVER_INDIVIDUAL,2,1,0,False,CONSOLIDATED,201804_2395_AI1.pdf,2019-03-11T08:23:19+08:00
2395,2019-03-31,2019,1,EXACT_MATCH,SELECTED,MOPS_SINGLE_ELIGIBLE_FILING,1,0,0,False,CONSOLIDATED,201901_2395_AI1.pdf,2019-05-03T17:45:24+08:00
2395,2019-06-30,2019,2,EXACT_MATCH,SELECTED,MOPS_SINGLE_ELIGIBLE_FILING,1,0,0,False,CONSOLIDATED,201902_2395_AI1.pdf,2019-08-05T08:37:59+08:00
2395,2019-09-30,2019,3,EXACT_MATCH,SELECTED,MOPS_SINGLE_ELIGIBLE_FILING,1,0,0,False,CONSOLIDATED,201903_2395_AI1.pdf,2019-11-04T10:37:23+08:00
2395,2019-12-31,2019,4,EXACT_MATCH,SELECTED,MOPS_CONSOLIDATED_PREFERRED_OVER_INDIVIDUAL,2,1,0,False,CONSOLIDATED,201904_2395_AI1.pdf,2020-03-09T08:52:55+08:00
2395,2020-03-31,2020,1,EXACT_MATCH,SELECTED,MOPS_SINGLE_ELIGIBLE_FILING,1,0,0,False,CONSOLIDATED,202001_2395_AI1.pdf,2020-04-30T11:07:40+08:00
2395,2020-06-30,2020,2,EXACT_MATCH,SELECTED,MOPS_SINGLE_ELIGIBLE_FILING,1,0,0,False,CONSOLIDATED,202002_2395_AI1.pdf,2020-07-31T17:51:37+08:00
2395,2020-09-30,2020,3,EXACT_MATCH,SELECTED,MOPS_SINGLE_ELIGIBLE_FILING,1,0,0,False,CONSOLIDATED,202003_2395_AI1.pdf,2020-10-30T17:20:26+08:00
2395,2020-12-31,2020,4,EXACT_MATCH,SELECTED,MOPS_CONSOLIDATED_PREFERRED_OVER_INDIVIDUAL,2,1,0,False,CONSOLIDATED,202004_2395_AI1.pdf,2021-03-05T17:53:27+08:00
2395,2021-03-31,2021,1,EXACT_MATCH,SELECTED,MOPS_SINGLE_ELIGIBLE_FILING,1,0,0,False,CONSOLIDATED,202101_2395_AI1.pdf,2021-04-29T17:27:58+08:00
2395,2021-06-30,2021,2,EXACT_MATCH,SELECTED,MOPS_SINGLE_ELIGIBLE_FILING,1,0,0,False,CONSOLIDATED,202102_2395_AI1.pdf,2021-07-30T16:06:16+08:00
2395,2021-09-30,2021,3,EXACT_MATCH,SELECTED,MOPS_SINGLE_ELIGIBLE_FILING,1,0,0,False,CONSOLIDATED,202103_2395_AI1.pdf,2021-10-29T14:22:47+08:00
2395,2021-12-31,2021,4,EXACT_MATCH,SELECTED,MOPS_CONSOLIDATED_PREFERRED_OVER_INDIVIDUAL,2,1,0,False,CONSOLIDATED,202104_2395_AI1.pdf,2022-02-25T16:09:16+08:00
2395,2022-03-31,2022,1,EXACT_MATCH,SELECTED,MOPS_SINGLE_ELIGIBLE_FILING,1,0,0,False,CONSOLIDATED,202201_2395_AI1.pdf,2022-04-29T15:11:44+08:00
2395,2022-06-30,2022,2,EXACT_MATCH,SELECTED,MOPS_SINGLE_ELIGIBLE_FILING,1,0,0,False,CONSOLIDATED,202202_2395_AI1.pdf,2022-07-29T15:54:59+08:00
2395,2022-09-30,2022,3,EXACT_MATCH,SELECTED,MOPS_SINGLE_ELIGIBLE_FILING,1,0,0,False,CONSOLIDATED,202203_2395_AI1.pdf,2022-10-28T15:52:57+08:00
2395,2022-12-31,2022,4,EXACT_MATCH,SELECTED,MOPS_CONSOLIDATED_PREFERRED_OVER_INDIVIDUAL,2,1,0,False,CONSOLIDATED,202204_2395_AI1.pdf,2023-02-24T19:27:40+08:00
2395,2023-03-31,2023,1,EXACT_MATCH,SELECTED,MOPS_SINGLE_ELIGIBLE_FILING,1,0,0,False,CONSOLIDATED,202301_2395_AI1.pdf,2023-04-28T15:46:37+08:00
2395,2023-06-30,2023,2,EXACT_MATCH,SELECTED,MOPS_SINGLE_ELIGIBLE_FILING,1,0,0,False,CONSOLIDATED,202302_2395_AI1.pdf,2023-08-01T17:47:25+08:00
2395,2023-09-30,2023,3,EXACT_MATCH,SELECTED,MOPS_SINGLE_ELIGIBLE_FILING,1,0,0,False,CONSOLIDATED,202303_2395_AI1.pdf,2023-10-30T22:39:21+08:00
2395,2023-12-31,2023,4,EXACT_MATCH,SELECTED,MOPS_CONSOLIDATED_PREFERRED_OVER_INDIVIDUAL,2,1,0,False,CONSOLIDATED,202304_2395_AI1.pdf,2024-02-27T21:24:13+08:00
2395,2024-03-31,2024,1,EXACT_MATCH,SELECTED,MOPS_SINGLE_ELIGIBLE_FILING,1,0,0,False,CONSOLIDATED,202401_2395_AI1.pdf,2024-04-27T21:09:30+08:00
2395,2024-06-30,2024,2,EXACT_MATCH,SELECTED,MOPS_SINGLE_ELIGIBLE_FILING,1,0,0,False,CONSOLIDATED,202402_2395_AI1.pdf,2024-07-26T18:56:18+08:00
2395,2024-09-30,2024,3,EXACT_MATCH,SELECTED,MOPS_SINGLE_ELIGIBLE_FILING,1,0,0,False,CONSOLIDATED,202403_2395_AI1.pdf,2024-10-31T19:25:16+08:00
2395,2024-12-31,2024,4,EXACT_MATCH,SELECTED,MOPS_CONSOLIDATED_PREFERRED_OVER_INDIVIDUAL,2,1,0,False,CONSOLIDATED,202404_2395_AI1.pdf,2025-02-27T19:25:58+08:00
2395,2025-03-31,2025,1,EXACT_MATCH,SELECTED,MOPS_SINGLE_ELIGIBLE_FILING,1,0,0,False,CONSOLIDATED,202501_2395_AI1.pdf,2025-04-24T18:21:22+08:00
2395,2025-06-30,2025,2,EXACT_MATCH,SELECTED,MOPS_SINGLE_ELIGIBLE_FILING,1,0,0,False,CONSOLIDATED,202502_2395_AI1.pdf,2025-07-31T17:39:14+08:00
2395,2025-09-30,2025,3,EXACT_MATCH,SELECTED,MOPS_SINGLE_ELIGIBLE_FILING,1,0,0,False,CONSOLIDATED,202503_2395_AI1.pdf,2025-10-30T18:17:37+08:00
2395,2025-12-31,2025,4,EXACT_MATCH,SELECTED,MOPS_CONSOLIDATED_PREFERRED_OVER_INDIVIDUAL,2,1,0,False,CONSOLIDATED,202504_2395_AI1.pdf,2026-02-26T22:23:49+08:00
2395,2026-03-31,2026,1,EXACT_MATCH,SELECTED,MOPS_SINGLE_ELIGIBLE_FILING,1,0,0,False,CONSOLIDATED,202601_2395_AI1.pdf,2026-04-30T18:40:55+08:00
2395,2026-06-30,2026,2,EXACT_MATCH,SELECTED,MOPS_SINGLE_ELIGIBLE_FILING,1,0,0,False,CONSOLIDATED,202602_2395_AI1.pdf,2026-07-31T19:06:07+08:00
2408,2016-03-31,2016,1,EXACT_MATCH,SELECTED,MOPS_SINGLE_ELIGIBLE_FILING,1,0,0,False,CONSOLIDATED,201601_2408_AI1.pdf,2016-05-10T17:54:41+08:00
2408,2016-06-30,2016,2,EXACT_MATCH,SELECTED,MOPS_SINGLE_ELIGIBLE_FILING,1,0,0,False,CONSOLIDATED,201602_2408_AI1.pdf,2016-08-11T16:00:36+08:00
2408,2016-09-30,2016,3,EXACT_MATCH,SELECTED,MOPS_SINGLE_ELIGIBLE_FILING,1,0,0,False,CONSOLIDATED,201603_2408_AI1.pdf,2016-11-09T20:12:49+08:00
2408,2016-12-31,2016,4,EXACT_MATCH,SELECTED,MOPS_CONSOLIDATED_PREFERRED_OVER_INDIVIDUAL,2,1,0,False,CONSOLIDATED,201604_2408_AI1.pdf,2017-03-09T21:14:29+08:00
2408,2017-03-31,2017,1,EXACT_MATCH,SELECTED,MOPS_SINGLE_ELIGIBLE_FILING,1,0,0,False,CONSOLIDATED,201701_2408_AI1.pdf,2017-05-12T18:22:37+08:00
2408,2017-06-30,2017,2,EXACT_MATCH,SELECTED,MOPS_SINGLE_ELIGIBLE_FILING,1,0,0,False,CONSOLIDATED,201702_2408_AI1.pdf,2017-08-11T17:09:11+08:00
2408,2017-09-30,2017,3,EXACT_MATCH,SELECTED,MOPS_SINGLE_ELIGIBLE_FILING,1,0,0,False,CONSOLIDATED,201703_2408_AI1.pdf,2017-11-10T14:55:48+08:00
2408,2017-12-31,2017,4,EXACT_MATCH,SELECTED,MOPS_CONSOLIDATED_PREFERRED_OVER_INDIVIDUAL,2,1,0,False,CONSOLIDATED,201704_2408_AI1.pdf,2018-02-26T18:53:45+08:00
2408,2018-03-31,2018,1,EXACT_MATCH,SELECTED,MOPS_SINGLE_ELIGIBLE_FILING,1,0,0,False,CONSOLIDATED,201801_2408_AI1.pdf,2018-05-09T16:57:26+08:00
2408,2018-06-30,2018,2,EXACT_MATCH,SELECTED,MOPS_SINGLE_ELIGIBLE_FILING,1,0,0,False,CONSOLIDATED,201802_2408_AI1.pdf,2018-08-10T17:21:59+08:00
2408,2018-09-30,2018,3,EXACT_MATCH,SELECTED,MOPS_SINGLE_ELIGIBLE_FILING,1,0,0,False,CONSOLIDATED,201803_2408_AI1.pdf,2018-11-12T17:06:33+08:00
2408,2018-12-31,2018,4,EXACT_MATCH,SELECTED,MOPS_CONSOLIDATED_PREFERRED_OVER_INDIVIDUAL,2,1,0,False,CONSOLIDATED,201804_2408_AI1.pdf,2019-02-27T19:17:17+08:00
2408,2019-03-31,2019,1,EXACT_MATCH,SELECTED,MOPS_SINGLE_ELIGIBLE_FILING,1,0,0,False,CONSOLIDATED,201901_2408_AI1.pdf,2019-05-10T17:17:14+08:00
2408,2019-06-30,2019,2,EXACT_MATCH,SELECTED,MOPS_SINGLE_ELIGIBLE_FILING,1,0,0,False,CONSOLIDATED,201902_2408_AI1.pdf,2019-08-12T17:02:58+08:00
2408,2019-09-30,2019,3,EXACT_MATCH,SELECTED,MOPS_SINGLE_ELIGIBLE_FILING,1,0,0,False,CONSOLIDATED,201903_2408_AI1.pdf,2019-11-08T17:09:41+08:00
2408,2019-12-31,2019,4,EXACT_MATCH,SELECTED,MOPS_CONSOLIDATED_PREFERRED_OVER_INDIVIDUAL,2,1,0,False,CONSOLIDATED,201904_2408_AI1.pdf,2020-02-26T18:02:54+08:00
2408,2020-03-31,2020,1,EXACT_MATCH,SELECTED,MOPS_SINGLE_ELIGIBLE_FILING,1,0,0,False,CONSOLIDATED,202001_2408_AI1.pdf,2020-05-06T17:30:33+08:00
2408,2020-06-30,2020,2,EXACT_MATCH,SELECTED,MOPS_SINGLE_ELIGIBLE_FILING,1,0,0,False,CONSOLIDATED,202002_2408_AI1.pdf,2020-08-06T16:31:27+08:00
2408,2020-09-30,2020,3,EXACT_MATCH,SELECTED,MOPS_SINGLE_ELIGIBLE_FILING,1,0,0,False,CONSOLIDATED,202003_2408_AI1.pdf,2020-11-04T16:05:03+08:00
2408,2020-12-31,2020,4,EXACT_MATCH,SELECTED,MOPS_CONSOLIDATED_PREFERRED_OVER_INDIVIDUAL,2,1,0,False,CONSOLIDATED,202004_2408_AI1.pdf,2021-02-26T17:28:54+08:00
2408,2021-03-31,2021,1,EXACT_MATCH,SELECTED,MOPS_SINGLE_ELIGIBLE_FILING,1,0,0,False,CONSOLIDATED,202101_2408_AI1.pdf,2021-05-05T16:45:33+08:00
2408,2021-06-30,2021,2,EXACT_MATCH,SELECTED,MOPS_SINGLE_ELIGIBLE_FILING,1,0,0,False,CONSOLIDATED,202102_2408_AI1.pdf,2021-08-04T16:36:39+08:00
2408,2021-09-30,2021,3,EXACT_MATCH,SELECTED,MOPS_SINGLE_ELIGIBLE_FILING,1,0,0,False,CONSOLIDATED,202103_2408_AI1.pdf,2021-11-03T17:09:08+08:00
2408,2021-12-31,2021,4,EXACT_MATCH,SELECTED,MOPS_CONSOLIDATED_PREFERRED_OVER_INDIVIDUAL,2,1,0,False,CONSOLIDATED,202104_2408_AI1.pdf,2022-02-24T18:03:02+08:00
2408,2022-03-31,2022,1,EXACT_MATCH,SELECTED,MOPS_SINGLE_ELIGIBLE_FILING,1,0,0,False,CONSOLIDATED,202201_2408_AI1.pdf,2022-05-04T18:31:53+08:00
2408,2022-06-30,2022,2,EXACT_MATCH,SELECTED,MOPS_SINGLE_ELIGIBLE_FILING,1,0,0,False,CONSOLIDATED,202202_2408_AI1.pdf,2022-08-03T17:42:38+08:00
2408,2022-09-30,2022,3,EXACT_MATCH,SELECTED,MOPS_SINGLE_ELIGIBLE_FILING,1,0,0,False,CONSOLIDATED,202203_2408_AI1.pdf,2022-11-02T17:17:51+08:00
2408,2022-12-31,2022,4,EXACT_MATCH,SELECTED,MOPS_CONSOLIDATED_PREFERRED_OVER_INDIVIDUAL,2,1,0,False,CONSOLIDATED,202204_2408_AI1.pdf,2023-02-22T17:32:01+08:00
2408,2023-03-31,2023,1,EXACT_MATCH,SELECTED,MOPS_SINGLE_ELIGIBLE_FILING,1,0,0,False,CONSOLIDATED,202301_2408_AI1.pdf,2023-05-03T19:33:59+08:00
2408,2023-06-30,2023,2,EXACT_MATCH,SELECTED,MOPS_SINGLE_ELIGIBLE_FILING,1,0,0,False,CONSOLIDATED,202302_2408_AI1.pdf,2023-08-02T18:29:23+08:00
2408,2023-09-30,2023,3,EXACT_MATCH,SELECTED,MOPS_SINGLE_ELIGIBLE_FILING,1,0,0,False,CONSOLIDATED,202303_2408_AI1.pdf,2023-11-08T16:25:16+08:00
2408,2023-12-31,2023,4,EXACT_MATCH,SELECTED,MOPS_CONSOLIDATED_PREFERRED_OVER_INDIVIDUAL,2,1,0,False,CONSOLIDATED,202304_2408_AI1.pdf,2024-02-23T18:27:43+08:00
2408,2024-03-31,2024,1,EXACT_MATCH,SELECTED,MOPS_SINGLE_ELIGIBLE_FILING,1,0,0,False,CONSOLIDATED,202401_2408_AI1.pdf,2024-05-09T18:42:18+08:00
2408,2024-06-30,2024,2,EXACT_MATCH,SELECTED,MOPS_SINGLE_ELIGIBLE_FILING,1,0,0,False,CONSOLIDATED,202402_2408_AI1.pdf,2024-08-02T17:24:25+08:00
2408,2024-09-30,2024,3,EXACT_MATCH,SELECTED,MOPS_SINGLE_ELIGIBLE_FILING,1,0,0,False,CONSOLIDATED,202403_2408_AI1.pdf,2024-11-06T17:25:40+08:00
2408,2024-12-31,2024,4,EXACT_MATCH,SELECTED,MOPS_CONSOLIDATED_PREFERRED_OVER_INDIVIDUAL,2,1,0,False,CONSOLIDATED,202404_2408_AI1.pdf,2025-02-26T17:32:39+08:00
2408,2025-03-31,2025,1,EXACT_MATCH,SELECTED,MOPS_SINGLE_ELIGIBLE_FILING,1,0,0,False,CONSOLIDATED,202501_2408_AI1.pdf,2025-05-02T16:52:30+08:00
2408,2025-06-30,2025,2,EXACT_MATCH,SELECTED,MOPS_SINGLE_ELIGIBLE_FILING,1,0,0,False,CONSOLIDATED,202502_2408_AI1.pdf,2025-08-07T17:05:49+08:00
2408,2025-09-30,2025,3,EXACT_MATCH,SELECTED,MOPS_SINGLE_ELIGIBLE_FILING,1,0,0,False,CONSOLIDATED,202503_2408_AI1.pdf,2025-11-04T16:51:26+08:00
2408,2025-12-31,2025,4,EXACT_MATCH,SELECTED,MOPS_CONSOLIDATED_PREFERRED_OVER_INDIVIDUAL,2,1,0,False,CONSOLIDATED,202504_2408_AI1.pdf,2026-03-04T16:16:51+08:00
2408,2026-03-31,2026,1,EXACT_MATCH,SELECTED,MOPS_SINGLE_ELIGIBLE_FILING,1,0,0,False,CONSOLIDATED,202601_2408_AI1.pdf,2026-05-06T18:22:05+08:00
2408,2026-06-30,2026,2,EXACT_MATCH,SELECTED,MOPS_SINGLE_ELIGIBLE_FILING,1,0,0,False,CONSOLIDATED,202602_2408_AI1.pdf,2026-08-05T18:01:31+08:00
2412,2016-03-31,2016,1,EXACT_MATCH,SELECTED,MOPS_SINGLE_ELIGIBLE_FILING,1,0,0,False,CONSOLIDATED,201601_2412_AI1.pdf,2016-05-11T14:28:12+08:00
2412,2016-06-30,2016,2,EXACT_MATCH,SELECTED,MOPS_SINGLE_ELIGIBLE_FILING,1,0,0,False,CONSOLIDATED,201602_2412_AI1.pdf,2016-08-09T19:54:32+08:00
2412,2016-09-30,2016,3,EXACT_MATCH,SELECTED,MOPS_SINGLE_ELIGIBLE_FILING,1,0,0,False,CONSOLIDATED,201603_2412_AI1.pdf,2016-11-11T14:35:50+08:00
2412,2016-12-31,2016,4,EXACT_MATCH,SELECTED,MOPS_CONSOLIDATED_PREFERRED_OVER_INDIVIDUAL,2,1,0,False,CONSOLIDATED,201604_2412_AI1.pdf,2017-03-08T14:32:26+08:00
2412,2017-03-31,2017,1,EXACT_MATCH,SELECTED,MOPS_SINGLE_ELIGIBLE_FILING,1,0,0,False,CONSOLIDATED,201701_2412_AI1.pdf,2017-05-09T14:35:39+08:00
2412,2017-06-30,2017,2,EXACT_MATCH,SELECTED,MOPS_SINGLE_ELIGIBLE_FILING,1,0,0,False,CONSOLIDATED,201702_2412_AI1.pdf,2017-08-09T14:36:36+08:00
2412,2017-09-30,2017,3,EXACT_MATCH,SELECTED,MOPS_SINGLE_ELIGIBLE_FILING,1,0,0,False,CONSOLIDATED,201703_2412_AI1.pdf,2017-11-07T14:31:28+08:00
2412,2017-12-31,2017,4,EXACT_MATCH,SELECTED,MOPS_CONSOLIDATED_PREFERRED_OVER_INDIVIDUAL,2,1,0,False,CONSOLIDATED,201704_2412_AI1.pdf,2018-03-14T14:34:50+08:00
2412,2018-03-31,2018,1,EXACT_MATCH,SELECTED,MOPS_SINGLE_ELIGIBLE_FILING,1,0,0,False,CONSOLIDATED,201801_2412_AI1.pdf,2018-05-04T14:31:57+08:00
2412,2018-06-30,2018,2,EXACT_MATCH,SELECTED,MOPS_SINGLE_ELIGIBLE_FILING,1,0,0,False,CONSOLIDATED,201802_2412_AI1.pdf,2018-08-08T14:31:29+08:00
2412,2018-09-30,2018,3,EXACT_MATCH,SELECTED,MOPS_SINGLE_ELIGIBLE_FILING,1,0,0,False,CONSOLIDATED,201803_2412_AI1.pdf,2018-11-07T14:31:25+08:00
2412,2018-12-31,2018,4,EXACT_MATCH,SELECTED,MOPS_CONSOLIDATED_PREFERRED_OVER_INDIVIDUAL,2,1,0,False,CONSOLIDATED,201804_2412_AI1.pdf,2019-03-20T14:31:10+08:00
2412,2019-03-31,2019,1,EXACT_MATCH,SELECTED,MOPS_SINGLE_ELIGIBLE_FILING,1,0,0,False,CONSOLIDATED,201901_2412_AI1.pdf,2019-05-09T14:31:18+08:00
2412,2019-06-30,2019,2,EXACT_MATCH,SELECTED,MOPS_SINGLE_ELIGIBLE_FILING,1,0,0,False,CONSOLIDATED,201902_2412_AI1.pdf,2019-08-14T14:32:46+08:00
2412,2019-09-30,2019,3,EXACT_MATCH,SELECTED,MOPS_SINGLE_ELIGIBLE_FILING,1,0,0,False,CONSOLIDATED,201903_2412_AI1.pdf,2019-11-14T14:31:15+08:00
2412,2019-12-31,2019,4,EXACT_MATCH,SELECTED,MOPS_CONSOLIDATED_PREFERRED_OVER_INDIVIDUAL,2,1,0,False,CONSOLIDATED,201904_2412_AI1.pdf,2020-02-27T14:45:12+08:00
2412,2020-03-31,2020,1,EXACT_MATCH,SELECTED,MOPS_SINGLE_ELIGIBLE_FILING,1,0,0,False,CONSOLIDATED,202001_2412_AI1.pdf,2020-05-07T14:31:09+08:00
2412,2020-06-30,2020,2,EXACT_MATCH,SELECTED,MOPS_SINGLE_ELIGIBLE_FILING,1,0,0,False,CONSOLIDATED,202002_2412_AI1.pdf,2020-08-06T14:34:35+08:00
2412,2020-09-30,2020,3,EXACT_MATCH,SELECTED,MOPS_SINGLE_ELIGIBLE_FILING,1,0,0,False,CONSOLIDATED,202003_2412_AI1.pdf,2020-11-06T17:42:38+08:00
2412,2020-12-31,2020,4,EXACT_MATCH,SELECTED,MOPS_CONSOLIDATED_PREFERRED_OVER_INDIVIDUAL,2,1,0,False,CONSOLIDATED,202004_2412_AI1.pdf,2021-02-24T14:32:06+08:00
2412,2021-03-31,2021,1,EXACT_MATCH,SELECTED,MOPS_SINGLE_ELIGIBLE_FILING,1,0,0,False,CONSOLIDATED,202101_2412_AI1.pdf,2021-05-07T14:31:36+08:00
2412,2021-06-30,2021,2,EXACT_MATCH,SELECTED,MOPS_SINGLE_ELIGIBLE_FILING,1,0,0,False,CONSOLIDATED,202102_2412_AI1.pdf,2021-08-06T14:32:17+08:00
2412,2021-09-30,2021,3,EXACT_MATCH,SELECTED,MOPS_SINGLE_ELIGIBLE_FILING,1,0,0,False,CONSOLIDATED,202103_2412_AI1.pdf,2021-11-05T19:11:29+08:00
2412,2021-12-31,2021,4,EXACT_MATCH,SELECTED,MOPS_CONSOLIDATED_PREFERRED_OVER_INDIVIDUAL,2,1,0,False,CONSOLIDATED,202104_2412_AI1.pdf,2022-02-24T14:43:06+08:00
2412,2022-03-31,2022,1,EXACT_MATCH,SELECTED,MOPS_SINGLE_ELIGIBLE_FILING,1,0,0,False,CONSOLIDATED,202201_2412_AI1.pdf,2022-05-06T14:32:10+08:00
2412,2022-06-30,2022,2,EXACT_MATCH,SELECTED,MOPS_SINGLE_ELIGIBLE_FILING,1,0,0,False,CONSOLIDATED,202202_2412_AI1.pdf,2022-08-05T18:55:33+08:00
2412,2022-09-30,2022,3,EXACT_MATCH,SELECTED,MOPS_SINGLE_ELIGIBLE_FILING,1,0,0,False,CONSOLIDATED,202203_2412_AI1.pdf,2022-11-04T14:58:14+08:00
2412,2022-12-31,2022,4,EXACT_MATCH,SELECTED,MOPS_CONSOLIDATED_PREFERRED_OVER_INDIVIDUAL,2,1,0,False,CONSOLIDATED,202204_2412_AI1.pdf,2023-02-24T17:22:01+08:00
2412,2023-03-31,2023,1,EXACT_MATCH,SELECTED,MOPS_SINGLE_ELIGIBLE_FILING,1,0,0,False,CONSOLIDATED,202301_2412_AI1.pdf,2023-05-11T14:44:20+08:00
2412,2023-06-30,2023,2,EXACT_MATCH,SELECTED,MOPS_SINGLE_ELIGIBLE_FILING,1,0,0,False,CONSOLIDATED,202302_2412_AI1.pdf,2023-08-10T14:51:31+08:00
2412,2023-09-30,2023,3,EXACT_MATCH,SELECTED,MOPS_SINGLE_ELIGIBLE_FILING,1,0,0,False,CONSOLIDATED,202303_2412_AI1.pdf,2023-11-09T14:34:01+08:00
2412,2023-12-31,2023,4,EXACT_MATCH,SELECTED,MOPS_CONSOLIDATED_PREFERRED_OVER_INDIVIDUAL,2,1,0,False,CONSOLIDATED,202304_2412_AI1.pdf,2024-02-23T17:57:12+08:00
2412,2024-03-31,2024,1,EXACT_MATCH,SELECTED,MOPS_SINGLE_ELIGIBLE_FILING,1,0,0,False,CONSOLIDATED,202401_2412_AI1.pdf,2024-05-10T15:28:22+08:00
2412,2024-06-30,2024,2,EXACT_MATCH,SELECTED,MOPS_SINGLE_ELIGIBLE_FILING,1,0,0,False,CONSOLIDATED,202402_2412_AI1.pdf,2024-08-09T16:52:52+08:00
2412,2024-09-30,2024,3,EXACT_MATCH,SELECTED,MOPS_SINGLE_ELIGIBLE_FILING,1,0,0,False,CONSOLIDATED,202403_2412_AI1.pdf,2024-11-08T16:35:32+08:00
2412,2024-12-31,2024,4,EXACT_MATCH,SELECTED,MOPS_CONSOLIDATED_PREFERRED_OVER_INDIVIDUAL,2,1,0,False,CONSOLIDATED,202404_2412_AI1.pdf,2025-02-27T14:35:03+08:00
2412,2025-03-31,2025,1,EXACT_MATCH,SELECTED,MOPS_SINGLE_ELIGIBLE_FILING,1,0,0,False,CONSOLIDATED,202501_2412_AI1.pdf,2025-05-09T17:38:03+08:00
2412,2025-06-30,2025,2,EXACT_MATCH,SELECTED,MOPS_SINGLE_ELIGIBLE_FILING,1,0,0,False,CONSOLIDATED,202502_2412_AI1.pdf,2025-08-11T15:01:15+08:00
2412,2025-09-30,2025,3,EXACT_MATCH,SELECTED,MOPS_SINGLE_ELIGIBLE_FILING,1,0,0,False,CONSOLIDATED,202503_2412_AI1.pdf,2025-11-10T14:32:39+08:00
2412,2025-12-31,2025,4,EXACT_MATCH,SELECTED,MOPS_CONSOLIDATED_PREFERRED_OVER_INDIVIDUAL,2,1,0,False,CONSOLIDATED,202504_2412_AI1.pdf,2026-02-26T18:06:03+08:00
2412,2026-03-31,2026,1,EXACT_MATCH,SELECTED,MOPS_SINGLE_ELIGIBLE_FILING,1,0,0,False,CONSOLIDATED,202601_2412_AI1.pdf,2026-05-11T14:41:03+08:00
2412,2026-06-30,2026,2,EXACT_MATCH,SELECTED,MOPS_SINGLE_ELIGIBLE_FILING,1,0,0,False,CONSOLIDATED,202602_2412_AI1.pdf,2026-08-10T14:39:49+08:00
2449,2016-03-31,2016,1,EXACT_MATCH,SELECTED,MOPS_SINGLE_ELIGIBLE_FILING,1,0,0,False,CONSOLIDATED,201601_2449_AI1.pdf,2016-05-12T17:07:17+08:00
2449,2016-06-30,2016,2,EXACT_MATCH,SELECTED,MOPS_SINGLE_ELIGIBLE_FILING,1,0,0,False,CONSOLIDATED,201602_2449_AI1.pdf,2016-08-05T16:06:07+08:00
2449,2016-09-30,2016,3,EXACT_MATCH,SELECTED,MOPS_SINGLE_ELIGIBLE_FILING,1,0,0,False,CONSOLIDATED,201603_2449_AI1.pdf,2016-11-07T16:18:14+08:00
2449,2016-12-31,2016,4,EXACT_MATCH,SELECTED,MOPS_CONSOLIDATED_PREFERRED_OVER_INDIVIDUAL,2,1,0,False,CONSOLIDATED,201604_2449_AI1.pdf,2017-03-21T16:34:04+08:00
2449,2017-03-31,2017,1,EXACT_MATCH,SELECTED,MOPS_SINGLE_ELIGIBLE_FILING,1,0,0,False,CONSOLIDATED,201701_2449_AI1.pdf,2017-05-11T14:15:37+08:00
2449,2017-06-30,2017,2,EXACT_MATCH,SELECTED,MOPS_SINGLE_ELIGIBLE_FILING,1,0,0,False,CONSOLIDATED,201702_2449_AI1.pdf,2017-08-11T13:36:52+08:00
2449,2017-09-30,2017,3,EXACT_MATCH,SELECTED,MOPS_SINGLE_ELIGIBLE_FILING,1,0,0,False,CONSOLIDATED,201703_2449_AI1.pdf,2017-11-10T14:07:32+08:00
2449,2017-12-31,2017,4,EXACT_MATCH,SELECTED,MOPS_CONSOLIDATED_PREFERRED_OVER_INDIVIDUAL,2,1,0,False,CONSOLIDATED,201704_2449_AI1.pdf,2018-03-28T09:40:38+08:00
2449,2018-03-31,2018,1,EXACT_MATCH,SELECTED,MOPS_SINGLE_ELIGIBLE_FILING,1,0,0,False,CONSOLIDATED,201801_2449_AI1.pdf,2018-05-14T14:07:29+08:00
2449,2018-06-30,2018,2,EXACT_MATCH,SELECTED,MOPS_SINGLE_ELIGIBLE_FILING,1,0,0,False,CONSOLIDATED,201802_2449_AI1.pdf,2018-08-10T17:40:41+08:00
2449,2018-09-30,2018,3,EXACT_MATCH,SELECTED,MOPS_SINGLE_ELIGIBLE_FILING,1,0,0,False,CONSOLIDATED,201803_2449_AI1.pdf,2018-11-12T13:50:13+08:00
2449,2018-12-31,2018,4,EXACT_MATCH,SELECTED,MOPS_CONSOLIDATED_PREFERRED_OVER_INDIVIDUAL,2,1,0,False,CONSOLIDATED,201804_2449_AI1.pdf,2019-03-22T13:28:54+08:00
2449,2019-03-31,2019,1,EXACT_MATCH,SELECTED,MOPS_SINGLE_ELIGIBLE_FILING,1,0,0,False,CONSOLIDATED,201901_2449_AI1.pdf,2019-05-09T15:28:38+08:00
2449,2019-06-30,2019,2,EXACT_MATCH,SELECTED,MOPS_SINGLE_ELIGIBLE_FILING,1,0,0,False,CONSOLIDATED,201902_2449_AI1.pdf,2019-08-14T16:07:43+08:00
2449,2019-09-30,2019,3,EXACT_MATCH,SELECTED,MOPS_SINGLE_ELIGIBLE_FILING,1,0,0,False,CONSOLIDATED,201903_2449_AI1.pdf,2019-11-08T14:45:59+08:00
2449,2019-12-31,2019,4,EXACT_MATCH,SELECTED,MOPS_CONSOLIDATED_PREFERRED_OVER_INDIVIDUAL,2,1,0,False,CONSOLIDATED,201904_2449_AI1.pdf,2020-03-13T15:06:24+08:00
2449,2020-03-31,2020,1,EXACT_MATCH,SELECTED,MOPS_SINGLE_ELIGIBLE_FILING,1,0,0,False,CONSOLIDATED,202001_2449_AI1.pdf,2020-05-08T14:56:13+08:00
2449,2020-06-30,2020,2,EXACT_MATCH,SELECTED,MOPS_SINGLE_ELIGIBLE_FILING,1,0,0,False,CONSOLIDATED,202002_2449_AI1.pdf,2020-08-07T15:22:56+08:00
2449,2020-09-30,2020,3,EXACT_MATCH,SELECTED,MOPS_SINGLE_ELIGIBLE_FILING,1,0,0,False,CONSOLIDATED,202003_2449_AI1.pdf,2020-10-30T16:18:13+08:00
2449,2020-12-31,2020,4,EXACT_MATCH,SELECTED,MOPS_CONSOLIDATED_PREFERRED_OVER_INDIVIDUAL,2,1,0,False,CONSOLIDATED,202004_2449_AI1.pdf,2021-03-17T15:59:20+08:00
2449,2021-03-31,2021,1,EXACT_MATCH,SELECTED,MOPS_SINGLE_ELIGIBLE_FILING,1,0,0,False,CONSOLIDATED,202101_2449_AI1.pdf,2021-05-13T13:53:59+08:00
2449,2021-06-30,2021,2,EXACT_MATCH,SELECTED,MOPS_SINGLE_ELIGIBLE_FILING,1,0,0,False,CONSOLIDATED,202102_2449_AI1.pdf,2021-08-11T17:35:34+08:00
2449,2021-09-30,2021,3,EXACT_MATCH,SELECTED,MOPS_SINGLE_ELIGIBLE_FILING,1,0,0,False,CONSOLIDATED,202103_2449_AI1.pdf,2021-11-08T15:05:07+08:00
2449,2021-12-31,2021,4,EXACT_MATCH,SELECTED,MOPS_CONSOLIDATED_PREFERRED_OVER_INDIVIDUAL,2,1,0,False,CONSOLIDATED,202104_2449_AI1.pdf,2022-03-10T13:42:44+08:00
2449,2022-03-31,2022,1,EXACT_MATCH,SELECTED,MOPS_SINGLE_ELIGIBLE_FILING,1,0,0,False,CONSOLIDATED,202201_2449_AI1.pdf,2022-05-10T16:11:40+08:00
2449,2022-06-30,2022,2,EXACT_MATCH,SELECTED,MOPS_SINGLE_ELIGIBLE_FILING,1,0,0,False,CONSOLIDATED,202202_2449_AI1.pdf,2022-08-10T13:43:40+08:00
2449,2022-09-30,2022,3,EXACT_MATCH,SELECTED,MOPS_SINGLE_ELIGIBLE_FILING,1,0,0,False,CONSOLIDATED,202203_2449_AI1.pdf,2022-11-08T16:15:21+08:00
2449,2022-12-31,2022,4,EXACT_MATCH,SELECTED,MOPS_CONSOLIDATED_PREFERRED_OVER_INDIVIDUAL,2,1,0,False,CONSOLIDATED,202204_2449_AI1.pdf,2023-03-14T13:38:35+08:00
2449,2023-03-31,2023,1,EXACT_MATCH,SELECTED,MOPS_SINGLE_ELIGIBLE_FILING,1,0,0,False,CONSOLIDATED,202301_2449_AI1.pdf,2023-05-10T13:54:36+08:00
2449,2023-06-30,2023,2,EXACT_MATCH,SELECTED,MOPS_SINGLE_ELIGIBLE_FILING,1,0,0,False,CONSOLIDATED,202302_2449_AI1.pdf,2023-08-09T15:37:52+08:00
2449,2023-09-30,2023,3,EXACT_MATCH,SELECTED,MOPS_SINGLE_ELIGIBLE_FILING,1,0,0,False,CONSOLIDATED,202303_2449_AI1.pdf,2023-11-08T15:04:53+08:00
2449,2023-12-31,2023,4,EXACT_MATCH,SELECTED,MOPS_CONSOLIDATED_PREFERRED_OVER_INDIVIDUAL,2,1,0,False,CONSOLIDATED,202304_2449_AI1.pdf,2024-02-27T14:33:17+08:00
2449,2024-03-31,2024,1,EXACT_MATCH,SELECTED,MOPS_SINGLE_ELIGIBLE_FILING,1,0,0,False,CONSOLIDATED,202401_2449_AI1.pdf,2024-05-07T13:54:00+08:00
2449,2024-06-30,2024,2,EXACT_MATCH,SELECTED,MOPS_SINGLE_ELIGIBLE_FILING,1,0,0,False,CONSOLIDATED,202402_2449_AI1.pdf,2024-08-12T14:11:19+08:00
2449,2024-09-30,2024,3,EXACT_MATCH,SELECTED,MOPS_SINGLE_ELIGIBLE_FILING,1,0,0,False,CONSOLIDATED,202403_2449_AI1.pdf,2024-11-11T13:54:53+08:00
2449,2024-12-31,2024,4,EXACT_MATCH,SELECTED,MOPS_CONSOLIDATED_PREFERRED_OVER_INDIVIDUAL,2,1,0,False,CONSOLIDATED,202404_2449_AI1.pdf,2025-02-25T13:56:15+08:00
2449,2025-03-31,2025,1,EXACT_MATCH,SELECTED,MOPS_SINGLE_ELIGIBLE_FILING,1,0,0,False,CONSOLIDATED,202501_2449_AI1.pdf,2025-05-12T13:42:46+08:00
2449,2025-06-30,2025,2,EXACT_MATCH,SELECTED,MOPS_SINGLE_ELIGIBLE_FILING,1,0,0,False,CONSOLIDATED,202502_2449_AI1.pdf,2025-08-11T13:50:49+08:00
2449,2025-09-30,2025,3,EXACT_MATCH,SELECTED,MOPS_SINGLE_ELIGIBLE_FILING,1,0,0,False,CONSOLIDATED,202503_2449_AI1.pdf,2025-11-10T13:46:06+08:00
2449,2025-12-31,2025,4,EXACT_MATCH,SELECTED,MOPS_CONSOLIDATED_PREFERRED_OVER_INDIVIDUAL,2,1,0,False,CONSOLIDATED,202504_2449_AI1.pdf,2026-03-09T14:18:24+08:00
2449,2026-03-31,2026,1,EXACT_MATCH,SELECTED,MOPS_SINGLE_ELIGIBLE_FILING,1,0,0,False,CONSOLIDATED,202601_2449_AI1.pdf,2026-05-11T15:25:43+08:00
2449,2026-06-30,2026,2,EXACT_MATCH,SELECTED,MOPS_SINGLE_ELIGIBLE_FILING,1,0,0,False,CONSOLIDATED,202602_2449_AI1.pdf,2026-08-10T16:42:24+08:00
2454,2016-03-31,2016,1,EXACT_MATCH,SELECTED,MOPS_SINGLE_ELIGIBLE_FILING,1,0,0,False,CONSOLIDATED,201601_2454_AI1.pdf,2016-05-16T13:51:49+08:00
2454,2016-06-30,2016,2,EXACT_MATCH,SELECTED,MOPS_SINGLE_ELIGIBLE_FILING,1,0,0,False,CONSOLIDATED,201602_2454_AI1.pdf,2016-08-15T10:44:01+08:00
2454,2016-09-30,2016,3,EXACT_MATCH,SELECTED,MOPS_SINGLE_ELIGIBLE_FILING,1,0,0,False,CONSOLIDATED,201603_2454_AI1.pdf,2016-11-14T12:16:11+08:00
2454,2016-12-31,2016,4,EXACT_MATCH,SELECTED,MOPS_CONSOLIDATED_PREFERRED_OVER_INDIVIDUAL,2,1,0,False,CONSOLIDATED,201604_2454_AI1.pdf,2017-03-22T14:45:48+08:00
2454,2017-03-31,2017,1,EXACT_MATCH,SELECTED,MOPS_SINGLE_ELIGIBLE_FILING,1,0,0,False,CONSOLIDATED,201701_2454_AI1.pdf,2017-05-15T17:53:41+08:00
2454,2017-06-30,2017,2,EXACT_MATCH,SELECTED,MOPS_SINGLE_ELIGIBLE_FILING,1,0,0,False,CONSOLIDATED,201702_2454_AI1.pdf,2017-08-14T14:51:48+08:00
2454,2017-09-30,2017,3,EXACT_MATCH,SELECTED,MOPS_SINGLE_ELIGIBLE_FILING,1,0,0,False,CONSOLIDATED,201703_2454_AI1.pdf,2017-11-14T16:02:28+08:00
2454,2017-12-31,2017,4,EXACT_MATCH,SELECTED,MOPS_CONSOLIDATED_PREFERRED_OVER_INDIVIDUAL,2,1,0,False,CONSOLIDATED,201704_2454_AI1.pdf,2018-03-30T17:11:58+08:00
2454,2018-03-31,2018,1,EXACT_MATCH,SELECTED,MOPS_SINGLE_ELIGIBLE_FILING,1,0,0,False,CONSOLIDATED,201801_2454_AI1.pdf,2018-05-15T09:49:25+08:00
2454,2018-06-30,2018,2,EXACT_MATCH,SELECTED,MOPS_SINGLE_ELIGIBLE_FILING,1,0,0,False,CONSOLIDATED,201802_2454_AI1.pdf,2018-08-13T17:34:57+08:00
2454,2018-09-30,2018,3,EXACT_MATCH,SELECTED,MOPS_SINGLE_ELIGIBLE_FILING,1,0,0,False,CONSOLIDATED,201803_2454_AI1.pdf,2018-11-13T16:35:06+08:00
2454,2018-12-31,2018,4,EXACT_MATCH,SELECTED,MOPS_CONSOLIDATED_PREFERRED_OVER_INDIVIDUAL,2,1,0,False,CONSOLIDATED,201804_2454_AI1.pdf,2019-03-29T17:49:32+08:00
2454,2019-03-31,2019,1,EXACT_MATCH,SELECTED,MOPS_SINGLE_ELIGIBLE_FILING,1,0,0,False,CONSOLIDATED,201901_2454_AI1.pdf,2019-05-15T15:51:26+08:00
2454,2019-06-30,2019,2,EXACT_MATCH,SELECTED,MOPS_SINGLE_ELIGIBLE_FILING,1,0,0,False,CONSOLIDATED,201902_2454_AI1.pdf,2019-08-14T14:43:56+08:00
2454,2019-09-30,2019,3,EXACT_MATCH,SELECTED,MOPS_SINGLE_ELIGIBLE_FILING,1,0,0,False,CONSOLIDATED,201903_2454_AI1.pdf,2019-11-14T15:58:45+08:00
2454,2019-12-31,2019,4,EXACT_MATCH,SELECTED,MOPS_CONSOLIDATED_PREFERRED_OVER_INDIVIDUAL,2,1,0,False,CONSOLIDATED,201904_2454_AI1.pdf,2020-03-31T15:21:47+08:00
2454,2020-03-31,2020,1,EXACT_MATCH,SELECTED,MOPS_SINGLE_ELIGIBLE_FILING,1,0,0,False,CONSOLIDATED,202001_2454_AI1.pdf,2020-05-15T15:06:46+08:00
2454,2020-06-30,2020,2,EXACT_MATCH,SELECTED,MOPS_SINGLE_ELIGIBLE_FILING,1,0,0,False,CONSOLIDATED,202002_2454_AI1.pdf,2020-08-14T15:06:07+08:00
2454,2020-09-30,2020,3,EXACT_MATCH,SELECTED,MOPS_SINGLE_ELIGIBLE_FILING,1,0,0,False,CONSOLIDATED,202003_2454_AI1.pdf,2020-11-13T16:56:15+08:00
2454,2020-12-31,2020,4,EXACT_MATCH,SELECTED,MOPS_CONSOLIDATED_PREFERRED_OVER_INDIVIDUAL,2,1,0,False,CONSOLIDATED,202004_2454_AI1.pdf,2021-03-30T17:49:52+08:00
2454,2021-03-31,2021,1,EXACT_MATCH,SELECTED,MOPS_SINGLE_ELIGIBLE_FILING,1,0,0,False,CONSOLIDATED,202101_2454_AI1.pdf,2021-05-14T14:46:41+08:00
2454,2021-06-30,2021,2,EXACT_MATCH,SELECTED,MOPS_SINGLE_ELIGIBLE_FILING,1,0,0,False,CONSOLIDATED,202102_2454_AI1.pdf,2021-08-13T18:54:32+08:00
2454,2021-09-30,2021,3,EXACT_MATCH,SELECTED,MOPS_SINGLE_ELIGIBLE_FILING,1,0,0,False,CONSOLIDATED,202103_2454_AI1.pdf,2021-11-12T14:10:04+08:00
2454,2021-12-31,2021,4,EXACT_MATCH,SELECTED,MOPS_CONSOLIDATED_PREFERRED_OVER_INDIVIDUAL,2,1,0,False,CONSOLIDATED,202104_2454_AI1.pdf,2022-02-25T17:12:50+08:00
2454,2022-03-31,2022,1,EXACT_MATCH,SELECTED,MOPS_SINGLE_ELIGIBLE_FILING,1,0,0,False,CONSOLIDATED,202201_2454_AI1.pdf,2022-05-13T16:30:09+08:00
2454,2022-06-30,2022,2,EXACT_MATCH,SELECTED,MOPS_SINGLE_ELIGIBLE_FILING,1,0,0,False,CONSOLIDATED,202202_2454_AI1.pdf,2022-08-12T15:52:01+08:00
2454,2022-09-30,2022,3,EXACT_MATCH,SELECTED,MOPS_SINGLE_ELIGIBLE_FILING,1,0,0,False,CONSOLIDATED,202203_2454_AI1.pdf,2022-11-11T15:22:52+08:00
2454,2022-12-31,2022,4,EXACT_MATCH,SELECTED,MOPS_CONSOLIDATED_PREFERRED_OVER_INDIVIDUAL,2,1,0,False,CONSOLIDATED,202204_2454_AI1.pdf,2023-02-24T18:11:16+08:00
2454,2023-03-31,2023,1,EXACT_MATCH,SELECTED,MOPS_SINGLE_ELIGIBLE_FILING,1,0,0,False,CONSOLIDATED,202301_2454_AI1.pdf,2023-05-12T15:37:50+08:00
2454,2023-06-30,2023,2,EXACT_MATCH,SELECTED,MOPS_SINGLE_ELIGIBLE_FILING,1,0,0,False,CONSOLIDATED,202302_2454_AI1.pdf,2023-08-11T14:51:31+08:00
2454,2023-09-30,2023,3,EXACT_MATCH,SELECTED,MOPS_SINGLE_ELIGIBLE_FILING,1,0,0,False,CONSOLIDATED,202303_2454_AI1.pdf,2023-11-13T15:40:28+08:00
2454,2023-12-31,2023,4,EXACT_MATCH,SELECTED,MOPS_CONSOLIDATED_PREFERRED_OVER_INDIVIDUAL,2,1,0,False,CONSOLIDATED,202304_2454_AI1.pdf,2024-02-27T17:45:00+08:00
2454,2024-03-31,2024,1,EXACT_MATCH,SELECTED,MOPS_SINGLE_ELIGIBLE_FILING,1,0,0,False,CONSOLIDATED,202401_2454_AI1.pdf,2024-05-14T14:22:15+08:00
2454,2024-06-30,2024,2,EXACT_MATCH,SELECTED,MOPS_SINGLE_ELIGIBLE_FILING,1,0,0,False,CONSOLIDATED,202402_2454_AI1.pdf,2024-08-13T17:27:52+08:00
2454,2024-09-30,2024,3,EXACT_MATCH,SELECTED,MOPS_SINGLE_ELIGIBLE_FILING,1,0,0,False,CONSOLIDATED,202403_2454_AI1.pdf,2024-11-13T16:20:58+08:00
2454,2024-12-31,2024,4,EXACT_MATCH,SELECTED,MOPS_CONSOLIDATED_PREFERRED_OVER_INDIVIDUAL,2,1,0,False,CONSOLIDATED,202404_2454_AI1.pdf,2025-02-27T18:07:29+08:00
2454,2025-03-31,2025,1,EXACT_MATCH,SELECTED,MOPS_SINGLE_ELIGIBLE_FILING,1,0,0,False,CONSOLIDATED,202501_2454_AI1.pdf,2025-05-14T14:54:43+08:00
2454,2025-06-30,2025,2,EXACT_MATCH,SELECTED,MOPS_SINGLE_ELIGIBLE_FILING,1,0,0,False,CONSOLIDATED,202502_2454_AI1.pdf,2025-08-13T13:53:47+08:00
2454,2025-09-30,2025,3,EXACT_MATCH,SELECTED,MOPS_SINGLE_ELIGIBLE_FILING,1,0,0,False,CONSOLIDATED,202503_2454_AI1.pdf,2025-11-13T16:03:53+08:00
2454,2025-12-31,2025,4,EXACT_MATCH,SELECTED,MOPS_CONSOLIDATED_PREFERRED_OVER_INDIVIDUAL,2,1,0,False,CONSOLIDATED,202504_2454_AI1.pdf,2026-02-26T17:00:05+08:00
2454,2026-03-31,2026,1,EXACT_MATCH,SELECTED,MOPS_SINGLE_ELIGIBLE_FILING,1,0,0,False,CONSOLIDATED,202601_2454_AI1.pdf,2026-05-14T17:05:13+08:00
2454,2026-06-30,2026,2,EXACT_MATCH,SELECTED,MOPS_SINGLE_ELIGIBLE_FILING,1,0,0,False,CONSOLIDATED,202602_2454_AI1.pdf,2026-07-31T16:55:20+08:00
2603,2016-03-31,2016,1,EXACT_MATCH,SELECTED,MOPS_SINGLE_ELIGIBLE_FILING,1,0,0,False,CONSOLIDATED,201601_2603_AI1.pdf,2016-05-13T17:34:18+08:00
2603,2016-06-30,2016,2,EXACT_MATCH,SELECTED,MOPS_SINGLE_ELIGIBLE_FILING,1,0,0,False,CONSOLIDATED,201602_2603_AI1.pdf,2016-08-12T17:37:26+08:00
2603,2016-09-30,2016,3,EXACT_MATCH,SELECTED,MOPS_SINGLE_ELIGIBLE_FILING,1,0,0,False,CONSOLIDATED,201603_2603_AI1.pdf,2016-11-11T17:46:44+08:00
2603,2016-12-31,2016,4,EXACT_MATCH,SELECTED,MOPS_CONSOLIDATED_PREFERRED_OVER_INDIVIDUAL,2,1,0,False,CONSOLIDATED,201604_2603_AI1.pdf,2017-03-31T17:34:03+08:00
2603,2017-03-31,2017,1,EXACT_MATCH,SELECTED,MOPS_SINGLE_ELIGIBLE_FILING,1,0,0,False,CONSOLIDATED,201701_2603_AI1.pdf,2017-05-12T17:50:45+08:00
2603,2017-06-30,2017,2,EXACT_MATCH,SELECTED,MOPS_SINGLE_ELIGIBLE_FILING,1,0,0,False,CONSOLIDATED,201702_2603_AI1.pdf,2017-08-11T20:28:13+08:00
2603,2017-09-30,2017,3,EXACT_MATCH,SELECTED,MOPS_SINGLE_ELIGIBLE_FILING,1,0,0,False,CONSOLIDATED,201703_2603_AI1.pdf,2017-11-13T20:04:41+08:00
2603,2017-12-31,2017,4,EXACT_MATCH,SELECTED,MOPS_CONSOLIDATED_PREFERRED_OVER_INDIVIDUAL,2,1,0,False,CONSOLIDATED,201704_2603_AI1.pdf,2018-03-23T20:28:42+08:00
2603,2018-03-31,2018,1,EXACT_MATCH,SELECTED,MOPS_SINGLE_ELIGIBLE_FILING,1,0,0,False,CONSOLIDATED,201801_2603_AI1.pdf,2018-05-14T22:05:43+08:00
2603,2018-06-30,2018,2,EXACT_MATCH,SELECTED,MOPS_SINGLE_ELIGIBLE_FILING,1,0,0,False,CONSOLIDATED,201802_2603_AI1.pdf,2018-08-13T21:09:03+08:00
2603,2018-09-30,2018,3,EXACT_MATCH,SELECTED,MOPS_SINGLE_ELIGIBLE_FILING,1,0,0,False,CONSOLIDATED,201803_2603_AI1.pdf,2018-11-13T18:52:57+08:00
2603,2018-12-31,2018,4,EXACT_MATCH,SELECTED,MOPS_CONSOLIDATED_PREFERRED_OVER_INDIVIDUAL,2,1,0,False,CONSOLIDATED,201804_2603_AI1.pdf,2019-03-22T21:12:30+08:00
2603,2019-03-31,2019,1,EXACT_MATCH,SELECTED,MOPS_SINGLE_ELIGIBLE_FILING,1,0,0,False,CONSOLIDATED,201901_2603_AI1.pdf,2019-05-15T17:34:32+08:00
2603,2019-06-30,2019,2,EXACT_MATCH,SELECTED,MOPS_SINGLE_ELIGIBLE_FILING,1,0,0,False,CONSOLIDATED,201902_2603_AI1.pdf,2019-08-14T15:45:50+08:00
2603,2019-09-30,2019,3,EXACT_MATCH,SELECTED,MOPS_SINGLE_ELIGIBLE_FILING,1,0,0,False,CONSOLIDATED,201903_2603_AI1.pdf,2019-11-12T16:30:33+08:00
2603,2019-12-31,2019,4,EXACT_MATCH,SELECTED,MOPS_CONSOLIDATED_PREFERRED_OVER_INDIVIDUAL,2,1,0,False,CONSOLIDATED,201904_2603_AI1.pdf,2020-03-30T18:14:47+08:00
2603,2020-03-31,2020,1,EXACT_MATCH,SELECTED,MOPS_SINGLE_ELIGIBLE_FILING,1,0,0,False,CONSOLIDATED,202001_2603_AI1.pdf,2020-05-14T18:13:22+08:00
2603,2020-06-30,2020,2,EXACT_MATCH,SELECTED,MOPS_SINGLE_ELIGIBLE_FILING,1,0,0,False,CONSOLIDATED,202002_2603_AI1.pdf,2020-08-13T20:01:49+08:00
2603,2020-09-30,2020,3,EXACT_MATCH,SELECTED,MOPS_SINGLE_ELIGIBLE_FILING,1,0,0,False,CONSOLIDATED,202003_2603_AI1.pdf,2020-11-12T19:09:25+08:00
2603,2020-12-31,2020,4,EXACT_MATCH,SELECTED,MOPS_CONSOLIDATED_PREFERRED_OVER_INDIVIDUAL,2,1,0,False,CONSOLIDATED,202004_2603_AI1.pdf,2021-03-23T19:09:11+08:00
2603,2021-03-31,2021,1,EXACT_MATCH,SELECTED,MOPS_SINGLE_ELIGIBLE_FILING,1,0,0,False,CONSOLIDATED,202101_2603_AI1.pdf,2021-05-07T18:22:06+08:00
2603,2021-06-30,2021,2,EXACT_MATCH,SELECTED,MOPS_SINGLE_ELIGIBLE_FILING,1,0,0,False,CONSOLIDATED,202102_2603_AI1.pdf,2021-08-06T20:40:34+08:00
2603,2021-09-30,2021,3,EXACT_MATCH,SELECTED,MOPS_SINGLE_ELIGIBLE_FILING,1,0,0,False,CONSOLIDATED,202103_2603_AI1.pdf,2021-11-05T19:57:56+08:00
2603,2021-12-31,2021,4,EXACT_MATCH,SELECTED,MOPS_CONSOLIDATED_PREFERRED_OVER_INDIVIDUAL,2,1,0,False,CONSOLIDATED,202104_2603_AI1.pdf,2022-03-15T20:31:03+08:00
2603,2022-03-31,2022,1,EXACT_MATCH,SELECTED,MOPS_SINGLE_ELIGIBLE_FILING,1,0,0,False,CONSOLIDATED,202201_2603_AI1.pdf,2022-05-06T19:46:27+08:00
2603,2022-06-30,2022,2,EXACT_MATCH,SELECTED,MOPS_SINGLE_ELIGIBLE_FILING,1,0,0,False,CONSOLIDATED,202202_2603_AI1.pdf,2022-08-05T17:38:26+08:00
2603,2022-09-30,2022,3,EXACT_MATCH,SELECTED,MOPS_SINGLE_ELIGIBLE_FILING,1,0,0,False,CONSOLIDATED,202203_2603_AI1.pdf,2022-11-04T17:19:04+08:00
2603,2022-12-31,2022,4,EXACT_MATCH,SELECTED,MOPS_CONSOLIDATED_PREFERRED_OVER_INDIVIDUAL,2,1,0,False,CONSOLIDATED,202204_2603_AI1.pdf,2023-03-14T19:16:41+08:00
2603,2023-03-31,2023,1,EXACT_MATCH,SELECTED,MOPS_SINGLE_ELIGIBLE_FILING,1,0,0,False,CONSOLIDATED,202301_2603_AI1.pdf,2023-05-12T18:39:16+08:00
2603,2023-06-30,2023,2,EXACT_MATCH,SELECTED,MOPS_SINGLE_ELIGIBLE_FILING,1,0,0,False,CONSOLIDATED,202302_2603_AI1.pdf,2023-08-11T18:05:24+08:00
2603,2023-09-30,2023,3,EXACT_MATCH,SELECTED,MOPS_SINGLE_ELIGIBLE_FILING,1,0,0,False,CONSOLIDATED,202303_2603_AI1.pdf,2023-11-13T18:02:32+08:00
2603,2023-12-31,2023,4,EXACT_MATCH,SELECTED,MOPS_CONSOLIDATED_PREFERRED_OVER_INDIVIDUAL,2,1,0,False,CONSOLIDATED,202304_2603_AI1.pdf,2024-03-14T20:07:48+08:00
2603,2024-03-31,2024,1,EXACT_MATCH,SELECTED,MOPS_SINGLE_ELIGIBLE_FILING,1,0,0,False,CONSOLIDATED,202401_2603_AI1.pdf,2024-05-14T18:51:06+08:00
2603,2024-06-30,2024,2,EXACT_MATCH,SELECTED,MOPS_SINGLE_ELIGIBLE_FILING,1,0,0,False,CONSOLIDATED,202402_2603_AI1.pdf,2024-08-13T18:44:22+08:00
2603,2024-09-30,2024,3,EXACT_MATCH,SELECTED,MOPS_SINGLE_ELIGIBLE_FILING,1,0,0,False,CONSOLIDATED,202403_2603_AI1.pdf,2024-11-13T18:49:46+08:00
2603,2024-12-31,2024,4,EXACT_MATCH,SELECTED,MOPS_CONSOLIDATED_PREFERRED_OVER_INDIVIDUAL,2,1,0,False,CONSOLIDATED,202404_2603_AI1.pdf,2025-03-13T19:32:45+08:00
2603,2025-03-31,2025,1,EXACT_MATCH,SELECTED,MOPS_SINGLE_ELIGIBLE_FILING,1,0,0,False,CONSOLIDATED,202501_2603_AI1.pdf,2025-05-13T18:19:44+08:00
2603,2025-06-30,2025,2,EXACT_MATCH,SELECTED,MOPS_SINGLE_ELIGIBLE_FILING,1,0,0,False,CONSOLIDATED,202502_2603_AI1.pdf,2025-08-13T18:53:20+08:00
2603,2025-09-30,2025,3,EXACT_MATCH,SELECTED,MOPS_SINGLE_ELIGIBLE_FILING,1,0,0,False,CONSOLIDATED,202503_2603_AI1.pdf,2025-11-12T19:56:44+08:00
2603,2025-12-31,2025,4,EXACT_MATCH,SELECTED,MOPS_CONSOLIDATED_PREFERRED_OVER_INDIVIDUAL,2,1,0,False,CONSOLIDATED,202504_2603_AI1.pdf,2026-03-13T19:53:19+08:00
2603,2026-03-31,2026,1,EXACT_MATCH,SELECTED,MOPS_SINGLE_ELIGIBLE_FILING,1,0,0,False,CONSOLIDATED,202601_2603_AI1.pdf,2026-05-14T19:35:55+08:00
2603,2026-06-30,2026,2,EXACT_MATCH,SELECTED,MOPS_SINGLE_ELIGIBLE_FILING,1,0,0,False,CONSOLIDATED,202602_2603_AI1.pdf,2026-08-13T19:23:53+08:00
2880,2016-03-31,2016,1,EXACT_MATCH,SELECTED,MOPS_SINGLE_ELIGIBLE_FILING,1,0,0,False,CONSOLIDATED,201601_2880_AI1.pdf,2016-05-30T10:22:08+08:00
2880,2016-06-30,2016,2,EXACT_MATCH,SELECTED,MOPS_SINGLE_ELIGIBLE_FILING,1,0,0,False,CONSOLIDATED,201602_2880_AI1.pdf,2016-08-31T14:02:03+08:00
2880,2016-09-30,2016,3,EXACT_MATCH,SELECTED,MOPS_SINGLE_ELIGIBLE_FILING,1,0,0,False,CONSOLIDATED,201603_2880_AI1.pdf,2016-11-29T13:34:58+08:00
2880,2016-12-31,2016,4,EXACT_MATCH,SELECTED,MOPS_SINGLE_ELIGIBLE_FILING,1,0,0,False,CONSOLIDATED,201604_2880_AI1.pdf,2017-03-31T09:42:18+08:00
2880,2017-03-31,2017,1,EXACT_MATCH,SELECTED,MOPS_SINGLE_ELIGIBLE_FILING,1,0,0,False,CONSOLIDATED,201701_2880_AI1.pdf,2017-05-31T11:55:22+08:00
2880,2017-06-30,2017,2,EXACT_MATCH,SELECTED,MOPS_SINGLE_ELIGIBLE_FILING,1,0,0,False,CONSOLIDATED,201702_2880_AI1.pdf,2017-08-30T11:13:03+08:00
2880,2017-09-30,2017,3,EXACT_MATCH,SELECTED,MOPS_SINGLE_ELIGIBLE_FILING,1,0,0,False,CONSOLIDATED,201703_2880_AI1.pdf,2017-11-29T13:27:38+08:00
2880,2017-12-31,2017,4,EXACT_MATCH,SELECTED,MOPS_SINGLE_ELIGIBLE_FILING,1,0,0,False,CONSOLIDATED,201704_2880_AI1.pdf,2018-03-31T17:00:02+08:00
2880,2018-03-31,2018,1,EXACT_MATCH,SELECTED,MOPS_SINGLE_ELIGIBLE_FILING,1,0,0,False,CONSOLIDATED,201801_2880_AI1.pdf,2018-05-30T13:07:24+08:00
2880,2018-06-30,2018,2,EXACT_MATCH,SELECTED,MOPS_SINGLE_ELIGIBLE_FILING,1,0,0,False,CONSOLIDATED,201802_2880_AI1.pdf,2018-08-30T14:47:36+08:00
2880,2018-09-30,2018,3,EXACT_MATCH,SELECTED,MOPS_SINGLE_ELIGIBLE_FILING,1,0,0,False,CONSOLIDATED,201803_2880_AI1.pdf,2018-11-29T10:55:12+08:00
2880,2018-12-31,2018,4,EXACT_MATCH,SELECTED,MOPS_SINGLE_ELIGIBLE_FILING,1,0,0,False,CONSOLIDATED,201804_2880_AI1.pdf,2019-03-29T13:44:44+08:00
2880,2019-03-31,2019,1,EXACT_MATCH,SELECTED,MOPS_SINGLE_ELIGIBLE_FILING,1,0,0,False,CONSOLIDATED,201901_2880_AI1.pdf,2019-05-30T11:13:11+08:00
2880,2019-06-30,2019,2,EXACT_MATCH,SELECTED,MOPS_SINGLE_ELIGIBLE_FILING,1,0,0,False,CONSOLIDATED,201902_2880_AI1.pdf,2019-08-30T13:33:47+08:00
2880,2019-09-30,2019,3,EXACT_MATCH,SELECTED,MOPS_SINGLE_ELIGIBLE_FILING,1,0,0,False,CONSOLIDATED,201903_2880_AI1.pdf,2019-11-29T11:43:00+08:00
2880,2019-12-31,2019,4,EXACT_MATCH,SELECTED,MOPS_SINGLE_ELIGIBLE_FILING,1,0,0,False,CONSOLIDATED,201904_2880_AI1.pdf,2020-03-31T15:06:36+08:00
2880,2020-03-31,2020,1,EXACT_MATCH,SELECTED,MOPS_SINGLE_ELIGIBLE_FILING,1,0,0,False,CONSOLIDATED,202001_2880_AI1.pdf,2020-05-29T13:28:48+08:00
2880,2020-06-30,2020,2,EXACT_MATCH,SELECTED,MOPS_SINGLE_ELIGIBLE_FILING,1,0,0,False,CONSOLIDATED,202002_2880_AI1.pdf,2020-08-31T13:38:07+08:00
2880,2020-09-30,2020,3,EXACT_MATCH,SELECTED,MOPS_SINGLE_ELIGIBLE_FILING,1,0,0,False,CONSOLIDATED,202003_2880_AI1.pdf,2020-11-30T09:43:16+08:00
2880,2020-12-31,2020,4,EXACT_MATCH,SELECTED,MOPS_SINGLE_ELIGIBLE_FILING,1,0,0,False,CONSOLIDATED,202004_2880_AI1.pdf,2021-03-31T13:12:55+08:00
2880,2021-03-31,2021,1,EXACT_MATCH,SELECTED,MOPS_SINGLE_ELIGIBLE_FILING,1,0,0,False,CONSOLIDATED,202101_2880_AI1.pdf,2021-05-27T13:04:13+08:00
2880,2021-06-30,2021,2,EXACT_MATCH,SELECTED,MOPS_SINGLE_ELIGIBLE_FILING,1,0,0,False,CONSOLIDATED,202102_2880_AI1.pdf,2021-08-31T10:41:54+08:00
2880,2021-09-30,2021,3,EXACT_MATCH,SELECTED,MOPS_SINGLE_ELIGIBLE_FILING,1,0,0,False,CONSOLIDATED,202103_2880_AI1.pdf,2021-11-29T09:55:29+08:00
2880,2021-12-31,2021,4,EXACT_MATCH,SELECTED,MOPS_SINGLE_ELIGIBLE_FILING,1,0,0,False,CONSOLIDATED,202104_2880_AI1.pdf,2022-03-16T14:13:03+08:00
2880,2022-03-31,2022,1,EXACT_MATCH,SELECTED,MOPS_SINGLE_ELIGIBLE_FILING,1,0,0,False,CONSOLIDATED,202201_2880_AI1.pdf,2022-05-30T13:11:57+08:00
2880,2022-06-30,2022,2,EXACT_MATCH,SELECTED,MOPS_SINGLE_ELIGIBLE_FILING,1,0,0,False,CONSOLIDATED,202202_2880_AI1.pdf,2022-08-31T10:03:02+08:00
2880,2022-09-30,2022,3,EXACT_MATCH,SELECTED,MOPS_SINGLE_ELIGIBLE_FILING,1,0,0,False,CONSOLIDATED,202203_2880_AI1.pdf,2022-11-28T18:11:29+08:00
2880,2022-12-31,2022,4,EXACT_MATCH,SELECTED,MOPS_SINGLE_ELIGIBLE_FILING,1,0,0,False,CONSOLIDATED,202204_2880_AI1.pdf,2023-03-15T15:39:38+08:00
2880,2023-03-31,2023,1,EXACT_MATCH,SELECTED,MOPS_SINGLE_ELIGIBLE_FILING,1,0,0,False,CONSOLIDATED,202301_2880_AI1.pdf,2023-05-26T17:24:57+08:00
2880,2023-06-30,2023,2,EXACT_MATCH,SELECTED,MOPS_SINGLE_ELIGIBLE_FILING,1,0,0,False,CONSOLIDATED,202302_2880_AI1.pdf,2023-08-29T18:02:18+08:00
2880,2023-09-30,2023,3,EXACT_MATCH,SELECTED,MOPS_SINGLE_ELIGIBLE_FILING,1,0,0,False,CONSOLIDATED,202303_2880_AI1.pdf,2023-11-27T19:18:49+08:00
2880,2023-12-31,2023,4,EXACT_MATCH,SELECTED,MOPS_SINGLE_ELIGIBLE_FILING,1,0,0,False,CONSOLIDATED,202304_2880_AI1.pdf,2024-03-14T15:28:57+08:00
2880,2024-03-31,2024,1,EXACT_MATCH,SELECTED,MOPS_SINGLE_ELIGIBLE_FILING,1,0,0,False,CONSOLIDATED,202401_2880_AI1.pdf,2024-05-29T13:04:28+08:00
2880,2024-06-30,2024,2,EXACT_MATCH,SELECTED,MOPS_SINGLE_ELIGIBLE_FILING,1,0,0,False,CONSOLIDATED,202402_2880_AI1.pdf,2024-08-29T13:03:15+08:00
2880,2024-09-30,2024,3,EXACT_MATCH,SELECTED,MOPS_SINGLE_ELIGIBLE_FILING,1,0,0,False,CONSOLIDATED,202403_2880_AI1.pdf,2024-11-28T13:06:27+08:00
2880,2024-12-31,2024,4,EXACT_MATCH,SELECTED,MOPS_SINGLE_ELIGIBLE_FILING,1,0,0,False,CONSOLIDATED,202404_2880_AI1.pdf,2025-03-17T13:04:43+08:00
2880,2025-03-31,2025,1,EXACT_MATCH,SELECTED,MOPS_SINGLE_ELIGIBLE_FILING,1,0,0,False,CONSOLIDATED,202501_2880_AI1.pdf,2025-05-28T15:20:22+08:00
2880,2025-06-30,2025,2,EXACT_MATCH,SELECTED,MOPS_SINGLE_ELIGIBLE_FILING,1,0,0,False,CONSOLIDATED,202502_2880_AI1.pdf,2025-08-28T13:08:00+08:00
2880,2025-09-30,2025,3,EXACT_MATCH,SELECTED,MOPS_SINGLE_ELIGIBLE_FILING,1,0,0,False,CONSOLIDATED,202503_2880_AI1.pdf,2025-11-27T10:26:24+08:00
2880,2025-12-31,2025,4,EXACT_MATCH,SELECTED,MOPS_SINGLE_ELIGIBLE_FILING,1,0,0,False,CONSOLIDATED,202504_2880_AI1.pdf,2026-03-13T09:02:31+08:00
2880,2026-03-31,2026,1,EXACT_MATCH,SELECTED,MOPS_SINGLE_ELIGIBLE_FILING,1,0,0,False,CONSOLIDATED,202601_2880_AI1.pdf,2026-05-28T09:18:02+08:00
2880,2026-06-30,2026,2,EXACT_MATCH,SELECTED,MOPS_SINGLE_ELIGIBLE_FILING,1,0,0,False,CONSOLIDATED,202602_2880_AI1.pdf,2026-08-27T14:56:45+08:00
2881,2016-03-31,2016,1,EXACT_MATCH,SELECTED,MOPS_SINGLE_ELIGIBLE_FILING,1,0,0,False,CONSOLIDATED,201601_2881_AI1.pdf,2016-05-30T11:48:10+08:00
2881,2016-06-30,2016,2,EXACT_MATCH,SELECTED,MOPS_SINGLE_ELIGIBLE_FILING,1,0,0,False,CONSOLIDATED,201602_2881_AI1.pdf,2016-08-29T17:52:40+08:00
2881,2016-09-30,2016,3,EXACT_MATCH,SELECTED,MOPS_SINGLE_ELIGIBLE_FILING,1,0,0,False,CONSOLIDATED,201603_2881_AI1.pdf,2016-11-29T14:37:49+08:00
2881,2016-12-31,2016,4,EXACT_MATCH,SELECTED,MOPS_SINGLE_ELIGIBLE_FILING,1,0,0,False,CONSOLIDATED,201604_2881_AI1.pdf,2017-03-31T10:31:54+08:00
2881,2017-03-31,2017,1,EXACT_MATCH,SELECTED,MOPS_SINGLE_ELIGIBLE_FILING,1,0,0,False,CONSOLIDATED,201701_2881_AI1.pdf,2017-05-31T14:33:29+08:00
2881,2017-06-30,2017,2,EXACT_MATCH,SELECTED,MOPS_SINGLE_ELIGIBLE_FILING,1,0,0,False,CONSOLIDATED,201702_2881_AI1.pdf,2017-08-31T13:34:40+08:00
2881,2017-09-30,2017,3,EXACT_MATCH,SELECTED,MOPS_SINGLE_ELIGIBLE_FILING,1,0,0,False,CONSOLIDATED,201703_2881_AI1.pdf,2017-11-29T15:06:53+08:00
2881,2017-12-31,2017,4,EXACT_MATCH,SELECTED,MOPS_SINGLE_ELIGIBLE_FILING,1,0,0,False,CONSOLIDATED,201704_2881_AI1.pdf,2018-03-31T12:24:36+08:00
2881,2018-03-31,2018,1,EXACT_MATCH,SELECTED,MOPS_SINGLE_ELIGIBLE_FILING,1,0,0,False,CONSOLIDATED,201801_2881_AI1.pdf,2018-05-30T14:27:46+08:00
2881,2018-06-30,2018,2,EXACT_MATCH,SELECTED,MOPS_SINGLE_ELIGIBLE_FILING,1,0,0,False,CONSOLIDATED,201802_2881_AI1.pdf,2018-08-31T11:05:08+08:00
2881,2018-09-30,2018,3,EXACT_MATCH,SELECTED,MOPS_SINGLE_ELIGIBLE_FILING,1,0,0,False,CONSOLIDATED,201803_2881_AI1.pdf,2018-11-29T12:03:21+08:00
2881,2018-12-31,2018,4,EXACT_MATCH,SELECTED,MOPS_SINGLE_ELIGIBLE_FILING,1,0,0,False,CONSOLIDATED,201804_2881_AI1.pdf,2019-04-01T13:39:17+08:00
2881,2019-03-31,2019,1,EXACT_MATCH,SELECTED,MOPS_SINGLE_ELIGIBLE_FILING,1,0,0,False,CONSOLIDATED,201901_2881_AI1.pdf,2019-05-30T11:44:59+08:00
2881,2019-06-30,2019,2,EXACT_MATCH,SELECTED,MOPS_SINGLE_ELIGIBLE_FILING,1,0,0,False,CONSOLIDATED,201902_2881_AI1.pdf,2019-08-30T14:42:45+08:00
2881,2019-09-30,2019,3,EXACT_MATCH,SELECTED,MOPS_SINGLE_ELIGIBLE_FILING,1,0,0,False,CONSOLIDATED,201903_2881_AI1.pdf,2019-11-29T09:59:42+08:00
2881,2019-12-31,2019,4,EXACT_MATCH,SELECTED,MOPS_SINGLE_ELIGIBLE_FILING,1,0,0,False,CONSOLIDATED,201904_2881_AI1.pdf,2020-03-31T09:19:57+08:00
2881,2020-03-31,2020,1,EXACT_MATCH,SELECTED,MOPS_SINGLE_ELIGIBLE_FILING,1,0,0,False,CONSOLIDATED,202001_2881_AI1.pdf,2020-05-29T10:19:07+08:00
2881,2020-06-30,2020,2,EXACT_MATCH,SELECTED,MOPS_SINGLE_ELIGIBLE_FILING,1,0,0,False,CONSOLIDATED,202002_2881_AI1.pdf,2020-08-31T09:25:22+08:00
2881,2020-09-30,2020,3,EXACT_MATCH,SELECTED,MOPS_SINGLE_ELIGIBLE_FILING,1,0,0,False,CONSOLIDATED,202003_2881_AI1.pdf,2020-11-27T13:58:11+08:00
2881,2020-12-31,2020,4,EXACT_MATCH,SELECTED,MOPS_SINGLE_ELIGIBLE_FILING,1,0,0,False,CONSOLIDATED,202004_2881_AI1.pdf,2021-03-31T14:28:34+08:00
2881,2021-03-31,2021,1,EXACT_MATCH,SELECTED,MOPS_SINGLE_ELIGIBLE_FILING,1,0,0,False,CONSOLIDATED,202101_2881_AI1.pdf,2021-05-31T11:20:35+08:00
2881,2021-06-30,2021,2,EXACT_MATCH,SELECTED,MOPS_SINGLE_ELIGIBLE_FILING,1,0,0,False,CONSOLIDATED,202102_2881_AI1.pdf,2021-08-30T11:23:53+08:00
2881,2021-09-30,2021,3,EXACT_MATCH,SELECTED,MOPS_SINGLE_ELIGIBLE_FILING,1,0,0,False,CONSOLIDATED,202103_2881_AI1.pdf,2021-11-26T09:34:27+08:00
2881,2021-12-31,2021,4,EXACT_MATCH,SELECTED,MOPS_SINGLE_ELIGIBLE_FILING,1,0,0,False,CONSOLIDATED,202104_2881_AI1.pdf,2022-03-28T10:40:30+08:00
2881,2022-03-31,2022,1,EXACT_MATCH,SELECTED,MOPS_SINGLE_ELIGIBLE_FILING,1,0,0,False,CONSOLIDATED,202201_2881_AI1.pdf,2022-05-27T15:18:43+08:00
2881,2022-06-30,2022,2,EXACT_MATCH,SELECTED,MOPS_SINGLE_ELIGIBLE_FILING,1,0,0,False,CONSOLIDATED,202202_2881_AI1.pdf,2022-08-30T10:04:36+08:00
2881,2022-09-30,2022,3,EXACT_MATCH,SELECTED,MOPS_SINGLE_ELIGIBLE_FILING,1,0,0,False,CONSOLIDATED,202203_2881_AI1.pdf,2022-11-28T11:35:19+08:00
2881,2022-12-31,2022,4,EXACT_MATCH,SELECTED,MOPS_SINGLE_ELIGIBLE_FILING,1,0,0,False,CONSOLIDATED,202204_2881_AI1.pdf,2023-03-16T10:29:24+08:00
2881,2023-03-31,2023,1,EXACT_MATCH,SELECTED,MOPS_SINGLE_ELIGIBLE_FILING,1,0,0,False,CONSOLIDATED,202301_2881_AI1.pdf,2023-05-26T10:03:56+08:00
2881,2023-06-30,2023,2,EXACT_MATCH,SELECTED,MOPS_SINGLE_ELIGIBLE_FILING,1,0,0,False,CONSOLIDATED,202302_2881_AI1.pdf,2023-08-30T09:29:48+08:00
2881,2023-09-30,2023,3,EXACT_MATCH,SELECTED,MOPS_SINGLE_ELIGIBLE_FILING,1,0,0,False,CONSOLIDATED,202303_2881_AI1.pdf,2023-11-24T10:14:47+08:00
2881,2023-12-31,2023,4,EXACT_MATCH,SELECTED,MOPS_SINGLE_ELIGIBLE_FILING,1,0,0,False,CONSOLIDATED,202304_2881_AI1.pdf,2024-03-15T11:16:06+08:00
2881,2024-03-31,2024,1,EXACT_MATCH,SELECTED,MOPS_SINGLE_ELIGIBLE_FILING,1,0,0,False,CONSOLIDATED,202401_2881_AI1.pdf,2024-05-28T09:42:22+08:00
2881,2024-06-30,2024,2,EXACT_MATCH,SELECTED,MOPS_SINGLE_ELIGIBLE_FILING,1,0,0,False,CONSOLIDATED,202402_2881_AI1.pdf,2024-08-30T09:46:31+08:00
2881,2024-09-30,2024,3,EXACT_MATCH,SELECTED,MOPS_SINGLE_ELIGIBLE_FILING,1,0,0,False,CONSOLIDATED,202403_2881_AI1.pdf,2024-11-28T09:59:32+08:00
2881,2024-12-31,2024,4,EXACT_MATCH,SELECTED,MOPS_SINGLE_ELIGIBLE_FILING,1,0,0,False,CONSOLIDATED,202404_2881_AI1.pdf,2025-03-17T10:28:44+08:00
2881,2025-03-31,2025,1,EXACT_MATCH,SELECTED,MOPS_SINGLE_ELIGIBLE_FILING,1,0,0,False,CONSOLIDATED,202501_2881_AI1.pdf,2025-05-29T16:03:54+08:00
2881,2025-06-30,2025,2,EXACT_MATCH,SELECTED,MOPS_SINGLE_ELIGIBLE_FILING,1,0,0,False,CONSOLIDATED,202502_2881_AI1.pdf,2025-08-22T14:04:39+08:00
2881,2025-09-30,2025,3,EXACT_MATCH,SELECTED,MOPS_SINGLE_ELIGIBLE_FILING,1,0,0,False,CONSOLIDATED,202503_2881_AI1.pdf,2025-11-27T09:27:05+08:00
2881,2025-12-31,2025,4,EXACT_MATCH,SELECTED,MOPS_SINGLE_ELIGIBLE_FILING,1,0,0,False,CONSOLIDATED,202504_2881_AI1.pdf,2026-03-16T10:27:27+08:00
2881,2026-03-31,2026,1,EXACT_MATCH,SELECTED,MOPS_SINGLE_ELIGIBLE_FILING,1,0,0,False,CONSOLIDATED,202601_2881_AI1.pdf,2026-05-29T12:01:13+08:00
2881,2026-06-30,2026,2,EXACT_MATCH,SELECTED,MOPS_SINGLE_ELIGIBLE_FILING,1,0,0,False,CONSOLIDATED,202602_2881_AI1.pdf,2026-08-28T14:09:26+08:00
2882,2016-03-31,2016,1,EXACT_MATCH,SELECTED,MOPS_SINGLE_ELIGIBLE_FILING,1,0,0,False,CONSOLIDATED,201601_2882_AI1.pdf,2016-05-30T13:52:32+08:00
2882,2016-06-30,2016,2,EXACT_MATCH,SELECTED,MOPS_SINGLE_ELIGIBLE_FILING,1,0,0,False,CONSOLIDATED,201602_2882_AI1.pdf,2016-08-31T13:57:24+08:00
2882,2016-09-30,2016,3,EXACT_MATCH,SELECTED,MOPS_SINGLE_ELIGIBLE_FILING,1,0,0,False,CONSOLIDATED,201603_2882_AI1.pdf,2016-11-29T13:56:34+08:00
2882,2016-12-31,2016,4,EXACT_MATCH,SELECTED,MOPS_SINGLE_ELIGIBLE_FILING,1,0,0,False,CONSOLIDATED,201604_2882_AI1.pdf,2017-03-31T14:11:56+08:00
2882,2017-03-31,2017,1,EXACT_MATCH,SELECTED,MOPS_SINGLE_ELIGIBLE_FILING,1,0,0,False,CONSOLIDATED,201701_2882_AI1.pdf,2017-05-31T14:04:02+08:00
2882,2017-06-30,2017,2,EXACT_MATCH,SELECTED,MOPS_SINGLE_ELIGIBLE_FILING,1,0,0,False,CONSOLIDATED,201702_2882_AI1.pdf,2017-08-31T13:52:37+08:00
2882,2017-09-30,2017,3,EXACT_MATCH,SELECTED,MOPS_SINGLE_ELIGIBLE_FILING,1,0,0,False,CONSOLIDATED,201703_2882_AI1.pdf,2017-11-29T14:17:15+08:00
2882,2017-12-31,2017,4,EXACT_MATCH,SELECTED,MOPS_SINGLE_ELIGIBLE_FILING,1,0,0,False,CONSOLIDATED,201704_2882_AI1.pdf,2018-03-31T14:14:53+08:00
2882,2018-03-31,2018,1,EXACT_MATCH,SELECTED,MOPS_SINGLE_ELIGIBLE_FILING,1,0,0,False,CONSOLIDATED,201801_2882_AI1.pdf,2018-05-30T14:29:11+08:00
2882,2018-06-30,2018,2,EXACT_MATCH,SELECTED,MOPS_SINGLE_ELIGIBLE_FILING,1,0,0,False,CONSOLIDATED,201802_2882_AI1.pdf,2018-08-31T14:10:18+08:00
2882,2018-09-30,2018,3,EXACT_MATCH,SELECTED,MOPS_SINGLE_ELIGIBLE_FILING,1,0,0,False,CONSOLIDATED,201803_2882_AI1.pdf,2018-11-29T14:17:15+08:00
2882,2018-12-31,2018,4,EXACT_MATCH,SELECTED,MOPS_SINGLE_ELIGIBLE_FILING,1,0,0,False,CONSOLIDATED,201804_2882_AI1.pdf,2019-04-01T14:24:51+08:00
2882,2019-03-31,2019,1,EXACT_MATCH,SELECTED,MOPS_SINGLE_ELIGIBLE_FILING,1,0,0,False,CONSOLIDATED,201901_2882_AI1.pdf,2019-05-30T14:43:02+08:00
2882,2019-06-30,2019,2,EXACT_MATCH,SELECTED,MOPS_SINGLE_ELIGIBLE_FILING,1,0,0,False,CONSOLIDATED,201902_2882_AI1.pdf,2019-09-02T14:00:19+08:00
2882,2019-09-30,2019,3,EXACT_MATCH,SELECTED,MOPS_SINGLE_ELIGIBLE_FILING,1,0,0,False,CONSOLIDATED,201903_2882_AI1.pdf,2019-11-29T13:56:46+08:00
2882,2019-12-31,2019,4,EXACT_MATCH,SELECTED,MOPS_SINGLE_ELIGIBLE_FILING,1,0,0,False,CONSOLIDATED,201904_2882_AI1.pdf,2020-03-31T15:18:10+08:00
2882,2020-03-31,2020,1,EXACT_MATCH,SELECTED,MOPS_SINGLE_ELIGIBLE_FILING,1,0,0,False,CONSOLIDATED,202001_2882_AI1.pdf,2020-06-01T14:01:28+08:00
2882,2020-06-30,2020,2,EXACT_MATCH,SELECTED,MOPS_SINGLE_ELIGIBLE_FILING,1,0,0,False,CONSOLIDATED,202002_2882_AI1.pdf,2020-08-31T14:09:16+08:00
2882,2020-09-30,2020,3,EXACT_MATCH,SELECTED,MOPS_SINGLE_ELIGIBLE_FILING,1,0,0,False,CONSOLIDATED,202003_2882_AI1.pdf,2020-11-27T13:58:22+08:00
2882,2020-12-31,2020,4,EXACT_MATCH,SELECTED,MOPS_SINGLE_ELIGIBLE_FILING,1,0,0,False,CONSOLIDATED,202004_2882_AI1.pdf,2021-03-31T13:52:37+08:00
2882,2021-03-31,2021,1,EXACT_MATCH,SELECTED,MOPS_SINGLE_ELIGIBLE_FILING,1,0,0,False,CONSOLIDATED,202101_2882_AI1.pdf,2021-05-28T13:59:23+08:00
2882,2021-06-30,2021,2,EXACT_MATCH,SELECTED,MOPS_SINGLE_ELIGIBLE_FILING,1,0,0,False,CONSOLIDATED,202102_2882_AI1.pdf,2021-08-31T13:57:58+08:00
2882,2021-09-30,2021,3,EXACT_MATCH,SELECTED,MOPS_SINGLE_ELIGIBLE_FILING,1,0,0,False,CONSOLIDATED,202103_2882_AI1.pdf,2021-11-29T13:59:12+08:00
2882,2021-12-31,2021,4,EXACT_MATCH,SELECTED,MOPS_SINGLE_ELIGIBLE_FILING,1,0,0,False,CONSOLIDATED,202104_2882_AI1.pdf,2022-03-31T14:08:00+08:00
2882,2022-03-31,2022,1,EXACT_MATCH,SELECTED,MOPS_SINGLE_ELIGIBLE_FILING,1,0,0,False,CONSOLIDATED,202201_2882_AI1.pdf,2022-05-27T14:04:18+08:00
2882,2022-06-30,2022,2,EXACT_MATCH,SELECTED,MOPS_SINGLE_ELIGIBLE_FILING,1,0,0,False,CONSOLIDATED,202202_2882_AI1.pdf,2022-08-31T14:07:01+08:00
2882,2022-09-30,2022,3,EXACT_MATCH,SELECTED,MOPS_SINGLE_ELIGIBLE_FILING,1,0,0,False,CONSOLIDATED,202203_2882_AI1.pdf,2022-11-29T13:43:29+08:00
2882,2022-12-31,2022,4,EXACT_MATCH,SELECTED,MOPS_SINGLE_ELIGIBLE_FILING,1,0,0,False,CONSOLIDATED,202204_2882_AI1.pdf,2023-03-16T13:43:06+08:00
2882,2023-03-31,2023,1,EXACT_MATCH,SELECTED,MOPS_SINGLE_ELIGIBLE_FILING,1,0,0,False,CONSOLIDATED,202301_2882_AI1.pdf,2023-05-30T13:32:25+08:00
2882,2023-06-30,2023,2,EXACT_MATCH,SELECTED,MOPS_SINGLE_ELIGIBLE_FILING,1,0,0,False,CONSOLIDATED,202302_2882_AI1.pdf,2023-08-31T14:10:07+08:00
2882,2023-09-30,2023,3,EXACT_MATCH,SELECTED,MOPS_SINGLE_ELIGIBLE_FILING,1,0,0,False,CONSOLIDATED,202303_2882_AI1.pdf,2023-11-29T14:02:14+08:00
2882,2023-12-31,2023,4,EXACT_MATCH,SELECTED,MOPS_SINGLE_ELIGIBLE_FILING,1,0,0,False,CONSOLIDATED,202304_2882_AI1.pdf,2024-03-15T17:07:45+08:00
2882,2024-03-31,2024,1,EXACT_MATCH,SELECTED,MOPS_SINGLE_ELIGIBLE_FILING,1,0,0,False,CONSOLIDATED,202401_2882_AI1.pdf,2024-05-30T13:47:42+08:00
2882,2024-06-30,2024,2,EXACT_MATCH,SELECTED,MOPS_SINGLE_ELIGIBLE_FILING,1,0,0,False,CONSOLIDATED,202402_2882_AI1.pdf,2024-08-30T13:34:59+08:00
2882,2024-09-30,2024,3,EXACT_MATCH,SELECTED,MOPS_SINGLE_ELIGIBLE_FILING,1,0,0,False,CONSOLIDATED,202403_2882_AI1.pdf,2024-11-29T13:46:42+08:00
2882,2024-12-31,2024,4,EXACT_MATCH,SELECTED,MOPS_SINGLE_ELIGIBLE_FILING,1,0,0,False,CONSOLIDATED,202404_2882_AI1.pdf,2025-03-17T13:46:53+08:00
2882,2025-03-31,2025,1,EXACT_MATCH,SELECTED,MOPS_SINGLE_ELIGIBLE_FILING,1,0,0,False,CONSOLIDATED,202501_2882_AI1.pdf,2025-06-02T13:44:19+08:00
2882,2025-06-30,2025,2,EXACT_MATCH,SELECTED,MOPS_SINGLE_ELIGIBLE_FILING,1,0,0,False,CONSOLIDATED,202502_2882_AI1.pdf,2025-08-29T13:31:34+08:00
2882,2025-09-30,2025,3,EXACT_MATCH,SELECTED,MOPS_SINGLE_ELIGIBLE_FILING,1,0,0,False,CONSOLIDATED,202503_2882_AI1.pdf,2025-12-01T13:48:31+08:00
2882,2025-12-31,2025,4,EXACT_MATCH,SELECTED,MOPS_SINGLE_ELIGIBLE_FILING,1,0,0,False,CONSOLIDATED,202504_2882_AI1.pdf,2026-03-16T15:43:58+08:00
2882,2026-03-31,2026,1,EXACT_MATCH,SELECTED,MOPS_SINGLE_ELIGIBLE_FILING,1,0,0,False,CONSOLIDATED,202601_2882_AI1.pdf,2026-06-01T13:10:01+08:00
2882,2026-06-30,2026,2,EXACT_MATCH,SELECTED,MOPS_SINGLE_ELIGIBLE_FILING,1,0,0,False,CONSOLIDATED,202602_2882_AI1.pdf,2026-08-31T14:07:55+08:00
2883,2016-03-31,2016,1,EXACT_MATCH,SELECTED,MOPS_SINGLE_ELIGIBLE_FILING,1,0,0,False,CONSOLIDATED,201601_2883_AI1.pdf,2016-05-30T16:00:31+08:00
2883,2016-06-30,2016,2,EXACT_MATCH,SELECTED,MOPS_SINGLE_ELIGIBLE_FILING,1,0,0,False,CONSOLIDATED,201602_2883_AI1.pdf,2016-08-31T13:42:42+08:00
2883,2016-09-30,2016,3,EXACT_MATCH,SELECTED,MOPS_SINGLE_ELIGIBLE_FILING,1,0,0,False,CONSOLIDATED,201603_2883_AI1.pdf,2016-11-22T09:14:28+08:00
2883,2016-12-31,2016,4,EXACT_MATCH,SELECTED,MOPS_SINGLE_ELIGIBLE_FILING,1,0,0,False,CONSOLIDATED,201604_2883_AI1.pdf,2017-03-31T13:37:22+08:00
2883,2017-03-31,2017,1,EXACT_MATCH,SELECTED,MOPS_SINGLE_ELIGIBLE_FILING,1,0,0,False,CONSOLIDATED,201701_2883_AI1.pdf,2017-05-26T13:56:55+08:00
2883,2017-06-30,2017,2,EXACT_MATCH,SELECTED,MOPS_SINGLE_ELIGIBLE_FILING,1,0,0,False,CONSOLIDATED,201702_2883_AI1.pdf,2017-08-31T13:32:50+08:00
2883,2017-09-30,2017,3,EXACT_MATCH,SELECTED,MOPS_SINGLE_ELIGIBLE_FILING,1,0,0,False,CONSOLIDATED,201703_2883_AI1.pdf,2017-11-29T13:30:08+08:00
2883,2017-12-31,2017,4,EXACT_MATCH,SELECTED,MOPS_SINGLE_ELIGIBLE_FILING,1,0,0,False,CONSOLIDATED,201704_2883_AI1.pdf,2018-03-31T13:31:08+08:00
2883,2018-03-31,2018,1,EXACT_MATCH,SELECTED,MOPS_SINGLE_ELIGIBLE_FILING,1,0,0,False,CONSOLIDATED,201801_2883_AI1.pdf,2018-05-30T13:40:58+08:00
2883,2018-06-30,2018,2,EXACT_MATCH,SELECTED,MOPS_SINGLE_ELIGIBLE_FILING,1,0,0,False,CONSOLIDATED,201802_2883_AI1.pdf,2018-08-31T13:33:07+08:00
2883,2018-09-30,2018,3,EXACT_MATCH,SELECTED,MOPS_SINGLE_ELIGIBLE_FILING,1,0,0,False,CONSOLIDATED,201803_2883_AI1.pdf,2018-11-29T13:36:44+08:00
2883,2018-12-31,2018,4,EXACT_MATCH,SELECTED,MOPS_SINGLE_ELIGIBLE_FILING,1,0,0,False,CONSOLIDATED,201804_2883_AI1.pdf,2019-03-29T16:03:18+08:00
2883,2019-03-31,2019,1,EXACT_MATCH,SELECTED,MOPS_SINGLE_ELIGIBLE_FILING,1,0,0,False,CONSOLIDATED,201901_2883_AI1.pdf,2019-05-30T13:42:50+08:00
2883,2019-06-30,2019,2,EXACT_MATCH,SELECTED,MOPS_SINGLE_ELIGIBLE_FILING,1,0,0,False,CONSOLIDATED,201902_2883_AI1.pdf,2019-08-30T13:42:21+08:00
2883,2019-09-30,2019,3,EXACT_MATCH,SELECTED,MOPS_SINGLE_ELIGIBLE_FILING,1,0,0,False,CONSOLIDATED,201903_2883_AI1.pdf,2019-11-28T13:36:11+08:00
2883,2019-12-31,2019,4,EXACT_MATCH,SELECTED,MOPS_SINGLE_ELIGIBLE_FILING,1,0,0,False,CONSOLIDATED,201904_2883_AI1.pdf,2020-03-31T13:33:26+08:00
2883,2020-03-31,2020,1,EXACT_MATCH,SELECTED,MOPS_SINGLE_ELIGIBLE_FILING,1,0,0,False,CONSOLIDATED,202001_2883_AI1.pdf,2020-05-29T13:41:08+08:00
2883,2020-06-30,2020,2,EXACT_MATCH,SELECTED,MOPS_SINGLE_ELIGIBLE_FILING,1,0,0,False,CONSOLIDATED,202002_2883_AI1.pdf,2020-08-31T13:42:22+08:00
2883,2020-09-30,2020,3,EXACT_MATCH,SELECTED,MOPS_SINGLE_ELIGIBLE_FILING,1,0,0,False,CONSOLIDATED,202003_2883_AI1.pdf,2020-11-25T14:00:53+08:00
2883,2020-12-31,2020,4,EXACT_MATCH,SELECTED,MOPS_SINGLE_ELIGIBLE_FILING,1,0,0,False,CONSOLIDATED,202004_2883_AI1.pdf,2021-03-23T13:35:24+08:00
2883,2021-03-31,2021,1,EXACT_MATCH,SELECTED,MOPS_SINGLE_ELIGIBLE_FILING,1,0,0,False,CONSOLIDATED,202101_2883_AI1.pdf,2021-05-21T16:10:46+08:00
2883,2021-06-30,2021,2,EXACT_MATCH,SELECTED,MOPS_SINGLE_ELIGIBLE_FILING,1,0,0,False,CONSOLIDATED,202102_2883_AI1.pdf,2021-08-24T13:40:39+08:00
2883,2021-09-30,2021,3,EXACT_MATCH,SELECTED,MOPS_SINGLE_ELIGIBLE_FILING,1,0,0,False,CONSOLIDATED,202103_2883_AI1.pdf,2021-11-19T16:12:22+08:00
2883,2021-12-31,2021,4,EXACT_MATCH,SELECTED,MOPS_SINGLE_ELIGIBLE_FILING,1,0,0,False,CONSOLIDATED,202104_2883_AI1.pdf,2022-03-15T14:01:36+08:00
2883,2022-03-31,2022,1,EXACT_MATCH,SELECTED,MOPS_SINGLE_ELIGIBLE_FILING,1,0,0,False,CONSOLIDATED,202201_2883_AI1.pdf,2022-05-27T13:43:10+08:00
2883,2022-06-30,2022,2,EXACT_MATCH,SELECTED,MOPS_SINGLE_ELIGIBLE_FILING,1,0,0,False,CONSOLIDATED,202202_2883_AI1.pdf,2022-08-25T13:45:51+08:00
2883,2022-09-30,2022,3,EXACT_MATCH,SELECTED,MOPS_SINGLE_ELIGIBLE_FILING,1,0,0,False,CONSOLIDATED,202203_2883_AI1.pdf,2022-11-28T17:11:13+08:00
2883,2022-12-31,2022,4,EXACT_MATCH,SELECTED,MOPS_SINGLE_ELIGIBLE_FILING,1,0,0,False,CONSOLIDATED,202204_2883_AI1.pdf,2023-02-21T13:42:31+08:00
2883,2023-03-31,2023,1,EXACT_MATCH,SELECTED,MOPS_SINGLE_ELIGIBLE_FILING,1,0,0,False,CONSOLIDATED,202301_2883_AI1.pdf,2023-05-23T13:56:34+08:00
2883,2023-06-30,2023,2,EXACT_MATCH,SELECTED,MOPS_SINGLE_ELIGIBLE_FILING,1,0,0,False,CONSOLIDATED,202302_2883_AI1.pdf,2023-08-22T13:41:48+08:00
2883,2023-09-30,2023,3,EXACT_MATCH,SELECTED,MOPS_SINGLE_ELIGIBLE_FILING,1,0,0,False,CONSOLIDATED,202303_2883_AI1.pdf,2023-11-21T13:36:26+08:00
2883,2023-12-31,2023,4,EXACT_MATCH,SELECTED,MOPS_SINGLE_ELIGIBLE_FILING,1,0,0,False,CONSOLIDATED,202304_2883_AI1.pdf,2024-03-12T14:19:09+08:00
2883,2024-03-31,2024,1,EXACT_MATCH,SELECTED,MOPS_SINGLE_ELIGIBLE_FILING,1,0,0,False,CONSOLIDATED,202401_2883_AI1.pdf,2024-05-21T14:03:57+08:00
2883,2024-06-30,2024,2,EXACT_MATCH,SELECTED,MOPS_SINGLE_ELIGIBLE_FILING,1,0,0,False,CONSOLIDATED,202402_2883_AI1.pdf,2024-08-26T14:04:26+08:00
2883,2024-09-30,2024,3,EXACT_MATCH,SELECTED,MOPS_SINGLE_ELIGIBLE_FILING,1,0,0,False,CONSOLIDATED,202403_2883_AI1.pdf,2024-11-25T13:46:38+08:00
2883,2024-12-31,2024,4,EXACT_MATCH,SELECTED,MOPS_SINGLE_ELIGIBLE_FILING,1,0,0,False,CONSOLIDATED,202404_2883_AI1.pdf,2025-03-11T14:16:30+08:00
2883,2025-03-31,2025,1,EXACT_MATCH,SELECTED,MOPS_SINGLE_ELIGIBLE_FILING,1,0,0,False,CONSOLIDATED,202501_2883_AI1.pdf,2025-05-23T13:46:05+08:00
2883,2025-06-30,2025,2,EXACT_MATCH,SELECTED,MOPS_SINGLE_ELIGIBLE_FILING,1,0,0,False,CONSOLIDATED,202502_2883_AI1.pdf,2025-08-25T14:04:49+08:00
2883,2025-09-30,2025,3,EXACT_MATCH,SELECTED,MOPS_SINGLE_ELIGIBLE_FILING,1,0,0,False,CONSOLIDATED,202503_2883_AI1.pdf,2025-11-24T14:01:54+08:00
2883,2025-12-31,2025,4,EXACT_MATCH,SELECTED,MOPS_SINGLE_ELIGIBLE_FILING,1,0,0,False,CONSOLIDATED,202504_2883_AI1.pdf,2026-03-14T11:52:59+08:00
2883,2026-03-31,2026,1,EXACT_MATCH,SELECTED,MOPS_SINGLE_ELIGIBLE_FILING,1,0,0,False,CONSOLIDATED,202601_2883_AI1.pdf,2026-05-27T15:26:08+08:00
2883,2026-06-30,2026,2,EXACT_MATCH,SELECTED,MOPS_SINGLE_ELIGIBLE_FILING,1,0,0,False,CONSOLIDATED,202602_2883_AI1.pdf,2026-08-27T16:17:53+08:00
2884,2016-03-31,2016,1,EXACT_MATCH,SELECTED,MOPS_SINGLE_ELIGIBLE_FILING,1,0,0,False,CONSOLIDATED,201601_2884_AI1.pdf,2016-05-12T10:03:43+08:00
2884,2016-06-30,2016,2,EXACT_MATCH,SELECTED,MOPS_SINGLE_ELIGIBLE_FILING,1,0,0,False,CONSOLIDATED,201602_2884_AI1.pdf,2016-08-24T10:46:33+08:00
2884,2016-09-30,2016,3,EXACT_MATCH,SELECTED,MOPS_SINGLE_ELIGIBLE_FILING,1,0,0,False,CONSOLIDATED,201603_2884_AI1.pdf,2016-11-14T10:52:31+08:00
2884,2016-12-31,2016,4,EXACT_MATCH,SELECTED,MOPS_SINGLE_ELIGIBLE_FILING,1,0,0,False,CONSOLIDATED,201604_2884_AI1.pdf,2017-03-29T18:33:12+08:00
2884,2017-03-31,2017,1,EXACT_MATCH,SELECTED,MOPS_SINGLE_ELIGIBLE_FILING,1,0,0,False,CONSOLIDATED,201701_2884_AI1.pdf,2017-05-12T13:11:48+08:00
2884,2017-06-30,2017,2,EXACT_MATCH,SELECTED,MOPS_SINGLE_ELIGIBLE_FILING,1,0,0,False,CONSOLIDATED,201702_2884_AI1.pdf,2017-08-23T16:22:57+08:00
2884,2017-09-30,2017,3,EXACT_MATCH,SELECTED,MOPS_SINGLE_ELIGIBLE_FILING,1,0,0,False,CONSOLIDATED,201703_2884_AI1.pdf,2017-11-14T10:14:48+08:00
2884,2017-12-31,2017,4,EXACT_MATCH,SELECTED,MOPS_SINGLE_ELIGIBLE_FILING,1,0,0,False,CONSOLIDATED,201704_2884_AI1.pdf,2018-03-23T20:19:06+08:00
2884,2018-03-31,2018,1,EXACT_MATCH,SELECTED,MOPS_SINGLE_ELIGIBLE_FILING,1,0,0,False,CONSOLIDATED,201801_2884_AI1.pdf,2018-05-18T09:23:53+08:00
2884,2018-06-30,2018,2,EXACT_MATCH,SELECTED,MOPS_SINGLE_ELIGIBLE_FILING,1,0,0,False,CONSOLIDATED,201802_2884_AI1.pdf,2018-08-27T16:05:07+08:00
2884,2018-09-30,2018,3,EXACT_MATCH,SELECTED,MOPS_SINGLE_ELIGIBLE_FILING,1,0,0,False,CONSOLIDATED,201803_2884_AI1.pdf,2018-11-14T15:55:39+08:00
2884,2018-12-31,2018,4,EXACT_MATCH,SELECTED,MOPS_SINGLE_ELIGIBLE_FILING,1,0,0,False,CONSOLIDATED,201804_2884_AI1.pdf,2019-03-28T09:07:38+08:00
2884,2019-03-31,2019,1,EXACT_MATCH,SELECTED,MOPS_SINGLE_ELIGIBLE_FILING,1,0,0,False,CONSOLIDATED,201901_2884_AI1.pdf,2019-05-17T14:44:43+08:00
2884,2019-06-30,2019,2,EXACT_MATCH,SELECTED,MOPS_SINGLE_ELIGIBLE_FILING,1,0,0,False,CONSOLIDATED,201902_2884_AI1.pdf,2019-08-28T13:37:00+08:00
2884,2019-09-30,2019,3,EXACT_MATCH,SELECTED,MOPS_SINGLE_ELIGIBLE_FILING,1,0,0,False,CONSOLIDATED,201903_2884_AI1.pdf,2019-11-18T14:42:39+08:00
2884,2019-12-31,2019,4,EXACT_MATCH,SELECTED,MOPS_SINGLE_ELIGIBLE_FILING,1,0,0,False,CONSOLIDATED,201904_2884_AI1.pdf,2020-03-30T08:41:05+08:00
2884,2020-03-31,2020,1,EXACT_MATCH,SELECTED,MOPS_SINGLE_ELIGIBLE_FILING,1,0,0,False,CONSOLIDATED,202001_2884_AI1.pdf,2020-05-14T16:28:02+08:00
2884,2020-06-30,2020,2,EXACT_MATCH,SELECTED,MOPS_SINGLE_ELIGIBLE_FILING,1,0,0,False,CONSOLIDATED,202002_2884_AI1.pdf,2020-08-26T17:24:45+08:00
2884,2020-09-30,2020,3,EXACT_MATCH,SELECTED,MOPS_SINGLE_ELIGIBLE_FILING,1,0,0,False,CONSOLIDATED,202003_2884_AI1.pdf,2020-11-16T17:04:00+08:00
2884,2020-12-31,2020,4,EXACT_MATCH,SELECTED,MOPS_SINGLE_ELIGIBLE_FILING,1,0,0,False,CONSOLIDATED,202004_2884_AI1.pdf,2021-03-19T20:07:02+08:00
2884,2021-03-31,2021,1,EXACT_MATCH,SELECTED,MOPS_SINGLE_ELIGIBLE_FILING,1,0,0,False,CONSOLIDATED,202101_2884_AI1.pdf,2021-05-13T15:51:38+08:00
2884,2021-06-30,2021,2,EXACT_MATCH,SELECTED,MOPS_SINGLE_ELIGIBLE_FILING,1,0,0,False,CONSOLIDATED,202102_2884_AI1.pdf,2021-08-20T20:43:02+08:00
2884,2021-09-30,2021,3,EXACT_MATCH,SELECTED,MOPS_SINGLE_ELIGIBLE_FILING,1,0,0,False,CONSOLIDATED,202103_2884_AI1.pdf,2021-11-12T18:50:08+08:00
2884,2021-12-31,2021,4,EXACT_MATCH,SELECTED,MOPS_SINGLE_ELIGIBLE_FILING,1,0,0,False,CONSOLIDATED,202104_2884_AI1.pdf,2022-03-11T19:52:42+08:00
2884,2022-03-31,2022,1,EXACT_MATCH,SELECTED,MOPS_SINGLE_ELIGIBLE_FILING,1,0,0,False,CONSOLIDATED,202201_2884_AI1.pdf,2022-05-13T17:57:35+08:00
2884,2022-06-30,2022,2,EXACT_MATCH,SELECTED,MOPS_SINGLE_ELIGIBLE_FILING,1,0,0,False,CONSOLIDATED,202202_2884_AI1.pdf,2022-08-19T18:31:30+08:00
2884,2022-09-30,2022,3,EXACT_MATCH,SELECTED,MOPS_SINGLE_ELIGIBLE_FILING,1,0,0,False,CONSOLIDATED,202203_2884_AI1.pdf,2022-11-11T16:45:36+08:00
2884,2022-12-31,2022,4,EXACT_MATCH,SELECTED,MOPS_SINGLE_ELIGIBLE_FILING,1,0,0,False,CONSOLIDATED,202204_2884_AI1.pdf,2023-02-24T13:33:10+08:00
2884,2023-03-31,2023,1,EXACT_MATCH,SELECTED,MOPS_SINGLE_ELIGIBLE_FILING,1,0,0,False,CONSOLIDATED,202301_2884_AI1.pdf,2023-05-15T09:05:52+08:00
2884,2023-06-30,2023,2,EXACT_MATCH,SELECTED,MOPS_SINGLE_ELIGIBLE_FILING,1,0,0,False,CONSOLIDATED,202302_2884_AI1.pdf,2023-08-28T10:38:18+08:00
2884,2023-09-30,2023,3,EXACT_MATCH,SELECTED,MOPS_SINGLE_ELIGIBLE_FILING,1,0,0,False,CONSOLIDATED,202303_2884_AI1.pdf,2023-11-13T18:44:03+08:00
2884,2023-12-31,2023,4,EXACT_MATCH,SELECTED,MOPS_SINGLE_ELIGIBLE_FILING,1,0,0,False,CONSOLIDATED,202304_2884_AI1.pdf,2024-03-15T14:10:01+08:00
2884,2024-03-31,2024,1,EXACT_MATCH,SELECTED,MOPS_SINGLE_ELIGIBLE_FILING,1,0,0,False,CONSOLIDATED,202401_2884_AI1.pdf,2024-05-13T13:31:07+08:00
2884,2024-06-30,2024,2,EXACT_MATCH,SELECTED,MOPS_SINGLE_ELIGIBLE_FILING,1,0,0,False,CONSOLIDATED,202402_2884_AI1.pdf,2024-08-22T16:09:40+08:00
2884,2024-09-30,2024,3,EXACT_MATCH,SELECTED,MOPS_SINGLE_ELIGIBLE_FILING,1,0,0,False,CONSOLIDATED,202403_2884_AI1.pdf,2024-11-13T16:44:20+08:00
2884,2024-12-31,2024,4,EXACT_MATCH,SELECTED,MOPS_SINGLE_ELIGIBLE_FILING,1,0,0,False,CONSOLIDATED,202404_2884_AI1.pdf,2025-03-12T19:28:00+08:00
2884,2025-03-31,2025,1,EXACT_MATCH,SELECTED,MOPS_SINGLE_ELIGIBLE_FILING,1,0,0,False,CONSOLIDATED,202501_2884_AI1.pdf,2025-05-13T18:11:31+08:00
2884,2025-06-30,2025,2,EXACT_MATCH,SELECTED,MOPS_SINGLE_ELIGIBLE_FILING,1,0,0,False,CONSOLIDATED,202502_2884_AI1.pdf,2025-08-20T16:53:20+08:00
2884,2025-09-30,2025,3,EXACT_MATCH,SELECTED,MOPS_SINGLE_ELIGIBLE_FILING,1,0,0,False,CONSOLIDATED,202503_2884_AI1.pdf,2025-11-13T15:29:22+08:00
2884,2025-12-31,2025,4,EXACT_MATCH,SELECTED,MOPS_SINGLE_ELIGIBLE_FILING,1,0,0,False,CONSOLIDATED,202504_2884_AI1.pdf,2026-03-16T14:04:38+08:00
2884,2026-03-31,2026,1,EXACT_MATCH,SELECTED,MOPS_SINGLE_ELIGIBLE_FILING,1,0,0,False,CONSOLIDATED,202601_2884_AI1.pdf,2026-05-13T15:24:43+08:00
2884,2026-06-30,2026,2,EXACT_MATCH,SELECTED,MOPS_SINGLE_ELIGIBLE_FILING,1,0,0,False,CONSOLIDATED,202602_2884_AI1.pdf,2026-08-24T11:24:19+08:00
2885,2016-03-31,2016,1,EXACT_MATCH,SELECTED,MOPS_SINGLE_ELIGIBLE_FILING,1,0,0,False,CONSOLIDATED,201601_2885_AI1.pdf,2016-05-30T13:33:50+08:00
2885,2016-06-30,2016,2,EXACT_MATCH,SELECTED,MOPS_SINGLE_ELIGIBLE_FILING,1,0,0,False,CONSOLIDATED,201602_2885_AI1.pdf,2016-08-31T13:40:48+08:00
2885,2016-09-30,2016,3,EXACT_MATCH,SELECTED,MOPS_SINGLE_ELIGIBLE_FILING,1,0,0,False,CONSOLIDATED,201603_2885_AI1.pdf,2016-11-29T14:22:44+08:00
2885,2016-12-31,2016,4,EXACT_MATCH,SELECTED,MOPS_SINGLE_ELIGIBLE_FILING,1,0,0,False,CONSOLIDATED,201604_2885_AI1.pdf,2017-03-31T13:53:37+08:00
2885,2017-03-31,2017,1,EXACT_MATCH,SELECTED,MOPS_SINGLE_ELIGIBLE_FILING,1,0,0,False,CONSOLIDATED,201701_2885_AI1.pdf,2017-05-25T15:04:07+08:00
2885,2017-06-30,2017,2,EXACT_MATCH,SELECTED,MOPS_SINGLE_ELIGIBLE_FILING,1,0,0,False,CONSOLIDATED,201702_2885_AI1.pdf,2017-08-31T14:30:32+08:00
2885,2017-09-30,2017,3,EXACT_MATCH,SELECTED,MOPS_SINGLE_ELIGIBLE_FILING,1,0,0,False,CONSOLIDATED,201703_2885_AI1.pdf,2017-11-29T13:35:04+08:00
2885,2017-12-31,2017,4,EXACT_MATCH,SELECTED,MOPS_SINGLE_ELIGIBLE_FILING,1,0,0,False,CONSOLIDATED,201704_2885_AI1.pdf,2018-03-30T15:50:24+08:00
2885,2018-03-31,2018,1,EXACT_MATCH,SELECTED,MOPS_SINGLE_ELIGIBLE_FILING,1,0,0,False,CONSOLIDATED,201801_2885_AI1.pdf,2018-05-30T15:52:32+08:00
2885,2018-06-30,2018,2,EXACT_MATCH,SELECTED,MOPS_SINGLE_ELIGIBLE_FILING,1,0,0,False,CONSOLIDATED,201802_2885_AI1.pdf,2018-08-31T13:25:02+08:00
2885,2018-09-30,2018,3,EXACT_MATCH,SELECTED,MOPS_SINGLE_ELIGIBLE_FILING,1,0,0,False,CONSOLIDATED,201803_2885_AI1.pdf,2018-11-29T14:43:40+08:00
2885,2018-12-31,2018,4,EXACT_MATCH,SELECTED,MOPS_SINGLE_ELIGIBLE_FILING,1,0,0,False,CONSOLIDATED,201804_2885_AI1.pdf,2019-03-29T11:43:53+08:00
2885,2019-03-31,2019,1,EXACT_MATCH,SELECTED,MOPS_SINGLE_ELIGIBLE_FILING,1,0,0,False,CONSOLIDATED,201901_2885_AI1.pdf,2019-05-30T14:14:22+08:00
2885,2019-06-30,2019,2,EXACT_MATCH,SELECTED,MOPS_SINGLE_ELIGIBLE_FILING,1,0,0,False,CONSOLIDATED,201902_2885_AI1.pdf,2019-08-30T15:30:25+08:00
2885,2019-09-30,2019,3,EXACT_MATCH,SELECTED,MOPS_SINGLE_ELIGIBLE_FILING,1,0,0,False,CONSOLIDATED,201903_2885_AI1.pdf,2019-11-29T12:00:33+08:00
2885,2019-12-31,2019,4,EXACT_MATCH,SELECTED,MOPS_SINGLE_ELIGIBLE_FILING,1,0,0,False,CONSOLIDATED,201904_2885_AI1.pdf,2020-03-23T17:53:58+08:00
2885,2020-03-31,2020,1,EXACT_MATCH,SELECTED,MOPS_SINGLE_ELIGIBLE_FILING,1,0,0,False,CONSOLIDATED,202001_2885_AI1.pdf,2020-05-22T17:27:09+08:00
2885,2020-06-30,2020,2,EXACT_MATCH,SELECTED,MOPS_SINGLE_ELIGIBLE_FILING,1,0,0,False,CONSOLIDATED,202002_2885_AI1.pdf,2020-08-21T17:14:49+08:00
2885,2020-09-30,2020,3,EXACT_MATCH,SELECTED,MOPS_SINGLE_ELIGIBLE_FILING,1,0,0,False,CONSOLIDATED,202003_2885_AI1.pdf,2020-11-20T17:09:54+08:00
2885,2020-12-31,2020,4,EXACT_MATCH,SELECTED,MOPS_SINGLE_ELIGIBLE_FILING,1,0,0,False,CONSOLIDATED,202004_2885_AI1.pdf,2021-03-23T17:08:59+08:00
2885,2021-03-31,2021,1,EXACT_MATCH,SELECTED,MOPS_SINGLE_ELIGIBLE_FILING,1,0,0,False,CONSOLIDATED,202101_2885_AI1.pdf,2021-05-21T15:10:20+08:00
2885,2021-06-30,2021,2,EXACT_MATCH,SELECTED,MOPS_SINGLE_ELIGIBLE_FILING,1,0,0,False,CONSOLIDATED,202102_2885_AI1.pdf,2021-08-23T15:10:16+08:00
2885,2021-09-30,2021,3,EXACT_MATCH,SELECTED,MOPS_SINGLE_ELIGIBLE_FILING,1,0,0,False,CONSOLIDATED,202103_2885_AI1.pdf,2021-11-19T16:10:09+08:00
2885,2021-12-31,2021,4,EXACT_MATCH,SELECTED,MOPS_SINGLE_ELIGIBLE_FILING,1,0,0,False,CONSOLIDATED,202104_2885_AI1.pdf,2022-03-15T16:40:10+08:00
2885,2022-03-31,2022,1,EXACT_MATCH,SELECTED,MOPS_SINGLE_ELIGIBLE_FILING,1,0,0,False,CONSOLIDATED,202201_2885_AI1.pdf,2022-05-20T16:01:03+08:00
2885,2022-06-30,2022,2,EXACT_MATCH,SELECTED,MOPS_SINGLE_ELIGIBLE_FILING,1,0,0,False,CONSOLIDATED,202202_2885_AI1.pdf,2022-08-23T16:22:44+08:00
2885,2022-09-30,2022,3,EXACT_MATCH,SELECTED,MOPS_SINGLE_ELIGIBLE_FILING,1,0,0,False,CONSOLIDATED,202203_2885_AI1.pdf,2022-11-21T16:41:14+08:00
2885,2022-12-31,2022,4,EXACT_MATCH,SELECTED,MOPS_SINGLE_ELIGIBLE_FILING,1,0,0,False,CONSOLIDATED,202204_2885_AI1.pdf,2023-03-15T16:44:12+08:00
2885,2023-03-31,2023,1,EXACT_MATCH,SELECTED,MOPS_SINGLE_ELIGIBLE_FILING,1,0,0,False,CONSOLIDATED,202301_2885_AI1.pdf,2023-05-22T16:13:20+08:00
2885,2023-06-30,2023,2,EXACT_MATCH,SELECTED,MOPS_SINGLE_ELIGIBLE_FILING,1,0,0,False,CONSOLIDATED,202302_2885_AI1.pdf,2023-08-23T16:12:01+08:00
2885,2023-09-30,2023,3,EXACT_MATCH,SELECTED,MOPS_SINGLE_ELIGIBLE_FILING,1,0,0,False,CONSOLIDATED,202303_2885_AI1.pdf,2023-11-21T15:57:49+08:00
2885,2023-12-31,2023,4,EXACT_MATCH,SELECTED,MOPS_SINGLE_ELIGIBLE_FILING,1,0,0,False,CONSOLIDATED,202304_2885_AI1.pdf,2024-03-14T16:50:16+08:00
2885,2024-03-31,2024,1,EXACT_MATCH,SELECTED,MOPS_SINGLE_ELIGIBLE_FILING,1,0,0,False,CONSOLIDATED,202401_2885_AI1.pdf,2024-05-22T16:16:43+08:00
2885,2024-06-30,2024,2,EXACT_MATCH,SELECTED,MOPS_SINGLE_ELIGIBLE_FILING,1,0,0,False,CONSOLIDATED,202402_2885_AI1.pdf,2024-08-23T16:13:06+08:00
2885,2024-09-30,2024,3,EXACT_MATCH,SELECTED,MOPS_SINGLE_ELIGIBLE_FILING,1,0,0,False,CONSOLIDATED,202403_2885_AI1.pdf,2024-11-20T16:25:21+08:00
2885,2024-12-31,2024,4,EXACT_MATCH,SELECTED,MOPS_SINGLE_ELIGIBLE_FILING,1,0,0,False,CONSOLIDATED,202404_2885_AI1.pdf,2025-03-14T16:28:20+08:00
2885,2025-03-31,2025,1,EXACT_MATCH,SELECTED,MOPS_SINGLE_ELIGIBLE_FILING,1,0,0,False,CONSOLIDATED,202501_2885_AI1.pdf,2025-05-22T16:19:22+08:00
2885,2025-06-30,2025,2,EXACT_MATCH,SELECTED,MOPS_SINGLE_ELIGIBLE_FILING,1,0,0,False,CONSOLIDATED,202502_2885_AI1.pdf,2025-08-22T16:35:10+08:00
2885,2025-09-30,2025,3,EXACT_MATCH,SELECTED,MOPS_SINGLE_ELIGIBLE_FILING,1,0,0,False,CONSOLIDATED,202503_2885_AI1.pdf,2025-11-21T16:35:31+08:00
2885,2025-12-31,2025,4,EXACT_MATCH,SELECTED,MOPS_SINGLE_ELIGIBLE_FILING,1,0,0,False,CONSOLIDATED,202504_2885_AI1.pdf,2026-03-13T16:53:44+08:00
2885,2026-03-31,2026,1,EXACT_MATCH,SELECTED,MOPS_SINGLE_ELIGIBLE_FILING,1,0,0,False,CONSOLIDATED,202601_2885_AI1.pdf,2026-05-22T16:34:14+08:00
2885,2026-06-30,2026,2,EXACT_MATCH,SELECTED,MOPS_SINGLE_ELIGIBLE_FILING,1,0,0,False,CONSOLIDATED,202602_2885_AI1.pdf,2026-08-24T17:16:18+08:00
2886,2016-03-31,2016,1,EXACT_MATCH,SELECTED,MOPS_SINGLE_ELIGIBLE_FILING,1,0,0,False,CONSOLIDATED,201601_2886_AI1.pdf,2016-05-24T16:17:46+08:00
2886,2016-06-30,2016,2,EXACT_MATCH,SELECTED,MOPS_SINGLE_ELIGIBLE_FILING,1,0,0,False,CONSOLIDATED,201602_2886_AI1.pdf,2016-08-30T08:33:22+08:00
2886,2016-09-30,2016,3,EXACT_MATCH,SELECTED,MOPS_SINGLE_ELIGIBLE_FILING,1,0,0,False,CONSOLIDATED,201603_2886_AI1.pdf,2016-11-28T14:41:24+08:00
2886,2016-12-31,2016,4,EXACT_MATCH,SELECTED,MOPS_SINGLE_ELIGIBLE_FILING,1,0,0,False,CONSOLIDATED,201604_2886_AI1.pdf,2017-03-31T13:34:31+08:00
2886,2017-03-31,2017,1,EXACT_MATCH,SELECTED,MOPS_SINGLE_ELIGIBLE_FILING,1,0,0,False,CONSOLIDATED,201701_2886_AI1.pdf,2017-05-23T17:36:03+08:00
2886,2017-06-30,2017,2,EXACT_MATCH,SELECTED,MOPS_SINGLE_ELIGIBLE_FILING,1,0,0,False,CONSOLIDATED,201702_2886_AI1.pdf,2017-08-29T17:15:38+08:00
2886,2017-09-30,2017,3,EXACT_MATCH,SELECTED,MOPS_SINGLE_ELIGIBLE_FILING,1,0,0,False,CONSOLIDATED,201703_2886_AI1.pdf,2017-11-29T13:42:15+08:00
2886,2017-12-31,2017,4,EXACT_MATCH,SELECTED,MOPS_SINGLE_ELIGIBLE_FILING,1,0,0,False,CONSOLIDATED,201704_2886_AI1.pdf,2018-03-30T13:58:23+08:00
2886,2018-03-31,2018,1,EXACT_MATCH,SELECTED,MOPS_SINGLE_ELIGIBLE_FILING,1,0,0,False,CONSOLIDATED,201801_2886_AI1.pdf,2018-05-28T08:43:20+08:00
2886,2018-06-30,2018,2,EXACT_MATCH,SELECTED,MOPS_SINGLE_ELIGIBLE_FILING,1,0,0,False,CONSOLIDATED,201802_2886_AI1.pdf,2018-08-30T13:45:18+08:00
2886,2018-09-30,2018,3,EXACT_MATCH,SELECTED,MOPS_SINGLE_ELIGIBLE_FILING,1,0,0,False,CONSOLIDATED,201803_2886_AI1.pdf,2018-11-28T16:03:56+08:00
2886,2018-12-31,2018,4,EXACT_MATCH,SELECTED,MOPS_SINGLE_ELIGIBLE_FILING,1,0,0,False,CONSOLIDATED,201804_2886_AI1.pdf,2019-03-28T16:47:10+08:00
2886,2019-03-31,2019,1,EXACT_MATCH,SELECTED,MOPS_SINGLE_ELIGIBLE_FILING,1,0,0,False,CONSOLIDATED,201901_2886_AI1.pdf,2019-05-29T14:28:49+08:00
2886,2019-06-30,2019,2,EXACT_MATCH,SELECTED,MOPS_SINGLE_ELIGIBLE_FILING,1,0,0,False,CONSOLIDATED,201902_2886_AI1.pdf,2019-08-30T08:50:51+08:00
2886,2019-09-30,2019,3,EXACT_MATCH,SELECTED,MOPS_SINGLE_ELIGIBLE_FILING,1,0,0,False,CONSOLIDATED,201903_2886_AI1.pdf,2019-11-28T13:20:15+08:00
2886,2019-12-31,2019,4,EXACT_MATCH,SELECTED,MOPS_SINGLE_ELIGIBLE_FILING,1,0,0,False,CONSOLIDATED,201904_2886_AI1.pdf,2020-03-31T08:33:05+08:00
2886,2020-03-31,2020,1,EXACT_MATCH,SELECTED,MOPS_SINGLE_ELIGIBLE_FILING,1,0,0,False,CONSOLIDATED,202001_2886_AI1.pdf,2020-05-29T08:55:48+08:00
2886,2020-06-30,2020,2,EXACT_MATCH,SELECTED,MOPS_SINGLE_ELIGIBLE_FILING,1,0,0,False,CONSOLIDATED,202002_2886_AI1.pdf,2020-08-28T16:57:13+08:00
2886,2020-09-30,2020,3,EXACT_MATCH,SELECTED,MOPS_SINGLE_ELIGIBLE_FILING,1,0,0,False,CONSOLIDATED,202003_2886_AI1.pdf,2020-11-25T16:58:38+08:00
2886,2020-12-31,2020,4,EXACT_MATCH,SELECTED,MOPS_SINGLE_ELIGIBLE_FILING,1,0,0,False,CONSOLIDATED,202004_2886_AI1.pdf,2021-03-30T13:46:44+08:00
2886,2021-03-31,2021,1,EXACT_MATCH,SELECTED,MOPS_SINGLE_ELIGIBLE_FILING,1,0,0,False,CONSOLIDATED,202101_2886_AI1.pdf,2021-05-27T13:47:30+08:00
2886,2021-06-30,2021,2,EXACT_MATCH,SELECTED,MOPS_SINGLE_ELIGIBLE_FILING,1,0,0,False,CONSOLIDATED,202102_2886_AI1.pdf,2021-08-27T14:37:45+08:00
2886,2021-09-30,2021,3,EXACT_MATCH,SELECTED,MOPS_SINGLE_ELIGIBLE_FILING,1,0,0,False,CONSOLIDATED,202103_2886_AI1.pdf,2021-11-26T13:49:35+08:00
2886,2021-12-31,2021,4,EXACT_MATCH,SELECTED,MOPS_SINGLE_ELIGIBLE_FILING,1,0,0,False,CONSOLIDATED,202104_2886_AI1.pdf,2022-03-15T19:24:41+08:00
2886,2022-03-31,2022,1,EXACT_MATCH,SELECTED,MOPS_SINGLE_ELIGIBLE_FILING,1,0,0,False,CONSOLIDATED,202201_2886_AI1.pdf,2022-05-26T15:55:31+08:00
2886,2022-06-30,2022,2,EXACT_MATCH,SELECTED,MOPS_SINGLE_ELIGIBLE_FILING,1,0,0,False,CONSOLIDATED,202202_2886_AI1.pdf,2022-08-29T15:09:56+08:00
2886,2022-09-30,2022,3,EXACT_MATCH,SELECTED,MOPS_SINGLE_ELIGIBLE_FILING,1,0,0,False,CONSOLIDATED,202203_2886_AI1.pdf,2022-11-23T16:28:51+08:00
2886,2022-12-31,2022,4,EXACT_MATCH,SELECTED,MOPS_SINGLE_ELIGIBLE_FILING,1,0,0,False,CONSOLIDATED,202204_2886_AI1.pdf,2023-03-15T13:40:27+08:00
2886,2023-03-31,2023,1,EXACT_MATCH,SELECTED,MOPS_SINGLE_ELIGIBLE_FILING,1,0,0,False,CONSOLIDATED,202301_2886_AI1.pdf,2023-05-24T14:16:54+08:00
2886,2023-06-30,2023,2,EXACT_MATCH,SELECTED,MOPS_SINGLE_ELIGIBLE_FILING,1,0,0,False,CONSOLIDATED,202302_2886_AI1.pdf,2023-08-30T13:43:33+08:00
2886,2023-09-30,2023,3,EXACT_MATCH,SELECTED,MOPS_SINGLE_ELIGIBLE_FILING,1,0,0,False,CONSOLIDATED,202303_2886_AI1.pdf,2023-11-28T17:45:37+08:00
2886,2023-12-31,2023,4,EXACT_MATCH,SELECTED,MOPS_SINGLE_ELIGIBLE_FILING,1,0,0,False,CONSOLIDATED,202304_2886_AI1.pdf,2024-03-13T17:23:59+08:00
2886,2024-03-31,2024,1,EXACT_MATCH,SELECTED,MOPS_SINGLE_ELIGIBLE_FILING,1,0,0,False,CONSOLIDATED,202401_2886_AI1.pdf,2024-05-28T17:38:54+08:00
2886,2024-06-30,2024,2,EXACT_MATCH,SELECTED,MOPS_SINGLE_ELIGIBLE_FILING,1,0,0,False,CONSOLIDATED,202402_2886_AI1.pdf,2024-08-28T13:47:14+08:00
2886,2024-09-30,2024,3,EXACT_MATCH,SELECTED,MOPS_SINGLE_ELIGIBLE_FILING,1,0,0,False,CONSOLIDATED,202403_2886_AI1.pdf,2024-11-26T17:59:54+08:00
2886,2024-12-31,2024,4,EXACT_MATCH,SELECTED,MOPS_SINGLE_ELIGIBLE_FILING,1,0,0,False,CONSOLIDATED,202404_2886_AI1.pdf,2025-02-26T17:50:32+08:00
2886,2025-03-31,2025,1,EXACT_MATCH,SELECTED,MOPS_SINGLE_ELIGIBLE_FILING,1,0,0,False,CONSOLIDATED,202501_2886_AI1.pdf,2025-05-21T15:11:56+08:00
2886,2025-06-30,2025,2,EXACT_MATCH,SELECTED,MOPS_SINGLE_ELIGIBLE_FILING,1,0,0,False,CONSOLIDATED,202502_2886_AI1.pdf,2025-08-27T15:15:03+08:00
2886,2025-09-30,2025,3,EXACT_MATCH,SELECTED,MOPS_SINGLE_ELIGIBLE_FILING,1,0,0,False,CONSOLIDATED,202503_2886_AI1.pdf,2025-11-20T15:23:02+08:00
2886,2025-12-31,2025,4,EXACT_MATCH,SELECTED,MOPS_SINGLE_ELIGIBLE_FILING,1,0,0,False,CONSOLIDATED,202504_2886_AI1.pdf,2026-03-16T13:40:07+08:00
2886,2026-03-31,2026,1,EXACT_MATCH,SELECTED,MOPS_SINGLE_ELIGIBLE_FILING,1,0,0,False,CONSOLIDATED,202601_2886_AI1.pdf,2026-05-20T15:23:02+08:00
2886,2026-06-30,2026,2,EXACT_MATCH,SELECTED,MOPS_SINGLE_ELIGIBLE_FILING,1,0,0,False,CONSOLIDATED,202602_2886_AI1.pdf,2026-08-27T15:13:29+08:00
2887,2016-03-31,2016,1,EXACT_MATCH,SELECTED,MOPS_SINGLE_ELIGIBLE_FILING,1,0,0,False,CONSOLIDATED,201601_2887_AI1.pdf,2016-05-27T12:09:36+08:00
2887,2016-06-30,2016,2,EXACT_MATCH,SELECTED,MOPS_SINGLE_ELIGIBLE_FILING,1,0,0,False,CONSOLIDATED,201602_2887_AI1.pdf,2016-08-30T15:03:46+08:00
2887,2016-09-30,2016,3,EXACT_MATCH,SELECTED,MOPS_SINGLE_ELIGIBLE_FILING,1,0,0,False,CONSOLIDATED,201603_2887_AI1.pdf,2016-11-28T10:46:48+08:00
2887,2016-12-31,2016,4,EXACT_MATCH,SELECTED,MOPS_SINGLE_ELIGIBLE_FILING,1,0,0,False,CONSOLIDATED,201604_2887_AI1.pdf,2017-02-24T14:53:17+08:00
2887,2017-03-31,2017,1,EXACT_MATCH,SELECTED,MOPS_SINGLE_ELIGIBLE_FILING,1,0,0,False,CONSOLIDATED,201701_2887_AI1.pdf,2017-05-26T09:13:30+08:00
2887,2017-06-30,2017,2,EXACT_MATCH,SELECTED,MOPS_SINGLE_ELIGIBLE_FILING,1,0,0,False,CONSOLIDATED,201702_2887_AI1.pdf,2017-08-31T14:46:27+08:00
2887,2017-09-30,2017,3,EXACT_MATCH,SELECTED,MOPS_SINGLE_ELIGIBLE_FILING,1,0,0,False,CONSOLIDATED,201703_2887_AI1.pdf,2017-11-28T14:10:28+08:00
2887,2017-12-31,2017,4,EXACT_MATCH,SELECTED,MOPS_SINGLE_ELIGIBLE_FILING,1,0,0,False,CONSOLIDATED,201704_2887_AI1.pdf,2018-02-27T14:39:47+08:00
2887,2018-03-31,2018,1,EXACT_MATCH,SELECTED,MOPS_SINGLE_ELIGIBLE_FILING,1,0,0,False,CONSOLIDATED,201801_2887_AI1.pdf,2018-05-30T09:21:02+08:00
2887,2018-06-30,2018,2,EXACT_MATCH,SELECTED,MOPS_SINGLE_ELIGIBLE_FILING,1,0,0,False,CONSOLIDATED,201802_2887_AI1.pdf,2018-08-31T11:13:44+08:00
2887,2018-09-30,2018,3,EXACT_MATCH,SELECTED,MOPS_SINGLE_ELIGIBLE_FILING,1,0,0,False,CONSOLIDATED,201803_2887_AI1.pdf,2018-11-29T10:34:07+08:00
2887,2018-12-31,2018,4,EXACT_MATCH,SELECTED,MOPS_SINGLE_ELIGIBLE_FILING,1,0,0,False,CONSOLIDATED,201804_2887_AI1.pdf,2019-02-27T13:56:22+08:00
2887,2019-03-31,2019,1,EXACT_MATCH,SELECTED,MOPS_SINGLE_ELIGIBLE_FILING,1,0,0,False,CONSOLIDATED,201901_2887_AI1.pdf,2019-05-30T09:57:53+08:00
2887,2019-06-30,2019,2,EXACT_MATCH,SELECTED,MOPS_SINGLE_ELIGIBLE_FILING,1,0,0,False,CONSOLIDATED,201902_2887_AI1.pdf,2019-08-30T10:27:06+08:00
2887,2019-09-30,2019,3,EXACT_MATCH,SELECTED,MOPS_SINGLE_ELIGIBLE_FILING,1,0,0,False,CONSOLIDATED,201903_2887_AI1.pdf,2019-11-29T09:58:14+08:00
2887,2019-12-31,2019,4,EXACT_MATCH,SELECTED,MOPS_SINGLE_ELIGIBLE_FILING,1,0,0,False,CONSOLIDATED,201904_2887_AI1.pdf,2020-02-27T15:47:42+08:00
2887,2020-03-31,2020,1,EXACT_MATCH,SELECTED,MOPS_SINGLE_ELIGIBLE_FILING,1,0,0,False,CONSOLIDATED,202001_2887_AI1.pdf,2020-05-22T11:12:52+08:00
2887,2020-06-30,2020,2,EXACT_MATCH,SELECTED,MOPS_SINGLE_ELIGIBLE_FILING,1,0,0,False,CONSOLIDATED,202002_2887_AI1.pdf,2020-08-21T15:10:23+08:00
2887,2020-09-30,2020,3,EXACT_MATCH,SELECTED,MOPS_SINGLE_ELIGIBLE_FILING,1,0,0,False,CONSOLIDATED,202003_2887_AI1.pdf,2020-11-20T12:09:05+08:00
2887,2020-12-31,2020,4,EXACT_MATCH,SELECTED,MOPS_SINGLE_ELIGIBLE_FILING,1,0,0,False,CONSOLIDATED,202004_2887_AI1.pdf,2021-02-26T14:41:52+08:00
2887,2021-03-31,2021,1,EXACT_MATCH,SELECTED,MOPS_SINGLE_ELIGIBLE_FILING,1,0,0,False,CONSOLIDATED,202101_2887_AI1.pdf,2021-05-21T13:53:14+08:00
2887,2021-06-30,2021,2,EXACT_MATCH,SELECTED,MOPS_SINGLE_ELIGIBLE_FILING,1,0,0,False,CONSOLIDATED,202102_2887_AI1.pdf,2021-08-20T12:01:03+08:00
2887,2021-09-30,2021,3,EXACT_MATCH,SELECTED,MOPS_SINGLE_ELIGIBLE_FILING,1,0,0,False,CONSOLIDATED,202103_2887_AI1.pdf,2021-11-19T14:09:18+08:00
2887,2021-12-31,2021,4,EXACT_MATCH,SELECTED,MOPS_SINGLE_ELIGIBLE_FILING,1,0,0,False,CONSOLIDATED,202104_2887_AI1.pdf,2022-02-25T13:49:36+08:00
2887,2022-03-31,2022,1,EXACT_MATCH,SELECTED,MOPS_SINGLE_ELIGIBLE_FILING,1,0,0,False,CONSOLIDATED,202201_2887_AI1.pdf,2022-05-20T14:13:15+08:00
2887,2022-06-30,2022,2,EXACT_MATCH,SELECTED,MOPS_SINGLE_ELIGIBLE_FILING,1,0,0,False,CONSOLIDATED,202202_2887_AI1.pdf,2022-08-19T12:17:43+08:00
2887,2022-09-30,2022,3,EXACT_MATCH,SELECTED,MOPS_SINGLE_ELIGIBLE_FILING,1,0,0,False,CONSOLIDATED,202203_2887_AI1.pdf,2022-11-18T11:24:18+08:00
2887,2022-12-31,2022,4,EXACT_MATCH,SELECTED,MOPS_SINGLE_ELIGIBLE_FILING,1,0,0,False,CONSOLIDATED,202204_2887_AI1.pdf,2023-02-24T12:46:11+08:00
2887,2023-03-31,2023,1,EXACT_MATCH,SELECTED,MOPS_SINGLE_ELIGIBLE_FILING,1,0,0,False,CONSOLIDATED,202301_2887_AI1.pdf,2023-05-19T11:37:58+08:00
2887,2023-06-30,2023,2,EXACT_MATCH,SELECTED,MOPS_SINGLE_ELIGIBLE_FILING,1,0,0,False,CONSOLIDATED,202302_2887_AI1.pdf,2023-08-25T13:46:31+08:00
2887,2023-09-30,2023,3,EXACT_MATCH,SELECTED,MOPS_SINGLE_ELIGIBLE_FILING,1,0,0,False,CONSOLIDATED,202303_2887_AI1.pdf,2023-11-24T09:50:21+08:00
2887,2023-12-31,2023,4,EXACT_MATCH,SELECTED,MOPS_SINGLE_ELIGIBLE_FILING,1,0,0,False,CONSOLIDATED,202304_2887_AI1.pdf,2024-02-23T12:21:40+08:00
2887,2024-03-31,2024,1,EXACT_MATCH,SELECTED,MOPS_SINGLE_ELIGIBLE_FILING,1,0,0,False,CONSOLIDATED,202401_2887_AI1.pdf,2024-05-24T13:41:18+08:00
2887,2024-06-30,2024,2,EXACT_MATCH,SELECTED,MOPS_SINGLE_ELIGIBLE_FILING,1,0,0,False,CONSOLIDATED,202402_2887_AI1.pdf,2024-08-30T13:38:21+08:00
2887,2024-09-30,2024,3,EXACT_MATCH,SELECTED,MOPS_SINGLE_ELIGIBLE_FILING,1,0,0,False,CONSOLIDATED,202403_2887_AI1.pdf,2024-11-29T10:44:12+08:00
2887,2024-12-31,2024,4,EXACT_MATCH,SELECTED,MOPS_SINGLE_ELIGIBLE_FILING,1,0,0,False,CONSOLIDATED,202404_2887_AI1.pdf,2025-02-21T13:36:04+08:00
2887,2025-03-31,2025,1,EXACT_MATCH,SELECTED,MOPS_SINGLE_ELIGIBLE_FILING,1,0,0,False,CONSOLIDATED,202501_2887_AI1.pdf,2025-05-15T14:39:13+08:00
2887,2025-06-30,2025,2,EXACT_MATCH,SELECTED,MOPS_SINGLE_ELIGIBLE_FILING,1,0,0,False,CONSOLIDATED,202502_2887_AI1.pdf,2025-08-29T09:59:51+08:00
2887,2025-09-30,2025,3,EXACT_MATCH,SELECTED,MOPS_SINGLE_ELIGIBLE_FILING,1,0,0,False,CONSOLIDATED,202503_2887_AI1.pdf,2025-11-28T13:38:28+08:00
2887,2025-12-31,2025,4,EXACT_MATCH,SELECTED,MOPS_SINGLE_ELIGIBLE_FILING,1,0,0,False,CONSOLIDATED,202504_2887_AI1.pdf,2026-03-13T17:25:04+08:00
2887,2026-03-31,2026,1,EXACT_MATCH,SELECTED,MOPS_SINGLE_ELIGIBLE_FILING,1,0,0,False,CONSOLIDATED,202601_2887_AI1.pdf,2026-06-01T14:31:43+08:00
2887,2026-06-30,2026,2,EXACT_MATCH,SELECTED,MOPS_SINGLE_ELIGIBLE_FILING,1,0,0,False,CONSOLIDATED,202602_2887_AI1.pdf,2026-08-31T13:48:11+08:00
2890,2016-03-31,2016,1,EXACT_MATCH,SELECTED,MOPS_SINGLE_ELIGIBLE_FILING,1,0,0,False,CONSOLIDATED,201601_2890_AI1.pdf,2016-05-26T10:08:46+08:00
2890,2016-06-30,2016,2,EXACT_MATCH,SELECTED,MOPS_SINGLE_ELIGIBLE_FILING,1,0,0,False,CONSOLIDATED,201602_2890_AI1.pdf,2016-08-30T09:39:39+08:00
2890,2016-09-30,2016,3,EXACT_MATCH,SELECTED,MOPS_SINGLE_ELIGIBLE_FILING,1,0,0,False,CONSOLIDATED,201603_2890_AI1.pdf,2016-11-29T09:31:18+08:00
2890,2016-12-31,2016,4,EXACT_MATCH,SELECTED,MOPS_SINGLE_ELIGIBLE_FILING,1,0,0,False,CONSOLIDATED,201604_2890_AI1.pdf,2017-03-31T09:56:35+08:00
2890,2017-03-31,2017,1,EXACT_MATCH,SELECTED,MOPS_SINGLE_ELIGIBLE_FILING,1,0,0,False,CONSOLIDATED,201701_2890_AI1.pdf,2017-05-26T17:40:36+08:00
2890,2017-06-30,2017,2,EXACT_MATCH,SELECTED,MOPS_SINGLE_ELIGIBLE_FILING,1,0,0,False,CONSOLIDATED,201702_2890_AI1.pdf,2017-08-31T09:18:15+08:00
2890,2017-09-30,2017,3,EXACT_MATCH,SELECTED,MOPS_SINGLE_ELIGIBLE_FILING,1,0,0,False,CONSOLIDATED,201703_2890_AI1.pdf,2017-11-29T09:46:46+08:00
2890,2017-12-31,2017,4,EXACT_MATCH,SELECTED,MOPS_SINGLE_ELIGIBLE_FILING,1,0,0,False,CONSOLIDATED,201704_2890_AI1.pdf,2018-03-30T10:10:36+08:00
2890,2018-03-31,2018,1,EXACT_MATCH,SELECTED,MOPS_SINGLE_ELIGIBLE_FILING,1,0,0,False,CONSOLIDATED,201801_2890_AI1.pdf,2018-05-30T09:45:19+08:00
2890,2018-06-30,2018,2,EXACT_MATCH,SELECTED,MOPS_SINGLE_ELIGIBLE_FILING,1,0,0,False,CONSOLIDATED,201802_2890_AI1.pdf,2018-08-30T12:31:02+08:00
2890,2018-09-30,2018,3,EXACT_MATCH,SELECTED,MOPS_SINGLE_ELIGIBLE_FILING,1,0,0,False,CONSOLIDATED,201803_2890_AI1.pdf,2018-11-28T10:05:33+08:00
2890,2018-12-31,2018,4,EXACT_MATCH,SELECTED,MOPS_SINGLE_ELIGIBLE_FILING,1,0,0,False,CONSOLIDATED,201804_2890_AI1.pdf,2019-03-29T10:10:28+08:00
2890,2019-03-31,2019,1,EXACT_MATCH,SELECTED,MOPS_SINGLE_ELIGIBLE_FILING,1,0,0,False,CONSOLIDATED,201901_2890_AI1.pdf,2019-05-30T09:52:00+08:00
2890,2019-06-30,2019,2,EXACT_MATCH,SELECTED,MOPS_SINGLE_ELIGIBLE_FILING,1,0,0,False,CONSOLIDATED,201902_2890_AI1.pdf,2019-08-29T10:36:03+08:00
2890,2019-09-30,2019,3,EXACT_MATCH,SELECTED,MOPS_SINGLE_ELIGIBLE_FILING,1,0,0,False,CONSOLIDATED,201903_2890_AI1.pdf,2019-11-28T09:36:55+08:00
2890,2019-12-31,2019,4,EXACT_MATCH,SELECTED,MOPS_SINGLE_ELIGIBLE_FILING,1,0,0,False,CONSOLIDATED,201904_2890_AI1.pdf,2020-03-20T17:09:32+08:00
2890,2020-03-31,2020,1,EXACT_MATCH,SELECTED,MOPS_SINGLE_ELIGIBLE_FILING,1,0,0,False,CONSOLIDATED,202001_2890_AI1.pdf,2020-05-22T17:12:13+08:00
2890,2020-06-30,2020,2,EXACT_MATCH,SELECTED,MOPS_SINGLE_ELIGIBLE_FILING,1,0,0,False,CONSOLIDATED,202002_2890_AI1.pdf,2020-08-21T15:32:35+08:00
2890,2020-09-30,2020,3,EXACT_MATCH,SELECTED,MOPS_SINGLE_ELIGIBLE_FILING,1,0,0,False,CONSOLIDATED,202003_2890_AI1.pdf,2020-11-20T15:09:48+08:00
2890,2020-12-31,2020,4,EXACT_MATCH,SELECTED,MOPS_SINGLE_ELIGIBLE_FILING,1,0,0,False,CONSOLIDATED,202004_2890_AI1.pdf,2021-03-19T16:49:03+08:00
2890,2021-03-31,2021,1,EXACT_MATCH,SELECTED,MOPS_SINGLE_ELIGIBLE_FILING,1,0,0,False,CONSOLIDATED,202101_2890_AI1.pdf,2021-05-21T15:32:15+08:00
2890,2021-06-30,2021,2,EXACT_MATCH,SELECTED,MOPS_SINGLE_ELIGIBLE_FILING,1,0,0,False,CONSOLIDATED,202102_2890_AI1.pdf,2021-08-20T16:04:14+08:00
2890,2021-09-30,2021,3,EXACT_MATCH,SELECTED,MOPS_SINGLE_ELIGIBLE_FILING,1,0,0,False,CONSOLIDATED,202103_2890_AI1.pdf,2021-11-19T16:37:19+08:00
2890,2021-12-31,2021,4,EXACT_MATCH,SELECTED,MOPS_SINGLE_ELIGIBLE_FILING,1,0,0,False,CONSOLIDATED,202104_2890_AI1.pdf,2022-03-15T15:04:07+08:00
2890,2022-03-31,2022,1,EXACT_MATCH,SELECTED,MOPS_SINGLE_ELIGIBLE_FILING,1,0,0,False,CONSOLIDATED,202201_2890_AI1.pdf,2022-05-20T16:09:44+08:00
2890,2022-06-30,2022,2,EXACT_MATCH,SELECTED,MOPS_SINGLE_ELIGIBLE_FILING,1,0,0,False,CONSOLIDATED,202202_2890_AI1.pdf,2022-08-19T16:52:36+08:00
2890,2022-09-30,2022,3,EXACT_MATCH,SELECTED,MOPS_SINGLE_ELIGIBLE_FILING,1,0,0,False,CONSOLIDATED,202203_2890_AI1.pdf,2022-11-18T16:54:00+08:00
2890,2022-12-31,2022,4,EXACT_MATCH,SELECTED,MOPS_SINGLE_ELIGIBLE_FILING,1,0,0,False,CONSOLIDATED,202204_2890_AI1.pdf,2023-03-10T14:34:50+08:00
2890,2023-03-31,2023,1,EXACT_MATCH,SELECTED,MOPS_SINGLE_ELIGIBLE_FILING,1,0,0,False,CONSOLIDATED,202301_2890_AI1.pdf,2023-05-19T16:51:45+08:00
2890,2023-06-30,2023,2,EXACT_MATCH,SELECTED,MOPS_SINGLE_ELIGIBLE_FILING,1,0,0,False,CONSOLIDATED,202302_2890_AI1.pdf,2023-08-25T14:04:27+08:00
2890,2023-09-30,2023,3,EXACT_MATCH,SELECTED,MOPS_SINGLE_ELIGIBLE_FILING,1,0,0,False,CONSOLIDATED,202303_2890_AI1.pdf,2023-11-24T15:10:36+08:00
2890,2023-12-31,2023,4,EXACT_MATCH,SELECTED,MOPS_SINGLE_ELIGIBLE_FILING,1,0,0,False,CONSOLIDATED,202304_2890_AI1.pdf,2024-03-08T13:40:10+08:00
2890,2024-03-31,2024,1,EXACT_MATCH,SELECTED,MOPS_SINGLE_ELIGIBLE_FILING,1,0,0,False,CONSOLIDATED,202401_2890_AI1.pdf,2024-05-24T15:32:57+08:00
2890,2024-06-30,2024,2,EXACT_MATCH,SELECTED,MOPS_SINGLE_ELIGIBLE_FILING,1,0,0,False,CONSOLIDATED,202402_2890_AI1.pdf,2024-08-23T16:08:51+08:00
2890,2024-09-30,2024,3,EXACT_MATCH,SELECTED,MOPS_SINGLE_ELIGIBLE_FILING,1,0,0,False,CONSOLIDATED,202403_2890_AI1.pdf,2024-11-22T14:22:24+08:00
2890,2024-12-31,2024,4,EXACT_MATCH,SELECTED,MOPS_SINGLE_ELIGIBLE_FILING,1,0,0,False,CONSOLIDATED,202404_2890_AI1.pdf,2025-03-07T15:00:02+08:00
2890,2025-03-31,2025,1,EXACT_MATCH,SELECTED,MOPS_SINGLE_ELIGIBLE_FILING,1,0,0,False,CONSOLIDATED,202501_2890_AI1.pdf,2025-05-23T15:51:29+08:00
2890,2025-06-30,2025,2,EXACT_MATCH,SELECTED,MOPS_SINGLE_ELIGIBLE_FILING,1,0,0,False,CONSOLIDATED,202502_2890_AI1.pdf,2025-08-22T14:28:16+08:00
2890,2025-09-30,2025,3,EXACT_MATCH,SELECTED,MOPS_SINGLE_ELIGIBLE_FILING,1,0,0,False,CONSOLIDATED,202503_2890_AI1.pdf,2025-11-21T14:16:05+08:00
2890,2025-12-31,2025,4,EXACT_MATCH,SELECTED,MOPS_SINGLE_ELIGIBLE_FILING,1,0,0,False,CONSOLIDATED,202504_2890_AI1.pdf,2026-03-13T13:32:16+08:00
2890,2026-03-31,2026,1,EXACT_MATCH,SELECTED,MOPS_SINGLE_ELIGIBLE_FILING,1,0,0,False,CONSOLIDATED,202601_2890_AI1.pdf,2026-05-27T13:36:06+08:00
2890,2026-06-30,2026,2,EXACT_MATCH,SELECTED,MOPS_SINGLE_ELIGIBLE_FILING,1,0,0,False,CONSOLIDATED,202602_2890_AI1.pdf,2026-08-25T09:19:02+08:00
2891,2016-03-31,2016,1,EXACT_MATCH,SELECTED,MOPS_SINGLE_ELIGIBLE_FILING,1,0,0,False,CONSOLIDATED,201601_2891_AI1.pdf,2016-05-27T16:38:30+08:00
2891,2016-06-30,2016,2,EXACT_MATCH,SELECTED,MOPS_SINGLE_ELIGIBLE_FILING,1,0,0,False,CONSOLIDATED,201602_2891_AI1.pdf,2016-08-29T16:15:22+08:00
2891,2016-09-30,2016,3,EXACT_MATCH,SELECTED,MOPS_SINGLE_ELIGIBLE_FILING,1,0,0,False,CONSOLIDATED,201603_2891_AI1.pdf,2016-11-29T15:48:07+08:00
2891,2016-12-31,2016,4,EXACT_MATCH,SELECTED,MOPS_SINGLE_ELIGIBLE_FILING,1,0,0,False,CONSOLIDATED,201604_2891_AI1.pdf,2017-03-30T15:49:10+08:00
2891,2017-03-31,2017,1,EXACT_MATCH,SELECTED,MOPS_SINGLE_ELIGIBLE_FILING,1,0,0,False,CONSOLIDATED,201701_2891_AI1.pdf,2017-05-26T15:01:08+08:00
2891,2017-06-30,2017,2,EXACT_MATCH,SELECTED,MOPS_SINGLE_ELIGIBLE_FILING,1,0,0,False,CONSOLIDATED,201702_2891_AI1.pdf,2017-08-30T17:32:48+08:00
2891,2017-09-30,2017,3,EXACT_MATCH,SELECTED,MOPS_SINGLE_ELIGIBLE_FILING,1,0,0,False,CONSOLIDATED,201703_2891_AI1.pdf,2017-11-29T14:59:38+08:00
2891,2017-12-31,2017,4,EXACT_MATCH,SELECTED,MOPS_SINGLE_ELIGIBLE_FILING,1,0,0,False,CONSOLIDATED,201704_2891_AI1.pdf,2018-03-23T17:12:31+08:00
2891,2018-03-31,2018,1,EXACT_MATCH,SELECTED,MOPS_SINGLE_ELIGIBLE_FILING,1,0,0,False,CONSOLIDATED,201801_2891_AI1.pdf,2018-05-29T15:41:47+08:00
2891,2018-06-30,2018,2,EXACT_MATCH,SELECTED,MOPS_SINGLE_ELIGIBLE_FILING,1,0,0,False,CONSOLIDATED,201802_2891_AI1.pdf,2018-08-30T17:41:31+08:00
2891,2018-09-30,2018,3,EXACT_MATCH,SELECTED,MOPS_SINGLE_ELIGIBLE_FILING,1,0,0,False,CONSOLIDATED,201803_2891_AI1.pdf,2018-11-27T15:49:51+08:00
2891,2018-12-31,2018,4,EXACT_MATCH,SELECTED,MOPS_SINGLE_ELIGIBLE_FILING,1,0,0,False,CONSOLIDATED,201804_2891_AI1.pdf,2019-03-25T17:23:18+08:00
2891,2019-03-31,2019,1,EXACT_MATCH,SELECTED,MOPS_SINGLE_ELIGIBLE_FILING,1,0,0,False,CONSOLIDATED,201901_2891_AI1.pdf,2019-05-28T15:22:34+08:00
2891,2019-06-30,2019,2,EXACT_MATCH,SELECTED,MOPS_SINGLE_ELIGIBLE_FILING,1,0,0,False,CONSOLIDATED,201902_2891_AI1.pdf,2019-08-28T17:18:45+08:00
2891,2019-09-30,2019,3,EXACT_MATCH,SELECTED,MOPS_SINGLE_ELIGIBLE_FILING,1,0,0,False,CONSOLIDATED,201903_2891_AI1.pdf,2019-11-28T15:15:13+08:00
2891,2019-12-31,2019,4,EXACT_MATCH,SELECTED,MOPS_SINGLE_ELIGIBLE_FILING,1,0,0,False,CONSOLIDATED,201904_2891_AI1.pdf,2020-03-30T18:14:23+08:00
2891,2020-03-31,2020,1,EXACT_MATCH,SELECTED,MOPS_SINGLE_ELIGIBLE_FILING,1,0,0,False,CONSOLIDATED,202001_2891_AI1.pdf,2020-05-22T14:53:03+08:00
2891,2020-06-30,2020,2,EXACT_MATCH,SELECTED,MOPS_SINGLE_ELIGIBLE_FILING,1,0,0,False,CONSOLIDATED,202002_2891_AI1.pdf,2020-08-21T15:01:27+08:00
2891,2020-09-30,2020,3,EXACT_MATCH,SELECTED,MOPS_SINGLE_ELIGIBLE_FILING,1,0,0,False,CONSOLIDATED,202003_2891_AI1.pdf,2020-11-20T14:50:51+08:00
2891,2020-12-31,2020,4,EXACT_MATCH,SELECTED,MOPS_SINGLE_ELIGIBLE_FILING,1,0,0,False,CONSOLIDATED,202004_2891_AI1.pdf,2021-03-19T17:17:12+08:00
2891,2021-03-31,2021,1,EXACT_MATCH,SELECTED,MOPS_SINGLE_ELIGIBLE_FILING,1,0,0,False,CONSOLIDATED,202101_2891_AI1.pdf,2021-05-21T17:37:28+08:00
2891,2021-06-30,2021,2,EXACT_MATCH,SELECTED,MOPS_SINGLE_ELIGIBLE_FILING,1,0,0,False,CONSOLIDATED,202102_2891_AI1.pdf,2021-08-20T17:38:33+08:00
2891,2021-09-30,2021,3,EXACT_MATCH,SELECTED,MOPS_SINGLE_ELIGIBLE_FILING,1,0,0,False,CONSOLIDATED,202103_2891_AI1.pdf,2021-11-19T18:50:18+08:00
2891,2021-12-31,2021,4,EXACT_MATCH,SELECTED,MOPS_SINGLE_ELIGIBLE_FILING,1,0,0,False,CONSOLIDATED,202104_2891_AI1.pdf,2022-03-15T18:33:52+08:00
2891,2022-03-31,2022,1,EXACT_MATCH,SELECTED,MOPS_SINGLE_ELIGIBLE_FILING,1,0,0,False,CONSOLIDATED,202201_2891_AI1.pdf,2022-05-24T16:22:40+08:00
2891,2022-06-30,2022,2,EXACT_MATCH,SELECTED,MOPS_SINGLE_ELIGIBLE_FILING,1,0,0,False,CONSOLIDATED,202202_2891_AI1.pdf,2022-08-19T18:22:35+08:00
2891,2022-09-30,2022,3,EXACT_MATCH,SELECTED,MOPS_SINGLE_ELIGIBLE_FILING,1,0,0,False,CONSOLIDATED,202203_2891_AI1.pdf,2022-11-25T15:49:18+08:00
2891,2022-12-31,2022,4,EXACT_MATCH,SELECTED,MOPS_SINGLE_ELIGIBLE_FILING,1,0,0,False,CONSOLIDATED,202204_2891_AI1.pdf,2023-03-15T17:49:50+08:00
2891,2023-03-31,2023,1,EXACT_MATCH,SELECTED,MOPS_SINGLE_ELIGIBLE_FILING,1,0,0,False,CONSOLIDATED,202301_2891_AI1.pdf,2023-05-26T16:16:56+08:00
2891,2023-06-30,2023,2,EXACT_MATCH,SELECTED,MOPS_SINGLE_ELIGIBLE_FILING,1,0,0,False,CONSOLIDATED,202302_2891_AI1.pdf,2023-08-25T17:53:51+08:00
2891,2023-09-30,2023,3,EXACT_MATCH,SELECTED,MOPS_SINGLE_ELIGIBLE_FILING,1,0,0,False,CONSOLIDATED,202303_2891_AI1.pdf,2023-11-24T16:17:14+08:00
2891,2023-12-31,2023,4,EXACT_MATCH,SELECTED,MOPS_SINGLE_ELIGIBLE_FILING,1,0,0,False,CONSOLIDATED,202304_2891_AI1.pdf,2024-03-14T17:17:28+08:00
2891,2024-03-31,2024,1,EXACT_MATCH,SELECTED,MOPS_SINGLE_ELIGIBLE_FILING,1,0,0,False,CONSOLIDATED,202401_2891_AI1.pdf,2024-05-24T16:22:16+08:00
2891,2024-06-30,2024,2,EXACT_MATCH,SELECTED,MOPS_SINGLE_ELIGIBLE_FILING,1,0,0,False,CONSOLIDATED,202402_2891_AI1.pdf,2024-08-23T16:58:03+08:00
2891,2024-09-30,2024,3,EXACT_MATCH,SELECTED,MOPS_SINGLE_ELIGIBLE_FILING,1,0,0,False,CONSOLIDATED,202403_2891_AI1.pdf,2024-11-22T14:42:39+08:00
2891,2024-12-31,2024,4,EXACT_MATCH,SELECTED,MOPS_SINGLE_ELIGIBLE_FILING,1,0,0,False,CONSOLIDATED,202404_2891_AI1.pdf,2025-03-14T16:36:34+08:00
2891,2025-03-31,2025,1,EXACT_MATCH,SELECTED,MOPS_SINGLE_ELIGIBLE_FILING,1,0,0,False,CONSOLIDATED,202501_2891_AI1.pdf,2025-05-23T15:17:59+08:00
2891,2025-06-30,2025,2,EXACT_MATCH,SELECTED,MOPS_SINGLE_ELIGIBLE_FILING,1,0,0,False,CONSOLIDATED,202502_2891_AI1.pdf,2025-08-22T17:02:45+08:00
2891,2025-09-30,2025,3,EXACT_MATCH,SELECTED,MOPS_SINGLE_ELIGIBLE_FILING,1,0,0,False,CONSOLIDATED,202503_2891_AI1.pdf,2025-11-21T15:06:36+08:00
2891,2025-12-31,2025,4,EXACT_MATCH,SELECTED,MOPS_SINGLE_ELIGIBLE_FILING,1,0,0,False,CONSOLIDATED,202504_2891_AI1.pdf,2026-03-13T17:20:27+08:00
2891,2026-03-31,2026,1,EXACT_MATCH,SELECTED,MOPS_SINGLE_ELIGIBLE_FILING,1,0,0,False,CONSOLIDATED,202601_2891_AI1.pdf,2026-05-22T16:55:39+08:00
2891,2026-06-30,2026,2,EXACT_MATCH,SELECTED,MOPS_SINGLE_ELIGIBLE_FILING,1,0,0,False,CONSOLIDATED,202602_2891_AI1.pdf,2026-08-21T18:13:01+08:00
2892,2016-03-31,2016,1,EXACT_MATCH,SELECTED,MOPS_SINGLE_ELIGIBLE_FILING,1,0,0,False,CONSOLIDATED,201601_2892_AI1.pdf,2016-05-25T14:58:56+08:00
2892,2016-06-30,2016,2,EXACT_MATCH,SELECTED,MOPS_SINGLE_ELIGIBLE_FILING,1,0,0,False,CONSOLIDATED,201602_2892_AI1.pdf,2016-08-30T11:36:18+08:00
2892,2016-09-30,2016,3,EXACT_MATCH,SELECTED,MOPS_SINGLE_ELIGIBLE_FILING,1,0,0,False,CONSOLIDATED,201603_2892_AI1.pdf,2016-11-25T17:09:49+08:00
2892,2016-12-31,2016,4,EXACT_MATCH,SELECTED,MOPS_SINGLE_ELIGIBLE_FILING,1,0,0,False,CONSOLIDATED,201604_2892_AI1.pdf,2017-03-30T17:29:27+08:00
2892,2017-03-31,2017,1,EXACT_MATCH,SELECTED,MOPS_SINGLE_ELIGIBLE_FILING,1,0,0,False,CONSOLIDATED,201701_2892_AI1.pdf,2017-05-24T14:23:31+08:00
2892,2017-06-30,2017,2,EXACT_MATCH,SELECTED,MOPS_SINGLE_ELIGIBLE_FILING,1,0,0,False,CONSOLIDATED,201702_2892_AI1.pdf,2017-08-29T13:36:26+08:00
2892,2017-09-30,2017,3,EXACT_MATCH,SELECTED,MOPS_SINGLE_ELIGIBLE_FILING,1,0,0,False,CONSOLIDATED,201703_2892_AI1.pdf,2017-11-28T14:07:18+08:00
2892,2017-12-31,2017,4,EXACT_MATCH,SELECTED,MOPS_SINGLE_ELIGIBLE_FILING,1,0,0,False,CONSOLIDATED,201704_2892_AI1.pdf,2018-03-29T13:18:17+08:00
2892,2018-03-31,2018,1,EXACT_MATCH,SELECTED,MOPS_SINGLE_ELIGIBLE_FILING,1,0,0,False,CONSOLIDATED,201801_2892_AI1.pdf,2018-05-28T17:37:43+08:00
2892,2018-06-30,2018,2,EXACT_MATCH,SELECTED,MOPS_SINGLE_ELIGIBLE_FILING,1,0,0,False,CONSOLIDATED,201802_2892_AI1.pdf,2018-08-29T15:32:17+08:00
2892,2018-09-30,2018,3,EXACT_MATCH,SELECTED,MOPS_SINGLE_ELIGIBLE_FILING,1,0,0,False,CONSOLIDATED,201803_2892_AI1.pdf,2018-11-27T14:04:05+08:00
2892,2018-12-31,2018,4,EXACT_MATCH,SELECTED,MOPS_SINGLE_ELIGIBLE_FILING,1,0,0,False,CONSOLIDATED,201804_2892_AI1.pdf,2019-03-27T17:55:37+08:00
2892,2019-03-31,2019,1,EXACT_MATCH,SELECTED,MOPS_SINGLE_ELIGIBLE_FILING,1,0,0,False,CONSOLIDATED,201901_2892_AI1.pdf,2019-05-29T13:25:28+08:00
2892,2019-06-30,2019,2,EXACT_MATCH,SELECTED,MOPS_SINGLE_ELIGIBLE_FILING,1,0,0,False,CONSOLIDATED,201902_2892_AI1.pdf,2019-08-28T18:27:55+08:00
2892,2019-09-30,2019,3,EXACT_MATCH,SELECTED,MOPS_SINGLE_ELIGIBLE_FILING,1,0,0,False,CONSOLIDATED,201903_2892_AI1.pdf,2019-11-27T13:14:45+08:00
2892,2019-12-31,2019,4,EXACT_MATCH,SELECTED,MOPS_SINGLE_ELIGIBLE_FILING,1,0,0,False,CONSOLIDATED,201904_2892_AI1.pdf,2020-03-30T15:01:40+08:00
2892,2020-03-31,2020,1,EXACT_MATCH,SELECTED,MOPS_SINGLE_ELIGIBLE_FILING,1,0,0,False,CONSOLIDATED,202001_2892_AI1.pdf,2020-05-28T14:25:58+08:00
2892,2020-06-30,2020,2,EXACT_MATCH,SELECTED,MOPS_SINGLE_ELIGIBLE_FILING,1,0,0,False,CONSOLIDATED,202002_2892_AI1.pdf,2020-08-27T17:25:07+08:00
2892,2020-09-30,2020,3,EXACT_MATCH,SELECTED,MOPS_SINGLE_ELIGIBLE_FILING,1,0,0,False,CONSOLIDATED,202003_2892_AI1.pdf,2020-11-27T11:36:56+08:00
2892,2020-12-31,2020,4,EXACT_MATCH,SELECTED,MOPS_SINGLE_ELIGIBLE_FILING,1,0,0,False,CONSOLIDATED,202004_2892_AI1.pdf,2021-03-29T13:31:32+08:00
2892,2021-03-31,2021,1,EXACT_MATCH,SELECTED,MOPS_SINGLE_ELIGIBLE_FILING,1,0,0,False,CONSOLIDATED,202101_2892_AI1.pdf,2021-05-28T10:40:09+08:00
2892,2021-06-30,2021,2,EXACT_MATCH,SELECTED,MOPS_SINGLE_ELIGIBLE_FILING,1,0,0,False,CONSOLIDATED,202102_2892_AI1.pdf,2021-08-27T14:15:08+08:00
2892,2021-09-30,2021,3,EXACT_MATCH,SELECTED,MOPS_SINGLE_ELIGIBLE_FILING,1,0,0,False,CONSOLIDATED,202103_2892_AI1.pdf,2021-11-26T14:13:34+08:00
2892,2021-12-31,2021,4,EXACT_MATCH,SELECTED,MOPS_SINGLE_ELIGIBLE_FILING,1,0,0,False,CONSOLIDATED,202104_2892_AI1.pdf,2022-03-14T13:48:56+08:00
2892,2022-03-31,2022,1,EXACT_MATCH,SELECTED,MOPS_SINGLE_ELIGIBLE_FILING,1,0,0,False,CONSOLIDATED,202201_2892_AI1.pdf,2022-05-30T10:15:59+08:00
2892,2022-06-30,2022,2,EXACT_MATCH,SELECTED,MOPS_SINGLE_ELIGIBLE_FILING,1,0,0,False,CONSOLIDATED,202202_2892_AI1.pdf,2022-08-29T13:24:40+08:00
2892,2022-09-30,2022,3,EXACT_MATCH,SELECTED,MOPS_SINGLE_ELIGIBLE_FILING,1,0,0,False,CONSOLIDATED,202203_2892_AI1.pdf,2022-11-29T14:27:02+08:00
2892,2022-12-31,2022,4,EXACT_MATCH,SELECTED,MOPS_SINGLE_ELIGIBLE_FILING,1,0,0,False,CONSOLIDATED,202204_2892_AI1.pdf,2023-03-13T13:53:44+08:00
2892,2023-03-31,2023,1,EXACT_MATCH,SELECTED,MOPS_SINGLE_ELIGIBLE_FILING,1,0,0,False,CONSOLIDATED,202301_2892_AI1.pdf,2023-05-29T10:58:53+08:00
2892,2023-06-30,2023,2,EXACT_MATCH,SELECTED,MOPS_SINGLE_ELIGIBLE_FILING,1,0,0,False,CONSOLIDATED,202302_2892_AI1.pdf,2023-08-28T14:02:37+08:00
2892,2023-09-30,2023,3,EXACT_MATCH,SELECTED,MOPS_SINGLE_ELIGIBLE_FILING,1,0,0,False,CONSOLIDATED,202303_2892_AI1.pdf,2023-11-29T10:35:30+08:00
2892,2023-12-31,2023,4,EXACT_MATCH,SELECTED,MOPS_SINGLE_ELIGIBLE_FILING,1,0,0,False,CONSOLIDATED,202304_2892_AI1.pdf,2024-03-13T14:26:07+08:00
2892,2024-03-31,2024,1,EXACT_MATCH,SELECTED,MOPS_SINGLE_ELIGIBLE_FILING,1,0,0,False,CONSOLIDATED,202401_2892_AI1.pdf,2024-05-28T10:40:18+08:00
2892,2024-06-30,2024,2,EXACT_MATCH,SELECTED,MOPS_SINGLE_ELIGIBLE_FILING,1,0,0,False,CONSOLIDATED,202402_2892_AI1.pdf,2024-08-26T13:59:00+08:00
2892,2024-09-30,2024,3,EXACT_MATCH,SELECTED,MOPS_SINGLE_ELIGIBLE_FILING,1,0,0,False,CONSOLIDATED,202403_2892_AI1.pdf,2024-11-28T11:02:30+08:00
2892,2024-12-31,2024,4,EXACT_MATCH,SELECTED,MOPS_SINGLE_ELIGIBLE_FILING,1,0,0,False,CONSOLIDATED,202404_2892_AI1.pdf,2025-03-13T11:06:55+08:00
2892,2025-03-31,2025,1,EXACT_MATCH,SELECTED,MOPS_SINGLE_ELIGIBLE_FILING,1,0,0,False,CONSOLIDATED,202501_2892_AI1.pdf,2025-05-27T10:57:25+08:00
2892,2025-06-30,2025,2,EXACT_MATCH,SELECTED,MOPS_SINGLE_ELIGIBLE_FILING,1,0,0,False,CONSOLIDATED,202502_2892_AI1.pdf,2025-08-27T10:54:44+08:00
2892,2025-09-30,2025,3,EXACT_MATCH,SELECTED,MOPS_SINGLE_ELIGIBLE_FILING,1,0,0,False,CONSOLIDATED,202503_2892_AI1.pdf,2025-11-26T10:24:04+08:00
2892,2025-12-31,2025,4,EXACT_MATCH,SELECTED,MOPS_SINGLE_ELIGIBLE_FILING,1,0,0,False,CONSOLIDATED,202504_2892_AI1.pdf,2026-03-12T15:39:32+08:00
2892,2026-03-31,2026,1,EXACT_MATCH,SELECTED,MOPS_SINGLE_ELIGIBLE_FILING,1,0,0,False,CONSOLIDATED,202601_2892_AI1.pdf,2026-05-28T10:37:29+08:00
2892,2026-06-30,2026,2,EXACT_MATCH,SELECTED,MOPS_SINGLE_ELIGIBLE_FILING,1,0,0,False,CONSOLIDATED,202602_2892_AI1.pdf,2026-08-27T14:24:32+08:00
3008,2016-03-31,2016,1,EXACT_MATCH,SELECTED,MOPS_SINGLE_ELIGIBLE_FILING,1,0,0,False,CONSOLIDATED,201601_3008_AI1.pdf,2016-05-12T13:54:41+08:00
3008,2016-06-30,2016,2,EXACT_MATCH,SELECTED,MOPS_SINGLE_ELIGIBLE_FILING,1,0,0,False,CONSOLIDATED,201602_3008_AI1.pdf,2016-08-12T15:55:02+08:00
3008,2016-09-30,2016,3,EXACT_MATCH,SELECTED,MOPS_SINGLE_ELIGIBLE_FILING,1,0,0,False,CONSOLIDATED,201603_3008_AI1.pdf,2016-11-08T15:25:08+08:00
3008,2016-12-31,2016,4,EXACT_MATCH,SELECTED,MOPS_CONSOLIDATED_PREFERRED_OVER_INDIVIDUAL,2,1,0,False,CONSOLIDATED,201604_3008_AI1.pdf,2017-02-24T15:52:32+08:00
3008,2017-03-31,2017,1,EXACT_MATCH,SELECTED,MOPS_SINGLE_ELIGIBLE_FILING,1,0,0,False,CONSOLIDATED,201701_3008_AI1.pdf,2017-05-12T16:26:59+08:00
3008,2017-06-30,2017,2,EXACT_MATCH,SELECTED,MOPS_SINGLE_ELIGIBLE_FILING,1,0,0,False,CONSOLIDATED,201702_3008_AI1.pdf,2017-08-11T11:53:12+08:00
3008,2017-09-30,2017,3,EXACT_MATCH,SELECTED,MOPS_SINGLE_ELIGIBLE_FILING,1,0,0,False,CONSOLIDATED,201703_3008_AI1.pdf,2017-11-08T10:46:42+08:00
3008,2017-12-31,2017,4,EXACT_MATCH,SELECTED,MOPS_CONSOLIDATED_PREFERRED_OVER_INDIVIDUAL,2,1,0,False,CONSOLIDATED,201704_3008_AI1.pdf,2018-02-27T14:48:58+08:00
3008,2018-03-31,2018,1,EXACT_MATCH,SELECTED,MOPS_SINGLE_ELIGIBLE_FILING,1,0,0,False,CONSOLIDATED,201801_3008_AI1.pdf,2018-05-14T14:50:32+08:00
3008,2018-06-30,2018,2,EXACT_MATCH,SELECTED,MOPS_SINGLE_ELIGIBLE_FILING,1,0,0,False,CONSOLIDATED,201802_3008_AI1.pdf,2018-08-14T14:39:20+08:00
3008,2018-09-30,2018,3,EXACT_MATCH,SELECTED,MOPS_SINGLE_ELIGIBLE_FILING,1,0,0,False,CONSOLIDATED,201803_3008_AI1.pdf,2018-11-13T14:23:43+08:00
3008,2018-12-31,2018,4,EXACT_MATCH,SELECTED,MOPS_CONSOLIDATED_PREFERRED_OVER_INDIVIDUAL,2,1,0,False,CONSOLIDATED,201804_3008_AI1.pdf,2019-02-27T08:55:03+08:00
3008,2019-03-31,2019,1,EXACT_MATCH,SELECTED,MOPS_SINGLE_ELIGIBLE_FILING,1,0,0,False,CONSOLIDATED,201901_3008_AI1.pdf,2019-05-13T14:55:34+08:00
3008,2019-06-30,2019,2,EXACT_MATCH,SELECTED,MOPS_SINGLE_ELIGIBLE_FILING,1,0,0,False,CONSOLIDATED,201902_3008_AI1.pdf,2019-08-09T11:15:49+08:00
3008,2019-09-30,2019,3,EXACT_MATCH,SELECTED,MOPS_SINGLE_ELIGIBLE_FILING,1,0,0,False,CONSOLIDATED,201903_3008_AI1.pdf,2019-11-12T14:09:45+08:00
3008,2019-12-31,2019,4,EXACT_MATCH,SELECTED,MOPS_CONSOLIDATED_PREFERRED_OVER_INDIVIDUAL,2,1,0,False,CONSOLIDATED,201904_3008_AI1.pdf,2020-02-27T14:44:14+08:00
3008,2020-03-31,2020,1,EXACT_MATCH,SELECTED,MOPS_SINGLE_ELIGIBLE_FILING,1,0,0,False,CONSOLIDATED,202001_3008_AI1.pdf,2020-04-22T15:58:11+08:00
3008,2020-06-30,2020,2,EXACT_MATCH,SELECTED,MOPS_SINGLE_ELIGIBLE_FILING,1,0,0,False,CONSOLIDATED,202002_3008_AI1.pdf,2020-07-28T10:42:50+08:00
3008,2020-09-30,2020,3,EXACT_MATCH,SELECTED,MOPS_SINGLE_ELIGIBLE_FILING,1,0,0,False,CONSOLIDATED,202003_3008_AI1.pdf,2020-10-27T14:06:34+08:00
3008,2020-12-31,2020,4,EXACT_MATCH,SELECTED,MOPS_CONSOLIDATED_PREFERRED_OVER_INDIVIDUAL,2,1,0,False,CONSOLIDATED,202004_3008_AI1.pdf,2021-02-23T14:31:08+08:00
3008,2021-03-31,2021,1,EXACT_MATCH,SELECTED,MOPS_SINGLE_ELIGIBLE_FILING,1,0,0,False,CONSOLIDATED,202101_3008_AI1.pdf,2021-04-28T08:40:29+08:00
3008,2021-06-30,2021,2,EXACT_MATCH,SELECTED,MOPS_SINGLE_ELIGIBLE_FILING,1,0,0,False,CONSOLIDATED,202102_3008_AI1.pdf,2021-07-27T08:33:15+08:00
3008,2021-09-30,2021,3,EXACT_MATCH,SELECTED,MOPS_SINGLE_ELIGIBLE_FILING,1,0,0,False,CONSOLIDATED,202103_3008_AI1.pdf,2021-10-26T14:31:58+08:00
3008,2021-12-31,2021,4,EXACT_MATCH,SELECTED,MOPS_CONSOLIDATED_PREFERRED_OVER_INDIVIDUAL,2,1,0,False,CONSOLIDATED,202104_3008_AI1.pdf,2022-02-25T08:55:09+08:00
3008,2022-03-31,2022,1,EXACT_MATCH,SELECTED,MOPS_SINGLE_ELIGIBLE_FILING,1,0,0,False,CONSOLIDATED,202201_3008_AI1.pdf,2022-04-28T13:17:22+08:00
3008,2022-06-30,2022,2,EXACT_MATCH,SELECTED,MOPS_SINGLE_ELIGIBLE_FILING,1,0,0,False,CONSOLIDATED,202202_3008_AI1.pdf,2022-08-03T14:07:33+08:00
3008,2022-09-30,2022,3,EXACT_MATCH,SELECTED,MOPS_SINGLE_ELIGIBLE_FILING,1,0,0,False,CONSOLIDATED,202203_3008_AI1.pdf,2022-11-04T14:51:46+08:00
3008,2022-12-31,2022,4,EXACT_MATCH,SELECTED,MOPS_CONSOLIDATED_PREFERRED_OVER_INDIVIDUAL,2,1,0,False,CONSOLIDATED,202204_3008_AI1.pdf,2023-02-24T14:41:24+08:00
3008,2023-03-31,2023,1,EXACT_MATCH,SELECTED,MOPS_SINGLE_ELIGIBLE_FILING,1,0,0,False,CONSOLIDATED,202301_3008_AI1.pdf,2023-05-05T14:56:21+08:00
3008,2023-06-30,2023,2,EXACT_MATCH,SELECTED,MOPS_SINGLE_ELIGIBLE_FILING,1,0,0,False,CONSOLIDATED,202302_3008_AI1.pdf,2023-08-01T14:20:35+08:00
3008,2023-09-30,2023,3,EXACT_MATCH,SELECTED,MOPS_SINGLE_ELIGIBLE_FILING,1,0,0,False,CONSOLIDATED,202303_3008_AI1.pdf,2023-11-07T16:37:21+08:00
3008,2023-12-31,2023,4,EXACT_MATCH,SELECTED,MOPS_CONSOLIDATED_PREFERRED_OVER_INDIVIDUAL,2,1,0,False,CONSOLIDATED,202304_3008_AI1.pdf,2024-02-29T16:13:16+08:00
3008,2024-03-31,2024,1,EXACT_MATCH,SELECTED,MOPS_SINGLE_ELIGIBLE_FILING,1,0,0,False,CONSOLIDATED,202401_3008_AI1.pdf,2024-05-13T11:24:27+08:00
3008,2024-06-30,2024,2,EXACT_MATCH,SELECTED,MOPS_SINGLE_ELIGIBLE_FILING,1,0,0,False,CONSOLIDATED,202402_3008_AI1.pdf,2024-08-05T14:51:04+08:00
3008,2024-09-30,2024,3,EXACT_MATCH,SELECTED,MOPS_SINGLE_ELIGIBLE_FILING,1,0,0,False,CONSOLIDATED,202403_3008_AI1.pdf,2024-11-06T14:04:02+08:00
3008,2024-12-31,2024,4,EXACT_MATCH,SELECTED,MOPS_CONSOLIDATED_PREFERRED_OVER_INDIVIDUAL,2,1,0,False,CONSOLIDATED,202404_3008_AI1.pdf,2025-02-27T14:18:36+08:00
3008,2025-03-31,2025,1,EXACT_MATCH,SELECTED,MOPS_SINGLE_ELIGIBLE_FILING,1,0,0,False,CONSOLIDATED,202501_3008_AI1.pdf,2025-05-12T11:05:49+08:00
3008,2025-06-30,2025,2,EXACT_MATCH,SELECTED,MOPS_SINGLE_ELIGIBLE_FILING,1,0,0,False,CONSOLIDATED,202502_3008_AI1.pdf,2025-08-08T09:36:06+08:00
3008,2025-09-30,2025,3,EXACT_MATCH,SELECTED,MOPS_SINGLE_ELIGIBLE_FILING,1,0,0,False,CONSOLIDATED,202503_3008_AI1.pdf,2025-11-05T14:04:16+08:00
3008,2025-12-31,2025,4,EXACT_MATCH,SELECTED,MOPS_CONSOLIDATED_PREFERRED_OVER_INDIVIDUAL,2,1,0,False,CONSOLIDATED,202504_3008_AI1.pdf,2026-02-26T14:04:56+08:00
3008,2026-03-31,2026,1,EXACT_MATCH,SELECTED,MOPS_SINGLE_ELIGIBLE_FILING,1,0,0,False,CONSOLIDATED,202601_3008_AI1.pdf,2026-04-30T13:58:01+08:00
3008,2026-06-30,2026,2,EXACT_MATCH,SELECTED,MOPS_SINGLE_ELIGIBLE_FILING,1,0,0,False,CONSOLIDATED,202602_3008_AI1.pdf,2026-08-06T13:53:40+08:00
3017,2016-03-31,2016,1,EXACT_MATCH,SELECTED,MOPS_SINGLE_ELIGIBLE_FILING,1,0,0,False,CONSOLIDATED,201601_3017_AI1.pdf,2016-05-12T16:44:20+08:00
3017,2016-06-30,2016,2,EXACT_MATCH,SELECTED,MOPS_SINGLE_ELIGIBLE_FILING,1,0,0,False,CONSOLIDATED,201602_3017_AI1.pdf,2016-08-10T16:47:57+08:00
3017,2016-09-30,2016,3,EXACT_MATCH,SELECTED,MOPS_SINGLE_ELIGIBLE_FILING,1,0,0,False,CONSOLIDATED,201603_3017_AI1.pdf,2016-11-10T13:34:39+08:00
3017,2016-12-31,2016,4,EXACT_MATCH,SELECTED,MOPS_CONSOLIDATED_PREFERRED_OVER_INDIVIDUAL,2,1,0,False,CONSOLIDATED,201604_3017_AI1.pdf,2017-03-22T16:24:58+08:00
3017,2017-03-31,2017,1,EXACT_MATCH,SELECTED,MOPS_SINGLE_ELIGIBLE_FILING,1,0,0,False,CONSOLIDATED,201701_3017_AI1.pdf,2017-05-10T18:05:35+08:00
3017,2017-06-30,2017,2,EXACT_MATCH,SELECTED,MOPS_SINGLE_ELIGIBLE_FILING,1,0,0,False,CONSOLIDATED,201702_3017_AI1.pdf,2017-08-08T15:33:38+08:00
3017,2017-09-30,2017,3,EXACT_MATCH,SELECTED,MOPS_SINGLE_ELIGIBLE_FILING,1,0,0,False,CONSOLIDATED,201703_3017_AI1.pdf,2017-11-08T15:37:08+08:00
3017,2017-12-31,2017,4,EXACT_MATCH,SELECTED,MOPS_CONSOLIDATED_PREFERRED_OVER_INDIVIDUAL,2,1,0,False,CONSOLIDATED,201704_3017_AI1.pdf,2018-03-20T19:55:02+08:00
3017,2018-03-31,2018,1,EXACT_MATCH,SELECTED,MOPS_SINGLE_ELIGIBLE_FILING,1,0,0,False,CONSOLIDATED,201801_3017_AI1.pdf,2018-05-10T17:07:08+08:00
3017,2018-06-30,2018,2,EXACT_MATCH,SELECTED,MOPS_SINGLE_ELIGIBLE_FILING,1,0,0,False,CONSOLIDATED,201802_3017_AI1.pdf,2018-08-08T16:48:57+08:00
3017,2018-09-30,2018,3,EXACT_MATCH,SELECTED,MOPS_SINGLE_ELIGIBLE_FILING,1,0,0,False,CONSOLIDATED,201803_3017_AI1.pdf,2018-11-08T16:26:56+08:00
3017,2018-12-31,2018,4,EXACT_MATCH,SELECTED,MOPS_CONSOLIDATED_PREFERRED_OVER_INDIVIDUAL,2,1,0,False,CONSOLIDATED,201804_3017_AI1.pdf,2019-03-13T18:27:21+08:00
3017,2019-03-31,2019,1,EXACT_MATCH,SELECTED,MOPS_SINGLE_ELIGIBLE_FILING,1,0,0,False,CONSOLIDATED,201901_3017_AI1.pdf,2019-05-09T15:03:22+08:00
3017,2019-06-30,2019,2,EXACT_MATCH,SELECTED,MOPS_SINGLE_ELIGIBLE_FILING,1,0,0,False,CONSOLIDATED,201902_3017_AI1.pdf,2019-08-06T18:09:31+08:00
3017,2019-09-30,2019,3,EXACT_MATCH,SELECTED,MOPS_SINGLE_ELIGIBLE_FILING,1,0,0,False,CONSOLIDATED,201903_3017_AI1.pdf,2019-11-13T15:15:00+08:00
3017,2019-12-31,2019,4,EXACT_MATCH,SELECTED,MOPS_CONSOLIDATED_PREFERRED_OVER_INDIVIDUAL,2,1,0,False,CONSOLIDATED,201904_3017_AI1.pdf,2020-03-13T15:45:04+08:00
3017,2020-03-31,2020,1,EXACT_MATCH,SELECTED,MOPS_SINGLE_ELIGIBLE_FILING,1,0,0,False,CONSOLIDATED,202001_3017_AI1.pdf,2020-05-14T13:39:02+08:00
3017,2020-06-30,2020,2,EXACT_MATCH,SELECTED,MOPS_SINGLE_ELIGIBLE_FILING,1,0,0,False,CONSOLIDATED,202002_3017_AI1.pdf,2020-08-11T15:24:28+08:00
3017,2020-09-30,2020,3,EXACT_MATCH,SELECTED,MOPS_SINGLE_ELIGIBLE_FILING,1,0,0,False,CONSOLIDATED,202003_3017_AI1.pdf,2020-11-10T15:12:44+08:00
3017,2020-12-31,2020,4,EXACT_MATCH,SELECTED,MOPS_CONSOLIDATED_PREFERRED_OVER_INDIVIDUAL,2,1,0,False,CONSOLIDATED,202004_3017_AI1.pdf,2021-03-23T17:28:34+08:00
3017,2021-03-31,2021,1,EXACT_MATCH,SELECTED,MOPS_SINGLE_ELIGIBLE_FILING,1,0,0,False,CONSOLIDATED,202101_3017_AI1.pdf,2021-05-11T14:55:47+08:00
3017,2021-06-30,2021,2,EXACT_MATCH,SELECTED,MOPS_SINGLE_ELIGIBLE_FILING,1,0,0,False,CONSOLIDATED,202102_3017_AI1.pdf,2021-08-06T19:55:09+08:00
3017,2021-09-30,2021,3,EXACT_MATCH,SELECTED,MOPS_SINGLE_ELIGIBLE_FILING,1,0,0,False,CONSOLIDATED,202103_3017_AI1.pdf,2021-11-11T15:09:06+08:00
3017,2021-12-31,2021,4,EXACT_MATCH,SELECTED,MOPS_CONSOLIDATED_PREFERRED_OVER_INDIVIDUAL,2,1,0,False,CONSOLIDATED,202104_3017_AI1.pdf,2022-03-18T16:20:04+08:00
3017,2022-03-31,2022,1,EXACT_MATCH,SELECTED,MOPS_SINGLE_ELIGIBLE_FILING,1,0,0,False,CONSOLIDATED,202201_3017_AI1.pdf,2022-05-11T17:15:04+08:00
3017,2022-06-30,2022,2,EXACT_MATCH,SELECTED,MOPS_SINGLE_ELIGIBLE_FILING,1,0,0,False,CONSOLIDATED,202202_3017_AI1.pdf,2022-08-09T17:02:41+08:00
3017,2022-09-30,2022,3,EXACT_MATCH,SELECTED,MOPS_SINGLE_ELIGIBLE_FILING,1,0,0,False,CONSOLIDATED,202203_3017_AI1.pdf,2022-11-11T16:25:25+08:00
3017,2022-12-31,2022,4,EXACT_MATCH,SELECTED,MOPS_CONSOLIDATED_PREFERRED_OVER_INDIVIDUAL,2,1,0,False,CONSOLIDATED,202204_3017_AI1.pdf,2023-03-13T17:17:43+08:00
3017,2023-03-31,2023,1,EXACT_MATCH,SELECTED,MOPS_SINGLE_ELIGIBLE_FILING,1,0,0,False,CONSOLIDATED,202301_3017_AI1.pdf,2023-05-10T17:29:01+08:00
3017,2023-06-30,2023,2,EXACT_MATCH,SELECTED,MOPS_SINGLE_ELIGIBLE_FILING,1,0,0,False,CONSOLIDATED,202302_3017_AI1.pdf,2023-08-09T16:17:43+08:00
3017,2023-09-30,2023,3,EXACT_MATCH,SELECTED,MOPS_SINGLE_ELIGIBLE_FILING,1,0,0,False,CONSOLIDATED,202303_3017_AI1.pdf,2023-11-10T18:02:38+08:00
3017,2023-12-31,2023,4,EXACT_MATCH,SELECTED,MOPS_CONSOLIDATED_PREFERRED_OVER_INDIVIDUAL,2,1,0,False,CONSOLIDATED,202304_3017_AI1.pdf,2024-03-13T17:28:32+08:00
3017,2024-03-31,2024,1,EXACT_MATCH,SELECTED,MOPS_SINGLE_ELIGIBLE_FILING,1,0,0,False,CONSOLIDATED,202401_3017_AI1.pdf,2024-05-10T17:05:31+08:00
3017,2024-06-30,2024,2,EXACT_MATCH,SELECTED,MOPS_SINGLE_ELIGIBLE_FILING,1,0,0,False,CONSOLIDATED,202402_3017_AI1.pdf,2024-08-09T14:43:33+08:00
3017,2024-09-30,2024,3,EXACT_MATCH,SELECTED,MOPS_SINGLE_ELIGIBLE_FILING,1,0,0,False,CONSOLIDATED,202403_3017_AI1.pdf,2024-11-14T13:52:13+08:00
3017,2024-12-31,2024,4,EXACT_MATCH,SELECTED,MOPS_CONSOLIDATED_PREFERRED_OVER_INDIVIDUAL,2,1,0,False,CONSOLIDATED,202404_3017_AI1.pdf,2025-03-12T14:57:49+08:00
3017,2025-03-31,2025,1,EXACT_MATCH,SELECTED,MOPS_SINGLE_ELIGIBLE_FILING,1,0,0,False,CONSOLIDATED,202501_3017_AI1.pdf,2025-05-13T15:40:36+08:00
3017,2025-06-30,2025,2,EXACT_MATCH,SELECTED,MOPS_SINGLE_ELIGIBLE_FILING,1,0,0,False,CONSOLIDATED,202502_3017_AI1.pdf,2025-08-14T03:51:47+08:00
3017,2025-09-30,2025,3,EXACT_MATCH,SELECTED,MOPS_SINGLE_ELIGIBLE_FILING,1,0,0,False,CONSOLIDATED,202503_3017_AI1.pdf,2025-11-12T15:01:52+08:00
3017,2025-12-31,2025,4,EXACT_MATCH,SELECTED,MOPS_CONSOLIDATED_PREFERRED_OVER_INDIVIDUAL,2,1,0,False,CONSOLIDATED,202504_3017_AI1.pdf,2026-03-11T18:17:02+08:00
3017,2026-03-31,2026,1,EXACT_MATCH,SELECTED,MOPS_SINGLE_ELIGIBLE_FILING,1,0,0,False,CONSOLIDATED,202601_3017_AI1.pdf,2026-05-14T14:25:01+08:00
3017,2026-06-30,2026,2,EXACT_MATCH,SELECTED,MOPS_SINGLE_ELIGIBLE_FILING,1,0,0,False,CONSOLIDATED,202602_3017_AI1.pdf,2026-08-12T16:00:26+08:00
3037,2016-03-31,2016,1,EXACT_MATCH,SELECTED,MOPS_SINGLE_ELIGIBLE_FILING,1,0,0,False,CONSOLIDATED,201601_3037_AI1.pdf,2016-05-13T14:17:04+08:00
3037,2016-06-30,2016,2,EXACT_MATCH,SELECTED,MOPS_SINGLE_ELIGIBLE_FILING,1,0,0,False,CONSOLIDATED,201602_3037_AI1.pdf,2016-08-15T10:00:30+08:00
3037,2016-09-30,2016,3,EXACT_MATCH,SELECTED,MOPS_SINGLE_ELIGIBLE_FILING,1,0,0,False,CONSOLIDATED,201603_3037_AI1.pdf,2016-11-14T17:10:33+08:00
3037,2016-12-31,2016,4,EXACT_MATCH,SELECTED,MOPS_CONSOLIDATED_PREFERRED_OVER_INDIVIDUAL,2,1,0,False,CONSOLIDATED,201604_3037_AI1.pdf,2017-03-31T13:22:54+08:00
3037,2017-03-31,2017,1,EXACT_MATCH,SELECTED,MOPS_SINGLE_ELIGIBLE_FILING,1,0,0,False,CONSOLIDATED,201701_3037_AI1.pdf,2017-05-15T11:45:30+08:00
3037,2017-06-30,2017,2,EXACT_MATCH,SELECTED,MOPS_SINGLE_ELIGIBLE_FILING,1,0,0,False,CONSOLIDATED,201702_3037_AI1.pdf,2017-08-14T11:55:21+08:00
3037,2017-09-30,2017,3,EXACT_MATCH,SELECTED,MOPS_SINGLE_ELIGIBLE_FILING,1,0,0,False,CONSOLIDATED,201703_3037_AI1.pdf,2017-11-14T09:49:36+08:00
3037,2017-12-31,2017,4,EXACT_MATCH,SELECTED,MOPS_CONSOLIDATED_PREFERRED_OVER_INDIVIDUAL,2,1,0,False,CONSOLIDATED,201704_3037_AI1.pdf,2018-03-26T14:32:11+08:00
3037,2018-03-31,2018,1,EXACT_MATCH,SELECTED,MOPS_SINGLE_ELIGIBLE_FILING,1,0,0,False,CONSOLIDATED,201801_3037_AI1.pdf,2018-05-15T15:18:27+08:00
3037,2018-06-30,2018,2,EXACT_MATCH,SELECTED,MOPS_SINGLE_ELIGIBLE_FILING,1,0,0,False,CONSOLIDATED,201802_3037_AI1.pdf,2018-08-14T13:30:23+08:00
3037,2018-09-30,2018,3,EXACT_MATCH,SELECTED,MOPS_SINGLE_ELIGIBLE_FILING,1,0,0,False,CONSOLIDATED,201803_3037_AI1.pdf,2018-11-14T13:29:22+08:00
3037,2018-12-31,2018,4,EXACT_MATCH,SELECTED,MOPS_CONSOLIDATED_PREFERRED_OVER_INDIVIDUAL,2,1,0,False,CONSOLIDATED,201804_3037_AI1.pdf,2019-03-29T17:06:34+08:00
3037,2019-03-31,2019,1,EXACT_MATCH,SELECTED,MOPS_SINGLE_ELIGIBLE_FILING,1,0,0,False,CONSOLIDATED,201901_3037_AI1.pdf,2019-05-13T19:23:51+08:00
3037,2019-06-30,2019,2,EXACT_MATCH,SELECTED,MOPS_SINGLE_ELIGIBLE_FILING,1,0,0,False,CONSOLIDATED,201902_3037_AI1.pdf,2019-08-13T18:45:13+08:00
3037,2019-09-30,2019,3,EXACT_MATCH,SELECTED,MOPS_SINGLE_ELIGIBLE_FILING,1,0,0,False,CONSOLIDATED,201903_3037_AI1.pdf,2019-11-13T18:07:58+08:00
3037,2019-12-31,2019,4,EXACT_MATCH,SELECTED,MOPS_CONSOLIDATED_PREFERRED_OVER_INDIVIDUAL,2,1,0,False,CONSOLIDATED,201904_3037_AI1.pdf,2020-03-30T20:04:25+08:00
3037,2020-03-31,2020,1,EXACT_MATCH,SELECTED,MOPS_SINGLE_ELIGIBLE_FILING,1,0,0,False,CONSOLIDATED,202001_3037_AI1.pdf,2020-05-12T13:51:14+08:00
3037,2020-06-30,2020,2,EXACT_MATCH,SELECTED,MOPS_SINGLE_ELIGIBLE_FILING,1,0,0,False,CONSOLIDATED,202002_3037_AI1.pdf,2020-07-30T16:41:31+08:00
3037,2020-09-30,2020,3,EXACT_MATCH,SELECTED,MOPS_SINGLE_ELIGIBLE_FILING,1,0,0,False,CONSOLIDATED,202003_3037_AI1.pdf,2020-10-29T16:59:51+08:00
3037,2020-12-31,2020,4,EXACT_MATCH,SELECTED,MOPS_CONSOLIDATED_PREFERRED_OVER_INDIVIDUAL,2,1,0,False,CONSOLIDATED,202004_3037_AI1.pdf,2021-02-25T16:42:10+08:00
3037,2021-03-31,2021,1,EXACT_MATCH,SELECTED,MOPS_SINGLE_ELIGIBLE_FILING,1,0,0,False,CONSOLIDATED,202101_3037_AI1.pdf,2021-04-29T15:37:11+08:00
3037,2021-06-30,2021,2,EXACT_MATCH,SELECTED,MOPS_SINGLE_ELIGIBLE_FILING,1,0,0,False,CONSOLIDATED,202102_3037_AI1.pdf,2021-07-29T14:40:37+08:00
3037,2021-09-30,2021,3,EXACT_MATCH,SELECTED,MOPS_SINGLE_ELIGIBLE_FILING,1,0,0,False,CONSOLIDATED,202103_3037_AI1.pdf,2021-10-28T16:45:42+08:00
3037,2021-12-31,2021,4,EXACT_MATCH,SELECTED,MOPS_CONSOLIDATED_PREFERRED_OVER_INDIVIDUAL,2,1,0,False,CONSOLIDATED,202104_3037_AI1.pdf,2022-02-24T16:06:02+08:00
3037,2022-03-31,2022,1,EXACT_MATCH,SELECTED,MOPS_SINGLE_ELIGIBLE_FILING,1,0,0,False,CONSOLIDATED,202201_3037_AI1.pdf,2022-04-28T15:51:04+08:00
3037,2022-06-30,2022,2,EXACT_MATCH,SELECTED,MOPS_SINGLE_ELIGIBLE_FILING,1,0,0,False,CONSOLIDATED,202202_3037_AI1.pdf,2022-07-28T16:53:13+08:00
3037,2022-09-30,2022,3,EXACT_MATCH,SELECTED,MOPS_SINGLE_ELIGIBLE_FILING,1,0,0,False,CONSOLIDATED,202203_3037_AI1.pdf,2022-10-27T16:49:44+08:00
3037,2022-12-31,2022,4,EXACT_MATCH,SELECTED,MOPS_CONSOLIDATED_PREFERRED_OVER_INDIVIDUAL,2,1,0,False,CONSOLIDATED,202204_3037_AI1.pdf,2023-02-23T17:36:55+08:00
3037,2023-03-31,2023,1,EXACT_MATCH,SELECTED,MOPS_SINGLE_ELIGIBLE_FILING,1,0,0,False,CONSOLIDATED,202301_3037_AI1.pdf,2023-04-27T17:16:41+08:00
3037,2023-06-30,2023,2,EXACT_MATCH,SELECTED,MOPS_SINGLE_ELIGIBLE_FILING,1,0,0,False,CONSOLIDATED,202302_3037_AI1.pdf,2023-07-27T17:45:36+08:00
3037,2023-09-30,2023,3,EXACT_MATCH,SELECTED,MOPS_SINGLE_ELIGIBLE_FILING,1,0,0,False,CONSOLIDATED,202303_3037_AI1.pdf,2023-10-26T15:14:28+08:00
3037,2023-12-31,2023,4,EXACT_MATCH,SELECTED,MOPS_CONSOLIDATED_PREFERRED_OVER_INDIVIDUAL,2,1,0,False,CONSOLIDATED,202304_3037_AI1.pdf,2024-02-27T17:55:15+08:00
3037,2024-03-31,2024,1,EXACT_MATCH,SELECTED,MOPS_SINGLE_ELIGIBLE_FILING,1,0,0,False,CONSOLIDATED,202401_3037_AI1.pdf,2024-04-25T16:53:13+08:00
3037,2024-06-30,2024,2,EXACT_MATCH,SELECTED,MOPS_SINGLE_ELIGIBLE_FILING,1,0,0,False,CONSOLIDATED,202402_3037_AI1.pdf,2024-08-01T16:16:28+08:00
3037,2024-09-30,2024,3,EXACT_MATCH,SELECTED,MOPS_SINGLE_ELIGIBLE_FILING,1,0,0,False,CONSOLIDATED,202403_3037_AI1.pdf,2024-11-05T09:56:32+08:00
3037,2024-12-31,2024,4,EXACT_MATCH,SELECTED,MOPS_CONSOLIDATED_PREFERRED_OVER_INDIVIDUAL,2,1,0,False,CONSOLIDATED,202404_3037_AI1.pdf,2025-02-27T14:28:19+08:00
3037,2025-03-31,2025,1,EXACT_MATCH,SELECTED,MOPS_SINGLE_ELIGIBLE_FILING,1,0,0,False,CONSOLIDATED,202501_3037_AI1.pdf,2025-04-24T13:22:50+08:00
3037,2025-06-30,2025,2,EXACT_MATCH,SELECTED,MOPS_SINGLE_ELIGIBLE_FILING,1,0,0,False,CONSOLIDATED,202502_3037_AI1.pdf,2025-07-31T13:34:25+08:00
3037,2025-09-30,2025,3,EXACT_MATCH,SELECTED,MOPS_SINGLE_ELIGIBLE_FILING,1,0,0,False,CONSOLIDATED,202503_3037_AI1.pdf,2025-10-30T18:45:28+08:00
3037,2025-12-31,2025,4,EXACT_MATCH,SELECTED,MOPS_CONSOLIDATED_PREFERRED_OVER_INDIVIDUAL,2,1,0,False,CONSOLIDATED,202504_3037_AI1.pdf,2026-02-26T18:51:44+08:00
3037,2026-03-31,2026,1,EXACT_MATCH,SELECTED,MOPS_SINGLE_ELIGIBLE_FILING,1,0,0,False,CONSOLIDATED,202601_3037_AI1.pdf,2026-04-30T16:04:18+08:00
3037,2026-06-30,2026,2,EXACT_MATCH,SELECTED,MOPS_SINGLE_ELIGIBLE_FILING,1,0,0,False,CONSOLIDATED,202602_3037_AI1.pdf,2026-07-30T14:40:41+08:00
3045,2016-03-31,2016,1,EXACT_MATCH,SELECTED,MOPS_SINGLE_ELIGIBLE_FILING,1,0,0,False,CONSOLIDATED,201601_3045_AI1.pdf,2016-04-28T19:11:58+08:00
3045,2016-06-30,2016,2,EXACT_MATCH,SELECTED,MOPS_SINGLE_ELIGIBLE_FILING,1,0,0,False,CONSOLIDATED,201602_3045_AI1.pdf,2016-07-27T17:45:43+08:00
3045,2016-09-30,2016,3,EXACT_MATCH,SELECTED,MOPS_SINGLE_ELIGIBLE_FILING,1,0,0,False,CONSOLIDATED,201603_3045_AI1.pdf,2016-10-28T16:38:48+08:00
3045,2016-12-31,2016,4,EXACT_MATCH,SELECTED,MOPS_CONSOLIDATED_PREFERRED_OVER_INDIVIDUAL,2,1,0,False,CONSOLIDATED,201604_3045_AI1.pdf,2017-01-25T18:41:43+08:00
3045,2017-03-31,2017,1,EXACT_MATCH,SELECTED,MOPS_SINGLE_ELIGIBLE_FILING,1,0,0,False,CONSOLIDATED,201701_3045_AI1.pdf,2017-05-04T18:26:27+08:00
3045,2017-06-30,2017,2,EXACT_MATCH,SELECTED,MOPS_SINGLE_ELIGIBLE_FILING,1,0,0,False,CONSOLIDATED,201702_3045_AI1.pdf,2017-08-02T18:01:21+08:00
3045,2017-09-30,2017,3,EXACT_MATCH,SELECTED,MOPS_SINGLE_ELIGIBLE_FILING,1,0,0,False,CONSOLIDATED,201703_3045_AI1.pdf,2017-11-03T17:00:21+08:00
3045,2017-12-31,2017,4,EXACT_MATCH,SELECTED,MOPS_CONSOLIDATED_PREFERRED_OVER_INDIVIDUAL,2,1,0,False,CONSOLIDATED,201704_3045_AI1.pdf,2018-02-01T19:14:47+08:00
3045,2018-03-31,2018,1,EXACT_MATCH,SELECTED,MOPS_SINGLE_ELIGIBLE_FILING,1,0,0,False,CONSOLIDATED,201801_3045_AI1.pdf,2018-04-27T19:10:10+08:00
3045,2018-06-30,2018,2,EXACT_MATCH,SELECTED,MOPS_SINGLE_ELIGIBLE_FILING,1,0,0,False,CONSOLIDATED,201802_3045_AI1.pdf,2018-08-07T16:46:34+08:00
3045,2018-09-30,2018,3,EXACT_MATCH,SELECTED,MOPS_SINGLE_ELIGIBLE_FILING,1,0,0,False,CONSOLIDATED,201803_3045_AI1.pdf,2018-11-05T13:56:48+08:00
3045,2018-12-31,2018,4,EXACT_MATCH,SELECTED,MOPS_CONSOLIDATED_PREFERRED_OVER_INDIVIDUAL,2,1,0,False,CONSOLIDATED,201804_3045_AI1.pdf,2019-02-22T17:35:02+08:00
3045,2019-03-31,2019,1,EXACT_MATCH,SELECTED,MOPS_SINGLE_ELIGIBLE_FILING,1,0,0,False,CONSOLIDATED,201901_3045_AI1.pdf,2019-05-08T17:24:14+08:00
3045,2019-06-30,2019,2,EXACT_MATCH,SELECTED,MOPS_SINGLE_ELIGIBLE_FILING,1,0,0,False,CONSOLIDATED,201902_3045_AI1.pdf,2019-07-25T17:53:38+08:00
3045,2019-09-30,2019,3,EXACT_MATCH,SELECTED,MOPS_SINGLE_ELIGIBLE_FILING,1,0,0,False,CONSOLIDATED,201903_3045_AI1.pdf,2019-11-08T15:20:43+08:00
3045,2019-12-31,2019,4,EXACT_MATCH,SELECTED,MOPS_CONSOLIDATED_PREFERRED_OVER_INDIVIDUAL,2,1,0,False,CONSOLIDATED,201904_3045_AI1.pdf,2020-02-21T20:18:08+08:00
3045,2020-03-31,2020,1,EXACT_MATCH,SELECTED,MOPS_SINGLE_ELIGIBLE_FILING,1,0,0,False,CONSOLIDATED,202001_3045_AI1.pdf,2020-05-05T11:01:24+08:00
3045,2020-06-30,2020,2,EXACT_MATCH,SELECTED,MOPS_SINGLE_ELIGIBLE_FILING,1,0,0,False,CONSOLIDATED,202002_3045_AI1.pdf,2020-08-04T18:18:21+08:00
3045,2020-09-30,2020,3,EXACT_MATCH,SELECTED,MOPS_SINGLE_ELIGIBLE_FILING,1,0,0,False,CONSOLIDATED,202003_3045_AI1.pdf,2020-11-06T15:51:45+08:00
3045,2020-12-31,2020,4,EXACT_MATCH,SELECTED,MOPS_CONSOLIDATED_PREFERRED_OVER_INDIVIDUAL,2,1,0,False,CONSOLIDATED,202004_3045_AI1.pdf,2021-02-25T18:16:45+08:00
3045,2021-03-31,2021,1,EXACT_MATCH,SELECTED,MOPS_SINGLE_ELIGIBLE_FILING,1,0,0,False,CONSOLIDATED,202101_3045_AI1.pdf,2021-05-04T18:38:21+08:00
3045,2021-06-30,2021,2,EXACT_MATCH,SELECTED,MOPS_SINGLE_ELIGIBLE_FILING,1,0,0,False,CONSOLIDATED,202102_3045_AI1.pdf,2021-08-05T16:45:16+08:00
3045,2021-09-30,2021,3,EXACT_MATCH,SELECTED,MOPS_SINGLE_ELIGIBLE_FILING,1,0,0,False,CONSOLIDATED,202103_3045_AI1.pdf,2021-11-04T18:28:33+08:00
3045,2021-12-31,2021,4,EXACT_MATCH,SELECTED,MOPS_CONSOLIDATED_PREFERRED_OVER_INDIVIDUAL,2,1,0,False,CONSOLIDATED,202104_3045_AI1.pdf,2022-02-22T17:37:39+08:00
3045,2022-03-31,2022,1,EXACT_MATCH,SELECTED,MOPS_SINGLE_ELIGIBLE_FILING,1,0,0,False,CONSOLIDATED,202201_3045_AI1.pdf,2022-05-06T18:14:21+08:00
3045,2022-06-30,2022,2,EXACT_MATCH,SELECTED,MOPS_SINGLE_ELIGIBLE_FILING,1,0,0,False,CONSOLIDATED,202202_3045_AI1.pdf,2022-08-05T16:59:46+08:00
3045,2022-09-30,2022,3,EXACT_MATCH,SELECTED,MOPS_SINGLE_ELIGIBLE_FILING,1,0,0,False,CONSOLIDATED,202203_3045_AI1.pdf,2022-11-10T18:22:13+08:00
3045,2022-12-31,2022,4,EXACT_MATCH,SELECTED,MOPS_CONSOLIDATED_PREFERRED_OVER_INDIVIDUAL,2,1,0,False,CONSOLIDATED,202204_3045_AI1.pdf,2023-02-24T21:13:00+08:00
3045,2023-03-31,2023,1,EXACT_MATCH,SELECTED,MOPS_SINGLE_ELIGIBLE_FILING,1,0,0,False,CONSOLIDATED,202301_3045_AI1.pdf,2023-05-08T12:28:07+08:00
3045,2023-06-30,2023,2,EXACT_MATCH,SELECTED,MOPS_SINGLE_ELIGIBLE_FILING,1,0,0,False,CONSOLIDATED,202302_3045_AI1.pdf,2023-08-04T19:15:56+08:00
3045,2023-09-30,2023,3,EXACT_MATCH,SELECTED,MOPS_SINGLE_ELIGIBLE_FILING,1,0,0,False,CONSOLIDATED,202303_3045_AI1.pdf,2023-11-14T17:30:04+08:00
3045,2023-12-31,2023,4,EXACT_MATCH,SELECTED,MOPS_CONSOLIDATED_PREFERRED_OVER_INDIVIDUAL,2,1,0,False,CONSOLIDATED,202304_3045_AI1.pdf,2024-02-27T16:20:01+08:00
3045,2024-03-31,2024,1,EXACT_MATCH,SELECTED,MOPS_SINGLE_ELIGIBLE_FILING,1,0,0,False,CONSOLIDATED,202401_3045_AI1.pdf,2024-05-14T16:56:08+08:00
3045,2024-06-30,2024,2,EXACT_MATCH,SELECTED,MOPS_SINGLE_ELIGIBLE_FILING,1,0,0,False,CONSOLIDATED,202402_3045_AI1.pdf,2024-08-09T13:51:01+08:00
3045,2024-09-30,2024,3,EXACT_MATCH,SELECTED,MOPS_SINGLE_ELIGIBLE_FILING,1,0,0,False,CONSOLIDATED,202403_3045_AI1.pdf,2024-11-13T16:04:44+08:00
3045,2024-12-31,2024,4,EXACT_MATCH,SELECTED,MOPS_CONSOLIDATED_PREFERRED_OVER_INDIVIDUAL,2,1,0,False,CONSOLIDATED,202404_3045_AI1.pdf,2025-02-27T19:41:08+08:00
3045,2025-03-31,2025,1,EXACT_MATCH,SELECTED,MOPS_SINGLE_ELIGIBLE_FILING,1,0,0,False,CONSOLIDATED,202501_3045_AI1.pdf,2025-05-13T16:51:49+08:00
3045,2025-06-30,2025,2,EXACT_MATCH,SELECTED,MOPS_SINGLE_ELIGIBLE_FILING,1,0,0,False,CONSOLIDATED,202502_3045_AI1.pdf,2025-08-07T21:40:22+08:00
3045,2025-09-30,2025,3,EXACT_MATCH,SELECTED,MOPS_SINGLE_ELIGIBLE_FILING,1,0,0,False,CONSOLIDATED,202503_3045_AI1.pdf,2025-11-12T17:40:46+08:00
3045,2025-12-31,2025,4,EXACT_MATCH,SELECTED,MOPS_CONSOLIDATED_PREFERRED_OVER_INDIVIDUAL,2,1,0,False,CONSOLIDATED,202504_3045_AI1.pdf,2026-03-16T13:34:39+08:00
3045,2026-03-31,2026,1,EXACT_MATCH,SELECTED,MOPS_SINGLE_ELIGIBLE_FILING,1,0,0,False,CONSOLIDATED,202601_3045_AI1.pdf,2026-05-13T16:29:32+08:00
3045,2026-06-30,2026,2,EXACT_MATCH,SELECTED,MOPS_SINGLE_ELIGIBLE_FILING,1,0,0,False,CONSOLIDATED,202602_3045_AI1.pdf,2026-08-05T17:15:59+08:00
3231,2016-03-31,2016,1,EXACT_MATCH,SELECTED,MOPS_SINGLE_ELIGIBLE_FILING,1,0,0,False,CONSOLIDATED,201601_3231_AI1.pdf,2016-05-16T10:13:47+08:00
3231,2016-06-30,2016,2,EXACT_MATCH,SELECTED,MOPS_SINGLE_ELIGIBLE_FILING,1,0,0,False,CONSOLIDATED,201602_3231_AI1.pdf,2016-08-15T11:17:48+08:00
3231,2016-09-30,2016,3,EXACT_MATCH,SELECTED,MOPS_SINGLE_ELIGIBLE_FILING,1,0,0,False,CONSOLIDATED,201603_3231_AI1.pdf,2016-11-14T09:31:44+08:00
3231,2016-12-31,2016,4,EXACT_MATCH,SELECTED,MOPS_CONSOLIDATED_PREFERRED_OVER_INDIVIDUAL,2,1,0,False,CONSOLIDATED,201604_3231_AI1.pdf,2017-03-28T18:25:27+08:00
3231,2017-03-31,2017,1,EXACT_MATCH,SELECTED,MOPS_SINGLE_ELIGIBLE_FILING,1,0,0,False,CONSOLIDATED,201701_3231_AI1.pdf,2017-05-12T08:40:50+08:00
3231,2017-06-30,2017,2,EXACT_MATCH,SELECTED,MOPS_SINGLE_ELIGIBLE_FILING,1,0,0,False,CONSOLIDATED,201702_3231_AI1.pdf,2017-08-14T10:15:45+08:00
3231,2017-09-30,2017,3,EXACT_MATCH,SELECTED,MOPS_SINGLE_ELIGIBLE_FILING,1,0,0,False,CONSOLIDATED,201703_3231_AI1.pdf,2017-11-13T14:54:12+08:00
3231,2017-12-31,2017,4,EXACT_MATCH,SELECTED,MOPS_CONSOLIDATED_PREFERRED_OVER_INDIVIDUAL,2,1,0,False,CONSOLIDATED,201704_3231_AI1.pdf,2018-03-14T16:33:23+08:00
3231,2018-03-31,2018,1,EXACT_MATCH,SELECTED,MOPS_SINGLE_ELIGIBLE_FILING,1,0,0,False,CONSOLIDATED,201801_3231_AI1.pdf,2018-05-15T10:26:42+08:00
3231,2018-06-30,2018,2,EXACT_MATCH,SELECTED,MOPS_SINGLE_ELIGIBLE_FILING,1,0,0,False,CONSOLIDATED,201802_3231_AI1.pdf,2018-08-13T16:50:27+08:00
3231,2018-09-30,2018,3,EXACT_MATCH,SELECTED,MOPS_SINGLE_ELIGIBLE_FILING,1,0,0,False,CONSOLIDATED,201803_3231_AI1.pdf,2018-11-13T13:49:32+08:00
3231,2018-12-31,2018,4,EXACT_MATCH,SELECTED,MOPS_CONSOLIDATED_PREFERRED_OVER_INDIVIDUAL,2,1,0,False,CONSOLIDATED,201804_3231_AI1.pdf,2019-03-28T16:08:55+08:00
3231,2019-03-31,2019,1,EXACT_MATCH,SELECTED,MOPS_SINGLE_ELIGIBLE_FILING,1,0,0,False,CONSOLIDATED,201901_3231_AI1.pdf,2019-05-14T14:23:41+08:00
3231,2019-06-30,2019,2,EXACT_MATCH,SELECTED,MOPS_SINGLE_ELIGIBLE_FILING,1,0,0,False,CONSOLIDATED,201902_3231_AI1.pdf,2019-08-13T10:10:08+08:00
3231,2019-09-30,2019,3,EXACT_MATCH,SELECTED,MOPS_SINGLE_ELIGIBLE_FILING,1,0,0,False,CONSOLIDATED,201903_3231_AI1.pdf,2019-11-13T15:31:36+08:00
3231,2019-12-31,2019,4,EXACT_MATCH,SELECTED,MOPS_CONSOLIDATED_PREFERRED_OVER_INDIVIDUAL,2,1,0,False,CONSOLIDATED,201904_3231_AI1.pdf,2020-03-25T14:57:48+08:00
3231,2020-03-31,2020,1,EXACT_MATCH,SELECTED,MOPS_SINGLE_ELIGIBLE_FILING,1,0,0,False,CONSOLIDATED,202001_3231_AI1.pdf,2020-05-14T16:20:32+08:00
3231,2020-06-30,2020,2,EXACT_MATCH,SELECTED,MOPS_SINGLE_ELIGIBLE_FILING,1,0,0,False,CONSOLIDATED,202002_3231_AI1.pdf,2020-08-13T16:09:24+08:00
3231,2020-09-30,2020,3,EXACT_MATCH,SELECTED,MOPS_SINGLE_ELIGIBLE_FILING,1,0,0,False,CONSOLIDATED,202003_3231_AI1.pdf,2020-11-13T10:53:29+08:00
3231,2020-12-31,2020,4,EXACT_MATCH,SELECTED,MOPS_CONSOLIDATED_PREFERRED_OVER_INDIVIDUAL,2,1,0,False,CONSOLIDATED,202004_3231_AI1.pdf,2021-03-25T14:55:20+08:00
3231,2021-03-31,2021,1,EXACT_MATCH,SELECTED,MOPS_SINGLE_ELIGIBLE_FILING,1,0,0,False,CONSOLIDATED,202101_3231_AI1.pdf,2021-05-11T11:21:48+08:00
3231,2021-06-30,2021,2,EXACT_MATCH,SELECTED,MOPS_SINGLE_ELIGIBLE_FILING,1,0,0,False,CONSOLIDATED,202102_3231_AI1.pdf,2021-08-09T14:03:19+08:00
3231,2021-09-30,2021,3,EXACT_MATCH,SELECTED,MOPS_SINGLE_ELIGIBLE_FILING,1,0,0,False,CONSOLIDATED,202103_3231_AI1.pdf,2021-11-09T11:49:38+08:00
3231,2021-12-31,2021,4,EXACT_MATCH,SELECTED,MOPS_CONSOLIDATED_PREFERRED_OVER_INDIVIDUAL,2,1,0,False,CONSOLIDATED,202104_3231_AI1.pdf,2022-03-18T14:59:34+08:00
3231,2022-03-31,2022,1,EXACT_MATCH,SELECTED,MOPS_SINGLE_ELIGIBLE_FILING,1,0,0,False,CONSOLIDATED,202201_3231_AI1.pdf,2022-05-11T09:09:36+08:00
3231,2022-06-30,2022,2,EXACT_MATCH,SELECTED,MOPS_SINGLE_ELIGIBLE_FILING,1,0,0,False,CONSOLIDATED,202202_3231_AI1.pdf,2022-08-10T14:24:30+08:00
3231,2022-09-30,2022,3,EXACT_MATCH,SELECTED,MOPS_SINGLE_ELIGIBLE_FILING,1,0,0,False,CONSOLIDATED,202203_3231_AI1.pdf,2022-11-10T11:07:48+08:00
3231,2022-12-31,2022,4,EXACT_MATCH,SELECTED,MOPS_CONSOLIDATED_PREFERRED_OVER_INDIVIDUAL,2,1,0,False,CONSOLIDATED,202204_3231_AI1.pdf,2023-03-15T13:21:02+08:00
3231,2023-03-31,2023,1,EXACT_MATCH,SELECTED,MOPS_SINGLE_ELIGIBLE_FILING,1,0,0,False,CONSOLIDATED,202301_3231_AI1.pdf,2023-05-12T12:03:38+08:00
3231,2023-06-30,2023,2,EXACT_MATCH,SELECTED,MOPS_SINGLE_ELIGIBLE_FILING,1,0,0,False,CONSOLIDATED,202302_3231_AI1.pdf,2023-08-09T15:15:17+08:00
3231,2023-09-30,2023,3,EXACT_MATCH,SELECTED,MOPS_SINGLE_ELIGIBLE_FILING,1,0,0,False,CONSOLIDATED,202303_3231_AI1.pdf,2023-11-10T16:26:21+08:00
3231,2023-12-31,2023,4,EXACT_MATCH,SELECTED,MOPS_CONSOLIDATED_PREFERRED_OVER_INDIVIDUAL,2,1,0,False,CONSOLIDATED,202304_3231_AI1.pdf,2024-03-12T17:42:49+08:00
3231,2024-03-31,2024,1,EXACT_MATCH,SELECTED,MOPS_SINGLE_ELIGIBLE_FILING,1,0,0,False,CONSOLIDATED,202401_3231_AI1.pdf,2024-05-14T14:05:51+08:00
3231,2024-06-30,2024,2,EXACT_MATCH,SELECTED,MOPS_SINGLE_ELIGIBLE_FILING,1,0,0,False,CONSOLIDATED,202402_3231_AI1.pdf,2024-08-13T14:11:02+08:00
3231,2024-09-30,2024,3,EXACT_MATCH,SELECTED,MOPS_SINGLE_ELIGIBLE_FILING,1,0,0,False,CONSOLIDATED,202403_3231_AI1.pdf,2024-11-13T17:15:40+08:00
3231,2024-12-31,2024,4,EXACT_MATCH,SELECTED,MOPS_CONSOLIDATED_PREFERRED_OVER_INDIVIDUAL,2,1,0,False,CONSOLIDATED,202404_3231_AI1.pdf,2025-03-07T16:04:51+08:00
3231,2025-03-31,2025,1,EXACT_MATCH,SELECTED,MOPS_SINGLE_ELIGIBLE_FILING,1,0,0,False,CONSOLIDATED,202501_3231_AI1.pdf,2025-05-09T13:45:50+08:00
3231,2025-06-30,2025,2,EXACT_MATCH,SELECTED,MOPS_SINGLE_ELIGIBLE_FILING,1,0,0,False,CONSOLIDATED,202502_3231_AI1.pdf,2025-08-13T16:22:27+08:00
3231,2025-09-30,2025,3,EXACT_MATCH,SELECTED,MOPS_SINGLE_ELIGIBLE_FILING,1,0,0,False,CONSOLIDATED,202503_3231_AI1.pdf,2025-11-13T10:28:43+08:00
3231,2025-12-31,2025,4,EXACT_MATCH,SELECTED,MOPS_CONSOLIDATED_PREFERRED_OVER_INDIVIDUAL,2,1,0,False,CONSOLIDATED,202504_3231_AI1.pdf,2026-03-13T16:07:35+08:00
3231,2026-03-31,2026,1,EXACT_MATCH,SELECTED,MOPS_SINGLE_ELIGIBLE_FILING,1,0,0,False,CONSOLIDATED,202601_3231_AI1.pdf,2026-05-13T15:59:40+08:00
3231,2026-06-30,2026,2,EXACT_MATCH,SELECTED,MOPS_SINGLE_ELIGIBLE_FILING,1,0,0,False,CONSOLIDATED,202602_3231_AI1.pdf,2026-08-11T08:44:59+08:00
3443,2016-03-31,2016,1,EXACT_MATCH,SELECTED,MOPS_SINGLE_ELIGIBLE_FILING,1,0,0,False,CONSOLIDATED,201601_3443_AI1.pdf,2016-05-10T17:29:01+08:00
3443,2016-06-30,2016,2,EXACT_MATCH,SELECTED,MOPS_SINGLE_ELIGIBLE_FILING,1,0,0,False,CONSOLIDATED,201602_3443_AI1.pdf,2016-08-11T14:13:22+08:00
3443,2016-09-30,2016,3,EXACT_MATCH,SELECTED,MOPS_SINGLE_ELIGIBLE_FILING,1,0,0,False,CONSOLIDATED,201603_3443_AI1.pdf,2016-11-10T16:31:05+08:00
3443,2016-12-31,2016,4,EXACT_MATCH,SELECTED,MOPS_CONSOLIDATED_PREFERRED_OVER_INDIVIDUAL,2,1,0,False,CONSOLIDATED,201604_3443_AI1.pdf,2017-02-16T16:03:13+08:00
3443,2017-03-31,2017,1,EXACT_MATCH,SELECTED,MOPS_SINGLE_ELIGIBLE_FILING,1,0,0,False,CONSOLIDATED,201701_3443_AI1.pdf,2017-05-11T10:28:29+08:00
3443,2017-06-30,2017,2,EXACT_MATCH,SELECTED,MOPS_SINGLE_ELIGIBLE_FILING,1,0,0,False,CONSOLIDATED,201702_3443_AI1.pdf,2017-08-10T13:55:42+08:00
3443,2017-09-30,2017,3,EXACT_MATCH,SELECTED,MOPS_SINGLE_ELIGIBLE_FILING,1,0,0,False,CONSOLIDATED,201703_3443_AI1.pdf,2017-11-09T13:45:29+08:00
3443,2017-12-31,2017,4,EXACT_MATCH,SELECTED,MOPS_CONSOLIDATED_PREFERRED_OVER_INDIVIDUAL,2,1,0,False,CONSOLIDATED,201704_3443_AI1.pdf,2018-02-08T14:26:19+08:00
3443,2018-03-31,2018,1,EXACT_MATCH,SELECTED,MOPS_SINGLE_ELIGIBLE_FILING,1,0,0,False,CONSOLIDATED,201801_3443_AI1.pdf,2018-05-04T15:19:37+08:00
3443,2018-06-30,2018,2,EXACT_MATCH,SELECTED,MOPS_SINGLE_ELIGIBLE_FILING,1,0,0,False,CONSOLIDATED,201802_3443_AI1.pdf,2018-08-03T17:45:07+08:00
3443,2018-09-30,2018,3,EXACT_MATCH,SELECTED,MOPS_SINGLE_ELIGIBLE_FILING,1,0,0,False,CONSOLIDATED,201803_3443_AI1.pdf,2018-11-01T16:12:19+08:00
3443,2018-12-31,2018,4,EXACT_MATCH,SELECTED,MOPS_CONSOLIDATED_PREFERRED_OVER_INDIVIDUAL,2,1,0,False,CONSOLIDATED,201804_3443_AI1.pdf,2019-01-31T17:27:24+08:00
3443,2019-03-31,2019,1,EXACT_MATCH,SELECTED,MOPS_SINGLE_ELIGIBLE_FILING,1,0,0,False,CONSOLIDATED,201901_3443_AI1.pdf,2019-05-02T17:11:54+08:00
3443,2019-06-30,2019,2,EXACT_MATCH,SELECTED,MOPS_SINGLE_ELIGIBLE_FILING,1,0,0,False,CONSOLIDATED,201902_3443_AI1.pdf,2019-08-01T15:20:30+08:00
3443,2019-09-30,2019,3,EXACT_MATCH,SELECTED,MOPS_SINGLE_ELIGIBLE_FILING,1,0,0,False,CONSOLIDATED,201903_3443_AI1.pdf,2019-10-31T15:51:50+08:00
3443,2019-12-31,2019,4,EXACT_MATCH,SELECTED,MOPS_CONSOLIDATED_PREFERRED_OVER_INDIVIDUAL,2,1,0,False,CONSOLIDATED,201904_3443_AI1.pdf,2020-02-06T16:07:42+08:00
3443,2020-03-31,2020,1,EXACT_MATCH,SELECTED,MOPS_SINGLE_ELIGIBLE_FILING,1,0,0,False,CONSOLIDATED,202001_3443_AI1.pdf,2020-05-07T17:08:40+08:00
3443,2020-06-30,2020,2,EXACT_MATCH,SELECTED,MOPS_SINGLE_ELIGIBLE_FILING,1,0,0,False,CONSOLIDATED,202002_3443_AI1.pdf,2020-07-30T17:08:55+08:00
3443,2020-09-30,2020,3,EXACT_MATCH,SELECTED,MOPS_SINGLE_ELIGIBLE_FILING,1,0,0,False,CONSOLIDATED,202003_3443_AI1.pdf,2020-11-05T17:07:51+08:00
3443,2020-12-31,2020,4,EXACT_MATCH,SELECTED,MOPS_CONSOLIDATED_PREFERRED_OVER_INDIVIDUAL,2,1,0,False,CONSOLIDATED,202004_3443_AI1.pdf,2021-01-28T16:57:11+08:00
3443,2021-03-31,2021,1,EXACT_MATCH,SELECTED,MOPS_SINGLE_ELIGIBLE_FILING,1,0,0,False,CONSOLIDATED,202101_3443_AI1.pdf,2021-04-29T17:06:18+08:00
3443,2021-06-30,2021,2,EXACT_MATCH,SELECTED,MOPS_SINGLE_ELIGIBLE_FILING,1,0,0,False,CONSOLIDATED,202102_3443_AI1.pdf,2021-07-29T17:06:15+08:00
3443,2021-09-30,2021,3,EXACT_MATCH,SELECTED,MOPS_SINGLE_ELIGIBLE_FILING,1,0,0,False,CONSOLIDATED,202103_3443_AI1.pdf,2021-10-28T16:46:57+08:00
3443,2021-12-31,2021,4,EXACT_MATCH,SELECTED,MOPS_CONSOLIDATED_PREFERRED_OVER_INDIVIDUAL,2,1,0,False,CONSOLIDATED,202104_3443_AI1.pdf,2022-01-26T16:24:47+08:00
3443,2022-03-31,2022,1,EXACT_MATCH,SELECTED,MOPS_SINGLE_ELIGIBLE_FILING,1,0,0,False,CONSOLIDATED,202201_3443_AI1.pdf,2022-04-28T17:25:11+08:00
3443,2022-06-30,2022,2,EXACT_MATCH,SELECTED,MOPS_SINGLE_ELIGIBLE_FILING,1,0,0,False,CONSOLIDATED,202202_3443_AI1.pdf,2022-07-28T16:36:42+08:00
3443,2022-09-30,2022,3,EXACT_MATCH,SELECTED,MOPS_SINGLE_ELIGIBLE_FILING,1,0,0,False,CONSOLIDATED,202203_3443_AI1.pdf,2022-10-27T17:04:58+08:00
3443,2022-12-31,2022,4,EXACT_MATCH,SELECTED,MOPS_CONSOLIDATED_PREFERRED_OVER_INDIVIDUAL,2,1,0,False,CONSOLIDATED,202204_3443_AI1.pdf,2023-02-02T18:01:13+08:00
3443,2023-03-31,2023,1,EXACT_MATCH,SELECTED,MOPS_SINGLE_ELIGIBLE_FILING,1,0,0,False,CONSOLIDATED,202301_3443_AI1.pdf,2023-04-27T17:08:29+08:00
3443,2023-06-30,2023,2,EXACT_MATCH,SELECTED,MOPS_SINGLE_ELIGIBLE_FILING,1,0,0,False,CONSOLIDATED,202302_3443_AI1.pdf,2023-07-27T16:42:22+08:00
3443,2023-09-30,2023,3,EXACT_MATCH,SELECTED,MOPS_SINGLE_ELIGIBLE_FILING,1,0,0,False,CONSOLIDATED,202303_3443_AI1.pdf,2023-10-26T16:30:57+08:00
3443,2023-12-31,2023,4,EXACT_MATCH,SELECTED,MOPS_CONSOLIDATED_PREFERRED_OVER_INDIVIDUAL,2,1,0,False,CONSOLIDATED,202304_3443_AI1.pdf,2024-01-31T17:11:44+08:00
3443,2024-03-31,2024,1,EXACT_MATCH,SELECTED,MOPS_SINGLE_ELIGIBLE_FILING,1,0,0,False,CONSOLIDATED,202401_3443_AI1.pdf,2024-04-25T17:03:53+08:00
3443,2024-06-30,2024,2,EXACT_MATCH,SELECTED,MOPS_SINGLE_ELIGIBLE_FILING,1,0,0,False,CONSOLIDATED,202402_3443_AI1.pdf,2024-07-25T15:44:15+08:00
3443,2024-09-30,2024,3,EXACT_MATCH,SELECTED,MOPS_SINGLE_ELIGIBLE_FILING,1,0,0,False,CONSOLIDATED,202403_3443_AI1.pdf,2024-10-31T16:14:24+08:00
3443,2024-12-31,2024,4,EXACT_MATCH,SELECTED,MOPS_CONSOLIDATED_PREFERRED_OVER_INDIVIDUAL,2,1,0,False,CONSOLIDATED,202404_3443_AI1.pdf,2025-01-23T17:43:45+08:00
3443,2025-03-31,2025,1,EXACT_MATCH,SELECTED,MOPS_SINGLE_ELIGIBLE_FILING,1,0,0,False,CONSOLIDATED,202501_3443_AI1.pdf,2025-04-24T17:57:40+08:00
3443,2025-06-30,2025,2,EXACT_MATCH,SELECTED,MOPS_SINGLE_ELIGIBLE_FILING,1,0,0,False,CONSOLIDATED,202502_3443_AI1.pdf,2025-07-31T17:02:14+08:00
3443,2025-09-30,2025,3,EXACT_MATCH,SELECTED,MOPS_SINGLE_ELIGIBLE_FILING,1,0,0,False,CONSOLIDATED,202503_3443_AI1.pdf,2025-10-30T16:16:10+08:00
3443,2025-12-31,2025,4,EXACT_MATCH,SELECTED,MOPS_CONSOLIDATED_PREFERRED_OVER_INDIVIDUAL,2,1,0,False,CONSOLIDATED,202504_3443_AI1.pdf,2026-01-29T17:15:11+08:00
3443,2026-03-31,2026,1,EXACT_MATCH,SELECTED,MOPS_SINGLE_ELIGIBLE_FILING,1,0,0,False,CONSOLIDATED,202601_3443_AI1.pdf,2026-04-30T17:39:51+08:00
3443,2026-06-30,2026,2,EXACT_MATCH,SELECTED,MOPS_SINGLE_ELIGIBLE_FILING,1,0,0,False,CONSOLIDATED,202602_3443_AI1.pdf,2026-07-30T15:42:26+08:00
3653,2016-03-31,2016,1,EXACT_MATCH,SELECTED,MOPS_SINGLE_ELIGIBLE_FILING,1,0,0,False,CONSOLIDATED,201601_3653_AI1.pdf,2016-04-25T17:20:50+08:00
3653,2016-06-30,2016,2,EXACT_MATCH,SELECTED,MOPS_SINGLE_ELIGIBLE_FILING,1,0,0,False,CONSOLIDATED,201602_3653_AI1.pdf,2016-08-12T16:05:10+08:00
3653,2016-09-30,2016,3,EXACT_MATCH,SELECTED,MOPS_SINGLE_ELIGIBLE_FILING,1,0,0,False,CONSOLIDATED,201603_3653_AI1.pdf,2016-11-11T16:27:06+08:00
3653,2016-12-31,2016,4,EXACT_MATCH,SELECTED,MOPS_CONSOLIDATED_PREFERRED_OVER_INDIVIDUAL,2,1,0,False,CONSOLIDATED,201604_3653_AI1.pdf,2017-03-15T17:09:26+08:00
3653,2017-03-31,2017,1,EXACT_MATCH,SELECTED,MOPS_SINGLE_ELIGIBLE_FILING,1,0,0,False,CONSOLIDATED,201701_3653_AI1.pdf,2017-04-25T14:14:29+08:00
3653,2017-06-30,2017,2,EXACT_MATCH,SELECTED,MOPS_SINGLE_ELIGIBLE_FILING,1,0,0,False,CONSOLIDATED,201702_3653_AI1.pdf,2017-08-11T16:05:24+08:00
3653,2017-09-30,2017,3,EXACT_MATCH,SELECTED,MOPS_SINGLE_ELIGIBLE_FILING,1,0,0,False,CONSOLIDATED,201703_3653_AI1.pdf,2017-11-10T09:14:43+08:00
3653,2017-12-31,2017,4,EXACT_MATCH,SELECTED,MOPS_CONSOLIDATED_PREFERRED_OVER_INDIVIDUAL,2,1,0,False,CONSOLIDATED,201704_3653_AI1.pdf,2018-03-30T11:33:16+08:00
3653,2018-03-31,2018,1,EXACT_MATCH,SELECTED,MOPS_SINGLE_ELIGIBLE_FILING,1,0,0,False,CONSOLIDATED,201801_3653_AI1.pdf,2018-05-11T18:23:39+08:00
3653,2018-06-30,2018,2,EXACT_MATCH,SELECTED,MOPS_SINGLE_ELIGIBLE_FILING,1,0,0,False,CONSOLIDATED,201802_3653_AI1.pdf,2018-08-13T09:56:36+08:00
3653,2018-09-30,2018,3,EXACT_MATCH,SELECTED,MOPS_SINGLE_ELIGIBLE_FILING,1,0,0,False,CONSOLIDATED,201803_3653_AI1.pdf,2018-11-13T15:31:31+08:00
3653,2018-12-31,2018,4,EXACT_MATCH,SELECTED,MOPS_CONSOLIDATED_PREFERRED_OVER_INDIVIDUAL,2,1,0,False,CONSOLIDATED,201804_3653_AI1.pdf,2019-03-21T20:35:13+08:00
3653,2019-03-31,2019,1,EXACT_MATCH,SELECTED,MOPS_SINGLE_ELIGIBLE_FILING,1,0,0,False,CONSOLIDATED,201901_3653_AI1.pdf,2019-05-03T17:58:55+08:00
3653,2019-06-30,2019,2,EXACT_MATCH,SELECTED,MOPS_SINGLE_ELIGIBLE_FILING,1,0,0,False,CONSOLIDATED,201902_3653_AI1.pdf,2019-08-08T21:06:44+08:00
3653,2019-09-30,2019,3,EXACT_MATCH,SELECTED,MOPS_SINGLE_ELIGIBLE_FILING,1,0,0,False,CONSOLIDATED,201903_3653_AI1.pdf,2019-11-11T17:48:41+08:00
3653,2019-12-31,2019,4,EXACT_MATCH,SELECTED,MOPS_CONSOLIDATED_PREFERRED_OVER_INDIVIDUAL,2,1,0,False,CONSOLIDATED,201904_3653_AI1.pdf,2020-03-25T18:31:36+08:00
3653,2020-03-31,2020,1,EXACT_MATCH,SELECTED,MOPS_SINGLE_ELIGIBLE_FILING,1,0,0,False,CONSOLIDATED,202001_3653_AI1.pdf,2020-05-07T16:26:13+08:00
3653,2020-06-30,2020,2,EXACT_MATCH,SELECTED,MOPS_SINGLE_ELIGIBLE_FILING,1,0,0,False,CONSOLIDATED,202002_3653_AI1.pdf,2020-08-05T18:23:36+08:00
3653,2020-09-30,2020,3,EXACT_MATCH,SELECTED,MOPS_SINGLE_ELIGIBLE_FILING,1,0,0,False,CONSOLIDATED,202003_3653_AI1.pdf,2020-11-09T17:29:42+08:00
3653,2020-12-31,2020,4,EXACT_MATCH,SELECTED,MOPS_CONSOLIDATED_PREFERRED_OVER_INDIVIDUAL,2,1,0,False,CONSOLIDATED,202004_3653_AI1.pdf,2021-03-24T18:42:43+08:00
3653,2021-03-31,2021,1,EXACT_MATCH,SELECTED,MOPS_SINGLE_ELIGIBLE_FILING,1,0,0,False,CONSOLIDATED,202101_3653_AI1.pdf,2021-05-10T15:47:39+08:00
3653,2021-06-30,2021,2,EXACT_MATCH,SELECTED,MOPS_SINGLE_ELIGIBLE_FILING,1,0,0,False,CONSOLIDATED,202102_3653_AI1.pdf,2021-08-04T17:00:07+08:00
3653,2021-09-30,2021,3,EXACT_MATCH,SELECTED,MOPS_SINGLE_ELIGIBLE_FILING,1,0,0,False,CONSOLIDATED,202103_3653_AI1.pdf,2021-11-08T17:09:18+08:00
3653,2021-12-31,2021,4,EXACT_MATCH,SELECTED,MOPS_CONSOLIDATED_PREFERRED_OVER_INDIVIDUAL,2,1,0,False,CONSOLIDATED,202104_3653_AI1.pdf,2022-03-21T16:18:16+08:00
3653,2022-03-31,2022,1,EXACT_MATCH,SELECTED,MOPS_SINGLE_ELIGIBLE_FILING,1,0,0,False,CONSOLIDATED,202201_3653_AI1.pdf,2022-05-09T18:32:43+08:00
3653,2022-06-30,2022,2,EXACT_MATCH,SELECTED,MOPS_SINGLE_ELIGIBLE_FILING,1,0,0,False,CONSOLIDATED,202202_3653_AI1.pdf,2022-08-08T17:09:54+08:00
3653,2022-09-30,2022,3,EXACT_MATCH,SELECTED,MOPS_SINGLE_ELIGIBLE_FILING,1,0,0,False,CONSOLIDATED,202203_3653_AI1.pdf,2022-11-07T17:57:01+08:00
3653,2022-12-31,2022,4,EXACT_MATCH,SELECTED,MOPS_CONSOLIDATED_PREFERRED_OVER_INDIVIDUAL,2,1,0,False,CONSOLIDATED,202204_3653_AI1.pdf,2023-03-22T15:56:16+08:00
3653,2023-03-31,2023,1,EXACT_MATCH,SELECTED,MOPS_SINGLE_ELIGIBLE_FILING,1,0,0,False,CONSOLIDATED,202301_3653_AI1.pdf,2023-05-08T17:06:18+08:00
3653,2023-06-30,2023,2,EXACT_MATCH,SELECTED,MOPS_SINGLE_ELIGIBLE_FILING,1,0,0,False,CONSOLIDATED,202302_3653_AI1.pdf,2023-08-09T17:41:59+08:00
3653,2023-09-30,2023,3,EXACT_MATCH,SELECTED,MOPS_SINGLE_ELIGIBLE_FILING,1,0,0,False,CONSOLIDATED,202303_3653_AI1.pdf,2023-11-06T17:05:40+08:00
3653,2023-12-31,2023,4,EXACT_MATCH,SELECTED,MOPS_CONSOLIDATED_PREFERRED_OVER_INDIVIDUAL,2,1,0,False,CONSOLIDATED,202304_3653_AI1.pdf,2024-03-11T17:04:58+08:00
3653,2024-03-31,2024,1,EXACT_MATCH,SELECTED,MOPS_SINGLE_ELIGIBLE_FILING,1,0,0,False,CONSOLIDATED,202401_3653_AI1.pdf,2024-05-14T09:40:55+08:00
3653,2024-06-30,2024,2,EXACT_MATCH,SELECTED,MOPS_SINGLE_ELIGIBLE_FILING,1,0,0,False,CONSOLIDATED,202402_3653_AI1.pdf,2024-08-08T19:06:44+08:00
3653,2024-09-30,2024,3,EXACT_MATCH,SELECTED,MOPS_SINGLE_ELIGIBLE_FILING,1,0,0,False,CONSOLIDATED,202403_3653_AI1.pdf,2024-11-12T13:58:01+08:00
3653,2024-12-31,2024,4,EXACT_MATCH,SELECTED,MOPS_CONSOLIDATED_PREFERRED_OVER_INDIVIDUAL,2,1,0,False,CONSOLIDATED,202404_3653_AI1.pdf,2025-02-26T17:44:20+08:00
3653,2025-03-31,2025,1,EXACT_MATCH,SELECTED,MOPS_SINGLE_ELIGIBLE_FILING,1,0,0,False,CONSOLIDATED,202501_3653_AI1.pdf,2025-05-14T16:35:21+08:00
3653,2025-06-30,2025,2,EXACT_MATCH,SELECTED,MOPS_SINGLE_ELIGIBLE_FILING,1,0,0,False,CONSOLIDATED,202502_3653_AI1.pdf,2025-08-13T17:02:25+08:00
3653,2025-09-30,2025,3,EXACT_MATCH,SELECTED,MOPS_SINGLE_ELIGIBLE_FILING,1,0,0,False,CONSOLIDATED,202503_3653_AI1.pdf,2025-11-13T15:01:35+08:00
3653,2025-12-31,2025,4,EXACT_MATCH,SELECTED,MOPS_CONSOLIDATED_PREFERRED_OVER_INDIVIDUAL,2,1,0,False,CONSOLIDATED,202504_3653_AI1.pdf,2026-03-12T19:15:25+08:00
3653,2026-03-31,2026,1,EXACT_MATCH,SELECTED,MOPS_SINGLE_ELIGIBLE_FILING,1,0,0,False,CONSOLIDATED,202601_3653_AI1.pdf,2026-05-12T19:25:31+08:00
3653,2026-06-30,2026,2,EXACT_MATCH,SELECTED,MOPS_SINGLE_ELIGIBLE_FILING,1,0,0,False,CONSOLIDATED,202602_3653_AI1.pdf,2026-08-12T16:53:25+08:00
3661,2016-03-31,2016,1,EXACT_MATCH,SELECTED,MOPS_SINGLE_ELIGIBLE_FILING,1,0,0,False,CONSOLIDATED,201601_3661_AI1.pdf,2016-05-13T15:18:40+08:00
3661,2016-06-30,2016,2,EXACT_MATCH,SELECTED,MOPS_SINGLE_ELIGIBLE_FILING,1,0,0,False,CONSOLIDATED,201602_3661_AI1.pdf,2016-08-12T15:01:33+08:00
3661,2016-09-30,2016,3,EXACT_MATCH,SELECTED,MOPS_SINGLE_ELIGIBLE_FILING,1,0,0,False,CONSOLIDATED,201603_3661_AI1.pdf,2016-11-14T14:28:20+08:00
3661,2016-12-31,2016,4,EXACT_MATCH,SELECTED,MOPS_SINGLE_ELIGIBLE_FILING,1,0,0,False,CONSOLIDATED,201604_3661_AI1.pdf,2017-03-30T16:17:14+08:00
3661,2017-03-31,2017,1,EXACT_MATCH,SELECTED,MOPS_SINGLE_ELIGIBLE_FILING,1,0,0,False,CONSOLIDATED,201701_3661_AI1.pdf,2017-05-12T15:46:18+08:00
3661,2017-06-30,2017,2,EXACT_MATCH,SELECTED,MOPS_SINGLE_ELIGIBLE_FILING,1,0,0,False,CONSOLIDATED,201702_3661_AI1.pdf,2017-08-11T17:13:09+08:00
3661,2017-09-30,2017,3,EXACT_MATCH,SELECTED,MOPS_SINGLE_ELIGIBLE_FILING,1,0,0,False,CONSOLIDATED,201703_3661_AI1.pdf,2017-11-10T16:24:07+08:00
3661,2017-12-31,2017,4,EXACT_MATCH,SELECTED,MOPS_SINGLE_ELIGIBLE_FILING,1,0,0,False,CONSOLIDATED,201704_3661_AI1.pdf,2018-03-30T15:17:50+08:00
3661,2018-03-31,2018,1,EXACT_MATCH,SELECTED,MOPS_SINGLE_ELIGIBLE_FILING,1,0,0,False,CONSOLIDATED,201801_3661_AI1.pdf,2018-05-15T14:36:19+08:00
3661,2018-06-30,2018,2,EXACT_MATCH,SELECTED,MOPS_SINGLE_ELIGIBLE_FILING,1,0,0,False,CONSOLIDATED,201802_3661_AI1.pdf,2018-08-13T16:39:38+08:00
3661,2018-09-30,2018,3,EXACT_MATCH,SELECTED,MOPS_SINGLE_ELIGIBLE_FILING,1,0,0,False,CONSOLIDATED,201803_3661_AI1.pdf,2018-11-13T15:53:56+08:00
3661,2018-12-31,2018,4,EXACT_MATCH,SELECTED,MOPS_SINGLE_ELIGIBLE_FILING,1,0,0,False,CONSOLIDATED,201804_3661_AI1.pdf,2019-03-29T15:29:55+08:00
3661,2019-03-31,2019,1,EXACT_MATCH,SELECTED,MOPS_SINGLE_ELIGIBLE_FILING,1,0,0,False,CONSOLIDATED,201901_3661_AI1.pdf,2019-05-14T15:07:52+08:00
3661,2019-06-30,2019,2,EXACT_MATCH,SELECTED,MOPS_SINGLE_ELIGIBLE_FILING,1,0,0,False,CONSOLIDATED,201902_3661_AI1.pdf,2019-08-13T14:22:10+08:00
3661,2019-09-30,2019,3,EXACT_MATCH,SELECTED,MOPS_SINGLE_ELIGIBLE_FILING,1,0,0,False,CONSOLIDATED,201903_3661_AI1.pdf,2019-11-13T15:50:06+08:00
3661,2019-12-31,2019,4,EXACT_MATCH,SELECTED,MOPS_SINGLE_ELIGIBLE_FILING,1,0,0,False,CONSOLIDATED,201904_3661_AI1.pdf,2020-03-27T14:37:03+08:00
3661,2020-03-31,2020,1,EXACT_MATCH,SELECTED,MOPS_SINGLE_ELIGIBLE_FILING,1,0,0,False,CONSOLIDATED,202001_3661_AI1.pdf,2020-05-14T14:03:21+08:00
3661,2020-06-30,2020,2,EXACT_MATCH,SELECTED,MOPS_SINGLE_ELIGIBLE_FILING,1,0,0,False,CONSOLIDATED,202002_3661_AI1.pdf,2020-08-13T14:07:56+08:00
3661,2020-09-30,2020,3,EXACT_MATCH,SELECTED,MOPS_SINGLE_ELIGIBLE_FILING,1,0,0,False,CONSOLIDATED,202003_3661_AI1.pdf,2020-11-11T16:45:10+08:00
3661,2020-12-31,2020,4,EXACT_MATCH,SELECTED,MOPS_SINGLE_ELIGIBLE_FILING,1,0,0,False,CONSOLIDATED,202004_3661_AI1.pdf,2021-03-25T14:50:25+08:00
3661,2021-03-31,2021,1,EXACT_MATCH,SELECTED,MOPS_SINGLE_ELIGIBLE_FILING,1,0,0,False,CONSOLIDATED,202101_3661_AI1.pdf,2021-05-12T14:41:07+08:00
3661,2021-06-30,2021,2,EXACT_MATCH,SELECTED,MOPS_SINGLE_ELIGIBLE_FILING,1,0,0,False,CONSOLIDATED,202102_3661_AI1.pdf,2021-08-27T15:16:47+08:00
3661,2021-09-30,2021,3,EXACT_MATCH,SELECTED,MOPS_SINGLE_ELIGIBLE_FILING,1,0,0,False,CONSOLIDATED,202103_3661_AI1.pdf,2021-11-10T16:17:57+08:00
3661,2021-12-31,2021,4,EXACT_MATCH,SELECTED,MOPS_SINGLE_ELIGIBLE_FILING,1,0,0,False,CONSOLIDATED,202104_3661_AI1.pdf,2022-03-22T15:24:34+08:00
3661,2022-03-31,2022,1,EXACT_MATCH,SELECTED,MOPS_SINGLE_ELIGIBLE_FILING,1,0,0,False,CONSOLIDATED,202201_3661_AI1.pdf,2022-05-13T13:35:49+08:00
3661,2022-06-30,2022,2,EXACT_MATCH,SELECTED,MOPS_SINGLE_ELIGIBLE_FILING,1,0,0,False,CONSOLIDATED,202202_3661_AI1.pdf,2022-08-29T11:53:26+08:00
3661,2022-09-30,2022,3,EXACT_MATCH,SELECTED,MOPS_SINGLE_ELIGIBLE_FILING,1,0,0,False,CONSOLIDATED,202203_3661_AI1.pdf,2022-11-10T14:08:33+08:00
3661,2022-12-31,2022,4,EXACT_MATCH,SELECTED,MOPS_SINGLE_ELIGIBLE_FILING,1,0,0,False,CONSOLIDATED,202204_3661_AI1.pdf,2023-03-22T16:47:52+08:00
3661,2023-03-31,2023,1,EXACT_MATCH,SELECTED,MOPS_SINGLE_ELIGIBLE_FILING,1,0,0,False,CONSOLIDATED,202301_3661_AI1.pdf,2023-05-15T09:19:04+08:00
3661,2023-06-30,2023,2,EXACT_MATCH,SELECTED,MOPS_SINGLE_ELIGIBLE_FILING,1,0,0,False,CONSOLIDATED,202302_3661_AI1.pdf,2023-08-24T14:28:23+08:00
3661,2023-09-30,2023,3,EXACT_MATCH,SELECTED,MOPS_SINGLE_ELIGIBLE_FILING,1,0,0,False,CONSOLIDATED,202303_3661_AI1.pdf,2023-11-10T11:41:15+08:00
3661,2023-12-31,2023,4,EXACT_MATCH,SELECTED,MOPS_SINGLE_ELIGIBLE_FILING,1,0,0,False,CONSOLIDATED,202304_3661_AI1.pdf,2024-03-12T14:52:46+08:00
3661,2024-03-31,2024,1,EXACT_MATCH,SELECTED,MOPS_SINGLE_ELIGIBLE_FILING,1,0,0,False,CONSOLIDATED,202401_3661_AI1.pdf,2024-05-10T14:20:25+08:00
3661,2024-06-30,2024,2,EXACT_MATCH,SELECTED,MOPS_SINGLE_ELIGIBLE_FILING,1,0,0,False,CONSOLIDATED,202402_3661_AI1.pdf,2024-08-29T10:42:22+08:00
3661,2024-09-30,2024,3,EXACT_MATCH,SELECTED,MOPS_SINGLE_ELIGIBLE_FILING,1,0,0,False,CONSOLIDATED,202403_3661_AI1.pdf,2024-11-11T15:12:24+08:00
3661,2024-12-31,2024,4,EXACT_MATCH,SELECTED,MOPS_SINGLE_ELIGIBLE_FILING,1,0,0,False,CONSOLIDATED,202404_3661_AI1.pdf,2025-03-13T14:43:43+08:00
3661,2025-03-31,2025,1,EXACT_MATCH,SELECTED,MOPS_SINGLE_ELIGIBLE_FILING,1,0,0,False,CONSOLIDATED,202501_3661_AI1.pdf,2025-05-13T17:12:19+08:00
3661,2025-06-30,2025,2,EXACT_MATCH,SELECTED,MOPS_SINGLE_ELIGIBLE_FILING,1,0,0,False,CONSOLIDATED,202502_3661_AI1.pdf,2025-08-15T15:22:41+08:00
3661,2025-09-30,2025,3,EXACT_MATCH,SELECTED,MOPS_SINGLE_ELIGIBLE_FILING,1,0,0,False,CONSOLIDATED,202503_3661_AI1.pdf,2025-11-11T13:44:31+08:00
3661,2025-12-31,2025,4,EXACT_MATCH,SELECTED,MOPS_SINGLE_ELIGIBLE_FILING,1,0,0,False,CONSOLIDATED,202504_3661_AI1.pdf,2026-03-12T16:16:29+08:00
3661,2026-03-31,2026,1,EXACT_MATCH,SELECTED,MOPS_SINGLE_ELIGIBLE_FILING,1,0,0,False,CONSOLIDATED,202601_3661_AI1.pdf,2026-05-08T16:35:30+08:00
3661,2026-06-30,2026,2,EXACT_MATCH,SELECTED,MOPS_SINGLE_ELIGIBLE_FILING,1,0,0,False,CONSOLIDATED,202602_3661_AI1.pdf,2026-08-20T13:35:22+08:00
3665,2016-03-31,2016,1,EXACT_MATCH,SELECTED,MOPS_SINGLE_ELIGIBLE_FILING,1,0,0,False,CONSOLIDATED,201601_3665_AI1.pdf,2016-05-13T13:34:12+08:00
3665,2016-06-30,2016,2,EXACT_MATCH,SELECTED,MOPS_SINGLE_ELIGIBLE_FILING,1,0,0,False,CONSOLIDATED,201602_3665_AI1.pdf,2016-08-12T17:31:09+08:00
3665,2016-09-30,2016,3,EXACT_MATCH,SELECTED,MOPS_SINGLE_ELIGIBLE_FILING,1,0,0,False,CONSOLIDATED,201603_3665_AI1.pdf,2016-11-14T09:34:56+08:00
3665,2016-12-31,2016,4,EXACT_MATCH,SELECTED,MOPS_SINGLE_ELIGIBLE_FILING,1,0,0,False,CONSOLIDATED,201604_3665_AI1.pdf,2017-03-29T13:59:59+08:00
3665,2017-03-31,2017,1,EXACT_MATCH,SELECTED,MOPS_SINGLE_ELIGIBLE_FILING,1,0,0,False,CONSOLIDATED,201701_3665_AI1.pdf,2017-05-12T16:04:59+08:00
3665,2017-06-30,2017,2,EXACT_MATCH,SELECTED,MOPS_SINGLE_ELIGIBLE_FILING,1,0,0,False,CONSOLIDATED,201702_3665_AI1.pdf,2017-08-14T14:35:22+08:00
3665,2017-09-30,2017,3,EXACT_MATCH,SELECTED,MOPS_SINGLE_ELIGIBLE_FILING,1,0,0,False,CONSOLIDATED,201703_3665_AI1.pdf,2017-11-14T13:48:38+08:00
3665,2017-12-31,2017,4,EXACT_MATCH,SELECTED,MOPS_SINGLE_ELIGIBLE_FILING,1,0,0,False,CONSOLIDATED,201704_3665_AI1.pdf,2018-03-22T09:26:38+08:00
3665,2018-03-31,2018,1,EXACT_MATCH,SELECTED,MOPS_SINGLE_ELIGIBLE_FILING,1,0,0,False,CONSOLIDATED,201801_3665_AI1.pdf,2018-05-15T09:51:33+08:00
3665,2018-06-30,2018,2,EXACT_MATCH,SELECTED,MOPS_SINGLE_ELIGIBLE_FILING,1,0,0,False,CONSOLIDATED,201802_3665_AI1.pdf,2018-08-14T08:33:26+08:00
3665,2018-09-30,2018,3,EXACT_MATCH,SELECTED,MOPS_SINGLE_ELIGIBLE_FILING,1,0,0,False,CONSOLIDATED,201803_3665_AI1.pdf,2018-11-14T16:29:21+08:00
3665,2018-12-31,2018,4,EXACT_MATCH,SELECTED,MOPS_SINGLE_ELIGIBLE_FILING,1,0,0,False,CONSOLIDATED,201804_3665_AI1.pdf,2019-03-25T11:12:06+08:00
3665,2019-03-31,2019,1,EXACT_MATCH,SELECTED,MOPS_SINGLE_ELIGIBLE_FILING,1,0,0,False,CONSOLIDATED,201901_3665_AI1.pdf,2019-05-14T13:48:50+08:00
3665,2019-06-30,2019,2,EXACT_MATCH,SELECTED,MOPS_SINGLE_ELIGIBLE_FILING,1,0,0,False,CONSOLIDATED,201902_3665_AI1.pdf,2019-08-14T14:10:39+08:00
3665,2019-09-30,2019,3,EXACT_MATCH,SELECTED,MOPS_SINGLE_ELIGIBLE_FILING,1,0,0,False,CONSOLIDATED,201903_3665_AI1.pdf,2019-11-14T08:27:23+08:00
3665,2019-12-31,2019,4,EXACT_MATCH,SELECTED,MOPS_SINGLE_ELIGIBLE_FILING,1,0,0,False,CONSOLIDATED,201904_3665_AI1.pdf,2020-03-25T08:17:59+08:00
3665,2020-03-31,2020,1,EXACT_MATCH,SELECTED,MOPS_SINGLE_ELIGIBLE_FILING,1,0,0,False,CONSOLIDATED,202001_3665_AI1.pdf,2020-05-15T14:26:59+08:00
3665,2020-06-30,2020,2,EXACT_MATCH,SELECTED,MOPS_SINGLE_ELIGIBLE_FILING,1,0,0,False,CONSOLIDATED,202002_3665_AI1.pdf,2020-08-14T12:08:29+08:00
3665,2020-09-30,2020,3,EXACT_MATCH,SELECTED,MOPS_SINGLE_ELIGIBLE_FILING,1,0,0,False,CONSOLIDATED,202003_3665_AI1.pdf,2020-11-13T17:41:51+08:00
3665,2020-12-31,2020,4,EXACT_MATCH,SELECTED,MOPS_SINGLE_ELIGIBLE_FILING,1,0,0,False,CONSOLIDATED,202004_3665_AI1.pdf,2021-03-31T13:04:56+08:00
3665,2021-03-31,2021,1,EXACT_MATCH,SELECTED,MOPS_SINGLE_ELIGIBLE_FILING,1,0,0,False,CONSOLIDATED,202101_3665_AI1.pdf,2021-05-17T11:53:15+08:00
3665,2021-06-30,2021,2,EXACT_MATCH,SELECTED,MOPS_SINGLE_ELIGIBLE_FILING,1,0,0,False,CONSOLIDATED,202102_3665_AI1.pdf,2021-08-31T16:32:07+08:00
3665,2021-09-30,2021,3,EXACT_MATCH,SELECTED,MOPS_SINGLE_ELIGIBLE_FILING,1,0,0,False,CONSOLIDATED,202103_3665_AI1.pdf,2021-11-15T16:18:17+08:00
3665,2021-12-31,2021,4,EXACT_MATCH,SELECTED,MOPS_SINGLE_ELIGIBLE_FILING,1,0,0,False,CONSOLIDATED,202104_3665_AI1.pdf,2022-03-31T16:35:02+08:00
3665,2022-03-31,2022,1,EXACT_MATCH,SELECTED,MOPS_SINGLE_ELIGIBLE_FILING,1,0,0,False,CONSOLIDATED,202201_3665_AI1.pdf,2022-05-16T15:17:59+08:00
3665,2022-06-30,2022,2,EXACT_MATCH,SELECTED,MOPS_SINGLE_ELIGIBLE_FILING,1,0,0,False,CONSOLIDATED,202202_3665_AI1.pdf,2022-08-31T14:10:00+08:00
3665,2022-09-30,2022,3,EXACT_MATCH,SELECTED,MOPS_SINGLE_ELIGIBLE_FILING,1,0,0,False,CONSOLIDATED,202203_3665_AI1.pdf,2022-11-14T13:58:49+08:00
3665,2022-12-31,2022,4,EXACT_MATCH,SELECTED,MOPS_SINGLE_ELIGIBLE_FILING,1,0,0,False,CONSOLIDATED,202204_3665_AI1.pdf,2023-03-31T13:52:19+08:00
3665,2023-03-31,2023,1,EXACT_MATCH,SELECTED,MOPS_SINGLE_ELIGIBLE_FILING,1,0,0,False,CONSOLIDATED,202301_3665_AI1.pdf,2023-05-15T14:24:13+08:00
3665,2023-06-30,2023,2,EXACT_MATCH,SELECTED,MOPS_SINGLE_ELIGIBLE_FILING,1,0,0,False,CONSOLIDATED,202302_3665_AI1.pdf,2023-08-29T08:39:00+08:00
3665,2023-09-30,2023,3,EXACT_MATCH,SELECTED,MOPS_SINGLE_ELIGIBLE_FILING,1,0,0,False,CONSOLIDATED,202303_3665_AI1.pdf,2023-11-13T15:18:05+08:00
3665,2023-12-31,2023,4,EXACT_MATCH,SELECTED,MOPS_SINGLE_ELIGIBLE_FILING,1,0,0,False,CONSOLIDATED,202304_3665_AI1.pdf,2024-03-14T10:20:56+08:00
3665,2024-03-31,2024,1,EXACT_MATCH,SELECTED,MOPS_SINGLE_ELIGIBLE_FILING,1,0,0,False,CONSOLIDATED,202401_3665_AI1.pdf,2024-05-14T15:56:26+08:00
3665,2024-06-30,2024,2,EXACT_MATCH,SELECTED,MOPS_SINGLE_ELIGIBLE_FILING,1,0,0,False,CONSOLIDATED,202402_3665_AI1.pdf,2024-08-29T09:19:00+08:00
3665,2024-09-30,2024,3,EXACT_MATCH,SELECTED,MOPS_SINGLE_ELIGIBLE_FILING,1,0,0,False,CONSOLIDATED,202403_3665_AI1.pdf,2024-11-08T14:37:36+08:00
3665,2024-12-31,2024,4,EXACT_MATCH,SELECTED,MOPS_SINGLE_ELIGIBLE_FILING,1,0,0,False,CONSOLIDATED,202404_3665_AI1.pdf,2025-03-13T10:06:52+08:00
3665,2025-03-31,2025,1,EXACT_MATCH,SELECTED,MOPS_SINGLE_ELIGIBLE_FILING,1,0,0,False,CONSOLIDATED,202501_3665_AI1.pdf,2025-05-14T16:27:14+08:00
3665,2025-06-30,2025,2,EXACT_MATCH,SELECTED,MOPS_SINGLE_ELIGIBLE_FILING,1,0,0,False,CONSOLIDATED,202502_3665_AI1.pdf,2025-08-20T14:24:09+08:00
3665,2025-09-30,2025,3,EXACT_MATCH,SELECTED,MOPS_SINGLE_ELIGIBLE_FILING,1,0,0,False,CONSOLIDATED,202503_3665_AI1.pdf,2025-11-11T10:12:30+08:00
3665,2025-12-31,2025,4,EXACT_MATCH,SELECTED,MOPS_SINGLE_ELIGIBLE_FILING,1,0,0,False,CONSOLIDATED,202504_3665_AI1.pdf,2026-03-13T15:23:37+08:00
3665,2026-03-31,2026,1,EXACT_MATCH,SELECTED,MOPS_SINGLE_ELIGIBLE_FILING,1,0,0,False,CONSOLIDATED,202601_3665_AI1.pdf,2026-05-14T15:30:20+08:00
3665,2026-06-30,2026,2,EXACT_MATCH,SELECTED,MOPS_SINGLE_ELIGIBLE_FILING,1,0,0,False,CONSOLIDATED,202602_3665_AI1.pdf,2026-08-25T13:56:04+08:00
3711,2017-06-30,2017,2,UNMATCHED_PROXY,NO_MOPS_CANDIDATE,MOPS_GENUINELY_UNMATCHED,0,0,0,False,,,
3711,2017-09-30,2017,3,UNMATCHED_PROXY,NO_MOPS_CANDIDATE,MOPS_GENUINELY_UNMATCHED,0,0,0,False,,,
3711,2017-12-31,2017,4,UNMATCHED_PROXY,NO_MOPS_CANDIDATE,MOPS_GENUINELY_UNMATCHED,0,0,0,False,,,
3711,2018-03-31,2018,1,UNMATCHED_PROXY,NO_MOPS_CANDIDATE,MOPS_GENUINELY_UNMATCHED,0,0,0,False,,,
3711,2018-06-30,2018,2,EXACT_MATCH,SELECTED,MOPS_SINGLE_ELIGIBLE_FILING,1,0,0,False,CONSOLIDATED,201802_3711_AI1.pdf,2018-08-13T15:05:17+08:00
3711,2018-09-30,2018,3,EXACT_MATCH,SELECTED,MOPS_SINGLE_ELIGIBLE_FILING,1,0,0,False,CONSOLIDATED,201803_3711_AI1.pdf,2018-11-09T15:08:45+08:00
3711,2018-12-31,2018,4,EXACT_MATCH,SELECTED,MOPS_CONSOLIDATED_PREFERRED_OVER_INDIVIDUAL,2,1,0,False,CONSOLIDATED,201804_3711_AI1.pdf,2019-02-27T18:13:51+08:00
3711,2019-03-31,2019,1,EXACT_MATCH,SELECTED,MOPS_SINGLE_ELIGIBLE_FILING,1,0,0,False,CONSOLIDATED,201901_3711_AI1.pdf,2019-05-13T15:56:31+08:00
3711,2019-06-30,2019,2,EXACT_MATCH,SELECTED,MOPS_SINGLE_ELIGIBLE_FILING,1,0,0,False,CONSOLIDATED,201902_3711_AI1.pdf,2019-08-13T15:53:38+08:00
3711,2019-09-30,2019,3,EXACT_MATCH,SELECTED,MOPS_SINGLE_ELIGIBLE_FILING,1,0,0,False,CONSOLIDATED,201903_3711_AI1.pdf,2019-11-11T17:19:46+08:00
3711,2019-12-31,2019,4,EXACT_MATCH,SELECTED,MOPS_CONSOLIDATED_PREFERRED_OVER_INDIVIDUAL,2,1,0,False,CONSOLIDATED,201904_3711_AI1.pdf,2020-03-10T16:10:28+08:00
3711,2020-03-31,2020,1,EXACT_MATCH,SELECTED,MOPS_SINGLE_ELIGIBLE_FILING,1,0,0,False,CONSOLIDATED,202001_3711_AI1.pdf,2020-05-07T15:22:58+08:00
3711,2020-06-30,2020,2,EXACT_MATCH,SELECTED,MOPS_SINGLE_ELIGIBLE_FILING,1,0,0,False,CONSOLIDATED,202002_3711_AI1.pdf,2020-08-06T17:08:37+08:00
3711,2020-09-30,2020,3,EXACT_MATCH,SELECTED,MOPS_SINGLE_ELIGIBLE_FILING,1,0,0,False,CONSOLIDATED,202003_3711_AI1.pdf,2020-11-04T16:30:57+08:00
3711,2020-12-31,2020,4,EXACT_MATCH,SELECTED,MOPS_CONSOLIDATED_PREFERRED_OVER_INDIVIDUAL,2,1,0,False,CONSOLIDATED,202004_3711_AI1.pdf,2021-02-26T19:14:47+08:00
3711,2021-03-31,2021,1,EXACT_MATCH,SELECTED,MOPS_SINGLE_ELIGIBLE_FILING,1,0,0,False,CONSOLIDATED,202101_3711_AI1.pdf,2021-05-07T17:17:13+08:00
3711,2021-06-30,2021,2,EXACT_MATCH,SELECTED,MOPS_SINGLE_ELIGIBLE_FILING,1,0,0,False,CONSOLIDATED,202102_3711_AI1.pdf,2021-08-06T17:24:31+08:00
3711,2021-09-30,2021,3,EXACT_MATCH,SELECTED,MOPS_SINGLE_ELIGIBLE_FILING,1,0,0,False,CONSOLIDATED,202103_3711_AI1.pdf,2021-11-05T16:55:15+08:00
3711,2021-12-31,2021,4,EXACT_MATCH,SELECTED,MOPS_CONSOLIDATED_PREFERRED_OVER_INDIVIDUAL,2,1,0,False,CONSOLIDATED,202104_3711_AI1.pdf,2022-02-25T18:30:14+08:00
3711,2022-03-31,2022,1,EXACT_MATCH,SELECTED,MOPS_SINGLE_ELIGIBLE_FILING,1,0,0,False,CONSOLIDATED,202201_3711_AI1.pdf,2022-05-06T17:57:46+08:00
3711,2022-06-30,2022,2,EXACT_MATCH,SELECTED,MOPS_SINGLE_ELIGIBLE_FILING,1,0,0,False,CONSOLIDATED,202202_3711_AI1.pdf,2022-08-05T17:17:37+08:00
3711,2022-09-30,2022,3,EXACT_MATCH,SELECTED,MOPS_SINGLE_ELIGIBLE_FILING,1,0,0,False,CONSOLIDATED,202203_3711_AI1.pdf,2022-11-03T18:50:22+08:00
3711,2022-12-31,2022,4,EXACT_MATCH,SELECTED,MOPS_CONSOLIDATED_PREFERRED_OVER_INDIVIDUAL,2,1,0,False,CONSOLIDATED,202204_3711_AI1.pdf,2023-02-22T17:34:49+08:00
3711,2023-03-31,2023,1,EXACT_MATCH,SELECTED,MOPS_SINGLE_ELIGIBLE_FILING,1,0,0,False,CONSOLIDATED,202301_3711_AI1.pdf,2023-05-09T16:55:27+08:00
3711,2023-06-30,2023,2,EXACT_MATCH,SELECTED,MOPS_SINGLE_ELIGIBLE_FILING,1,0,0,False,CONSOLIDATED,202302_3711_AI1.pdf,2023-08-10T17:18:55+08:00
3711,2023-09-30,2023,3,EXACT_MATCH,SELECTED,MOPS_SINGLE_ELIGIBLE_FILING,1,0,0,False,CONSOLIDATED,202303_3711_AI1.pdf,2023-11-07T16:02:43+08:00
3711,2023-12-31,2023,4,EXACT_MATCH,SELECTED,MOPS_CONSOLIDATED_PREFERRED_OVER_INDIVIDUAL,2,1,0,False,CONSOLIDATED,202304_3711_AI1.pdf,2024-02-26T18:23:41+08:00
3711,2024-03-31,2024,1,EXACT_MATCH,SELECTED,MOPS_SINGLE_ELIGIBLE_FILING,1,0,0,False,CONSOLIDATED,202401_3711_AI1.pdf,2024-05-10T17:24:25+08:00
3711,2024-06-30,2024,2,EXACT_MATCH,SELECTED,MOPS_SINGLE_ELIGIBLE_FILING,1,0,0,False,CONSOLIDATED,202402_3711_AI1.pdf,2024-08-09T17:29:59+08:00
3711,2024-09-30,2024,3,EXACT_MATCH,SELECTED,MOPS_SINGLE_ELIGIBLE_FILING,1,0,0,False,CONSOLIDATED,202403_3711_AI1.pdf,2024-11-06T17:33:56+08:00
3711,2024-12-31,2024,4,EXACT_MATCH,SELECTED,MOPS_CONSOLIDATED_PREFERRED_OVER_INDIVIDUAL,2,1,0,False,CONSOLIDATED,202404_3711_AI1.pdf,2025-02-24T18:21:28+08:00
3711,2025-03-31,2025,1,EXACT_MATCH,SELECTED,MOPS_SINGLE_ELIGIBLE_FILING,1,0,0,False,CONSOLIDATED,202501_3711_AI1.pdf,2025-05-12T17:58:14+08:00
3711,2025-06-30,2025,2,EXACT_MATCH,SELECTED,MOPS_SINGLE_ELIGIBLE_FILING,1,0,0,False,CONSOLIDATED,202502_3711_AI1.pdf,2025-08-11T17:10:46+08:00
3711,2025-09-30,2025,3,EXACT_MATCH,SELECTED,MOPS_SINGLE_ELIGIBLE_FILING,1,0,0,False,CONSOLIDATED,202503_3711_AI1.pdf,2025-11-10T18:11:33+08:00
3711,2025-12-31,2025,4,EXACT_MATCH,SELECTED,MOPS_CONSOLIDATED_PREFERRED_OVER_INDIVIDUAL,2,1,0,False,CONSOLIDATED,202504_3711_AI1.pdf,2026-03-09T18:14:24+08:00
3711,2026-03-31,2026,1,EXACT_MATCH,SELECTED,MOPS_SINGLE_ELIGIBLE_FILING,1,0,0,False,CONSOLIDATED,202601_3711_AI1.pdf,2026-05-12T17:43:23+08:00
3711,2026-06-30,2026,2,EXACT_MATCH,SELECTED,MOPS_SINGLE_ELIGIBLE_FILING,1,0,0,False,CONSOLIDATED,202602_3711_AI1.pdf,2026-08-10T18:00:27+08:00
4904,2016-03-31,2016,1,EXACT_MATCH,SELECTED,MOPS_SINGLE_ELIGIBLE_FILING,1,0,0,False,CONSOLIDATED,201601_4904_AI1.pdf,2016-04-29T20:44:54+08:00
4904,2016-06-30,2016,2,EXACT_MATCH,SELECTED,MOPS_SINGLE_ELIGIBLE_FILING,1,0,0,False,CONSOLIDATED,201602_4904_AI1.pdf,2016-07-29T14:35:22+08:00
4904,2016-09-30,2016,3,EXACT_MATCH,SELECTED,MOPS_SINGLE_ELIGIBLE_FILING,1,0,0,False,CONSOLIDATED,201603_4904_AI1.pdf,2016-11-04T18:51:54+08:00
4904,2016-12-31,2016,4,EXACT_MATCH,SELECTED,MOPS_CONSOLIDATED_PREFERRED_OVER_INDIVIDUAL,2,1,0,False,CONSOLIDATED,201604_4904_AI1.pdf,2017-02-16T20:32:12+08:00
4904,2017-03-31,2017,1,EXACT_MATCH,SELECTED,MOPS_SINGLE_ELIGIBLE_FILING,1,0,0,False,CONSOLIDATED,201701_4904_AI1.pdf,2017-05-04T16:32:32+08:00
4904,2017-06-30,2017,2,EXACT_MATCH,SELECTED,MOPS_SINGLE_ELIGIBLE_FILING,1,0,0,False,CONSOLIDATED,201702_4904_AI1.pdf,2017-08-08T11:16:01+08:00
4904,2017-09-30,2017,3,EXACT_MATCH,SELECTED,MOPS_SINGLE_ELIGIBLE_FILING,1,0,0,False,CONSOLIDATED,201703_4904_AI1.pdf,2017-10-31T14:02:25+08:00
4904,2017-12-31,2017,4,EXACT_MATCH,SELECTED,MOPS_CONSOLIDATED_PREFERRED_OVER_INDIVIDUAL,2,1,0,False,CONSOLIDATED,201704_4904_AI1.pdf,2018-02-26T15:17:29+08:00
4904,2018-03-31,2018,1,EXACT_MATCH,SELECTED,MOPS_SINGLE_ELIGIBLE_FILING,1,0,0,False,CONSOLIDATED,201801_4904_AI1.pdf,2018-05-04T17:42:10+08:00
4904,2018-06-30,2018,2,EXACT_MATCH,SELECTED,MOPS_SINGLE_ELIGIBLE_FILING,1,0,0,False,CONSOLIDATED,201802_4904_AI1.pdf,2018-08-08T14:04:35+08:00
4904,2018-09-30,2018,3,EXACT_MATCH,SELECTED,MOPS_SINGLE_ELIGIBLE_FILING,1,0,0,False,CONSOLIDATED,201803_4904_AI1.pdf,2018-11-06T16:01:31+08:00
4904,2018-12-31,2018,4,EXACT_MATCH,SELECTED,MOPS_CONSOLIDATED_PREFERRED_OVER_INDIVIDUAL,2,1,0,False,CONSOLIDATED,201804_4904_AI1.pdf,2019-02-26T18:04:12+08:00
4904,2019-03-31,2019,1,EXACT_MATCH,SELECTED,MOPS_SINGLE_ELIGIBLE_FILING,1,0,0,False,CONSOLIDATED,201901_4904_AI1.pdf,2019-05-09T14:19:18+08:00
4904,2019-06-30,2019,2,EXACT_MATCH,SELECTED,MOPS_SINGLE_ELIGIBLE_FILING,1,0,0,False,CONSOLIDATED,201902_4904_AI1.pdf,2019-08-05T17:04:49+08:00
4904,2019-09-30,2019,3,EXACT_MATCH,SELECTED,MOPS_SINGLE_ELIGIBLE_FILING,1,0,0,False,CONSOLIDATED,201903_4904_AI1.pdf,2019-11-06T17:42:53+08:00
4904,2019-12-31,2019,4,EXACT_MATCH,SELECTED,MOPS_CONSOLIDATED_PREFERRED_OVER_INDIVIDUAL,2,1,0,False,CONSOLIDATED,201904_4904_AI1.pdf,2020-02-20T18:37:10+08:00
4904,2020-03-31,2020,1,EXACT_MATCH,SELECTED,MOPS_SINGLE_ELIGIBLE_FILING,1,0,0,False,CONSOLIDATED,202001_4904_AI1.pdf,2020-05-07T16:58:30+08:00
4904,2020-06-30,2020,2,EXACT_MATCH,SELECTED,MOPS_SINGLE_ELIGIBLE_FILING,1,0,0,False,CONSOLIDATED,202002_4904_AI1.pdf,2020-07-31T17:16:04+08:00
4904,2020-09-30,2020,3,EXACT_MATCH,SELECTED,MOPS_SINGLE_ELIGIBLE_FILING,1,0,0,False,CONSOLIDATED,202003_4904_AI1.pdf,2020-11-05T17:54:46+08:00
4904,2020-12-31,2020,4,EXACT_MATCH,SELECTED,MOPS_CONSOLIDATED_PREFERRED_OVER_INDIVIDUAL,2,1,0,False,CONSOLIDATED,202004_4904_AI1.pdf,2021-02-25T19:09:01+08:00
4904,2021-03-31,2021,1,EXACT_MATCH,SELECTED,MOPS_SINGLE_ELIGIBLE_FILING,1,0,0,False,CONSOLIDATED,202101_4904_AI1.pdf,2021-05-06T18:06:02+08:00
4904,2021-06-30,2021,2,EXACT_MATCH,SELECTED,MOPS_SINGLE_ELIGIBLE_FILING,1,0,0,False,CONSOLIDATED,202102_4904_AI1.pdf,2021-07-30T18:15:49+08:00
4904,2021-09-30,2021,3,EXACT_MATCH,SELECTED,MOPS_SINGLE_ELIGIBLE_FILING,1,0,0,False,CONSOLIDATED,202103_4904_AI1.pdf,2021-11-04T18:17:51+08:00
4904,2021-12-31,2021,4,EXACT_MATCH,SELECTED,MOPS_CONSOLIDATED_PREFERRED_OVER_INDIVIDUAL,2,1,0,False,CONSOLIDATED,202104_4904_AI1.pdf,2022-02-26T16:03:53+08:00
4904,2022-03-31,2022,1,EXACT_MATCH,SELECTED,MOPS_SINGLE_ELIGIBLE_FILING,1,0,0,False,CONSOLIDATED,202201_4904_AI1.pdf,2022-05-04T18:48:16+08:00
4904,2022-06-30,2022,2,EXACT_MATCH,SELECTED,MOPS_SINGLE_ELIGIBLE_FILING,1,0,0,False,CONSOLIDATED,202202_4904_AI1.pdf,2022-08-03T17:50:59+08:00
4904,2022-09-30,2022,3,EXACT_MATCH,SELECTED,MOPS_SINGLE_ELIGIBLE_FILING,1,0,0,False,CONSOLIDATED,202203_4904_AI1.pdf,2022-11-11T18:21:51+08:00
4904,2022-12-31,2022,4,EXACT_MATCH,SELECTED,MOPS_CONSOLIDATED_PREFERRED_OVER_INDIVIDUAL,2,1,0,False,CONSOLIDATED,202204_4904_AI1.pdf,2023-02-15T18:56:43+08:00
4904,2023-03-31,2023,1,EXACT_MATCH,SELECTED,MOPS_SINGLE_ELIGIBLE_FILING,1,0,0,False,CONSOLIDATED,202301_4904_AI1.pdf,2023-05-03T21:24:41+08:00
4904,2023-06-30,2023,2,EXACT_MATCH,SELECTED,MOPS_SINGLE_ELIGIBLE_FILING,1,0,0,False,CONSOLIDATED,202302_4904_AI1.pdf,2023-08-09T16:56:14+08:00
4904,2023-09-30,2023,3,EXACT_MATCH,SELECTED,MOPS_SINGLE_ELIGIBLE_FILING,1,0,0,False,CONSOLIDATED,202303_4904_AI1.pdf,2023-11-03T18:03:41+08:00
4904,2023-12-31,2023,4,EXACT_MATCH,SELECTED,MOPS_CONSOLIDATED_PREFERRED_OVER_INDIVIDUAL,2,1,0,False,CONSOLIDATED,202304_4904_AI1.pdf,2024-02-22T21:56:24+08:00
4904,2024-03-31,2024,1,EXACT_MATCH,SELECTED,MOPS_SINGLE_ELIGIBLE_FILING,1,0,0,False,CONSOLIDATED,202401_4904_AI1.pdf,2024-05-07T17:56:05+08:00
4904,2024-06-30,2024,2,EXACT_MATCH,SELECTED,MOPS_SINGLE_ELIGIBLE_FILING,1,0,0,False,CONSOLIDATED,202402_4904_AI1.pdf,2024-08-12T19:16:33+08:00
4904,2024-09-30,2024,3,EXACT_MATCH,SELECTED,MOPS_SINGLE_ELIGIBLE_FILING,1,0,0,False,CONSOLIDATED,202403_4904_AI1.pdf,2024-11-12T15:54:14+08:00
4904,2024-12-31,2024,4,EXACT_MATCH,SELECTED,MOPS_CONSOLIDATED_PREFERRED_OVER_INDIVIDUAL,2,1,0,False,CONSOLIDATED,202404_4904_AI1.pdf,2025-02-25T17:59:18+08:00
4904,2025-03-31,2025,1,EXACT_MATCH,SELECTED,MOPS_SINGLE_ELIGIBLE_FILING,1,0,0,False,CONSOLIDATED,202501_4904_AI1.pdf,2025-05-12T17:35:04+08:00
4904,2025-06-30,2025,2,EXACT_MATCH,SELECTED,MOPS_SINGLE_ELIGIBLE_FILING,1,0,0,False,CONSOLIDATED,202502_4904_AI1.pdf,2025-08-11T14:24:03+08:00
4904,2025-09-30,2025,3,EXACT_MATCH,SELECTED,MOPS_SINGLE_ELIGIBLE_FILING,1,0,0,False,CONSOLIDATED,202503_4904_AI1.pdf,2025-11-11T14:50:36+08:00
4904,2025-12-31,2025,4,EXACT_MATCH,SELECTED,MOPS_CONSOLIDATED_PREFERRED_OVER_INDIVIDUAL,2,1,0,False,CONSOLIDATED,202504_4904_AI1.pdf,2026-03-04T15:05:36+08:00
4904,2026-03-31,2026,1,EXACT_MATCH,SELECTED,MOPS_SINGLE_ELIGIBLE_FILING,1,0,0,False,CONSOLIDATED,202601_4904_AI1.pdf,2026-05-12T21:45:09+08:00
4904,2026-06-30,2026,2,EXACT_MATCH,SELECTED,MOPS_SINGLE_ELIGIBLE_FILING,1,0,0,False,CONSOLIDATED,202602_4904_AI1.pdf,2026-08-12T07:57:31+08:00
4958,2016-03-31,2016,1,EXACT_MATCH,SELECTED,MOPS_SINGLE_ELIGIBLE_FILING,1,0,0,False,CONSOLIDATED,201601_4958_AI1.pdf,2016-05-12T17:58:25+08:00
4958,2016-06-30,2016,2,EXACT_MATCH,SELECTED,MOPS_SINGLE_ELIGIBLE_FILING,1,0,0,False,CONSOLIDATED,201602_4958_AI1.pdf,2016-08-11T18:41:02+08:00
4958,2016-09-30,2016,3,EXACT_MATCH,SELECTED,MOPS_SINGLE_ELIGIBLE_FILING,1,0,0,False,CONSOLIDATED,201603_4958_AI1.pdf,2016-11-10T18:48:25+08:00
4958,2016-12-31,2016,4,EXACT_MATCH,SELECTED,MOPS_SINGLE_ELIGIBLE_FILING,1,0,0,False,CONSOLIDATED,201604_4958_AI1.pdf,2017-03-22T19:32:54+08:00
4958,2017-03-31,2017,1,EXACT_MATCH,SELECTED,MOPS_SINGLE_ELIGIBLE_FILING,1,0,0,False,CONSOLIDATED,201701_4958_AI1.pdf,2017-05-11T19:04:37+08:00
4958,2017-06-30,2017,2,EXACT_MATCH,SELECTED,MOPS_SINGLE_ELIGIBLE_FILING,1,0,0,False,CONSOLIDATED,201702_4958_AI1.pdf,2017-08-11T20:26:38+08:00
4958,2017-09-30,2017,3,EXACT_MATCH,SELECTED,MOPS_SINGLE_ELIGIBLE_FILING,1,0,0,False,CONSOLIDATED,201703_4958_AI1.pdf,2017-11-10T15:20:34+08:00
4958,2017-12-31,2017,4,EXACT_MATCH,SELECTED,MOPS_SINGLE_ELIGIBLE_FILING,1,0,0,False,CONSOLIDATED,201704_4958_AI1.pdf,2018-03-16T14:29:00+08:00
4958,2018-03-31,2018,1,EXACT_MATCH,SELECTED,MOPS_SINGLE_ELIGIBLE_FILING,1,0,0,False,CONSOLIDATED,201801_4958_AI1.pdf,2018-05-11T17:34:55+08:00
4958,2018-06-30,2018,2,EXACT_MATCH,SELECTED,MOPS_SINGLE_ELIGIBLE_FILING,1,0,0,False,CONSOLIDATED,201802_4958_AI1.pdf,2018-08-10T17:36:36+08:00
4958,2018-09-30,2018,3,EXACT_MATCH,SELECTED,MOPS_SINGLE_ELIGIBLE_FILING,1,0,0,False,CONSOLIDATED,201803_4958_AI1.pdf,2018-11-12T17:17:13+08:00
4958,2018-12-31,2018,4,EXACT_MATCH,SELECTED,MOPS_SINGLE_ELIGIBLE_FILING,1,0,0,False,CONSOLIDATED,201804_4958_AI1.pdf,2019-03-29T18:28:47+08:00
4958,2019-03-31,2019,1,EXACT_MATCH,SELECTED,MOPS_SINGLE_ELIGIBLE_FILING,1,0,0,False,CONSOLIDATED,201901_4958_AI1.pdf,2019-05-10T15:51:48+08:00
4958,2019-06-30,2019,2,EXACT_MATCH,SELECTED,MOPS_SINGLE_ELIGIBLE_FILING,1,0,0,False,CONSOLIDATED,201902_4958_AI1.pdf,2019-08-13T15:17:59+08:00
4958,2019-09-30,2019,3,EXACT_MATCH,SELECTED,MOPS_SINGLE_ELIGIBLE_FILING,1,0,0,False,CONSOLIDATED,201903_4958_AI1.pdf,2019-11-12T16:06:48+08:00
4958,2019-12-31,2019,4,EXACT_MATCH,SELECTED,MOPS_SINGLE_ELIGIBLE_FILING,1,0,0,False,CONSOLIDATED,201904_4958_AI1.pdf,2020-03-30T18:25:03+08:00
4958,2020-03-31,2020,1,EXACT_MATCH,SELECTED,MOPS_SINGLE_ELIGIBLE_FILING,1,0,0,False,CONSOLIDATED,202001_4958_AI1.pdf,2020-05-08T15:37:04+08:00
4958,2020-06-30,2020,2,EXACT_MATCH,SELECTED,MOPS_SINGLE_ELIGIBLE_FILING,1,0,0,False,CONSOLIDATED,202002_4958_AI1.pdf,2020-08-12T15:04:55+08:00
4958,2020-09-30,2020,3,EXACT_MATCH,SELECTED,MOPS_SINGLE_ELIGIBLE_FILING,1,0,0,False,CONSOLIDATED,202003_4958_AI1.pdf,2020-11-11T17:10:50+08:00
4958,2020-12-31,2020,4,EXACT_MATCH,SELECTED,MOPS_SINGLE_ELIGIBLE_FILING,1,0,0,False,CONSOLIDATED,202004_4958_AI1.pdf,2021-03-30T17:32:47+08:00
4958,2021-03-31,2021,1,EXACT_MATCH,SELECTED,MOPS_SINGLE_ELIGIBLE_FILING,1,0,0,False,CONSOLIDATED,202101_4958_AI1.pdf,2021-05-07T15:14:44+08:00
4958,2021-06-30,2021,2,EXACT_MATCH,SELECTED,MOPS_SINGLE_ELIGIBLE_FILING,1,0,0,False,CONSOLIDATED,202102_4958_AI1.pdf,2021-08-30T15:48:35+08:00
4958,2021-09-30,2021,3,EXACT_MATCH,SELECTED,MOPS_SINGLE_ELIGIBLE_FILING,1,0,0,False,CONSOLIDATED,202103_4958_AI1.pdf,2021-11-11T14:54:24+08:00
4958,2021-12-31,2021,4,EXACT_MATCH,SELECTED,MOPS_SINGLE_ELIGIBLE_FILING,1,0,0,False,CONSOLIDATED,202104_4958_AI1.pdf,2022-03-16T15:22:50+08:00
4958,2022-03-31,2022,1,EXACT_MATCH,SELECTED,MOPS_SINGLE_ELIGIBLE_FILING,1,0,0,False,CONSOLIDATED,202201_4958_AI1.pdf,2022-05-11T15:33:20+08:00
4958,2022-06-30,2022,2,EXACT_MATCH,SELECTED,MOPS_SINGLE_ELIGIBLE_FILING,1,0,0,False,CONSOLIDATED,202202_4958_AI1.pdf,2022-08-09T15:11:18+08:00
4958,2022-09-30,2022,3,EXACT_MATCH,SELECTED,MOPS_SINGLE_ELIGIBLE_FILING,1,0,0,False,CONSOLIDATED,202203_4958_AI1.pdf,2022-11-04T14:39:59+08:00
4958,2022-12-31,2022,4,EXACT_MATCH,SELECTED,MOPS_SINGLE_ELIGIBLE_FILING,1,0,0,False,CONSOLIDATED,202204_4958_AI1.pdf,2023-03-13T14:52:39+08:00
4958,2023-03-31,2023,1,EXACT_MATCH,SELECTED,MOPS_SINGLE_ELIGIBLE_FILING,1,0,0,False,CONSOLIDATED,202301_4958_AI1.pdf,2023-05-10T15:22:01+08:00
4958,2023-06-30,2023,2,EXACT_MATCH,SELECTED,MOPS_SINGLE_ELIGIBLE_FILING,1,0,0,False,CONSOLIDATED,202302_4958_AI1.pdf,2023-08-09T15:31:47+08:00
4958,2023-09-30,2023,3,EXACT_MATCH,SELECTED,MOPS_SINGLE_ELIGIBLE_FILING,1,0,0,False,CONSOLIDATED,202303_4958_AI1.pdf,2023-11-06T17:59:48+08:00
4958,2023-12-31,2023,4,EXACT_MATCH,SELECTED,MOPS_SINGLE_ELIGIBLE_FILING,1,0,0,False,CONSOLIDATED,202304_4958_AI1.pdf,2024-03-12T15:06:17+08:00
4958,2024-03-31,2024,1,EXACT_MATCH,SELECTED,MOPS_SINGLE_ELIGIBLE_FILING,1,0,0,False,CONSOLIDATED,202401_4958_AI1.pdf,2024-05-10T17:08:36+08:00
4958,2024-06-30,2024,2,EXACT_MATCH,SELECTED,MOPS_SINGLE_ELIGIBLE_FILING,1,0,0,False,CONSOLIDATED,202402_4958_AI1.pdf,2024-08-13T14:50:50+08:00
4958,2024-09-30,2024,3,EXACT_MATCH,SELECTED,MOPS_SINGLE_ELIGIBLE_FILING,1,0,0,False,CONSOLIDATED,202403_4958_AI1.pdf,2024-11-08T15:06:28+08:00
4958,2024-12-31,2024,4,EXACT_MATCH,SELECTED,MOPS_SINGLE_ELIGIBLE_FILING,1,0,0,False,CONSOLIDATED,202404_4958_AI1.pdf,2025-03-11T15:19:08+08:00
4958,2025-03-31,2025,1,EXACT_MATCH,SELECTED,MOPS_SINGLE_ELIGIBLE_FILING,1,0,0,False,CONSOLIDATED,202501_4958_AI1.pdf,2025-05-13T15:41:36+08:00
4958,2025-06-30,2025,2,EXACT_MATCH,SELECTED,MOPS_SINGLE_ELIGIBLE_FILING,1,0,0,False,CONSOLIDATED,202502_4958_AI1.pdf,2025-08-12T15:05:54+08:00
4958,2025-09-30,2025,3,EXACT_MATCH,SELECTED,MOPS_SINGLE_ELIGIBLE_FILING,1,0,0,False,CONSOLIDATED,202503_4958_AI1.pdf,2025-11-11T15:16:08+08:00
4958,2025-12-31,2025,4,EXACT_MATCH,SELECTED,MOPS_SINGLE_ELIGIBLE_FILING,1,0,0,False,CONSOLIDATED,202504_4958_AI1.pdf,2026-03-12T15:04:31+08:00
4958,2026-03-31,2026,1,EXACT_MATCH,SELECTED,MOPS_SINGLE_ELIGIBLE_FILING,1,0,0,False,CONSOLIDATED,202601_4958_AI1.pdf,2026-05-12T15:05:31+08:00
4958,2026-06-30,2026,2,EXACT_MATCH,SELECTED,MOPS_SINGLE_ELIGIBLE_FILING,1,0,0,False,CONSOLIDATED,202602_4958_AI1.pdf,2026-08-11T15:08:30+08:00
5880,2016-03-31,2016,1,EXACT_MATCH,SELECTED,MOPS_SINGLE_ELIGIBLE_FILING,1,0,0,False,CONSOLIDATED,201601_5880_AI1.pdf,2016-05-25T10:42:21+08:00
5880,2016-06-30,2016,2,EXACT_MATCH,SELECTED,MOPS_SINGLE_ELIGIBLE_FILING,1,0,0,False,CONSOLIDATED,201602_5880_AI1.pdf,2016-08-30T15:04:37+08:00
5880,2016-09-30,2016,3,EXACT_MATCH,SELECTED,MOPS_SINGLE_ELIGIBLE_FILING,1,0,0,False,CONSOLIDATED,201603_5880_AI1.pdf,2016-11-29T10:31:19+08:00
5880,2016-12-31,2016,4,EXACT_MATCH,SELECTED,MOPS_SINGLE_ELIGIBLE_FILING,1,0,0,False,CONSOLIDATED,201604_5880_AI1.pdf,2017-03-30T17:10:01+08:00
5880,2017-03-31,2017,1,EXACT_MATCH,SELECTED,MOPS_SINGLE_ELIGIBLE_FILING,1,0,0,False,CONSOLIDATED,201701_5880_AI1.pdf,2017-05-26T09:08:17+08:00
5880,2017-06-30,2017,2,EXACT_MATCH,SELECTED,MOPS_SINGLE_ELIGIBLE_FILING,1,0,0,False,CONSOLIDATED,201702_5880_AI1.pdf,2017-08-31T09:20:20+08:00
5880,2017-09-30,2017,3,EXACT_MATCH,SELECTED,MOPS_SINGLE_ELIGIBLE_FILING,1,0,0,False,CONSOLIDATED,201703_5880_AI1.pdf,2017-11-28T18:24:25+08:00
5880,2017-12-31,2017,4,EXACT_MATCH,SELECTED,MOPS_SINGLE_ELIGIBLE_FILING,1,0,0,False,CONSOLIDATED,201704_5880_AI1.pdf,2018-03-31T11:01:41+08:00
5880,2018-03-31,2018,1,EXACT_MATCH,SELECTED,MOPS_SINGLE_ELIGIBLE_FILING,1,0,0,False,CONSOLIDATED,201801_5880_AI1.pdf,2018-05-30T14:47:09+08:00
5880,2018-06-30,2018,2,EXACT_MATCH,SELECTED,MOPS_SINGLE_ELIGIBLE_FILING,1,0,0,False,CONSOLIDATED,201802_5880_AI1.pdf,2018-08-30T15:52:37+08:00
5880,2018-09-30,2018,3,EXACT_MATCH,SELECTED,MOPS_SINGLE_ELIGIBLE_FILING,1,0,0,False,CONSOLIDATED,201803_5880_AI1.pdf,2018-11-28T18:17:14+08:00
5880,2018-12-31,2018,4,EXACT_MATCH,SELECTED,MOPS_SINGLE_ELIGIBLE_FILING,1,0,0,False,CONSOLIDATED,201804_5880_AI1.pdf,2019-03-29T13:35:39+08:00
5880,2019-03-31,2019,1,EXACT_MATCH,SELECTED,MOPS_SINGLE_ELIGIBLE_FILING,1,0,0,False,CONSOLIDATED,201901_5880_AI1.pdf,2019-05-30T11:47:32+08:00
5880,2019-06-30,2019,2,EXACT_MATCH,SELECTED,MOPS_SINGLE_ELIGIBLE_FILING,1,0,0,False,CONSOLIDATED,201902_5880_AI1.pdf,2019-08-29T09:19:33+08:00
5880,2019-09-30,2019,3,EXACT_MATCH,SELECTED,MOPS_SINGLE_ELIGIBLE_FILING,1,0,0,False,CONSOLIDATED,201903_5880_AI1.pdf,2019-11-27T13:33:39+08:00
5880,2019-12-31,2019,4,EXACT_MATCH,SELECTED,MOPS_SINGLE_ELIGIBLE_FILING,1,0,0,False,CONSOLIDATED,201904_5880_AI1.pdf,2020-03-27T17:18:50+08:00
5880,2020-03-31,2020,1,EXACT_MATCH,SELECTED,MOPS_SINGLE_ELIGIBLE_FILING,1,0,0,False,CONSOLIDATED,202001_5880_AI1.pdf,2020-05-27T16:51:22+08:00
5880,2020-06-30,2020,2,EXACT_MATCH,SELECTED,MOPS_SINGLE_ELIGIBLE_FILING,1,0,0,False,CONSOLIDATED,202002_5880_AI1.pdf,2020-08-26T14:01:02+08:00
5880,2020-09-30,2020,3,EXACT_MATCH,SELECTED,MOPS_SINGLE_ELIGIBLE_FILING,1,0,0,False,CONSOLIDATED,202003_5880_AI1.pdf,2020-11-26T15:34:29+08:00
5880,2020-12-31,2020,4,EXACT_MATCH,SELECTED,MOPS_SINGLE_ELIGIBLE_FILING,1,0,0,False,CONSOLIDATED,202004_5880_AI1.pdf,2021-03-29T14:28:21+08:00
5880,2021-03-31,2021,1,EXACT_MATCH,SELECTED,MOPS_SINGLE_ELIGIBLE_FILING,1,0,0,False,CONSOLIDATED,202101_5880_AI1.pdf,2021-05-21T14:52:28+08:00
5880,2021-06-30,2021,2,EXACT_MATCH,SELECTED,MOPS_SINGLE_ELIGIBLE_FILING,1,0,0,False,CONSOLIDATED,202102_5880_AI1.pdf,2021-08-25T16:34:03+08:00
5880,2021-09-30,2021,3,EXACT_MATCH,SELECTED,MOPS_SINGLE_ELIGIBLE_FILING,1,0,0,False,CONSOLIDATED,202103_5880_AI1.pdf,2021-11-18T16:00:20+08:00
5880,2021-12-31,2021,4,EXACT_MATCH,SELECTED,MOPS_SINGLE_ELIGIBLE_FILING,1,0,0,False,CONSOLIDATED,202104_5880_AI1.pdf,2022-03-16T16:30:08+08:00
5880,2022-03-31,2022,1,EXACT_MATCH,SELECTED,MOPS_SINGLE_ELIGIBLE_FILING,1,0,0,False,CONSOLIDATED,202201_5880_AI1.pdf,2022-05-26T13:45:56+08:00
5880,2022-06-30,2022,2,EXACT_MATCH,SELECTED,MOPS_SINGLE_ELIGIBLE_FILING,1,0,0,False,CONSOLIDATED,202202_5880_AI1.pdf,2022-08-24T16:16:17+08:00
5880,2022-09-30,2022,3,EXACT_MATCH,SELECTED,MOPS_SINGLE_ELIGIBLE_FILING,1,0,0,False,CONSOLIDATED,202203_5880_AI1.pdf,2022-11-24T14:40:31+08:00
5880,2022-12-31,2022,4,EXACT_MATCH,SELECTED,MOPS_SINGLE_ELIGIBLE_FILING,1,0,0,False,CONSOLIDATED,202204_5880_AI1.pdf,2023-03-14T17:07:09+08:00
5880,2023-03-31,2023,1,EXACT_MATCH,SELECTED,MOPS_SINGLE_ELIGIBLE_FILING,1,0,0,False,CONSOLIDATED,202301_5880_AI1.pdf,2023-05-24T16:46:29+08:00
5880,2023-06-30,2023,2,EXACT_MATCH,SELECTED,MOPS_SINGLE_ELIGIBLE_FILING,1,0,0,False,CONSOLIDATED,202302_5880_AI1.pdf,2023-08-23T14:00:49+08:00
5880,2023-09-30,2023,3,EXACT_MATCH,SELECTED,MOPS_SINGLE_ELIGIBLE_FILING,1,0,0,False,CONSOLIDATED,202303_5880_AI1.pdf,2023-11-24T15:02:47+08:00
5880,2023-12-31,2023,4,EXACT_MATCH,SELECTED,MOPS_SINGLE_ELIGIBLE_FILING,1,0,0,False,CONSOLIDATED,202304_5880_AI1.pdf,2024-03-14T13:46:04+08:00
5880,2024-03-31,2024,1,EXACT_MATCH,SELECTED,MOPS_SINGLE_ELIGIBLE_FILING,1,0,0,False,CONSOLIDATED,202401_5880_AI1.pdf,2024-05-28T15:27:43+08:00
5880,2024-06-30,2024,2,EXACT_MATCH,SELECTED,MOPS_SINGLE_ELIGIBLE_FILING,1,0,0,False,CONSOLIDATED,202402_5880_AI1.pdf,2024-08-28T14:49:17+08:00
5880,2024-09-30,2024,3,EXACT_MATCH,SELECTED,MOPS_SINGLE_ELIGIBLE_FILING,1,0,0,False,CONSOLIDATED,202403_5880_AI1.pdf,2024-11-26T17:38:16+08:00
5880,2024-12-31,2024,4,EXACT_MATCH,SELECTED,MOPS_SINGLE_ELIGIBLE_FILING,1,0,0,False,CONSOLIDATED,202404_5880_AI1.pdf,2025-03-14T14:46:32+08:00
5880,2025-03-31,2025,1,EXACT_MATCH,SELECTED,MOPS_SINGLE_ELIGIBLE_FILING,1,0,0,False,CONSOLIDATED,202501_5880_AI1.pdf,2025-05-27T17:14:59+08:00
5880,2025-06-30,2025,2,EXACT_MATCH,SELECTED,MOPS_SINGLE_ELIGIBLE_FILING,1,0,0,False,CONSOLIDATED,202502_5880_AI1.pdf,2025-08-27T17:10:06+08:00
5880,2025-09-30,2025,3,EXACT_MATCH,SELECTED,MOPS_SINGLE_ELIGIBLE_FILING,1,0,0,False,CONSOLIDATED,202503_5880_AI1.pdf,2025-11-25T14:47:40+08:00
5880,2025-12-31,2025,4,EXACT_MATCH,SELECTED,MOPS_SINGLE_ELIGIBLE_FILING,1,0,0,False,CONSOLIDATED,202504_5880_AI1.pdf,2026-03-12T17:49:49+08:00
5880,2026-03-31,2026,1,EXACT_MATCH,SELECTED,MOPS_SINGLE_ELIGIBLE_FILING,1,0,0,False,CONSOLIDATED,202601_5880_AI1.pdf,2026-05-26T16:42:25+08:00
5880,2026-06-30,2026,2,EXACT_MATCH,SELECTED,MOPS_SINGLE_ELIGIBLE_FILING,1,0,0,False,CONSOLIDATED,202602_5880_AI1.pdf,2026-08-26T17:20:48+08:00
6505,2016-03-31,2016,1,EXACT_MATCH,SELECTED,MOPS_SINGLE_ELIGIBLE_FILING,1,0,0,False,CONSOLIDATED,201601_6505_AI1.pdf,2016-05-05T16:07:33+08:00
6505,2016-06-30,2016,2,EXACT_MATCH,SELECTED,MOPS_SINGLE_ELIGIBLE_FILING,1,0,0,False,CONSOLIDATED,201602_6505_AI1.pdf,2016-08-04T15:59:04+08:00
6505,2016-09-30,2016,3,EXACT_MATCH,SELECTED,MOPS_SINGLE_ELIGIBLE_FILING,1,0,0,False,CONSOLIDATED,201603_6505_AI1.pdf,2016-11-03T15:50:55+08:00
6505,2016-12-31,2016,4,EXACT_MATCH,SELECTED,MOPS_CONSOLIDATED_PREFERRED_OVER_INDIVIDUAL,2,1,0,False,CONSOLIDATED,201604_6505_AI1.pdf,2017-03-15T16:04:48+08:00
6505,2017-03-31,2017,1,EXACT_MATCH,SELECTED,MOPS_SINGLE_ELIGIBLE_FILING,1,0,0,False,CONSOLIDATED,201701_6505_AI1.pdf,2017-05-04T15:05:04+08:00
6505,2017-06-30,2017,2,EXACT_MATCH,SELECTED,MOPS_SINGLE_ELIGIBLE_FILING,1,0,0,False,CONSOLIDATED,201702_6505_AI1.pdf,2017-08-03T15:31:19+08:00
6505,2017-09-30,2017,3,EXACT_MATCH,SELECTED,MOPS_SINGLE_ELIGIBLE_FILING,1,0,0,False,CONSOLIDATED,201703_6505_AI1.pdf,2017-11-09T14:27:40+08:00
6505,2017-12-31,2017,4,EXACT_MATCH,SELECTED,MOPS_CONSOLIDATED_PREFERRED_OVER_INDIVIDUAL,2,1,0,False,CONSOLIDATED,201704_6505_AI1.pdf,2018-03-15T18:07:15+08:00
6505,2018-03-31,2018,1,EXACT_MATCH,SELECTED,MOPS_SINGLE_ELIGIBLE_FILING,1,0,0,False,CONSOLIDATED,201801_6505_AI1.pdf,2018-05-03T17:08:07+08:00
6505,2018-06-30,2018,2,EXACT_MATCH,SELECTED,MOPS_SINGLE_ELIGIBLE_FILING,1,0,0,False,CONSOLIDATED,201802_6505_AI1.pdf,2018-08-06T15:44:42+08:00
6505,2018-09-30,2018,3,EXACT_MATCH,SELECTED,MOPS_SINGLE_ELIGIBLE_FILING,1,0,0,False,CONSOLIDATED,201803_6505_AI1.pdf,2018-11-08T15:30:27+08:00
6505,2018-12-31,2018,4,EXACT_MATCH,SELECTED,MOPS_CONSOLIDATED_PREFERRED_OVER_INDIVIDUAL,2,1,0,False,CONSOLIDATED,201804_6505_AI1.pdf,2019-03-11T17:27:20+08:00
6505,2019-03-31,2019,1,EXACT_MATCH,SELECTED,MOPS_SINGLE_ELIGIBLE_FILING,1,0,0,False,CONSOLIDATED,201901_6505_AI1.pdf,2019-05-06T17:59:41+08:00
6505,2019-06-30,2019,2,EXACT_MATCH,SELECTED,MOPS_SINGLE_ELIGIBLE_FILING,1,0,0,False,CONSOLIDATED,201902_6505_AI1.pdf,2019-08-07T11:21:03+08:00
6505,2019-09-30,2019,3,EXACT_MATCH,SELECTED,MOPS_SINGLE_ELIGIBLE_FILING,1,0,0,False,CONSOLIDATED,201903_6505_AI1.pdf,2019-10-31T14:27:58+08:00
6505,2019-12-31,2019,4,EXACT_MATCH,SELECTED,MOPS_CONSOLIDATED_PREFERRED_OVER_INDIVIDUAL,2,1,0,False,CONSOLIDATED,201904_6505_AI1.pdf,2020-03-09T17:25:07+08:00
6505,2020-03-31,2020,1,EXACT_MATCH,SELECTED,MOPS_SINGLE_ELIGIBLE_FILING,1,0,0,False,CONSOLIDATED,202001_6505_AI1.pdf,2020-05-06T16:04:21+08:00
6505,2020-06-30,2020,2,EXACT_MATCH,SELECTED,MOPS_SINGLE_ELIGIBLE_FILING,1,0,0,False,CONSOLIDATED,202002_6505_AI1.pdf,2020-08-05T16:07:03+08:00
6505,2020-09-30,2020,3,EXACT_MATCH,SELECTED,MOPS_SINGLE_ELIGIBLE_FILING,1,0,0,False,CONSOLIDATED,202003_6505_AI1.pdf,2020-11-05T14:48:42+08:00
6505,2020-12-31,2020,4,EXACT_MATCH,SELECTED,MOPS_CONSOLIDATED_PREFERRED_OVER_INDIVIDUAL,2,1,0,False,CONSOLIDATED,202004_6505_AI1.pdf,2021-03-11T16:22:42+08:00
6505,2021-03-31,2021,1,EXACT_MATCH,SELECTED,MOPS_SINGLE_ELIGIBLE_FILING,1,0,0,False,CONSOLIDATED,202101_6505_AI1.pdf,2021-05-06T15:21:50+08:00
6505,2021-06-30,2021,2,EXACT_MATCH,SELECTED,MOPS_SINGLE_ELIGIBLE_FILING,1,0,0,False,CONSOLIDATED,202102_6505_AI1.pdf,2021-08-05T16:13:26+08:00
6505,2021-09-30,2021,3,EXACT_MATCH,SELECTED,MOPS_SINGLE_ELIGIBLE_FILING,1,0,0,False,CONSOLIDATED,202103_6505_AI1.pdf,2021-11-04T14:13:14+08:00
6505,2021-12-31,2021,4,EXACT_MATCH,SELECTED,MOPS_CONSOLIDATED_PREFERRED_OVER_INDIVIDUAL,2,1,0,False,CONSOLIDATED,202104_6505_AI1.pdf,2022-03-08T16:43:22+08:00
6505,2022-03-31,2022,1,EXACT_MATCH,SELECTED,MOPS_SINGLE_ELIGIBLE_FILING,1,0,0,False,CONSOLIDATED,202201_6505_AI1.pdf,2022-05-05T15:55:20+08:00
6505,2022-06-30,2022,2,EXACT_MATCH,SELECTED,MOPS_SINGLE_ELIGIBLE_FILING,1,0,0,False,CONSOLIDATED,202202_6505_AI1.pdf,2022-08-04T14:43:18+08:00
6505,2022-09-30,2022,3,EXACT_MATCH,SELECTED,MOPS_SINGLE_ELIGIBLE_FILING,1,0,0,False,CONSOLIDATED,202203_6505_AI1.pdf,2022-11-03T16:38:06+08:00
6505,2022-12-31,2022,4,EXACT_MATCH,SELECTED,MOPS_CONSOLIDATED_PREFERRED_OVER_INDIVIDUAL,2,1,0,False,CONSOLIDATED,202204_6505_AI1.pdf,2023-02-24T14:01:17+08:00
6505,2023-03-31,2023,1,EXACT_MATCH,SELECTED,MOPS_SINGLE_ELIGIBLE_FILING,1,0,0,False,CONSOLIDATED,202301_6505_AI1.pdf,2023-05-04T17:00:18+08:00
6505,2023-06-30,2023,2,EXACT_MATCH,SELECTED,MOPS_SINGLE_ELIGIBLE_FILING,1,0,0,False,CONSOLIDATED,202302_6505_AI1.pdf,2023-08-03T11:13:45+08:00
6505,2023-09-30,2023,3,EXACT_MATCH,SELECTED,MOPS_SINGLE_ELIGIBLE_FILING,1,0,0,False,CONSOLIDATED,202303_6505_AI1.pdf,2023-11-02T15:51:12+08:00
6505,2023-12-31,2023,4,EXACT_MATCH,SELECTED,MOPS_CONSOLIDATED_PREFERRED_OVER_INDIVIDUAL,2,1,0,False,CONSOLIDATED,202304_6505_AI1.pdf,2024-02-29T15:42:09+08:00
6505,2024-03-31,2024,1,EXACT_MATCH,SELECTED,MOPS_SINGLE_ELIGIBLE_FILING,1,0,0,False,CONSOLIDATED,202401_6505_AI1.pdf,2024-05-03T11:47:39+08:00
6505,2024-06-30,2024,2,EXACT_MATCH,SELECTED,MOPS_SINGLE_ELIGIBLE_FILING,1,0,0,False,CONSOLIDATED,202402_6505_AI1.pdf,2024-08-06T10:46:49+08:00
6505,2024-09-30,2024,3,EXACT_MATCH,SELECTED,MOPS_SINGLE_ELIGIBLE_FILING,1,0,0,False,CONSOLIDATED,202403_6505_AI1.pdf,2024-11-05T13:58:34+08:00
6505,2024-12-31,2024,4,EXACT_MATCH,SELECTED,MOPS_CONSOLIDATED_PREFERRED_OVER_INDIVIDUAL,2,1,0,False,CONSOLIDATED,202404_6505_AI1.pdf,2025-02-27T13:36:41+08:00
6505,2025-03-31,2025,1,EXACT_MATCH,SELECTED,MOPS_SINGLE_ELIGIBLE_FILING,1,0,0,False,CONSOLIDATED,202501_6505_AI1.pdf,2025-05-06T14:39:06+08:00
6505,2025-06-30,2025,2,EXACT_MATCH,SELECTED,MOPS_SINGLE_ELIGIBLE_FILING,1,0,0,False,CONSOLIDATED,202502_6505_AI1.pdf,2025-08-06T16:02:00+08:00
6505,2025-09-30,2025,3,EXACT_MATCH,SELECTED,MOPS_SINGLE_ELIGIBLE_FILING,1,0,0,False,CONSOLIDATED,202503_6505_AI1.pdf,2025-11-05T14:35:57+08:00
6505,2025-12-31,2025,4,EXACT_MATCH,SELECTED,MOPS_CONSOLIDATED_PREFERRED_OVER_INDIVIDUAL,2,1,0,False,CONSOLIDATED,202504_6505_AI1.pdf,2026-03-05T15:19:26+08:00
6505,2026-03-31,2026,1,EXACT_MATCH,SELECTED,MOPS_SINGLE_ELIGIBLE_FILING,1,0,0,False,CONSOLIDATED,202601_6505_AI1.pdf,2026-05-07T14:20:18+08:00
6505,2026-06-30,2026,2,EXACT_MATCH,SELECTED,MOPS_SINGLE_ELIGIBLE_FILING,1,0,0,False,CONSOLIDATED,202602_6505_AI1.pdf,2026-08-06T13:40:22+08:00
6669,2016-06-30,2016,2,UNMATCHED_PROXY,NO_MOPS_CANDIDATE,MOPS_GENUINELY_UNMATCHED,0,0,0,False,,,
6669,2016-09-30,2016,3,UNMATCHED_PROXY,NO_MOPS_CANDIDATE,MOPS_GENUINELY_UNMATCHED,0,0,0,False,,,
6669,2016-12-31,2016,4,EXACT_MATCH,SELECTED,MOPS_CONSOLIDATED_PREFERRED_OVER_INDIVIDUAL,2,1,0,False,CONSOLIDATED,201604_6669_AI1.pdf,2017-10-27T17:38:55+08:00
6669,2017-03-31,2017,1,UNMATCHED_PROXY,NO_MOPS_CANDIDATE,MOPS_GENUINELY_UNMATCHED,0,0,0,False,,,
6669,2017-06-30,2017,2,EXACT_MATCH,SELECTED,MOPS_SINGLE_ELIGIBLE_FILING,1,0,0,False,CONSOLIDATED,201702_6669_AI1.pdf,2017-10-27T17:39:21+08:00
6669,2017-09-30,2017,3,UNMATCHED_PROXY,NO_MOPS_CANDIDATE,MOPS_GENUINELY_UNMATCHED,0,0,0,False,,,
6669,2017-12-31,2017,4,EXACT_MATCH,SELECTED,MOPS_CONSOLIDATED_PREFERRED_OVER_INDIVIDUAL,2,1,0,False,CONSOLIDATED,201704_6669_AI1.pdf,2018-04-11T16:26:11+08:00
6669,2018-03-31,2018,1,EXACT_MATCH,SELECTED,MOPS_SINGLE_ELIGIBLE_FILING,1,0,0,False,CONSOLIDATED,201801_6669_AI1.pdf,2018-09-07T12:57:15+08:00
6669,2018-06-30,2018,2,EXACT_MATCH,SELECTED,MOPS_SINGLE_ELIGIBLE_FILING,1,0,0,False,CONSOLIDATED,201802_6669_AI1.pdf,2018-08-13T16:23:47+08:00
6669,2018-09-30,2018,3,EXACT_MATCH,SELECTED,MOPS_SINGLE_ELIGIBLE_FILING,1,0,0,False,CONSOLIDATED,201803_6669_AI1.pdf,2018-11-09T15:33:57+08:00
6669,2018-12-31,2018,4,EXACT_MATCH,SELECTED,MOPS_CONSOLIDATED_PREFERRED_OVER_INDIVIDUAL,2,1,0,False,CONSOLIDATED,201804_6669_AI1.pdf,2019-03-26T18:40:59+08:00
6669,2019-03-31,2019,1,EXACT_MATCH,SELECTED,MOPS_SINGLE_ELIGIBLE_FILING,1,0,0,False,CONSOLIDATED,201901_6669_AI1.pdf,2019-05-02T15:04:56+08:00
6669,2019-06-30,2019,2,EXACT_MATCH,SELECTED,MOPS_SINGLE_ELIGIBLE_FILING,1,0,0,False,CONSOLIDATED,201902_6669_AI1.pdf,2019-08-09T16:43:31+08:00
6669,2019-09-30,2019,3,EXACT_MATCH,SELECTED,MOPS_SINGLE_ELIGIBLE_FILING,1,0,0,False,CONSOLIDATED,201903_6669_AI1.pdf,2019-11-06T16:59:58+08:00
6669,2019-12-31,2019,4,EXACT_MATCH,SELECTED,MOPS_CONSOLIDATED_PREFERRED_OVER_INDIVIDUAL,2,1,0,False,CONSOLIDATED,201904_6669_AI1.pdf,2020-03-20T18:09:25+08:00
6669,2020-03-31,2020,1,EXACT_MATCH,SELECTED,MOPS_SINGLE_ELIGIBLE_FILING,1,0,0,False,CONSOLIDATED,202001_6669_AI1.pdf,2020-05-08T17:48:01+08:00
6669,2020-06-30,2020,2,EXACT_MATCH,SELECTED,MOPS_SINGLE_ELIGIBLE_FILING,1,0,0,False,CONSOLIDATED,202002_6669_AI1.pdf,2020-08-07T17:35:24+08:00
6669,2020-09-30,2020,3,EXACT_MATCH,SELECTED,MOPS_SINGLE_ELIGIBLE_FILING,1,0,0,False,CONSOLIDATED,202003_6669_AI1.pdf,2020-11-10T19:35:50+08:00
6669,2020-12-31,2020,4,EXACT_MATCH,SELECTED,MOPS_CONSOLIDATED_PREFERRED_OVER_INDIVIDUAL,2,1,0,False,CONSOLIDATED,202004_6669_AI1.pdf,2021-03-08T18:39:11+08:00
6669,2021-03-31,2021,1,EXACT_MATCH,SELECTED,MOPS_SINGLE_ELIGIBLE_FILING,1,0,0,False,CONSOLIDATED,202101_6669_AI1.pdf,2021-05-07T17:55:48+08:00
6669,2021-06-30,2021,2,EXACT_MATCH,SELECTED,MOPS_SINGLE_ELIGIBLE_FILING,1,0,0,False,CONSOLIDATED,202102_6669_AI1.pdf,2021-08-03T17:47:46+08:00
6669,2021-09-30,2021,3,EXACT_MATCH,SELECTED,MOPS_SINGLE_ELIGIBLE_FILING,1,0,0,False,CONSOLIDATED,202103_6669_AI1.pdf,2021-11-03T16:49:43+08:00
6669,2021-12-31,2021,4,EXACT_MATCH,SELECTED,MOPS_CONSOLIDATED_PREFERRED_OVER_INDIVIDUAL,2,1,0,False,CONSOLIDATED,202104_6669_AI1.pdf,2022-02-25T20:32:14+08:00
6669,2022-03-31,2022,1,EXACT_MATCH,SELECTED,MOPS_SINGLE_ELIGIBLE_FILING,1,0,0,False,CONSOLIDATED,202201_6669_AI1.pdf,2022-05-04T14:43:55+08:00
6669,2022-06-30,2022,2,EXACT_MATCH,SELECTED,MOPS_SINGLE_ELIGIBLE_FILING,1,0,0,False,CONSOLIDATED,202202_6669_AI1.pdf,2022-08-02T19:13:11+08:00
6669,2022-09-30,2022,3,EXACT_MATCH,SELECTED,MOPS_SINGLE_ELIGIBLE_FILING,1,0,0,False,CONSOLIDATED,202203_6669_AI1.pdf,2022-11-02T08:30:24+08:00
6669,2022-12-31,2022,4,EXACT_MATCH,SELECTED,MOPS_CONSOLIDATED_PREFERRED_OVER_INDIVIDUAL,2,1,0,False,CONSOLIDATED,202204_6669_AI1.pdf,2023-02-23T17:46:19+08:00
6669,2023-03-31,2023,1,EXACT_MATCH,SELECTED,MOPS_SINGLE_ELIGIBLE_FILING,1,0,0,False,CONSOLIDATED,202301_6669_AI1.pdf,2023-05-08T18:25:11+08:00
6669,2023-06-30,2023,2,EXACT_MATCH,SELECTED,MOPS_SINGLE_ELIGIBLE_FILING,1,0,0,False,CONSOLIDATED,202302_6669_AI1.pdf,2023-08-07T18:54:33+08:00
6669,2023-09-30,2023,3,EXACT_MATCH,SELECTED,MOPS_SINGLE_ELIGIBLE_FILING,1,0,0,False,CONSOLIDATED,202303_6669_AI1.pdf,2023-11-06T19:00:16+08:00
6669,2023-12-31,2023,4,EXACT_MATCH,SELECTED,MOPS_CONSOLIDATED_PREFERRED_OVER_INDIVIDUAL,2,1,0,False,CONSOLIDATED,202304_6669_AI1.pdf,2024-02-26T21:45:24+08:00
6669,2024-03-31,2024,1,EXACT_MATCH,SELECTED,MOPS_SINGLE_ELIGIBLE_FILING,1,0,0,False,CONSOLIDATED,202401_6669_AI1.pdf,2024-05-07T21:11:44+08:00
6669,2024-06-30,2024,2,EXACT_MATCH,SELECTED,MOPS_SINGLE_ELIGIBLE_FILING,1,0,0,False,CONSOLIDATED,202402_6669_AI1.pdf,2024-08-08T23:19:23+08:00
6669,2024-09-30,2024,3,EXACT_MATCH,SELECTED,MOPS_SINGLE_ELIGIBLE_FILING,1,0,0,False,CONSOLIDATED,202403_6669_AI1.pdf,2024-11-13T18:53:35+08:00
6669,2024-12-31,2024,4,EXACT_MATCH,SELECTED,MOPS_CONSOLIDATED_PREFERRED_OVER_INDIVIDUAL,2,1,0,False,CONSOLIDATED,202404_6669_AI1.pdf,2025-02-27T19:02:52+08:00
6669,2025-03-31,2025,1,EXACT_MATCH,SELECTED,MOPS_SINGLE_ELIGIBLE_FILING,1,0,0,False,CONSOLIDATED,202501_6669_AI1.pdf,2025-05-08T18:15:30+08:00
6669,2025-06-30,2025,2,EXACT_MATCH,SELECTED,MOPS_SINGLE_ELIGIBLE_FILING,1,0,0,False,CONSOLIDATED,202502_6669_AI1.pdf,2025-08-08T18:11:37+08:00
6669,2025-09-30,2025,3,EXACT_MATCH,SELECTED,MOPS_SINGLE_ELIGIBLE_FILING,1,0,0,False,CONSOLIDATED,202503_6669_AI1.pdf,2025-11-07T18:21:53+08:00
6669,2025-12-31,2025,4,EXACT_MATCH,SELECTED,MOPS_CONSOLIDATED_PREFERRED_OVER_INDIVIDUAL,2,1,0,False,CONSOLIDATED,202504_6669_AI1.pdf,2026-02-26T18:10:38+08:00
6669,2026-03-31,2026,1,EXACT_MATCH,SELECTED,MOPS_SINGLE_ELIGIBLE_FILING,1,0,0,False,CONSOLIDATED,202601_6669_AI1.pdf,2026-05-07T18:35:52+08:00
6669,2026-06-30,2026,2,EXACT_MATCH,SELECTED,MOPS_SINGLE_ELIGIBLE_FILING,1,0,0,False,CONSOLIDATED,202602_6669_AI1.pdf,2026-08-07T19:57:22+08:00
7769,2022-12-31,2022,4,UNMATCHED_PROXY,NO_MOPS_CANDIDATE,MOPS_GENUINELY_UNMATCHED,0,0,0,False,,,
7769,2023-03-31,2023,1,UNMATCHED_PROXY,NO_MOPS_CANDIDATE,MOPS_GENUINELY_UNMATCHED,0,0,0,False,,,
7769,2023-06-30,2023,2,UNMATCHED_PROXY,NO_MOPS_CANDIDATE,MOPS_GENUINELY_UNMATCHED,0,0,0,False,,,
7769,2023-09-30,2023,3,UNMATCHED_PROXY,NO_MOPS_CANDIDATE,MOPS_GENUINELY_UNMATCHED,0,0,0,False,,,
7769,2023-12-31,2023,4,EXACT_MATCH,SELECTED,MOPS_CONSOLIDATED_PREFERRED_OVER_INDIVIDUAL,2,1,0,False,CONSOLIDATED,202304_7769_AI1.pdf,2024-10-17T15:04:05+08:00
7769,2024-03-31,2024,1,UNMATCHED_PROXY,NO_MOPS_CANDIDATE,MOPS_GENUINELY_UNMATCHED,0,0,0,False,,,
7769,2024-06-30,2024,2,EXACT_MATCH,SELECTED,MOPS_SINGLE_ELIGIBLE_FILING,1,0,0,False,CONSOLIDATED,202402_7769_AI1.pdf,2024-09-11T14:09:59+08:00
7769,2024-09-30,2024,3,UNMATCHED_PROXY,NO_MOPS_CANDIDATE,MOPS_GENUINELY_UNMATCHED,0,0,0,False,,,
7769,2024-12-31,2024,4,EXACT_MATCH,SELECTED,MOPS_CONSOLIDATED_PREFERRED_OVER_INDIVIDUAL,2,1,0,False,CONSOLIDATED,202404_7769_AI1.pdf,2025-03-22T13:47:50+08:00
7769,2025-03-31,2025,1,EXACT_MATCH,SELECTED,MOPS_SINGLE_ELIGIBLE_FILING,1,0,0,False,CONSOLIDATED,202501_7769_AI1.pdf,2025-06-06T11:19:19+08:00
7769,2025-06-30,2025,2,EXACT_MATCH,SELECTED,MOPS_SINGLE_ELIGIBLE_FILING,1,0,0,False,CONSOLIDATED,202502_7769_AI1.pdf,2025-08-11T17:02:27+08:00
7769,2025-09-30,2025,3,EXACT_MATCH,SELECTED,MOPS_SINGLE_ELIGIBLE_FILING,1,0,0,False,CONSOLIDATED,202503_7769_AI1.pdf,2025-11-05T15:02:33+08:00
7769,2025-12-31,2025,4,EXACT_MATCH,SELECTED,MOPS_CONSOLIDATED_PREFERRED_OVER_INDIVIDUAL,2,1,0,False,CONSOLIDATED,202504_7769_AI1.pdf,2026-03-13T17:09:26+08:00
7769,2026-03-31,2026,1,EXACT_MATCH,SELECTED,MOPS_SINGLE_ELIGIBLE_FILING,1,0,0,False,CONSOLIDATED,202601_7769_AI1.pdf,2026-05-15T17:17:48+08:00
7769,2026-06-30,2026,2,EXACT_MATCH,SELECTED,MOPS_SINGLE_ELIGIBLE_FILING,1,0,0,False,CONSOLIDATED,202602_7769_AI1.pdf,2026-08-11T16:21:12+08:00
8046,2016-03-31,2016,1,EXACT_MATCH,SELECTED,MOPS_SINGLE_ELIGIBLE_FILING,1,0,0,False,CONSOLIDATED,201601_8046_AI1.pdf,2016-05-09T16:44:01+08:00
8046,2016-06-30,2016,2,EXACT_MATCH,SELECTED,MOPS_SINGLE_ELIGIBLE_FILING,1,0,0,False,CONSOLIDATED,201602_8046_AI1.pdf,2016-08-10T16:00:26+08:00
8046,2016-09-30,2016,3,EXACT_MATCH,SELECTED,MOPS_SINGLE_ELIGIBLE_FILING,1,0,0,False,CONSOLIDATED,201603_8046_AI1.pdf,2016-11-10T16:03:48+08:00
8046,2016-12-31,2016,4,EXACT_MATCH,SELECTED,MOPS_CONSOLIDATED_PREFERRED_OVER_INDIVIDUAL,2,1,0,False,CONSOLIDATED,201604_8046_AI1.pdf,2017-03-24T16:28:36+08:00
8046,2017-03-31,2017,1,EXACT_MATCH,SELECTED,MOPS_SINGLE_ELIGIBLE_FILING,1,0,0,False,CONSOLIDATED,201701_8046_AI1.pdf,2017-05-12T16:26:34+08:00
8046,2017-06-30,2017,2,EXACT_MATCH,SELECTED,MOPS_SINGLE_ELIGIBLE_FILING,1,0,0,False,CONSOLIDATED,201702_8046_AI1.pdf,2017-08-11T15:57:15+08:00
8046,2017-09-30,2017,3,EXACT_MATCH,SELECTED,MOPS_SINGLE_ELIGIBLE_FILING,1,0,0,False,CONSOLIDATED,201703_8046_AI1.pdf,2017-11-10T16:14:31+08:00
8046,2017-12-31,2017,4,EXACT_MATCH,SELECTED,MOPS_CONSOLIDATED_PREFERRED_OVER_INDIVIDUAL,2,1,0,False,CONSOLIDATED,201704_8046_AI1.pdf,2018-03-23T16:49:10+08:00
8046,2018-03-31,2018,1,EXACT_MATCH,SELECTED,MOPS_SINGLE_ELIGIBLE_FILING,1,0,0,False,CONSOLIDATED,201801_8046_AI1.pdf,2018-05-09T16:01:04+08:00
8046,2018-06-30,2018,2,EXACT_MATCH,SELECTED,MOPS_SINGLE_ELIGIBLE_FILING,1,0,0,False,CONSOLIDATED,201802_8046_AI1.pdf,2018-08-10T14:56:01+08:00
8046,2018-09-30,2018,3,EXACT_MATCH,SELECTED,MOPS_SINGLE_ELIGIBLE_FILING,1,0,0,False,CONSOLIDATED,201803_8046_AI1.pdf,2018-11-12T16:34:30+08:00
8046,2018-12-31,2018,4,EXACT_MATCH,SELECTED,MOPS_CONSOLIDATED_PREFERRED_OVER_INDIVIDUAL,2,1,0,False,CONSOLIDATED,201804_8046_AI1.pdf,2019-03-20T17:53:48+08:00
8046,2019-03-31,2019,1,EXACT_MATCH,SELECTED,MOPS_SINGLE_ELIGIBLE_FILING,1,0,0,False,CONSOLIDATED,201901_8046_AI1.pdf,2019-05-10T14:25:47+08:00
8046,2019-06-30,2019,2,EXACT_MATCH,SELECTED,MOPS_SINGLE_ELIGIBLE_FILING,1,0,0,False,CONSOLIDATED,201902_8046_AI1.pdf,2019-08-12T14:38:45+08:00
8046,2019-09-30,2019,3,EXACT_MATCH,SELECTED,MOPS_SINGLE_ELIGIBLE_FILING,1,0,0,False,CONSOLIDATED,201903_8046_AI1.pdf,2019-11-08T16:59:19+08:00
8046,2019-12-31,2019,4,EXACT_MATCH,SELECTED,MOPS_CONSOLIDATED_PREFERRED_OVER_INDIVIDUAL,2,1,0,False,CONSOLIDATED,201904_8046_AI1.pdf,2020-03-18T16:01:25+08:00
8046,2020-03-31,2020,1,EXACT_MATCH,SELECTED,MOPS_SINGLE_ELIGIBLE_FILING,1,0,0,False,CONSOLIDATED,202001_8046_AI1.pdf,2020-05-11T13:39:44+08:00
8046,2020-06-30,2020,2,EXACT_MATCH,SELECTED,MOPS_SINGLE_ELIGIBLE_FILING,1,0,0,False,CONSOLIDATED,202002_8046_AI1.pdf,2020-08-10T14:05:49+08:00
8046,2020-09-30,2020,3,EXACT_MATCH,SELECTED,MOPS_SINGLE_ELIGIBLE_FILING,1,0,0,False,CONSOLIDATED,202003_8046_AI1.pdf,2020-11-09T14:12:27+08:00
8046,2020-12-31,2020,4,EXACT_MATCH,SELECTED,MOPS_CONSOLIDATED_PREFERRED_OVER_INDIVIDUAL,2,1,0,False,CONSOLIDATED,202004_8046_AI1.pdf,2021-02-25T15:20:14+08:00
8046,2021-03-31,2021,1,EXACT_MATCH,SELECTED,MOPS_SINGLE_ELIGIBLE_FILING,1,0,0,False,CONSOLIDATED,202101_8046_AI1.pdf,2021-05-11T17:49:06+08:00
8046,2021-06-30,2021,2,EXACT_MATCH,SELECTED,MOPS_SINGLE_ELIGIBLE_FILING,1,0,0,False,CONSOLIDATED,202102_8046_AI1.pdf,2021-08-03T14:28:34+08:00
8046,2021-09-30,2021,3,EXACT_MATCH,SELECTED,MOPS_SINGLE_ELIGIBLE_FILING,1,0,0,False,CONSOLIDATED,202103_8046_AI1.pdf,2021-11-09T15:45:12+08:00
8046,2021-12-31,2021,4,EXACT_MATCH,SELECTED,MOPS_CONSOLIDATED_PREFERRED_OVER_INDIVIDUAL,2,1,0,False,CONSOLIDATED,202104_8046_AI1.pdf,2022-02-25T14:12:41+08:00
8046,2022-03-31,2022,1,EXACT_MATCH,SELECTED,MOPS_SINGLE_ELIGIBLE_FILING,1,0,0,False,CONSOLIDATED,202201_8046_AI1.pdf,2022-05-05T14:53:12+08:00
8046,2022-06-30,2022,2,EXACT_MATCH,SELECTED,MOPS_SINGLE_ELIGIBLE_FILING,1,0,0,False,CONSOLIDATED,202202_8046_AI1.pdf,2022-08-04T14:48:55+08:00
8046,2022-09-30,2022,3,EXACT_MATCH,SELECTED,MOPS_SINGLE_ELIGIBLE_FILING,1,0,0,False,CONSOLIDATED,202203_8046_AI1.pdf,2022-11-03T16:27:38+08:00
8046,2022-12-31,2022,4,EXACT_MATCH,SELECTED,MOPS_CONSOLIDATED_PREFERRED_OVER_INDIVIDUAL,2,1,0,False,CONSOLIDATED,202204_8046_AI1.pdf,2023-02-24T14:44:41+08:00
8046,2023-03-31,2023,1,EXACT_MATCH,SELECTED,MOPS_SINGLE_ELIGIBLE_FILING,1,0,0,False,CONSOLIDATED,202301_8046_AI1.pdf,2023-05-04T15:46:37+08:00
8046,2023-06-30,2023,2,EXACT_MATCH,SELECTED,MOPS_SINGLE_ELIGIBLE_FILING,1,0,0,False,CONSOLIDATED,202302_8046_AI1.pdf,2023-08-03T15:31:20+08:00
8046,2023-09-30,2023,3,EXACT_MATCH,SELECTED,MOPS_SINGLE_ELIGIBLE_FILING,1,0,0,False,CONSOLIDATED,202303_8046_AI1.pdf,2023-11-02T14:18:01+08:00
8046,2023-12-31,2023,4,EXACT_MATCH,SELECTED,MOPS_CONSOLIDATED_PREFERRED_OVER_INDIVIDUAL,2,1,0,False,CONSOLIDATED,202304_8046_AI1.pdf,2024-02-29T15:22:02+08:00
8046,2024-03-31,2024,1,EXACT_MATCH,SELECTED,MOPS_SINGLE_ELIGIBLE_FILING,1,0,0,False,CONSOLIDATED,202401_8046_AI1.pdf,2024-05-03T17:22:14+08:00
8046,2024-06-30,2024,2,EXACT_MATCH,SELECTED,MOPS_SINGLE_ELIGIBLE_FILING,1,0,0,False,CONSOLIDATED,202402_8046_AI1.pdf,2024-08-06T17:21:55+08:00
8046,2024-09-30,2024,3,EXACT_MATCH,SELECTED,MOPS_SINGLE_ELIGIBLE_FILING,1,0,0,False,CONSOLIDATED,202403_8046_AI1.pdf,2024-11-05T17:27:16+08:00
8046,2024-12-31,2024,4,EXACT_MATCH,SELECTED,MOPS_CONSOLIDATED_PREFERRED_OVER_INDIVIDUAL,2,1,0,False,CONSOLIDATED,202404_8046_AI1.pdf,2025-02-27T16:20:30+08:00
8046,2025-03-31,2025,1,EXACT_MATCH,SELECTED,MOPS_SINGLE_ELIGIBLE_FILING,1,0,0,False,CONSOLIDATED,202501_8046_AI1.pdf,2025-05-07T15:50:49+08:00
8046,2025-06-30,2025,2,EXACT_MATCH,SELECTED,MOPS_SINGLE_ELIGIBLE_FILING,1,0,0,False,CONSOLIDATED,202502_8046_AI1.pdf,2025-08-06T16:19:42+08:00
8046,2025-09-30,2025,3,EXACT_MATCH,SELECTED,MOPS_SINGLE_ELIGIBLE_FILING,1,0,0,False,CONSOLIDATED,202503_8046_AI1.pdf,2025-11-05T16:17:03+08:00
8046,2025-12-31,2025,4,EXACT_MATCH,SELECTED,MOPS_CONSOLIDATED_PREFERRED_OVER_INDIVIDUAL,2,1,0,False,CONSOLIDATED,202504_8046_AI1.pdf,2026-02-24T16:28:04+08:00
8046,2026-03-31,2026,1,EXACT_MATCH,SELECTED,MOPS_SINGLE_ELIGIBLE_FILING,1,0,0,False,CONSOLIDATED,202601_8046_AI1.pdf,2026-05-07T16:44:28+08:00
8046,2026-06-30,2026,2,EXACT_MATCH,SELECTED,MOPS_SINGLE_ELIGIBLE_FILING,1,0,0,False,CONSOLIDATED,202602_8046_AI1.pdf,2026-08-06T17:10:41+08:00
