symbol,fiscal_year,status,requested_observations,mops_exact_observations,proxy_observations,html_cache_file,metadata_file,response_sha256,metadata_sha256,retrieval_timestamp,source_url
1216,2016,COMPLETED_FROM_VALID_ALL_YEAR_CACHE,4,4,0,1216_ALL_AVAILABLE_YEARS_MOPS_t57sb01.html,1216_ALL_AVAILABLE_YEARS_MOPS_t57sb01.metadata.json,a2acdaf91fb4ab24b6447298e620d4c43859d0d46f581bab58fa44bfff0ef2ee,07d6d8f950a56fe3bdc7832a006821da490e49bef0454cfd1c2ea4c58df495f1,2026-09-04T08:35:35.926634+00:00,https://doc.twse.com.tw/server-java/t57sb01?step=1&colorchg=1&check2858=Y&co_id=1216&year=&seamon=&mtype=A
1216,2017,COMPLETED_FROM_VALID_ALL_YEAR_CACHE,4,4,0,1216_ALL_AVAILABLE_YEARS_MOPS_t57sb01.html,1216_ALL_AVAILABLE_YEARS_MOPS_t57sb01.metadata.json,a2acdaf91fb4ab24b6447298e620d4c43859d0d46f581bab58fa44bfff0ef2ee,07d6d8f950a56fe3bdc7832a006821da490e49bef0454cfd1c2ea4c58df495f1,2026-09-04T08:35:35.926634+00:00,https://doc.twse.com.tw/server-java/t57sb01?step=1&colorchg=1&check2858=Y&co_id=1216&year=&seamon=&mtype=A
1216,2018,COMPLETED_FROM_VALID_ALL_YEAR_CACHE,4,4,0,1216_ALL_AVAILABLE_YEARS_MOPS_t57sb01.html,1216_ALL_AVAILABLE_YEARS_MOPS_t57sb01.metadata.json,a2acdaf91fb4ab24b6447298e620d4c43859d0d46f581bab58fa44bfff0ef2ee,07d6d8f950a56fe3bdc7832a006821da490e49bef0454cfd1c2ea4c58df495f1,2026-09-04T08:35:35.926634+00:00,https://doc.twse.com.tw/server-java/t57sb01?step=1&colorchg=1&check2858=Y&co_id=1216&year=&seamon=&mtype=A
1216,2019,COMPLETED_FROM_VALID_ALL_YEAR_CACHE,4,4,0,1216_ALL_AVAILABLE_YEARS_MOPS_t57sb01.html,1216_ALL_AVAILABLE_YEARS_MOPS_t57sb01.metadata.json,a2acdaf91fb4ab24b6447298e620d4c43859d0d46f581bab58fa44bfff0ef2ee,07d6d8f950a56fe3bdc7832a006821da490e49bef0454cfd1c2ea4c58df495f1,2026-09-04T08:35:35.926634+00:00,https://doc.twse.com.tw/server-java/t57sb01?step=1&colorchg=1&check2858=Y&co_id=1216&year=&seamon=&mtype=A
1216,2020,COMPLETED_FROM_VALID_ALL_YEAR_CACHE,4,4,0,1216_ALL_AVAILABLE_YEARS_MOPS_t57sb01.html,1216_ALL_AVAILABLE_YEARS_MOPS_t57sb01.metadata.json,a2acdaf91fb4ab24b6447298e620d4c43859d0d46f581bab58fa44bfff0ef2ee,07d6d8f950a56fe3bdc7832a006821da490e49bef0454cfd1c2ea4c58df495f1,2026-09-04T08:35:35.926634+00:00,https://doc.twse.com.tw/server-java/t57sb01?step=1&colorchg=1&check2858=Y&co_id=1216&year=&seamon=&mtype=A
1216,2021,COMPLETED_FROM_VALID_ALL_YEAR_CACHE,4,4,0,1216_ALL_AVAILABLE_YEARS_MOPS_t57sb01.html,1216_ALL_AVAILABLE_YEARS_MOPS_t57sb01.metadata.json,a2acdaf91fb4ab24b6447298e620d4c43859d0d46f581bab58fa44bfff0ef2ee,07d6d8f950a56fe3bdc7832a006821da490e49bef0454cfd1c2ea4c58df495f1,2026-09-04T08:35:35.926634+00:00,https://doc.twse.com.tw/server-java/t57sb01?step=1&colorchg=1&check2858=Y&co_id=1216&year=&seamon=&mtype=A
1216,2022,COMPLETED_FROM_VALID_ALL_YEAR_CACHE,4,4,0,1216_ALL_AVAILABLE_YEARS_MOPS_t57sb01.html,1216_ALL_AVAILABLE_YEARS_MOPS_t57sb01.metadata.json,a2acdaf91fb4ab24b6447298e620d4c43859d0d46f581bab58fa44bfff0ef2ee,07d6d8f950a56fe3bdc7832a006821da490e49bef0454cfd1c2ea4c58df495f1,2026-09-04T08:35:35.926634+00:00,https://doc.twse.com.tw/server-java/t57sb01?step=1&colorchg=1&check2858=Y&co_id=1216&year=&seamon=&mtype=A
1216,2023,COMPLETED_FROM_VALID_ALL_YEAR_CACHE,4,4,0,1216_ALL_AVAILABLE_YEARS_MOPS_t57sb01.html,1216_ALL_AVAILABLE_YEARS_MOPS_t57sb01.metadata.json,a2acdaf91fb4ab24b6447298e620d4c43859d0d46f581bab58fa44bfff0ef2ee,07d6d8f950a56fe3bdc7832a006821da490e49bef0454cfd1c2ea4c58df495f1,2026-09-04T08:35:35.926634+00:00,https://doc.twse.com.tw/server-java/t57sb01?step=1&colorchg=1&check2858=Y&co_id=1216&year=&seamon=&mtype=A
1216,2024,COMPLETED_FROM_VALID_ALL_YEAR_CACHE,4,4,0,1216_ALL_AVAILABLE_YEARS_MOPS_t57sb01.html,1216_ALL_AVAILABLE_YEARS_MOPS_t57sb01.metadata.json,a2acdaf91fb4ab24b6447298e620d4c43859d0d46f581bab58fa44bfff0ef2ee,07d6d8f950a56fe3bdc7832a006821da490e49bef0454cfd1c2ea4c58df495f1,2026-09-04T08:35:35.926634+00:00,https://doc.twse.com.tw/server-java/t57sb01?step=1&colorchg=1&check2858=Y&co_id=1216&year=&seamon=&mtype=A
1216,2025,COMPLETED_FROM_VALID_ALL_YEAR_CACHE,4,4,0,1216_ALL_AVAILABLE_YEARS_MOPS_t57sb01.html,1216_ALL_AVAILABLE_YEARS_MOPS_t57sb01.metadata.json,a2acdaf91fb4ab24b6447298e620d4c43859d0d46f581bab58fa44bfff0ef2ee,07d6d8f950a56fe3bdc7832a006821da490e49bef0454cfd1c2ea4c58df495f1,2026-09-04T08:35:35.926634+00:00,https://doc.twse.com.tw/server-java/t57sb01?step=1&colorchg=1&check2858=Y&co_id=1216&year=&seamon=&mtype=A
1216,2026,COMPLETED_FROM_VALID_ALL_YEAR_CACHE,2,2,0,1216_ALL_AVAILABLE_YEARS_MOPS_t57sb01.html,1216_ALL_AVAILABLE_YEARS_MOPS_t57sb01.metadata.json,a2acdaf91fb4ab24b6447298e620d4c43859d0d46f581bab58fa44bfff0ef2ee,07d6d8f950a56fe3bdc7832a006821da490e49bef0454cfd1c2ea4c58df495f1,2026-09-04T08:35:35.926634+00:00,https://doc.twse.com.tw/server-java/t57sb01?step=1&colorchg=1&check2858=Y&co_id=1216&year=&seamon=&mtype=A
1303,2016,COMPLETED_FROM_VALID_ALL_YEAR_CACHE,4,4,0,1303_ALL_AVAILABLE_YEARS_MOPS_t57sb01.html,1303_ALL_AVAILABLE_YEARS_MOPS_t57sb01.metadata.json,b7d517ffb13c91a235a929efe26cfb2859fe8c39b3a7d8f8742abfe9b08f36e7,16f2576e4acbd7d0def947a98eed8f85842c47347211d15a3eb886cc7f289132,2026-09-04T08:35:35.847428+00:00,https://doc.twse.com.tw/server-java/t57sb01?step=1&colorchg=1&check2858=Y&co_id=1303&year=&seamon=&mtype=A
1303,2017,COMPLETED_FROM_VALID_ALL_YEAR_CACHE,4,4,0,1303_ALL_AVAILABLE_YEARS_MOPS_t57sb01.html,1303_ALL_AVAILABLE_YEARS_MOPS_t57sb01.metadata.json,b7d517ffb13c91a235a929efe26cfb2859fe8c39b3a7d8f8742abfe9b08f36e7,16f2576e4acbd7d0def947a98eed8f85842c47347211d15a3eb886cc7f289132,2026-09-04T08:35:35.847428+00:00,https://doc.twse.com.tw/server-java/t57sb01?step=1&colorchg=1&check2858=Y&co_id=1303&year=&seamon=&mtype=A
1303,2018,COMPLETED_FROM_VALID_ALL_YEAR_CACHE,4,4,0,1303_ALL_AVAILABLE_YEARS_MOPS_t57sb01.html,1303_ALL_AVAILABLE_YEARS_MOPS_t57sb01.metadata.json,b7d517ffb13c91a235a929efe26cfb2859fe8c39b3a7d8f8742abfe9b08f36e7,16f2576e4acbd7d0def947a98eed8f85842c47347211d15a3eb886cc7f289132,2026-09-04T08:35:35.847428+00:00,https://doc.twse.com.tw/server-java/t57sb01?step=1&colorchg=1&check2858=Y&co_id=1303&year=&seamon=&mtype=A
1303,2019,COMPLETED_FROM_VALID_ALL_YEAR_CACHE,4,4,0,1303_ALL_AVAILABLE_YEARS_MOPS_t57sb01.html,1303_ALL_AVAILABLE_YEARS_MOPS_t57sb01.metadata.json,b7d517ffb13c91a235a929efe26cfb2859fe8c39b3a7d8f8742abfe9b08f36e7,16f2576e4acbd7d0def947a98eed8f85842c47347211d15a3eb886cc7f289132,2026-09-04T08:35:35.847428+00:00,https://doc.twse.com.tw/server-java/t57sb01?step=1&colorchg=1&check2858=Y&co_id=1303&year=&seamon=&mtype=A
1303,2020,COMPLETED_FROM_VALID_ALL_YEAR_CACHE,4,4,0,1303_ALL_AVAILABLE_YEARS_MOPS_t57sb01.html,1303_ALL_AVAILABLE_YEARS_MOPS_t57sb01.metadata.json,b7d517ffb13c91a235a929efe26cfb2859fe8c39b3a7d8f8742abfe9b08f36e7,16f2576e4acbd7d0def947a98eed8f85842c47347211d15a3eb886cc7f289132,2026-09-04T08:35:35.847428+00:00,https://doc.twse.com.tw/server-java/t57sb01?step=1&colorchg=1&check2858=Y&co_id=1303&year=&seamon=&mtype=A
1303,2021,COMPLETED_FROM_VALID_ALL_YEAR_CACHE,4,4,0,1303_ALL_AVAILABLE_YEARS_MOPS_t57sb01.html,1303_ALL_AVAILABLE_YEARS_MOPS_t57sb01.metadata.json,b7d517ffb13c91a235a929efe26cfb2859fe8c39b3a7d8f8742abfe9b08f36e7,16f2576e4acbd7d0def947a98eed8f85842c47347211d15a3eb886cc7f289132,2026-09-04T08:35:35.847428+00:00,https://doc.twse.com.tw/server-java/t57sb01?step=1&colorchg=1&check2858=Y&co_id=1303&year=&seamon=&mtype=A
1303,2022,COMPLETED_FROM_VALID_ALL_YEAR_CACHE,4,4,0,1303_ALL_AVAILABLE_YEARS_MOPS_t57sb01.html,1303_ALL_AVAILABLE_YEARS_MOPS_t57sb01.metadata.json,b7d517ffb13c91a235a929efe26cfb2859fe8c39b3a7d8f8742abfe9b08f36e7,16f2576e4acbd7d0def947a98eed8f85842c47347211d15a3eb886cc7f289132,2026-09-04T08:35:35.847428+00:00,https://doc.twse.com.tw/server-java/t57sb01?step=1&colorchg=1&check2858=Y&co_id=1303&year=&seamon=&mtype=A
1303,2023,COMPLETED_FROM_VALID_ALL_YEAR_CACHE,4,4,0,1303_ALL_AVAILABLE_YEARS_MOPS_t57sb01.html,1303_ALL_AVAILABLE_YEARS_MOPS_t57sb01.metadata.json,b7d517ffb13c91a235a929efe26cfb2859fe8c39b3a7d8f8742abfe9b08f36e7,16f2576e4acbd7d0def947a98eed8f85842c47347211d15a3eb886cc7f289132,2026-09-04T08:35:35.847428+00:00,https://doc.twse.com.tw/server-java/t57sb01?step=1&colorchg=1&check2858=Y&co_id=1303&year=&seamon=&mtype=A
1303,2024,COMPLETED_FROM_VALID_ALL_YEAR_CACHE,4,4,0,1303_ALL_AVAILABLE_YEARS_MOPS_t57sb01.html,1303_ALL_AVAILABLE_YEARS_MOPS_t57sb01.metadata.json,b7d517ffb13c91a235a929efe26cfb2859fe8c39b3a7d8f8742abfe9b08f36e7,16f2576e4acbd7d0def947a98eed8f85842c47347211d15a3eb886cc7f289132,2026-09-04T08:35:35.847428+00:00,https://doc.twse.com.tw/server-java/t57sb01?step=1&colorchg=1&check2858=Y&co_id=1303&year=&seamon=&mtype=A
1303,2025,COMPLETED_FROM_VALID_ALL_YEAR_CACHE,4,4,0,1303_ALL_AVAILABLE_YEARS_MOPS_t57sb01.html,1303_ALL_AVAILABLE_YEARS_MOPS_t57sb01.metadata.json,b7d517ffb13c91a235a929efe26cfb2859fe8c39b3a7d8f8742abfe9b08f36e7,16f2576e4acbd7d0def947a98eed8f85842c47347211d15a3eb886cc7f289132,2026-09-04T08:35:35.847428+00:00,https://doc.twse.com.tw/server-java/t57sb01?step=1&colorchg=1&check2858=Y&co_id=1303&year=&seamon=&mtype=A
1303,2026,COMPLETED_FROM_VALID_ALL_YEAR_CACHE,2,2,0,1303_ALL_AVAILABLE_YEARS_MOPS_t57sb01.html,1303_ALL_AVAILABLE_YEARS_MOPS_t57sb01.metadata.json,b7d517ffb13c91a235a929efe26cfb2859fe8c39b3a7d8f8742abfe9b08f36e7,16f2576e4acbd7d0def947a98eed8f85842c47347211d15a3eb886cc7f289132,2026-09-04T08:35:35.847428+00:00,https://doc.twse.com.tw/server-java/t57sb01?step=1&colorchg=1&check2858=Y&co_id=1303&year=&seamon=&mtype=A
2059,2016,COMPLETED_FROM_VALID_ALL_YEAR_CACHE,4,4,0,2059_ALL_AVAILABLE_YEARS_MOPS_t57sb01.html,2059_ALL_AVAILABLE_YEARS_MOPS_t57sb01.metadata.json,fc8bb0fd25f6bf67b42b7612b595de065b7b41a03700ee64862266832c44ab58,6d9712af133cfe877a550241b5c285e6b270dc6c765051800ecc2bd3c8061e79,2026-09-04T08:35:35.800584+00:00,https://doc.twse.com.tw/server-java/t57sb01?step=1&colorchg=1&check2858=Y&co_id=2059&year=&seamon=&mtype=A
2059,2017,COMPLETED_FROM_VALID_ALL_YEAR_CACHE,4,4,0,2059_ALL_AVAILABLE_YEARS_MOPS_t57sb01.html,2059_ALL_AVAILABLE_YEARS_MOPS_t57sb01.metadata.json,fc8bb0fd25f6bf67b42b7612b595de065b7b41a03700ee64862266832c44ab58,6d9712af133cfe877a550241b5c285e6b270dc6c765051800ecc2bd3c8061e79,2026-09-04T08:35:35.800584+00:00,https://doc.twse.com.tw/server-java/t57sb01?step=1&colorchg=1&check2858=Y&co_id=2059&year=&seamon=&mtype=A
2059,2018,COMPLETED_FROM_VALID_ALL_YEAR_CACHE,4,4,0,2059_ALL_AVAILABLE_YEARS_MOPS_t57sb01.html,2059_ALL_AVAILABLE_YEARS_MOPS_t57sb01.metadata.json,fc8bb0fd25f6bf67b42b7612b595de065b7b41a03700ee64862266832c44ab58,6d9712af133cfe877a550241b5c285e6b270dc6c765051800ecc2bd3c8061e79,2026-09-04T08:35:35.800584+00:00,https://doc.twse.com.tw/server-java/t57sb01?step=1&colorchg=1&check2858=Y&co_id=2059&year=&seamon=&mtype=A
2059,2019,COMPLETED_FROM_VALID_ALL_YEAR_CACHE,4,4,0,2059_ALL_AVAILABLE_YEARS_MOPS_t57sb01.html,2059_ALL_AVAILABLE_YEARS_MOPS_t57sb01.metadata.json,fc8bb0fd25f6bf67b42b7612b595de065b7b41a03700ee64862266832c44ab58,6d9712af133cfe877a550241b5c285e6b270dc6c765051800ecc2bd3c8061e79,2026-09-04T08:35:35.800584+00:00,https://doc.twse.com.tw/server-java/t57sb01?step=1&colorchg=1&check2858=Y&co_id=2059&year=&seamon=&mtype=A
2059,2020,COMPLETED_FROM_VALID_ALL_YEAR_CACHE,4,4,0,2059_ALL_AVAILABLE_YEARS_MOPS_t57sb01.html,2059_ALL_AVAILABLE_YEARS_MOPS_t57sb01.metadata.json,fc8bb0fd25f6bf67b42b7612b595de065b7b41a03700ee64862266832c44ab58,6d9712af133cfe877a550241b5c285e6b270dc6c765051800ecc2bd3c8061e79,2026-09-04T08:35:35.800584+00:00,https://doc.twse.com.tw/server-java/t57sb01?step=1&colorchg=1&check2858=Y&co_id=2059&year=&seamon=&mtype=A
2059,2021,COMPLETED_FROM_VALID_ALL_YEAR_CACHE,4,4,0,2059_ALL_AVAILABLE_YEARS_MOPS_t57sb01.html,2059_ALL_AVAILABLE_YEARS_MOPS_t57sb01.metadata.json,fc8bb0fd25f6bf67b42b7612b595de065b7b41a03700ee64862266832c44ab58,6d9712af133cfe877a550241b5c285e6b270dc6c765051800ecc2bd3c8061e79,2026-09-04T08:35:35.800584+00:00,https://doc.twse.com.tw/server-java/t57sb01?step=1&colorchg=1&check2858=Y&co_id=2059&year=&seamon=&mtype=A
2059,2022,COMPLETED_FROM_VALID_ALL_YEAR_CACHE,4,4,0,2059_ALL_AVAILABLE_YEARS_MOPS_t57sb01.html,2059_ALL_AVAILABLE_YEARS_MOPS_t57sb01.metadata.json,fc8bb0fd25f6bf67b42b7612b595de065b7b41a03700ee64862266832c44ab58,6d9712af133cfe877a550241b5c285e6b270dc6c765051800ecc2bd3c8061e79,2026-09-04T08:35:35.800584+00:00,https://doc.twse.com.tw/server-java/t57sb01?step=1&colorchg=1&check2858=Y&co_id=2059&year=&seamon=&mtype=A
2059,2023,COMPLETED_FROM_VALID_ALL_YEAR_CACHE,4,4,0,2059_ALL_AVAILABLE_YEARS_MOPS_t57sb01.html,2059_ALL_AVAILABLE_YEARS_MOPS_t57sb01.metadata.json,fc8bb0fd25f6bf67b42b7612b595de065b7b41a03700ee64862266832c44ab58,6d9712af133cfe877a550241b5c285e6b270dc6c765051800ecc2bd3c8061e79,2026-09-04T08:35:35.800584+00:00,https://doc.twse.com.tw/server-java/t57sb01?step=1&colorchg=1&check2858=Y&co_id=2059&year=&seamon=&mtype=A
2059,2024,COMPLETED_FROM_VALID_ALL_YEAR_CACHE,4,4,0,2059_ALL_AVAILABLE_YEARS_MOPS_t57sb01.html,2059_ALL_AVAILABLE_YEARS_MOPS_t57sb01.metadata.json,fc8bb0fd25f6bf67b42b7612b595de065b7b41a03700ee64862266832c44ab58,6d9712af133cfe877a550241b5c285e6b270dc6c765051800ecc2bd3c8061e79,2026-09-04T08:35:35.800584+00:00,https://doc.twse.com.tw/server-java/t57sb01?step=1&colorchg=1&check2858=Y&co_id=2059&year=&seamon=&mtype=A
2059,2025,COMPLETED_FROM_VALID_ALL_YEAR_CACHE,4,4,0,2059_ALL_AVAILABLE_YEARS_MOPS_t57sb01.html,2059_ALL_AVAILABLE_YEARS_MOPS_t57sb01.metadata.json,fc8bb0fd25f6bf67b42b7612b595de065b7b41a03700ee64862266832c44ab58,6d9712af133cfe877a550241b5c285e6b270dc6c765051800ecc2bd3c8061e79,2026-09-04T08:35:35.800584+00:00,https://doc.twse.com.tw/server-java/t57sb01?step=1&colorchg=1&check2858=Y&co_id=2059&year=&seamon=&mtype=A
2059,2026,COMPLETED_FROM_VALID_ALL_YEAR_CACHE,2,2,0,2059_ALL_AVAILABLE_YEARS_MOPS_t57sb01.html,2059_ALL_AVAILABLE_YEARS_MOPS_t57sb01.metadata.json,fc8bb0fd25f6bf67b42b7612b595de065b7b41a03700ee64862266832c44ab58,6d9712af133cfe877a550241b5c285e6b270dc6c765051800ecc2bd3c8061e79,2026-09-04T08:35:35.800584+00:00,https://doc.twse.com.tw/server-java/t57sb01?step=1&colorchg=1&check2858=Y&co_id=2059&year=&seamon=&mtype=A
2301,2016,COMPLETED_FROM_VALID_ALL_YEAR_CACHE,4,4,0,2301_ALL_AVAILABLE_YEARS_MOPS_t57sb01.html,2301_ALL_AVAILABLE_YEARS_MOPS_t57sb01.metadata.json,30cda86833c9c2c45fa9264f7f78bc68ed00e741d56c7a5c06e4007838055fcb,02d5d05c94e2ccfb88a92b8caf851d440fe73f0a0ceb757f89a05d093b68ccda,2026-09-04T08:35:36.295761+00:00,https://doc.twse.com.tw/server-java/t57sb01?step=1&colorchg=1&check2858=Y&co_id=2301&year=&seamon=&mtype=A
2301,2017,COMPLETED_FROM_VALID_ALL_YEAR_CACHE,4,4,0,2301_ALL_AVAILABLE_YEARS_MOPS_t57sb01.html,2301_ALL_AVAILABLE_YEARS_MOPS_t57sb01.metadata.json,30cda86833c9c2c45fa9264f7f78bc68ed00e741d56c7a5c06e4007838055fcb,02d5d05c94e2ccfb88a92b8caf851d440fe73f0a0ceb757f89a05d093b68ccda,2026-09-04T08:35:36.295761+00:00,https://doc.twse.com.tw/server-java/t57sb01?step=1&colorchg=1&check2858=Y&co_id=2301&year=&seamon=&mtype=A
2301,2018,COMPLETED_FROM_VALID_ALL_YEAR_CACHE,4,4,0,2301_ALL_AVAILABLE_YEARS_MOPS_t57sb01.html,2301_ALL_AVAILABLE_YEARS_MOPS_t57sb01.metadata.json,30cda86833c9c2c45fa9264f7f78bc68ed00e741d56c7a5c06e4007838055fcb,02d5d05c94e2ccfb88a92b8caf851d440fe73f0a0ceb757f89a05d093b68ccda,2026-09-04T08:35:36.295761+00:00,https://doc.twse.com.tw/server-java/t57sb01?step=1&colorchg=1&check2858=Y&co_id=2301&year=&seamon=&mtype=A
2301,2019,COMPLETED_FROM_VALID_ALL_YEAR_CACHE,4,4,0,2301_ALL_AVAILABLE_YEARS_MOPS_t57sb01.html,2301_ALL_AVAILABLE_YEARS_MOPS_t57sb01.metadata.json,30cda86833c9c2c45fa9264f7f78bc68ed00e741d56c7a5c06e4007838055fcb,02d5d05c94e2ccfb88a92b8caf851d440fe73f0a0ceb757f89a05d093b68ccda,2026-09-04T08:35:36.295761+00:00,https://doc.twse.com.tw/server-java/t57sb01?step=1&colorchg=1&check2858=Y&co_id=2301&year=&seamon=&mtype=A
2301,2020,COMPLETED_FROM_VALID_ALL_YEAR_CACHE,4,4,0,2301_ALL_AVAILABLE_YEARS_MOPS_t57sb01.html,2301_ALL_AVAILABLE_YEARS_MOPS_t57sb01.metadata.json,30cda86833c9c2c45fa9264f7f78bc68ed00e741d56c7a5c06e4007838055fcb,02d5d05c94e2ccfb88a92b8caf851d440fe73f0a0ceb757f89a05d093b68ccda,2026-09-04T08:35:36.295761+00:00,https://doc.twse.com.tw/server-java/t57sb01?step=1&colorchg=1&check2858=Y&co_id=2301&year=&seamon=&mtype=A
2301,2021,COMPLETED_FROM_VALID_ALL_YEAR_CACHE,4,4,0,2301_ALL_AVAILABLE_YEARS_MOPS_t57sb01.html,2301_ALL_AVAILABLE_YEARS_MOPS_t57sb01.metadata.json,30cda86833c9c2c45fa9264f7f78bc68ed00e741d56c7a5c06e4007838055fcb,02d5d05c94e2ccfb88a92b8caf851d440fe73f0a0ceb757f89a05d093b68ccda,2026-09-04T08:35:36.295761+00:00,https://doc.twse.com.tw/server-java/t57sb01?step=1&colorchg=1&check2858=Y&co_id=2301&year=&seamon=&mtype=A
2301,2022,COMPLETED_FROM_VALID_ALL_YEAR_CACHE,4,4,0,2301_ALL_AVAILABLE_YEARS_MOPS_t57sb01.html,2301_ALL_AVAILABLE_YEARS_MOPS_t57sb01.metadata.json,30cda86833c9c2c45fa9264f7f78bc68ed00e741d56c7a5c06e4007838055fcb,02d5d05c94e2ccfb88a92b8caf851d440fe73f0a0ceb757f89a05d093b68ccda,2026-09-04T08:35:36.295761+00:00,https://doc.twse.com.tw/server-java/t57sb01?step=1&colorchg=1&check2858=Y&co_id=2301&year=&seamon=&mtype=A
2301,2023,COMPLETED_FROM_VALID_ALL_YEAR_CACHE,4,4,0,2301_ALL_AVAILABLE_YEARS_MOPS_t57sb01.html,2301_ALL_AVAILABLE_YEARS_MOPS_t57sb01.metadata.json,30cda86833c9c2c45fa9264f7f78bc68ed00e741d56c7a5c06e4007838055fcb,02d5d05c94e2ccfb88a92b8caf851d440fe73f0a0ceb757f89a05d093b68ccda,2026-09-04T08:35:36.295761+00:00,https://doc.twse.com.tw/server-java/t57sb01?step=1&colorchg=1&check2858=Y&co_id=2301&year=&seamon=&mtype=A
2301,2024,COMPLETED_FROM_VALID_ALL_YEAR_CACHE,4,4,0,2301_ALL_AVAILABLE_YEARS_MOPS_t57sb01.html,2301_ALL_AVAILABLE_YEARS_MOPS_t57sb01.metadata.json,30cda86833c9c2c45fa9264f7f78bc68ed00e741d56c7a5c06e4007838055fcb,02d5d05c94e2ccfb88a92b8caf851d440fe73f0a0ceb757f89a05d093b68ccda,2026-09-04T08:35:36.295761+00:00,https://doc.twse.com.tw/server-java/t57sb01?step=1&colorchg=1&check2858=Y&co_id=2301&year=&seamon=&mtype=A
2301,2025,COMPLETED_FROM_VALID_ALL_YEAR_CACHE,4,4,0,2301_ALL_AVAILABLE_YEARS_MOPS_t57sb01.html,2301_ALL_AVAILABLE_YEARS_MOPS_t57sb01.metadata.json,30cda86833c9c2c45fa9264f7f78bc68ed00e741d56c7a5c06e4007838055fcb,02d5d05c94e2ccfb88a92b8caf851d440fe73f0a0ceb757f89a05d093b68ccda,2026-09-04T08:35:36.295761+00:00,https://doc.twse.com.tw/server-java/t57sb01?step=1&colorchg=1&check2858=Y&co_id=2301&year=&seamon=&mtype=A
2301,2026,COMPLETED_FROM_VALID_ALL_YEAR_CACHE,2,2,0,2301_ALL_AVAILABLE_YEARS_MOPS_t57sb01.html,2301_ALL_AVAILABLE_YEARS_MOPS_t57sb01.metadata.json,30cda86833c9c2c45fa9264f7f78bc68ed00e741d56c7a5c06e4007838055fcb,02d5d05c94e2ccfb88a92b8caf851d440fe73f0a0ceb757f89a05d093b68ccda,2026-09-04T08:35:36.295761+00:00,https://doc.twse.com.tw/server-java/t57sb01?step=1&colorchg=1&check2858=Y&co_id=2301&year=&seamon=&mtype=A
2303,2016,COMPLETED_FROM_VALID_ALL_YEAR_CACHE,4,4,0,2303_ALL_AVAILABLE_YEARS_MOPS_t57sb01.html,2303_ALL_AVAILABLE_YEARS_MOPS_t57sb01.metadata.json,95ce0f2a78eace2993e8a8fbc54ff63c2a73a6aab425b3e7baf984f8ddc8c387,1b5df54ffd32324112981b9bf3bbcbdbce6bbbbb6f39f728bbcc22edd30284a6,2026-09-04T08:35:36.223074+00:00,https://doc.twse.com.tw/server-java/t57sb01?step=1&colorchg=1&check2858=Y&co_id=2303&year=&seamon=&mtype=A
2303,2017,COMPLETED_FROM_VALID_ALL_YEAR_CACHE,4,4,0,2303_ALL_AVAILABLE_YEARS_MOPS_t57sb01.html,2303_ALL_AVAILABLE_YEARS_MOPS_t57sb01.metadata.json,95ce0f2a78eace2993e8a8fbc54ff63c2a73a6aab425b3e7baf984f8ddc8c387,1b5df54ffd32324112981b9bf3bbcbdbce6bbbbb6f39f728bbcc22edd30284a6,2026-09-04T08:35:36.223074+00:00,https://doc.twse.com.tw/server-java/t57sb01?step=1&colorchg=1&check2858=Y&co_id=2303&year=&seamon=&mtype=A
2303,2018,COMPLETED_FROM_VALID_ALL_YEAR_CACHE,4,4,0,2303_ALL_AVAILABLE_YEARS_MOPS_t57sb01.html,2303_ALL_AVAILABLE_YEARS_MOPS_t57sb01.metadata.json,95ce0f2a78eace2993e8a8fbc54ff63c2a73a6aab425b3e7baf984f8ddc8c387,1b5df54ffd32324112981b9bf3bbcbdbce6bbbbb6f39f728bbcc22edd30284a6,2026-09-04T08:35:36.223074+00:00,https://doc.twse.com.tw/server-java/t57sb01?step=1&colorchg=1&check2858=Y&co_id=2303&year=&seamon=&mtype=A
2303,2019,COMPLETED_FROM_VALID_ALL_YEAR_CACHE,4,4,0,2303_ALL_AVAILABLE_YEARS_MOPS_t57sb01.html,2303_ALL_AVAILABLE_YEARS_MOPS_t57sb01.metadata.json,95ce0f2a78eace2993e8a8fbc54ff63c2a73a6aab425b3e7baf984f8ddc8c387,1b5df54ffd32324112981b9bf3bbcbdbce6bbbbb6f39f728bbcc22edd30284a6,2026-09-04T08:35:36.223074+00:00,https://doc.twse.com.tw/server-java/t57sb01?step=1&colorchg=1&check2858=Y&co_id=2303&year=&seamon=&mtype=A
2303,2020,COMPLETED_FROM_VALID_ALL_YEAR_CACHE,4,4,0,2303_ALL_AVAILABLE_YEARS_MOPS_t57sb01.html,2303_ALL_AVAILABLE_YEARS_MOPS_t57sb01.metadata.json,95ce0f2a78eace2993e8a8fbc54ff63c2a73a6aab425b3e7baf984f8ddc8c387,1b5df54ffd32324112981b9bf3bbcbdbce6bbbbb6f39f728bbcc22edd30284a6,2026-09-04T08:35:36.223074+00:00,https://doc.twse.com.tw/server-java/t57sb01?step=1&colorchg=1&check2858=Y&co_id=2303&year=&seamon=&mtype=A
2303,2021,COMPLETED_FROM_VALID_ALL_YEAR_CACHE,4,4,0,2303_ALL_AVAILABLE_YEARS_MOPS_t57sb01.html,2303_ALL_AVAILABLE_YEARS_MOPS_t57sb01.metadata.json,95ce0f2a78eace2993e8a8fbc54ff63c2a73a6aab425b3e7baf984f8ddc8c387,1b5df54ffd32324112981b9bf3bbcbdbce6bbbbb6f39f728bbcc22edd30284a6,2026-09-04T08:35:36.223074+00:00,https://doc.twse.com.tw/server-java/t57sb01?step=1&colorchg=1&check2858=Y&co_id=2303&year=&seamon=&mtype=A
2303,2022,COMPLETED_FROM_VALID_ALL_YEAR_CACHE,4,4,0,2303_ALL_AVAILABLE_YEARS_MOPS_t57sb01.html,2303_ALL_AVAILABLE_YEARS_MOPS_t57sb01.metadata.json,95ce0f2a78eace2993e8a8fbc54ff63c2a73a6aab425b3e7baf984f8ddc8c387,1b5df54ffd32324112981b9bf3bbcbdbce6bbbbb6f39f728bbcc22edd30284a6,2026-09-04T08:35:36.223074+00:00,https://doc.twse.com.tw/server-java/t57sb01?step=1&colorchg=1&check2858=Y&co_id=2303&year=&seamon=&mtype=A
2303,2023,COMPLETED_FROM_VALID_ALL_YEAR_CACHE,4,4,0,2303_ALL_AVAILABLE_YEARS_MOPS_t57sb01.html,2303_ALL_AVAILABLE_YEARS_MOPS_t57sb01.metadata.json,95ce0f2a78eace2993e8a8fbc54ff63c2a73a6aab425b3e7baf984f8ddc8c387,1b5df54ffd32324112981b9bf3bbcbdbce6bbbbb6f39f728bbcc22edd30284a6,2026-09-04T08:35:36.223074+00:00,https://doc.twse.com.tw/server-java/t57sb01?step=1&colorchg=1&check2858=Y&co_id=2303&year=&seamon=&mtype=A
2303,2024,COMPLETED_FROM_VALID_ALL_YEAR_CACHE,4,4,0,2303_ALL_AVAILABLE_YEARS_MOPS_t57sb01.html,2303_ALL_AVAILABLE_YEARS_MOPS_t57sb01.metadata.json,95ce0f2a78eace2993e8a8fbc54ff63c2a73a6aab425b3e7baf984f8ddc8c387,1b5df54ffd32324112981b9bf3bbcbdbce6bbbbb6f39f728bbcc22edd30284a6,2026-09-04T08:35:36.223074+00:00,https://doc.twse.com.tw/server-java/t57sb01?step=1&colorchg=1&check2858=Y&co_id=2303&year=&seamon=&mtype=A
2303,2025,COMPLETED_FROM_VALID_ALL_YEAR_CACHE,4,4,0,2303_ALL_AVAILABLE_YEARS_MOPS_t57sb01.html,2303_ALL_AVAILABLE_YEARS_MOPS_t57sb01.metadata.json,95ce0f2a78eace2993e8a8fbc54ff63c2a73a6aab425b3e7baf984f8ddc8c387,1b5df54ffd32324112981b9bf3bbcbdbce6bbbbb6f39f728bbcc22edd30284a6,2026-09-04T08:35:36.223074+00:00,https://doc.twse.com.tw/server-java/t57sb01?step=1&colorchg=1&check2858=Y&co_id=2303&year=&seamon=&mtype=A
2303,2026,COMPLETED_FROM_VALID_ALL_YEAR_CACHE,2,2,0,2303_ALL_AVAILABLE_YEARS_MOPS_t57sb01.html,2303_ALL_AVAILABLE_YEARS_MOPS_t57sb01.metadata.json,95ce0f2a78eace2993e8a8fbc54ff63c2a73a6aab425b3e7baf984f8ddc8c387,1b5df54ffd32324112981b9bf3bbcbdbce6bbbbb6f39f728bbcc22edd30284a6,2026-09-04T08:35:36.223074+00:00,https://doc.twse.com.tw/server-java/t57sb01?step=1&colorchg=1&check2858=Y&co_id=2303&year=&seamon=&mtype=A
2308,2016,COMPLETED_FROM_VALID_ALL_YEAR_CACHE,4,4,0,2308_ALL_AVAILABLE_YEARS_MOPS_t57sb01.html,2308_ALL_AVAILABLE_YEARS_MOPS_t57sb01.metadata.json,dec2f4470a5f895dba9084197d0183fb031afb2b159114f8dd0d966ec4f86d36,bf0e9390d0996b1383621cf65b1659ed507e189101983fc4a6610d3c15efe03a,2026-09-04T08:35:35.901822+00:00,https://doc.twse.com.tw/server-java/t57sb01?step=1&colorchg=1&check2858=Y&co_id=2308&year=&seamon=&mtype=A
2308,2017,COMPLETED_FROM_VALID_ALL_YEAR_CACHE,4,4,0,2308_ALL_AVAILABLE_YEARS_MOPS_t57sb01.html,2308_ALL_AVAILABLE_YEARS_MOPS_t57sb01.metadata.json,dec2f4470a5f895dba9084197d0183fb031afb2b159114f8dd0d966ec4f86d36,bf0e9390d0996b1383621cf65b1659ed507e189101983fc4a6610d3c15efe03a,2026-09-04T08:35:35.901822+00:00,https://doc.twse.com.tw/server-java/t57sb01?step=1&colorchg=1&check2858=Y&co_id=2308&year=&seamon=&mtype=A
2308,2018,COMPLETED_FROM_VALID_ALL_YEAR_CACHE,4,4,0,2308_ALL_AVAILABLE_YEARS_MOPS_t57sb01.html,2308_ALL_AVAILABLE_YEARS_MOPS_t57sb01.metadata.json,dec2f4470a5f895dba9084197d0183fb031afb2b159114f8dd0d966ec4f86d36,bf0e9390d0996b1383621cf65b1659ed507e189101983fc4a6610d3c15efe03a,2026-09-04T08:35:35.901822+00:00,https://doc.twse.com.tw/server-java/t57sb01?step=1&colorchg=1&check2858=Y&co_id=2308&year=&seamon=&mtype=A
2308,2019,COMPLETED_FROM_VALID_ALL_YEAR_CACHE,4,4,0,2308_ALL_AVAILABLE_YEARS_MOPS_t57sb01.html,2308_ALL_AVAILABLE_YEARS_MOPS_t57sb01.metadata.json,dec2f4470a5f895dba9084197d0183fb031afb2b159114f8dd0d966ec4f86d36,bf0e9390d0996b1383621cf65b1659ed507e189101983fc4a6610d3c15efe03a,2026-09-04T08:35:35.901822+00:00,https://doc.twse.com.tw/server-java/t57sb01?step=1&colorchg=1&check2858=Y&co_id=2308&year=&seamon=&mtype=A
2308,2020,COMPLETED_FROM_VALID_ALL_YEAR_CACHE,4,4,0,2308_ALL_AVAILABLE_YEARS_MOPS_t57sb01.html,2308_ALL_AVAILABLE_YEARS_MOPS_t57sb01.metadata.json,dec2f4470a5f895dba9084197d0183fb031afb2b159114f8dd0d966ec4f86d36,bf0e9390d0996b1383621cf65b1659ed507e189101983fc4a6610d3c15efe03a,2026-09-04T08:35:35.901822+00:00,https://doc.twse.com.tw/server-java/t57sb01?step=1&colorchg=1&check2858=Y&co_id=2308&year=&seamon=&mtype=A
2308,2021,COMPLETED_FROM_VALID_ALL_YEAR_CACHE,4,4,0,2308_ALL_AVAILABLE_YEARS_MOPS_t57sb01.html,2308_ALL_AVAILABLE_YEARS_MOPS_t57sb01.metadata.json,dec2f4470a5f895dba9084197d0183fb031afb2b159114f8dd0d966ec4f86d36,bf0e9390d0996b1383621cf65b1659ed507e189101983fc4a6610d3c15efe03a,2026-09-04T08:35:35.901822+00:00,https://doc.twse.com.tw/server-java/t57sb01?step=1&colorchg=1&check2858=Y&co_id=2308&year=&seamon=&mtype=A
2308,2022,COMPLETED_FROM_VALID_ALL_YEAR_CACHE,4,4,0,2308_ALL_AVAILABLE_YEARS_MOPS_t57sb01.html,2308_ALL_AVAILABLE_YEARS_MOPS_t57sb01.metadata.json,dec2f4470a5f895dba9084197d0183fb031afb2b159114f8dd0d966ec4f86d36,bf0e9390d0996b1383621cf65b1659ed507e189101983fc4a6610d3c15efe03a,2026-09-04T08:35:35.901822+00:00,https://doc.twse.com.tw/server-java/t57sb01?step=1&colorchg=1&check2858=Y&co_id=2308&year=&seamon=&mtype=A
2308,2023,COMPLETED_FROM_VALID_ALL_YEAR_CACHE,4,4,0,2308_ALL_AVAILABLE_YEARS_MOPS_t57sb01.html,2308_ALL_AVAILABLE_YEARS_MOPS_t57sb01.metadata.json,dec2f4470a5f895dba9084197d0183fb031afb2b159114f8dd0d966ec4f86d36,bf0e9390d0996b1383621cf65b1659ed507e189101983fc4a6610d3c15efe03a,2026-09-04T08:35:35.901822+00:00,https://doc.twse.com.tw/server-java/t57sb01?step=1&colorchg=1&check2858=Y&co_id=2308&year=&seamon=&mtype=A
2308,2024,COMPLETED_FROM_VALID_ALL_YEAR_CACHE,4,4,0,2308_ALL_AVAILABLE_YEARS_MOPS_t57sb01.html,2308_ALL_AVAILABLE_YEARS_MOPS_t57sb01.metadata.json,dec2f4470a5f895dba9084197d0183fb031afb2b159114f8dd0d966ec4f86d36,bf0e9390d0996b1383621cf65b1659ed507e189101983fc4a6610d3c15efe03a,2026-09-04T08:35:35.901822+00:00,https://doc.twse.com.tw/server-java/t57sb01?step=1&colorchg=1&check2858=Y&co_id=2308&year=&seamon=&mtype=A
2308,2025,COMPLETED_FROM_VALID_ALL_YEAR_CACHE,4,4,0,2308_ALL_AVAILABLE_YEARS_MOPS_t57sb01.html,2308_ALL_AVAILABLE_YEARS_MOPS_t57sb01.metadata.json,dec2f4470a5f895dba9084197d0183fb031afb2b159114f8dd0d966ec4f86d36,bf0e9390d0996b1383621cf65b1659ed507e189101983fc4a6610d3c15efe03a,2026-09-04T08:35:35.901822+00:00,https://doc.twse.com.tw/server-java/t57sb01?step=1&colorchg=1&check2858=Y&co_id=2308&year=&seamon=&mtype=A
2308,2026,COMPLETED_FROM_VALID_ALL_YEAR_CACHE,2,2,0,2308_ALL_AVAILABLE_YEARS_MOPS_t57sb01.html,2308_ALL_AVAILABLE_YEARS_MOPS_t57sb01.metadata.json,dec2f4470a5f895dba9084197d0183fb031afb2b159114f8dd0d966ec4f86d36,bf0e9390d0996b1383621cf65b1659ed507e189101983fc4a6610d3c15efe03a,2026-09-04T08:35:35.901822+00:00,https://doc.twse.com.tw/server-java/t57sb01?step=1&colorchg=1&check2858=Y&co_id=2308&year=&seamon=&mtype=A
2317,2016,COMPLETED_FROM_VALID_ALL_YEAR_CACHE,4,4,0,2317_ALL_AVAILABLE_YEARS_MOPS_t57sb01.html,2317_ALL_AVAILABLE_YEARS_MOPS_t57sb01.metadata.json,2cddd3760b92792a39a2e201d5af0d65d5616791a6c82d75b8dd6e4937d7b181,a09d76c03aec09f7abae16b25a81c4c2879e484966f6f7505664448512e10399,2026-09-04T08:35:36.028612+00:00,https://doc.twse.com.tw/server-java/t57sb01?step=1&colorchg=1&check2858=Y&co_id=2317&year=&seamon=&mtype=A
2317,2017,COMPLETED_FROM_VALID_ALL_YEAR_CACHE,4,4,0,2317_ALL_AVAILABLE_YEARS_MOPS_t57sb01.html,2317_ALL_AVAILABLE_YEARS_MOPS_t57sb01.metadata.json,2cddd3760b92792a39a2e201d5af0d65d5616791a6c82d75b8dd6e4937d7b181,a09d76c03aec09f7abae16b25a81c4c2879e484966f6f7505664448512e10399,2026-09-04T08:35:36.028612+00:00,https://doc.twse.com.tw/server-java/t57sb01?step=1&colorchg=1&check2858=Y&co_id=2317&year=&seamon=&mtype=A
2317,2018,COMPLETED_FROM_VALID_ALL_YEAR_CACHE,4,4,0,2317_ALL_AVAILABLE_YEARS_MOPS_t57sb01.html,2317_ALL_AVAILABLE_YEARS_MOPS_t57sb01.metadata.json,2cddd3760b92792a39a2e201d5af0d65d5616791a6c82d75b8dd6e4937d7b181,a09d76c03aec09f7abae16b25a81c4c2879e484966f6f7505664448512e10399,2026-09-04T08:35:36.028612+00:00,https://doc.twse.com.tw/server-java/t57sb01?step=1&colorchg=1&check2858=Y&co_id=2317&year=&seamon=&mtype=A
2317,2019,COMPLETED_FROM_VALID_ALL_YEAR_CACHE,4,4,0,2317_ALL_AVAILABLE_YEARS_MOPS_t57sb01.html,2317_ALL_AVAILABLE_YEARS_MOPS_t57sb01.metadata.json,2cddd3760b92792a39a2e201d5af0d65d5616791a6c82d75b8dd6e4937d7b181,a09d76c03aec09f7abae16b25a81c4c2879e484966f6f7505664448512e10399,2026-09-04T08:35:36.028612+00:00,https://doc.twse.com.tw/server-java/t57sb01?step=1&colorchg=1&check2858=Y&co_id=2317&year=&seamon=&mtype=A
2317,2020,COMPLETED_FROM_VALID_ALL_YEAR_CACHE,4,4,0,2317_ALL_AVAILABLE_YEARS_MOPS_t57sb01.html,2317_ALL_AVAILABLE_YEARS_MOPS_t57sb01.metadata.json,2cddd3760b92792a39a2e201d5af0d65d5616791a6c82d75b8dd6e4937d7b181,a09d76c03aec09f7abae16b25a81c4c2879e484966f6f7505664448512e10399,2026-09-04T08:35:36.028612+00:00,https://doc.twse.com.tw/server-java/t57sb01?step=1&colorchg=1&check2858=Y&co_id=2317&year=&seamon=&mtype=A
2317,2021,COMPLETED_FROM_VALID_ALL_YEAR_CACHE,4,4,0,2317_ALL_AVAILABLE_YEARS_MOPS_t57sb01.html,2317_ALL_AVAILABLE_YEARS_MOPS_t57sb01.metadata.json,2cddd3760b92792a39a2e201d5af0d65d5616791a6c82d75b8dd6e4937d7b181,a09d76c03aec09f7abae16b25a81c4c2879e484966f6f7505664448512e10399,2026-09-04T08:35:36.028612+00:00,https://doc.twse.com.tw/server-java/t57sb01?step=1&colorchg=1&check2858=Y&co_id=2317&year=&seamon=&mtype=A
2317,2022,COMPLETED_FROM_VALID_ALL_YEAR_CACHE,4,4,0,2317_ALL_AVAILABLE_YEARS_MOPS_t57sb01.html,2317_ALL_AVAILABLE_YEARS_MOPS_t57sb01.metadata.json,2cddd3760b92792a39a2e201d5af0d65d5616791a6c82d75b8dd6e4937d7b181,a09d76c03aec09f7abae16b25a81c4c2879e484966f6f7505664448512e10399,2026-09-04T08:35:36.028612+00:00,https://doc.twse.com.tw/server-java/t57sb01?step=1&colorchg=1&check2858=Y&co_id=2317&year=&seamon=&mtype=A
2317,2023,COMPLETED_FROM_VALID_ALL_YEAR_CACHE,4,4,0,2317_ALL_AVAILABLE_YEARS_MOPS_t57sb01.html,2317_ALL_AVAILABLE_YEARS_MOPS_t57sb01.metadata.json,2cddd3760b92792a39a2e201d5af0d65d5616791a6c82d75b8dd6e4937d7b181,a09d76c03aec09f7abae16b25a81c4c2879e484966f6f7505664448512e10399,2026-09-04T08:35:36.028612+00:00,https://doc.twse.com.tw/server-java/t57sb01?step=1&colorchg=1&check2858=Y&co_id=2317&year=&seamon=&mtype=A
2317,2024,COMPLETED_FROM_VALID_ALL_YEAR_CACHE,4,4,0,2317_ALL_AVAILABLE_YEARS_MOPS_t57sb01.html,2317_ALL_AVAILABLE_YEARS_MOPS_t57sb01.metadata.json,2cddd3760b92792a39a2e201d5af0d65d5616791a6c82d75b8dd6e4937d7b181,a09d76c03aec09f7abae16b25a81c4c2879e484966f6f7505664448512e10399,2026-09-04T08:35:36.028612+00:00,https://doc.twse.com.tw/server-java/t57sb01?step=1&colorchg=1&check2858=Y&co_id=2317&year=&seamon=&mtype=A
2317,2025,COMPLETED_FROM_VALID_ALL_YEAR_CACHE,4,4,0,2317_ALL_AVAILABLE_YEARS_MOPS_t57sb01.html,2317_ALL_AVAILABLE_YEARS_MOPS_t57sb01.metadata.json,2cddd3760b92792a39a2e201d5af0d65d5616791a6c82d75b8dd6e4937d7b181,a09d76c03aec09f7abae16b25a81c4c2879e484966f6f7505664448512e10399,2026-09-04T08:35:36.028612+00:00,https://doc.twse.com.tw/server-java/t57sb01?step=1&colorchg=1&check2858=Y&co_id=2317&year=&seamon=&mtype=A
2317,2026,COMPLETED_FROM_VALID_ALL_YEAR_CACHE,2,2,0,2317_ALL_AVAILABLE_YEARS_MOPS_t57sb01.html,2317_ALL_AVAILABLE_YEARS_MOPS_t57sb01.metadata.json,2cddd3760b92792a39a2e201d5af0d65d5616791a6c82d75b8dd6e4937d7b181,a09d76c03aec09f7abae16b25a81c4c2879e484966f6f7505664448512e10399,2026-09-04T08:35:36.028612+00:00,https://doc.twse.com.tw/server-java/t57sb01?step=1&colorchg=1&check2858=Y&co_id=2317&year=&seamon=&mtype=A
2327,2016,COMPLETED_FROM_VALID_ALL_YEAR_CACHE,4,4,0,2327_ALL_AVAILABLE_YEARS_MOPS_t57sb01.html,2327_ALL_AVAILABLE_YEARS_MOPS_t57sb01.metadata.json,83df2bb1ea734f2ec36742306dc3907103b3aa484e5fe24f9260535be39749ff,7c897678a0c9d5c5c4b2bb47595a9961776b473839eaae0f78b55d931f7568aa,2026-09-04T08:35:36.200524+00:00,https://doc.twse.com.tw/server-java/t57sb01?step=1&colorchg=1&check2858=Y&co_id=2327&year=&seamon=&mtype=A
2327,2017,COMPLETED_FROM_VALID_ALL_YEAR_CACHE,4,4,0,2327_ALL_AVAILABLE_YEARS_MOPS_t57sb01.html,2327_ALL_AVAILABLE_YEARS_MOPS_t57sb01.metadata.json,83df2bb1ea734f2ec36742306dc3907103b3aa484e5fe24f9260535be39749ff,7c897678a0c9d5c5c4b2bb47595a9961776b473839eaae0f78b55d931f7568aa,2026-09-04T08:35:36.200524+00:00,https://doc.twse.com.tw/server-java/t57sb01?step=1&colorchg=1&check2858=Y&co_id=2327&year=&seamon=&mtype=A
2327,2018,COMPLETED_FROM_VALID_ALL_YEAR_CACHE,4,4,0,2327_ALL_AVAILABLE_YEARS_MOPS_t57sb01.html,2327_ALL_AVAILABLE_YEARS_MOPS_t57sb01.metadata.json,83df2bb1ea734f2ec36742306dc3907103b3aa484e5fe24f9260535be39749ff,7c897678a0c9d5c5c4b2bb47595a9961776b473839eaae0f78b55d931f7568aa,2026-09-04T08:35:36.200524+00:00,https://doc.twse.com.tw/server-java/t57sb01?step=1&colorchg=1&check2858=Y&co_id=2327&year=&seamon=&mtype=A
2327,2019,COMPLETED_FROM_VALID_ALL_YEAR_CACHE,4,4,0,2327_ALL_AVAILABLE_YEARS_MOPS_t57sb01.html,2327_ALL_AVAILABLE_YEARS_MOPS_t57sb01.metadata.json,83df2bb1ea734f2ec36742306dc3907103b3aa484e5fe24f9260535be39749ff,7c897678a0c9d5c5c4b2bb47595a9961776b473839eaae0f78b55d931f7568aa,2026-09-04T08:35:36.200524+00:00,https://doc.twse.com.tw/server-java/t57sb01?step=1&colorchg=1&check2858=Y&co_id=2327&year=&seamon=&mtype=A
2327,2020,COMPLETED_FROM_VALID_ALL_YEAR_CACHE,4,4,0,2327_ALL_AVAILABLE_YEARS_MOPS_t57sb01.html,2327_ALL_AVAILABLE_YEARS_MOPS_t57sb01.metadata.json,83df2bb1ea734f2ec36742306dc3907103b3aa484e5fe24f9260535be39749ff,7c897678a0c9d5c5c4b2bb47595a9961776b473839eaae0f78b55d931f7568aa,2026-09-04T08:35:36.200524+00:00,https://doc.twse.com.tw/server-java/t57sb01?step=1&colorchg=1&check2858=Y&co_id=2327&year=&seamon=&mtype=A
2327,2021,COMPLETED_FROM_VALID_ALL_YEAR_CACHE,4,4,0,2327_ALL_AVAILABLE_YEARS_MOPS_t57sb01.html,2327_ALL_AVAILABLE_YEARS_MOPS_t57sb01.metadata.json,83df2bb1ea734f2ec36742306dc3907103b3aa484e5fe24f9260535be39749ff,7c897678a0c9d5c5c4b2bb47595a9961776b473839eaae0f78b55d931f7568aa,2026-09-04T08:35:36.200524+00:00,https://doc.twse.com.tw/server-java/t57sb01?step=1&colorchg=1&check2858=Y&co_id=2327&year=&seamon=&mtype=A
2327,2022,COMPLETED_FROM_VALID_ALL_YEAR_CACHE,4,4,0,2327_ALL_AVAILABLE_YEARS_MOPS_t57sb01.html,2327_ALL_AVAILABLE_YEARS_MOPS_t57sb01.metadata.json,83df2bb1ea734f2ec36742306dc3907103b3aa484e5fe24f9260535be39749ff,7c897678a0c9d5c5c4b2bb47595a9961776b473839eaae0f78b55d931f7568aa,2026-09-04T08:35:36.200524+00:00,https://doc.twse.com.tw/server-java/t57sb01?step=1&colorchg=1&check2858=Y&co_id=2327&year=&seamon=&mtype=A
2327,2023,COMPLETED_FROM_VALID_ALL_YEAR_CACHE,4,4,0,2327_ALL_AVAILABLE_YEARS_MOPS_t57sb01.html,2327_ALL_AVAILABLE_YEARS_MOPS_t57sb01.metadata.json,83df2bb1ea734f2ec36742306dc3907103b3aa484e5fe24f9260535be39749ff,7c897678a0c9d5c5c4b2bb47595a9961776b473839eaae0f78b55d931f7568aa,2026-09-04T08:35:36.200524+00:00,https://doc.twse.com.tw/server-java/t57sb01?step=1&colorchg=1&check2858=Y&co_id=2327&year=&seamon=&mtype=A
2327,2024,COMPLETED_FROM_VALID_ALL_YEAR_CACHE,4,4,0,2327_ALL_AVAILABLE_YEARS_MOPS_t57sb01.html,2327_ALL_AVAILABLE_YEARS_MOPS_t57sb01.metadata.json,83df2bb1ea734f2ec36742306dc3907103b3aa484e5fe24f9260535be39749ff,7c897678a0c9d5c5c4b2bb47595a9961776b473839eaae0f78b55d931f7568aa,2026-09-04T08:35:36.200524+00:00,https://doc.twse.com.tw/server-java/t57sb01?step=1&colorchg=1&check2858=Y&co_id=2327&year=&seamon=&mtype=A
2327,2025,COMPLETED_FROM_VALID_ALL_YEAR_CACHE,4,4,0,2327_ALL_AVAILABLE_YEARS_MOPS_t57sb01.html,2327_ALL_AVAILABLE_YEARS_MOPS_t57sb01.metadata.json,83df2bb1ea734f2ec36742306dc3907103b3aa484e5fe24f9260535be39749ff,7c897678a0c9d5c5c4b2bb47595a9961776b473839eaae0f78b55d931f7568aa,2026-09-04T08:35:36.200524+00:00,https://doc.twse.com.tw/server-java/t57sb01?step=1&colorchg=1&check2858=Y&co_id=2327&year=&seamon=&mtype=A
2327,2026,COMPLETED_FROM_VALID_ALL_YEAR_CACHE,2,2,0,2327_ALL_AVAILABLE_YEARS_MOPS_t57sb01.html,2327_ALL_AVAILABLE_YEARS_MOPS_t57sb01.metadata.json,83df2bb1ea734f2ec36742306dc3907103b3aa484e5fe24f9260535be39749ff,7c897678a0c9d5c5c4b2bb47595a9961776b473839eaae0f78b55d931f7568aa,2026-09-04T08:35:36.200524+00:00,https://doc.twse.com.tw/server-java/t57sb01?step=1&colorchg=1&check2858=Y&co_id=2327&year=&seamon=&mtype=A
2330,2016,COMPLETED_FROM_VALID_ALL_YEAR_CACHE,4,4,0,2330_ALL_AVAILABLE_YEARS_MOPS_t57sb01.html,2330_ALL_AVAILABLE_YEARS_MOPS_t57sb01.metadata.json,7ca875da253ccee2f3ebc33abf5f692313ae2e6daca0b8a563c17fe0d57fb7f1,2ab19abc5cbe60ae0d602af285ad219406aa29b99dac2f1fd8b59f8d98b15da5,2026-09-04T08:35:50.920615+00:00,https://doc.twse.com.tw/server-java/t57sb01?step=1&colorchg=1&check2858=Y&co_id=2330&year=&seamon=&mtype=A
2330,2017,COMPLETED_FROM_VALID_ALL_YEAR_CACHE,4,4,0,2330_ALL_AVAILABLE_YEARS_MOPS_t57sb01.html,2330_ALL_AVAILABLE_YEARS_MOPS_t57sb01.metadata.json,7ca875da253ccee2f3ebc33abf5f692313ae2e6daca0b8a563c17fe0d57fb7f1,2ab19abc5cbe60ae0d602af285ad219406aa29b99dac2f1fd8b59f8d98b15da5,2026-09-04T08:35:50.920615+00:00,https://doc.twse.com.tw/server-java/t57sb01?step=1&colorchg=1&check2858=Y&co_id=2330&year=&seamon=&mtype=A
2330,2018,COMPLETED_FROM_VALID_ALL_YEAR_CACHE,4,4,0,2330_ALL_AVAILABLE_YEARS_MOPS_t57sb01.html,2330_ALL_AVAILABLE_YEARS_MOPS_t57sb01.metadata.json,7ca875da253ccee2f3ebc33abf5f692313ae2e6daca0b8a563c17fe0d57fb7f1,2ab19abc5cbe60ae0d602af285ad219406aa29b99dac2f1fd8b59f8d98b15da5,2026-09-04T08:35:50.920615+00:00,https://doc.twse.com.tw/server-java/t57sb01?step=1&colorchg=1&check2858=Y&co_id=2330&year=&seamon=&mtype=A
2330,2019,COMPLETED_FROM_VALID_ALL_YEAR_CACHE,4,4,0,2330_ALL_AVAILABLE_YEARS_MOPS_t57sb01.html,2330_ALL_AVAILABLE_YEARS_MOPS_t57sb01.metadata.json,7ca875da253ccee2f3ebc33abf5f692313ae2e6daca0b8a563c17fe0d57fb7f1,2ab19abc5cbe60ae0d602af285ad219406aa29b99dac2f1fd8b59f8d98b15da5,2026-09-04T08:35:50.920615+00:00,https://doc.twse.com.tw/server-java/t57sb01?step=1&colorchg=1&check2858=Y&co_id=2330&year=&seamon=&mtype=A
2330,2020,COMPLETED_FROM_VALID_ALL_YEAR_CACHE,4,4,0,2330_ALL_AVAILABLE_YEARS_MOPS_t57sb01.html,2330_ALL_AVAILABLE_YEARS_MOPS_t57sb01.metadata.json,7ca875da253ccee2f3ebc33abf5f692313ae2e6daca0b8a563c17fe0d57fb7f1,2ab19abc5cbe60ae0d602af285ad219406aa29b99dac2f1fd8b59f8d98b15da5,2026-09-04T08:35:50.920615+00:00,https://doc.twse.com.tw/server-java/t57sb01?step=1&colorchg=1&check2858=Y&co_id=2330&year=&seamon=&mtype=A
2330,2021,COMPLETED_FROM_VALID_ALL_YEAR_CACHE,4,4,0,2330_ALL_AVAILABLE_YEARS_MOPS_t57sb01.html,2330_ALL_AVAILABLE_YEARS_MOPS_t57sb01.metadata.json,7ca875da253ccee2f3ebc33abf5f692313ae2e6daca0b8a563c17fe0d57fb7f1,2ab19abc5cbe60ae0d602af285ad219406aa29b99dac2f1fd8b59f8d98b15da5,2026-09-04T08:35:50.920615+00:00,https://doc.twse.com.tw/server-java/t57sb01?step=1&colorchg=1&check2858=Y&co_id=2330&year=&seamon=&mtype=A
2330,2022,COMPLETED_FROM_VALID_ALL_YEAR_CACHE,4,4,0,2330_ALL_AVAILABLE_YEARS_MOPS_t57sb01.html,2330_ALL_AVAILABLE_YEARS_MOPS_t57sb01.metadata.json,7ca875da253ccee2f3ebc33abf5f692313ae2e6daca0b8a563c17fe0d57fb7f1,2ab19abc5cbe60ae0d602af285ad219406aa29b99dac2f1fd8b59f8d98b15da5,2026-09-04T08:35:50.920615+00:00,https://doc.twse.com.tw/server-java/t57sb01?step=1&colorchg=1&check2858=Y&co_id=2330&year=&seamon=&mtype=A
2330,2023,COMPLETED_FROM_VALID_ALL_YEAR_CACHE,4,4,0,2330_ALL_AVAILABLE_YEARS_MOPS_t57sb01.html,2330_ALL_AVAILABLE_YEARS_MOPS_t57sb01.metadata.json,7ca875da253ccee2f3ebc33abf5f692313ae2e6daca0b8a563c17fe0d57fb7f1,2ab19abc5cbe60ae0d602af285ad219406aa29b99dac2f1fd8b59f8d98b15da5,2026-09-04T08:35:50.920615+00:00,https://doc.twse.com.tw/server-java/t57sb01?step=1&colorchg=1&check2858=Y&co_id=2330&year=&seamon=&mtype=A
2330,2024,COMPLETED_FROM_VALID_ALL_YEAR_CACHE,4,4,0,2330_ALL_AVAILABLE_YEARS_MOPS_t57sb01.html,2330_ALL_AVAILABLE_YEARS_MOPS_t57sb01.metadata.json,7ca875da253ccee2f3ebc33abf5f692313ae2e6daca0b8a563c17fe0d57fb7f1,2ab19abc5cbe60ae0d602af285ad219406aa29b99dac2f1fd8b59f8d98b15da5,2026-09-04T08:35:50.920615+00:00,https://doc.twse.com.tw/server-java/t57sb01?step=1&colorchg=1&check2858=Y&co_id=2330&year=&seamon=&mtype=A
2330,2025,COMPLETED_FROM_VALID_ALL_YEAR_CACHE,4,4,0,2330_ALL_AVAILABLE_YEARS_MOPS_t57sb01.html,2330_ALL_AVAILABLE_YEARS_MOPS_t57sb01.metadata.json,7ca875da253ccee2f3ebc33abf5f692313ae2e6daca0b8a563c17fe0d57fb7f1,2ab19abc5cbe60ae0d602af285ad219406aa29b99dac2f1fd8b59f8d98b15da5,2026-09-04T08:35:50.920615+00:00,https://doc.twse.com.tw/server-java/t57sb01?step=1&colorchg=1&check2858=Y&co_id=2330&year=&seamon=&mtype=A
2330,2026,COMPLETED_FROM_VALID_ALL_YEAR_CACHE,2,2,0,2330_ALL_AVAILABLE_YEARS_MOPS_t57sb01.html,2330_ALL_AVAILABLE_YEARS_MOPS_t57sb01.metadata.json,7ca875da253ccee2f3ebc33abf5f692313ae2e6daca0b8a563c17fe0d57fb7f1,2ab19abc5cbe60ae0d602af285ad219406aa29b99dac2f1fd8b59f8d98b15da5,2026-09-04T08:35:50.920615+00:00,https://doc.twse.com.tw/server-java/t57sb01?step=1&colorchg=1&check2858=Y&co_id=2330&year=&seamon=&mtype=A
2344,2016,COMPLETED_FROM_VALID_ALL_YEAR_CACHE,4,4,0,2344_ALL_AVAILABLE_YEARS_MOPS_t57sb01.html,2344_ALL_AVAILABLE_YEARS_MOPS_t57sb01.metadata.json,7efc4d340b2bced7a5e4c3e570e154eae4d0649082df62e0bd0938859b2eb67d,5cc8aec6182b9e188f329f88dbc5259a42f9a0d653b92cb0098cd97e348af1dd,2026-09-04T08:36:21.214100+00:00,https://doc.twse.com.tw/server-java/t57sb01?step=1&colorchg=1&check2858=Y&co_id=2344&year=&seamon=&mtype=A
2344,2017,COMPLETED_FROM_VALID_ALL_YEAR_CACHE,4,4,0,2344_ALL_AVAILABLE_YEARS_MOPS_t57sb01.html,2344_ALL_AVAILABLE_YEARS_MOPS_t57sb01.metadata.json,7efc4d340b2bced7a5e4c3e570e154eae4d0649082df62e0bd0938859b2eb67d,5cc8aec6182b9e188f329f88dbc5259a42f9a0d653b92cb0098cd97e348af1dd,2026-09-04T08:36:21.214100+00:00,https://doc.twse.com.tw/server-java/t57sb01?step=1&colorchg=1&check2858=Y&co_id=2344&year=&seamon=&mtype=A
2344,2018,COMPLETED_FROM_VALID_ALL_YEAR_CACHE,4,4,0,2344_ALL_AVAILABLE_YEARS_MOPS_t57sb01.html,2344_ALL_AVAILABLE_YEARS_MOPS_t57sb01.metadata.json,7efc4d340b2bced7a5e4c3e570e154eae4d0649082df62e0bd0938859b2eb67d,5cc8aec6182b9e188f329f88dbc5259a42f9a0d653b92cb0098cd97e348af1dd,2026-09-04T08:36:21.214100+00:00,https://doc.twse.com.tw/server-java/t57sb01?step=1&colorchg=1&check2858=Y&co_id=2344&year=&seamon=&mtype=A
2344,2019,COMPLETED_FROM_VALID_ALL_YEAR_CACHE,4,4,0,2344_ALL_AVAILABLE_YEARS_MOPS_t57sb01.html,2344_ALL_AVAILABLE_YEARS_MOPS_t57sb01.metadata.json,7efc4d340b2bced7a5e4c3e570e154eae4d0649082df62e0bd0938859b2eb67d,5cc8aec6182b9e188f329f88dbc5259a42f9a0d653b92cb0098cd97e348af1dd,2026-09-04T08:36:21.214100+00:00,https://doc.twse.com.tw/server-java/t57sb01?step=1&colorchg=1&check2858=Y&co_id=2344&year=&seamon=&mtype=A
2344,2020,COMPLETED_FROM_VALID_ALL_YEAR_CACHE,4,4,0,2344_ALL_AVAILABLE_YEARS_MOPS_t57sb01.html,2344_ALL_AVAILABLE_YEARS_MOPS_t57sb01.metadata.json,7efc4d340b2bced7a5e4c3e570e154eae4d0649082df62e0bd0938859b2eb67d,5cc8aec6182b9e188f329f88dbc5259a42f9a0d653b92cb0098cd97e348af1dd,2026-09-04T08:36:21.214100+00:00,https://doc.twse.com.tw/server-java/t57sb01?step=1&colorchg=1&check2858=Y&co_id=2344&year=&seamon=&mtype=A
2344,2021,COMPLETED_FROM_VALID_ALL_YEAR_CACHE,4,4,0,2344_ALL_AVAILABLE_YEARS_MOPS_t57sb01.html,2344_ALL_AVAILABLE_YEARS_MOPS_t57sb01.metadata.json,7efc4d340b2bced7a5e4c3e570e154eae4d0649082df62e0bd0938859b2eb67d,5cc8aec6182b9e188f329f88dbc5259a42f9a0d653b92cb0098cd97e348af1dd,2026-09-04T08:36:21.214100+00:00,https://doc.twse.com.tw/server-java/t57sb01?step=1&colorchg=1&check2858=Y&co_id=2344&year=&seamon=&mtype=A
2344,2022,COMPLETED_FROM_VALID_ALL_YEAR_CACHE,4,4,0,2344_ALL_AVAILABLE_YEARS_MOPS_t57sb01.html,2344_ALL_AVAILABLE_YEARS_MOPS_t57sb01.metadata.json,7efc4d340b2bced7a5e4c3e570e154eae4d0649082df62e0bd0938859b2eb67d,5cc8aec6182b9e188f329f88dbc5259a42f9a0d653b92cb0098cd97e348af1dd,2026-09-04T08:36:21.214100+00:00,https://doc.twse.com.tw/server-java/t57sb01?step=1&colorchg=1&check2858=Y&co_id=2344&year=&seamon=&mtype=A
2344,2023,COMPLETED_FROM_VALID_ALL_YEAR_CACHE,4,4,0,2344_ALL_AVAILABLE_YEARS_MOPS_t57sb01.html,2344_ALL_AVAILABLE_YEARS_MOPS_t57sb01.metadata.json,7efc4d340b2bced7a5e4c3e570e154eae4d0649082df62e0bd0938859b2eb67d,5cc8aec6182b9e188f329f88dbc5259a42f9a0d653b92cb0098cd97e348af1dd,2026-09-04T08:36:21.214100+00:00,https://doc.twse.com.tw/server-java/t57sb01?step=1&colorchg=1&check2858=Y&co_id=2344&year=&seamon=&mtype=A
2344,2024,COMPLETED_FROM_VALID_ALL_YEAR_CACHE,4,4,0,2344_ALL_AVAILABLE_YEARS_MOPS_t57sb01.html,2344_ALL_AVAILABLE_YEARS_MOPS_t57sb01.metadata.json,7efc4d340b2bced7a5e4c3e570e154eae4d0649082df62e0bd0938859b2eb67d,5cc8aec6182b9e188f329f88dbc5259a42f9a0d653b92cb0098cd97e348af1dd,2026-09-04T08:36:21.214100+00:00,https://doc.twse.com.tw/server-java/t57sb01?step=1&colorchg=1&check2858=Y&co_id=2344&year=&seamon=&mtype=A
2344,2025,COMPLETED_FROM_VALID_ALL_YEAR_CACHE,4,4,0,2344_ALL_AVAILABLE_YEARS_MOPS_t57sb01.html,2344_ALL_AVAILABLE_YEARS_MOPS_t57sb01.metadata.json,7efc4d340b2bced7a5e4c3e570e154eae4d0649082df62e0bd0938859b2eb67d,5cc8aec6182b9e188f329f88dbc5259a42f9a0d653b92cb0098cd97e348af1dd,2026-09-04T08:36:21.214100+00:00,https://doc.twse.com.tw/server-java/t57sb01?step=1&colorchg=1&check2858=Y&co_id=2344&year=&seamon=&mtype=A
2344,2026,COMPLETED_FROM_VALID_ALL_YEAR_CACHE,2,2,0,2344_ALL_AVAILABLE_YEARS_MOPS_t57sb01.html,2344_ALL_AVAILABLE_YEARS_MOPS_t57sb01.metadata.json,7efc4d340b2bced7a5e4c3e570e154eae4d0649082df62e0bd0938859b2eb67d,5cc8aec6182b9e188f329f88dbc5259a42f9a0d653b92cb0098cd97e348af1dd,2026-09-04T08:36:21.214100+00:00,https://doc.twse.com.tw/server-java/t57sb01?step=1&colorchg=1&check2858=Y&co_id=2344&year=&seamon=&mtype=A
2345,2016,COMPLETED_FROM_VALID_ALL_YEAR_CACHE,4,4,0,2345_ALL_AVAILABLE_YEARS_MOPS_t57sb01.html,2345_ALL_AVAILABLE_YEARS_MOPS_t57sb01.metadata.json,643ec129c48a4579762206e370ff2ca8413ee3db9563320840528833f6b25e56,19d4e42bd7addfc789703b0cfebefcbf8ad4f0587b411ff164eb650d0034f416,2026-09-04T08:36:21.214738+00:00,https://doc.twse.com.tw/server-java/t57sb01?step=1&colorchg=1&check2858=Y&co_id=2345&year=&seamon=&mtype=A
2345,2017,COMPLETED_FROM_VALID_ALL_YEAR_CACHE,4,4,0,2345_ALL_AVAILABLE_YEARS_MOPS_t57sb01.html,2345_ALL_AVAILABLE_YEARS_MOPS_t57sb01.metadata.json,643ec129c48a4579762206e370ff2ca8413ee3db9563320840528833f6b25e56,19d4e42bd7addfc789703b0cfebefcbf8ad4f0587b411ff164eb650d0034f416,2026-09-04T08:36:21.214738+00:00,https://doc.twse.com.tw/server-java/t57sb01?step=1&colorchg=1&check2858=Y&co_id=2345&year=&seamon=&mtype=A
2345,2018,COMPLETED_FROM_VALID_ALL_YEAR_CACHE,4,4,0,2345_ALL_AVAILABLE_YEARS_MOPS_t57sb01.html,2345_ALL_AVAILABLE_YEARS_MOPS_t57sb01.metadata.json,643ec129c48a4579762206e370ff2ca8413ee3db9563320840528833f6b25e56,19d4e42bd7addfc789703b0cfebefcbf8ad4f0587b411ff164eb650d0034f416,2026-09-04T08:36:21.214738+00:00,https://doc.twse.com.tw/server-java/t57sb01?step=1&colorchg=1&check2858=Y&co_id=2345&year=&seamon=&mtype=A
2345,2019,COMPLETED_FROM_VALID_ALL_YEAR_CACHE,4,4,0,2345_ALL_AVAILABLE_YEARS_MOPS_t57sb01.html,2345_ALL_AVAILABLE_YEARS_MOPS_t57sb01.metadata.json,643ec129c48a4579762206e370ff2ca8413ee3db9563320840528833f6b25e56,19d4e42bd7addfc789703b0cfebefcbf8ad4f0587b411ff164eb650d0034f416,2026-09-04T08:36:21.214738+00:00,https://doc.twse.com.tw/server-java/t57sb01?step=1&colorchg=1&check2858=Y&co_id=2345&year=&seamon=&mtype=A
2345,2020,COMPLETED_FROM_VALID_ALL_YEAR_CACHE,4,4,0,2345_ALL_AVAILABLE_YEARS_MOPS_t57sb01.html,2345_ALL_AVAILABLE_YEARS_MOPS_t57sb01.metadata.json,643ec129c48a4579762206e370ff2ca8413ee3db9563320840528833f6b25e56,19d4e42bd7addfc789703b0cfebefcbf8ad4f0587b411ff164eb650d0034f416,2026-09-04T08:36:21.214738+00:00,https://doc.twse.com.tw/server-java/t57sb01?step=1&colorchg=1&check2858=Y&co_id=2345&year=&seamon=&mtype=A
2345,2021,COMPLETED_FROM_VALID_ALL_YEAR_CACHE,4,4,0,2345_ALL_AVAILABLE_YEARS_MOPS_t57sb01.html,2345_ALL_AVAILABLE_YEARS_MOPS_t57sb01.metadata.json,643ec129c48a4579762206e370ff2ca8413ee3db9563320840528833f6b25e56,19d4e42bd7addfc789703b0cfebefcbf8ad4f0587b411ff164eb650d0034f416,2026-09-04T08:36:21.214738+00:00,https://doc.twse.com.tw/server-java/t57sb01?step=1&colorchg=1&check2858=Y&co_id=2345&year=&seamon=&mtype=A
2345,2022,COMPLETED_FROM_VALID_ALL_YEAR_CACHE,4,4,0,2345_ALL_AVAILABLE_YEARS_MOPS_t57sb01.html,2345_ALL_AVAILABLE_YEARS_MOPS_t57sb01.metadata.json,643ec129c48a4579762206e370ff2ca8413ee3db9563320840528833f6b25e56,19d4e42bd7addfc789703b0cfebefcbf8ad4f0587b411ff164eb650d0034f416,2026-09-04T08:36:21.214738+00:00,https://doc.twse.com.tw/server-java/t57sb01?step=1&colorchg=1&check2858=Y&co_id=2345&year=&seamon=&mtype=A
2345,2023,COMPLETED_FROM_VALID_ALL_YEAR_CACHE,4,4,0,2345_ALL_AVAILABLE_YEARS_MOPS_t57sb01.html,2345_ALL_AVAILABLE_YEARS_MOPS_t57sb01.metadata.json,643ec129c48a4579762206e370ff2ca8413ee3db9563320840528833f6b25e56,19d4e42bd7addfc789703b0cfebefcbf8ad4f0587b411ff164eb650d0034f416,2026-09-04T08:36:21.214738+00:00,https://doc.twse.com.tw/server-java/t57sb01?step=1&colorchg=1&check2858=Y&co_id=2345&year=&seamon=&mtype=A
2345,2024,COMPLETED_FROM_VALID_ALL_YEAR_CACHE,4,4,0,2345_ALL_AVAILABLE_YEARS_MOPS_t57sb01.html,2345_ALL_AVAILABLE_YEARS_MOPS_t57sb01.metadata.json,643ec129c48a4579762206e370ff2ca8413ee3db9563320840528833f6b25e56,19d4e42bd7addfc789703b0cfebefcbf8ad4f0587b411ff164eb650d0034f416,2026-09-04T08:36:21.214738+00:00,https://doc.twse.com.tw/server-java/t57sb01?step=1&colorchg=1&check2858=Y&co_id=2345&year=&seamon=&mtype=A
2345,2025,COMPLETED_FROM_VALID_ALL_YEAR_CACHE,4,4,0,2345_ALL_AVAILABLE_YEARS_MOPS_t57sb01.html,2345_ALL_AVAILABLE_YEARS_MOPS_t57sb01.metadata.json,643ec129c48a4579762206e370ff2ca8413ee3db9563320840528833f6b25e56,19d4e42bd7addfc789703b0cfebefcbf8ad4f0587b411ff164eb650d0034f416,2026-09-04T08:36:21.214738+00:00,https://doc.twse.com.tw/server-java/t57sb01?step=1&colorchg=1&check2858=Y&co_id=2345&year=&seamon=&mtype=A
2345,2026,COMPLETED_FROM_VALID_ALL_YEAR_CACHE,2,2,0,2345_ALL_AVAILABLE_YEARS_MOPS_t57sb01.html,2345_ALL_AVAILABLE_YEARS_MOPS_t57sb01.metadata.json,643ec129c48a4579762206e370ff2ca8413ee3db9563320840528833f6b25e56,19d4e42bd7addfc789703b0cfebefcbf8ad4f0587b411ff164eb650d0034f416,2026-09-04T08:36:21.214738+00:00,https://doc.twse.com.tw/server-java/t57sb01?step=1&colorchg=1&check2858=Y&co_id=2345&year=&seamon=&mtype=A
2357,2016,COMPLETED_FROM_VALID_ALL_YEAR_CACHE,4,4,0,2357_ALL_AVAILABLE_YEARS_MOPS_t57sb01.html,2357_ALL_AVAILABLE_YEARS_MOPS_t57sb01.metadata.json,bd6bfaf750efb58d954a78e5e3441c91d044315a105f4a8012e7b244d461d434,916e3c4a7b7f82effd4e92d2613ad0fd298a01519fa730cbba80e5401d0b3170,2026-09-04T08:35:51.117279+00:00,https://doc.twse.com.tw/server-java/t57sb01?step=1&colorchg=1&check2858=Y&co_id=2357&year=&seamon=&mtype=A
2357,2017,COMPLETED_FROM_VALID_ALL_YEAR_CACHE,4,4,0,2357_ALL_AVAILABLE_YEARS_MOPS_t57sb01.html,2357_ALL_AVAILABLE_YEARS_MOPS_t57sb01.metadata.json,bd6bfaf750efb58d954a78e5e3441c91d044315a105f4a8012e7b244d461d434,916e3c4a7b7f82effd4e92d2613ad0fd298a01519fa730cbba80e5401d0b3170,2026-09-04T08:35:51.117279+00:00,https://doc.twse.com.tw/server-java/t57sb01?step=1&colorchg=1&check2858=Y&co_id=2357&year=&seamon=&mtype=A
2357,2018,COMPLETED_FROM_VALID_ALL_YEAR_CACHE,4,4,0,2357_ALL_AVAILABLE_YEARS_MOPS_t57sb01.html,2357_ALL_AVAILABLE_YEARS_MOPS_t57sb01.metadata.json,bd6bfaf750efb58d954a78e5e3441c91d044315a105f4a8012e7b244d461d434,916e3c4a7b7f82effd4e92d2613ad0fd298a01519fa730cbba80e5401d0b3170,2026-09-04T08:35:51.117279+00:00,https://doc.twse.com.tw/server-java/t57sb01?step=1&colorchg=1&check2858=Y&co_id=2357&year=&seamon=&mtype=A
2357,2019,COMPLETED_FROM_VALID_ALL_YEAR_CACHE,4,4,0,2357_ALL_AVAILABLE_YEARS_MOPS_t57sb01.html,2357_ALL_AVAILABLE_YEARS_MOPS_t57sb01.metadata.json,bd6bfaf750efb58d954a78e5e3441c91d044315a105f4a8012e7b244d461d434,916e3c4a7b7f82effd4e92d2613ad0fd298a01519fa730cbba80e5401d0b3170,2026-09-04T08:35:51.117279+00:00,https://doc.twse.com.tw/server-java/t57sb01?step=1&colorchg=1&check2858=Y&co_id=2357&year=&seamon=&mtype=A
2357,2020,COMPLETED_FROM_VALID_ALL_YEAR_CACHE,4,4,0,2357_ALL_AVAILABLE_YEARS_MOPS_t57sb01.html,2357_ALL_AVAILABLE_YEARS_MOPS_t57sb01.metadata.json,bd6bfaf750efb58d954a78e5e3441c91d044315a105f4a8012e7b244d461d434,916e3c4a7b7f82effd4e92d2613ad0fd298a01519fa730cbba80e5401d0b3170,2026-09-04T08:35:51.117279+00:00,https://doc.twse.com.tw/server-java/t57sb01?step=1&colorchg=1&check2858=Y&co_id=2357&year=&seamon=&mtype=A
2357,2021,COMPLETED_FROM_VALID_ALL_YEAR_CACHE,4,4,0,2357_ALL_AVAILABLE_YEARS_MOPS_t57sb01.html,2357_ALL_AVAILABLE_YEARS_MOPS_t57sb01.metadata.json,bd6bfaf750efb58d954a78e5e3441c91d044315a105f4a8012e7b244d461d434,916e3c4a7b7f82effd4e92d2613ad0fd298a01519fa730cbba80e5401d0b3170,2026-09-04T08:35:51.117279+00:00,https://doc.twse.com.tw/server-java/t57sb01?step=1&colorchg=1&check2858=Y&co_id=2357&year=&seamon=&mtype=A
2357,2022,COMPLETED_FROM_VALID_ALL_YEAR_CACHE,4,4,0,2357_ALL_AVAILABLE_YEARS_MOPS_t57sb01.html,2357_ALL_AVAILABLE_YEARS_MOPS_t57sb01.metadata.json,bd6bfaf750efb58d954a78e5e3441c91d044315a105f4a8012e7b244d461d434,916e3c4a7b7f82effd4e92d2613ad0fd298a01519fa730cbba80e5401d0b3170,2026-09-04T08:35:51.117279+00:00,https://doc.twse.com.tw/server-java/t57sb01?step=1&colorchg=1&check2858=Y&co_id=2357&year=&seamon=&mtype=A
2357,2023,COMPLETED_FROM_VALID_ALL_YEAR_CACHE,4,4,0,2357_ALL_AVAILABLE_YEARS_MOPS_t57sb01.html,2357_ALL_AVAILABLE_YEARS_MOPS_t57sb01.metadata.json,bd6bfaf750efb58d954a78e5e3441c91d044315a105f4a8012e7b244d461d434,916e3c4a7b7f82effd4e92d2613ad0fd298a01519fa730cbba80e5401d0b3170,2026-09-04T08:35:51.117279+00:00,https://doc.twse.com.tw/server-java/t57sb01?step=1&colorchg=1&check2858=Y&co_id=2357&year=&seamon=&mtype=A
2357,2024,COMPLETED_FROM_VALID_ALL_YEAR_CACHE,4,4,0,2357_ALL_AVAILABLE_YEARS_MOPS_t57sb01.html,2357_ALL_AVAILABLE_YEARS_MOPS_t57sb01.metadata.json,bd6bfaf750efb58d954a78e5e3441c91d044315a105f4a8012e7b244d461d434,916e3c4a7b7f82effd4e92d2613ad0fd298a01519fa730cbba80e5401d0b3170,2026-09-04T08:35:51.117279+00:00,https://doc.twse.com.tw/server-java/t57sb01?step=1&colorchg=1&check2858=Y&co_id=2357&year=&seamon=&mtype=A
2357,2025,COMPLETED_FROM_VALID_ALL_YEAR_CACHE,4,4,0,2357_ALL_AVAILABLE_YEARS_MOPS_t57sb01.html,2357_ALL_AVAILABLE_YEARS_MOPS_t57sb01.metadata.json,bd6bfaf750efb58d954a78e5e3441c91d044315a105f4a8012e7b244d461d434,916e3c4a7b7f82effd4e92d2613ad0fd298a01519fa730cbba80e5401d0b3170,2026-09-04T08:35:51.117279+00:00,https://doc.twse.com.tw/server-java/t57sb01?step=1&colorchg=1&check2858=Y&co_id=2357&year=&seamon=&mtype=A
2357,2026,COMPLETED_FROM_VALID_ALL_YEAR_CACHE,2,2,0,2357_ALL_AVAILABLE_YEARS_MOPS_t57sb01.html,2357_ALL_AVAILABLE_YEARS_MOPS_t57sb01.metadata.json,bd6bfaf750efb58d954a78e5e3441c91d044315a105f4a8012e7b244d461d434,916e3c4a7b7f82effd4e92d2613ad0fd298a01519fa730cbba80e5401d0b3170,2026-09-04T08:35:51.117279+00:00,https://doc.twse.com.tw/server-java/t57sb01?step=1&colorchg=1&check2858=Y&co_id=2357&year=&seamon=&mtype=A
2360,2016,COMPLETED_FROM_VALID_ALL_YEAR_CACHE,4,4,0,2360_ALL_AVAILABLE_YEARS_MOPS_t57sb01.html,2360_ALL_AVAILABLE_YEARS_MOPS_t57sb01.metadata.json,050d3e7e163d81a7d2b863605684df7bedf6688487937a4567f656a66a07e77f,9f4db7c3aa340b389dd798da7ffdca565d768f83ba4b437d281d56840ca6d385,2026-09-04T08:36:21.255462+00:00,https://doc.twse.com.tw/server-java/t57sb01?step=1&colorchg=1&check2858=Y&co_id=2360&year=&seamon=&mtype=A
2360,2017,COMPLETED_FROM_VALID_ALL_YEAR_CACHE,4,4,0,2360_ALL_AVAILABLE_YEARS_MOPS_t57sb01.html,2360_ALL_AVAILABLE_YEARS_MOPS_t57sb01.metadata.json,050d3e7e163d81a7d2b863605684df7bedf6688487937a4567f656a66a07e77f,9f4db7c3aa340b389dd798da7ffdca565d768f83ba4b437d281d56840ca6d385,2026-09-04T08:36:21.255462+00:00,https://doc.twse.com.tw/server-java/t57sb01?step=1&colorchg=1&check2858=Y&co_id=2360&year=&seamon=&mtype=A
2360,2018,COMPLETED_FROM_VALID_ALL_YEAR_CACHE,4,4,0,2360_ALL_AVAILABLE_YEARS_MOPS_t57sb01.html,2360_ALL_AVAILABLE_YEARS_MOPS_t57sb01.metadata.json,050d3e7e163d81a7d2b863605684df7bedf6688487937a4567f656a66a07e77f,9f4db7c3aa340b389dd798da7ffdca565d768f83ba4b437d281d56840ca6d385,2026-09-04T08:36:21.255462+00:00,https://doc.twse.com.tw/server-java/t57sb01?step=1&colorchg=1&check2858=Y&co_id=2360&year=&seamon=&mtype=A
2360,2019,COMPLETED_FROM_VALID_ALL_YEAR_CACHE,4,4,0,2360_ALL_AVAILABLE_YEARS_MOPS_t57sb01.html,2360_ALL_AVAILABLE_YEARS_MOPS_t57sb01.metadata.json,050d3e7e163d81a7d2b863605684df7bedf6688487937a4567f656a66a07e77f,9f4db7c3aa340b389dd798da7ffdca565d768f83ba4b437d281d56840ca6d385,2026-09-04T08:36:21.255462+00:00,https://doc.twse.com.tw/server-java/t57sb01?step=1&colorchg=1&check2858=Y&co_id=2360&year=&seamon=&mtype=A
2360,2020,COMPLETED_FROM_VALID_ALL_YEAR_CACHE,4,4,0,2360_ALL_AVAILABLE_YEARS_MOPS_t57sb01.html,2360_ALL_AVAILABLE_YEARS_MOPS_t57sb01.metadata.json,050d3e7e163d81a7d2b863605684df7bedf6688487937a4567f656a66a07e77f,9f4db7c3aa340b389dd798da7ffdca565d768f83ba4b437d281d56840ca6d385,2026-09-04T08:36:21.255462+00:00,https://doc.twse.com.tw/server-java/t57sb01?step=1&colorchg=1&check2858=Y&co_id=2360&year=&seamon=&mtype=A
2360,2021,COMPLETED_FROM_VALID_ALL_YEAR_CACHE,4,4,0,2360_ALL_AVAILABLE_YEARS_MOPS_t57sb01.html,2360_ALL_AVAILABLE_YEARS_MOPS_t57sb01.metadata.json,050d3e7e163d81a7d2b863605684df7bedf6688487937a4567f656a66a07e77f,9f4db7c3aa340b389dd798da7ffdca565d768f83ba4b437d281d56840ca6d385,2026-09-04T08:36:21.255462+00:00,https://doc.twse.com.tw/server-java/t57sb01?step=1&colorchg=1&check2858=Y&co_id=2360&year=&seamon=&mtype=A
2360,2022,COMPLETED_FROM_VALID_ALL_YEAR_CACHE,4,4,0,2360_ALL_AVAILABLE_YEARS_MOPS_t57sb01.html,2360_ALL_AVAILABLE_YEARS_MOPS_t57sb01.metadata.json,050d3e7e163d81a7d2b863605684df7bedf6688487937a4567f656a66a07e77f,9f4db7c3aa340b389dd798da7ffdca565d768f83ba4b437d281d56840ca6d385,2026-09-04T08:36:21.255462+00:00,https://doc.twse.com.tw/server-java/t57sb01?step=1&colorchg=1&check2858=Y&co_id=2360&year=&seamon=&mtype=A
2360,2023,COMPLETED_FROM_VALID_ALL_YEAR_CACHE,4,4,0,2360_ALL_AVAILABLE_YEARS_MOPS_t57sb01.html,2360_ALL_AVAILABLE_YEARS_MOPS_t57sb01.metadata.json,050d3e7e163d81a7d2b863605684df7bedf6688487937a4567f656a66a07e77f,9f4db7c3aa340b389dd798da7ffdca565d768f83ba4b437d281d56840ca6d385,2026-09-04T08:36:21.255462+00:00,https://doc.twse.com.tw/server-java/t57sb01?step=1&colorchg=1&check2858=Y&co_id=2360&year=&seamon=&mtype=A
2360,2024,COMPLETED_FROM_VALID_ALL_YEAR_CACHE,4,4,0,2360_ALL_AVAILABLE_YEARS_MOPS_t57sb01.html,2360_ALL_AVAILABLE_YEARS_MOPS_t57sb01.metadata.json,050d3e7e163d81a7d2b863605684df7bedf6688487937a4567f656a66a07e77f,9f4db7c3aa340b389dd798da7ffdca565d768f83ba4b437d281d56840ca6d385,2026-09-04T08:36:21.255462+00:00,https://doc.twse.com.tw/server-java/t57sb01?step=1&colorchg=1&check2858=Y&co_id=2360&year=&seamon=&mtype=A
2360,2025,COMPLETED_FROM_VALID_ALL_YEAR_CACHE,4,4,0,2360_ALL_AVAILABLE_YEARS_MOPS_t57sb01.html,2360_ALL_AVAILABLE_YEARS_MOPS_t57sb01.metadata.json,050d3e7e163d81a7d2b863605684df7bedf6688487937a4567f656a66a07e77f,9f4db7c3aa340b389dd798da7ffdca565d768f83ba4b437d281d56840ca6d385,2026-09-04T08:36:21.255462+00:00,https://doc.twse.com.tw/server-java/t57sb01?step=1&colorchg=1&check2858=Y&co_id=2360&year=&seamon=&mtype=A
2360,2026,COMPLETED_FROM_VALID_ALL_YEAR_CACHE,2,2,0,2360_ALL_AVAILABLE_YEARS_MOPS_t57sb01.html,2360_ALL_AVAILABLE_YEARS_MOPS_t57sb01.metadata.json,050d3e7e163d81a7d2b863605684df7bedf6688487937a4567f656a66a07e77f,9f4db7c3aa340b389dd798da7ffdca565d768f83ba4b437d281d56840ca6d385,2026-09-04T08:36:21.255462+00:00,https://doc.twse.com.tw/server-java/t57sb01?step=1&colorchg=1&check2858=Y&co_id=2360&year=&seamon=&mtype=A
2368,2016,COMPLETED_FROM_VALID_ALL_YEAR_CACHE,4,4,0,2368_ALL_AVAILABLE_YEARS_MOPS_t57sb01.html,2368_ALL_AVAILABLE_YEARS_MOPS_t57sb01.metadata.json,c7c31d6a2f9a98ea2b8be41ec1452d07a4942ca6295c924003a3db549b278272,9854c72cda7eae4e3f82c797b3325b3d5383e508410ba4ec243ca87edb88256f,2026-09-04T08:35:50.653144+00:00,https://doc.twse.com.tw/server-java/t57sb01?step=1&colorchg=1&check2858=Y&co_id=2368&year=&seamon=&mtype=A
2368,2017,COMPLETED_FROM_VALID_ALL_YEAR_CACHE,4,4,0,2368_ALL_AVAILABLE_YEARS_MOPS_t57sb01.html,2368_ALL_AVAILABLE_YEARS_MOPS_t57sb01.metadata.json,c7c31d6a2f9a98ea2b8be41ec1452d07a4942ca6295c924003a3db549b278272,9854c72cda7eae4e3f82c797b3325b3d5383e508410ba4ec243ca87edb88256f,2026-09-04T08:35:50.653144+00:00,https://doc.twse.com.tw/server-java/t57sb01?step=1&colorchg=1&check2858=Y&co_id=2368&year=&seamon=&mtype=A
2368,2018,COMPLETED_FROM_VALID_ALL_YEAR_CACHE,4,4,0,2368_ALL_AVAILABLE_YEARS_MOPS_t57sb01.html,2368_ALL_AVAILABLE_YEARS_MOPS_t57sb01.metadata.json,c7c31d6a2f9a98ea2b8be41ec1452d07a4942ca6295c924003a3db549b278272,9854c72cda7eae4e3f82c797b3325b3d5383e508410ba4ec243ca87edb88256f,2026-09-04T08:35:50.653144+00:00,https://doc.twse.com.tw/server-java/t57sb01?step=1&colorchg=1&check2858=Y&co_id=2368&year=&seamon=&mtype=A
2368,2019,COMPLETED_FROM_VALID_ALL_YEAR_CACHE,4,4,0,2368_ALL_AVAILABLE_YEARS_MOPS_t57sb01.html,2368_ALL_AVAILABLE_YEARS_MOPS_t57sb01.metadata.json,c7c31d6a2f9a98ea2b8be41ec1452d07a4942ca6295c924003a3db549b278272,9854c72cda7eae4e3f82c797b3325b3d5383e508410ba4ec243ca87edb88256f,2026-09-04T08:35:50.653144+00:00,https://doc.twse.com.tw/server-java/t57sb01?step=1&colorchg=1&check2858=Y&co_id=2368&year=&seamon=&mtype=A
2368,2020,COMPLETED_FROM_VALID_ALL_YEAR_CACHE,4,4,0,2368_ALL_AVAILABLE_YEARS_MOPS_t57sb01.html,2368_ALL_AVAILABLE_YEARS_MOPS_t57sb01.metadata.json,c7c31d6a2f9a98ea2b8be41ec1452d07a4942ca6295c924003a3db549b278272,9854c72cda7eae4e3f82c797b3325b3d5383e508410ba4ec243ca87edb88256f,2026-09-04T08:35:50.653144+00:00,https://doc.twse.com.tw/server-java/t57sb01?step=1&colorchg=1&check2858=Y&co_id=2368&year=&seamon=&mtype=A
2368,2021,COMPLETED_FROM_VALID_ALL_YEAR_CACHE,4,4,0,2368_ALL_AVAILABLE_YEARS_MOPS_t57sb01.html,2368_ALL_AVAILABLE_YEARS_MOPS_t57sb01.metadata.json,c7c31d6a2f9a98ea2b8be41ec1452d07a4942ca6295c924003a3db549b278272,9854c72cda7eae4e3f82c797b3325b3d5383e508410ba4ec243ca87edb88256f,2026-09-04T08:35:50.653144+00:00,https://doc.twse.com.tw/server-java/t57sb01?step=1&colorchg=1&check2858=Y&co_id=2368&year=&seamon=&mtype=A
2368,2022,COMPLETED_FROM_VALID_ALL_YEAR_CACHE,4,4,0,2368_ALL_AVAILABLE_YEARS_MOPS_t57sb01.html,2368_ALL_AVAILABLE_YEARS_MOPS_t57sb01.metadata.json,c7c31d6a2f9a98ea2b8be41ec1452d07a4942ca6295c924003a3db549b278272,9854c72cda7eae4e3f82c797b3325b3d5383e508410ba4ec243ca87edb88256f,2026-09-04T08:35:50.653144+00:00,https://doc.twse.com.tw/server-java/t57sb01?step=1&colorchg=1&check2858=Y&co_id=2368&year=&seamon=&mtype=A
2368,2023,COMPLETED_FROM_VALID_ALL_YEAR_CACHE,4,4,0,2368_ALL_AVAILABLE_YEARS_MOPS_t57sb01.html,2368_ALL_AVAILABLE_YEARS_MOPS_t57sb01.metadata.json,c7c31d6a2f9a98ea2b8be41ec1452d07a4942ca6295c924003a3db549b278272,9854c72cda7eae4e3f82c797b3325b3d5383e508410ba4ec243ca87edb88256f,2026-09-04T08:35:50.653144+00:00,https://doc.twse.com.tw/server-java/t57sb01?step=1&colorchg=1&check2858=Y&co_id=2368&year=&seamon=&mtype=A
2368,2024,COMPLETED_FROM_VALID_ALL_YEAR_CACHE,4,4,0,2368_ALL_AVAILABLE_YEARS_MOPS_t57sb01.html,2368_ALL_AVAILABLE_YEARS_MOPS_t57sb01.metadata.json,c7c31d6a2f9a98ea2b8be41ec1452d07a4942ca6295c924003a3db549b278272,9854c72cda7eae4e3f82c797b3325b3d5383e508410ba4ec243ca87edb88256f,2026-09-04T08:35:50.653144+00:00,https://doc.twse.com.tw/server-java/t57sb01?step=1&colorchg=1&check2858=Y&co_id=2368&year=&seamon=&mtype=A
2368,2025,COMPLETED_FROM_VALID_ALL_YEAR_CACHE,4,4,0,2368_ALL_AVAILABLE_YEARS_MOPS_t57sb01.html,2368_ALL_AVAILABLE_YEARS_MOPS_t57sb01.metadata.json,c7c31d6a2f9a98ea2b8be41ec1452d07a4942ca6295c924003a3db549b278272,9854c72cda7eae4e3f82c797b3325b3d5383e508410ba4ec243ca87edb88256f,2026-09-04T08:35:50.653144+00:00,https://doc.twse.com.tw/server-java/t57sb01?step=1&colorchg=1&check2858=Y&co_id=2368&year=&seamon=&mtype=A
2368,2026,COMPLETED_FROM_VALID_ALL_YEAR_CACHE,2,2,0,2368_ALL_AVAILABLE_YEARS_MOPS_t57sb01.html,2368_ALL_AVAILABLE_YEARS_MOPS_t57sb01.metadata.json,c7c31d6a2f9a98ea2b8be41ec1452d07a4942ca6295c924003a3db549b278272,9854c72cda7eae4e3f82c797b3325b3d5383e508410ba4ec243ca87edb88256f,2026-09-04T08:35:50.653144+00:00,https://doc.twse.com.tw/server-java/t57sb01?step=1&colorchg=1&check2858=Y&co_id=2368&year=&seamon=&mtype=A
2382,2016,COMPLETED_FROM_VALID_ALL_YEAR_CACHE,4,4,0,2382_ALL_AVAILABLE_YEARS_MOPS_t57sb01.html,2382_ALL_AVAILABLE_YEARS_MOPS_t57sb01.metadata.json,e37aec5bf62c331a36956a60341b68875daf8ea6dc4f2a2d5a9355e717ca5dc0,f141f49e14782c9b44816cb6b2dae21e052b4931fcdc73b6a1b389349804ed5d,2026-09-04T08:35:50.766224+00:00,https://doc.twse.com.tw/server-java/t57sb01?step=1&colorchg=1&check2858=Y&co_id=2382&year=&seamon=&mtype=A
2382,2017,COMPLETED_FROM_VALID_ALL_YEAR_CACHE,4,4,0,2382_ALL_AVAILABLE_YEARS_MOPS_t57sb01.html,2382_ALL_AVAILABLE_YEARS_MOPS_t57sb01.metadata.json,e37aec5bf62c331a36956a60341b68875daf8ea6dc4f2a2d5a9355e717ca5dc0,f141f49e14782c9b44816cb6b2dae21e052b4931fcdc73b6a1b389349804ed5d,2026-09-04T08:35:50.766224+00:00,https://doc.twse.com.tw/server-java/t57sb01?step=1&colorchg=1&check2858=Y&co_id=2382&year=&seamon=&mtype=A
2382,2018,COMPLETED_FROM_VALID_ALL_YEAR_CACHE,4,4,0,2382_ALL_AVAILABLE_YEARS_MOPS_t57sb01.html,2382_ALL_AVAILABLE_YEARS_MOPS_t57sb01.metadata.json,e37aec5bf62c331a36956a60341b68875daf8ea6dc4f2a2d5a9355e717ca5dc0,f141f49e14782c9b44816cb6b2dae21e052b4931fcdc73b6a1b389349804ed5d,2026-09-04T08:35:50.766224+00:00,https://doc.twse.com.tw/server-java/t57sb01?step=1&colorchg=1&check2858=Y&co_id=2382&year=&seamon=&mtype=A
2382,2019,COMPLETED_FROM_VALID_ALL_YEAR_CACHE,4,4,0,2382_ALL_AVAILABLE_YEARS_MOPS_t57sb01.html,2382_ALL_AVAILABLE_YEARS_MOPS_t57sb01.metadata.json,e37aec5bf62c331a36956a60341b68875daf8ea6dc4f2a2d5a9355e717ca5dc0,f141f49e14782c9b44816cb6b2dae21e052b4931fcdc73b6a1b389349804ed5d,2026-09-04T08:35:50.766224+00:00,https://doc.twse.com.tw/server-java/t57sb01?step=1&colorchg=1&check2858=Y&co_id=2382&year=&seamon=&mtype=A
2382,2020,COMPLETED_FROM_VALID_ALL_YEAR_CACHE,4,4,0,2382_ALL_AVAILABLE_YEARS_MOPS_t57sb01.html,2382_ALL_AVAILABLE_YEARS_MOPS_t57sb01.metadata.json,e37aec5bf62c331a36956a60341b68875daf8ea6dc4f2a2d5a9355e717ca5dc0,f141f49e14782c9b44816cb6b2dae21e052b4931fcdc73b6a1b389349804ed5d,2026-09-04T08:35:50.766224+00:00,https://doc.twse.com.tw/server-java/t57sb01?step=1&colorchg=1&check2858=Y&co_id=2382&year=&seamon=&mtype=A
2382,2021,COMPLETED_FROM_VALID_ALL_YEAR_CACHE,4,4,0,2382_ALL_AVAILABLE_YEARS_MOPS_t57sb01.html,2382_ALL_AVAILABLE_YEARS_MOPS_t57sb01.metadata.json,e37aec5bf62c331a36956a60341b68875daf8ea6dc4f2a2d5a9355e717ca5dc0,f141f49e14782c9b44816cb6b2dae21e052b4931fcdc73b6a1b389349804ed5d,2026-09-04T08:35:50.766224+00:00,https://doc.twse.com.tw/server-java/t57sb01?step=1&colorchg=1&check2858=Y&co_id=2382&year=&seamon=&mtype=A
2382,2022,COMPLETED_FROM_VALID_ALL_YEAR_CACHE,4,4,0,2382_ALL_AVAILABLE_YEARS_MOPS_t57sb01.html,2382_ALL_AVAILABLE_YEARS_MOPS_t57sb01.metadata.json,e37aec5bf62c331a36956a60341b68875daf8ea6dc4f2a2d5a9355e717ca5dc0,f141f49e14782c9b44816cb6b2dae21e052b4931fcdc73b6a1b389349804ed5d,2026-09-04T08:35:50.766224+00:00,https://doc.twse.com.tw/server-java/t57sb01?step=1&colorchg=1&check2858=Y&co_id=2382&year=&seamon=&mtype=A
2382,2023,COMPLETED_FROM_VALID_ALL_YEAR_CACHE,4,4,0,2382_ALL_AVAILABLE_YEARS_MOPS_t57sb01.html,2382_ALL_AVAILABLE_YEARS_MOPS_t57sb01.metadata.json,e37aec5bf62c331a36956a60341b68875daf8ea6dc4f2a2d5a9355e717ca5dc0,f141f49e14782c9b44816cb6b2dae21e052b4931fcdc73b6a1b389349804ed5d,2026-09-04T08:35:50.766224+00:00,https://doc.twse.com.tw/server-java/t57sb01?step=1&colorchg=1&check2858=Y&co_id=2382&year=&seamon=&mtype=A
2382,2024,COMPLETED_FROM_VALID_ALL_YEAR_CACHE,4,4,0,2382_ALL_AVAILABLE_YEARS_MOPS_t57sb01.html,2382_ALL_AVAILABLE_YEARS_MOPS_t57sb01.metadata.json,e37aec5bf62c331a36956a60341b68875daf8ea6dc4f2a2d5a9355e717ca5dc0,f141f49e14782c9b44816cb6b2dae21e052b4931fcdc73b6a1b389349804ed5d,2026-09-04T08:35:50.766224+00:00,https://doc.twse.com.tw/server-java/t57sb01?step=1&colorchg=1&check2858=Y&co_id=2382&year=&seamon=&mtype=A
2382,2025,COMPLETED_FROM_VALID_ALL_YEAR_CACHE,4,4,0,2382_ALL_AVAILABLE_YEARS_MOPS_t57sb01.html,2382_ALL_AVAILABLE_YEARS_MOPS_t57sb01.metadata.json,e37aec5bf62c331a36956a60341b68875daf8ea6dc4f2a2d5a9355e717ca5dc0,f141f49e14782c9b44816cb6b2dae21e052b4931fcdc73b6a1b389349804ed5d,2026-09-04T08:35:50.766224+00:00,https://doc.twse.com.tw/server-java/t57sb01?step=1&colorchg=1&check2858=Y&co_id=2382&year=&seamon=&mtype=A
2382,2026,COMPLETED_FROM_VALID_ALL_YEAR_CACHE,2,2,0,2382_ALL_AVAILABLE_YEARS_MOPS_t57sb01.html,2382_ALL_AVAILABLE_YEARS_MOPS_t57sb01.metadata.json,e37aec5bf62c331a36956a60341b68875daf8ea6dc4f2a2d5a9355e717ca5dc0,f141f49e14782c9b44816cb6b2dae21e052b4931fcdc73b6a1b389349804ed5d,2026-09-04T08:35:50.766224+00:00,https://doc.twse.com.tw/server-java/t57sb01?step=1&colorchg=1&check2858=Y&co_id=2382&year=&seamon=&mtype=A
2383,2016,COMPLETED_FROM_VALID_ALL_YEAR_CACHE,4,4,0,2383_ALL_AVAILABLE_YEARS_MOPS_t57sb01.html,2383_ALL_AVAILABLE_YEARS_MOPS_t57sb01.metadata.json,a2737800da6678d5c399f6c5eba9aa72cae9b8de2701ce285c97028494ad3d21,e55108442949ed728c334e895074e4d87428034720aba07bcbf8ac18b0ce4584,2026-09-04T08:36:21.193514+00:00,https://doc.twse.com.tw/server-java/t57sb01?step=1&colorchg=1&check2858=Y&co_id=2383&year=&seamon=&mtype=A
2383,2017,COMPLETED_FROM_VALID_ALL_YEAR_CACHE,4,4,0,2383_ALL_AVAILABLE_YEARS_MOPS_t57sb01.html,2383_ALL_AVAILABLE_YEARS_MOPS_t57sb01.metadata.json,a2737800da6678d5c399f6c5eba9aa72cae9b8de2701ce285c97028494ad3d21,e55108442949ed728c334e895074e4d87428034720aba07bcbf8ac18b0ce4584,2026-09-04T08:36:21.193514+00:00,https://doc.twse.com.tw/server-java/t57sb01?step=1&colorchg=1&check2858=Y&co_id=2383&year=&seamon=&mtype=A
2383,2018,COMPLETED_FROM_VALID_ALL_YEAR_CACHE,4,4,0,2383_ALL_AVAILABLE_YEARS_MOPS_t57sb01.html,2383_ALL_AVAILABLE_YEARS_MOPS_t57sb01.metadata.json,a2737800da6678d5c399f6c5eba9aa72cae9b8de2701ce285c97028494ad3d21,e55108442949ed728c334e895074e4d87428034720aba07bcbf8ac18b0ce4584,2026-09-04T08:36:21.193514+00:00,https://doc.twse.com.tw/server-java/t57sb01?step=1&colorchg=1&check2858=Y&co_id=2383&year=&seamon=&mtype=A
2383,2019,COMPLETED_FROM_VALID_ALL_YEAR_CACHE,4,4,0,2383_ALL_AVAILABLE_YEARS_MOPS_t57sb01.html,2383_ALL_AVAILABLE_YEARS_MOPS_t57sb01.metadata.json,a2737800da6678d5c399f6c5eba9aa72cae9b8de2701ce285c97028494ad3d21,e55108442949ed728c334e895074e4d87428034720aba07bcbf8ac18b0ce4584,2026-09-04T08:36:21.193514+00:00,https://doc.twse.com.tw/server-java/t57sb01?step=1&colorchg=1&check2858=Y&co_id=2383&year=&seamon=&mtype=A
2383,2020,COMPLETED_FROM_VALID_ALL_YEAR_CACHE,4,4,0,2383_ALL_AVAILABLE_YEARS_MOPS_t57sb01.html,2383_ALL_AVAILABLE_YEARS_MOPS_t57sb01.metadata.json,a2737800da6678d5c399f6c5eba9aa72cae9b8de2701ce285c97028494ad3d21,e55108442949ed728c334e895074e4d87428034720aba07bcbf8ac18b0ce4584,2026-09-04T08:36:21.193514+00:00,https://doc.twse.com.tw/server-java/t57sb01?step=1&colorchg=1&check2858=Y&co_id=2383&year=&seamon=&mtype=A
2383,2021,COMPLETED_FROM_VALID_ALL_YEAR_CACHE,4,4,0,2383_ALL_AVAILABLE_YEARS_MOPS_t57sb01.html,2383_ALL_AVAILABLE_YEARS_MOPS_t57sb01.metadata.json,a2737800da6678d5c399f6c5eba9aa72cae9b8de2701ce285c97028494ad3d21,e55108442949ed728c334e895074e4d87428034720aba07bcbf8ac18b0ce4584,2026-09-04T08:36:21.193514+00:00,https://doc.twse.com.tw/server-java/t57sb01?step=1&colorchg=1&check2858=Y&co_id=2383&year=&seamon=&mtype=A
2383,2022,COMPLETED_FROM_VALID_ALL_YEAR_CACHE,4,4,0,2383_ALL_AVAILABLE_YEARS_MOPS_t57sb01.html,2383_ALL_AVAILABLE_YEARS_MOPS_t57sb01.metadata.json,a2737800da6678d5c399f6c5eba9aa72cae9b8de2701ce285c97028494ad3d21,e55108442949ed728c334e895074e4d87428034720aba07bcbf8ac18b0ce4584,2026-09-04T08:36:21.193514+00:00,https://doc.twse.com.tw/server-java/t57sb01?step=1&colorchg=1&check2858=Y&co_id=2383&year=&seamon=&mtype=A
2383,2023,COMPLETED_FROM_VALID_ALL_YEAR_CACHE,4,4,0,2383_ALL_AVAILABLE_YEARS_MOPS_t57sb01.html,2383_ALL_AVAILABLE_YEARS_MOPS_t57sb01.metadata.json,a2737800da6678d5c399f6c5eba9aa72cae9b8de2701ce285c97028494ad3d21,e55108442949ed728c334e895074e4d87428034720aba07bcbf8ac18b0ce4584,2026-09-04T08:36:21.193514+00:00,https://doc.twse.com.tw/server-java/t57sb01?step=1&colorchg=1&check2858=Y&co_id=2383&year=&seamon=&mtype=A
2383,2024,COMPLETED_FROM_VALID_ALL_YEAR_CACHE,4,4,0,2383_ALL_AVAILABLE_YEARS_MOPS_t57sb01.html,2383_ALL_AVAILABLE_YEARS_MOPS_t57sb01.metadata.json,a2737800da6678d5c399f6c5eba9aa72cae9b8de2701ce285c97028494ad3d21,e55108442949ed728c334e895074e4d87428034720aba07bcbf8ac18b0ce4584,2026-09-04T08:36:21.193514+00:00,https://doc.twse.com.tw/server-java/t57sb01?step=1&colorchg=1&check2858=Y&co_id=2383&year=&seamon=&mtype=A
2383,2025,COMPLETED_FROM_VALID_ALL_YEAR_CACHE,4,4,0,2383_ALL_AVAILABLE_YEARS_MOPS_t57sb01.html,2383_ALL_AVAILABLE_YEARS_MOPS_t57sb01.metadata.json,a2737800da6678d5c399f6c5eba9aa72cae9b8de2701ce285c97028494ad3d21,e55108442949ed728c334e895074e4d87428034720aba07bcbf8ac18b0ce4584,2026-09-04T08:36:21.193514+00:00,https://doc.twse.com.tw/server-java/t57sb01?step=1&colorchg=1&check2858=Y&co_id=2383&year=&seamon=&mtype=A
2383,2026,COMPLETED_FROM_VALID_ALL_YEAR_CACHE,2,2,0,2383_ALL_AVAILABLE_YEARS_MOPS_t57sb01.html,2383_ALL_AVAILABLE_YEARS_MOPS_t57sb01.metadata.json,a2737800da6678d5c399f6c5eba9aa72cae9b8de2701ce285c97028494ad3d21,e55108442949ed728c334e895074e4d87428034720aba07bcbf8ac18b0ce4584,2026-09-04T08:36:21.193514+00:00,https://doc.twse.com.tw/server-java/t57sb01?step=1&colorchg=1&check2858=Y&co_id=2383&year=&seamon=&mtype=A
2395,2016,COMPLETED_FROM_VALID_ALL_YEAR_CACHE,4,4,0,2395_ALL_AVAILABLE_YEARS_MOPS_t57sb01.html,2395_ALL_AVAILABLE_YEARS_MOPS_t57sb01.metadata.json,6b177f0d42746c7721cf11a30959c01ca4f5839ff1bfd84551bb0ce30e426ef2,a9d69a1f8ae1c7f289b2c763861511b5beab176f07c57d2566ec9cd42cf41f75,2026-09-04T08:36:21.254457+00:00,https://doc.twse.com.tw/server-java/t57sb01?step=1&colorchg=1&check2858=Y&co_id=2395&year=&seamon=&mtype=A
2395,2017,COMPLETED_FROM_VALID_ALL_YEAR_CACHE,4,4,0,2395_ALL_AVAILABLE_YEARS_MOPS_t57sb01.html,2395_ALL_AVAILABLE_YEARS_MOPS_t57sb01.metadata.json,6b177f0d42746c7721cf11a30959c01ca4f5839ff1bfd84551bb0ce30e426ef2,a9d69a1f8ae1c7f289b2c763861511b5beab176f07c57d2566ec9cd42cf41f75,2026-09-04T08:36:21.254457+00:00,https://doc.twse.com.tw/server-java/t57sb01?step=1&colorchg=1&check2858=Y&co_id=2395&year=&seamon=&mtype=A
2395,2018,COMPLETED_FROM_VALID_ALL_YEAR_CACHE,4,4,0,2395_ALL_AVAILABLE_YEARS_MOPS_t57sb01.html,2395_ALL_AVAILABLE_YEARS_MOPS_t57sb01.metadata.json,6b177f0d42746c7721cf11a30959c01ca4f5839ff1bfd84551bb0ce30e426ef2,a9d69a1f8ae1c7f289b2c763861511b5beab176f07c57d2566ec9cd42cf41f75,2026-09-04T08:36:21.254457+00:00,https://doc.twse.com.tw/server-java/t57sb01?step=1&colorchg=1&check2858=Y&co_id=2395&year=&seamon=&mtype=A
2395,2019,COMPLETED_FROM_VALID_ALL_YEAR_CACHE,4,4,0,2395_ALL_AVAILABLE_YEARS_MOPS_t57sb01.html,2395_ALL_AVAILABLE_YEARS_MOPS_t57sb01.metadata.json,6b177f0d42746c7721cf11a30959c01ca4f5839ff1bfd84551bb0ce30e426ef2,a9d69a1f8ae1c7f289b2c763861511b5beab176f07c57d2566ec9cd42cf41f75,2026-09-04T08:36:21.254457+00:00,https://doc.twse.com.tw/server-java/t57sb01?step=1&colorchg=1&check2858=Y&co_id=2395&year=&seamon=&mtype=A
2395,2020,COMPLETED_FROM_VALID_ALL_YEAR_CACHE,4,4,0,2395_ALL_AVAILABLE_YEARS_MOPS_t57sb01.html,2395_ALL_AVAILABLE_YEARS_MOPS_t57sb01.metadata.json,6b177f0d42746c7721cf11a30959c01ca4f5839ff1bfd84551bb0ce30e426ef2,a9d69a1f8ae1c7f289b2c763861511b5beab176f07c57d2566ec9cd42cf41f75,2026-09-04T08:36:21.254457+00:00,https://doc.twse.com.tw/server-java/t57sb01?step=1&colorchg=1&check2858=Y&co_id=2395&year=&seamon=&mtype=A
2395,2021,COMPLETED_FROM_VALID_ALL_YEAR_CACHE,4,4,0,2395_ALL_AVAILABLE_YEARS_MOPS_t57sb01.html,2395_ALL_AVAILABLE_YEARS_MOPS_t57sb01.metadata.json,6b177f0d42746c7721cf11a30959c01ca4f5839ff1bfd84551bb0ce30e426ef2,a9d69a1f8ae1c7f289b2c763861511b5beab176f07c57d2566ec9cd42cf41f75,2026-09-04T08:36:21.254457+00:00,https://doc.twse.com.tw/server-java/t57sb01?step=1&colorchg=1&check2858=Y&co_id=2395&year=&seamon=&mtype=A
2395,2022,COMPLETED_FROM_VALID_ALL_YEAR_CACHE,4,4,0,2395_ALL_AVAILABLE_YEARS_MOPS_t57sb01.html,2395_ALL_AVAILABLE_YEARS_MOPS_t57sb01.metadata.json,6b177f0d42746c7721cf11a30959c01ca4f5839ff1bfd84551bb0ce30e426ef2,a9d69a1f8ae1c7f289b2c763861511b5beab176f07c57d2566ec9cd42cf41f75,2026-09-04T08:36:21.254457+00:00,https://doc.twse.com.tw/server-java/t57sb01?step=1&colorchg=1&check2858=Y&co_id=2395&year=&seamon=&mtype=A
2395,2023,COMPLETED_FROM_VALID_ALL_YEAR_CACHE,4,4,0,2395_ALL_AVAILABLE_YEARS_MOPS_t57sb01.html,2395_ALL_AVAILABLE_YEARS_MOPS_t57sb01.metadata.json,6b177f0d42746c7721cf11a30959c01ca4f5839ff1bfd84551bb0ce30e426ef2,a9d69a1f8ae1c7f289b2c763861511b5beab176f07c57d2566ec9cd42cf41f75,2026-09-04T08:36:21.254457+00:00,https://doc.twse.com.tw/server-java/t57sb01?step=1&colorchg=1&check2858=Y&co_id=2395&year=&seamon=&mtype=A
2395,2024,COMPLETED_FROM_VALID_ALL_YEAR_CACHE,4,4,0,2395_ALL_AVAILABLE_YEARS_MOPS_t57sb01.html,2395_ALL_AVAILABLE_YEARS_MOPS_t57sb01.metadata.json,6b177f0d42746c7721cf11a30959c01ca4f5839ff1bfd84551bb0ce30e426ef2,a9d69a1f8ae1c7f289b2c763861511b5beab176f07c57d2566ec9cd42cf41f75,2026-09-04T08:36:21.254457+00:00,https://doc.twse.com.tw/server-java/t57sb01?step=1&colorchg=1&check2858=Y&co_id=2395&year=&seamon=&mtype=A
2395,2025,COMPLETED_FROM_VALID_ALL_YEAR_CACHE,4,4,0,2395_ALL_AVAILABLE_YEARS_MOPS_t57sb01.html,2395_ALL_AVAILABLE_YEARS_MOPS_t57sb01.metadata.json,6b177f0d42746c7721cf11a30959c01ca4f5839ff1bfd84551bb0ce30e426ef2,a9d69a1f8ae1c7f289b2c763861511b5beab176f07c57d2566ec9cd42cf41f75,2026-09-04T08:36:21.254457+00:00,https://doc.twse.com.tw/server-java/t57sb01?step=1&colorchg=1&check2858=Y&co_id=2395&year=&seamon=&mtype=A
2395,2026,COMPLETED_FROM_VALID_ALL_YEAR_CACHE,2,2,0,2395_ALL_AVAILABLE_YEARS_MOPS_t57sb01.html,2395_ALL_AVAILABLE_YEARS_MOPS_t57sb01.metadata.json,6b177f0d42746c7721cf11a30959c01ca4f5839ff1bfd84551bb0ce30e426ef2,a9d69a1f8ae1c7f289b2c763861511b5beab176f07c57d2566ec9cd42cf41f75,2026-09-04T08:36:21.254457+00:00,https://doc.twse.com.tw/server-java/t57sb01?step=1&colorchg=1&check2858=Y&co_id=2395&year=&seamon=&mtype=A
2408,2016,COMPLETED_FROM_VALID_ALL_YEAR_CACHE,4,4,0,2408_ALL_AVAILABLE_YEARS_MOPS_t57sb01.html,2408_ALL_AVAILABLE_YEARS_MOPS_t57sb01.metadata.json,fd2d6654b5a28c066677a7689411b4c47a23ec073fefa4ffacfce996197f2c2b,2c5d9f5eb8da33329971ab847869572a2db43028c5aa2241e55bcb3a479d63c3,2026-09-04T08:36:21.284057+00:00,https://doc.twse.com.tw/server-java/t57sb01?step=1&colorchg=1&check2858=Y&co_id=2408&year=&seamon=&mtype=A
2408,2017,COMPLETED_FROM_VALID_ALL_YEAR_CACHE,4,4,0,2408_ALL_AVAILABLE_YEARS_MOPS_t57sb01.html,2408_ALL_AVAILABLE_YEARS_MOPS_t57sb01.metadata.json,fd2d6654b5a28c066677a7689411b4c47a23ec073fefa4ffacfce996197f2c2b,2c5d9f5eb8da33329971ab847869572a2db43028c5aa2241e55bcb3a479d63c3,2026-09-04T08:36:21.284057+00:00,https://doc.twse.com.tw/server-java/t57sb01?step=1&colorchg=1&check2858=Y&co_id=2408&year=&seamon=&mtype=A
2408,2018,COMPLETED_FROM_VALID_ALL_YEAR_CACHE,4,4,0,2408_ALL_AVAILABLE_YEARS_MOPS_t57sb01.html,2408_ALL_AVAILABLE_YEARS_MOPS_t57sb01.metadata.json,fd2d6654b5a28c066677a7689411b4c47a23ec073fefa4ffacfce996197f2c2b,2c5d9f5eb8da33329971ab847869572a2db43028c5aa2241e55bcb3a479d63c3,2026-09-04T08:36:21.284057+00:00,https://doc.twse.com.tw/server-java/t57sb01?step=1&colorchg=1&check2858=Y&co_id=2408&year=&seamon=&mtype=A
2408,2019,COMPLETED_FROM_VALID_ALL_YEAR_CACHE,4,4,0,2408_ALL_AVAILABLE_YEARS_MOPS_t57sb01.html,2408_ALL_AVAILABLE_YEARS_MOPS_t57sb01.metadata.json,fd2d6654b5a28c066677a7689411b4c47a23ec073fefa4ffacfce996197f2c2b,2c5d9f5eb8da33329971ab847869572a2db43028c5aa2241e55bcb3a479d63c3,2026-09-04T08:36:21.284057+00:00,https://doc.twse.com.tw/server-java/t57sb01?step=1&colorchg=1&check2858=Y&co_id=2408&year=&seamon=&mtype=A
2408,2020,COMPLETED_FROM_VALID_ALL_YEAR_CACHE,4,4,0,2408_ALL_AVAILABLE_YEARS_MOPS_t57sb01.html,2408_ALL_AVAILABLE_YEARS_MOPS_t57sb01.metadata.json,fd2d6654b5a28c066677a7689411b4c47a23ec073fefa4ffacfce996197f2c2b,2c5d9f5eb8da33329971ab847869572a2db43028c5aa2241e55bcb3a479d63c3,2026-09-04T08:36:21.284057+00:00,https://doc.twse.com.tw/server-java/t57sb01?step=1&colorchg=1&check2858=Y&co_id=2408&year=&seamon=&mtype=A
2408,2021,COMPLETED_FROM_VALID_ALL_YEAR_CACHE,4,4,0,2408_ALL_AVAILABLE_YEARS_MOPS_t57sb01.html,2408_ALL_AVAILABLE_YEARS_MOPS_t57sb01.metadata.json,fd2d6654b5a28c066677a7689411b4c47a23ec073fefa4ffacfce996197f2c2b,2c5d9f5eb8da33329971ab847869572a2db43028c5aa2241e55bcb3a479d63c3,2026-09-04T08:36:21.284057+00:00,https://doc.twse.com.tw/server-java/t57sb01?step=1&colorchg=1&check2858=Y&co_id=2408&year=&seamon=&mtype=A
2408,2022,COMPLETED_FROM_VALID_ALL_YEAR_CACHE,4,4,0,2408_ALL_AVAILABLE_YEARS_MOPS_t57sb01.html,2408_ALL_AVAILABLE_YEARS_MOPS_t57sb01.metadata.json,fd2d6654b5a28c066677a7689411b4c47a23ec073fefa4ffacfce996197f2c2b,2c5d9f5eb8da33329971ab847869572a2db43028c5aa2241e55bcb3a479d63c3,2026-09-04T08:36:21.284057+00:00,https://doc.twse.com.tw/server-java/t57sb01?step=1&colorchg=1&check2858=Y&co_id=2408&year=&seamon=&mtype=A
2408,2023,COMPLETED_FROM_VALID_ALL_YEAR_CACHE,4,4,0,2408_ALL_AVAILABLE_YEARS_MOPS_t57sb01.html,2408_ALL_AVAILABLE_YEARS_MOPS_t57sb01.metadata.json,fd2d6654b5a28c066677a7689411b4c47a23ec073fefa4ffacfce996197f2c2b,2c5d9f5eb8da33329971ab847869572a2db43028c5aa2241e55bcb3a479d63c3,2026-09-04T08:36:21.284057+00:00,https://doc.twse.com.tw/server-java/t57sb01?step=1&colorchg=1&check2858=Y&co_id=2408&year=&seamon=&mtype=A
2408,2024,COMPLETED_FROM_VALID_ALL_YEAR_CACHE,4,4,0,2408_ALL_AVAILABLE_YEARS_MOPS_t57sb01.html,2408_ALL_AVAILABLE_YEARS_MOPS_t57sb01.metadata.json,fd2d6654b5a28c066677a7689411b4c47a23ec073fefa4ffacfce996197f2c2b,2c5d9f5eb8da33329971ab847869572a2db43028c5aa2241e55bcb3a479d63c3,2026-09-04T08:36:21.284057+00:00,https://doc.twse.com.tw/server-java/t57sb01?step=1&colorchg=1&check2858=Y&co_id=2408&year=&seamon=&mtype=A
2408,2025,COMPLETED_FROM_VALID_ALL_YEAR_CACHE,4,4,0,2408_ALL_AVAILABLE_YEARS_MOPS_t57sb01.html,2408_ALL_AVAILABLE_YEARS_MOPS_t57sb01.metadata.json,fd2d6654b5a28c066677a7689411b4c47a23ec073fefa4ffacfce996197f2c2b,2c5d9f5eb8da33329971ab847869572a2db43028c5aa2241e55bcb3a479d63c3,2026-09-04T08:36:21.284057+00:00,https://doc.twse.com.tw/server-java/t57sb01?step=1&colorchg=1&check2858=Y&co_id=2408&year=&seamon=&mtype=A
2408,2026,COMPLETED_FROM_VALID_ALL_YEAR_CACHE,2,2,0,2408_ALL_AVAILABLE_YEARS_MOPS_t57sb01.html,2408_ALL_AVAILABLE_YEARS_MOPS_t57sb01.metadata.json,fd2d6654b5a28c066677a7689411b4c47a23ec073fefa4ffacfce996197f2c2b,2c5d9f5eb8da33329971ab847869572a2db43028c5aa2241e55bcb3a479d63c3,2026-09-04T08:36:21.284057+00:00,https://doc.twse.com.tw/server-java/t57sb01?step=1&colorchg=1&check2858=Y&co_id=2408&year=&seamon=&mtype=A
2412,2016,COMPLETED_FROM_VALID_ALL_YEAR_CACHE,4,4,0,2412_ALL_AVAILABLE_YEARS_MOPS_t57sb01.html,2412_ALL_AVAILABLE_YEARS_MOPS_t57sb01.metadata.json,9db7fd4f0d590e233f6ebf64f5626be53aa45d1d34af5b969d1891e3fe9b734c,5a2051cd083020796c2537613bc6ba7228b6d0b5ed0863c33667803dac6dfd7a,2026-09-04T08:36:21.115836+00:00,https://doc.twse.com.tw/server-java/t57sb01?step=1&colorchg=1&check2858=Y&co_id=2412&year=&seamon=&mtype=A
2412,2017,COMPLETED_FROM_VALID_ALL_YEAR_CACHE,4,4,0,2412_ALL_AVAILABLE_YEARS_MOPS_t57sb01.html,2412_ALL_AVAILABLE_YEARS_MOPS_t57sb01.metadata.json,9db7fd4f0d590e233f6ebf64f5626be53aa45d1d34af5b969d1891e3fe9b734c,5a2051cd083020796c2537613bc6ba7228b6d0b5ed0863c33667803dac6dfd7a,2026-09-04T08:36:21.115836+00:00,https://doc.twse.com.tw/server-java/t57sb01?step=1&colorchg=1&check2858=Y&co_id=2412&year=&seamon=&mtype=A
2412,2018,COMPLETED_FROM_VALID_ALL_YEAR_CACHE,4,4,0,2412_ALL_AVAILABLE_YEARS_MOPS_t57sb01.html,2412_ALL_AVAILABLE_YEARS_MOPS_t57sb01.metadata.json,9db7fd4f0d590e233f6ebf64f5626be53aa45d1d34af5b969d1891e3fe9b734c,5a2051cd083020796c2537613bc6ba7228b6d0b5ed0863c33667803dac6dfd7a,2026-09-04T08:36:21.115836+00:00,https://doc.twse.com.tw/server-java/t57sb01?step=1&colorchg=1&check2858=Y&co_id=2412&year=&seamon=&mtype=A
2412,2019,COMPLETED_FROM_VALID_ALL_YEAR_CACHE,4,4,0,2412_ALL_AVAILABLE_YEARS_MOPS_t57sb01.html,2412_ALL_AVAILABLE_YEARS_MOPS_t57sb01.metadata.json,9db7fd4f0d590e233f6ebf64f5626be53aa45d1d34af5b969d1891e3fe9b734c,5a2051cd083020796c2537613bc6ba7228b6d0b5ed0863c33667803dac6dfd7a,2026-09-04T08:36:21.115836+00:00,https://doc.twse.com.tw/server-java/t57sb01?step=1&colorchg=1&check2858=Y&co_id=2412&year=&seamon=&mtype=A
2412,2020,COMPLETED_FROM_VALID_ALL_YEAR_CACHE,4,4,0,2412_ALL_AVAILABLE_YEARS_MOPS_t57sb01.html,2412_ALL_AVAILABLE_YEARS_MOPS_t57sb01.metadata.json,9db7fd4f0d590e233f6ebf64f5626be53aa45d1d34af5b969d1891e3fe9b734c,5a2051cd083020796c2537613bc6ba7228b6d0b5ed0863c33667803dac6dfd7a,2026-09-04T08:36:21.115836+00:00,https://doc.twse.com.tw/server-java/t57sb01?step=1&colorchg=1&check2858=Y&co_id=2412&year=&seamon=&mtype=A
2412,2021,COMPLETED_FROM_VALID_ALL_YEAR_CACHE,4,4,0,2412_ALL_AVAILABLE_YEARS_MOPS_t57sb01.html,2412_ALL_AVAILABLE_YEARS_MOPS_t57sb01.metadata.json,9db7fd4f0d590e233f6ebf64f5626be53aa45d1d34af5b969d1891e3fe9b734c,5a2051cd083020796c2537613bc6ba7228b6d0b5ed0863c33667803dac6dfd7a,2026-09-04T08:36:21.115836+00:00,https://doc.twse.com.tw/server-java/t57sb01?step=1&colorchg=1&check2858=Y&co_id=2412&year=&seamon=&mtype=A
2412,2022,COMPLETED_FROM_VALID_ALL_YEAR_CACHE,4,4,0,2412_ALL_AVAILABLE_YEARS_MOPS_t57sb01.html,2412_ALL_AVAILABLE_YEARS_MOPS_t57sb01.metadata.json,9db7fd4f0d590e233f6ebf64f5626be53aa45d1d34af5b969d1891e3fe9b734c,5a2051cd083020796c2537613bc6ba7228b6d0b5ed0863c33667803dac6dfd7a,2026-09-04T08:36:21.115836+00:00,https://doc.twse.com.tw/server-java/t57sb01?step=1&colorchg=1&check2858=Y&co_id=2412&year=&seamon=&mtype=A
2412,2023,COMPLETED_FROM_VALID_ALL_YEAR_CACHE,4,4,0,2412_ALL_AVAILABLE_YEARS_MOPS_t57sb01.html,2412_ALL_AVAILABLE_YEARS_MOPS_t57sb01.metadata.json,9db7fd4f0d590e233f6ebf64f5626be53aa45d1d34af5b969d1891e3fe9b734c,5a2051cd083020796c2537613bc6ba7228b6d0b5ed0863c33667803dac6dfd7a,2026-09-04T08:36:21.115836+00:00,https://doc.twse.com.tw/server-java/t57sb01?step=1&colorchg=1&check2858=Y&co_id=2412&year=&seamon=&mtype=A
2412,2024,COMPLETED_FROM_VALID_ALL_YEAR_CACHE,4,4,0,2412_ALL_AVAILABLE_YEARS_MOPS_t57sb01.html,2412_ALL_AVAILABLE_YEARS_MOPS_t57sb01.metadata.json,9db7fd4f0d590e233f6ebf64f5626be53aa45d1d34af5b969d1891e3fe9b734c,5a2051cd083020796c2537613bc6ba7228b6d0b5ed0863c33667803dac6dfd7a,2026-09-04T08:36:21.115836+00:00,https://doc.twse.com.tw/server-java/t57sb01?step=1&colorchg=1&check2858=Y&co_id=2412&year=&seamon=&mtype=A
2412,2025,COMPLETED_FROM_VALID_ALL_YEAR_CACHE,4,4,0,2412_ALL_AVAILABLE_YEARS_MOPS_t57sb01.html,2412_ALL_AVAILABLE_YEARS_MOPS_t57sb01.metadata.json,9db7fd4f0d590e233f6ebf64f5626be53aa45d1d34af5b969d1891e3fe9b734c,5a2051cd083020796c2537613bc6ba7228b6d0b5ed0863c33667803dac6dfd7a,2026-09-04T08:36:21.115836+00:00,https://doc.twse.com.tw/server-java/t57sb01?step=1&colorchg=1&check2858=Y&co_id=2412&year=&seamon=&mtype=A
2412,2026,COMPLETED_FROM_VALID_ALL_YEAR_CACHE,2,2,0,2412_ALL_AVAILABLE_YEARS_MOPS_t57sb01.html,2412_ALL_AVAILABLE_YEARS_MOPS_t57sb01.metadata.json,9db7fd4f0d590e233f6ebf64f5626be53aa45d1d34af5b969d1891e3fe9b734c,5a2051cd083020796c2537613bc6ba7228b6d0b5ed0863c33667803dac6dfd7a,2026-09-04T08:36:21.115836+00:00,https://doc.twse.com.tw/server-java/t57sb01?step=1&colorchg=1&check2858=Y&co_id=2412&year=&seamon=&mtype=A
2449,2016,COMPLETED_FROM_VALID_ALL_YEAR_CACHE,4,4,0,2449_ALL_AVAILABLE_YEARS_MOPS_t57sb01.html,2449_ALL_AVAILABLE_YEARS_MOPS_t57sb01.metadata.json,308dee898e7f228511ae604a7860ab2e098411d94efe546e1fc664244e038f7e,50a0233802e78c5b1e75e56372a6d78dff8510795a86dffb5daa7df7bcded8cc,2026-09-04T08:36:21.254881+00:00,https://doc.twse.com.tw/server-java/t57sb01?step=1&colorchg=1&check2858=Y&co_id=2449&year=&seamon=&mtype=A
2449,2017,COMPLETED_FROM_VALID_ALL_YEAR_CACHE,4,4,0,2449_ALL_AVAILABLE_YEARS_MOPS_t57sb01.html,2449_ALL_AVAILABLE_YEARS_MOPS_t57sb01.metadata.json,308dee898e7f228511ae604a7860ab2e098411d94efe546e1fc664244e038f7e,50a0233802e78c5b1e75e56372a6d78dff8510795a86dffb5daa7df7bcded8cc,2026-09-04T08:36:21.254881+00:00,https://doc.twse.com.tw/server-java/t57sb01?step=1&colorchg=1&check2858=Y&co_id=2449&year=&seamon=&mtype=A
2449,2018,COMPLETED_FROM_VALID_ALL_YEAR_CACHE,4,4,0,2449_ALL_AVAILABLE_YEARS_MOPS_t57sb01.html,2449_ALL_AVAILABLE_YEARS_MOPS_t57sb01.metadata.json,308dee898e7f228511ae604a7860ab2e098411d94efe546e1fc664244e038f7e,50a0233802e78c5b1e75e56372a6d78dff8510795a86dffb5daa7df7bcded8cc,2026-09-04T08:36:21.254881+00:00,https://doc.twse.com.tw/server-java/t57sb01?step=1&colorchg=1&check2858=Y&co_id=2449&year=&seamon=&mtype=A
2449,2019,COMPLETED_FROM_VALID_ALL_YEAR_CACHE,4,4,0,2449_ALL_AVAILABLE_YEARS_MOPS_t57sb01.html,2449_ALL_AVAILABLE_YEARS_MOPS_t57sb01.metadata.json,308dee898e7f228511ae604a7860ab2e098411d94efe546e1fc664244e038f7e,50a0233802e78c5b1e75e56372a6d78dff8510795a86dffb5daa7df7bcded8cc,2026-09-04T08:36:21.254881+00:00,https://doc.twse.com.tw/server-java/t57sb01?step=1&colorchg=1&check2858=Y&co_id=2449&year=&seamon=&mtype=A
2449,2020,COMPLETED_FROM_VALID_ALL_YEAR_CACHE,4,4,0,2449_ALL_AVAILABLE_YEARS_MOPS_t57sb01.html,2449_ALL_AVAILABLE_YEARS_MOPS_t57sb01.metadata.json,308dee898e7f228511ae604a7860ab2e098411d94efe546e1fc664244e038f7e,50a0233802e78c5b1e75e56372a6d78dff8510795a86dffb5daa7df7bcded8cc,2026-09-04T08:36:21.254881+00:00,https://doc.twse.com.tw/server-java/t57sb01?step=1&colorchg=1&check2858=Y&co_id=2449&year=&seamon=&mtype=A
2449,2021,COMPLETED_FROM_VALID_ALL_YEAR_CACHE,4,4,0,2449_ALL_AVAILABLE_YEARS_MOPS_t57sb01.html,2449_ALL_AVAILABLE_YEARS_MOPS_t57sb01.metadata.json,308dee898e7f228511ae604a7860ab2e098411d94efe546e1fc664244e038f7e,50a0233802e78c5b1e75e56372a6d78dff8510795a86dffb5daa7df7bcded8cc,2026-09-04T08:36:21.254881+00:00,https://doc.twse.com.tw/server-java/t57sb01?step=1&colorchg=1&check2858=Y&co_id=2449&year=&seamon=&mtype=A
2449,2022,COMPLETED_FROM_VALID_ALL_YEAR_CACHE,4,4,0,2449_ALL_AVAILABLE_YEARS_MOPS_t57sb01.html,2449_ALL_AVAILABLE_YEARS_MOPS_t57sb01.metadata.json,308dee898e7f228511ae604a7860ab2e098411d94efe546e1fc664244e038f7e,50a0233802e78c5b1e75e56372a6d78dff8510795a86dffb5daa7df7bcded8cc,2026-09-04T08:36:21.254881+00:00,https://doc.twse.com.tw/server-java/t57sb01?step=1&colorchg=1&check2858=Y&co_id=2449&year=&seamon=&mtype=A
2449,2023,COMPLETED_FROM_VALID_ALL_YEAR_CACHE,4,4,0,2449_ALL_AVAILABLE_YEARS_MOPS_t57sb01.html,2449_ALL_AVAILABLE_YEARS_MOPS_t57sb01.metadata.json,308dee898e7f228511ae604a7860ab2e098411d94efe546e1fc664244e038f7e,50a0233802e78c5b1e75e56372a6d78dff8510795a86dffb5daa7df7bcded8cc,2026-09-04T08:36:21.254881+00:00,https://doc.twse.com.tw/server-java/t57sb01?step=1&colorchg=1&check2858=Y&co_id=2449&year=&seamon=&mtype=A
2449,2024,COMPLETED_FROM_VALID_ALL_YEAR_CACHE,4,4,0,2449_ALL_AVAILABLE_YEARS_MOPS_t57sb01.html,2449_ALL_AVAILABLE_YEARS_MOPS_t57sb01.metadata.json,308dee898e7f228511ae604a7860ab2e098411d94efe546e1fc664244e038f7e,50a0233802e78c5b1e75e56372a6d78dff8510795a86dffb5daa7df7bcded8cc,2026-09-04T08:36:21.254881+00:00,https://doc.twse.com.tw/server-java/t57sb01?step=1&colorchg=1&check2858=Y&co_id=2449&year=&seamon=&mtype=A
2449,2025,COMPLETED_FROM_VALID_ALL_YEAR_CACHE,4,4,0,2449_ALL_AVAILABLE_YEARS_MOPS_t57sb01.html,2449_ALL_AVAILABLE_YEARS_MOPS_t57sb01.metadata.json,308dee898e7f228511ae604a7860ab2e098411d94efe546e1fc664244e038f7e,50a0233802e78c5b1e75e56372a6d78dff8510795a86dffb5daa7df7bcded8cc,2026-09-04T08:36:21.254881+00:00,https://doc.twse.com.tw/server-java/t57sb01?step=1&colorchg=1&check2858=Y&co_id=2449&year=&seamon=&mtype=A
2449,2026,COMPLETED_FROM_VALID_ALL_YEAR_CACHE,2,2,0,2449_ALL_AVAILABLE_YEARS_MOPS_t57sb01.html,2449_ALL_AVAILABLE_YEARS_MOPS_t57sb01.metadata.json,308dee898e7f228511ae604a7860ab2e098411d94efe546e1fc664244e038f7e,50a0233802e78c5b1e75e56372a6d78dff8510795a86dffb5daa7df7bcded8cc,2026-09-04T08:36:21.254881+00:00,https://doc.twse.com.tw/server-java/t57sb01?step=1&colorchg=1&check2858=Y&co_id=2449&year=&seamon=&mtype=A
2454,2016,COMPLETED_FROM_VALID_ALL_YEAR_CACHE,4,4,0,2454_ALL_AVAILABLE_YEARS_MOPS_t57sb01.html,2454_ALL_AVAILABLE_YEARS_MOPS_t57sb01.metadata.json,0745fb8ce7e5f23776ef832d4a88a81ff89ce7d855c61383d8dd001629d48b41,b3d6da396e9a9af114135bc1b3cea771440c8ceac7231158d1961c6db2a1b688,2026-09-04T08:40:10.600732+00:00,https://doc.twse.com.tw/server-java/t57sb01?step=1&colorchg=1&check2858=Y&co_id=2454&year=&seamon=&mtype=A
2454,2017,COMPLETED_FROM_VALID_ALL_YEAR_CACHE,4,4,0,2454_ALL_AVAILABLE_YEARS_MOPS_t57sb01.html,2454_ALL_AVAILABLE_YEARS_MOPS_t57sb01.metadata.json,0745fb8ce7e5f23776ef832d4a88a81ff89ce7d855c61383d8dd001629d48b41,b3d6da396e9a9af114135bc1b3cea771440c8ceac7231158d1961c6db2a1b688,2026-09-04T08:40:10.600732+00:00,https://doc.twse.com.tw/server-java/t57sb01?step=1&colorchg=1&check2858=Y&co_id=2454&year=&seamon=&mtype=A
2454,2018,COMPLETED_FROM_VALID_ALL_YEAR_CACHE,4,4,0,2454_ALL_AVAILABLE_YEARS_MOPS_t57sb01.html,2454_ALL_AVAILABLE_YEARS_MOPS_t57sb01.metadata.json,0745fb8ce7e5f23776ef832d4a88a81ff89ce7d855c61383d8dd001629d48b41,b3d6da396e9a9af114135bc1b3cea771440c8ceac7231158d1961c6db2a1b688,2026-09-04T08:40:10.600732+00:00,https://doc.twse.com.tw/server-java/t57sb01?step=1&colorchg=1&check2858=Y&co_id=2454&year=&seamon=&mtype=A
2454,2019,COMPLETED_FROM_VALID_ALL_YEAR_CACHE,4,4,0,2454_ALL_AVAILABLE_YEARS_MOPS_t57sb01.html,2454_ALL_AVAILABLE_YEARS_MOPS_t57sb01.metadata.json,0745fb8ce7e5f23776ef832d4a88a81ff89ce7d855c61383d8dd001629d48b41,b3d6da396e9a9af114135bc1b3cea771440c8ceac7231158d1961c6db2a1b688,2026-09-04T08:40:10.600732+00:00,https://doc.twse.com.tw/server-java/t57sb01?step=1&colorchg=1&check2858=Y&co_id=2454&year=&seamon=&mtype=A
2454,2020,COMPLETED_FROM_VALID_ALL_YEAR_CACHE,4,4,0,2454_ALL_AVAILABLE_YEARS_MOPS_t57sb01.html,2454_ALL_AVAILABLE_YEARS_MOPS_t57sb01.metadata.json,0745fb8ce7e5f23776ef832d4a88a81ff89ce7d855c61383d8dd001629d48b41,b3d6da396e9a9af114135bc1b3cea771440c8ceac7231158d1961c6db2a1b688,2026-09-04T08:40:10.600732+00:00,https://doc.twse.com.tw/server-java/t57sb01?step=1&colorchg=1&check2858=Y&co_id=2454&year=&seamon=&mtype=A
2454,2021,COMPLETED_FROM_VALID_ALL_YEAR_CACHE,4,4,0,2454_ALL_AVAILABLE_YEARS_MOPS_t57sb01.html,2454_ALL_AVAILABLE_YEARS_MOPS_t57sb01.metadata.json,0745fb8ce7e5f23776ef832d4a88a81ff89ce7d855c61383d8dd001629d48b41,b3d6da396e9a9af114135bc1b3cea771440c8ceac7231158d1961c6db2a1b688,2026-09-04T08:40:10.600732+00:00,https://doc.twse.com.tw/server-java/t57sb01?step=1&colorchg=1&check2858=Y&co_id=2454&year=&seamon=&mtype=A
2454,2022,COMPLETED_FROM_VALID_ALL_YEAR_CACHE,4,4,0,2454_ALL_AVAILABLE_YEARS_MOPS_t57sb01.html,2454_ALL_AVAILABLE_YEARS_MOPS_t57sb01.metadata.json,0745fb8ce7e5f23776ef832d4a88a81ff89ce7d855c61383d8dd001629d48b41,b3d6da396e9a9af114135bc1b3cea771440c8ceac7231158d1961c6db2a1b688,2026-09-04T08:40:10.600732+00:00,https://doc.twse.com.tw/server-java/t57sb01?step=1&colorchg=1&check2858=Y&co_id=2454&year=&seamon=&mtype=A
2454,2023,COMPLETED_FROM_VALID_ALL_YEAR_CACHE,4,4,0,2454_ALL_AVAILABLE_YEARS_MOPS_t57sb01.html,2454_ALL_AVAILABLE_YEARS_MOPS_t57sb01.metadata.json,0745fb8ce7e5f23776ef832d4a88a81ff89ce7d855c61383d8dd001629d48b41,b3d6da396e9a9af114135bc1b3cea771440c8ceac7231158d1961c6db2a1b688,2026-09-04T08:40:10.600732+00:00,https://doc.twse.com.tw/server-java/t57sb01?step=1&colorchg=1&check2858=Y&co_id=2454&year=&seamon=&mtype=A
2454,2024,COMPLETED_FROM_VALID_ALL_YEAR_CACHE,4,4,0,2454_ALL_AVAILABLE_YEARS_MOPS_t57sb01.html,2454_ALL_AVAILABLE_YEARS_MOPS_t57sb01.metadata.json,0745fb8ce7e5f23776ef832d4a88a81ff89ce7d855c61383d8dd001629d48b41,b3d6da396e9a9af114135bc1b3cea771440c8ceac7231158d1961c6db2a1b688,2026-09-04T08:40:10.600732+00:00,https://doc.twse.com.tw/server-java/t57sb01?step=1&colorchg=1&check2858=Y&co_id=2454&year=&seamon=&mtype=A
2454,2025,COMPLETED_FROM_VALID_ALL_YEAR_CACHE,4,4,0,2454_ALL_AVAILABLE_YEARS_MOPS_t57sb01.html,2454_ALL_AVAILABLE_YEARS_MOPS_t57sb01.metadata.json,0745fb8ce7e5f23776ef832d4a88a81ff89ce7d855c61383d8dd001629d48b41,b3d6da396e9a9af114135bc1b3cea771440c8ceac7231158d1961c6db2a1b688,2026-09-04T08:40:10.600732+00:00,https://doc.twse.com.tw/server-java/t57sb01?step=1&colorchg=1&check2858=Y&co_id=2454&year=&seamon=&mtype=A
2454,2026,COMPLETED_FROM_VALID_ALL_YEAR_CACHE,2,2,0,2454_ALL_AVAILABLE_YEARS_MOPS_t57sb01.html,2454_ALL_AVAILABLE_YEARS_MOPS_t57sb01.metadata.json,0745fb8ce7e5f23776ef832d4a88a81ff89ce7d855c61383d8dd001629d48b41,b3d6da396e9a9af114135bc1b3cea771440c8ceac7231158d1961c6db2a1b688,2026-09-04T08:40:10.600732+00:00,https://doc.twse.com.tw/server-java/t57sb01?step=1&colorchg=1&check2858=Y&co_id=2454&year=&seamon=&mtype=A
2603,2016,COMPLETED_FROM_VALID_ALL_YEAR_CACHE,4,4,0,2603_ALL_AVAILABLE_YEARS_MOPS_t57sb01.html,2603_ALL_AVAILABLE_YEARS_MOPS_t57sb01.metadata.json,aecb2ddc1e63c0eddf5172516b1c575c1534a52f93221d7f89f7502bca3de7c7,9470b6e2181cd32a2912c9dedd8c928ce6b9d0c36151150590617cd5460b50e5,2026-09-04T08:40:10.849228+00:00,https://doc.twse.com.tw/server-java/t57sb01?step=1&colorchg=1&check2858=Y&co_id=2603&year=&seamon=&mtype=A
2603,2017,COMPLETED_FROM_VALID_ALL_YEAR_CACHE,4,4,0,2603_ALL_AVAILABLE_YEARS_MOPS_t57sb01.html,2603_ALL_AVAILABLE_YEARS_MOPS_t57sb01.metadata.json,aecb2ddc1e63c0eddf5172516b1c575c1534a52f93221d7f89f7502bca3de7c7,9470b6e2181cd32a2912c9dedd8c928ce6b9d0c36151150590617cd5460b50e5,2026-09-04T08:40:10.849228+00:00,https://doc.twse.com.tw/server-java/t57sb01?step=1&colorchg=1&check2858=Y&co_id=2603&year=&seamon=&mtype=A
2603,2018,COMPLETED_FROM_VALID_ALL_YEAR_CACHE,4,4,0,2603_ALL_AVAILABLE_YEARS_MOPS_t57sb01.html,2603_ALL_AVAILABLE_YEARS_MOPS_t57sb01.metadata.json,aecb2ddc1e63c0eddf5172516b1c575c1534a52f93221d7f89f7502bca3de7c7,9470b6e2181cd32a2912c9dedd8c928ce6b9d0c36151150590617cd5460b50e5,2026-09-04T08:40:10.849228+00:00,https://doc.twse.com.tw/server-java/t57sb01?step=1&colorchg=1&check2858=Y&co_id=2603&year=&seamon=&mtype=A
2603,2019,COMPLETED_FROM_VALID_ALL_YEAR_CACHE,4,4,0,2603_ALL_AVAILABLE_YEARS_MOPS_t57sb01.html,2603_ALL_AVAILABLE_YEARS_MOPS_t57sb01.metadata.json,aecb2ddc1e63c0eddf5172516b1c575c1534a52f93221d7f89f7502bca3de7c7,9470b6e2181cd32a2912c9dedd8c928ce6b9d0c36151150590617cd5460b50e5,2026-09-04T08:40:10.849228+00:00,https://doc.twse.com.tw/server-java/t57sb01?step=1&colorchg=1&check2858=Y&co_id=2603&year=&seamon=&mtype=A
2603,2020,COMPLETED_FROM_VALID_ALL_YEAR_CACHE,4,4,0,2603_ALL_AVAILABLE_YEARS_MOPS_t57sb01.html,2603_ALL_AVAILABLE_YEARS_MOPS_t57sb01.metadata.json,aecb2ddc1e63c0eddf5172516b1c575c1534a52f93221d7f89f7502bca3de7c7,9470b6e2181cd32a2912c9dedd8c928ce6b9d0c36151150590617cd5460b50e5,2026-09-04T08:40:10.849228+00:00,https://doc.twse.com.tw/server-java/t57sb01?step=1&colorchg=1&check2858=Y&co_id=2603&year=&seamon=&mtype=A
2603,2021,COMPLETED_FROM_VALID_ALL_YEAR_CACHE,4,4,0,2603_ALL_AVAILABLE_YEARS_MOPS_t57sb01.html,2603_ALL_AVAILABLE_YEARS_MOPS_t57sb01.metadata.json,aecb2ddc1e63c0eddf5172516b1c575c1534a52f93221d7f89f7502bca3de7c7,9470b6e2181cd32a2912c9dedd8c928ce6b9d0c36151150590617cd5460b50e5,2026-09-04T08:40:10.849228+00:00,https://doc.twse.com.tw/server-java/t57sb01?step=1&colorchg=1&check2858=Y&co_id=2603&year=&seamon=&mtype=A
2603,2022,COMPLETED_FROM_VALID_ALL_YEAR_CACHE,4,4,0,2603_ALL_AVAILABLE_YEARS_MOPS_t57sb01.html,2603_ALL_AVAILABLE_YEARS_MOPS_t57sb01.metadata.json,aecb2ddc1e63c0eddf5172516b1c575c1534a52f93221d7f89f7502bca3de7c7,9470b6e2181cd32a2912c9dedd8c928ce6b9d0c36151150590617cd5460b50e5,2026-09-04T08:40:10.849228+00:00,https://doc.twse.com.tw/server-java/t57sb01?step=1&colorchg=1&check2858=Y&co_id=2603&year=&seamon=&mtype=A
2603,2023,COMPLETED_FROM_VALID_ALL_YEAR_CACHE,4,4,0,2603_ALL_AVAILABLE_YEARS_MOPS_t57sb01.html,2603_ALL_AVAILABLE_YEARS_MOPS_t57sb01.metadata.json,aecb2ddc1e63c0eddf5172516b1c575c1534a52f93221d7f89f7502bca3de7c7,9470b6e2181cd32a2912c9dedd8c928ce6b9d0c36151150590617cd5460b50e5,2026-09-04T08:40:10.849228+00:00,https://doc.twse.com.tw/server-java/t57sb01?step=1&colorchg=1&check2858=Y&co_id=2603&year=&seamon=&mtype=A
2603,2024,COMPLETED_FROM_VALID_ALL_YEAR_CACHE,4,4,0,2603_ALL_AVAILABLE_YEARS_MOPS_t57sb01.html,2603_ALL_AVAILABLE_YEARS_MOPS_t57sb01.metadata.json,aecb2ddc1e63c0eddf5172516b1c575c1534a52f93221d7f89f7502bca3de7c7,9470b6e2181cd32a2912c9dedd8c928ce6b9d0c36151150590617cd5460b50e5,2026-09-04T08:40:10.849228+00:00,https://doc.twse.com.tw/server-java/t57sb01?step=1&colorchg=1&check2858=Y&co_id=2603&year=&seamon=&mtype=A
2603,2025,COMPLETED_FROM_VALID_ALL_YEAR_CACHE,4,4,0,2603_ALL_AVAILABLE_YEARS_MOPS_t57sb01.html,2603_ALL_AVAILABLE_YEARS_MOPS_t57sb01.metadata.json,aecb2ddc1e63c0eddf5172516b1c575c1534a52f93221d7f89f7502bca3de7c7,9470b6e2181cd32a2912c9dedd8c928ce6b9d0c36151150590617cd5460b50e5,2026-09-04T08:40:10.849228+00:00,https://doc.twse.com.tw/server-java/t57sb01?step=1&colorchg=1&check2858=Y&co_id=2603&year=&seamon=&mtype=A
2603,2026,COMPLETED_FROM_VALID_ALL_YEAR_CACHE,2,2,0,2603_ALL_AVAILABLE_YEARS_MOPS_t57sb01.html,2603_ALL_AVAILABLE_YEARS_MOPS_t57sb01.metadata.json,aecb2ddc1e63c0eddf5172516b1c575c1534a52f93221d7f89f7502bca3de7c7,9470b6e2181cd32a2912c9dedd8c928ce6b9d0c36151150590617cd5460b50e5,2026-09-04T08:40:10.849228+00:00,https://doc.twse.com.tw/server-java/t57sb01?step=1&colorchg=1&check2858=Y&co_id=2603&year=&seamon=&mtype=A
2880,2016,COMPLETED_FROM_VALID_ALL_YEAR_CACHE,4,4,0,2880_ALL_AVAILABLE_YEARS_MOPS_t57sb01.html,2880_ALL_AVAILABLE_YEARS_MOPS_t57sb01.metadata.json,5f3a53c986b2786817d28532285b56f1715992c9678278db0b9cd78bc74bc24d,5d88577c9fcfb0cd39be181722afc5763465f544d3ebf35bffd01238025ef7a3,2026-09-04T08:36:34.573206+00:00,https://doc.twse.com.tw/server-java/t57sb01?step=1&colorchg=1&check2858=Y&co_id=2880&year=&seamon=&mtype=A
2880,2017,COMPLETED_FROM_VALID_ALL_YEAR_CACHE,4,4,0,2880_ALL_AVAILABLE_YEARS_MOPS_t57sb01.html,2880_ALL_AVAILABLE_YEARS_MOPS_t57sb01.metadata.json,5f3a53c986b2786817d28532285b56f1715992c9678278db0b9cd78bc74bc24d,5d88577c9fcfb0cd39be181722afc5763465f544d3ebf35bffd01238025ef7a3,2026-09-04T08:36:34.573206+00:00,https://doc.twse.com.tw/server-java/t57sb01?step=1&colorchg=1&check2858=Y&co_id=2880&year=&seamon=&mtype=A
2880,2018,COMPLETED_FROM_VALID_ALL_YEAR_CACHE,4,4,0,2880_ALL_AVAILABLE_YEARS_MOPS_t57sb01.html,2880_ALL_AVAILABLE_YEARS_MOPS_t57sb01.metadata.json,5f3a53c986b2786817d28532285b56f1715992c9678278db0b9cd78bc74bc24d,5d88577c9fcfb0cd39be181722afc5763465f544d3ebf35bffd01238025ef7a3,2026-09-04T08:36:34.573206+00:00,https://doc.twse.com.tw/server-java/t57sb01?step=1&colorchg=1&check2858=Y&co_id=2880&year=&seamon=&mtype=A
2880,2019,COMPLETED_FROM_VALID_ALL_YEAR_CACHE,4,4,0,2880_ALL_AVAILABLE_YEARS_MOPS_t57sb01.html,2880_ALL_AVAILABLE_YEARS_MOPS_t57sb01.metadata.json,5f3a53c986b2786817d28532285b56f1715992c9678278db0b9cd78bc74bc24d,5d88577c9fcfb0cd39be181722afc5763465f544d3ebf35bffd01238025ef7a3,2026-09-04T08:36:34.573206+00:00,https://doc.twse.com.tw/server-java/t57sb01?step=1&colorchg=1&check2858=Y&co_id=2880&year=&seamon=&mtype=A
2880,2020,COMPLETED_FROM_VALID_ALL_YEAR_CACHE,4,4,0,2880_ALL_AVAILABLE_YEARS_MOPS_t57sb01.html,2880_ALL_AVAILABLE_YEARS_MOPS_t57sb01.metadata.json,5f3a53c986b2786817d28532285b56f1715992c9678278db0b9cd78bc74bc24d,5d88577c9fcfb0cd39be181722afc5763465f544d3ebf35bffd01238025ef7a3,2026-09-04T08:36:34.573206+00:00,https://doc.twse.com.tw/server-java/t57sb01?step=1&colorchg=1&check2858=Y&co_id=2880&year=&seamon=&mtype=A
2880,2021,COMPLETED_FROM_VALID_ALL_YEAR_CACHE,4,4,0,2880_ALL_AVAILABLE_YEARS_MOPS_t57sb01.html,2880_ALL_AVAILABLE_YEARS_MOPS_t57sb01.metadata.json,5f3a53c986b2786817d28532285b56f1715992c9678278db0b9cd78bc74bc24d,5d88577c9fcfb0cd39be181722afc5763465f544d3ebf35bffd01238025ef7a3,2026-09-04T08:36:34.573206+00:00,https://doc.twse.com.tw/server-java/t57sb01?step=1&colorchg=1&check2858=Y&co_id=2880&year=&seamon=&mtype=A
2880,2022,COMPLETED_FROM_VALID_ALL_YEAR_CACHE,4,4,0,2880_ALL_AVAILABLE_YEARS_MOPS_t57sb01.html,2880_ALL_AVAILABLE_YEARS_MOPS_t57sb01.metadata.json,5f3a53c986b2786817d28532285b56f1715992c9678278db0b9cd78bc74bc24d,5d88577c9fcfb0cd39be181722afc5763465f544d3ebf35bffd01238025ef7a3,2026-09-04T08:36:34.573206+00:00,https://doc.twse.com.tw/server-java/t57sb01?step=1&colorchg=1&check2858=Y&co_id=2880&year=&seamon=&mtype=A
2880,2023,COMPLETED_FROM_VALID_ALL_YEAR_CACHE,4,4,0,2880_ALL_AVAILABLE_YEARS_MOPS_t57sb01.html,2880_ALL_AVAILABLE_YEARS_MOPS_t57sb01.metadata.json,5f3a53c986b2786817d28532285b56f1715992c9678278db0b9cd78bc74bc24d,5d88577c9fcfb0cd39be181722afc5763465f544d3ebf35bffd01238025ef7a3,2026-09-04T08:36:34.573206+00:00,https://doc.twse.com.tw/server-java/t57sb01?step=1&colorchg=1&check2858=Y&co_id=2880&year=&seamon=&mtype=A
2880,2024,COMPLETED_FROM_VALID_ALL_YEAR_CACHE,4,4,0,2880_ALL_AVAILABLE_YEARS_MOPS_t57sb01.html,2880_ALL_AVAILABLE_YEARS_MOPS_t57sb01.metadata.json,5f3a53c986b2786817d28532285b56f1715992c9678278db0b9cd78bc74bc24d,5d88577c9fcfb0cd39be181722afc5763465f544d3ebf35bffd01238025ef7a3,2026-09-04T08:36:34.573206+00:00,https://doc.twse.com.tw/server-java/t57sb01?step=1&colorchg=1&check2858=Y&co_id=2880&year=&seamon=&mtype=A
2880,2025,COMPLETED_FROM_VALID_ALL_YEAR_CACHE,4,4,0,2880_ALL_AVAILABLE_YEARS_MOPS_t57sb01.html,2880_ALL_AVAILABLE_YEARS_MOPS_t57sb01.metadata.json,5f3a53c986b2786817d28532285b56f1715992c9678278db0b9cd78bc74bc24d,5d88577c9fcfb0cd39be181722afc5763465f544d3ebf35bffd01238025ef7a3,2026-09-04T08:36:34.573206+00:00,https://doc.twse.com.tw/server-java/t57sb01?step=1&colorchg=1&check2858=Y&co_id=2880&year=&seamon=&mtype=A
2880,2026,COMPLETED_FROM_VALID_ALL_YEAR_CACHE,2,2,0,2880_ALL_AVAILABLE_YEARS_MOPS_t57sb01.html,2880_ALL_AVAILABLE_YEARS_MOPS_t57sb01.metadata.json,5f3a53c986b2786817d28532285b56f1715992c9678278db0b9cd78bc74bc24d,5d88577c9fcfb0cd39be181722afc5763465f544d3ebf35bffd01238025ef7a3,2026-09-04T08:36:34.573206+00:00,https://doc.twse.com.tw/server-java/t57sb01?step=1&colorchg=1&check2858=Y&co_id=2880&year=&seamon=&mtype=A
2881,2016,COMPLETED_FROM_VALID_ALL_YEAR_CACHE,4,4,0,2881_ALL_AVAILABLE_YEARS_MOPS_t57sb01.html,2881_ALL_AVAILABLE_YEARS_MOPS_t57sb01.metadata.json,503688e5e74f1cf71ea477a2e36893bfafb04871cb944302f0a2c52b7b7ec96d,e5468577a2ab1749b565367e36d7bb0fd28e80e158a28d3827c14b9821774ae3,2026-09-04T08:34:54.178048+00:00,https://doc.twse.com.tw/server-java/t57sb01?step=1&colorchg=1&check2858=Y&co_id=2881&year=&seamon=&mtype=A
2881,2017,COMPLETED_FROM_VALID_ALL_YEAR_CACHE,4,4,0,2881_ALL_AVAILABLE_YEARS_MOPS_t57sb01.html,2881_ALL_AVAILABLE_YEARS_MOPS_t57sb01.metadata.json,503688e5e74f1cf71ea477a2e36893bfafb04871cb944302f0a2c52b7b7ec96d,e5468577a2ab1749b565367e36d7bb0fd28e80e158a28d3827c14b9821774ae3,2026-09-04T08:34:54.178048+00:00,https://doc.twse.com.tw/server-java/t57sb01?step=1&colorchg=1&check2858=Y&co_id=2881&year=&seamon=&mtype=A
2881,2018,COMPLETED_FROM_VALID_ALL_YEAR_CACHE,4,4,0,2881_ALL_AVAILABLE_YEARS_MOPS_t57sb01.html,2881_ALL_AVAILABLE_YEARS_MOPS_t57sb01.metadata.json,503688e5e74f1cf71ea477a2e36893bfafb04871cb944302f0a2c52b7b7ec96d,e5468577a2ab1749b565367e36d7bb0fd28e80e158a28d3827c14b9821774ae3,2026-09-04T08:34:54.178048+00:00,https://doc.twse.com.tw/server-java/t57sb01?step=1&colorchg=1&check2858=Y&co_id=2881&year=&seamon=&mtype=A
2881,2019,COMPLETED_FROM_VALID_ALL_YEAR_CACHE,4,4,0,2881_ALL_AVAILABLE_YEARS_MOPS_t57sb01.html,2881_ALL_AVAILABLE_YEARS_MOPS_t57sb01.metadata.json,503688e5e74f1cf71ea477a2e36893bfafb04871cb944302f0a2c52b7b7ec96d,e5468577a2ab1749b565367e36d7bb0fd28e80e158a28d3827c14b9821774ae3,2026-09-04T08:34:54.178048+00:00,https://doc.twse.com.tw/server-java/t57sb01?step=1&colorchg=1&check2858=Y&co_id=2881&year=&seamon=&mtype=A
2881,2020,COMPLETED_FROM_VALID_ALL_YEAR_CACHE,4,4,0,2881_ALL_AVAILABLE_YEARS_MOPS_t57sb01.html,2881_ALL_AVAILABLE_YEARS_MOPS_t57sb01.metadata.json,503688e5e74f1cf71ea477a2e36893bfafb04871cb944302f0a2c52b7b7ec96d,e5468577a2ab1749b565367e36d7bb0fd28e80e158a28d3827c14b9821774ae3,2026-09-04T08:34:54.178048+00:00,https://doc.twse.com.tw/server-java/t57sb01?step=1&colorchg=1&check2858=Y&co_id=2881&year=&seamon=&mtype=A
2881,2021,COMPLETED_FROM_VALID_ALL_YEAR_CACHE,4,4,0,2881_ALL_AVAILABLE_YEARS_MOPS_t57sb01.html,2881_ALL_AVAILABLE_YEARS_MOPS_t57sb01.metadata.json,503688e5e74f1cf71ea477a2e36893bfafb04871cb944302f0a2c52b7b7ec96d,e5468577a2ab1749b565367e36d7bb0fd28e80e158a28d3827c14b9821774ae3,2026-09-04T08:34:54.178048+00:00,https://doc.twse.com.tw/server-java/t57sb01?step=1&colorchg=1&check2858=Y&co_id=2881&year=&seamon=&mtype=A
2881,2022,COMPLETED_FROM_VALID_ALL_YEAR_CACHE,4,4,0,2881_ALL_AVAILABLE_YEARS_MOPS_t57sb01.html,2881_ALL_AVAILABLE_YEARS_MOPS_t57sb01.metadata.json,503688e5e74f1cf71ea477a2e36893bfafb04871cb944302f0a2c52b7b7ec96d,e5468577a2ab1749b565367e36d7bb0fd28e80e158a28d3827c14b9821774ae3,2026-09-04T08:34:54.178048+00:00,https://doc.twse.com.tw/server-java/t57sb01?step=1&colorchg=1&check2858=Y&co_id=2881&year=&seamon=&mtype=A
2881,2023,COMPLETED_FROM_VALID_ALL_YEAR_CACHE,4,4,0,2881_ALL_AVAILABLE_YEARS_MOPS_t57sb01.html,2881_ALL_AVAILABLE_YEARS_MOPS_t57sb01.metadata.json,503688e5e74f1cf71ea477a2e36893bfafb04871cb944302f0a2c52b7b7ec96d,e5468577a2ab1749b565367e36d7bb0fd28e80e158a28d3827c14b9821774ae3,2026-09-04T08:34:54.178048+00:00,https://doc.twse.com.tw/server-java/t57sb01?step=1&colorchg=1&check2858=Y&co_id=2881&year=&seamon=&mtype=A
2881,2024,COMPLETED_FROM_VALID_ALL_YEAR_CACHE,4,4,0,2881_ALL_AVAILABLE_YEARS_MOPS_t57sb01.html,2881_ALL_AVAILABLE_YEARS_MOPS_t57sb01.metadata.json,503688e5e74f1cf71ea477a2e36893bfafb04871cb944302f0a2c52b7b7ec96d,e5468577a2ab1749b565367e36d7bb0fd28e80e158a28d3827c14b9821774ae3,2026-09-04T08:34:54.178048+00:00,https://doc.twse.com.tw/server-java/t57sb01?step=1&colorchg=1&check2858=Y&co_id=2881&year=&seamon=&mtype=A
2881,2025,COMPLETED_FROM_VALID_ALL_YEAR_CACHE,4,4,0,2881_ALL_AVAILABLE_YEARS_MOPS_t57sb01.html,2881_ALL_AVAILABLE_YEARS_MOPS_t57sb01.metadata.json,503688e5e74f1cf71ea477a2e36893bfafb04871cb944302f0a2c52b7b7ec96d,e5468577a2ab1749b565367e36d7bb0fd28e80e158a28d3827c14b9821774ae3,2026-09-04T08:34:54.178048+00:00,https://doc.twse.com.tw/server-java/t57sb01?step=1&colorchg=1&check2858=Y&co_id=2881&year=&seamon=&mtype=A
2881,2026,COMPLETED_FROM_VALID_ALL_YEAR_CACHE,2,2,0,2881_ALL_AVAILABLE_YEARS_MOPS_t57sb01.html,2881_ALL_AVAILABLE_YEARS_MOPS_t57sb01.metadata.json,503688e5e74f1cf71ea477a2e36893bfafb04871cb944302f0a2c52b7b7ec96d,e5468577a2ab1749b565367e36d7bb0fd28e80e158a28d3827c14b9821774ae3,2026-09-04T08:34:54.178048+00:00,https://doc.twse.com.tw/server-java/t57sb01?step=1&colorchg=1&check2858=Y&co_id=2881&year=&seamon=&mtype=A
2882,2016,COMPLETED_FROM_VALID_ALL_YEAR_CACHE,4,4,0,2882_ALL_AVAILABLE_YEARS_MOPS_t57sb01.html,2882_ALL_AVAILABLE_YEARS_MOPS_t57sb01.metadata.json,5759cc2056e8176d1be648111831769e7efa84066351d1ecbb641abc1d2e5f73,a2fa48c1d9e703d729c96f1cc9b2f2b904e6c5c2b702670009d54e351a998bf3,2026-09-04T08:36:34.378199+00:00,https://doc.twse.com.tw/server-java/t57sb01?step=1&colorchg=1&check2858=Y&co_id=2882&year=&seamon=&mtype=A
2882,2017,COMPLETED_FROM_VALID_ALL_YEAR_CACHE,4,4,0,2882_ALL_AVAILABLE_YEARS_MOPS_t57sb01.html,2882_ALL_AVAILABLE_YEARS_MOPS_t57sb01.metadata.json,5759cc2056e8176d1be648111831769e7efa84066351d1ecbb641abc1d2e5f73,a2fa48c1d9e703d729c96f1cc9b2f2b904e6c5c2b702670009d54e351a998bf3,2026-09-04T08:36:34.378199+00:00,https://doc.twse.com.tw/server-java/t57sb01?step=1&colorchg=1&check2858=Y&co_id=2882&year=&seamon=&mtype=A
2882,2018,COMPLETED_FROM_VALID_ALL_YEAR_CACHE,4,4,0,2882_ALL_AVAILABLE_YEARS_MOPS_t57sb01.html,2882_ALL_AVAILABLE_YEARS_MOPS_t57sb01.metadata.json,5759cc2056e8176d1be648111831769e7efa84066351d1ecbb641abc1d2e5f73,a2fa48c1d9e703d729c96f1cc9b2f2b904e6c5c2b702670009d54e351a998bf3,2026-09-04T08:36:34.378199+00:00,https://doc.twse.com.tw/server-java/t57sb01?step=1&colorchg=1&check2858=Y&co_id=2882&year=&seamon=&mtype=A
2882,2019,COMPLETED_FROM_VALID_ALL_YEAR_CACHE,4,4,0,2882_ALL_AVAILABLE_YEARS_MOPS_t57sb01.html,2882_ALL_AVAILABLE_YEARS_MOPS_t57sb01.metadata.json,5759cc2056e8176d1be648111831769e7efa84066351d1ecbb641abc1d2e5f73,a2fa48c1d9e703d729c96f1cc9b2f2b904e6c5c2b702670009d54e351a998bf3,2026-09-04T08:36:34.378199+00:00,https://doc.twse.com.tw/server-java/t57sb01?step=1&colorchg=1&check2858=Y&co_id=2882&year=&seamon=&mtype=A
2882,2020,COMPLETED_FROM_VALID_ALL_YEAR_CACHE,4,4,0,2882_ALL_AVAILABLE_YEARS_MOPS_t57sb01.html,2882_ALL_AVAILABLE_YEARS_MOPS_t57sb01.metadata.json,5759cc2056e8176d1be648111831769e7efa84066351d1ecbb641abc1d2e5f73,a2fa48c1d9e703d729c96f1cc9b2f2b904e6c5c2b702670009d54e351a998bf3,2026-09-04T08:36:34.378199+00:00,https://doc.twse.com.tw/server-java/t57sb01?step=1&colorchg=1&check2858=Y&co_id=2882&year=&seamon=&mtype=A
2882,2021,COMPLETED_FROM_VALID_ALL_YEAR_CACHE,4,4,0,2882_ALL_AVAILABLE_YEARS_MOPS_t57sb01.html,2882_ALL_AVAILABLE_YEARS_MOPS_t57sb01.metadata.json,5759cc2056e8176d1be648111831769e7efa84066351d1ecbb641abc1d2e5f73,a2fa48c1d9e703d729c96f1cc9b2f2b904e6c5c2b702670009d54e351a998bf3,2026-09-04T08:36:34.378199+00:00,https://doc.twse.com.tw/server-java/t57sb01?step=1&colorchg=1&check2858=Y&co_id=2882&year=&seamon=&mtype=A
2882,2022,COMPLETED_FROM_VALID_ALL_YEAR_CACHE,4,4,0,2882_ALL_AVAILABLE_YEARS_MOPS_t57sb01.html,2882_ALL_AVAILABLE_YEARS_MOPS_t57sb01.metadata.json,5759cc2056e8176d1be648111831769e7efa84066351d1ecbb641abc1d2e5f73,a2fa48c1d9e703d729c96f1cc9b2f2b904e6c5c2b702670009d54e351a998bf3,2026-09-04T08:36:34.378199+00:00,https://doc.twse.com.tw/server-java/t57sb01?step=1&colorchg=1&check2858=Y&co_id=2882&year=&seamon=&mtype=A
2882,2023,COMPLETED_FROM_VALID_ALL_YEAR_CACHE,4,4,0,2882_ALL_AVAILABLE_YEARS_MOPS_t57sb01.html,2882_ALL_AVAILABLE_YEARS_MOPS_t57sb01.metadata.json,5759cc2056e8176d1be648111831769e7efa84066351d1ecbb641abc1d2e5f73,a2fa48c1d9e703d729c96f1cc9b2f2b904e6c5c2b702670009d54e351a998bf3,2026-09-04T08:36:34.378199+00:00,https://doc.twse.com.tw/server-java/t57sb01?step=1&colorchg=1&check2858=Y&co_id=2882&year=&seamon=&mtype=A
2882,2024,COMPLETED_FROM_VALID_ALL_YEAR_CACHE,4,4,0,2882_ALL_AVAILABLE_YEARS_MOPS_t57sb01.html,2882_ALL_AVAILABLE_YEARS_MOPS_t57sb01.metadata.json,5759cc2056e8176d1be648111831769e7efa84066351d1ecbb641abc1d2e5f73,a2fa48c1d9e703d729c96f1cc9b2f2b904e6c5c2b702670009d54e351a998bf3,2026-09-04T08:36:34.378199+00:00,https://doc.twse.com.tw/server-java/t57sb01?step=1&colorchg=1&check2858=Y&co_id=2882&year=&seamon=&mtype=A
2882,2025,COMPLETED_FROM_VALID_ALL_YEAR_CACHE,4,4,0,2882_ALL_AVAILABLE_YEARS_MOPS_t57sb01.html,2882_ALL_AVAILABLE_YEARS_MOPS_t57sb01.metadata.json,5759cc2056e8176d1be648111831769e7efa84066351d1ecbb641abc1d2e5f73,a2fa48c1d9e703d729c96f1cc9b2f2b904e6c5c2b702670009d54e351a998bf3,2026-09-04T08:36:34.378199+00:00,https://doc.twse.com.tw/server-java/t57sb01?step=1&colorchg=1&check2858=Y&co_id=2882&year=&seamon=&mtype=A
2882,2026,COMPLETED_FROM_VALID_ALL_YEAR_CACHE,2,2,0,2882_ALL_AVAILABLE_YEARS_MOPS_t57sb01.html,2882_ALL_AVAILABLE_YEARS_MOPS_t57sb01.metadata.json,5759cc2056e8176d1be648111831769e7efa84066351d1ecbb641abc1d2e5f73,a2fa48c1d9e703d729c96f1cc9b2f2b904e6c5c2b702670009d54e351a998bf3,2026-09-04T08:36:34.378199+00:00,https://doc.twse.com.tw/server-java/t57sb01?step=1&colorchg=1&check2858=Y&co_id=2882&year=&seamon=&mtype=A
2883,2016,COMPLETED_FROM_VALID_ALL_YEAR_CACHE,4,4,0,2883_ALL_AVAILABLE_YEARS_MOPS_t57sb01.html,2883_ALL_AVAILABLE_YEARS_MOPS_t57sb01.metadata.json,5b2847e58e26e3e01928fff1b0296f61b678ab48e87125395da9b489827857d6,515d4d9966d0b3499b42a8a9218935b8abe9bf835d081758f2430dd69dc9d9bc,2026-09-04T08:40:22.227777+00:00,https://doc.twse.com.tw/server-java/t57sb01?step=1&colorchg=1&check2858=Y&co_id=2883&year=&seamon=&mtype=A
2883,2017,COMPLETED_FROM_VALID_ALL_YEAR_CACHE,4,4,0,2883_ALL_AVAILABLE_YEARS_MOPS_t57sb01.html,2883_ALL_AVAILABLE_YEARS_MOPS_t57sb01.metadata.json,5b2847e58e26e3e01928fff1b0296f61b678ab48e87125395da9b489827857d6,515d4d9966d0b3499b42a8a9218935b8abe9bf835d081758f2430dd69dc9d9bc,2026-09-04T08:40:22.227777+00:00,https://doc.twse.com.tw/server-java/t57sb01?step=1&colorchg=1&check2858=Y&co_id=2883&year=&seamon=&mtype=A
2883,2018,COMPLETED_FROM_VALID_ALL_YEAR_CACHE,4,4,0,2883_ALL_AVAILABLE_YEARS_MOPS_t57sb01.html,2883_ALL_AVAILABLE_YEARS_MOPS_t57sb01.metadata.json,5b2847e58e26e3e01928fff1b0296f61b678ab48e87125395da9b489827857d6,515d4d9966d0b3499b42a8a9218935b8abe9bf835d081758f2430dd69dc9d9bc,2026-09-04T08:40:22.227777+00:00,https://doc.twse.com.tw/server-java/t57sb01?step=1&colorchg=1&check2858=Y&co_id=2883&year=&seamon=&mtype=A
2883,2019,COMPLETED_FROM_VALID_ALL_YEAR_CACHE,4,4,0,2883_ALL_AVAILABLE_YEARS_MOPS_t57sb01.html,2883_ALL_AVAILABLE_YEARS_MOPS_t57sb01.metadata.json,5b2847e58e26e3e01928fff1b0296f61b678ab48e87125395da9b489827857d6,515d4d9966d0b3499b42a8a9218935b8abe9bf835d081758f2430dd69dc9d9bc,2026-09-04T08:40:22.227777+00:00,https://doc.twse.com.tw/server-java/t57sb01?step=1&colorchg=1&check2858=Y&co_id=2883&year=&seamon=&mtype=A
2883,2020,COMPLETED_FROM_VALID_ALL_YEAR_CACHE,4,4,0,2883_ALL_AVAILABLE_YEARS_MOPS_t57sb01.html,2883_ALL_AVAILABLE_YEARS_MOPS_t57sb01.metadata.json,5b2847e58e26e3e01928fff1b0296f61b678ab48e87125395da9b489827857d6,515d4d9966d0b3499b42a8a9218935b8abe9bf835d081758f2430dd69dc9d9bc,2026-09-04T08:40:22.227777+00:00,https://doc.twse.com.tw/server-java/t57sb01?step=1&colorchg=1&check2858=Y&co_id=2883&year=&seamon=&mtype=A
2883,2021,COMPLETED_FROM_VALID_ALL_YEAR_CACHE,4,4,0,2883_ALL_AVAILABLE_YEARS_MOPS_t57sb01.html,2883_ALL_AVAILABLE_YEARS_MOPS_t57sb01.metadata.json,5b2847e58e26e3e01928fff1b0296f61b678ab48e87125395da9b489827857d6,515d4d9966d0b3499b42a8a9218935b8abe9bf835d081758f2430dd69dc9d9bc,2026-09-04T08:40:22.227777+00:00,https://doc.twse.com.tw/server-java/t57sb01?step=1&colorchg=1&check2858=Y&co_id=2883&year=&seamon=&mtype=A
2883,2022,COMPLETED_FROM_VALID_ALL_YEAR_CACHE,4,4,0,2883_ALL_AVAILABLE_YEARS_MOPS_t57sb01.html,2883_ALL_AVAILABLE_YEARS_MOPS_t57sb01.metadata.json,5b2847e58e26e3e01928fff1b0296f61b678ab48e87125395da9b489827857d6,515d4d9966d0b3499b42a8a9218935b8abe9bf835d081758f2430dd69dc9d9bc,2026-09-04T08:40:22.227777+00:00,https://doc.twse.com.tw/server-java/t57sb01?step=1&colorchg=1&check2858=Y&co_id=2883&year=&seamon=&mtype=A
2883,2023,COMPLETED_FROM_VALID_ALL_YEAR_CACHE,4,4,0,2883_ALL_AVAILABLE_YEARS_MOPS_t57sb01.html,2883_ALL_AVAILABLE_YEARS_MOPS_t57sb01.metadata.json,5b2847e58e26e3e01928fff1b0296f61b678ab48e87125395da9b489827857d6,515d4d9966d0b3499b42a8a9218935b8abe9bf835d081758f2430dd69dc9d9bc,2026-09-04T08:40:22.227777+00:00,https://doc.twse.com.tw/server-java/t57sb01?step=1&colorchg=1&check2858=Y&co_id=2883&year=&seamon=&mtype=A
2883,2024,COMPLETED_FROM_VALID_ALL_YEAR_CACHE,4,4,0,2883_ALL_AVAILABLE_YEARS_MOPS_t57sb01.html,2883_ALL_AVAILABLE_YEARS_MOPS_t57sb01.metadata.json,5b2847e58e26e3e01928fff1b0296f61b678ab48e87125395da9b489827857d6,515d4d9966d0b3499b42a8a9218935b8abe9bf835d081758f2430dd69dc9d9bc,2026-09-04T08:40:22.227777+00:00,https://doc.twse.com.tw/server-java/t57sb01?step=1&colorchg=1&check2858=Y&co_id=2883&year=&seamon=&mtype=A
2883,2025,COMPLETED_FROM_VALID_ALL_YEAR_CACHE,4,4,0,2883_ALL_AVAILABLE_YEARS_MOPS_t57sb01.html,2883_ALL_AVAILABLE_YEARS_MOPS_t57sb01.metadata.json,5b2847e58e26e3e01928fff1b0296f61b678ab48e87125395da9b489827857d6,515d4d9966d0b3499b42a8a9218935b8abe9bf835d081758f2430dd69dc9d9bc,2026-09-04T08:40:22.227777+00:00,https://doc.twse.com.tw/server-java/t57sb01?step=1&colorchg=1&check2858=Y&co_id=2883&year=&seamon=&mtype=A
2883,2026,COMPLETED_FROM_VALID_ALL_YEAR_CACHE,2,2,0,2883_ALL_AVAILABLE_YEARS_MOPS_t57sb01.html,2883_ALL_AVAILABLE_YEARS_MOPS_t57sb01.metadata.json,5b2847e58e26e3e01928fff1b0296f61b678ab48e87125395da9b489827857d6,515d4d9966d0b3499b42a8a9218935b8abe9bf835d081758f2430dd69dc9d9bc,2026-09-04T08:40:22.227777+00:00,https://doc.twse.com.tw/server-java/t57sb01?step=1&colorchg=1&check2858=Y&co_id=2883&year=&seamon=&mtype=A
2884,2016,COMPLETED_FROM_VALID_ALL_YEAR_CACHE,4,4,0,2884_ALL_AVAILABLE_YEARS_MOPS_t57sb01.html,2884_ALL_AVAILABLE_YEARS_MOPS_t57sb01.metadata.json,15cf7b93b3841bae8da2390ed25fbf29eca0feab313b16755e5f8345f8b9d907,ea5692acc7462566d2eba5e679dbef9bfd7f1d62825d5a29dceee55bf747557d,2026-09-04T08:36:34.429867+00:00,https://doc.twse.com.tw/server-java/t57sb01?step=1&colorchg=1&check2858=Y&co_id=2884&year=&seamon=&mtype=A
2884,2017,COMPLETED_FROM_VALID_ALL_YEAR_CACHE,4,4,0,2884_ALL_AVAILABLE_YEARS_MOPS_t57sb01.html,2884_ALL_AVAILABLE_YEARS_MOPS_t57sb01.metadata.json,15cf7b93b3841bae8da2390ed25fbf29eca0feab313b16755e5f8345f8b9d907,ea5692acc7462566d2eba5e679dbef9bfd7f1d62825d5a29dceee55bf747557d,2026-09-04T08:36:34.429867+00:00,https://doc.twse.com.tw/server-java/t57sb01?step=1&colorchg=1&check2858=Y&co_id=2884&year=&seamon=&mtype=A
2884,2018,COMPLETED_FROM_VALID_ALL_YEAR_CACHE,4,4,0,2884_ALL_AVAILABLE_YEARS_MOPS_t57sb01.html,2884_ALL_AVAILABLE_YEARS_MOPS_t57sb01.metadata.json,15cf7b93b3841bae8da2390ed25fbf29eca0feab313b16755e5f8345f8b9d907,ea5692acc7462566d2eba5e679dbef9bfd7f1d62825d5a29dceee55bf747557d,2026-09-04T08:36:34.429867+00:00,https://doc.twse.com.tw/server-java/t57sb01?step=1&colorchg=1&check2858=Y&co_id=2884&year=&seamon=&mtype=A
2884,2019,COMPLETED_FROM_VALID_ALL_YEAR_CACHE,4,4,0,2884_ALL_AVAILABLE_YEARS_MOPS_t57sb01.html,2884_ALL_AVAILABLE_YEARS_MOPS_t57sb01.metadata.json,15cf7b93b3841bae8da2390ed25fbf29eca0feab313b16755e5f8345f8b9d907,ea5692acc7462566d2eba5e679dbef9bfd7f1d62825d5a29dceee55bf747557d,2026-09-04T08:36:34.429867+00:00,https://doc.twse.com.tw/server-java/t57sb01?step=1&colorchg=1&check2858=Y&co_id=2884&year=&seamon=&mtype=A
2884,2020,COMPLETED_FROM_VALID_ALL_YEAR_CACHE,4,4,0,2884_ALL_AVAILABLE_YEARS_MOPS_t57sb01.html,2884_ALL_AVAILABLE_YEARS_MOPS_t57sb01.metadata.json,15cf7b93b3841bae8da2390ed25fbf29eca0feab313b16755e5f8345f8b9d907,ea5692acc7462566d2eba5e679dbef9bfd7f1d62825d5a29dceee55bf747557d,2026-09-04T08:36:34.429867+00:00,https://doc.twse.com.tw/server-java/t57sb01?step=1&colorchg=1&check2858=Y&co_id=2884&year=&seamon=&mtype=A
2884,2021,COMPLETED_FROM_VALID_ALL_YEAR_CACHE,4,4,0,2884_ALL_AVAILABLE_YEARS_MOPS_t57sb01.html,2884_ALL_AVAILABLE_YEARS_MOPS_t57sb01.metadata.json,15cf7b93b3841bae8da2390ed25fbf29eca0feab313b16755e5f8345f8b9d907,ea5692acc7462566d2eba5e679dbef9bfd7f1d62825d5a29dceee55bf747557d,2026-09-04T08:36:34.429867+00:00,https://doc.twse.com.tw/server-java/t57sb01?step=1&colorchg=1&check2858=Y&co_id=2884&year=&seamon=&mtype=A
2884,2022,COMPLETED_FROM_VALID_ALL_YEAR_CACHE,4,4,0,2884_ALL_AVAILABLE_YEARS_MOPS_t57sb01.html,2884_ALL_AVAILABLE_YEARS_MOPS_t57sb01.metadata.json,15cf7b93b3841bae8da2390ed25fbf29eca0feab313b16755e5f8345f8b9d907,ea5692acc7462566d2eba5e679dbef9bfd7f1d62825d5a29dceee55bf747557d,2026-09-04T08:36:34.429867+00:00,https://doc.twse.com.tw/server-java/t57sb01?step=1&colorchg=1&check2858=Y&co_id=2884&year=&seamon=&mtype=A
2884,2023,COMPLETED_FROM_VALID_ALL_YEAR_CACHE,4,4,0,2884_ALL_AVAILABLE_YEARS_MOPS_t57sb01.html,2884_ALL_AVAILABLE_YEARS_MOPS_t57sb01.metadata.json,15cf7b93b3841bae8da2390ed25fbf29eca0feab313b16755e5f8345f8b9d907,ea5692acc7462566d2eba5e679dbef9bfd7f1d62825d5a29dceee55bf747557d,2026-09-04T08:36:34.429867+00:00,https://doc.twse.com.tw/server-java/t57sb01?step=1&colorchg=1&check2858=Y&co_id=2884&year=&seamon=&mtype=A
2884,2024,COMPLETED_FROM_VALID_ALL_YEAR_CACHE,4,4,0,2884_ALL_AVAILABLE_YEARS_MOPS_t57sb01.html,2884_ALL_AVAILABLE_YEARS_MOPS_t57sb01.metadata.json,15cf7b93b3841bae8da2390ed25fbf29eca0feab313b16755e5f8345f8b9d907,ea5692acc7462566d2eba5e679dbef9bfd7f1d62825d5a29dceee55bf747557d,2026-09-04T08:36:34.429867+00:00,https://doc.twse.com.tw/server-java/t57sb01?step=1&colorchg=1&check2858=Y&co_id=2884&year=&seamon=&mtype=A
2884,2025,COMPLETED_FROM_VALID_ALL_YEAR_CACHE,4,4,0,2884_ALL_AVAILABLE_YEARS_MOPS_t57sb01.html,2884_ALL_AVAILABLE_YEARS_MOPS_t57sb01.metadata.json,15cf7b93b3841bae8da2390ed25fbf29eca0feab313b16755e5f8345f8b9d907,ea5692acc7462566d2eba5e679dbef9bfd7f1d62825d5a29dceee55bf747557d,2026-09-04T08:36:34.429867+00:00,https://doc.twse.com.tw/server-java/t57sb01?step=1&colorchg=1&check2858=Y&co_id=2884&year=&seamon=&mtype=A
2884,2026,COMPLETED_FROM_VALID_ALL_YEAR_CACHE,2,2,0,2884_ALL_AVAILABLE_YEARS_MOPS_t57sb01.html,2884_ALL_AVAILABLE_YEARS_MOPS_t57sb01.metadata.json,15cf7b93b3841bae8da2390ed25fbf29eca0feab313b16755e5f8345f8b9d907,ea5692acc7462566d2eba5e679dbef9bfd7f1d62825d5a29dceee55bf747557d,2026-09-04T08:36:34.429867+00:00,https://doc.twse.com.tw/server-java/t57sb01?step=1&colorchg=1&check2858=Y&co_id=2884&year=&seamon=&mtype=A
2885,2016,COMPLETED_FROM_VALID_ALL_YEAR_CACHE,4,4,0,2885_ALL_AVAILABLE_YEARS_MOPS_t57sb01.html,2885_ALL_AVAILABLE_YEARS_MOPS_t57sb01.metadata.json,c8bfe6cf88660b59b5c39eaaa1e816028567eb64819917ef42f104cc8606b01f,0b43b68889d2f3efd9cc932bee23054f0d3142721a18f6c31a14472e6a14d68b,2026-09-04T08:36:34.473146+00:00,https://doc.twse.com.tw/server-java/t57sb01?step=1&colorchg=1&check2858=Y&co_id=2885&year=&seamon=&mtype=A
2885,2017,COMPLETED_FROM_VALID_ALL_YEAR_CACHE,4,4,0,2885_ALL_AVAILABLE_YEARS_MOPS_t57sb01.html,2885_ALL_AVAILABLE_YEARS_MOPS_t57sb01.metadata.json,c8bfe6cf88660b59b5c39eaaa1e816028567eb64819917ef42f104cc8606b01f,0b43b68889d2f3efd9cc932bee23054f0d3142721a18f6c31a14472e6a14d68b,2026-09-04T08:36:34.473146+00:00,https://doc.twse.com.tw/server-java/t57sb01?step=1&colorchg=1&check2858=Y&co_id=2885&year=&seamon=&mtype=A
2885,2018,COMPLETED_FROM_VALID_ALL_YEAR_CACHE,4,4,0,2885_ALL_AVAILABLE_YEARS_MOPS_t57sb01.html,2885_ALL_AVAILABLE_YEARS_MOPS_t57sb01.metadata.json,c8bfe6cf88660b59b5c39eaaa1e816028567eb64819917ef42f104cc8606b01f,0b43b68889d2f3efd9cc932bee23054f0d3142721a18f6c31a14472e6a14d68b,2026-09-04T08:36:34.473146+00:00,https://doc.twse.com.tw/server-java/t57sb01?step=1&colorchg=1&check2858=Y&co_id=2885&year=&seamon=&mtype=A
2885,2019,COMPLETED_FROM_VALID_ALL_YEAR_CACHE,4,4,0,2885_ALL_AVAILABLE_YEARS_MOPS_t57sb01.html,2885_ALL_AVAILABLE_YEARS_MOPS_t57sb01.metadata.json,c8bfe6cf88660b59b5c39eaaa1e816028567eb64819917ef42f104cc8606b01f,0b43b68889d2f3efd9cc932bee23054f0d3142721a18f6c31a14472e6a14d68b,2026-09-04T08:36:34.473146+00:00,https://doc.twse.com.tw/server-java/t57sb01?step=1&colorchg=1&check2858=Y&co_id=2885&year=&seamon=&mtype=A
2885,2020,COMPLETED_FROM_VALID_ALL_YEAR_CACHE,4,4,0,2885_ALL_AVAILABLE_YEARS_MOPS_t57sb01.html,2885_ALL_AVAILABLE_YEARS_MOPS_t57sb01.metadata.json,c8bfe6cf88660b59b5c39eaaa1e816028567eb64819917ef42f104cc8606b01f,0b43b68889d2f3efd9cc932bee23054f0d3142721a18f6c31a14472e6a14d68b,2026-09-04T08:36:34.473146+00:00,https://doc.twse.com.tw/server-java/t57sb01?step=1&colorchg=1&check2858=Y&co_id=2885&year=&seamon=&mtype=A
2885,2021,COMPLETED_FROM_VALID_ALL_YEAR_CACHE,4,4,0,2885_ALL_AVAILABLE_YEARS_MOPS_t57sb01.html,2885_ALL_AVAILABLE_YEARS_MOPS_t57sb01.metadata.json,c8bfe6cf88660b59b5c39eaaa1e816028567eb64819917ef42f104cc8606b01f,0b43b68889d2f3efd9cc932bee23054f0d3142721a18f6c31a14472e6a14d68b,2026-09-04T08:36:34.473146+00:00,https://doc.twse.com.tw/server-java/t57sb01?step=1&colorchg=1&check2858=Y&co_id=2885&year=&seamon=&mtype=A
2885,2022,COMPLETED_FROM_VALID_ALL_YEAR_CACHE,4,4,0,2885_ALL_AVAILABLE_YEARS_MOPS_t57sb01.html,2885_ALL_AVAILABLE_YEARS_MOPS_t57sb01.metadata.json,c8bfe6cf88660b59b5c39eaaa1e816028567eb64819917ef42f104cc8606b01f,0b43b68889d2f3efd9cc932bee23054f0d3142721a18f6c31a14472e6a14d68b,2026-09-04T08:36:34.473146+00:00,https://doc.twse.com.tw/server-java/t57sb01?step=1&colorchg=1&check2858=Y&co_id=2885&year=&seamon=&mtype=A
2885,2023,COMPLETED_FROM_VALID_ALL_YEAR_CACHE,4,4,0,2885_ALL_AVAILABLE_YEARS_MOPS_t57sb01.html,2885_ALL_AVAILABLE_YEARS_MOPS_t57sb01.metadata.json,c8bfe6cf88660b59b5c39eaaa1e816028567eb64819917ef42f104cc8606b01f,0b43b68889d2f3efd9cc932bee23054f0d3142721a18f6c31a14472e6a14d68b,2026-09-04T08:36:34.473146+00:00,https://doc.twse.com.tw/server-java/t57sb01?step=1&colorchg=1&check2858=Y&co_id=2885&year=&seamon=&mtype=A
2885,2024,COMPLETED_FROM_VALID_ALL_YEAR_CACHE,4,4,0,2885_ALL_AVAILABLE_YEARS_MOPS_t57sb01.html,2885_ALL_AVAILABLE_YEARS_MOPS_t57sb01.metadata.json,c8bfe6cf88660b59b5c39eaaa1e816028567eb64819917ef42f104cc8606b01f,0b43b68889d2f3efd9cc932bee23054f0d3142721a18f6c31a14472e6a14d68b,2026-09-04T08:36:34.473146+00:00,https://doc.twse.com.tw/server-java/t57sb01?step=1&colorchg=1&check2858=Y&co_id=2885&year=&seamon=&mtype=A
2885,2025,COMPLETED_FROM_VALID_ALL_YEAR_CACHE,4,4,0,2885_ALL_AVAILABLE_YEARS_MOPS_t57sb01.html,2885_ALL_AVAILABLE_YEARS_MOPS_t57sb01.metadata.json,c8bfe6cf88660b59b5c39eaaa1e816028567eb64819917ef42f104cc8606b01f,0b43b68889d2f3efd9cc932bee23054f0d3142721a18f6c31a14472e6a14d68b,2026-09-04T08:36:34.473146+00:00,https://doc.twse.com.tw/server-java/t57sb01?step=1&colorchg=1&check2858=Y&co_id=2885&year=&seamon=&mtype=A
2885,2026,COMPLETED_FROM_VALID_ALL_YEAR_CACHE,2,2,0,2885_ALL_AVAILABLE_YEARS_MOPS_t57sb01.html,2885_ALL_AVAILABLE_YEARS_MOPS_t57sb01.metadata.json,c8bfe6cf88660b59b5c39eaaa1e816028567eb64819917ef42f104cc8606b01f,0b43b68889d2f3efd9cc932bee23054f0d3142721a18f6c31a14472e6a14d68b,2026-09-04T08:36:34.473146+00:00,https://doc.twse.com.tw/server-java/t57sb01?step=1&colorchg=1&check2858=Y&co_id=2885&year=&seamon=&mtype=A
2886,2016,COMPLETED_FROM_VALID_ALL_YEAR_CACHE,4,4,0,2886_ALL_AVAILABLE_YEARS_MOPS_t57sb01.html,2886_ALL_AVAILABLE_YEARS_MOPS_t57sb01.metadata.json,3cbb126c7b8dc8e86c17aff98f62e0935ae296abebed9e41a31a303db1ca461d,b4879e08d9a1f6e600396391c21cd5e1e9708ece9e41d445c64c999d5f794d73,2026-09-04T08:40:22.482498+00:00,https://doc.twse.com.tw/server-java/t57sb01?step=1&colorchg=1&check2858=Y&co_id=2886&year=&seamon=&mtype=A
2886,2017,COMPLETED_FROM_VALID_ALL_YEAR_CACHE,4,4,0,2886_ALL_AVAILABLE_YEARS_MOPS_t57sb01.html,2886_ALL_AVAILABLE_YEARS_MOPS_t57sb01.metadata.json,3cbb126c7b8dc8e86c17aff98f62e0935ae296abebed9e41a31a303db1ca461d,b4879e08d9a1f6e600396391c21cd5e1e9708ece9e41d445c64c999d5f794d73,2026-09-04T08:40:22.482498+00:00,https://doc.twse.com.tw/server-java/t57sb01?step=1&colorchg=1&check2858=Y&co_id=2886&year=&seamon=&mtype=A
2886,2018,COMPLETED_FROM_VALID_ALL_YEAR_CACHE,4,4,0,2886_ALL_AVAILABLE_YEARS_MOPS_t57sb01.html,2886_ALL_AVAILABLE_YEARS_MOPS_t57sb01.metadata.json,3cbb126c7b8dc8e86c17aff98f62e0935ae296abebed9e41a31a303db1ca461d,b4879e08d9a1f6e600396391c21cd5e1e9708ece9e41d445c64c999d5f794d73,2026-09-04T08:40:22.482498+00:00,https://doc.twse.com.tw/server-java/t57sb01?step=1&colorchg=1&check2858=Y&co_id=2886&year=&seamon=&mtype=A
2886,2019,COMPLETED_FROM_VALID_ALL_YEAR_CACHE,4,4,0,2886_ALL_AVAILABLE_YEARS_MOPS_t57sb01.html,2886_ALL_AVAILABLE_YEARS_MOPS_t57sb01.metadata.json,3cbb126c7b8dc8e86c17aff98f62e0935ae296abebed9e41a31a303db1ca461d,b4879e08d9a1f6e600396391c21cd5e1e9708ece9e41d445c64c999d5f794d73,2026-09-04T08:40:22.482498+00:00,https://doc.twse.com.tw/server-java/t57sb01?step=1&colorchg=1&check2858=Y&co_id=2886&year=&seamon=&mtype=A
2886,2020,COMPLETED_FROM_VALID_ALL_YEAR_CACHE,4,4,0,2886_ALL_AVAILABLE_YEARS_MOPS_t57sb01.html,2886_ALL_AVAILABLE_YEARS_MOPS_t57sb01.metadata.json,3cbb126c7b8dc8e86c17aff98f62e0935ae296abebed9e41a31a303db1ca461d,b4879e08d9a1f6e600396391c21cd5e1e9708ece9e41d445c64c999d5f794d73,2026-09-04T08:40:22.482498+00:00,https://doc.twse.com.tw/server-java/t57sb01?step=1&colorchg=1&check2858=Y&co_id=2886&year=&seamon=&mtype=A
2886,2021,COMPLETED_FROM_VALID_ALL_YEAR_CACHE,4,4,0,2886_ALL_AVAILABLE_YEARS_MOPS_t57sb01.html,2886_ALL_AVAILABLE_YEARS_MOPS_t57sb01.metadata.json,3cbb126c7b8dc8e86c17aff98f62e0935ae296abebed9e41a31a303db1ca461d,b4879e08d9a1f6e600396391c21cd5e1e9708ece9e41d445c64c999d5f794d73,2026-09-04T08:40:22.482498+00:00,https://doc.twse.com.tw/server-java/t57sb01?step=1&colorchg=1&check2858=Y&co_id=2886&year=&seamon=&mtype=A
2886,2022,COMPLETED_FROM_VALID_ALL_YEAR_CACHE,4,4,0,2886_ALL_AVAILABLE_YEARS_MOPS_t57sb01.html,2886_ALL_AVAILABLE_YEARS_MOPS_t57sb01.metadata.json,3cbb126c7b8dc8e86c17aff98f62e0935ae296abebed9e41a31a303db1ca461d,b4879e08d9a1f6e600396391c21cd5e1e9708ece9e41d445c64c999d5f794d73,2026-09-04T08:40:22.482498+00:00,https://doc.twse.com.tw/server-java/t57sb01?step=1&colorchg=1&check2858=Y&co_id=2886&year=&seamon=&mtype=A
2886,2023,COMPLETED_FROM_VALID_ALL_YEAR_CACHE,4,4,0,2886_ALL_AVAILABLE_YEARS_MOPS_t57sb01.html,2886_ALL_AVAILABLE_YEARS_MOPS_t57sb01.metadata.json,3cbb126c7b8dc8e86c17aff98f62e0935ae296abebed9e41a31a303db1ca461d,b4879e08d9a1f6e600396391c21cd5e1e9708ece9e41d445c64c999d5f794d73,2026-09-04T08:40:22.482498+00:00,https://doc.twse.com.tw/server-java/t57sb01?step=1&colorchg=1&check2858=Y&co_id=2886&year=&seamon=&mtype=A
2886,2024,COMPLETED_FROM_VALID_ALL_YEAR_CACHE,4,4,0,2886_ALL_AVAILABLE_YEARS_MOPS_t57sb01.html,2886_ALL_AVAILABLE_YEARS_MOPS_t57sb01.metadata.json,3cbb126c7b8dc8e86c17aff98f62e0935ae296abebed9e41a31a303db1ca461d,b4879e08d9a1f6e600396391c21cd5e1e9708ece9e41d445c64c999d5f794d73,2026-09-04T08:40:22.482498+00:00,https://doc.twse.com.tw/server-java/t57sb01?step=1&colorchg=1&check2858=Y&co_id=2886&year=&seamon=&mtype=A
2886,2025,COMPLETED_FROM_VALID_ALL_YEAR_CACHE,4,4,0,2886_ALL_AVAILABLE_YEARS_MOPS_t57sb01.html,2886_ALL_AVAILABLE_YEARS_MOPS_t57sb01.metadata.json,3cbb126c7b8dc8e86c17aff98f62e0935ae296abebed9e41a31a303db1ca461d,b4879e08d9a1f6e600396391c21cd5e1e9708ece9e41d445c64c999d5f794d73,2026-09-04T08:40:22.482498+00:00,https://doc.twse.com.tw/server-java/t57sb01?step=1&colorchg=1&check2858=Y&co_id=2886&year=&seamon=&mtype=A
2886,2026,COMPLETED_FROM_VALID_ALL_YEAR_CACHE,2,2,0,2886_ALL_AVAILABLE_YEARS_MOPS_t57sb01.html,2886_ALL_AVAILABLE_YEARS_MOPS_t57sb01.metadata.json,3cbb126c7b8dc8e86c17aff98f62e0935ae296abebed9e41a31a303db1ca461d,b4879e08d9a1f6e600396391c21cd5e1e9708ece9e41d445c64c999d5f794d73,2026-09-04T08:40:22.482498+00:00,https://doc.twse.com.tw/server-java/t57sb01?step=1&colorchg=1&check2858=Y&co_id=2886&year=&seamon=&mtype=A
2887,2016,COMPLETED_FROM_VALID_ALL_YEAR_CACHE,4,4,0,2887_ALL_AVAILABLE_YEARS_MOPS_t57sb01.html,2887_ALL_AVAILABLE_YEARS_MOPS_t57sb01.metadata.json,9a455f5bc81e1aceda8a70a93439471110fda81902b3236ddb0a382416f6cb65,7395ca13a6b959fcdffcf9f09edbaaa48a5ce6969b38251093fe5c7a63a0de3d,2026-09-04T08:37:23.882187+00:00,https://doc.twse.com.tw/server-java/t57sb01?step=1&colorchg=1&check2858=Y&co_id=2887&year=&seamon=&mtype=A
2887,2017,COMPLETED_FROM_VALID_ALL_YEAR_CACHE,4,4,0,2887_ALL_AVAILABLE_YEARS_MOPS_t57sb01.html,2887_ALL_AVAILABLE_YEARS_MOPS_t57sb01.metadata.json,9a455f5bc81e1aceda8a70a93439471110fda81902b3236ddb0a382416f6cb65,7395ca13a6b959fcdffcf9f09edbaaa48a5ce6969b38251093fe5c7a63a0de3d,2026-09-04T08:37:23.882187+00:00,https://doc.twse.com.tw/server-java/t57sb01?step=1&colorchg=1&check2858=Y&co_id=2887&year=&seamon=&mtype=A
2887,2018,COMPLETED_FROM_VALID_ALL_YEAR_CACHE,4,4,0,2887_ALL_AVAILABLE_YEARS_MOPS_t57sb01.html,2887_ALL_AVAILABLE_YEARS_MOPS_t57sb01.metadata.json,9a455f5bc81e1aceda8a70a93439471110fda81902b3236ddb0a382416f6cb65,7395ca13a6b959fcdffcf9f09edbaaa48a5ce6969b38251093fe5c7a63a0de3d,2026-09-04T08:37:23.882187+00:00,https://doc.twse.com.tw/server-java/t57sb01?step=1&colorchg=1&check2858=Y&co_id=2887&year=&seamon=&mtype=A
2887,2019,COMPLETED_FROM_VALID_ALL_YEAR_CACHE,4,4,0,2887_ALL_AVAILABLE_YEARS_MOPS_t57sb01.html,2887_ALL_AVAILABLE_YEARS_MOPS_t57sb01.metadata.json,9a455f5bc81e1aceda8a70a93439471110fda81902b3236ddb0a382416f6cb65,7395ca13a6b959fcdffcf9f09edbaaa48a5ce6969b38251093fe5c7a63a0de3d,2026-09-04T08:37:23.882187+00:00,https://doc.twse.com.tw/server-java/t57sb01?step=1&colorchg=1&check2858=Y&co_id=2887&year=&seamon=&mtype=A
2887,2020,COMPLETED_FROM_VALID_ALL_YEAR_CACHE,4,4,0,2887_ALL_AVAILABLE_YEARS_MOPS_t57sb01.html,2887_ALL_AVAILABLE_YEARS_MOPS_t57sb01.metadata.json,9a455f5bc81e1aceda8a70a93439471110fda81902b3236ddb0a382416f6cb65,7395ca13a6b959fcdffcf9f09edbaaa48a5ce6969b38251093fe5c7a63a0de3d,2026-09-04T08:37:23.882187+00:00,https://doc.twse.com.tw/server-java/t57sb01?step=1&colorchg=1&check2858=Y&co_id=2887&year=&seamon=&mtype=A
2887,2021,COMPLETED_FROM_VALID_ALL_YEAR_CACHE,4,4,0,2887_ALL_AVAILABLE_YEARS_MOPS_t57sb01.html,2887_ALL_AVAILABLE_YEARS_MOPS_t57sb01.metadata.json,9a455f5bc81e1aceda8a70a93439471110fda81902b3236ddb0a382416f6cb65,7395ca13a6b959fcdffcf9f09edbaaa48a5ce6969b38251093fe5c7a63a0de3d,2026-09-04T08:37:23.882187+00:00,https://doc.twse.com.tw/server-java/t57sb01?step=1&colorchg=1&check2858=Y&co_id=2887&year=&seamon=&mtype=A
2887,2022,COMPLETED_FROM_VALID_ALL_YEAR_CACHE,4,4,0,2887_ALL_AVAILABLE_YEARS_MOPS_t57sb01.html,2887_ALL_AVAILABLE_YEARS_MOPS_t57sb01.metadata.json,9a455f5bc81e1aceda8a70a93439471110fda81902b3236ddb0a382416f6cb65,7395ca13a6b959fcdffcf9f09edbaaa48a5ce6969b38251093fe5c7a63a0de3d,2026-09-04T08:37:23.882187+00:00,https://doc.twse.com.tw/server-java/t57sb01?step=1&colorchg=1&check2858=Y&co_id=2887&year=&seamon=&mtype=A
2887,2023,COMPLETED_FROM_VALID_ALL_YEAR_CACHE,4,4,0,2887_ALL_AVAILABLE_YEARS_MOPS_t57sb01.html,2887_ALL_AVAILABLE_YEARS_MOPS_t57sb01.metadata.json,9a455f5bc81e1aceda8a70a93439471110fda81902b3236ddb0a382416f6cb65,7395ca13a6b959fcdffcf9f09edbaaa48a5ce6969b38251093fe5c7a63a0de3d,2026-09-04T08:37:23.882187+00:00,https://doc.twse.com.tw/server-java/t57sb01?step=1&colorchg=1&check2858=Y&co_id=2887&year=&seamon=&mtype=A
2887,2024,COMPLETED_FROM_VALID_ALL_YEAR_CACHE,4,4,0,2887_ALL_AVAILABLE_YEARS_MOPS_t57sb01.html,2887_ALL_AVAILABLE_YEARS_MOPS_t57sb01.metadata.json,9a455f5bc81e1aceda8a70a93439471110fda81902b3236ddb0a382416f6cb65,7395ca13a6b959fcdffcf9f09edbaaa48a5ce6969b38251093fe5c7a63a0de3d,2026-09-04T08:37:23.882187+00:00,https://doc.twse.com.tw/server-java/t57sb01?step=1&colorchg=1&check2858=Y&co_id=2887&year=&seamon=&mtype=A
2887,2025,COMPLETED_FROM_VALID_ALL_YEAR_CACHE,4,4,0,2887_ALL_AVAILABLE_YEARS_MOPS_t57sb01.html,2887_ALL_AVAILABLE_YEARS_MOPS_t57sb01.metadata.json,9a455f5bc81e1aceda8a70a93439471110fda81902b3236ddb0a382416f6cb65,7395ca13a6b959fcdffcf9f09edbaaa48a5ce6969b38251093fe5c7a63a0de3d,2026-09-04T08:37:23.882187+00:00,https://doc.twse.com.tw/server-java/t57sb01?step=1&colorchg=1&check2858=Y&co_id=2887&year=&seamon=&mtype=A
2887,2026,COMPLETED_FROM_VALID_ALL_YEAR_CACHE,2,2,0,2887_ALL_AVAILABLE_YEARS_MOPS_t57sb01.html,2887_ALL_AVAILABLE_YEARS_MOPS_t57sb01.metadata.json,9a455f5bc81e1aceda8a70a93439471110fda81902b3236ddb0a382416f6cb65,7395ca13a6b959fcdffcf9f09edbaaa48a5ce6969b38251093fe5c7a63a0de3d,2026-09-04T08:37:23.882187+00:00,https://doc.twse.com.tw/server-java/t57sb01?step=1&colorchg=1&check2858=Y&co_id=2887&year=&seamon=&mtype=A
2890,2016,COMPLETED_FROM_VALID_ALL_YEAR_CACHE,4,4,0,2890_ALL_AVAILABLE_YEARS_MOPS_t57sb01.html,2890_ALL_AVAILABLE_YEARS_MOPS_t57sb01.metadata.json,bdd9f67c975e500e77eda4cd5f1d8f3f71e458a8f08da0b08d8ae4502ea98123,8f275f03271e865df9ca1b844c1efe8543da54eb75e1f2164b1252d54fcea8c3,2026-09-04T08:37:23.930767+00:00,https://doc.twse.com.tw/server-java/t57sb01?step=1&colorchg=1&check2858=Y&co_id=2890&year=&seamon=&mtype=A
2890,2017,COMPLETED_FROM_VALID_ALL_YEAR_CACHE,4,4,0,2890_ALL_AVAILABLE_YEARS_MOPS_t57sb01.html,2890_ALL_AVAILABLE_YEARS_MOPS_t57sb01.metadata.json,bdd9f67c975e500e77eda4cd5f1d8f3f71e458a8f08da0b08d8ae4502ea98123,8f275f03271e865df9ca1b844c1efe8543da54eb75e1f2164b1252d54fcea8c3,2026-09-04T08:37:23.930767+00:00,https://doc.twse.com.tw/server-java/t57sb01?step=1&colorchg=1&check2858=Y&co_id=2890&year=&seamon=&mtype=A
2890,2018,COMPLETED_FROM_VALID_ALL_YEAR_CACHE,4,4,0,2890_ALL_AVAILABLE_YEARS_MOPS_t57sb01.html,2890_ALL_AVAILABLE_YEARS_MOPS_t57sb01.metadata.json,bdd9f67c975e500e77eda4cd5f1d8f3f71e458a8f08da0b08d8ae4502ea98123,8f275f03271e865df9ca1b844c1efe8543da54eb75e1f2164b1252d54fcea8c3,2026-09-04T08:37:23.930767+00:00,https://doc.twse.com.tw/server-java/t57sb01?step=1&colorchg=1&check2858=Y&co_id=2890&year=&seamon=&mtype=A
2890,2019,COMPLETED_FROM_VALID_ALL_YEAR_CACHE,4,4,0,2890_ALL_AVAILABLE_YEARS_MOPS_t57sb01.html,2890_ALL_AVAILABLE_YEARS_MOPS_t57sb01.metadata.json,bdd9f67c975e500e77eda4cd5f1d8f3f71e458a8f08da0b08d8ae4502ea98123,8f275f03271e865df9ca1b844c1efe8543da54eb75e1f2164b1252d54fcea8c3,2026-09-04T08:37:23.930767+00:00,https://doc.twse.com.tw/server-java/t57sb01?step=1&colorchg=1&check2858=Y&co_id=2890&year=&seamon=&mtype=A
2890,2020,COMPLETED_FROM_VALID_ALL_YEAR_CACHE,4,4,0,2890_ALL_AVAILABLE_YEARS_MOPS_t57sb01.html,2890_ALL_AVAILABLE_YEARS_MOPS_t57sb01.metadata.json,bdd9f67c975e500e77eda4cd5f1d8f3f71e458a8f08da0b08d8ae4502ea98123,8f275f03271e865df9ca1b844c1efe8543da54eb75e1f2164b1252d54fcea8c3,2026-09-04T08:37:23.930767+00:00,https://doc.twse.com.tw/server-java/t57sb01?step=1&colorchg=1&check2858=Y&co_id=2890&year=&seamon=&mtype=A
2890,2021,COMPLETED_FROM_VALID_ALL_YEAR_CACHE,4,4,0,2890_ALL_AVAILABLE_YEARS_MOPS_t57sb01.html,2890_ALL_AVAILABLE_YEARS_MOPS_t57sb01.metadata.json,bdd9f67c975e500e77eda4cd5f1d8f3f71e458a8f08da0b08d8ae4502ea98123,8f275f03271e865df9ca1b844c1efe8543da54eb75e1f2164b1252d54fcea8c3,2026-09-04T08:37:23.930767+00:00,https://doc.twse.com.tw/server-java/t57sb01?step=1&colorchg=1&check2858=Y&co_id=2890&year=&seamon=&mtype=A
2890,2022,COMPLETED_FROM_VALID_ALL_YEAR_CACHE,4,4,0,2890_ALL_AVAILABLE_YEARS_MOPS_t57sb01.html,2890_ALL_AVAILABLE_YEARS_MOPS_t57sb01.metadata.json,bdd9f67c975e500e77eda4cd5f1d8f3f71e458a8f08da0b08d8ae4502ea98123,8f275f03271e865df9ca1b844c1efe8543da54eb75e1f2164b1252d54fcea8c3,2026-09-04T08:37:23.930767+00:00,https://doc.twse.com.tw/server-java/t57sb01?step=1&colorchg=1&check2858=Y&co_id=2890&year=&seamon=&mtype=A
2890,2023,COMPLETED_FROM_VALID_ALL_YEAR_CACHE,4,4,0,2890_ALL_AVAILABLE_YEARS_MOPS_t57sb01.html,2890_ALL_AVAILABLE_YEARS_MOPS_t57sb01.metadata.json,bdd9f67c975e500e77eda4cd5f1d8f3f71e458a8f08da0b08d8ae4502ea98123,8f275f03271e865df9ca1b844c1efe8543da54eb75e1f2164b1252d54fcea8c3,2026-09-04T08:37:23.930767+00:00,https://doc.twse.com.tw/server-java/t57sb01?step=1&colorchg=1&check2858=Y&co_id=2890&year=&seamon=&mtype=A
2890,2024,COMPLETED_FROM_VALID_ALL_YEAR_CACHE,4,4,0,2890_ALL_AVAILABLE_YEARS_MOPS_t57sb01.html,2890_ALL_AVAILABLE_YEARS_MOPS_t57sb01.metadata.json,bdd9f67c975e500e77eda4cd5f1d8f3f71e458a8f08da0b08d8ae4502ea98123,8f275f03271e865df9ca1b844c1efe8543da54eb75e1f2164b1252d54fcea8c3,2026-09-04T08:37:23.930767+00:00,https://doc.twse.com.tw/server-java/t57sb01?step=1&colorchg=1&check2858=Y&co_id=2890&year=&seamon=&mtype=A
2890,2025,COMPLETED_FROM_VALID_ALL_YEAR_CACHE,4,4,0,2890_ALL_AVAILABLE_YEARS_MOPS_t57sb01.html,2890_ALL_AVAILABLE_YEARS_MOPS_t57sb01.metadata.json,bdd9f67c975e500e77eda4cd5f1d8f3f71e458a8f08da0b08d8ae4502ea98123,8f275f03271e865df9ca1b844c1efe8543da54eb75e1f2164b1252d54fcea8c3,2026-09-04T08:37:23.930767+00:00,https://doc.twse.com.tw/server-java/t57sb01?step=1&colorchg=1&check2858=Y&co_id=2890&year=&seamon=&mtype=A
2890,2026,COMPLETED_FROM_VALID_ALL_YEAR_CACHE,2,2,0,2890_ALL_AVAILABLE_YEARS_MOPS_t57sb01.html,2890_ALL_AVAILABLE_YEARS_MOPS_t57sb01.metadata.json,bdd9f67c975e500e77eda4cd5f1d8f3f71e458a8f08da0b08d8ae4502ea98123,8f275f03271e865df9ca1b844c1efe8543da54eb75e1f2164b1252d54fcea8c3,2026-09-04T08:37:23.930767+00:00,https://doc.twse.com.tw/server-java/t57sb01?step=1&colorchg=1&check2858=Y&co_id=2890&year=&seamon=&mtype=A
2891,2016,COMPLETED_FROM_VALID_ALL_YEAR_CACHE,4,4,0,2891_ALL_AVAILABLE_YEARS_MOPS_t57sb01.html,2891_ALL_AVAILABLE_YEARS_MOPS_t57sb01.metadata.json,22f622add7fa94fc08bf72f3d3647f206ef59b88510f005c757d9b06437a821e,4e63c1105feefb46d86d3df942ca7db3da0710b0bdebc6684ad102b448f4df8b,2026-09-04T08:37:23.808293+00:00,https://doc.twse.com.tw/server-java/t57sb01?step=1&colorchg=1&check2858=Y&co_id=2891&year=&seamon=&mtype=A
2891,2017,COMPLETED_FROM_VALID_ALL_YEAR_CACHE,4,4,0,2891_ALL_AVAILABLE_YEARS_MOPS_t57sb01.html,2891_ALL_AVAILABLE_YEARS_MOPS_t57sb01.metadata.json,22f622add7fa94fc08bf72f3d3647f206ef59b88510f005c757d9b06437a821e,4e63c1105feefb46d86d3df942ca7db3da0710b0bdebc6684ad102b448f4df8b,2026-09-04T08:37:23.808293+00:00,https://doc.twse.com.tw/server-java/t57sb01?step=1&colorchg=1&check2858=Y&co_id=2891&year=&seamon=&mtype=A
2891,2018,COMPLETED_FROM_VALID_ALL_YEAR_CACHE,4,4,0,2891_ALL_AVAILABLE_YEARS_MOPS_t57sb01.html,2891_ALL_AVAILABLE_YEARS_MOPS_t57sb01.metadata.json,22f622add7fa94fc08bf72f3d3647f206ef59b88510f005c757d9b06437a821e,4e63c1105feefb46d86d3df942ca7db3da0710b0bdebc6684ad102b448f4df8b,2026-09-04T08:37:23.808293+00:00,https://doc.twse.com.tw/server-java/t57sb01?step=1&colorchg=1&check2858=Y&co_id=2891&year=&seamon=&mtype=A
2891,2019,COMPLETED_FROM_VALID_ALL_YEAR_CACHE,4,4,0,2891_ALL_AVAILABLE_YEARS_MOPS_t57sb01.html,2891_ALL_AVAILABLE_YEARS_MOPS_t57sb01.metadata.json,22f622add7fa94fc08bf72f3d3647f206ef59b88510f005c757d9b06437a821e,4e63c1105feefb46d86d3df942ca7db3da0710b0bdebc6684ad102b448f4df8b,2026-09-04T08:37:23.808293+00:00,https://doc.twse.com.tw/server-java/t57sb01?step=1&colorchg=1&check2858=Y&co_id=2891&year=&seamon=&mtype=A
2891,2020,COMPLETED_FROM_VALID_ALL_YEAR_CACHE,4,4,0,2891_ALL_AVAILABLE_YEARS_MOPS_t57sb01.html,2891_ALL_AVAILABLE_YEARS_MOPS_t57sb01.metadata.json,22f622add7fa94fc08bf72f3d3647f206ef59b88510f005c757d9b06437a821e,4e63c1105feefb46d86d3df942ca7db3da0710b0bdebc6684ad102b448f4df8b,2026-09-04T08:37:23.808293+00:00,https://doc.twse.com.tw/server-java/t57sb01?step=1&colorchg=1&check2858=Y&co_id=2891&year=&seamon=&mtype=A
2891,2021,COMPLETED_FROM_VALID_ALL_YEAR_CACHE,4,4,0,2891_ALL_AVAILABLE_YEARS_MOPS_t57sb01.html,2891_ALL_AVAILABLE_YEARS_MOPS_t57sb01.metadata.json,22f622add7fa94fc08bf72f3d3647f206ef59b88510f005c757d9b06437a821e,4e63c1105feefb46d86d3df942ca7db3da0710b0bdebc6684ad102b448f4df8b,2026-09-04T08:37:23.808293+00:00,https://doc.twse.com.tw/server-java/t57sb01?step=1&colorchg=1&check2858=Y&co_id=2891&year=&seamon=&mtype=A
2891,2022,COMPLETED_FROM_VALID_ALL_YEAR_CACHE,4,4,0,2891_ALL_AVAILABLE_YEARS_MOPS_t57sb01.html,2891_ALL_AVAILABLE_YEARS_MOPS_t57sb01.metadata.json,22f622add7fa94fc08bf72f3d3647f206ef59b88510f005c757d9b06437a821e,4e63c1105feefb46d86d3df942ca7db3da0710b0bdebc6684ad102b448f4df8b,2026-09-04T08:37:23.808293+00:00,https://doc.twse.com.tw/server-java/t57sb01?step=1&colorchg=1&check2858=Y&co_id=2891&year=&seamon=&mtype=A
2891,2023,COMPLETED_FROM_VALID_ALL_YEAR_CACHE,4,4,0,2891_ALL_AVAILABLE_YEARS_MOPS_t57sb01.html,2891_ALL_AVAILABLE_YEARS_MOPS_t57sb01.metadata.json,22f622add7fa94fc08bf72f3d3647f206ef59b88510f005c757d9b06437a821e,4e63c1105feefb46d86d3df942ca7db3da0710b0bdebc6684ad102b448f4df8b,2026-09-04T08:37:23.808293+00:00,https://doc.twse.com.tw/server-java/t57sb01?step=1&colorchg=1&check2858=Y&co_id=2891&year=&seamon=&mtype=A
2891,2024,COMPLETED_FROM_VALID_ALL_YEAR_CACHE,4,4,0,2891_ALL_AVAILABLE_YEARS_MOPS_t57sb01.html,2891_ALL_AVAILABLE_YEARS_MOPS_t57sb01.metadata.json,22f622add7fa94fc08bf72f3d3647f206ef59b88510f005c757d9b06437a821e,4e63c1105feefb46d86d3df942ca7db3da0710b0bdebc6684ad102b448f4df8b,2026-09-04T08:37:23.808293+00:00,https://doc.twse.com.tw/server-java/t57sb01?step=1&colorchg=1&check2858=Y&co_id=2891&year=&seamon=&mtype=A
2891,2025,COMPLETED_FROM_VALID_ALL_YEAR_CACHE,4,4,0,2891_ALL_AVAILABLE_YEARS_MOPS_t57sb01.html,2891_ALL_AVAILABLE_YEARS_MOPS_t57sb01.metadata.json,22f622add7fa94fc08bf72f3d3647f206ef59b88510f005c757d9b06437a821e,4e63c1105feefb46d86d3df942ca7db3da0710b0bdebc6684ad102b448f4df8b,2026-09-04T08:37:23.808293+00:00,https://doc.twse.com.tw/server-java/t57sb01?step=1&colorchg=1&check2858=Y&co_id=2891&year=&seamon=&mtype=A
2891,2026,COMPLETED_FROM_VALID_ALL_YEAR_CACHE,2,2,0,2891_ALL_AVAILABLE_YEARS_MOPS_t57sb01.html,2891_ALL_AVAILABLE_YEARS_MOPS_t57sb01.metadata.json,22f622add7fa94fc08bf72f3d3647f206ef59b88510f005c757d9b06437a821e,4e63c1105feefb46d86d3df942ca7db3da0710b0bdebc6684ad102b448f4df8b,2026-09-04T08:37:23.808293+00:00,https://doc.twse.com.tw/server-java/t57sb01?step=1&colorchg=1&check2858=Y&co_id=2891&year=&seamon=&mtype=A
2892,2016,COMPLETED_FROM_VALID_ALL_YEAR_CACHE,4,4,0,2892_ALL_AVAILABLE_YEARS_MOPS_t57sb01.html,2892_ALL_AVAILABLE_YEARS_MOPS_t57sb01.metadata.json,f2531179c0651f579b3fd9d5d9eca3c2d1da330eaf2eaa9eb480d72666e3b0ed,4628cbeb5fad5dd97a18dd70f5f38a34cd521da7832c516fdcd8ccefea020722,2026-09-04T08:37:23.683963+00:00,https://doc.twse.com.tw/server-java/t57sb01?step=1&colorchg=1&check2858=Y&co_id=2892&year=&seamon=&mtype=A
2892,2017,COMPLETED_FROM_VALID_ALL_YEAR_CACHE,4,4,0,2892_ALL_AVAILABLE_YEARS_MOPS_t57sb01.html,2892_ALL_AVAILABLE_YEARS_MOPS_t57sb01.metadata.json,f2531179c0651f579b3fd9d5d9eca3c2d1da330eaf2eaa9eb480d72666e3b0ed,4628cbeb5fad5dd97a18dd70f5f38a34cd521da7832c516fdcd8ccefea020722,2026-09-04T08:37:23.683963+00:00,https://doc.twse.com.tw/server-java/t57sb01?step=1&colorchg=1&check2858=Y&co_id=2892&year=&seamon=&mtype=A
2892,2018,COMPLETED_FROM_VALID_ALL_YEAR_CACHE,4,4,0,2892_ALL_AVAILABLE_YEARS_MOPS_t57sb01.html,2892_ALL_AVAILABLE_YEARS_MOPS_t57sb01.metadata.json,f2531179c0651f579b3fd9d5d9eca3c2d1da330eaf2eaa9eb480d72666e3b0ed,4628cbeb5fad5dd97a18dd70f5f38a34cd521da7832c516fdcd8ccefea020722,2026-09-04T08:37:23.683963+00:00,https://doc.twse.com.tw/server-java/t57sb01?step=1&colorchg=1&check2858=Y&co_id=2892&year=&seamon=&mtype=A
2892,2019,COMPLETED_FROM_VALID_ALL_YEAR_CACHE,4,4,0,2892_ALL_AVAILABLE_YEARS_MOPS_t57sb01.html,2892_ALL_AVAILABLE_YEARS_MOPS_t57sb01.metadata.json,f2531179c0651f579b3fd9d5d9eca3c2d1da330eaf2eaa9eb480d72666e3b0ed,4628cbeb5fad5dd97a18dd70f5f38a34cd521da7832c516fdcd8ccefea020722,2026-09-04T08:37:23.683963+00:00,https://doc.twse.com.tw/server-java/t57sb01?step=1&colorchg=1&check2858=Y&co_id=2892&year=&seamon=&mtype=A
2892,2020,COMPLETED_FROM_VALID_ALL_YEAR_CACHE,4,4,0,2892_ALL_AVAILABLE_YEARS_MOPS_t57sb01.html,2892_ALL_AVAILABLE_YEARS_MOPS_t57sb01.metadata.json,f2531179c0651f579b3fd9d5d9eca3c2d1da330eaf2eaa9eb480d72666e3b0ed,4628cbeb5fad5dd97a18dd70f5f38a34cd521da7832c516fdcd8ccefea020722,2026-09-04T08:37:23.683963+00:00,https://doc.twse.com.tw/server-java/t57sb01?step=1&colorchg=1&check2858=Y&co_id=2892&year=&seamon=&mtype=A
2892,2021,COMPLETED_FROM_VALID_ALL_YEAR_CACHE,4,4,0,2892_ALL_AVAILABLE_YEARS_MOPS_t57sb01.html,2892_ALL_AVAILABLE_YEARS_MOPS_t57sb01.metadata.json,f2531179c0651f579b3fd9d5d9eca3c2d1da330eaf2eaa9eb480d72666e3b0ed,4628cbeb5fad5dd97a18dd70f5f38a34cd521da7832c516fdcd8ccefea020722,2026-09-04T08:37:23.683963+00:00,https://doc.twse.com.tw/server-java/t57sb01?step=1&colorchg=1&check2858=Y&co_id=2892&year=&seamon=&mtype=A
2892,2022,COMPLETED_FROM_VALID_ALL_YEAR_CACHE,4,4,0,2892_ALL_AVAILABLE_YEARS_MOPS_t57sb01.html,2892_ALL_AVAILABLE_YEARS_MOPS_t57sb01.metadata.json,f2531179c0651f579b3fd9d5d9eca3c2d1da330eaf2eaa9eb480d72666e3b0ed,4628cbeb5fad5dd97a18dd70f5f38a34cd521da7832c516fdcd8ccefea020722,2026-09-04T08:37:23.683963+00:00,https://doc.twse.com.tw/server-java/t57sb01?step=1&colorchg=1&check2858=Y&co_id=2892&year=&seamon=&mtype=A
2892,2023,COMPLETED_FROM_VALID_ALL_YEAR_CACHE,4,4,0,2892_ALL_AVAILABLE_YEARS_MOPS_t57sb01.html,2892_ALL_AVAILABLE_YEARS_MOPS_t57sb01.metadata.json,f2531179c0651f579b3fd9d5d9eca3c2d1da330eaf2eaa9eb480d72666e3b0ed,4628cbeb5fad5dd97a18dd70f5f38a34cd521da7832c516fdcd8ccefea020722,2026-09-04T08:37:23.683963+00:00,https://doc.twse.com.tw/server-java/t57sb01?step=1&colorchg=1&check2858=Y&co_id=2892&year=&seamon=&mtype=A
2892,2024,COMPLETED_FROM_VALID_ALL_YEAR_CACHE,4,4,0,2892_ALL_AVAILABLE_YEARS_MOPS_t57sb01.html,2892_ALL_AVAILABLE_YEARS_MOPS_t57sb01.metadata.json,f2531179c0651f579b3fd9d5d9eca3c2d1da330eaf2eaa9eb480d72666e3b0ed,4628cbeb5fad5dd97a18dd70f5f38a34cd521da7832c516fdcd8ccefea020722,2026-09-04T08:37:23.683963+00:00,https://doc.twse.com.tw/server-java/t57sb01?step=1&colorchg=1&check2858=Y&co_id=2892&year=&seamon=&mtype=A
2892,2025,COMPLETED_FROM_VALID_ALL_YEAR_CACHE,4,4,0,2892_ALL_AVAILABLE_YEARS_MOPS_t57sb01.html,2892_ALL_AVAILABLE_YEARS_MOPS_t57sb01.metadata.json,f2531179c0651f579b3fd9d5d9eca3c2d1da330eaf2eaa9eb480d72666e3b0ed,4628cbeb5fad5dd97a18dd70f5f38a34cd521da7832c516fdcd8ccefea020722,2026-09-04T08:37:23.683963+00:00,https://doc.twse.com.tw/server-java/t57sb01?step=1&colorchg=1&check2858=Y&co_id=2892&year=&seamon=&mtype=A
2892,2026,COMPLETED_FROM_VALID_ALL_YEAR_CACHE,2,2,0,2892_ALL_AVAILABLE_YEARS_MOPS_t57sb01.html,2892_ALL_AVAILABLE_YEARS_MOPS_t57sb01.metadata.json,f2531179c0651f579b3fd9d5d9eca3c2d1da330eaf2eaa9eb480d72666e3b0ed,4628cbeb5fad5dd97a18dd70f5f38a34cd521da7832c516fdcd8ccefea020722,2026-09-04T08:37:23.683963+00:00,https://doc.twse.com.tw/server-java/t57sb01?step=1&colorchg=1&check2858=Y&co_id=2892&year=&seamon=&mtype=A
3008,2016,COMPLETED_FROM_VALID_ALL_YEAR_CACHE,4,4,0,3008_ALL_AVAILABLE_YEARS_MOPS_t57sb01.html,3008_ALL_AVAILABLE_YEARS_MOPS_t57sb01.metadata.json,6c79ae81d7f7f6642158c25464a30914b778428453572fd22efb125fa8e73139,f47ed70dae35197d893ba009b31fa2c2aed0ddfdacb6726f865b9dcc8055c463,2026-09-04T08:37:23.603015+00:00,https://doc.twse.com.tw/server-java/t57sb01?step=1&colorchg=1&check2858=Y&co_id=3008&year=&seamon=&mtype=A
3008,2017,COMPLETED_FROM_VALID_ALL_YEAR_CACHE,4,4,0,3008_ALL_AVAILABLE_YEARS_MOPS_t57sb01.html,3008_ALL_AVAILABLE_YEARS_MOPS_t57sb01.metadata.json,6c79ae81d7f7f6642158c25464a30914b778428453572fd22efb125fa8e73139,f47ed70dae35197d893ba009b31fa2c2aed0ddfdacb6726f865b9dcc8055c463,2026-09-04T08:37:23.603015+00:00,https://doc.twse.com.tw/server-java/t57sb01?step=1&colorchg=1&check2858=Y&co_id=3008&year=&seamon=&mtype=A
3008,2018,COMPLETED_FROM_VALID_ALL_YEAR_CACHE,4,4,0,3008_ALL_AVAILABLE_YEARS_MOPS_t57sb01.html,3008_ALL_AVAILABLE_YEARS_MOPS_t57sb01.metadata.json,6c79ae81d7f7f6642158c25464a30914b778428453572fd22efb125fa8e73139,f47ed70dae35197d893ba009b31fa2c2aed0ddfdacb6726f865b9dcc8055c463,2026-09-04T08:37:23.603015+00:00,https://doc.twse.com.tw/server-java/t57sb01?step=1&colorchg=1&check2858=Y&co_id=3008&year=&seamon=&mtype=A
3008,2019,COMPLETED_FROM_VALID_ALL_YEAR_CACHE,4,4,0,3008_ALL_AVAILABLE_YEARS_MOPS_t57sb01.html,3008_ALL_AVAILABLE_YEARS_MOPS_t57sb01.metadata.json,6c79ae81d7f7f6642158c25464a30914b778428453572fd22efb125fa8e73139,f47ed70dae35197d893ba009b31fa2c2aed0ddfdacb6726f865b9dcc8055c463,2026-09-04T08:37:23.603015+00:00,https://doc.twse.com.tw/server-java/t57sb01?step=1&colorchg=1&check2858=Y&co_id=3008&year=&seamon=&mtype=A
3008,2020,COMPLETED_FROM_VALID_ALL_YEAR_CACHE,4,4,0,3008_ALL_AVAILABLE_YEARS_MOPS_t57sb01.html,3008_ALL_AVAILABLE_YEARS_MOPS_t57sb01.metadata.json,6c79ae81d7f7f6642158c25464a30914b778428453572fd22efb125fa8e73139,f47ed70dae35197d893ba009b31fa2c2aed0ddfdacb6726f865b9dcc8055c463,2026-09-04T08:37:23.603015+00:00,https://doc.twse.com.tw/server-java/t57sb01?step=1&colorchg=1&check2858=Y&co_id=3008&year=&seamon=&mtype=A
3008,2021,COMPLETED_FROM_VALID_ALL_YEAR_CACHE,4,4,0,3008_ALL_AVAILABLE_YEARS_MOPS_t57sb01.html,3008_ALL_AVAILABLE_YEARS_MOPS_t57sb01.metadata.json,6c79ae81d7f7f6642158c25464a30914b778428453572fd22efb125fa8e73139,f47ed70dae35197d893ba009b31fa2c2aed0ddfdacb6726f865b9dcc8055c463,2026-09-04T08:37:23.603015+00:00,https://doc.twse.com.tw/server-java/t57sb01?step=1&colorchg=1&check2858=Y&co_id=3008&year=&seamon=&mtype=A
3008,2022,COMPLETED_FROM_VALID_ALL_YEAR_CACHE,4,4,0,3008_ALL_AVAILABLE_YEARS_MOPS_t57sb01.html,3008_ALL_AVAILABLE_YEARS_MOPS_t57sb01.metadata.json,6c79ae81d7f7f6642158c25464a30914b778428453572fd22efb125fa8e73139,f47ed70dae35197d893ba009b31fa2c2aed0ddfdacb6726f865b9dcc8055c463,2026-09-04T08:37:23.603015+00:00,https://doc.twse.com.tw/server-java/t57sb01?step=1&colorchg=1&check2858=Y&co_id=3008&year=&seamon=&mtype=A
3008,2023,COMPLETED_FROM_VALID_ALL_YEAR_CACHE,4,4,0,3008_ALL_AVAILABLE_YEARS_MOPS_t57sb01.html,3008_ALL_AVAILABLE_YEARS_MOPS_t57sb01.metadata.json,6c79ae81d7f7f6642158c25464a30914b778428453572fd22efb125fa8e73139,f47ed70dae35197d893ba009b31fa2c2aed0ddfdacb6726f865b9dcc8055c463,2026-09-04T08:37:23.603015+00:00,https://doc.twse.com.tw/server-java/t57sb01?step=1&colorchg=1&check2858=Y&co_id=3008&year=&seamon=&mtype=A
3008,2024,COMPLETED_FROM_VALID_ALL_YEAR_CACHE,4,4,0,3008_ALL_AVAILABLE_YEARS_MOPS_t57sb01.html,3008_ALL_AVAILABLE_YEARS_MOPS_t57sb01.metadata.json,6c79ae81d7f7f6642158c25464a30914b778428453572fd22efb125fa8e73139,f47ed70dae35197d893ba009b31fa2c2aed0ddfdacb6726f865b9dcc8055c463,2026-09-04T08:37:23.603015+00:00,https://doc.twse.com.tw/server-java/t57sb01?step=1&colorchg=1&check2858=Y&co_id=3008&year=&seamon=&mtype=A
3008,2025,COMPLETED_FROM_VALID_ALL_YEAR_CACHE,4,4,0,3008_ALL_AVAILABLE_YEARS_MOPS_t57sb01.html,3008_ALL_AVAILABLE_YEARS_MOPS_t57sb01.metadata.json,6c79ae81d7f7f6642158c25464a30914b778428453572fd22efb125fa8e73139,f47ed70dae35197d893ba009b31fa2c2aed0ddfdacb6726f865b9dcc8055c463,2026-09-04T08:37:23.603015+00:00,https://doc.twse.com.tw/server-java/t57sb01?step=1&colorchg=1&check2858=Y&co_id=3008&year=&seamon=&mtype=A
3008,2026,COMPLETED_FROM_VALID_ALL_YEAR_CACHE,2,2,0,3008_ALL_AVAILABLE_YEARS_MOPS_t57sb01.html,3008_ALL_AVAILABLE_YEARS_MOPS_t57sb01.metadata.json,6c79ae81d7f7f6642158c25464a30914b778428453572fd22efb125fa8e73139,f47ed70dae35197d893ba009b31fa2c2aed0ddfdacb6726f865b9dcc8055c463,2026-09-04T08:37:23.603015+00:00,https://doc.twse.com.tw/server-java/t57sb01?step=1&colorchg=1&check2858=Y&co_id=3008&year=&seamon=&mtype=A
3017,2016,COMPLETED_FROM_VALID_ALL_YEAR_CACHE,4,4,0,3017_ALL_AVAILABLE_YEARS_MOPS_t57sb01.html,3017_ALL_AVAILABLE_YEARS_MOPS_t57sb01.metadata.json,ada7ad2c9f847dca04734615dee891f21e1b083a7dd744217f0f7aa4c3dffabc,79fb3d232e60c4412170e3622518323714c84b1bd248c649d2ed3aaa3947d6d9,2026-09-04T08:37:23.739289+00:00,https://doc.twse.com.tw/server-java/t57sb01?step=1&colorchg=1&check2858=Y&co_id=3017&year=&seamon=&mtype=A
3017,2017,COMPLETED_FROM_VALID_ALL_YEAR_CACHE,4,4,0,3017_ALL_AVAILABLE_YEARS_MOPS_t57sb01.html,3017_ALL_AVAILABLE_YEARS_MOPS_t57sb01.metadata.json,ada7ad2c9f847dca04734615dee891f21e1b083a7dd744217f0f7aa4c3dffabc,79fb3d232e60c4412170e3622518323714c84b1bd248c649d2ed3aaa3947d6d9,2026-09-04T08:37:23.739289+00:00,https://doc.twse.com.tw/server-java/t57sb01?step=1&colorchg=1&check2858=Y&co_id=3017&year=&seamon=&mtype=A
3017,2018,COMPLETED_FROM_VALID_ALL_YEAR_CACHE,4,4,0,3017_ALL_AVAILABLE_YEARS_MOPS_t57sb01.html,3017_ALL_AVAILABLE_YEARS_MOPS_t57sb01.metadata.json,ada7ad2c9f847dca04734615dee891f21e1b083a7dd744217f0f7aa4c3dffabc,79fb3d232e60c4412170e3622518323714c84b1bd248c649d2ed3aaa3947d6d9,2026-09-04T08:37:23.739289+00:00,https://doc.twse.com.tw/server-java/t57sb01?step=1&colorchg=1&check2858=Y&co_id=3017&year=&seamon=&mtype=A
3017,2019,COMPLETED_FROM_VALID_ALL_YEAR_CACHE,4,4,0,3017_ALL_AVAILABLE_YEARS_MOPS_t57sb01.html,3017_ALL_AVAILABLE_YEARS_MOPS_t57sb01.metadata.json,ada7ad2c9f847dca04734615dee891f21e1b083a7dd744217f0f7aa4c3dffabc,79fb3d232e60c4412170e3622518323714c84b1bd248c649d2ed3aaa3947d6d9,2026-09-04T08:37:23.739289+00:00,https://doc.twse.com.tw/server-java/t57sb01?step=1&colorchg=1&check2858=Y&co_id=3017&year=&seamon=&mtype=A
3017,2020,COMPLETED_FROM_VALID_ALL_YEAR_CACHE,4,4,0,3017_ALL_AVAILABLE_YEARS_MOPS_t57sb01.html,3017_ALL_AVAILABLE_YEARS_MOPS_t57sb01.metadata.json,ada7ad2c9f847dca04734615dee891f21e1b083a7dd744217f0f7aa4c3dffabc,79fb3d232e60c4412170e3622518323714c84b1bd248c649d2ed3aaa3947d6d9,2026-09-04T08:37:23.739289+00:00,https://doc.twse.com.tw/server-java/t57sb01?step=1&colorchg=1&check2858=Y&co_id=3017&year=&seamon=&mtype=A
3017,2021,COMPLETED_FROM_VALID_ALL_YEAR_CACHE,4,4,0,3017_ALL_AVAILABLE_YEARS_MOPS_t57sb01.html,3017_ALL_AVAILABLE_YEARS_MOPS_t57sb01.metadata.json,ada7ad2c9f847dca04734615dee891f21e1b083a7dd744217f0f7aa4c3dffabc,79fb3d232e60c4412170e3622518323714c84b1bd248c649d2ed3aaa3947d6d9,2026-09-04T08:37:23.739289+00:00,https://doc.twse.com.tw/server-java/t57sb01?step=1&colorchg=1&check2858=Y&co_id=3017&year=&seamon=&mtype=A
3017,2022,COMPLETED_FROM_VALID_ALL_YEAR_CACHE,4,4,0,3017_ALL_AVAILABLE_YEARS_MOPS_t57sb01.html,3017_ALL_AVAILABLE_YEARS_MOPS_t57sb01.metadata.json,ada7ad2c9f847dca04734615dee891f21e1b083a7dd744217f0f7aa4c3dffabc,79fb3d232e60c4412170e3622518323714c84b1bd248c649d2ed3aaa3947d6d9,2026-09-04T08:37:23.739289+00:00,https://doc.twse.com.tw/server-java/t57sb01?step=1&colorchg=1&check2858=Y&co_id=3017&year=&seamon=&mtype=A
3017,2023,COMPLETED_FROM_VALID_ALL_YEAR_CACHE,4,4,0,3017_ALL_AVAILABLE_YEARS_MOPS_t57sb01.html,3017_ALL_AVAILABLE_YEARS_MOPS_t57sb01.metadata.json,ada7ad2c9f847dca04734615dee891f21e1b083a7dd744217f0f7aa4c3dffabc,79fb3d232e60c4412170e3622518323714c84b1bd248c649d2ed3aaa3947d6d9,2026-09-04T08:37:23.739289+00:00,https://doc.twse.com.tw/server-java/t57sb01?step=1&colorchg=1&check2858=Y&co_id=3017&year=&seamon=&mtype=A
3017,2024,COMPLETED_FROM_VALID_ALL_YEAR_CACHE,4,4,0,3017_ALL_AVAILABLE_YEARS_MOPS_t57sb01.html,3017_ALL_AVAILABLE_YEARS_MOPS_t57sb01.metadata.json,ada7ad2c9f847dca04734615dee891f21e1b083a7dd744217f0f7aa4c3dffabc,79fb3d232e60c4412170e3622518323714c84b1bd248c649d2ed3aaa3947d6d9,2026-09-04T08:37:23.739289+00:00,https://doc.twse.com.tw/server-java/t57sb01?step=1&colorchg=1&check2858=Y&co_id=3017&year=&seamon=&mtype=A
3017,2025,COMPLETED_FROM_VALID_ALL_YEAR_CACHE,4,4,0,3017_ALL_AVAILABLE_YEARS_MOPS_t57sb01.html,3017_ALL_AVAILABLE_YEARS_MOPS_t57sb01.metadata.json,ada7ad2c9f847dca04734615dee891f21e1b083a7dd744217f0f7aa4c3dffabc,79fb3d232e60c4412170e3622518323714c84b1bd248c649d2ed3aaa3947d6d9,2026-09-04T08:37:23.739289+00:00,https://doc.twse.com.tw/server-java/t57sb01?step=1&colorchg=1&check2858=Y&co_id=3017&year=&seamon=&mtype=A
3017,2026,COMPLETED_FROM_VALID_ALL_YEAR_CACHE,2,2,0,3017_ALL_AVAILABLE_YEARS_MOPS_t57sb01.html,3017_ALL_AVAILABLE_YEARS_MOPS_t57sb01.metadata.json,ada7ad2c9f847dca04734615dee891f21e1b083a7dd744217f0f7aa4c3dffabc,79fb3d232e60c4412170e3622518323714c84b1bd248c649d2ed3aaa3947d6d9,2026-09-04T08:37:23.739289+00:00,https://doc.twse.com.tw/server-java/t57sb01?step=1&colorchg=1&check2858=Y&co_id=3017&year=&seamon=&mtype=A
3037,2016,COMPLETED_FROM_VALID_ALL_YEAR_CACHE,4,4,0,3037_ALL_AVAILABLE_YEARS_MOPS_t57sb01.html,3037_ALL_AVAILABLE_YEARS_MOPS_t57sb01.metadata.json,5db50c5e0dab06011ff25fee088c65b22c8e4f708c7d0af86fc80924a7a455aa,3217560d696e2e399f88aefec546594a68b674aa40e5a718326f60df5a022247,2026-09-04T08:37:24.241499+00:00,https://doc.twse.com.tw/server-java/t57sb01?step=1&colorchg=1&check2858=Y&co_id=3037&year=&seamon=&mtype=A
3037,2017,COMPLETED_FROM_VALID_ALL_YEAR_CACHE,4,4,0,3037_ALL_AVAILABLE_YEARS_MOPS_t57sb01.html,3037_ALL_AVAILABLE_YEARS_MOPS_t57sb01.metadata.json,5db50c5e0dab06011ff25fee088c65b22c8e4f708c7d0af86fc80924a7a455aa,3217560d696e2e399f88aefec546594a68b674aa40e5a718326f60df5a022247,2026-09-04T08:37:24.241499+00:00,https://doc.twse.com.tw/server-java/t57sb01?step=1&colorchg=1&check2858=Y&co_id=3037&year=&seamon=&mtype=A
3037,2018,COMPLETED_FROM_VALID_ALL_YEAR_CACHE,4,4,0,3037_ALL_AVAILABLE_YEARS_MOPS_t57sb01.html,3037_ALL_AVAILABLE_YEARS_MOPS_t57sb01.metadata.json,5db50c5e0dab06011ff25fee088c65b22c8e4f708c7d0af86fc80924a7a455aa,3217560d696e2e399f88aefec546594a68b674aa40e5a718326f60df5a022247,2026-09-04T08:37:24.241499+00:00,https://doc.twse.com.tw/server-java/t57sb01?step=1&colorchg=1&check2858=Y&co_id=3037&year=&seamon=&mtype=A
3037,2019,COMPLETED_FROM_VALID_ALL_YEAR_CACHE,4,4,0,3037_ALL_AVAILABLE_YEARS_MOPS_t57sb01.html,3037_ALL_AVAILABLE_YEARS_MOPS_t57sb01.metadata.json,5db50c5e0dab06011ff25fee088c65b22c8e4f708c7d0af86fc80924a7a455aa,3217560d696e2e399f88aefec546594a68b674aa40e5a718326f60df5a022247,2026-09-04T08:37:24.241499+00:00,https://doc.twse.com.tw/server-java/t57sb01?step=1&colorchg=1&check2858=Y&co_id=3037&year=&seamon=&mtype=A
3037,2020,COMPLETED_FROM_VALID_ALL_YEAR_CACHE,4,4,0,3037_ALL_AVAILABLE_YEARS_MOPS_t57sb01.html,3037_ALL_AVAILABLE_YEARS_MOPS_t57sb01.metadata.json,5db50c5e0dab06011ff25fee088c65b22c8e4f708c7d0af86fc80924a7a455aa,3217560d696e2e399f88aefec546594a68b674aa40e5a718326f60df5a022247,2026-09-04T08:37:24.241499+00:00,https://doc.twse.com.tw/server-java/t57sb01?step=1&colorchg=1&check2858=Y&co_id=3037&year=&seamon=&mtype=A
3037,2021,COMPLETED_FROM_VALID_ALL_YEAR_CACHE,4,4,0,3037_ALL_AVAILABLE_YEARS_MOPS_t57sb01.html,3037_ALL_AVAILABLE_YEARS_MOPS_t57sb01.metadata.json,5db50c5e0dab06011ff25fee088c65b22c8e4f708c7d0af86fc80924a7a455aa,3217560d696e2e399f88aefec546594a68b674aa40e5a718326f60df5a022247,2026-09-04T08:37:24.241499+00:00,https://doc.twse.com.tw/server-java/t57sb01?step=1&colorchg=1&check2858=Y&co_id=3037&year=&seamon=&mtype=A
3037,2022,COMPLETED_FROM_VALID_ALL_YEAR_CACHE,4,4,0,3037_ALL_AVAILABLE_YEARS_MOPS_t57sb01.html,3037_ALL_AVAILABLE_YEARS_MOPS_t57sb01.metadata.json,5db50c5e0dab06011ff25fee088c65b22c8e4f708c7d0af86fc80924a7a455aa,3217560d696e2e399f88aefec546594a68b674aa40e5a718326f60df5a022247,2026-09-04T08:37:24.241499+00:00,https://doc.twse.com.tw/server-java/t57sb01?step=1&colorchg=1&check2858=Y&co_id=3037&year=&seamon=&mtype=A
3037,2023,COMPLETED_FROM_VALID_ALL_YEAR_CACHE,4,4,0,3037_ALL_AVAILABLE_YEARS_MOPS_t57sb01.html,3037_ALL_AVAILABLE_YEARS_MOPS_t57sb01.metadata.json,5db50c5e0dab06011ff25fee088c65b22c8e4f708c7d0af86fc80924a7a455aa,3217560d696e2e399f88aefec546594a68b674aa40e5a718326f60df5a022247,2026-09-04T08:37:24.241499+00:00,https://doc.twse.com.tw/server-java/t57sb01?step=1&colorchg=1&check2858=Y&co_id=3037&year=&seamon=&mtype=A
3037,2024,COMPLETED_FROM_VALID_ALL_YEAR_CACHE,4,4,0,3037_ALL_AVAILABLE_YEARS_MOPS_t57sb01.html,3037_ALL_AVAILABLE_YEARS_MOPS_t57sb01.metadata.json,5db50c5e0dab06011ff25fee088c65b22c8e4f708c7d0af86fc80924a7a455aa,3217560d696e2e399f88aefec546594a68b674aa40e5a718326f60df5a022247,2026-09-04T08:37:24.241499+00:00,https://doc.twse.com.tw/server-java/t57sb01?step=1&colorchg=1&check2858=Y&co_id=3037&year=&seamon=&mtype=A
3037,2025,COMPLETED_FROM_VALID_ALL_YEAR_CACHE,4,4,0,3037_ALL_AVAILABLE_YEARS_MOPS_t57sb01.html,3037_ALL_AVAILABLE_YEARS_MOPS_t57sb01.metadata.json,5db50c5e0dab06011ff25fee088c65b22c8e4f708c7d0af86fc80924a7a455aa,3217560d696e2e399f88aefec546594a68b674aa40e5a718326f60df5a022247,2026-09-04T08:37:24.241499+00:00,https://doc.twse.com.tw/server-java/t57sb01?step=1&colorchg=1&check2858=Y&co_id=3037&year=&seamon=&mtype=A
3037,2026,COMPLETED_FROM_VALID_ALL_YEAR_CACHE,2,2,0,3037_ALL_AVAILABLE_YEARS_MOPS_t57sb01.html,3037_ALL_AVAILABLE_YEARS_MOPS_t57sb01.metadata.json,5db50c5e0dab06011ff25fee088c65b22c8e4f708c7d0af86fc80924a7a455aa,3217560d696e2e399f88aefec546594a68b674aa40e5a718326f60df5a022247,2026-09-04T08:37:24.241499+00:00,https://doc.twse.com.tw/server-java/t57sb01?step=1&colorchg=1&check2858=Y&co_id=3037&year=&seamon=&mtype=A
3045,2016,COMPLETED_FROM_VALID_ALL_YEAR_CACHE,4,4,0,3045_ALL_AVAILABLE_YEARS_MOPS_t57sb01.html,3045_ALL_AVAILABLE_YEARS_MOPS_t57sb01.metadata.json,20224f28bcfdeb75249d77fea3e17de1edfdfb9b3a91a2b53307e8e8ac6f893c,8d96be89d5fb4a057bacd7f679c3cf0f7319a977fc5663ddff2f1c74efe8a1f5,2026-09-04T08:37:24.258495+00:00,https://doc.twse.com.tw/server-java/t57sb01?step=1&colorchg=1&check2858=Y&co_id=3045&year=&seamon=&mtype=A
3045,2017,COMPLETED_FROM_VALID_ALL_YEAR_CACHE,4,4,0,3045_ALL_AVAILABLE_YEARS_MOPS_t57sb01.html,3045_ALL_AVAILABLE_YEARS_MOPS_t57sb01.metadata.json,20224f28bcfdeb75249d77fea3e17de1edfdfb9b3a91a2b53307e8e8ac6f893c,8d96be89d5fb4a057bacd7f679c3cf0f7319a977fc5663ddff2f1c74efe8a1f5,2026-09-04T08:37:24.258495+00:00,https://doc.twse.com.tw/server-java/t57sb01?step=1&colorchg=1&check2858=Y&co_id=3045&year=&seamon=&mtype=A
3045,2018,COMPLETED_FROM_VALID_ALL_YEAR_CACHE,4,4,0,3045_ALL_AVAILABLE_YEARS_MOPS_t57sb01.html,3045_ALL_AVAILABLE_YEARS_MOPS_t57sb01.metadata.json,20224f28bcfdeb75249d77fea3e17de1edfdfb9b3a91a2b53307e8e8ac6f893c,8d96be89d5fb4a057bacd7f679c3cf0f7319a977fc5663ddff2f1c74efe8a1f5,2026-09-04T08:37:24.258495+00:00,https://doc.twse.com.tw/server-java/t57sb01?step=1&colorchg=1&check2858=Y&co_id=3045&year=&seamon=&mtype=A
3045,2019,COMPLETED_FROM_VALID_ALL_YEAR_CACHE,4,4,0,3045_ALL_AVAILABLE_YEARS_MOPS_t57sb01.html,3045_ALL_AVAILABLE_YEARS_MOPS_t57sb01.metadata.json,20224f28bcfdeb75249d77fea3e17de1edfdfb9b3a91a2b53307e8e8ac6f893c,8d96be89d5fb4a057bacd7f679c3cf0f7319a977fc5663ddff2f1c74efe8a1f5,2026-09-04T08:37:24.258495+00:00,https://doc.twse.com.tw/server-java/t57sb01?step=1&colorchg=1&check2858=Y&co_id=3045&year=&seamon=&mtype=A
3045,2020,COMPLETED_FROM_VALID_ALL_YEAR_CACHE,4,4,0,3045_ALL_AVAILABLE_YEARS_MOPS_t57sb01.html,3045_ALL_AVAILABLE_YEARS_MOPS_t57sb01.metadata.json,20224f28bcfdeb75249d77fea3e17de1edfdfb9b3a91a2b53307e8e8ac6f893c,8d96be89d5fb4a057bacd7f679c3cf0f7319a977fc5663ddff2f1c74efe8a1f5,2026-09-04T08:37:24.258495+00:00,https://doc.twse.com.tw/server-java/t57sb01?step=1&colorchg=1&check2858=Y&co_id=3045&year=&seamon=&mtype=A
3045,2021,COMPLETED_FROM_VALID_ALL_YEAR_CACHE,4,4,0,3045_ALL_AVAILABLE_YEARS_MOPS_t57sb01.html,3045_ALL_AVAILABLE_YEARS_MOPS_t57sb01.metadata.json,20224f28bcfdeb75249d77fea3e17de1edfdfb9b3a91a2b53307e8e8ac6f893c,8d96be89d5fb4a057bacd7f679c3cf0f7319a977fc5663ddff2f1c74efe8a1f5,2026-09-04T08:37:24.258495+00:00,https://doc.twse.com.tw/server-java/t57sb01?step=1&colorchg=1&check2858=Y&co_id=3045&year=&seamon=&mtype=A
3045,2022,COMPLETED_FROM_VALID_ALL_YEAR_CACHE,4,4,0,3045_ALL_AVAILABLE_YEARS_MOPS_t57sb01.html,3045_ALL_AVAILABLE_YEARS_MOPS_t57sb01.metadata.json,20224f28bcfdeb75249d77fea3e17de1edfdfb9b3a91a2b53307e8e8ac6f893c,8d96be89d5fb4a057bacd7f679c3cf0f7319a977fc5663ddff2f1c74efe8a1f5,2026-09-04T08:37:24.258495+00:00,https://doc.twse.com.tw/server-java/t57sb01?step=1&colorchg=1&check2858=Y&co_id=3045&year=&seamon=&mtype=A
3045,2023,COMPLETED_FROM_VALID_ALL_YEAR_CACHE,4,4,0,3045_ALL_AVAILABLE_YEARS_MOPS_t57sb01.html,3045_ALL_AVAILABLE_YEARS_MOPS_t57sb01.metadata.json,20224f28bcfdeb75249d77fea3e17de1edfdfb9b3a91a2b53307e8e8ac6f893c,8d96be89d5fb4a057bacd7f679c3cf0f7319a977fc5663ddff2f1c74efe8a1f5,2026-09-04T08:37:24.258495+00:00,https://doc.twse.com.tw/server-java/t57sb01?step=1&colorchg=1&check2858=Y&co_id=3045&year=&seamon=&mtype=A
3045,2024,COMPLETED_FROM_VALID_ALL_YEAR_CACHE,4,4,0,3045_ALL_AVAILABLE_YEARS_MOPS_t57sb01.html,3045_ALL_AVAILABLE_YEARS_MOPS_t57sb01.metadata.json,20224f28bcfdeb75249d77fea3e17de1edfdfb9b3a91a2b53307e8e8ac6f893c,8d96be89d5fb4a057bacd7f679c3cf0f7319a977fc5663ddff2f1c74efe8a1f5,2026-09-04T08:37:24.258495+00:00,https://doc.twse.com.tw/server-java/t57sb01?step=1&colorchg=1&check2858=Y&co_id=3045&year=&seamon=&mtype=A
3045,2025,COMPLETED_FROM_VALID_ALL_YEAR_CACHE,4,4,0,3045_ALL_AVAILABLE_YEARS_MOPS_t57sb01.html,3045_ALL_AVAILABLE_YEARS_MOPS_t57sb01.metadata.json,20224f28bcfdeb75249d77fea3e17de1edfdfb9b3a91a2b53307e8e8ac6f893c,8d96be89d5fb4a057bacd7f679c3cf0f7319a977fc5663ddff2f1c74efe8a1f5,2026-09-04T08:37:24.258495+00:00,https://doc.twse.com.tw/server-java/t57sb01?step=1&colorchg=1&check2858=Y&co_id=3045&year=&seamon=&mtype=A
3045,2026,COMPLETED_FROM_VALID_ALL_YEAR_CACHE,2,2,0,3045_ALL_AVAILABLE_YEARS_MOPS_t57sb01.html,3045_ALL_AVAILABLE_YEARS_MOPS_t57sb01.metadata.json,20224f28bcfdeb75249d77fea3e17de1edfdfb9b3a91a2b53307e8e8ac6f893c,8d96be89d5fb4a057bacd7f679c3cf0f7319a977fc5663ddff2f1c74efe8a1f5,2026-09-04T08:37:24.258495+00:00,https://doc.twse.com.tw/server-java/t57sb01?step=1&colorchg=1&check2858=Y&co_id=3045&year=&seamon=&mtype=A
3231,2016,COMPLETED_FROM_VALID_ALL_YEAR_CACHE,4,4,0,3231_ALL_AVAILABLE_YEARS_MOPS_t57sb01.html,3231_ALL_AVAILABLE_YEARS_MOPS_t57sb01.metadata.json,d8bf0276a4e74c163247ee006aa6afefaa2a97970480379c75cf9ee2100e2bc7,16485fdf5173f353605356301c8a268de26119ab16711aa8c62e5c5534c4a84e,2026-09-04T08:37:38.374534+00:00,https://doc.twse.com.tw/server-java/t57sb01?step=1&colorchg=1&check2858=Y&co_id=3231&year=&seamon=&mtype=A
3231,2017,COMPLETED_FROM_VALID_ALL_YEAR_CACHE,4,4,0,3231_ALL_AVAILABLE_YEARS_MOPS_t57sb01.html,3231_ALL_AVAILABLE_YEARS_MOPS_t57sb01.metadata.json,d8bf0276a4e74c163247ee006aa6afefaa2a97970480379c75cf9ee2100e2bc7,16485fdf5173f353605356301c8a268de26119ab16711aa8c62e5c5534c4a84e,2026-09-04T08:37:38.374534+00:00,https://doc.twse.com.tw/server-java/t57sb01?step=1&colorchg=1&check2858=Y&co_id=3231&year=&seamon=&mtype=A
3231,2018,COMPLETED_FROM_VALID_ALL_YEAR_CACHE,4,4,0,3231_ALL_AVAILABLE_YEARS_MOPS_t57sb01.html,3231_ALL_AVAILABLE_YEARS_MOPS_t57sb01.metadata.json,d8bf0276a4e74c163247ee006aa6afefaa2a97970480379c75cf9ee2100e2bc7,16485fdf5173f353605356301c8a268de26119ab16711aa8c62e5c5534c4a84e,2026-09-04T08:37:38.374534+00:00,https://doc.twse.com.tw/server-java/t57sb01?step=1&colorchg=1&check2858=Y&co_id=3231&year=&seamon=&mtype=A
3231,2019,COMPLETED_FROM_VALID_ALL_YEAR_CACHE,4,4,0,3231_ALL_AVAILABLE_YEARS_MOPS_t57sb01.html,3231_ALL_AVAILABLE_YEARS_MOPS_t57sb01.metadata.json,d8bf0276a4e74c163247ee006aa6afefaa2a97970480379c75cf9ee2100e2bc7,16485fdf5173f353605356301c8a268de26119ab16711aa8c62e5c5534c4a84e,2026-09-04T08:37:38.374534+00:00,https://doc.twse.com.tw/server-java/t57sb01?step=1&colorchg=1&check2858=Y&co_id=3231&year=&seamon=&mtype=A
3231,2020,COMPLETED_FROM_VALID_ALL_YEAR_CACHE,4,4,0,3231_ALL_AVAILABLE_YEARS_MOPS_t57sb01.html,3231_ALL_AVAILABLE_YEARS_MOPS_t57sb01.metadata.json,d8bf0276a4e74c163247ee006aa6afefaa2a97970480379c75cf9ee2100e2bc7,16485fdf5173f353605356301c8a268de26119ab16711aa8c62e5c5534c4a84e,2026-09-04T08:37:38.374534+00:00,https://doc.twse.com.tw/server-java/t57sb01?step=1&colorchg=1&check2858=Y&co_id=3231&year=&seamon=&mtype=A
3231,2021,COMPLETED_FROM_VALID_ALL_YEAR_CACHE,4,4,0,3231_ALL_AVAILABLE_YEARS_MOPS_t57sb01.html,3231_ALL_AVAILABLE_YEARS_MOPS_t57sb01.metadata.json,d8bf0276a4e74c163247ee006aa6afefaa2a97970480379c75cf9ee2100e2bc7,16485fdf5173f353605356301c8a268de26119ab16711aa8c62e5c5534c4a84e,2026-09-04T08:37:38.374534+00:00,https://doc.twse.com.tw/server-java/t57sb01?step=1&colorchg=1&check2858=Y&co_id=3231&year=&seamon=&mtype=A
3231,2022,COMPLETED_FROM_VALID_ALL_YEAR_CACHE,4,4,0,3231_ALL_AVAILABLE_YEARS_MOPS_t57sb01.html,3231_ALL_AVAILABLE_YEARS_MOPS_t57sb01.metadata.json,d8bf0276a4e74c163247ee006aa6afefaa2a97970480379c75cf9ee2100e2bc7,16485fdf5173f353605356301c8a268de26119ab16711aa8c62e5c5534c4a84e,2026-09-04T08:37:38.374534+00:00,https://doc.twse.com.tw/server-java/t57sb01?step=1&colorchg=1&check2858=Y&co_id=3231&year=&seamon=&mtype=A
3231,2023,COMPLETED_FROM_VALID_ALL_YEAR_CACHE,4,4,0,3231_ALL_AVAILABLE_YEARS_MOPS_t57sb01.html,3231_ALL_AVAILABLE_YEARS_MOPS_t57sb01.metadata.json,d8bf0276a4e74c163247ee006aa6afefaa2a97970480379c75cf9ee2100e2bc7,16485fdf5173f353605356301c8a268de26119ab16711aa8c62e5c5534c4a84e,2026-09-04T08:37:38.374534+00:00,https://doc.twse.com.tw/server-java/t57sb01?step=1&colorchg=1&check2858=Y&co_id=3231&year=&seamon=&mtype=A
3231,2024,COMPLETED_FROM_VALID_ALL_YEAR_CACHE,4,4,0,3231_ALL_AVAILABLE_YEARS_MOPS_t57sb01.html,3231_ALL_AVAILABLE_YEARS_MOPS_t57sb01.metadata.json,d8bf0276a4e74c163247ee006aa6afefaa2a97970480379c75cf9ee2100e2bc7,16485fdf5173f353605356301c8a268de26119ab16711aa8c62e5c5534c4a84e,2026-09-04T08:37:38.374534+00:00,https://doc.twse.com.tw/server-java/t57sb01?step=1&colorchg=1&check2858=Y&co_id=3231&year=&seamon=&mtype=A
3231,2025,COMPLETED_FROM_VALID_ALL_YEAR_CACHE,4,4,0,3231_ALL_AVAILABLE_YEARS_MOPS_t57sb01.html,3231_ALL_AVAILABLE_YEARS_MOPS_t57sb01.metadata.json,d8bf0276a4e74c163247ee006aa6afefaa2a97970480379c75cf9ee2100e2bc7,16485fdf5173f353605356301c8a268de26119ab16711aa8c62e5c5534c4a84e,2026-09-04T08:37:38.374534+00:00,https://doc.twse.com.tw/server-java/t57sb01?step=1&colorchg=1&check2858=Y&co_id=3231&year=&seamon=&mtype=A
3231,2026,COMPLETED_FROM_VALID_ALL_YEAR_CACHE,2,2,0,3231_ALL_AVAILABLE_YEARS_MOPS_t57sb01.html,3231_ALL_AVAILABLE_YEARS_MOPS_t57sb01.metadata.json,d8bf0276a4e74c163247ee006aa6afefaa2a97970480379c75cf9ee2100e2bc7,16485fdf5173f353605356301c8a268de26119ab16711aa8c62e5c5534c4a84e,2026-09-04T08:37:38.374534+00:00,https://doc.twse.com.tw/server-java/t57sb01?step=1&colorchg=1&check2858=Y&co_id=3231&year=&seamon=&mtype=A
3443,2016,COMPLETED_FROM_VALID_ALL_YEAR_CACHE,4,4,0,3443_ALL_AVAILABLE_YEARS_MOPS_t57sb01.html,3443_ALL_AVAILABLE_YEARS_MOPS_t57sb01.metadata.json,7cc009fec2f5c1aabf8b1970210c42392b376b151b189a83113085b78b0e645f,a80c628f5e7e5d1fb6fd6b1e96b8ddd20593b3091e40768c0ea475df435caf72,2026-09-04T08:40:35.120191+00:00,https://doc.twse.com.tw/server-java/t57sb01?step=1&colorchg=1&check2858=Y&co_id=3443&year=&seamon=&mtype=A
3443,2017,COMPLETED_FROM_VALID_ALL_YEAR_CACHE,4,4,0,3443_ALL_AVAILABLE_YEARS_MOPS_t57sb01.html,3443_ALL_AVAILABLE_YEARS_MOPS_t57sb01.metadata.json,7cc009fec2f5c1aabf8b1970210c42392b376b151b189a83113085b78b0e645f,a80c628f5e7e5d1fb6fd6b1e96b8ddd20593b3091e40768c0ea475df435caf72,2026-09-04T08:40:35.120191+00:00,https://doc.twse.com.tw/server-java/t57sb01?step=1&colorchg=1&check2858=Y&co_id=3443&year=&seamon=&mtype=A
3443,2018,COMPLETED_FROM_VALID_ALL_YEAR_CACHE,4,4,0,3443_ALL_AVAILABLE_YEARS_MOPS_t57sb01.html,3443_ALL_AVAILABLE_YEARS_MOPS_t57sb01.metadata.json,7cc009fec2f5c1aabf8b1970210c42392b376b151b189a83113085b78b0e645f,a80c628f5e7e5d1fb6fd6b1e96b8ddd20593b3091e40768c0ea475df435caf72,2026-09-04T08:40:35.120191+00:00,https://doc.twse.com.tw/server-java/t57sb01?step=1&colorchg=1&check2858=Y&co_id=3443&year=&seamon=&mtype=A
3443,2019,COMPLETED_FROM_VALID_ALL_YEAR_CACHE,4,4,0,3443_ALL_AVAILABLE_YEARS_MOPS_t57sb01.html,3443_ALL_AVAILABLE_YEARS_MOPS_t57sb01.metadata.json,7cc009fec2f5c1aabf8b1970210c42392b376b151b189a83113085b78b0e645f,a80c628f5e7e5d1fb6fd6b1e96b8ddd20593b3091e40768c0ea475df435caf72,2026-09-04T08:40:35.120191+00:00,https://doc.twse.com.tw/server-java/t57sb01?step=1&colorchg=1&check2858=Y&co_id=3443&year=&seamon=&mtype=A
3443,2020,COMPLETED_FROM_VALID_ALL_YEAR_CACHE,4,4,0,3443_ALL_AVAILABLE_YEARS_MOPS_t57sb01.html,3443_ALL_AVAILABLE_YEARS_MOPS_t57sb01.metadata.json,7cc009fec2f5c1aabf8b1970210c42392b376b151b189a83113085b78b0e645f,a80c628f5e7e5d1fb6fd6b1e96b8ddd20593b3091e40768c0ea475df435caf72,2026-09-04T08:40:35.120191+00:00,https://doc.twse.com.tw/server-java/t57sb01?step=1&colorchg=1&check2858=Y&co_id=3443&year=&seamon=&mtype=A
3443,2021,COMPLETED_FROM_VALID_ALL_YEAR_CACHE,4,4,0,3443_ALL_AVAILABLE_YEARS_MOPS_t57sb01.html,3443_ALL_AVAILABLE_YEARS_MOPS_t57sb01.metadata.json,7cc009fec2f5c1aabf8b1970210c42392b376b151b189a83113085b78b0e645f,a80c628f5e7e5d1fb6fd6b1e96b8ddd20593b3091e40768c0ea475df435caf72,2026-09-04T08:40:35.120191+00:00,https://doc.twse.com.tw/server-java/t57sb01?step=1&colorchg=1&check2858=Y&co_id=3443&year=&seamon=&mtype=A
3443,2022,COMPLETED_FROM_VALID_ALL_YEAR_CACHE,4,4,0,3443_ALL_AVAILABLE_YEARS_MOPS_t57sb01.html,3443_ALL_AVAILABLE_YEARS_MOPS_t57sb01.metadata.json,7cc009fec2f5c1aabf8b1970210c42392b376b151b189a83113085b78b0e645f,a80c628f5e7e5d1fb6fd6b1e96b8ddd20593b3091e40768c0ea475df435caf72,2026-09-04T08:40:35.120191+00:00,https://doc.twse.com.tw/server-java/t57sb01?step=1&colorchg=1&check2858=Y&co_id=3443&year=&seamon=&mtype=A
3443,2023,COMPLETED_FROM_VALID_ALL_YEAR_CACHE,4,4,0,3443_ALL_AVAILABLE_YEARS_MOPS_t57sb01.html,3443_ALL_AVAILABLE_YEARS_MOPS_t57sb01.metadata.json,7cc009fec2f5c1aabf8b1970210c42392b376b151b189a83113085b78b0e645f,a80c628f5e7e5d1fb6fd6b1e96b8ddd20593b3091e40768c0ea475df435caf72,2026-09-04T08:40:35.120191+00:00,https://doc.twse.com.tw/server-java/t57sb01?step=1&colorchg=1&check2858=Y&co_id=3443&year=&seamon=&mtype=A
3443,2024,COMPLETED_FROM_VALID_ALL_YEAR_CACHE,4,4,0,3443_ALL_AVAILABLE_YEARS_MOPS_t57sb01.html,3443_ALL_AVAILABLE_YEARS_MOPS_t57sb01.metadata.json,7cc009fec2f5c1aabf8b1970210c42392b376b151b189a83113085b78b0e645f,a80c628f5e7e5d1fb6fd6b1e96b8ddd20593b3091e40768c0ea475df435caf72,2026-09-04T08:40:35.120191+00:00,https://doc.twse.com.tw/server-java/t57sb01?step=1&colorchg=1&check2858=Y&co_id=3443&year=&seamon=&mtype=A
3443,2025,COMPLETED_FROM_VALID_ALL_YEAR_CACHE,4,4,0,3443_ALL_AVAILABLE_YEARS_MOPS_t57sb01.html,3443_ALL_AVAILABLE_YEARS_MOPS_t57sb01.metadata.json,7cc009fec2f5c1aabf8b1970210c42392b376b151b189a83113085b78b0e645f,a80c628f5e7e5d1fb6fd6b1e96b8ddd20593b3091e40768c0ea475df435caf72,2026-09-04T08:40:35.120191+00:00,https://doc.twse.com.tw/server-java/t57sb01?step=1&colorchg=1&check2858=Y&co_id=3443&year=&seamon=&mtype=A
3443,2026,COMPLETED_FROM_VALID_ALL_YEAR_CACHE,2,2,0,3443_ALL_AVAILABLE_YEARS_MOPS_t57sb01.html,3443_ALL_AVAILABLE_YEARS_MOPS_t57sb01.metadata.json,7cc009fec2f5c1aabf8b1970210c42392b376b151b189a83113085b78b0e645f,a80c628f5e7e5d1fb6fd6b1e96b8ddd20593b3091e40768c0ea475df435caf72,2026-09-04T08:40:35.120191+00:00,https://doc.twse.com.tw/server-java/t57sb01?step=1&colorchg=1&check2858=Y&co_id=3443&year=&seamon=&mtype=A
3653,2016,COMPLETED_FROM_VALID_ALL_YEAR_CACHE,4,4,0,3653_ALL_AVAILABLE_YEARS_MOPS_t57sb01.html,3653_ALL_AVAILABLE_YEARS_MOPS_t57sb01.metadata.json,ac4478b32baa7c24b9fe46fe244e36cad66f633dd15dd18a77334b8a5eb35624,94b56c4e71dd82da2935b3a7d6cc640bdafc11c0dc4108e31615990bd6bc8af3,2026-09-04T08:37:37.955586+00:00,https://doc.twse.com.tw/server-java/t57sb01?step=1&colorchg=1&check2858=Y&co_id=3653&year=&seamon=&mtype=A
3653,2017,COMPLETED_FROM_VALID_ALL_YEAR_CACHE,4,4,0,3653_ALL_AVAILABLE_YEARS_MOPS_t57sb01.html,3653_ALL_AVAILABLE_YEARS_MOPS_t57sb01.metadata.json,ac4478b32baa7c24b9fe46fe244e36cad66f633dd15dd18a77334b8a5eb35624,94b56c4e71dd82da2935b3a7d6cc640bdafc11c0dc4108e31615990bd6bc8af3,2026-09-04T08:37:37.955586+00:00,https://doc.twse.com.tw/server-java/t57sb01?step=1&colorchg=1&check2858=Y&co_id=3653&year=&seamon=&mtype=A
3653,2018,COMPLETED_FROM_VALID_ALL_YEAR_CACHE,4,4,0,3653_ALL_AVAILABLE_YEARS_MOPS_t57sb01.html,3653_ALL_AVAILABLE_YEARS_MOPS_t57sb01.metadata.json,ac4478b32baa7c24b9fe46fe244e36cad66f633dd15dd18a77334b8a5eb35624,94b56c4e71dd82da2935b3a7d6cc640bdafc11c0dc4108e31615990bd6bc8af3,2026-09-04T08:37:37.955586+00:00,https://doc.twse.com.tw/server-java/t57sb01?step=1&colorchg=1&check2858=Y&co_id=3653&year=&seamon=&mtype=A
3653,2019,COMPLETED_FROM_VALID_ALL_YEAR_CACHE,4,4,0,3653_ALL_AVAILABLE_YEARS_MOPS_t57sb01.html,3653_ALL_AVAILABLE_YEARS_MOPS_t57sb01.metadata.json,ac4478b32baa7c24b9fe46fe244e36cad66f633dd15dd18a77334b8a5eb35624,94b56c4e71dd82da2935b3a7d6cc640bdafc11c0dc4108e31615990bd6bc8af3,2026-09-04T08:37:37.955586+00:00,https://doc.twse.com.tw/server-java/t57sb01?step=1&colorchg=1&check2858=Y&co_id=3653&year=&seamon=&mtype=A
3653,2020,COMPLETED_FROM_VALID_ALL_YEAR_CACHE,4,4,0,3653_ALL_AVAILABLE_YEARS_MOPS_t57sb01.html,3653_ALL_AVAILABLE_YEARS_MOPS_t57sb01.metadata.json,ac4478b32baa7c24b9fe46fe244e36cad66f633dd15dd18a77334b8a5eb35624,94b56c4e71dd82da2935b3a7d6cc640bdafc11c0dc4108e31615990bd6bc8af3,2026-09-04T08:37:37.955586+00:00,https://doc.twse.com.tw/server-java/t57sb01?step=1&colorchg=1&check2858=Y&co_id=3653&year=&seamon=&mtype=A
3653,2021,COMPLETED_FROM_VALID_ALL_YEAR_CACHE,4,4,0,3653_ALL_AVAILABLE_YEARS_MOPS_t57sb01.html,3653_ALL_AVAILABLE_YEARS_MOPS_t57sb01.metadata.json,ac4478b32baa7c24b9fe46fe244e36cad66f633dd15dd18a77334b8a5eb35624,94b56c4e71dd82da2935b3a7d6cc640bdafc11c0dc4108e31615990bd6bc8af3,2026-09-04T08:37:37.955586+00:00,https://doc.twse.com.tw/server-java/t57sb01?step=1&colorchg=1&check2858=Y&co_id=3653&year=&seamon=&mtype=A
3653,2022,COMPLETED_FROM_VALID_ALL_YEAR_CACHE,4,4,0,3653_ALL_AVAILABLE_YEARS_MOPS_t57sb01.html,3653_ALL_AVAILABLE_YEARS_MOPS_t57sb01.metadata.json,ac4478b32baa7c24b9fe46fe244e36cad66f633dd15dd18a77334b8a5eb35624,94b56c4e71dd82da2935b3a7d6cc640bdafc11c0dc4108e31615990bd6bc8af3,2026-09-04T08:37:37.955586+00:00,https://doc.twse.com.tw/server-java/t57sb01?step=1&colorchg=1&check2858=Y&co_id=3653&year=&seamon=&mtype=A
3653,2023,COMPLETED_FROM_VALID_ALL_YEAR_CACHE,4,4,0,3653_ALL_AVAILABLE_YEARS_MOPS_t57sb01.html,3653_ALL_AVAILABLE_YEARS_MOPS_t57sb01.metadata.json,ac4478b32baa7c24b9fe46fe244e36cad66f633dd15dd18a77334b8a5eb35624,94b56c4e71dd82da2935b3a7d6cc640bdafc11c0dc4108e31615990bd6bc8af3,2026-09-04T08:37:37.955586+00:00,https://doc.twse.com.tw/server-java/t57sb01?step=1&colorchg=1&check2858=Y&co_id=3653&year=&seamon=&mtype=A
3653,2024,COMPLETED_FROM_VALID_ALL_YEAR_CACHE,4,4,0,3653_ALL_AVAILABLE_YEARS_MOPS_t57sb01.html,3653_ALL_AVAILABLE_YEARS_MOPS_t57sb01.metadata.json,ac4478b32baa7c24b9fe46fe244e36cad66f633dd15dd18a77334b8a5eb35624,94b56c4e71dd82da2935b3a7d6cc640bdafc11c0dc4108e31615990bd6bc8af3,2026-09-04T08:37:37.955586+00:00,https://doc.twse.com.tw/server-java/t57sb01?step=1&colorchg=1&check2858=Y&co_id=3653&year=&seamon=&mtype=A
3653,2025,COMPLETED_FROM_VALID_ALL_YEAR_CACHE,4,4,0,3653_ALL_AVAILABLE_YEARS_MOPS_t57sb01.html,3653_ALL_AVAILABLE_YEARS_MOPS_t57sb01.metadata.json,ac4478b32baa7c24b9fe46fe244e36cad66f633dd15dd18a77334b8a5eb35624,94b56c4e71dd82da2935b3a7d6cc640bdafc11c0dc4108e31615990bd6bc8af3,2026-09-04T08:37:37.955586+00:00,https://doc.twse.com.tw/server-java/t57sb01?step=1&colorchg=1&check2858=Y&co_id=3653&year=&seamon=&mtype=A
3653,2026,COMPLETED_FROM_VALID_ALL_YEAR_CACHE,2,2,0,3653_ALL_AVAILABLE_YEARS_MOPS_t57sb01.html,3653_ALL_AVAILABLE_YEARS_MOPS_t57sb01.metadata.json,ac4478b32baa7c24b9fe46fe244e36cad66f633dd15dd18a77334b8a5eb35624,94b56c4e71dd82da2935b3a7d6cc640bdafc11c0dc4108e31615990bd6bc8af3,2026-09-04T08:37:37.955586+00:00,https://doc.twse.com.tw/server-java/t57sb01?step=1&colorchg=1&check2858=Y&co_id=3653&year=&seamon=&mtype=A
3661,2016,COMPLETED_FROM_VALID_ALL_YEAR_CACHE,4,4,0,3661_ALL_AVAILABLE_YEARS_MOPS_t57sb01.html,3661_ALL_AVAILABLE_YEARS_MOPS_t57sb01.metadata.json,5550cc96846825d526642583dc4a6fed6187fabf6693afbd03d70a9e994fdc1f,84fd5377efa7aa007a7d421ed78bf1bacb9639b68f52657ea801b66ca5309640,2026-09-04T08:37:37.791442+00:00,https://doc.twse.com.tw/server-java/t57sb01?step=1&colorchg=1&check2858=Y&co_id=3661&year=&seamon=&mtype=A
3661,2017,COMPLETED_FROM_VALID_ALL_YEAR_CACHE,4,4,0,3661_ALL_AVAILABLE_YEARS_MOPS_t57sb01.html,3661_ALL_AVAILABLE_YEARS_MOPS_t57sb01.metadata.json,5550cc96846825d526642583dc4a6fed6187fabf6693afbd03d70a9e994fdc1f,84fd5377efa7aa007a7d421ed78bf1bacb9639b68f52657ea801b66ca5309640,2026-09-04T08:37:37.791442+00:00,https://doc.twse.com.tw/server-java/t57sb01?step=1&colorchg=1&check2858=Y&co_id=3661&year=&seamon=&mtype=A
3661,2018,COMPLETED_FROM_VALID_ALL_YEAR_CACHE,4,4,0,3661_ALL_AVAILABLE_YEARS_MOPS_t57sb01.html,3661_ALL_AVAILABLE_YEARS_MOPS_t57sb01.metadata.json,5550cc96846825d526642583dc4a6fed6187fabf6693afbd03d70a9e994fdc1f,84fd5377efa7aa007a7d421ed78bf1bacb9639b68f52657ea801b66ca5309640,2026-09-04T08:37:37.791442+00:00,https://doc.twse.com.tw/server-java/t57sb01?step=1&colorchg=1&check2858=Y&co_id=3661&year=&seamon=&mtype=A
3661,2019,COMPLETED_FROM_VALID_ALL_YEAR_CACHE,4,4,0,3661_ALL_AVAILABLE_YEARS_MOPS_t57sb01.html,3661_ALL_AVAILABLE_YEARS_MOPS_t57sb01.metadata.json,5550cc96846825d526642583dc4a6fed6187fabf6693afbd03d70a9e994fdc1f,84fd5377efa7aa007a7d421ed78bf1bacb9639b68f52657ea801b66ca5309640,2026-09-04T08:37:37.791442+00:00,https://doc.twse.com.tw/server-java/t57sb01?step=1&colorchg=1&check2858=Y&co_id=3661&year=&seamon=&mtype=A
3661,2020,COMPLETED_FROM_VALID_ALL_YEAR_CACHE,4,4,0,3661_ALL_AVAILABLE_YEARS_MOPS_t57sb01.html,3661_ALL_AVAILABLE_YEARS_MOPS_t57sb01.metadata.json,5550cc96846825d526642583dc4a6fed6187fabf6693afbd03d70a9e994fdc1f,84fd5377efa7aa007a7d421ed78bf1bacb9639b68f52657ea801b66ca5309640,2026-09-04T08:37:37.791442+00:00,https://doc.twse.com.tw/server-java/t57sb01?step=1&colorchg=1&check2858=Y&co_id=3661&year=&seamon=&mtype=A
3661,2021,COMPLETED_FROM_VALID_ALL_YEAR_CACHE,4,4,0,3661_ALL_AVAILABLE_YEARS_MOPS_t57sb01.html,3661_ALL_AVAILABLE_YEARS_MOPS_t57sb01.metadata.json,5550cc96846825d526642583dc4a6fed6187fabf6693afbd03d70a9e994fdc1f,84fd5377efa7aa007a7d421ed78bf1bacb9639b68f52657ea801b66ca5309640,2026-09-04T08:37:37.791442+00:00,https://doc.twse.com.tw/server-java/t57sb01?step=1&colorchg=1&check2858=Y&co_id=3661&year=&seamon=&mtype=A
3661,2022,COMPLETED_FROM_VALID_ALL_YEAR_CACHE,4,4,0,3661_ALL_AVAILABLE_YEARS_MOPS_t57sb01.html,3661_ALL_AVAILABLE_YEARS_MOPS_t57sb01.metadata.json,5550cc96846825d526642583dc4a6fed6187fabf6693afbd03d70a9e994fdc1f,84fd5377efa7aa007a7d421ed78bf1bacb9639b68f52657ea801b66ca5309640,2026-09-04T08:37:37.791442+00:00,https://doc.twse.com.tw/server-java/t57sb01?step=1&colorchg=1&check2858=Y&co_id=3661&year=&seamon=&mtype=A
3661,2023,COMPLETED_FROM_VALID_ALL_YEAR_CACHE,4,4,0,3661_ALL_AVAILABLE_YEARS_MOPS_t57sb01.html,3661_ALL_AVAILABLE_YEARS_MOPS_t57sb01.metadata.json,5550cc96846825d526642583dc4a6fed6187fabf6693afbd03d70a9e994fdc1f,84fd5377efa7aa007a7d421ed78bf1bacb9639b68f52657ea801b66ca5309640,2026-09-04T08:37:37.791442+00:00,https://doc.twse.com.tw/server-java/t57sb01?step=1&colorchg=1&check2858=Y&co_id=3661&year=&seamon=&mtype=A
3661,2024,COMPLETED_FROM_VALID_ALL_YEAR_CACHE,4,4,0,3661_ALL_AVAILABLE_YEARS_MOPS_t57sb01.html,3661_ALL_AVAILABLE_YEARS_MOPS_t57sb01.metadata.json,5550cc96846825d526642583dc4a6fed6187fabf6693afbd03d70a9e994fdc1f,84fd5377efa7aa007a7d421ed78bf1bacb9639b68f52657ea801b66ca5309640,2026-09-04T08:37:37.791442+00:00,https://doc.twse.com.tw/server-java/t57sb01?step=1&colorchg=1&check2858=Y&co_id=3661&year=&seamon=&mtype=A
3661,2025,COMPLETED_FROM_VALID_ALL_YEAR_CACHE,4,4,0,3661_ALL_AVAILABLE_YEARS_MOPS_t57sb01.html,3661_ALL_AVAILABLE_YEARS_MOPS_t57sb01.metadata.json,5550cc96846825d526642583dc4a6fed6187fabf6693afbd03d70a9e994fdc1f,84fd5377efa7aa007a7d421ed78bf1bacb9639b68f52657ea801b66ca5309640,2026-09-04T08:37:37.791442+00:00,https://doc.twse.com.tw/server-java/t57sb01?step=1&colorchg=1&check2858=Y&co_id=3661&year=&seamon=&mtype=A
3661,2026,COMPLETED_FROM_VALID_ALL_YEAR_CACHE,2,2,0,3661_ALL_AVAILABLE_YEARS_MOPS_t57sb01.html,3661_ALL_AVAILABLE_YEARS_MOPS_t57sb01.metadata.json,5550cc96846825d526642583dc4a6fed6187fabf6693afbd03d70a9e994fdc1f,84fd5377efa7aa007a7d421ed78bf1bacb9639b68f52657ea801b66ca5309640,2026-09-04T08:37:37.791442+00:00,https://doc.twse.com.tw/server-java/t57sb01?step=1&colorchg=1&check2858=Y&co_id=3661&year=&seamon=&mtype=A
3665,2016,COMPLETED_FROM_VALID_ALL_YEAR_CACHE,4,4,0,3665_ALL_AVAILABLE_YEARS_MOPS_t57sb01.html,3665_ALL_AVAILABLE_YEARS_MOPS_t57sb01.metadata.json,cc2de94628e17b11a329f0be5ad7963fc4dbd7d92f11dfb64ea54d6b1df348aa,2b607feb193af217f6895cf0f7ebc8d0ed79f72bf7ba8d006a540fa3924760e3,2026-09-04T08:40:34.803763+00:00,https://doc.twse.com.tw/server-java/t57sb01?step=1&colorchg=1&check2858=Y&co_id=3665&year=&seamon=&mtype=A
3665,2017,COMPLETED_FROM_VALID_ALL_YEAR_CACHE,4,4,0,3665_ALL_AVAILABLE_YEARS_MOPS_t57sb01.html,3665_ALL_AVAILABLE_YEARS_MOPS_t57sb01.metadata.json,cc2de94628e17b11a329f0be5ad7963fc4dbd7d92f11dfb64ea54d6b1df348aa,2b607feb193af217f6895cf0f7ebc8d0ed79f72bf7ba8d006a540fa3924760e3,2026-09-04T08:40:34.803763+00:00,https://doc.twse.com.tw/server-java/t57sb01?step=1&colorchg=1&check2858=Y&co_id=3665&year=&seamon=&mtype=A
3665,2018,COMPLETED_FROM_VALID_ALL_YEAR_CACHE,4,4,0,3665_ALL_AVAILABLE_YEARS_MOPS_t57sb01.html,3665_ALL_AVAILABLE_YEARS_MOPS_t57sb01.metadata.json,cc2de94628e17b11a329f0be5ad7963fc4dbd7d92f11dfb64ea54d6b1df348aa,2b607feb193af217f6895cf0f7ebc8d0ed79f72bf7ba8d006a540fa3924760e3,2026-09-04T08:40:34.803763+00:00,https://doc.twse.com.tw/server-java/t57sb01?step=1&colorchg=1&check2858=Y&co_id=3665&year=&seamon=&mtype=A
3665,2019,COMPLETED_FROM_VALID_ALL_YEAR_CACHE,4,4,0,3665_ALL_AVAILABLE_YEARS_MOPS_t57sb01.html,3665_ALL_AVAILABLE_YEARS_MOPS_t57sb01.metadata.json,cc2de94628e17b11a329f0be5ad7963fc4dbd7d92f11dfb64ea54d6b1df348aa,2b607feb193af217f6895cf0f7ebc8d0ed79f72bf7ba8d006a540fa3924760e3,2026-09-04T08:40:34.803763+00:00,https://doc.twse.com.tw/server-java/t57sb01?step=1&colorchg=1&check2858=Y&co_id=3665&year=&seamon=&mtype=A
3665,2020,COMPLETED_FROM_VALID_ALL_YEAR_CACHE,4,4,0,3665_ALL_AVAILABLE_YEARS_MOPS_t57sb01.html,3665_ALL_AVAILABLE_YEARS_MOPS_t57sb01.metadata.json,cc2de94628e17b11a329f0be5ad7963fc4dbd7d92f11dfb64ea54d6b1df348aa,2b607feb193af217f6895cf0f7ebc8d0ed79f72bf7ba8d006a540fa3924760e3,2026-09-04T08:40:34.803763+00:00,https://doc.twse.com.tw/server-java/t57sb01?step=1&colorchg=1&check2858=Y&co_id=3665&year=&seamon=&mtype=A
3665,2021,COMPLETED_FROM_VALID_ALL_YEAR_CACHE,4,4,0,3665_ALL_AVAILABLE_YEARS_MOPS_t57sb01.html,3665_ALL_AVAILABLE_YEARS_MOPS_t57sb01.metadata.json,cc2de94628e17b11a329f0be5ad7963fc4dbd7d92f11dfb64ea54d6b1df348aa,2b607feb193af217f6895cf0f7ebc8d0ed79f72bf7ba8d006a540fa3924760e3,2026-09-04T08:40:34.803763+00:00,https://doc.twse.com.tw/server-java/t57sb01?step=1&colorchg=1&check2858=Y&co_id=3665&year=&seamon=&mtype=A
3665,2022,COMPLETED_FROM_VALID_ALL_YEAR_CACHE,4,4,0,3665_ALL_AVAILABLE_YEARS_MOPS_t57sb01.html,3665_ALL_AVAILABLE_YEARS_MOPS_t57sb01.metadata.json,cc2de94628e17b11a329f0be5ad7963fc4dbd7d92f11dfb64ea54d6b1df348aa,2b607feb193af217f6895cf0f7ebc8d0ed79f72bf7ba8d006a540fa3924760e3,2026-09-04T08:40:34.803763+00:00,https://doc.twse.com.tw/server-java/t57sb01?step=1&colorchg=1&check2858=Y&co_id=3665&year=&seamon=&mtype=A
3665,2023,COMPLETED_FROM_VALID_ALL_YEAR_CACHE,4,4,0,3665_ALL_AVAILABLE_YEARS_MOPS_t57sb01.html,3665_ALL_AVAILABLE_YEARS_MOPS_t57sb01.metadata.json,cc2de94628e17b11a329f0be5ad7963fc4dbd7d92f11dfb64ea54d6b1df348aa,2b607feb193af217f6895cf0f7ebc8d0ed79f72bf7ba8d006a540fa3924760e3,2026-09-04T08:40:34.803763+00:00,https://doc.twse.com.tw/server-java/t57sb01?step=1&colorchg=1&check2858=Y&co_id=3665&year=&seamon=&mtype=A
3665,2024,COMPLETED_FROM_VALID_ALL_YEAR_CACHE,4,4,0,3665_ALL_AVAILABLE_YEARS_MOPS_t57sb01.html,3665_ALL_AVAILABLE_YEARS_MOPS_t57sb01.metadata.json,cc2de94628e17b11a329f0be5ad7963fc4dbd7d92f11dfb64ea54d6b1df348aa,2b607feb193af217f6895cf0f7ebc8d0ed79f72bf7ba8d006a540fa3924760e3,2026-09-04T08:40:34.803763+00:00,https://doc.twse.com.tw/server-java/t57sb01?step=1&colorchg=1&check2858=Y&co_id=3665&year=&seamon=&mtype=A
3665,2025,COMPLETED_FROM_VALID_ALL_YEAR_CACHE,4,4,0,3665_ALL_AVAILABLE_YEARS_MOPS_t57sb01.html,3665_ALL_AVAILABLE_YEARS_MOPS_t57sb01.metadata.json,cc2de94628e17b11a329f0be5ad7963fc4dbd7d92f11dfb64ea54d6b1df348aa,2b607feb193af217f6895cf0f7ebc8d0ed79f72bf7ba8d006a540fa3924760e3,2026-09-04T08:40:34.803763+00:00,https://doc.twse.com.tw/server-java/t57sb01?step=1&colorchg=1&check2858=Y&co_id=3665&year=&seamon=&mtype=A
3665,2026,COMPLETED_FROM_VALID_ALL_YEAR_CACHE,2,2,0,3665_ALL_AVAILABLE_YEARS_MOPS_t57sb01.html,3665_ALL_AVAILABLE_YEARS_MOPS_t57sb01.metadata.json,cc2de94628e17b11a329f0be5ad7963fc4dbd7d92f11dfb64ea54d6b1df348aa,2b607feb193af217f6895cf0f7ebc8d0ed79f72bf7ba8d006a540fa3924760e3,2026-09-04T08:40:34.803763+00:00,https://doc.twse.com.tw/server-java/t57sb01?step=1&colorchg=1&check2858=Y&co_id=3665&year=&seamon=&mtype=A
3711,2017,COMPLETED_FROM_VALID_ALL_YEAR_CACHE,3,0,3,3711_ALL_AVAILABLE_YEARS_MOPS_t57sb01.html,3711_ALL_AVAILABLE_YEARS_MOPS_t57sb01.metadata.json,b416a1196dc8e1045f8ca5f9930af1a1042e6473bfbf2ec636a0cec7f3d267c5,fc989409f39f18564b2377d640a241d01a8a94f7af9e546f4b093e8fbbcffa6e,2026-09-04T08:40:47.758762+00:00,https://doc.twse.com.tw/server-java/t57sb01?step=1&colorchg=1&check2858=Y&co_id=3711&year=&seamon=&mtype=A
3711,2018,COMPLETED_FROM_VALID_ALL_YEAR_CACHE,4,3,1,3711_ALL_AVAILABLE_YEARS_MOPS_t57sb01.html,3711_ALL_AVAILABLE_YEARS_MOPS_t57sb01.metadata.json,b416a1196dc8e1045f8ca5f9930af1a1042e6473bfbf2ec636a0cec7f3d267c5,fc989409f39f18564b2377d640a241d01a8a94f7af9e546f4b093e8fbbcffa6e,2026-09-04T08:40:47.758762+00:00,https://doc.twse.com.tw/server-java/t57sb01?step=1&colorchg=1&check2858=Y&co_id=3711&year=&seamon=&mtype=A
3711,2019,COMPLETED_FROM_VALID_ALL_YEAR_CACHE,4,4,0,3711_ALL_AVAILABLE_YEARS_MOPS_t57sb01.html,3711_ALL_AVAILABLE_YEARS_MOPS_t57sb01.metadata.json,b416a1196dc8e1045f8ca5f9930af1a1042e6473bfbf2ec636a0cec7f3d267c5,fc989409f39f18564b2377d640a241d01a8a94f7af9e546f4b093e8fbbcffa6e,2026-09-04T08:40:47.758762+00:00,https://doc.twse.com.tw/server-java/t57sb01?step=1&colorchg=1&check2858=Y&co_id=3711&year=&seamon=&mtype=A
3711,2020,COMPLETED_FROM_VALID_ALL_YEAR_CACHE,4,4,0,3711_ALL_AVAILABLE_YEARS_MOPS_t57sb01.html,3711_ALL_AVAILABLE_YEARS_MOPS_t57sb01.metadata.json,b416a1196dc8e1045f8ca5f9930af1a1042e6473bfbf2ec636a0cec7f3d267c5,fc989409f39f18564b2377d640a241d01a8a94f7af9e546f4b093e8fbbcffa6e,2026-09-04T08:40:47.758762+00:00,https://doc.twse.com.tw/server-java/t57sb01?step=1&colorchg=1&check2858=Y&co_id=3711&year=&seamon=&mtype=A
3711,2021,COMPLETED_FROM_VALID_ALL_YEAR_CACHE,4,4,0,3711_ALL_AVAILABLE_YEARS_MOPS_t57sb01.html,3711_ALL_AVAILABLE_YEARS_MOPS_t57sb01.metadata.json,b416a1196dc8e1045f8ca5f9930af1a1042e6473bfbf2ec636a0cec7f3d267c5,fc989409f39f18564b2377d640a241d01a8a94f7af9e546f4b093e8fbbcffa6e,2026-09-04T08:40:47.758762+00:00,https://doc.twse.com.tw/server-java/t57sb01?step=1&colorchg=1&check2858=Y&co_id=3711&year=&seamon=&mtype=A
3711,2022,COMPLETED_FROM_VALID_ALL_YEAR_CACHE,4,4,0,3711_ALL_AVAILABLE_YEARS_MOPS_t57sb01.html,3711_ALL_AVAILABLE_YEARS_MOPS_t57sb01.metadata.json,b416a1196dc8e1045f8ca5f9930af1a1042e6473bfbf2ec636a0cec7f3d267c5,fc989409f39f18564b2377d640a241d01a8a94f7af9e546f4b093e8fbbcffa6e,2026-09-04T08:40:47.758762+00:00,https://doc.twse.com.tw/server-java/t57sb01?step=1&colorchg=1&check2858=Y&co_id=3711&year=&seamon=&mtype=A
3711,2023,COMPLETED_FROM_VALID_ALL_YEAR_CACHE,4,4,0,3711_ALL_AVAILABLE_YEARS_MOPS_t57sb01.html,3711_ALL_AVAILABLE_YEARS_MOPS_t57sb01.metadata.json,b416a1196dc8e1045f8ca5f9930af1a1042e6473bfbf2ec636a0cec7f3d267c5,fc989409f39f18564b2377d640a241d01a8a94f7af9e546f4b093e8fbbcffa6e,2026-09-04T08:40:47.758762+00:00,https://doc.twse.com.tw/server-java/t57sb01?step=1&colorchg=1&check2858=Y&co_id=3711&year=&seamon=&mtype=A
3711,2024,COMPLETED_FROM_VALID_ALL_YEAR_CACHE,4,4,0,3711_ALL_AVAILABLE_YEARS_MOPS_t57sb01.html,3711_ALL_AVAILABLE_YEARS_MOPS_t57sb01.metadata.json,b416a1196dc8e1045f8ca5f9930af1a1042e6473bfbf2ec636a0cec7f3d267c5,fc989409f39f18564b2377d640a241d01a8a94f7af9e546f4b093e8fbbcffa6e,2026-09-04T08:40:47.758762+00:00,https://doc.twse.com.tw/server-java/t57sb01?step=1&colorchg=1&check2858=Y&co_id=3711&year=&seamon=&mtype=A
3711,2025,COMPLETED_FROM_VALID_ALL_YEAR_CACHE,4,4,0,3711_ALL_AVAILABLE_YEARS_MOPS_t57sb01.html,3711_ALL_AVAILABLE_YEARS_MOPS_t57sb01.metadata.json,b416a1196dc8e1045f8ca5f9930af1a1042e6473bfbf2ec636a0cec7f3d267c5,fc989409f39f18564b2377d640a241d01a8a94f7af9e546f4b093e8fbbcffa6e,2026-09-04T08:40:47.758762+00:00,https://doc.twse.com.tw/server-java/t57sb01?step=1&colorchg=1&check2858=Y&co_id=3711&year=&seamon=&mtype=A
3711,2026,COMPLETED_FROM_VALID_ALL_YEAR_CACHE,2,2,0,3711_ALL_AVAILABLE_YEARS_MOPS_t57sb01.html,3711_ALL_AVAILABLE_YEARS_MOPS_t57sb01.metadata.json,b416a1196dc8e1045f8ca5f9930af1a1042e6473bfbf2ec636a0cec7f3d267c5,fc989409f39f18564b2377d640a241d01a8a94f7af9e546f4b093e8fbbcffa6e,2026-09-04T08:40:47.758762+00:00,https://doc.twse.com.tw/server-java/t57sb01?step=1&colorchg=1&check2858=Y&co_id=3711&year=&seamon=&mtype=A
4904,2016,COMPLETED_FROM_VALID_ALL_YEAR_CACHE,4,4,0,4904_ALL_AVAILABLE_YEARS_MOPS_t57sb01.html,4904_ALL_AVAILABLE_YEARS_MOPS_t57sb01.metadata.json,941e86fde1d8ad11a6ce682647ec51f35e51372e537703fd2e2cf12e3c907b9b,b346e70cd96b2e2be3285f77da3616db87f2ddfd493aabf6016206e672608110,2026-09-04T08:37:38.003888+00:00,https://doc.twse.com.tw/server-java/t57sb01?step=1&colorchg=1&check2858=Y&co_id=4904&year=&seamon=&mtype=A
4904,2017,COMPLETED_FROM_VALID_ALL_YEAR_CACHE,4,4,0,4904_ALL_AVAILABLE_YEARS_MOPS_t57sb01.html,4904_ALL_AVAILABLE_YEARS_MOPS_t57sb01.metadata.json,941e86fde1d8ad11a6ce682647ec51f35e51372e537703fd2e2cf12e3c907b9b,b346e70cd96b2e2be3285f77da3616db87f2ddfd493aabf6016206e672608110,2026-09-04T08:37:38.003888+00:00,https://doc.twse.com.tw/server-java/t57sb01?step=1&colorchg=1&check2858=Y&co_id=4904&year=&seamon=&mtype=A
4904,2018,COMPLETED_FROM_VALID_ALL_YEAR_CACHE,4,4,0,4904_ALL_AVAILABLE_YEARS_MOPS_t57sb01.html,4904_ALL_AVAILABLE_YEARS_MOPS_t57sb01.metadata.json,941e86fde1d8ad11a6ce682647ec51f35e51372e537703fd2e2cf12e3c907b9b,b346e70cd96b2e2be3285f77da3616db87f2ddfd493aabf6016206e672608110,2026-09-04T08:37:38.003888+00:00,https://doc.twse.com.tw/server-java/t57sb01?step=1&colorchg=1&check2858=Y&co_id=4904&year=&seamon=&mtype=A
4904,2019,COMPLETED_FROM_VALID_ALL_YEAR_CACHE,4,4,0,4904_ALL_AVAILABLE_YEARS_MOPS_t57sb01.html,4904_ALL_AVAILABLE_YEARS_MOPS_t57sb01.metadata.json,941e86fde1d8ad11a6ce682647ec51f35e51372e537703fd2e2cf12e3c907b9b,b346e70cd96b2e2be3285f77da3616db87f2ddfd493aabf6016206e672608110,2026-09-04T08:37:38.003888+00:00,https://doc.twse.com.tw/server-java/t57sb01?step=1&colorchg=1&check2858=Y&co_id=4904&year=&seamon=&mtype=A
4904,2020,COMPLETED_FROM_VALID_ALL_YEAR_CACHE,4,4,0,4904_ALL_AVAILABLE_YEARS_MOPS_t57sb01.html,4904_ALL_AVAILABLE_YEARS_MOPS_t57sb01.metadata.json,941e86fde1d8ad11a6ce682647ec51f35e51372e537703fd2e2cf12e3c907b9b,b346e70cd96b2e2be3285f77da3616db87f2ddfd493aabf6016206e672608110,2026-09-04T08:37:38.003888+00:00,https://doc.twse.com.tw/server-java/t57sb01?step=1&colorchg=1&check2858=Y&co_id=4904&year=&seamon=&mtype=A
4904,2021,COMPLETED_FROM_VALID_ALL_YEAR_CACHE,4,4,0,4904_ALL_AVAILABLE_YEARS_MOPS_t57sb01.html,4904_ALL_AVAILABLE_YEARS_MOPS_t57sb01.metadata.json,941e86fde1d8ad11a6ce682647ec51f35e51372e537703fd2e2cf12e3c907b9b,b346e70cd96b2e2be3285f77da3616db87f2ddfd493aabf6016206e672608110,2026-09-04T08:37:38.003888+00:00,https://doc.twse.com.tw/server-java/t57sb01?step=1&colorchg=1&check2858=Y&co_id=4904&year=&seamon=&mtype=A
4904,2022,COMPLETED_FROM_VALID_ALL_YEAR_CACHE,4,4,0,4904_ALL_AVAILABLE_YEARS_MOPS_t57sb01.html,4904_ALL_AVAILABLE_YEARS_MOPS_t57sb01.metadata.json,941e86fde1d8ad11a6ce682647ec51f35e51372e537703fd2e2cf12e3c907b9b,b346e70cd96b2e2be3285f77da3616db87f2ddfd493aabf6016206e672608110,2026-09-04T08:37:38.003888+00:00,https://doc.twse.com.tw/server-java/t57sb01?step=1&colorchg=1&check2858=Y&co_id=4904&year=&seamon=&mtype=A
4904,2023,COMPLETED_FROM_VALID_ALL_YEAR_CACHE,4,4,0,4904_ALL_AVAILABLE_YEARS_MOPS_t57sb01.html,4904_ALL_AVAILABLE_YEARS_MOPS_t57sb01.metadata.json,941e86fde1d8ad11a6ce682647ec51f35e51372e537703fd2e2cf12e3c907b9b,b346e70cd96b2e2be3285f77da3616db87f2ddfd493aabf6016206e672608110,2026-09-04T08:37:38.003888+00:00,https://doc.twse.com.tw/server-java/t57sb01?step=1&colorchg=1&check2858=Y&co_id=4904&year=&seamon=&mtype=A
4904,2024,COMPLETED_FROM_VALID_ALL_YEAR_CACHE,4,4,0,4904_ALL_AVAILABLE_YEARS_MOPS_t57sb01.html,4904_ALL_AVAILABLE_YEARS_MOPS_t57sb01.metadata.json,941e86fde1d8ad11a6ce682647ec51f35e51372e537703fd2e2cf12e3c907b9b,b346e70cd96b2e2be3285f77da3616db87f2ddfd493aabf6016206e672608110,2026-09-04T08:37:38.003888+00:00,https://doc.twse.com.tw/server-java/t57sb01?step=1&colorchg=1&check2858=Y&co_id=4904&year=&seamon=&mtype=A
4904,2025,COMPLETED_FROM_VALID_ALL_YEAR_CACHE,4,4,0,4904_ALL_AVAILABLE_YEARS_MOPS_t57sb01.html,4904_ALL_AVAILABLE_YEARS_MOPS_t57sb01.metadata.json,941e86fde1d8ad11a6ce682647ec51f35e51372e537703fd2e2cf12e3c907b9b,b346e70cd96b2e2be3285f77da3616db87f2ddfd493aabf6016206e672608110,2026-09-04T08:37:38.003888+00:00,https://doc.twse.com.tw/server-java/t57sb01?step=1&colorchg=1&check2858=Y&co_id=4904&year=&seamon=&mtype=A
4904,2026,COMPLETED_FROM_VALID_ALL_YEAR_CACHE,2,2,0,4904_ALL_AVAILABLE_YEARS_MOPS_t57sb01.html,4904_ALL_AVAILABLE_YEARS_MOPS_t57sb01.metadata.json,941e86fde1d8ad11a6ce682647ec51f35e51372e537703fd2e2cf12e3c907b9b,b346e70cd96b2e2be3285f77da3616db87f2ddfd493aabf6016206e672608110,2026-09-04T08:37:38.003888+00:00,https://doc.twse.com.tw/server-java/t57sb01?step=1&colorchg=1&check2858=Y&co_id=4904&year=&seamon=&mtype=A
4958,2016,COMPLETED_FROM_VALID_ALL_YEAR_CACHE,4,4,0,4958_ALL_AVAILABLE_YEARS_MOPS_t57sb01.html,4958_ALL_AVAILABLE_YEARS_MOPS_t57sb01.metadata.json,5e0047dd7e9a7f368d52040e179f3727aa40b00bf9b04cf9983640c18555d63e,c7b4b8e0da01ccd32b60b39165946492df780adef15b350542178d2797b39e67,2026-09-04T08:40:47.150110+00:00,https://doc.twse.com.tw/server-java/t57sb01?step=1&colorchg=1&check2858=Y&co_id=4958&year=&seamon=&mtype=A
4958,2017,COMPLETED_FROM_VALID_ALL_YEAR_CACHE,4,4,0,4958_ALL_AVAILABLE_YEARS_MOPS_t57sb01.html,4958_ALL_AVAILABLE_YEARS_MOPS_t57sb01.metadata.json,5e0047dd7e9a7f368d52040e179f3727aa40b00bf9b04cf9983640c18555d63e,c7b4b8e0da01ccd32b60b39165946492df780adef15b350542178d2797b39e67,2026-09-04T08:40:47.150110+00:00,https://doc.twse.com.tw/server-java/t57sb01?step=1&colorchg=1&check2858=Y&co_id=4958&year=&seamon=&mtype=A
4958,2018,COMPLETED_FROM_VALID_ALL_YEAR_CACHE,4,4,0,4958_ALL_AVAILABLE_YEARS_MOPS_t57sb01.html,4958_ALL_AVAILABLE_YEARS_MOPS_t57sb01.metadata.json,5e0047dd7e9a7f368d52040e179f3727aa40b00bf9b04cf9983640c18555d63e,c7b4b8e0da01ccd32b60b39165946492df780adef15b350542178d2797b39e67,2026-09-04T08:40:47.150110+00:00,https://doc.twse.com.tw/server-java/t57sb01?step=1&colorchg=1&check2858=Y&co_id=4958&year=&seamon=&mtype=A
4958,2019,COMPLETED_FROM_VALID_ALL_YEAR_CACHE,4,4,0,4958_ALL_AVAILABLE_YEARS_MOPS_t57sb01.html,4958_ALL_AVAILABLE_YEARS_MOPS_t57sb01.metadata.json,5e0047dd7e9a7f368d52040e179f3727aa40b00bf9b04cf9983640c18555d63e,c7b4b8e0da01ccd32b60b39165946492df780adef15b350542178d2797b39e67,2026-09-04T08:40:47.150110+00:00,https://doc.twse.com.tw/server-java/t57sb01?step=1&colorchg=1&check2858=Y&co_id=4958&year=&seamon=&mtype=A
4958,2020,COMPLETED_FROM_VALID_ALL_YEAR_CACHE,4,4,0,4958_ALL_AVAILABLE_YEARS_MOPS_t57sb01.html,4958_ALL_AVAILABLE_YEARS_MOPS_t57sb01.metadata.json,5e0047dd7e9a7f368d52040e179f3727aa40b00bf9b04cf9983640c18555d63e,c7b4b8e0da01ccd32b60b39165946492df780adef15b350542178d2797b39e67,2026-09-04T08:40:47.150110+00:00,https://doc.twse.com.tw/server-java/t57sb01?step=1&colorchg=1&check2858=Y&co_id=4958&year=&seamon=&mtype=A
4958,2021,COMPLETED_FROM_VALID_ALL_YEAR_CACHE,4,4,0,4958_ALL_AVAILABLE_YEARS_MOPS_t57sb01.html,4958_ALL_AVAILABLE_YEARS_MOPS_t57sb01.metadata.json,5e0047dd7e9a7f368d52040e179f3727aa40b00bf9b04cf9983640c18555d63e,c7b4b8e0da01ccd32b60b39165946492df780adef15b350542178d2797b39e67,2026-09-04T08:40:47.150110+00:00,https://doc.twse.com.tw/server-java/t57sb01?step=1&colorchg=1&check2858=Y&co_id=4958&year=&seamon=&mtype=A
4958,2022,COMPLETED_FROM_VALID_ALL_YEAR_CACHE,4,4,0,4958_ALL_AVAILABLE_YEARS_MOPS_t57sb01.html,4958_ALL_AVAILABLE_YEARS_MOPS_t57sb01.metadata.json,5e0047dd7e9a7f368d52040e179f3727aa40b00bf9b04cf9983640c18555d63e,c7b4b8e0da01ccd32b60b39165946492df780adef15b350542178d2797b39e67,2026-09-04T08:40:47.150110+00:00,https://doc.twse.com.tw/server-java/t57sb01?step=1&colorchg=1&check2858=Y&co_id=4958&year=&seamon=&mtype=A
4958,2023,COMPLETED_FROM_VALID_ALL_YEAR_CACHE,4,4,0,4958_ALL_AVAILABLE_YEARS_MOPS_t57sb01.html,4958_ALL_AVAILABLE_YEARS_MOPS_t57sb01.metadata.json,5e0047dd7e9a7f368d52040e179f3727aa40b00bf9b04cf9983640c18555d63e,c7b4b8e0da01ccd32b60b39165946492df780adef15b350542178d2797b39e67,2026-09-04T08:40:47.150110+00:00,https://doc.twse.com.tw/server-java/t57sb01?step=1&colorchg=1&check2858=Y&co_id=4958&year=&seamon=&mtype=A
4958,2024,COMPLETED_FROM_VALID_ALL_YEAR_CACHE,4,4,0,4958_ALL_AVAILABLE_YEARS_MOPS_t57sb01.html,4958_ALL_AVAILABLE_YEARS_MOPS_t57sb01.metadata.json,5e0047dd7e9a7f368d52040e179f3727aa40b00bf9b04cf9983640c18555d63e,c7b4b8e0da01ccd32b60b39165946492df780adef15b350542178d2797b39e67,2026-09-04T08:40:47.150110+00:00,https://doc.twse.com.tw/server-java/t57sb01?step=1&colorchg=1&check2858=Y&co_id=4958&year=&seamon=&mtype=A
4958,2025,COMPLETED_FROM_VALID_ALL_YEAR_CACHE,4,4,0,4958_ALL_AVAILABLE_YEARS_MOPS_t57sb01.html,4958_ALL_AVAILABLE_YEARS_MOPS_t57sb01.metadata.json,5e0047dd7e9a7f368d52040e179f3727aa40b00bf9b04cf9983640c18555d63e,c7b4b8e0da01ccd32b60b39165946492df780adef15b350542178d2797b39e67,2026-09-04T08:40:47.150110+00:00,https://doc.twse.com.tw/server-java/t57sb01?step=1&colorchg=1&check2858=Y&co_id=4958&year=&seamon=&mtype=A
4958,2026,COMPLETED_FROM_VALID_ALL_YEAR_CACHE,2,2,0,4958_ALL_AVAILABLE_YEARS_MOPS_t57sb01.html,4958_ALL_AVAILABLE_YEARS_MOPS_t57sb01.metadata.json,5e0047dd7e9a7f368d52040e179f3727aa40b00bf9b04cf9983640c18555d63e,c7b4b8e0da01ccd32b60b39165946492df780adef15b350542178d2797b39e67,2026-09-04T08:40:47.150110+00:00,https://doc.twse.com.tw/server-java/t57sb01?step=1&colorchg=1&check2858=Y&co_id=4958&year=&seamon=&mtype=A
5880,2016,COMPLETED_FROM_VALID_ALL_YEAR_CACHE,4,4,0,5880_ALL_AVAILABLE_YEARS_MOPS_t57sb01.html,5880_ALL_AVAILABLE_YEARS_MOPS_t57sb01.metadata.json,c3cff4d6c3f002c0afadbc3eb830c387abaa44684649eb348c0745974af8031d,4efcfcd59b6e78ba37ad41aeb2e9d99cf4a6f4245d1493986e71211a9b0955fa,2026-09-04T08:38:15.636034+00:00,https://doc.twse.com.tw/server-java/t57sb01?step=1&colorchg=1&check2858=Y&co_id=5880&year=&seamon=&mtype=A
5880,2017,COMPLETED_FROM_VALID_ALL_YEAR_CACHE,4,4,0,5880_ALL_AVAILABLE_YEARS_MOPS_t57sb01.html,5880_ALL_AVAILABLE_YEARS_MOPS_t57sb01.metadata.json,c3cff4d6c3f002c0afadbc3eb830c387abaa44684649eb348c0745974af8031d,4efcfcd59b6e78ba37ad41aeb2e9d99cf4a6f4245d1493986e71211a9b0955fa,2026-09-04T08:38:15.636034+00:00,https://doc.twse.com.tw/server-java/t57sb01?step=1&colorchg=1&check2858=Y&co_id=5880&year=&seamon=&mtype=A
5880,2018,COMPLETED_FROM_VALID_ALL_YEAR_CACHE,4,4,0,5880_ALL_AVAILABLE_YEARS_MOPS_t57sb01.html,5880_ALL_AVAILABLE_YEARS_MOPS_t57sb01.metadata.json,c3cff4d6c3f002c0afadbc3eb830c387abaa44684649eb348c0745974af8031d,4efcfcd59b6e78ba37ad41aeb2e9d99cf4a6f4245d1493986e71211a9b0955fa,2026-09-04T08:38:15.636034+00:00,https://doc.twse.com.tw/server-java/t57sb01?step=1&colorchg=1&check2858=Y&co_id=5880&year=&seamon=&mtype=A
5880,2019,COMPLETED_FROM_VALID_ALL_YEAR_CACHE,4,4,0,5880_ALL_AVAILABLE_YEARS_MOPS_t57sb01.html,5880_ALL_AVAILABLE_YEARS_MOPS_t57sb01.metadata.json,c3cff4d6c3f002c0afadbc3eb830c387abaa44684649eb348c0745974af8031d,4efcfcd59b6e78ba37ad41aeb2e9d99cf4a6f4245d1493986e71211a9b0955fa,2026-09-04T08:38:15.636034+00:00,https://doc.twse.com.tw/server-java/t57sb01?step=1&colorchg=1&check2858=Y&co_id=5880&year=&seamon=&mtype=A
5880,2020,COMPLETED_FROM_VALID_ALL_YEAR_CACHE,4,4,0,5880_ALL_AVAILABLE_YEARS_MOPS_t57sb01.html,5880_ALL_AVAILABLE_YEARS_MOPS_t57sb01.metadata.json,c3cff4d6c3f002c0afadbc3eb830c387abaa44684649eb348c0745974af8031d,4efcfcd59b6e78ba37ad41aeb2e9d99cf4a6f4245d1493986e71211a9b0955fa,2026-09-04T08:38:15.636034+00:00,https://doc.twse.com.tw/server-java/t57sb01?step=1&colorchg=1&check2858=Y&co_id=5880&year=&seamon=&mtype=A
5880,2021,COMPLETED_FROM_VALID_ALL_YEAR_CACHE,4,4,0,5880_ALL_AVAILABLE_YEARS_MOPS_t57sb01.html,5880_ALL_AVAILABLE_YEARS_MOPS_t57sb01.metadata.json,c3cff4d6c3f002c0afadbc3eb830c387abaa44684649eb348c0745974af8031d,4efcfcd59b6e78ba37ad41aeb2e9d99cf4a6f4245d1493986e71211a9b0955fa,2026-09-04T08:38:15.636034+00:00,https://doc.twse.com.tw/server-java/t57sb01?step=1&colorchg=1&check2858=Y&co_id=5880&year=&seamon=&mtype=A
5880,2022,COMPLETED_FROM_VALID_ALL_YEAR_CACHE,4,4,0,5880_ALL_AVAILABLE_YEARS_MOPS_t57sb01.html,5880_ALL_AVAILABLE_YEARS_MOPS_t57sb01.metadata.json,c3cff4d6c3f002c0afadbc3eb830c387abaa44684649eb348c0745974af8031d,4efcfcd59b6e78ba37ad41aeb2e9d99cf4a6f4245d1493986e71211a9b0955fa,2026-09-04T08:38:15.636034+00:00,https://doc.twse.com.tw/server-java/t57sb01?step=1&colorchg=1&check2858=Y&co_id=5880&year=&seamon=&mtype=A
5880,2023,COMPLETED_FROM_VALID_ALL_YEAR_CACHE,4,4,0,5880_ALL_AVAILABLE_YEARS_MOPS_t57sb01.html,5880_ALL_AVAILABLE_YEARS_MOPS_t57sb01.metadata.json,c3cff4d6c3f002c0afadbc3eb830c387abaa44684649eb348c0745974af8031d,4efcfcd59b6e78ba37ad41aeb2e9d99cf4a6f4245d1493986e71211a9b0955fa,2026-09-04T08:38:15.636034+00:00,https://doc.twse.com.tw/server-java/t57sb01?step=1&colorchg=1&check2858=Y&co_id=5880&year=&seamon=&mtype=A
5880,2024,COMPLETED_FROM_VALID_ALL_YEAR_CACHE,4,4,0,5880_ALL_AVAILABLE_YEARS_MOPS_t57sb01.html,5880_ALL_AVAILABLE_YEARS_MOPS_t57sb01.metadata.json,c3cff4d6c3f002c0afadbc3eb830c387abaa44684649eb348c0745974af8031d,4efcfcd59b6e78ba37ad41aeb2e9d99cf4a6f4245d1493986e71211a9b0955fa,2026-09-04T08:38:15.636034+00:00,https://doc.twse.com.tw/server-java/t57sb01?step=1&colorchg=1&check2858=Y&co_id=5880&year=&seamon=&mtype=A
5880,2025,COMPLETED_FROM_VALID_ALL_YEAR_CACHE,4,4,0,5880_ALL_AVAILABLE_YEARS_MOPS_t57sb01.html,5880_ALL_AVAILABLE_YEARS_MOPS_t57sb01.metadata.json,c3cff4d6c3f002c0afadbc3eb830c387abaa44684649eb348c0745974af8031d,4efcfcd59b6e78ba37ad41aeb2e9d99cf4a6f4245d1493986e71211a9b0955fa,2026-09-04T08:38:15.636034+00:00,https://doc.twse.com.tw/server-java/t57sb01?step=1&colorchg=1&check2858=Y&co_id=5880&year=&seamon=&mtype=A
5880,2026,COMPLETED_FROM_VALID_ALL_YEAR_CACHE,2,2,0,5880_ALL_AVAILABLE_YEARS_MOPS_t57sb01.html,5880_ALL_AVAILABLE_YEARS_MOPS_t57sb01.metadata.json,c3cff4d6c3f002c0afadbc3eb830c387abaa44684649eb348c0745974af8031d,4efcfcd59b6e78ba37ad41aeb2e9d99cf4a6f4245d1493986e71211a9b0955fa,2026-09-04T08:38:15.636034+00:00,https://doc.twse.com.tw/server-java/t57sb01?step=1&colorchg=1&check2858=Y&co_id=5880&year=&seamon=&mtype=A
6505,2016,COMPLETED_FROM_VALID_ALL_YEAR_CACHE,4,4,0,6505_ALL_AVAILABLE_YEARS_MOPS_t57sb01.html,6505_ALL_AVAILABLE_YEARS_MOPS_t57sb01.metadata.json,143f296427d0b455f042866222c769164849629c90614edd06efa8adec03cb3c,88d71e006b4f93680a1e7bdc51e7f8fcd06d4425624b6eadfb59148d68585ef4,2026-09-04T08:38:16.124094+00:00,https://doc.twse.com.tw/server-java/t57sb01?step=1&colorchg=1&check2858=Y&co_id=6505&year=&seamon=&mtype=A
6505,2017,COMPLETED_FROM_VALID_ALL_YEAR_CACHE,4,4,0,6505_ALL_AVAILABLE_YEARS_MOPS_t57sb01.html,6505_ALL_AVAILABLE_YEARS_MOPS_t57sb01.metadata.json,143f296427d0b455f042866222c769164849629c90614edd06efa8adec03cb3c,88d71e006b4f93680a1e7bdc51e7f8fcd06d4425624b6eadfb59148d68585ef4,2026-09-04T08:38:16.124094+00:00,https://doc.twse.com.tw/server-java/t57sb01?step=1&colorchg=1&check2858=Y&co_id=6505&year=&seamon=&mtype=A
6505,2018,COMPLETED_FROM_VALID_ALL_YEAR_CACHE,4,4,0,6505_ALL_AVAILABLE_YEARS_MOPS_t57sb01.html,6505_ALL_AVAILABLE_YEARS_MOPS_t57sb01.metadata.json,143f296427d0b455f042866222c769164849629c90614edd06efa8adec03cb3c,88d71e006b4f93680a1e7bdc51e7f8fcd06d4425624b6eadfb59148d68585ef4,2026-09-04T08:38:16.124094+00:00,https://doc.twse.com.tw/server-java/t57sb01?step=1&colorchg=1&check2858=Y&co_id=6505&year=&seamon=&mtype=A
6505,2019,COMPLETED_FROM_VALID_ALL_YEAR_CACHE,4,4,0,6505_ALL_AVAILABLE_YEARS_MOPS_t57sb01.html,6505_ALL_AVAILABLE_YEARS_MOPS_t57sb01.metadata.json,143f296427d0b455f042866222c769164849629c90614edd06efa8adec03cb3c,88d71e006b4f93680a1e7bdc51e7f8fcd06d4425624b6eadfb59148d68585ef4,2026-09-04T08:38:16.124094+00:00,https://doc.twse.com.tw/server-java/t57sb01?step=1&colorchg=1&check2858=Y&co_id=6505&year=&seamon=&mtype=A
6505,2020,COMPLETED_FROM_VALID_ALL_YEAR_CACHE,4,4,0,6505_ALL_AVAILABLE_YEARS_MOPS_t57sb01.html,6505_ALL_AVAILABLE_YEARS_MOPS_t57sb01.metadata.json,143f296427d0b455f042866222c769164849629c90614edd06efa8adec03cb3c,88d71e006b4f93680a1e7bdc51e7f8fcd06d4425624b6eadfb59148d68585ef4,2026-09-04T08:38:16.124094+00:00,https://doc.twse.com.tw/server-java/t57sb01?step=1&colorchg=1&check2858=Y&co_id=6505&year=&seamon=&mtype=A
6505,2021,COMPLETED_FROM_VALID_ALL_YEAR_CACHE,4,4,0,6505_ALL_AVAILABLE_YEARS_MOPS_t57sb01.html,6505_ALL_AVAILABLE_YEARS_MOPS_t57sb01.metadata.json,143f296427d0b455f042866222c769164849629c90614edd06efa8adec03cb3c,88d71e006b4f93680a1e7bdc51e7f8fcd06d4425624b6eadfb59148d68585ef4,2026-09-04T08:38:16.124094+00:00,https://doc.twse.com.tw/server-java/t57sb01?step=1&colorchg=1&check2858=Y&co_id=6505&year=&seamon=&mtype=A
6505,2022,COMPLETED_FROM_VALID_ALL_YEAR_CACHE,4,4,0,6505_ALL_AVAILABLE_YEARS_MOPS_t57sb01.html,6505_ALL_AVAILABLE_YEARS_MOPS_t57sb01.metadata.json,143f296427d0b455f042866222c769164849629c90614edd06efa8adec03cb3c,88d71e006b4f93680a1e7bdc51e7f8fcd06d4425624b6eadfb59148d68585ef4,2026-09-04T08:38:16.124094+00:00,https://doc.twse.com.tw/server-java/t57sb01?step=1&colorchg=1&check2858=Y&co_id=6505&year=&seamon=&mtype=A
6505,2023,COMPLETED_FROM_VALID_ALL_YEAR_CACHE,4,4,0,6505_ALL_AVAILABLE_YEARS_MOPS_t57sb01.html,6505_ALL_AVAILABLE_YEARS_MOPS_t57sb01.metadata.json,143f296427d0b455f042866222c769164849629c90614edd06efa8adec03cb3c,88d71e006b4f93680a1e7bdc51e7f8fcd06d4425624b6eadfb59148d68585ef4,2026-09-04T08:38:16.124094+00:00,https://doc.twse.com.tw/server-java/t57sb01?step=1&colorchg=1&check2858=Y&co_id=6505&year=&seamon=&mtype=A
6505,2024,COMPLETED_FROM_VALID_ALL_YEAR_CACHE,4,4,0,6505_ALL_AVAILABLE_YEARS_MOPS_t57sb01.html,6505_ALL_AVAILABLE_YEARS_MOPS_t57sb01.metadata.json,143f296427d0b455f042866222c769164849629c90614edd06efa8adec03cb3c,88d71e006b4f93680a1e7bdc51e7f8fcd06d4425624b6eadfb59148d68585ef4,2026-09-04T08:38:16.124094+00:00,https://doc.twse.com.tw/server-java/t57sb01?step=1&colorchg=1&check2858=Y&co_id=6505&year=&seamon=&mtype=A
6505,2025,COMPLETED_FROM_VALID_ALL_YEAR_CACHE,4,4,0,6505_ALL_AVAILABLE_YEARS_MOPS_t57sb01.html,6505_ALL_AVAILABLE_YEARS_MOPS_t57sb01.metadata.json,143f296427d0b455f042866222c769164849629c90614edd06efa8adec03cb3c,88d71e006b4f93680a1e7bdc51e7f8fcd06d4425624b6eadfb59148d68585ef4,2026-09-04T08:38:16.124094+00:00,https://doc.twse.com.tw/server-java/t57sb01?step=1&colorchg=1&check2858=Y&co_id=6505&year=&seamon=&mtype=A
6505,2026,COMPLETED_FROM_VALID_ALL_YEAR_CACHE,2,2,0,6505_ALL_AVAILABLE_YEARS_MOPS_t57sb01.html,6505_ALL_AVAILABLE_YEARS_MOPS_t57sb01.metadata.json,143f296427d0b455f042866222c769164849629c90614edd06efa8adec03cb3c,88d71e006b4f93680a1e7bdc51e7f8fcd06d4425624b6eadfb59148d68585ef4,2026-09-04T08:38:16.124094+00:00,https://doc.twse.com.tw/server-java/t57sb01?step=1&colorchg=1&check2858=Y&co_id=6505&year=&seamon=&mtype=A
6669,2016,COMPLETED_FROM_VALID_ALL_YEAR_CACHE,3,1,2,6669_ALL_AVAILABLE_YEARS_MOPS_t57sb01.html,6669_ALL_AVAILABLE_YEARS_MOPS_t57sb01.metadata.json,310525f23037c06124ed3e644ff50f0b4dc995278ca73b6d1ae5fc98b0bea8f4,3fe4a0fc5b0695e2b7e7a2133e53cc5738becdd73a3ff6f8676a112325ba7038,2026-09-04T08:38:16.193928+00:00,https://doc.twse.com.tw/server-java/t57sb01?step=1&colorchg=1&check2858=Y&co_id=6669&year=&seamon=&mtype=A
6669,2017,COMPLETED_FROM_VALID_ALL_YEAR_CACHE,4,2,2,6669_ALL_AVAILABLE_YEARS_MOPS_t57sb01.html,6669_ALL_AVAILABLE_YEARS_MOPS_t57sb01.metadata.json,310525f23037c06124ed3e644ff50f0b4dc995278ca73b6d1ae5fc98b0bea8f4,3fe4a0fc5b0695e2b7e7a2133e53cc5738becdd73a3ff6f8676a112325ba7038,2026-09-04T08:38:16.193928+00:00,https://doc.twse.com.tw/server-java/t57sb01?step=1&colorchg=1&check2858=Y&co_id=6669&year=&seamon=&mtype=A
6669,2018,COMPLETED_FROM_VALID_ALL_YEAR_CACHE,4,4,0,6669_ALL_AVAILABLE_YEARS_MOPS_t57sb01.html,6669_ALL_AVAILABLE_YEARS_MOPS_t57sb01.metadata.json,310525f23037c06124ed3e644ff50f0b4dc995278ca73b6d1ae5fc98b0bea8f4,3fe4a0fc5b0695e2b7e7a2133e53cc5738becdd73a3ff6f8676a112325ba7038,2026-09-04T08:38:16.193928+00:00,https://doc.twse.com.tw/server-java/t57sb01?step=1&colorchg=1&check2858=Y&co_id=6669&year=&seamon=&mtype=A
6669,2019,COMPLETED_FROM_VALID_ALL_YEAR_CACHE,4,4,0,6669_ALL_AVAILABLE_YEARS_MOPS_t57sb01.html,6669_ALL_AVAILABLE_YEARS_MOPS_t57sb01.metadata.json,310525f23037c06124ed3e644ff50f0b4dc995278ca73b6d1ae5fc98b0bea8f4,3fe4a0fc5b0695e2b7e7a2133e53cc5738becdd73a3ff6f8676a112325ba7038,2026-09-04T08:38:16.193928+00:00,https://doc.twse.com.tw/server-java/t57sb01?step=1&colorchg=1&check2858=Y&co_id=6669&year=&seamon=&mtype=A
6669,2020,COMPLETED_FROM_VALID_ALL_YEAR_CACHE,4,4,0,6669_ALL_AVAILABLE_YEARS_MOPS_t57sb01.html,6669_ALL_AVAILABLE_YEARS_MOPS_t57sb01.metadata.json,310525f23037c06124ed3e644ff50f0b4dc995278ca73b6d1ae5fc98b0bea8f4,3fe4a0fc5b0695e2b7e7a2133e53cc5738becdd73a3ff6f8676a112325ba7038,2026-09-04T08:38:16.193928+00:00,https://doc.twse.com.tw/server-java/t57sb01?step=1&colorchg=1&check2858=Y&co_id=6669&year=&seamon=&mtype=A
6669,2021,COMPLETED_FROM_VALID_ALL_YEAR_CACHE,4,4,0,6669_ALL_AVAILABLE_YEARS_MOPS_t57sb01.html,6669_ALL_AVAILABLE_YEARS_MOPS_t57sb01.metadata.json,310525f23037c06124ed3e644ff50f0b4dc995278ca73b6d1ae5fc98b0bea8f4,3fe4a0fc5b0695e2b7e7a2133e53cc5738becdd73a3ff6f8676a112325ba7038,2026-09-04T08:38:16.193928+00:00,https://doc.twse.com.tw/server-java/t57sb01?step=1&colorchg=1&check2858=Y&co_id=6669&year=&seamon=&mtype=A
6669,2022,COMPLETED_FROM_VALID_ALL_YEAR_CACHE,4,4,0,6669_ALL_AVAILABLE_YEARS_MOPS_t57sb01.html,6669_ALL_AVAILABLE_YEARS_MOPS_t57sb01.metadata.json,310525f23037c06124ed3e644ff50f0b4dc995278ca73b6d1ae5fc98b0bea8f4,3fe4a0fc5b0695e2b7e7a2133e53cc5738becdd73a3ff6f8676a112325ba7038,2026-09-04T08:38:16.193928+00:00,https://doc.twse.com.tw/server-java/t57sb01?step=1&colorchg=1&check2858=Y&co_id=6669&year=&seamon=&mtype=A
6669,2023,COMPLETED_FROM_VALID_ALL_YEAR_CACHE,4,4,0,6669_ALL_AVAILABLE_YEARS_MOPS_t57sb01.html,6669_ALL_AVAILABLE_YEARS_MOPS_t57sb01.metadata.json,310525f23037c06124ed3e644ff50f0b4dc995278ca73b6d1ae5fc98b0bea8f4,3fe4a0fc5b0695e2b7e7a2133e53cc5738becdd73a3ff6f8676a112325ba7038,2026-09-04T08:38:16.193928+00:00,https://doc.twse.com.tw/server-java/t57sb01?step=1&colorchg=1&check2858=Y&co_id=6669&year=&seamon=&mtype=A
6669,2024,COMPLETED_FROM_VALID_ALL_YEAR_CACHE,4,4,0,6669_ALL_AVAILABLE_YEARS_MOPS_t57sb01.html,6669_ALL_AVAILABLE_YEARS_MOPS_t57sb01.metadata.json,310525f23037c06124ed3e644ff50f0b4dc995278ca73b6d1ae5fc98b0bea8f4,3fe4a0fc5b0695e2b7e7a2133e53cc5738becdd73a3ff6f8676a112325ba7038,2026-09-04T08:38:16.193928+00:00,https://doc.twse.com.tw/server-java/t57sb01?step=1&colorchg=1&check2858=Y&co_id=6669&year=&seamon=&mtype=A
6669,2025,COMPLETED_FROM_VALID_ALL_YEAR_CACHE,4,4,0,6669_ALL_AVAILABLE_YEARS_MOPS_t57sb01.html,6669_ALL_AVAILABLE_YEARS_MOPS_t57sb01.metadata.json,310525f23037c06124ed3e644ff50f0b4dc995278ca73b6d1ae5fc98b0bea8f4,3fe4a0fc5b0695e2b7e7a2133e53cc5738becdd73a3ff6f8676a112325ba7038,2026-09-04T08:38:16.193928+00:00,https://doc.twse.com.tw/server-java/t57sb01?step=1&colorchg=1&check2858=Y&co_id=6669&year=&seamon=&mtype=A
6669,2026,COMPLETED_FROM_VALID_ALL_YEAR_CACHE,2,2,0,6669_ALL_AVAILABLE_YEARS_MOPS_t57sb01.html,6669_ALL_AVAILABLE_YEARS_MOPS_t57sb01.metadata.json,310525f23037c06124ed3e644ff50f0b4dc995278ca73b6d1ae5fc98b0bea8f4,3fe4a0fc5b0695e2b7e7a2133e53cc5738becdd73a3ff6f8676a112325ba7038,2026-09-04T08:38:16.193928+00:00,https://doc.twse.com.tw/server-java/t57sb01?step=1&colorchg=1&check2858=Y&co_id=6669&year=&seamon=&mtype=A
7769,2022,COMPLETED_FROM_VALID_ALL_YEAR_CACHE,1,0,1,7769_ALL_AVAILABLE_YEARS_MOPS_t57sb01.html,7769_ALL_AVAILABLE_YEARS_MOPS_t57sb01.metadata.json,ee650e2b6ece0f598169150e13e75840ae97c590d0afb454996613954de003ef,df0e9371509e48bf909ed6451e37b344a6378346d931d39d2ddaed76e3595b3e,2026-09-04T08:38:15.511097+00:00,https://doc.twse.com.tw/server-java/t57sb01?step=1&colorchg=1&check2858=Y&co_id=7769&year=&seamon=&mtype=A
7769,2023,COMPLETED_FROM_VALID_ALL_YEAR_CACHE,4,1,3,7769_ALL_AVAILABLE_YEARS_MOPS_t57sb01.html,7769_ALL_AVAILABLE_YEARS_MOPS_t57sb01.metadata.json,ee650e2b6ece0f598169150e13e75840ae97c590d0afb454996613954de003ef,df0e9371509e48bf909ed6451e37b344a6378346d931d39d2ddaed76e3595b3e,2026-09-04T08:38:15.511097+00:00,https://doc.twse.com.tw/server-java/t57sb01?step=1&colorchg=1&check2858=Y&co_id=7769&year=&seamon=&mtype=A
7769,2024,COMPLETED_FROM_VALID_ALL_YEAR_CACHE,4,2,2,7769_ALL_AVAILABLE_YEARS_MOPS_t57sb01.html,7769_ALL_AVAILABLE_YEARS_MOPS_t57sb01.metadata.json,ee650e2b6ece0f598169150e13e75840ae97c590d0afb454996613954de003ef,df0e9371509e48bf909ed6451e37b344a6378346d931d39d2ddaed76e3595b3e,2026-09-04T08:38:15.511097+00:00,https://doc.twse.com.tw/server-java/t57sb01?step=1&colorchg=1&check2858=Y&co_id=7769&year=&seamon=&mtype=A
7769,2025,COMPLETED_FROM_VALID_ALL_YEAR_CACHE,4,4,0,7769_ALL_AVAILABLE_YEARS_MOPS_t57sb01.html,7769_ALL_AVAILABLE_YEARS_MOPS_t57sb01.metadata.json,ee650e2b6ece0f598169150e13e75840ae97c590d0afb454996613954de003ef,df0e9371509e48bf909ed6451e37b344a6378346d931d39d2ddaed76e3595b3e,2026-09-04T08:38:15.511097+00:00,https://doc.twse.com.tw/server-java/t57sb01?step=1&colorchg=1&check2858=Y&co_id=7769&year=&seamon=&mtype=A
7769,2026,COMPLETED_FROM_VALID_ALL_YEAR_CACHE,2,2,0,7769_ALL_AVAILABLE_YEARS_MOPS_t57sb01.html,7769_ALL_AVAILABLE_YEARS_MOPS_t57sb01.metadata.json,ee650e2b6ece0f598169150e13e75840ae97c590d0afb454996613954de003ef,df0e9371509e48bf909ed6451e37b344a6378346d931d39d2ddaed76e3595b3e,2026-09-04T08:38:15.511097+00:00,https://doc.twse.com.tw/server-java/t57sb01?step=1&colorchg=1&check2858=Y&co_id=7769&year=&seamon=&mtype=A
8046,2016,COMPLETED_FROM_VALID_ALL_YEAR_CACHE,4,4,0,8046_ALL_AVAILABLE_YEARS_MOPS_t57sb01.html,8046_ALL_AVAILABLE_YEARS_MOPS_t57sb01.metadata.json,1074d102fe086ae2da205d848c3a8f54e0aff8a96dd82bd78c6997184f3b2ff4,2db6ca1f4819ba79d5298e0501201e24f1224c4592bace3641e9d68df1eb59e5,2026-09-04T08:38:15.746354+00:00,https://doc.twse.com.tw/server-java/t57sb01?step=1&colorchg=1&check2858=Y&co_id=8046&year=&seamon=&mtype=A
8046,2017,COMPLETED_FROM_VALID_ALL_YEAR_CACHE,4,4,0,8046_ALL_AVAILABLE_YEARS_MOPS_t57sb01.html,8046_ALL_AVAILABLE_YEARS_MOPS_t57sb01.metadata.json,1074d102fe086ae2da205d848c3a8f54e0aff8a96dd82bd78c6997184f3b2ff4,2db6ca1f4819ba79d5298e0501201e24f1224c4592bace3641e9d68df1eb59e5,2026-09-04T08:38:15.746354+00:00,https://doc.twse.com.tw/server-java/t57sb01?step=1&colorchg=1&check2858=Y&co_id=8046&year=&seamon=&mtype=A
8046,2018,COMPLETED_FROM_VALID_ALL_YEAR_CACHE,4,4,0,8046_ALL_AVAILABLE_YEARS_MOPS_t57sb01.html,8046_ALL_AVAILABLE_YEARS_MOPS_t57sb01.metadata.json,1074d102fe086ae2da205d848c3a8f54e0aff8a96dd82bd78c6997184f3b2ff4,2db6ca1f4819ba79d5298e0501201e24f1224c4592bace3641e9d68df1eb59e5,2026-09-04T08:38:15.746354+00:00,https://doc.twse.com.tw/server-java/t57sb01?step=1&colorchg=1&check2858=Y&co_id=8046&year=&seamon=&mtype=A
8046,2019,COMPLETED_FROM_VALID_ALL_YEAR_CACHE,4,4,0,8046_ALL_AVAILABLE_YEARS_MOPS_t57sb01.html,8046_ALL_AVAILABLE_YEARS_MOPS_t57sb01.metadata.json,1074d102fe086ae2da205d848c3a8f54e0aff8a96dd82bd78c6997184f3b2ff4,2db6ca1f4819ba79d5298e0501201e24f1224c4592bace3641e9d68df1eb59e5,2026-09-04T08:38:15.746354+00:00,https://doc.twse.com.tw/server-java/t57sb01?step=1&colorchg=1&check2858=Y&co_id=8046&year=&seamon=&mtype=A
8046,2020,COMPLETED_FROM_VALID_ALL_YEAR_CACHE,4,4,0,8046_ALL_AVAILABLE_YEARS_MOPS_t57sb01.html,8046_ALL_AVAILABLE_YEARS_MOPS_t57sb01.metadata.json,1074d102fe086ae2da205d848c3a8f54e0aff8a96dd82bd78c6997184f3b2ff4,2db6ca1f4819ba79d5298e0501201e24f1224c4592bace3641e9d68df1eb59e5,2026-09-04T08:38:15.746354+00:00,https://doc.twse.com.tw/server-java/t57sb01?step=1&colorchg=1&check2858=Y&co_id=8046&year=&seamon=&mtype=A
8046,2021,COMPLETED_FROM_VALID_ALL_YEAR_CACHE,4,4,0,8046_ALL_AVAILABLE_YEARS_MOPS_t57sb01.html,8046_ALL_AVAILABLE_YEARS_MOPS_t57sb01.metadata.json,1074d102fe086ae2da205d848c3a8f54e0aff8a96dd82bd78c6997184f3b2ff4,2db6ca1f4819ba79d5298e0501201e24f1224c4592bace3641e9d68df1eb59e5,2026-09-04T08:38:15.746354+00:00,https://doc.twse.com.tw/server-java/t57sb01?step=1&colorchg=1&check2858=Y&co_id=8046&year=&seamon=&mtype=A
8046,2022,COMPLETED_FROM_VALID_ALL_YEAR_CACHE,4,4,0,8046_ALL_AVAILABLE_YEARS_MOPS_t57sb01.html,8046_ALL_AVAILABLE_YEARS_MOPS_t57sb01.metadata.json,1074d102fe086ae2da205d848c3a8f54e0aff8a96dd82bd78c6997184f3b2ff4,2db6ca1f4819ba79d5298e0501201e24f1224c4592bace3641e9d68df1eb59e5,2026-09-04T08:38:15.746354+00:00,https://doc.twse.com.tw/server-java/t57sb01?step=1&colorchg=1&check2858=Y&co_id=8046&year=&seamon=&mtype=A
8046,2023,COMPLETED_FROM_VALID_ALL_YEAR_CACHE,4,4,0,8046_ALL_AVAILABLE_YEARS_MOPS_t57sb01.html,8046_ALL_AVAILABLE_YEARS_MOPS_t57sb01.metadata.json,1074d102fe086ae2da205d848c3a8f54e0aff8a96dd82bd78c6997184f3b2ff4,2db6ca1f4819ba79d5298e0501201e24f1224c4592bace3641e9d68df1eb59e5,2026-09-04T08:38:15.746354+00:00,https://doc.twse.com.tw/server-java/t57sb01?step=1&colorchg=1&check2858=Y&co_id=8046&year=&seamon=&mtype=A
8046,2024,COMPLETED_FROM_VALID_ALL_YEAR_CACHE,4,4,0,8046_ALL_AVAILABLE_YEARS_MOPS_t57sb01.html,8046_ALL_AVAILABLE_YEARS_MOPS_t57sb01.metadata.json,1074d102fe086ae2da205d848c3a8f54e0aff8a96dd82bd78c6997184f3b2ff4,2db6ca1f4819ba79d5298e0501201e24f1224c4592bace3641e9d68df1eb59e5,2026-09-04T08:38:15.746354+00:00,https://doc.twse.com.tw/server-java/t57sb01?step=1&colorchg=1&check2858=Y&co_id=8046&year=&seamon=&mtype=A
8046,2025,COMPLETED_FROM_VALID_ALL_YEAR_CACHE,4,4,0,8046_ALL_AVAILABLE_YEARS_MOPS_t57sb01.html,8046_ALL_AVAILABLE_YEARS_MOPS_t57sb01.metadata.json,1074d102fe086ae2da205d848c3a8f54e0aff8a96dd82bd78c6997184f3b2ff4,2db6ca1f4819ba79d5298e0501201e24f1224c4592bace3641e9d68df1eb59e5,2026-09-04T08:38:15.746354+00:00,https://doc.twse.com.tw/server-java/t57sb01?step=1&colorchg=1&check2858=Y&co_id=8046&year=&seamon=&mtype=A
8046,2026,COMPLETED_FROM_VALID_ALL_YEAR_CACHE,2,2,0,8046_ALL_AVAILABLE_YEARS_MOPS_t57sb01.html,8046_ALL_AVAILABLE_YEARS_MOPS_t57sb01.metadata.json,1074d102fe086ae2da205d848c3a8f54e0aff8a96dd82bd78c6997184f3b2ff4,2db6ca1f4819ba79d5298e0501201e24f1224c4592bace3641e9d68df1eb59e5,2026-09-04T08:38:15.746354+00:00,https://doc.twse.com.tw/server-java/t57sb01?step=1&colorchg=1&check2858=Y&co_id=8046&year=&seamon=&mtype=A
