path,scope,kind,status,reason_code,bytes,sha256
1216_2016_MOPS_t57sb01.html,LEGACY_PER_YEAR,HTML,VALID_MOPS_RESPONSE,VALID_MOPS_ARCHIVE_RESPONSE,7867,cfad7f645818a27f97974d74c6e09fe8b9f777fafaac16fadddcd4f581f94209
1216_2016_MOPS_t57sb01.metadata.json,LEGACY_PER_YEAR,METADATA,VALID_JSON_METADATA,CACHE_METADATA_PRESENT,180,08d03006079f681ffa0a0fe9fcdcec1cca1d85436f414d5e8d229456ae40f3c4
1216_2017_MOPS_t57sb01.html,LEGACY_PER_YEAR,HTML,VALID_MOPS_RESPONSE,VALID_MOPS_ARCHIVE_RESPONSE,7867,380be4d6afd449e01fedd99e40d9f4284758b10c9e62ca1b6b5c6a9fe2c905a9
1216_2017_MOPS_t57sb01.metadata.json,LEGACY_PER_YEAR,METADATA,VALID_JSON_METADATA,CACHE_METADATA_PRESENT,180,486808717b07813cf27c84da41b07c28bec18b8d0cbe334a4a49f8e759b71c8f
1216_2018_MOPS_t57sb01.html,LEGACY_PER_YEAR,HTML,VALID_MOPS_RESPONSE,VALID_MOPS_ARCHIVE_RESPONSE,8273,ed9eed09d447a0b61523a389a8c3c75138dada84dbcf45b525aa8bedfea841a0
1216_2018_MOPS_t57sb01.metadata.json,LEGACY_PER_YEAR,METADATA,VALID_JSON_METADATA,CACHE_METADATA_PRESENT,180,d14446bf4f7c7f3c096e83e80acda9074741d42909d7b306860770b74983fc54
1216_2019_MOPS_t57sb01.html,LEGACY_PER_YEAR,HTML,VALID_MOPS_RESPONSE,VALID_MOPS_ARCHIVE_RESPONSE,7867,cf2de74349b76d05a557d6549e68bea5652102ea92e8fa724b5522242177e835
1216_2019_MOPS_t57sb01.metadata.json,LEGACY_PER_YEAR,METADATA,VALID_JSON_METADATA,CACHE_METADATA_PRESENT,180,c9b1e1e71adc98d9c8609252963994f6fd7bb5fdf97ae5fcea76857447f2b3f7
1216_2020_MOPS_t57sb01.html,LEGACY_PER_YEAR,HTML,VALID_MOPS_RESPONSE,VALID_MOPS_ARCHIVE_RESPONSE,7867,eebeac65da1ef71ca1f5b163f5d5498a48f45ba3ecefc1ebd39a5d9582321685
1216_2020_MOPS_t57sb01.metadata.json,LEGACY_PER_YEAR,METADATA,VALID_JSON_METADATA,CACHE_METADATA_PRESENT,180,b25c6b82e47740777776f1458e0ff332cd1e3b7f8cf8b4fe9232594c7603c296
1216_2021_MOPS_t57sb01.html,LEGACY_PER_YEAR,HTML,VALID_MOPS_RESPONSE,VALID_MOPS_ARCHIVE_RESPONSE,7867,18db36523bd170c52e99f08c96b630935e7e46f9b6d024d2570460ba07cf909c
1216_2021_MOPS_t57sb01.metadata.json,LEGACY_PER_YEAR,METADATA,VALID_JSON_METADATA,CACHE_METADATA_PRESENT,180,f7bdf8d5d76f1071050f38fc3cd5b23abf3f1a710ec69899482fec126494e614
1216_2022_MOPS_t57sb01.html,LEGACY_PER_YEAR,HTML,VALID_MOPS_RESPONSE,VALID_MOPS_ARCHIVE_RESPONSE,7867,f66cb2d4c4891081a1cb8e7b868d85ebba5fe34f15a951d60015e22ac45013a6
1216_2022_MOPS_t57sb01.metadata.json,LEGACY_PER_YEAR,METADATA,VALID_JSON_METADATA,CACHE_METADATA_PRESENT,180,e2415c3b4fc967219a8db7fde431063f1305054a4df3196ab81247e86acc21ae
1216_2023_MOPS_t57sb01.html,LEGACY_PER_YEAR,HTML,VALID_MOPS_RESPONSE,VALID_MOPS_ARCHIVE_RESPONSE,9491,2bc54e68fb9c3195865fa9d5e6d51084d2281c2e76a87b9f3760a93d368d8841
1216_2023_MOPS_t57sb01.metadata.json,LEGACY_PER_YEAR,METADATA,VALID_JSON_METADATA,CACHE_METADATA_PRESENT,180,6a58c205d4fc1fbeda2f00638e114980a53eaaf3f8bba79cee7a5b14dc8dbd25
1216_2024_MOPS_t57sb01.html,LEGACY_PER_YEAR,HTML,VALID_MOPS_RESPONSE,VALID_MOPS_ARCHIVE_RESPONSE,9897,8a9f373b7cde79b317486aea0c4c419c730398835e3fd31c52aadf331ebc87db
1216_2024_MOPS_t57sb01.metadata.json,LEGACY_PER_YEAR,METADATA,VALID_JSON_METADATA,CACHE_METADATA_PRESENT,180,10fdb250f8c287a9429699440191b2ef91f033c27fed895cf62174364e200600
1216_2025_MOPS_t57sb01.html,LEGACY_PER_YEAR,HTML,VALID_MOPS_RESPONSE,VALID_MOPS_ARCHIVE_RESPONSE,9085,de9bf5f6aa7da66fadc90efac13d98e7241f0e0ced48e9925488de6c305617b7
1216_2025_MOPS_t57sb01.metadata.json,LEGACY_PER_YEAR,METADATA,VALID_JSON_METADATA,CACHE_METADATA_PRESENT,180,9f5adfdc61219e854441aec49ef10de113dcac6878d74f2d5ea91f373825cd5a
1216_2026_MOPS_t57sb01.html,LEGACY_PER_YEAR,HTML,VALID_MOPS_RESPONSE,VALID_MOPS_ARCHIVE_RESPONSE,4584,71eb375eed79b8cb0ddee3da4b3c9b9d56274bec6648847ec30e3d4eeab017d4
1216_2026_MOPS_t57sb01.metadata.json,LEGACY_PER_YEAR,METADATA,VALID_JSON_METADATA,CACHE_METADATA_PRESENT,180,7cb011a80113d0c099df9d6c5e500275243b0444b7b0077d3e9d58ef9721e983
1216_ALL_AVAILABLE_YEARS_MOPS_t57sb01.html,ACTIVE_ALL_YEAR,HTML,VALID_MOPS_RESPONSE,VALID_MOPS_ARCHIVE_RESPONSE,142163,a2acdaf91fb4ab24b6447298e620d4c43859d0d46f581bab58fa44bfff0ef2ee
1216_ALL_AVAILABLE_YEARS_MOPS_t57sb01.metadata.json,ACTIVE_ALL_YEAR,METADATA,VALID_JSON_METADATA,CACHE_METADATA_PRESENT,189,07d6d8f950a56fe3bdc7832a006821da490e49bef0454cfd1c2ea4c58df495f1
1303_2016_MOPS_t57sb01.html,LEGACY_PER_YEAR,HTML,VALID_MOPS_RESPONSE,VALID_MOPS_ARCHIVE_RESPONSE,7867,07b14bd57987d60ea54ae34c59c233726fba5f3c62c2581c50eeaab71511d8a8
1303_2016_MOPS_t57sb01.metadata.json,LEGACY_PER_YEAR,METADATA,VALID_JSON_METADATA,CACHE_METADATA_PRESENT,180,6c70869affc14fbd9df952f5fbc6a42ba37230d89f9a06cb4245c2f73b930990
1303_2017_MOPS_t57sb01.html,LEGACY_PER_YEAR,HTML,VALID_MOPS_RESPONSE,VALID_MOPS_ARCHIVE_RESPONSE,8273,59ac55d26bbdaa1f6ec0943006f517f8921fe98eb31e1a4230fc41284ba3f2c7
1303_2017_MOPS_t57sb01.metadata.json,LEGACY_PER_YEAR,METADATA,VALID_JSON_METADATA,CACHE_METADATA_PRESENT,180,2aa4966fa1bbf82d1617f76b8e8561101ecc915df20f1fc9699918ea0a9088be
1303_2018_MOPS_t57sb01.html,LEGACY_PER_YEAR,HTML,VALID_MOPS_RESPONSE,VALID_MOPS_ARCHIVE_RESPONSE,7867,61f0f64b6ae48899e7b9a931d52b717b58dbbb06524022127ad7d5755fafa0ce
1303_2018_MOPS_t57sb01.metadata.json,LEGACY_PER_YEAR,METADATA,VALID_JSON_METADATA,CACHE_METADATA_PRESENT,180,76ac51d28a38c8ceb1347c55c3d99534cecf40c6523d33d777d05ec3bf68e40a
1303_2019_MOPS_t57sb01.html,LEGACY_PER_YEAR,HTML,VALID_MOPS_RESPONSE,VALID_MOPS_ARCHIVE_RESPONSE,8679,328e92963cf9636a64e53ca3791618f220c01c86261dfdbe72bdafdd3d8b24f8
1303_2019_MOPS_t57sb01.metadata.json,LEGACY_PER_YEAR,METADATA,VALID_JSON_METADATA,CACHE_METADATA_PRESENT,180,82fac2e38c8209b06edd19f18ca42762870be269c58ed43c125c68a45e7c2dab
1303_2020_MOPS_t57sb01.html,LEGACY_PER_YEAR,HTML,VALID_MOPS_RESPONSE,VALID_MOPS_ARCHIVE_RESPONSE,7867,0f0197f03cf6077f1ab55c57cb3aecb6ecb14d4975c81f7d4eabf4f3989243fc
1303_2020_MOPS_t57sb01.metadata.json,LEGACY_PER_YEAR,METADATA,VALID_JSON_METADATA,CACHE_METADATA_PRESENT,180,fb47e702514f954d03c96edb6fd3bea7faab5ccf0d187c89ef96fcdd970e14cc
1303_2021_MOPS_t57sb01.html,LEGACY_PER_YEAR,HTML,VALID_MOPS_RESPONSE,VALID_MOPS_ARCHIVE_RESPONSE,8070,e616d368075b365b4c111466ea849c78419ee60df8b1b6bfac245207bb1b8e1d
1303_2021_MOPS_t57sb01.metadata.json,LEGACY_PER_YEAR,METADATA,VALID_JSON_METADATA,CACHE_METADATA_PRESENT,180,e9893126a2279409cffe461bc8e49e5c31f91c24d41c074cb4669ef31af9ceed
1303_2022_MOPS_t57sb01.html,LEGACY_PER_YEAR,HTML,VALID_MOPS_RESPONSE,VALID_MOPS_ARCHIVE_RESPONSE,8070,ccedcc8b33d76754301f263b10e801084fed8b5dc3964ff1138b1c26f3e33418
1303_2022_MOPS_t57sb01.metadata.json,LEGACY_PER_YEAR,METADATA,VALID_JSON_METADATA,CACHE_METADATA_PRESENT,180,b519d95005f20f415f27365c097e70f164cf62a535c8dea1bcae9ba824971ccc
1303_2023_MOPS_t57sb01.html,LEGACY_PER_YEAR,HTML,VALID_MOPS_RESPONSE,VALID_MOPS_ARCHIVE_RESPONSE,7867,81a304cf73f683013932151997a35bf1e52836b08925bdb756c5dd828b7ef77a
1303_2023_MOPS_t57sb01.metadata.json,LEGACY_PER_YEAR,METADATA,VALID_JSON_METADATA,CACHE_METADATA_PRESENT,180,ed0dd58d8f7df47a68dd9a87d945b3014fff8203db562becae0c58129ff6530c
1303_2024_MOPS_t57sb01.html,LEGACY_PER_YEAR,HTML,VALID_MOPS_RESPONSE,VALID_MOPS_ARCHIVE_RESPONSE,7867,4986ec90ddb0366878ac051259e55e1df1ce544285556ddb716e6c71d7e00d0e
1303_2024_MOPS_t57sb01.metadata.json,LEGACY_PER_YEAR,METADATA,VALID_JSON_METADATA,CACHE_METADATA_PRESENT,180,63b73b94e67ab720eb45a991286377b2b6ea89396a72611276776269dd5dd1f4
1303_2025_MOPS_t57sb01.html,LEGACY_PER_YEAR,HTML,VALID_MOPS_RESPONSE,VALID_MOPS_ARCHIVE_RESPONSE,7867,8c363fe9858f5cc368153c0d0ec3edba9be75129ac3e6bef2b218f9517e7ea5a
1303_2025_MOPS_t57sb01.metadata.json,LEGACY_PER_YEAR,METADATA,VALID_JSON_METADATA,CACHE_METADATA_PRESENT,180,69ecb08aa3509dc034ada3043de5f8ed674f0d7dd7e440e060a0f1bd8cff1ca6
1303_2026_MOPS_t57sb01.html,LEGACY_PER_YEAR,HTML,VALID_MOPS_RESPONSE,VALID_MOPS_ARCHIVE_RESPONSE,4584,cef529dee21bf52c3de3567428e4bc750017f77f7551de2e043ea76496dbf0fd
1303_2026_MOPS_t57sb01.metadata.json,LEGACY_PER_YEAR,METADATA,VALID_JSON_METADATA,CACHE_METADATA_PRESENT,180,822bc37f460e0072fee279dd58e7678e542a3ef1bb572a0b0acb13fd4d025ae3
1303_ALL_AVAILABLE_YEARS_MOPS_t57sb01.html,ACTIVE_ALL_YEAR,HTML,VALID_MOPS_RESPONSE,VALID_MOPS_ARCHIVE_RESPONSE,105026,b7d517ffb13c91a235a929efe26cfb2859fe8c39b3a7d8f8742abfe9b08f36e7
1303_ALL_AVAILABLE_YEARS_MOPS_t57sb01.metadata.json,ACTIVE_ALL_YEAR,METADATA,VALID_JSON_METADATA,CACHE_METADATA_PRESENT,189,16f2576e4acbd7d0def947a98eed8f85842c47347211d15a3eb886cc7f289132
2059_2016_MOPS_t57sb01.html,LEGACY_PER_YEAR,HTML,INVALID_MOPS_RESPONSE,MOPS_RATE_LIMIT_RESPONSE,469,7f87fe0bce6b6c13fc2a88e7bf9ab00bed8d411eb6291fbbfcf3a1ade79248a2
2059_2016_MOPS_t57sb01.metadata.json,LEGACY_PER_YEAR,METADATA,VALID_JSON_METADATA,CACHE_METADATA_PRESENT,180,6d1e7ae7524ca2b36c992c6e1bf96fa2e1a1c54e0cc806d8c61968afdb7774e1
2059_2017_MOPS_t57sb01.html,LEGACY_PER_YEAR,HTML,VALID_MOPS_RESPONSE,VALID_MOPS_ARCHIVE_RESPONSE,5507,84cfbcffc4d611d6610443ba012f3fe950fa91a6995aae221c64ec39715c91d0
2059_2017_MOPS_t57sb01.metadata.json,LEGACY_PER_YEAR,METADATA,VALID_JSON_METADATA,CACHE_METADATA_PRESENT,180,91d9c74136ad9459acc15a08daba7c58cf07e578097bc264df540de51785eba6
2059_2018_MOPS_t57sb01.html,LEGACY_PER_YEAR,HTML,INVALID_MOPS_RESPONSE,MOPS_RATE_LIMIT_RESPONSE,469,7f87fe0bce6b6c13fc2a88e7bf9ab00bed8d411eb6291fbbfcf3a1ade79248a2
2059_2018_MOPS_t57sb01.metadata.json,LEGACY_PER_YEAR,METADATA,VALID_JSON_METADATA,CACHE_METADATA_PRESENT,180,eea61593fcf6ddea0f113a2d2c0a55c766ad797fa73ac3569307e30c6920b6a7
2059_2019_MOPS_t57sb01.html,LEGACY_PER_YEAR,HTML,VALID_MOPS_RESPONSE,VALID_MOPS_ARCHIVE_RESPONSE,6857,23d1a46b58c42d0200a67e8893bf2a0aa2be4b7f5fd17d507e1a6b5646179329
2059_2019_MOPS_t57sb01.metadata.json,LEGACY_PER_YEAR,METADATA,VALID_JSON_METADATA,CACHE_METADATA_PRESENT,180,67ed34059fb841835443512e3e3695b46ff5c29c7a241223e9d1766fb185d513
2059_2020_MOPS_t57sb01.html,LEGACY_PER_YEAR,HTML,INVALID_MOPS_RESPONSE,MOPS_RATE_LIMIT_RESPONSE,469,7f87fe0bce6b6c13fc2a88e7bf9ab00bed8d411eb6291fbbfcf3a1ade79248a2
2059_2020_MOPS_t57sb01.metadata.json,LEGACY_PER_YEAR,METADATA,VALID_JSON_METADATA,CACHE_METADATA_PRESENT,180,3aec3d76484835b050469736faee76bb18e015489c892c67729f5cc5bfa016df
2059_2021_MOPS_t57sb01.html,LEGACY_PER_YEAR,HTML,INVALID_MOPS_RESPONSE,MOPS_RATE_LIMIT_RESPONSE,469,7f87fe0bce6b6c13fc2a88e7bf9ab00bed8d411eb6291fbbfcf3a1ade79248a2
2059_2021_MOPS_t57sb01.metadata.json,LEGACY_PER_YEAR,METADATA,VALID_JSON_METADATA,CACHE_METADATA_PRESENT,180,50f3b67ad242cf9878fab75bc171327d9ded89463da8c9d6143a4680f7b847ae
2059_2022_MOPS_t57sb01.html,LEGACY_PER_YEAR,HTML,VALID_MOPS_RESPONSE,VALID_MOPS_ARCHIVE_RESPONSE,6451,dffcdf49552012cc56f1e21ce6d4c0c3ae1eb2ecae48ff18020405772457c248
2059_2022_MOPS_t57sb01.metadata.json,LEGACY_PER_YEAR,METADATA,VALID_JSON_METADATA,CACHE_METADATA_PRESENT,180,0cb0f3dd60719382c6df450aaec7e893e80aa1e74fa54e59b71d9622e769952a
2059_2023_MOPS_t57sb01.html,LEGACY_PER_YEAR,HTML,VALID_MOPS_RESPONSE,VALID_MOPS_ARCHIVE_RESPONSE,6451,cd567bd4bbc49194a15ea519c2e690f484d699357715db33e05b5fbaa72c3aa0
2059_2023_MOPS_t57sb01.metadata.json,LEGACY_PER_YEAR,METADATA,VALID_JSON_METADATA,CACHE_METADATA_PRESENT,180,3c050f4f408cb4b4b9f6ca58e6556af0cc1d9399b3667927b668ab24122e3dc6
2059_2024_MOPS_t57sb01.html,LEGACY_PER_YEAR,HTML,VALID_MOPS_RESPONSE,VALID_MOPS_ARCHIVE_RESPONSE,6451,78db88dd1f3bf7a404f962f15e016812f2170fafc176eaf41572ba2b02dc534b
2059_2024_MOPS_t57sb01.metadata.json,LEGACY_PER_YEAR,METADATA,VALID_JSON_METADATA,CACHE_METADATA_PRESENT,180,1f71021e29d44d9f1492ef27645e523b3b2b14f52edbdff5590468bf5e5ac2f6
2059_2025_MOPS_t57sb01.html,LEGACY_PER_YEAR,HTML,VALID_MOPS_RESPONSE,VALID_MOPS_ARCHIVE_RESPONSE,6451,c6ae573094ef2f9ebaef2ea2756dc0f303cdd1b52b60ea0d3fa93d11e1f68773
2059_2025_MOPS_t57sb01.metadata.json,LEGACY_PER_YEAR,METADATA,VALID_JSON_METADATA,CACHE_METADATA_PRESENT,180,a9873e3caa269c19cd44775fc10b7a074c8ae8e2272c2ca620ec4d95f027976a
2059_2026_MOPS_t57sb01.html,LEGACY_PER_YEAR,HTML,VALID_MOPS_RESPONSE,VALID_MOPS_ARCHIVE_RESPONSE,4112,074cdb5b3336cb74c3aeb9cb768dd8586f350d8cf4ae8c13a745c5c1f8e74c8f
2059_2026_MOPS_t57sb01.metadata.json,LEGACY_PER_YEAR,METADATA,VALID_JSON_METADATA,CACHE_METADATA_PRESENT,180,d7b0887d51ca0311850b4421299003e837e098ce0aaac50243a211eb27eab092
2059_ALL_AVAILABLE_YEARS_MOPS_t57sb01.html,ACTIVE_ALL_YEAR,HTML,VALID_MOPS_RESPONSE,VALID_MOPS_ARCHIVE_RESPONSE,70988,fc8bb0fd25f6bf67b42b7612b595de065b7b41a03700ee64862266832c44ab58
2059_ALL_AVAILABLE_YEARS_MOPS_t57sb01.metadata.json,ACTIVE_ALL_YEAR,METADATA,VALID_JSON_METADATA,CACHE_METADATA_PRESENT,189,6d9712af133cfe877a550241b5c285e6b270dc6c765051800ecc2bd3c8061e79
2301_2016_MOPS_t57sb01.html,LEGACY_PER_YEAR,HTML,VALID_MOPS_RESPONSE,VALID_MOPS_ARCHIVE_RESPONSE,7869,503f529536d7d4b7d71fe4e34c3bdcd53029b7de936c35bf6777421eadbea759
2301_2016_MOPS_t57sb01.metadata.json,LEGACY_PER_YEAR,METADATA,VALID_JSON_METADATA,CACHE_METADATA_PRESENT,180,6cf3599dfa412dd30c0e25d737405f0b50f0acdc1b2a6335d6b823665bc4339a
2301_2017_MOPS_t57sb01.html,LEGACY_PER_YEAR,HTML,VALID_MOPS_RESPONSE,VALID_MOPS_ARCHIVE_RESPONSE,7869,1aae7db9615e2243485a4c906d526212c613f9ef4c0445e9ea8f9d4b6027e28b
2301_2017_MOPS_t57sb01.metadata.json,LEGACY_PER_YEAR,METADATA,VALID_JSON_METADATA,CACHE_METADATA_PRESENT,180,5e48fd0840096280ff32b24717ef766a8a9f524513baff1aabf3d39434829dc9
2301_2018_MOPS_t57sb01.html,LEGACY_PER_YEAR,HTML,VALID_MOPS_RESPONSE,VALID_MOPS_ARCHIVE_RESPONSE,8275,3f846bcb08cd39b5e9d4334190d11c58a93cbf00724592375756c80ff63e2d09
2301_2018_MOPS_t57sb01.metadata.json,LEGACY_PER_YEAR,METADATA,VALID_JSON_METADATA,CACHE_METADATA_PRESENT,180,4768918b8a4ef7e0d13aeb70aa825b3b3954ab781de2ffe9e21e7944b1ca74c7
2301_2019_MOPS_t57sb01.html,LEGACY_PER_YEAR,HTML,VALID_MOPS_RESPONSE,VALID_MOPS_ARCHIVE_RESPONSE,7869,603666a566e349b6d973a3409c48e616dae251aa312963f0beb2e94a5aeaa9d7
2301_2019_MOPS_t57sb01.metadata.json,LEGACY_PER_YEAR,METADATA,VALID_JSON_METADATA,CACHE_METADATA_PRESENT,180,a11fd1ebb9e901b2fbb86b53c079ebe673f93e1a9983837422b5ec96f49b94d7
2301_2020_MOPS_t57sb01.html,LEGACY_PER_YEAR,HTML,VALID_MOPS_RESPONSE,VALID_MOPS_ARCHIVE_RESPONSE,7869,30f80593bb9dbb7d7c6666e6b967a5c7453bdbf0284865492d025e6567749217
2301_2020_MOPS_t57sb01.metadata.json,LEGACY_PER_YEAR,METADATA,VALID_JSON_METADATA,CACHE_METADATA_PRESENT,180,7906279cb6e93eca1e310f4bd4a961698461707bfdf497568b2140d2405862cd
2301_2021_MOPS_t57sb01.html,LEGACY_PER_YEAR,HTML,VALID_MOPS_RESPONSE,VALID_MOPS_ARCHIVE_RESPONSE,7869,be3773aa87522d7839e0cce45e0486110abe6ecde3945bb8f9e1430a8c66b54c
2301_2021_MOPS_t57sb01.metadata.json,LEGACY_PER_YEAR,METADATA,VALID_JSON_METADATA,CACHE_METADATA_PRESENT,180,aba66211e43eaa8bcca0d118438d8e9b7f3d44c185c063f328268cade5e68d3a
2301_2022_MOPS_t57sb01.html,LEGACY_PER_YEAR,HTML,VALID_MOPS_RESPONSE,VALID_MOPS_ARCHIVE_RESPONSE,7869,9548454b1a3536780eb0acddd39a026825ef1ac230f0ae13e427aed876042330
2301_2022_MOPS_t57sb01.metadata.json,LEGACY_PER_YEAR,METADATA,VALID_JSON_METADATA,CACHE_METADATA_PRESENT,180,63aba8fcdc968b959ac196edcd31207de6955f2604ebaaabaa30f29bbd555a2a
2301_2023_MOPS_t57sb01.html,LEGACY_PER_YEAR,HTML,VALID_MOPS_RESPONSE,VALID_MOPS_ARCHIVE_RESPONSE,7869,f0cca80b6eae55405eb7967dbe208ea4cd661b3bf49d7b0f65e3d7d0a11981f7
2301_2023_MOPS_t57sb01.metadata.json,LEGACY_PER_YEAR,METADATA,VALID_JSON_METADATA,CACHE_METADATA_PRESENT,180,605abc3be06215d6d617a31e98b0ea09c255a00647a1e680cb10481e1b4b3aaa
2301_2024_MOPS_t57sb01.html,LEGACY_PER_YEAR,HTML,VALID_MOPS_RESPONSE,VALID_MOPS_ARCHIVE_RESPONSE,7869,ccdbbdea2c0dbe65b65304eef25737917b8453e0be754ff294e90dae61a64baa
2301_2024_MOPS_t57sb01.metadata.json,LEGACY_PER_YEAR,METADATA,VALID_JSON_METADATA,CACHE_METADATA_PRESENT,180,2b0429c93d8018c7c17f0eb72cb03e4aa290aeb5904fa0a3a8291131df5f17fe
2301_2025_MOPS_t57sb01.html,LEGACY_PER_YEAR,HTML,VALID_MOPS_RESPONSE,VALID_MOPS_ARCHIVE_RESPONSE,7869,d5d1e49f6241c618a3a58e82d12452b5dacb0b4cb841072e8b2786709969d199
2301_2025_MOPS_t57sb01.metadata.json,LEGACY_PER_YEAR,METADATA,VALID_JSON_METADATA,CACHE_METADATA_PRESENT,180,37b7b25b2a0594a1493ca40a211ed8f6246826bf7efdb847bb42ba01aa7be2c8
2301_2026_MOPS_t57sb01.html,LEGACY_PER_YEAR,HTML,VALID_MOPS_RESPONSE,VALID_MOPS_ARCHIVE_RESPONSE,5058,c9a54b34ad416bfc9bb90124160afef3748c89a0f8775402c0667eac73580a2c
2301_2026_MOPS_t57sb01.metadata.json,LEGACY_PER_YEAR,METADATA,VALID_JSON_METADATA,CACHE_METADATA_PRESENT,180,a587dfc118223f91541c3d9f4eddc831c4b8c312bfd1c31e18b29fd4a1a5b74e
2301_ALL_AVAILABLE_YEARS_MOPS_t57sb01.html,ACTIVE_ALL_YEAR,HTML,VALID_MOPS_RESPONSE,VALID_MOPS_ARCHIVE_RESPONSE,112630,30cda86833c9c2c45fa9264f7f78bc68ed00e741d56c7a5c06e4007838055fcb
2301_ALL_AVAILABLE_YEARS_MOPS_t57sb01.metadata.json,ACTIVE_ALL_YEAR,METADATA,VALID_JSON_METADATA,CACHE_METADATA_PRESENT,189,02d5d05c94e2ccfb88a92b8caf851d440fe73f0a0ceb757f89a05d093b68ccda
2303_2016_MOPS_t57sb01.html,LEGACY_PER_YEAR,HTML,VALID_MOPS_RESPONSE,VALID_MOPS_ARCHIVE_RESPONSE,7395,5a79c40eff4f6ebd779de22985e168055207620d0accdb6540697ff5bc3b3781
2303_2016_MOPS_t57sb01.metadata.json,LEGACY_PER_YEAR,METADATA,VALID_JSON_METADATA,CACHE_METADATA_PRESENT,180,38941a5f0412a450a70f72d07e38649b45c718fd4dd1bdf8b90f69e18b71347b
2303_2017_MOPS_t57sb01.html,LEGACY_PER_YEAR,HTML,VALID_MOPS_RESPONSE,VALID_MOPS_ARCHIVE_RESPONSE,7393,91b74b0f6b7410c17334e6aab4681132dc29480b4ac472a076abf87a97406d6c
2303_2017_MOPS_t57sb01.metadata.json,LEGACY_PER_YEAR,METADATA,VALID_JSON_METADATA,CACHE_METADATA_PRESENT,180,52c6136ddf0661643bde3cece6c5c93837ae402894fd768800a7a31b602b77ed
2303_2018_MOPS_t57sb01.html,LEGACY_PER_YEAR,HTML,VALID_MOPS_RESPONSE,VALID_MOPS_ARCHIVE_RESPONSE,7866,2d969e77c60bb5aab1b91641358d8dfedbdeca2b3aded5d2e6945dfadc3d6823
2303_2018_MOPS_t57sb01.metadata.json,LEGACY_PER_YEAR,METADATA,VALID_JSON_METADATA,CACHE_METADATA_PRESENT,180,3f793c45fd6b68e9c80241139f744b237339659822ccc25478b41c9f44562233
2303_2019_MOPS_t57sb01.html,LEGACY_PER_YEAR,HTML,VALID_MOPS_RESPONSE,VALID_MOPS_ARCHIVE_RESPONSE,7866,29fabad2fffbe168a8bf5458e141b17604cda1cdc0bd102b32187b8d523dd455
2303_2019_MOPS_t57sb01.metadata.json,LEGACY_PER_YEAR,METADATA,VALID_JSON_METADATA,CACHE_METADATA_PRESENT,180,12de497a8c5ffb4212398372d5cd12dd236b4f053f9740b2db49ac537ca5b0f5
2303_2020_MOPS_t57sb01.html,LEGACY_PER_YEAR,HTML,VALID_MOPS_RESPONSE,VALID_MOPS_ARCHIVE_RESPONSE,7867,7e56e23a6b18b5f9328fa57a64c31ed6278f1fc373b0892d1a8ccd2e67b57c09
2303_2020_MOPS_t57sb01.metadata.json,LEGACY_PER_YEAR,METADATA,VALID_JSON_METADATA,CACHE_METADATA_PRESENT,180,6dd1132299a86f3585091735285acf65292434c000bb2df3a7ee73e3810b9eb9
2303_2021_MOPS_t57sb01.html,LEGACY_PER_YEAR,HTML,VALID_MOPS_RESPONSE,VALID_MOPS_ARCHIVE_RESPONSE,7867,f2039ade30594a17d08b26779f2baeb4643cf90f27f134cff9e23ae8d3b5008a
2303_2021_MOPS_t57sb01.metadata.json,LEGACY_PER_YEAR,METADATA,VALID_JSON_METADATA,CACHE_METADATA_PRESENT,180,d7d0fd91aa137be9923d769efa7d3b7a281271dca94fb13244147fa67975d82e
2303_2022_MOPS_t57sb01.html,LEGACY_PER_YEAR,HTML,VALID_MOPS_RESPONSE,VALID_MOPS_ARCHIVE_RESPONSE,7867,ba73891a63b9fce6c40ded23f10d3990db3fbf5fc63e7e2eeb3a70a5dd3756ae
2303_2022_MOPS_t57sb01.metadata.json,LEGACY_PER_YEAR,METADATA,VALID_JSON_METADATA,CACHE_METADATA_PRESENT,180,fa0e3db305307d054aa4d05bb4afd46fcd6bc33d72b9a1378182ab0ca61d6d67
2303_2023_MOPS_t57sb01.html,LEGACY_PER_YEAR,HTML,VALID_MOPS_RESPONSE,VALID_MOPS_ARCHIVE_RESPONSE,7867,4a3657262b5e23e28a25528eab193320ed13363ade3853ce1dd71519a56df8ad
2303_2023_MOPS_t57sb01.metadata.json,LEGACY_PER_YEAR,METADATA,VALID_JSON_METADATA,CACHE_METADATA_PRESENT,180,c0401ac50d65059f5b23bd35c60796a8fc01be952efea86982c0c25281158c0c
2303_2024_MOPS_t57sb01.html,LEGACY_PER_YEAR,HTML,VALID_MOPS_RESPONSE,VALID_MOPS_ARCHIVE_RESPONSE,7867,b27ce3622b2e770552aa47f139c87c5ce0ea38f8e4ab3c7f2b1fe0a6d56c1f65
2303_2024_MOPS_t57sb01.metadata.json,LEGACY_PER_YEAR,METADATA,VALID_JSON_METADATA,CACHE_METADATA_PRESENT,180,5bfe76c1cb38d18e40c2f1ae35dd59a0d6809e7906e07ae6ac8636e9f4453398
2303_2025_MOPS_t57sb01.html,LEGACY_PER_YEAR,HTML,VALID_MOPS_RESPONSE,VALID_MOPS_ARCHIVE_RESPONSE,7867,54650fa2f5b885dc635aca0da3ec414013eb45b1b0e10f2b1293bcb419460079
2303_2025_MOPS_t57sb01.metadata.json,LEGACY_PER_YEAR,METADATA,VALID_JSON_METADATA,CACHE_METADATA_PRESENT,180,89d620eddc092f328c279f1c4fdba951b815ccf02cfdd4db69641f7527169f7a
2303_2026_MOPS_t57sb01.html,LEGACY_PER_YEAR,HTML,VALID_MOPS_RESPONSE,VALID_MOPS_ARCHIVE_RESPONSE,5056,5d8b62e910c6787ac16466f3260b86e7f14958e08ce6c6430516a6d600e5531e
2303_2026_MOPS_t57sb01.metadata.json,LEGACY_PER_YEAR,METADATA,VALID_JSON_METADATA,CACHE_METADATA_PRESENT,180,88ba90034ab0360d640e51506d785675b333b6f8a91b5a7314fdfc357697bfd7
2303_ALL_AVAILABLE_YEARS_MOPS_t57sb01.html,ACTIVE_ALL_YEAR,HTML,VALID_MOPS_RESPONSE,VALID_MOPS_ARCHIVE_RESPONSE,127813,95ce0f2a78eace2993e8a8fbc54ff63c2a73a6aab425b3e7baf984f8ddc8c387
2303_ALL_AVAILABLE_YEARS_MOPS_t57sb01.metadata.json,ACTIVE_ALL_YEAR,METADATA,VALID_JSON_METADATA,CACHE_METADATA_PRESENT,189,1b5df54ffd32324112981b9bf3bbcbdbce6bbbbb6f39f728bbcc22edd30284a6
2308_2016_MOPS_t57sb01.html,LEGACY_PER_YEAR,HTML,VALID_MOPS_RESPONSE,VALID_MOPS_ARCHIVE_RESPONSE,5981,350bb39d442d622a28c2fb82cbb60a51650a96cd614c8918db07fdebd8b45962
2308_2016_MOPS_t57sb01.metadata.json,LEGACY_PER_YEAR,METADATA,VALID_JSON_METADATA,CACHE_METADATA_PRESENT,180,3b5a10b1d8aad62589f3d86057fd8976874ccd7491df77a6188031145f2fcf10
2308_2017_MOPS_t57sb01.html,LEGACY_PER_YEAR,HTML,VALID_MOPS_RESPONSE,VALID_MOPS_ARCHIVE_RESPONSE,5981,65ce77e4ab9ae82c403a6c3a31da3f77fb093ac331e4d383b960d1aeaced91e7
2308_2017_MOPS_t57sb01.metadata.json,LEGACY_PER_YEAR,METADATA,VALID_JSON_METADATA,CACHE_METADATA_PRESENT,180,cf74d7bfd4a6aa58a12aea531b711bcdda6dc36871fee37980ccb40b7a355f3f
2308_2018_MOPS_t57sb01.html,LEGACY_PER_YEAR,HTML,VALID_MOPS_RESPONSE,VALID_MOPS_ARCHIVE_RESPONSE,6453,7cb6780c801040a40747dd95ccf158e19fb30dfc385c317e26512a1468e20d9f
2308_2018_MOPS_t57sb01.metadata.json,LEGACY_PER_YEAR,METADATA,VALID_JSON_METADATA,CACHE_METADATA_PRESENT,180,b3728bf426420c34ae3f5dbd08a048c417c2fd3aea88772ab98d1f7e02eeef23
2308_2019_MOPS_t57sb01.html,LEGACY_PER_YEAR,HTML,VALID_MOPS_RESPONSE,VALID_MOPS_ARCHIVE_RESPONSE,7869,29693e09bb48df764ed7af81d1f217b15861aa30af04f0106191cacc01eb7a29
2308_2019_MOPS_t57sb01.metadata.json,LEGACY_PER_YEAR,METADATA,VALID_JSON_METADATA,CACHE_METADATA_PRESENT,180,495a41d46c0b99bd900f2a1760cafdab04fdbfabe261a0f82bb2677fa6b3adea
2308_2020_MOPS_t57sb01.html,LEGACY_PER_YEAR,HTML,VALID_MOPS_RESPONSE,VALID_MOPS_ARCHIVE_RESPONSE,7869,eb8e93ffa884d008b0452300598d17910309c4285302f93d74e8175944970160
2308_2020_MOPS_t57sb01.metadata.json,LEGACY_PER_YEAR,METADATA,VALID_JSON_METADATA,CACHE_METADATA_PRESENT,180,d392b52ada53494cfd6f093cd3cb8aa66e5f7c80d14ac29d5349ae4fd0aecfa4
2308_2021_MOPS_t57sb01.html,LEGACY_PER_YEAR,HTML,VALID_MOPS_RESPONSE,VALID_MOPS_ARCHIVE_RESPONSE,8275,c1ee1321d45fe3c278112d47ea69b518600c920deaaf70e3f4c392d16b187fc9
2308_2021_MOPS_t57sb01.metadata.json,LEGACY_PER_YEAR,METADATA,VALID_JSON_METADATA,CACHE_METADATA_PRESENT,180,12b581e5dc6d847613251cad14ae062fe1713ae8872b8c103661de354f8c7a23
2308_2022_MOPS_t57sb01.html,LEGACY_PER_YEAR,HTML,INVALID_MOPS_RESPONSE,MOPS_RATE_LIMIT_RESPONSE,469,7f87fe0bce6b6c13fc2a88e7bf9ab00bed8d411eb6291fbbfcf3a1ade79248a2
2308_2022_MOPS_t57sb01.metadata.json,LEGACY_PER_YEAR,METADATA,VALID_JSON_METADATA,CACHE_METADATA_PRESENT,180,47474214429ed3109ec36fe0db69eeada5a7e17c8abe5417c59d463ab74b5b9e
2308_2023_MOPS_t57sb01.html,LEGACY_PER_YEAR,HTML,VALID_MOPS_RESPONSE,VALID_MOPS_ARCHIVE_RESPONSE,7869,d1433bd044cc61dbca98728365d8ce365143808805015b00a5c00ac26e285b87
2308_2023_MOPS_t57sb01.metadata.json,LEGACY_PER_YEAR,METADATA,VALID_JSON_METADATA,CACHE_METADATA_PRESENT,180,c7fc820779c7e04be0fa73891c691c97d36fa9196b249aee9b7436d30dbcd6de
2308_2024_MOPS_t57sb01.html,LEGACY_PER_YEAR,HTML,VALID_MOPS_RESPONSE,VALID_MOPS_ARCHIVE_RESPONSE,7869,067b4c6a18d5ea5b578efd185dbcf3fdea834dfff56e102a921b2422b53ab571
2308_2024_MOPS_t57sb01.metadata.json,LEGACY_PER_YEAR,METADATA,VALID_JSON_METADATA,CACHE_METADATA_PRESENT,180,cc15514ab659ddc8defcd48925e533e218e8f44448a4d45a686fe7d4457f940e
2308_2025_MOPS_t57sb01.html,LEGACY_PER_YEAR,HTML,INVALID_MOPS_RESPONSE,MOPS_RATE_LIMIT_RESPONSE,469,7f87fe0bce6b6c13fc2a88e7bf9ab00bed8d411eb6291fbbfcf3a1ade79248a2
2308_2025_MOPS_t57sb01.metadata.json,LEGACY_PER_YEAR,METADATA,VALID_JSON_METADATA,CACHE_METADATA_PRESENT,180,bff2f07f9114e7ace6466b7fb0acdcdda0901706b88d5d896477d00733f02a4c
2308_2026_MOPS_t57sb01.html,LEGACY_PER_YEAR,HTML,INVALID_MOPS_RESPONSE,MOPS_RATE_LIMIT_RESPONSE,469,7f87fe0bce6b6c13fc2a88e7bf9ab00bed8d411eb6291fbbfcf3a1ade79248a2
2308_2026_MOPS_t57sb01.metadata.json,LEGACY_PER_YEAR,METADATA,VALID_JSON_METADATA,CACHE_METADATA_PRESENT,180,e3bdba1ad7069826b2516be067906b4d39cafc6a3d91e119a147936ab6e314ec
2308_ALL_AVAILABLE_YEARS_MOPS_t57sb01.html,ACTIVE_ALL_YEAR,HTML,VALID_MOPS_RESPONSE,VALID_MOPS_ARCHIVE_RESPONSE,101709,dec2f4470a5f895dba9084197d0183fb031afb2b159114f8dd0d966ec4f86d36
2308_ALL_AVAILABLE_YEARS_MOPS_t57sb01.metadata.json,ACTIVE_ALL_YEAR,METADATA,VALID_JSON_METADATA,CACHE_METADATA_PRESENT,189,bf0e9390d0996b1383621cf65b1659ed507e189101983fc4a6610d3c15efe03a
2317_2016_MOPS_t57sb01.html,LEGACY_PER_YEAR,HTML,INVALID_MOPS_RESPONSE,MOPS_RATE_LIMIT_RESPONSE,469,7f87fe0bce6b6c13fc2a88e7bf9ab00bed8d411eb6291fbbfcf3a1ade79248a2
2317_2016_MOPS_t57sb01.metadata.json,LEGACY_PER_YEAR,METADATA,VALID_JSON_METADATA,CACHE_METADATA_PRESENT,180,1a7541c2aeb09a00c5cc8e421787e7403958183d5b4ca966f042966542c4cd85
2317_2017_MOPS_t57sb01.html,LEGACY_PER_YEAR,HTML,VALID_MOPS_RESPONSE,VALID_MOPS_ARCHIVE_RESPONSE,6923,7874440c8e161750eaecfacf2fe408765a2c3da30d42e9ad60cccdeecd94dcf7
2317_2017_MOPS_t57sb01.metadata.json,LEGACY_PER_YEAR,METADATA,VALID_JSON_METADATA,CACHE_METADATA_PRESENT,180,534b88a66d27ea2cc551f282dfe8c082cbb5b2b79dce70c3bbca4bb44f1cd3cf
2317_2018_MOPS_t57sb01.html,LEGACY_PER_YEAR,HTML,VALID_MOPS_RESPONSE,VALID_MOPS_ARCHIVE_RESPONSE,8273,c4a68e24cf788acfd43839b47ac4d212802827d88a2e30f5131d33a99592f8a5
2317_2018_MOPS_t57sb01.metadata.json,LEGACY_PER_YEAR,METADATA,VALID_JSON_METADATA,CACHE_METADATA_PRESENT,180,68550607c99968fd20a1b2b0583b0f14315f4491a9c9317711f52cf3be484533
2317_2019_MOPS_t57sb01.html,LEGACY_PER_YEAR,HTML,VALID_MOPS_RESPONSE,VALID_MOPS_ARCHIVE_RESPONSE,7867,062b95be6c96515712228fbb6edf6ff538ba4a8bb4a9fe2b364d4e05478073f6
2317_2019_MOPS_t57sb01.metadata.json,LEGACY_PER_YEAR,METADATA,VALID_JSON_METADATA,CACHE_METADATA_PRESENT,180,ae41e1d0deead9f1d8981e01700b7615aeb3f136955b2b677a924a0454467605
2317_2020_MOPS_t57sb01.html,LEGACY_PER_YEAR,HTML,VALID_MOPS_RESPONSE,VALID_MOPS_ARCHIVE_RESPONSE,7867,5a99795f62bbfdc662b6d7c3acca6f9e898dfbb807d5ebb493757e4d0431f2dc
2317_2020_MOPS_t57sb01.metadata.json,LEGACY_PER_YEAR,METADATA,VALID_JSON_METADATA,CACHE_METADATA_PRESENT,180,65379617282301a307037213b18867242a6b5bff80879f3ca02d380e51535060
2317_2021_MOPS_t57sb01.html,LEGACY_PER_YEAR,HTML,VALID_MOPS_RESPONSE,VALID_MOPS_ARCHIVE_RESPONSE,7867,79d8a8147992956b47ff64a6ef04ecf840aefc7656b7b0f62886f558b607e6ed
2317_2021_MOPS_t57sb01.metadata.json,LEGACY_PER_YEAR,METADATA,VALID_JSON_METADATA,CACHE_METADATA_PRESENT,180,060d0db2a8768ce714fe97cefab8a07c664d00ebeaff95af6b279e1122126480
2317_2022_MOPS_t57sb01.html,LEGACY_PER_YEAR,HTML,VALID_MOPS_RESPONSE,VALID_MOPS_ARCHIVE_RESPONSE,7906,d68acbbb6f1182a6170234485122c0a6da2c14fd73990f340bcbebc49668a3a4
2317_2022_MOPS_t57sb01.metadata.json,LEGACY_PER_YEAR,METADATA,VALID_JSON_METADATA,CACHE_METADATA_PRESENT,180,0de9be193f4e89985eb4162de8e97bf3459ecccfa9e284e9ae3e6de5fb794a92
2317_2023_MOPS_t57sb01.html,LEGACY_PER_YEAR,HTML,VALID_MOPS_RESPONSE,VALID_MOPS_ARCHIVE_RESPONSE,7867,270a87734a829cc430a06ddebe97f3003c98280c8ac1e55bb7214378e00540d7
2317_2023_MOPS_t57sb01.metadata.json,LEGACY_PER_YEAR,METADATA,VALID_JSON_METADATA,CACHE_METADATA_PRESENT,180,5e74db93a53b3d7b8637e3dbe1cd75837657b71b0cb0288a95536da2c5a60369
2317_2024_MOPS_t57sb01.html,LEGACY_PER_YEAR,HTML,VALID_MOPS_RESPONSE,VALID_MOPS_ARCHIVE_RESPONSE,8273,c2f1c30f63af46e55221ab445c9c168d74ed3dd255ce6830f35ce95aca19bcfa
2317_2024_MOPS_t57sb01.metadata.json,LEGACY_PER_YEAR,METADATA,VALID_JSON_METADATA,CACHE_METADATA_PRESENT,180,667be5098df1935222f53215743fecbbd20210354f94ef4ceee624b4c0943069
2317_2025_MOPS_t57sb01.html,LEGACY_PER_YEAR,HTML,VALID_MOPS_RESPONSE,VALID_MOPS_ARCHIVE_RESPONSE,7867,1c07504826c9ae6f9d2c03717eb4f8fd5c78e8dd5b06428341c19fdf895394ab
2317_2025_MOPS_t57sb01.metadata.json,LEGACY_PER_YEAR,METADATA,VALID_JSON_METADATA,CACHE_METADATA_PRESENT,180,fbb7dc8bfdf272f73d3b581663d65a554909b374429bb8d2fd7092a78552aa59
2317_2026_MOPS_t57sb01.html,LEGACY_PER_YEAR,HTML,VALID_MOPS_RESPONSE,VALID_MOPS_ARCHIVE_RESPONSE,4584,8933607bab446cdb2c246d55edef4a679f12532f1a0d813f9e8a379ad941907c
2317_2026_MOPS_t57sb01.metadata.json,LEGACY_PER_YEAR,METADATA,VALID_JSON_METADATA,CACHE_METADATA_PRESENT,180,6c7955b99465cef2139f116c59ee47d19a368de6258e5af5fb7cf1651d3246ba
2317_ALL_AVAILABLE_YEARS_MOPS_t57sb01.html,ACTIVE_ALL_YEAR,HTML,VALID_MOPS_RESPONSE,VALID_MOPS_ARCHIVE_RESPONSE,99643,2cddd3760b92792a39a2e201d5af0d65d5616791a6c82d75b8dd6e4937d7b181
2317_ALL_AVAILABLE_YEARS_MOPS_t57sb01.metadata.json,ACTIVE_ALL_YEAR,METADATA,VALID_JSON_METADATA,CACHE_METADATA_PRESENT,189,a09d76c03aec09f7abae16b25a81c4c2879e484966f6f7505664448512e10399
2327_2016_MOPS_t57sb01.html,LEGACY_PER_YEAR,HTML,VALID_MOPS_RESPONSE,VALID_MOPS_ARCHIVE_RESPONSE,5980,2805c9df88c0db9d533959cb406cf0c202c6e97b7e33a41c41e0c2a54d911bd2
2327_2016_MOPS_t57sb01.metadata.json,LEGACY_PER_YEAR,METADATA,VALID_JSON_METADATA,CACHE_METADATA_PRESENT,180,c68f66438c87a4be647c4355e4dcd93cf21226df632b5ca3def0c46a068b0376
2327_2017_MOPS_t57sb01.html,LEGACY_PER_YEAR,HTML,VALID_MOPS_RESPONSE,VALID_MOPS_ARCHIVE_RESPONSE,6386,fe11f9c7ec68bee6f657a8d1b01242746f471eb98ac3c45cc2ba0171528dc5cf
2327_2017_MOPS_t57sb01.metadata.json,LEGACY_PER_YEAR,METADATA,VALID_JSON_METADATA,CACHE_METADATA_PRESENT,180,561f8a8f87deb3e9492149bbfa901200cb44882f229340abf8e07411e91b9895
2327_2018_MOPS_t57sb01.html,LEGACY_PER_YEAR,HTML,VALID_MOPS_RESPONSE,VALID_MOPS_ARCHIVE_RESPONSE,7264,5bf6aa325d01fce9315a7e451cd8f07511c1e0e5549bf5a3c80eb5a46e855441
2327_2018_MOPS_t57sb01.metadata.json,LEGACY_PER_YEAR,METADATA,VALID_JSON_METADATA,CACHE_METADATA_PRESENT,180,2d6e740bd4c591b74e82f0cb869264c6cc1ce0d225e47543144908d92e5d62eb
2327_2019_MOPS_t57sb01.html,LEGACY_PER_YEAR,HTML,VALID_MOPS_RESPONSE,VALID_MOPS_ARCHIVE_RESPONSE,6858,3afad14ef378139cc8f955b4aa21628478a339690040b396291612a5fa7a8bcd
2327_2019_MOPS_t57sb01.metadata.json,LEGACY_PER_YEAR,METADATA,VALID_JSON_METADATA,CACHE_METADATA_PRESENT,180,e09151312828ff3337738582748ab1423268c239ed5c193911b56c7235612ddf
2327_2020_MOPS_t57sb01.html,LEGACY_PER_YEAR,HTML,VALID_MOPS_RESPONSE,VALID_MOPS_ARCHIVE_RESPONSE,8071,191bf7e31d69ced7bea330a674e35a0a9f9a8241c98d341c4404c605b4400a54
2327_2020_MOPS_t57sb01.metadata.json,LEGACY_PER_YEAR,METADATA,VALID_JSON_METADATA,CACHE_METADATA_PRESENT,180,9c34228f68494f9e9e016145b3cab55e7815e7b6a867989cbe6a11ceaf922839
2327_2021_MOPS_t57sb01.html,LEGACY_PER_YEAR,HTML,VALID_MOPS_RESPONSE,VALID_MOPS_ARCHIVE_RESPONSE,8274,79a6e6c2747b9f6ad191cd253a316788d0e34093079d715f45994eb20fccad5a
2327_2021_MOPS_t57sb01.metadata.json,LEGACY_PER_YEAR,METADATA,VALID_JSON_METADATA,CACHE_METADATA_PRESENT,180,026c12566925773de6690b9c9fc7381e28ab17dd99b7b449d92c13821a678a3f
2327_2022_MOPS_t57sb01.html,LEGACY_PER_YEAR,HTML,VALID_MOPS_RESPONSE,VALID_MOPS_ARCHIVE_RESPONSE,7868,d6e2ee8d45471461c022ae09dad5b51621c862b97d1ec15ad8e5bad8064df08c
2327_2022_MOPS_t57sb01.metadata.json,LEGACY_PER_YEAR,METADATA,VALID_JSON_METADATA,CACHE_METADATA_PRESENT,180,77b1d502e1c464f0fab42f160a29b71fd2d8ea95658ffcf091a99ab788df6d29
2327_2023_MOPS_t57sb01.html,LEGACY_PER_YEAR,HTML,VALID_MOPS_RESPONSE,VALID_MOPS_ARCHIVE_RESPONSE,7868,a1011af0da1c9019874554b0c329b53c257648354552668b040f4f758646431f
2327_2023_MOPS_t57sb01.metadata.json,LEGACY_PER_YEAR,METADATA,VALID_JSON_METADATA,CACHE_METADATA_PRESENT,180,82db5aa09a15bf670dc01bac1ed68f8155db17373a7ce1a2b2f7b2afa9594d7a
2327_2024_MOPS_t57sb01.html,LEGACY_PER_YEAR,HTML,VALID_MOPS_RESPONSE,VALID_MOPS_ARCHIVE_RESPONSE,7868,dd876650ade1439f0bba77bf23ee3b9f14b3eb85d97b479ff437b7171deb421f
2327_2024_MOPS_t57sb01.metadata.json,LEGACY_PER_YEAR,METADATA,VALID_JSON_METADATA,CACHE_METADATA_PRESENT,180,79af9b1f5cbd92288879a16372db20dfe5e20e187c1a6d7c9fb40df1d3ed6082
2327_2025_MOPS_t57sb01.html,LEGACY_PER_YEAR,HTML,VALID_MOPS_RESPONSE,VALID_MOPS_ARCHIVE_RESPONSE,7868,70555229d95b8eb66881f6ec31819778085701996d0ff253b99a842d109c6c44
2327_2025_MOPS_t57sb01.metadata.json,LEGACY_PER_YEAR,METADATA,VALID_JSON_METADATA,CACHE_METADATA_PRESENT,180,26177bfc3bf6788cad79704d52eb1258e5719806a787730485ee49b3ae49d8c7
2327_2026_MOPS_t57sb01.html,LEGACY_PER_YEAR,HTML,VALID_MOPS_RESPONSE,VALID_MOPS_ARCHIVE_RESPONSE,4585,3d64fa11e1a28bd24bb7df835f989e5f5592b396a49ffa13878c3da472df7269
2327_2026_MOPS_t57sb01.metadata.json,LEGACY_PER_YEAR,METADATA,VALID_JSON_METADATA,CACHE_METADATA_PRESENT,180,51535c3d86691781fa928c067b428af19ed932a25b71ea1a5dfb83f587a9a2d9
2327_ALL_AVAILABLE_YEARS_MOPS_t57sb01.html,ACTIVE_ALL_YEAR,HTML,VALID_MOPS_RESPONSE,VALID_MOPS_ARCHIVE_RESPONSE,106787,83df2bb1ea734f2ec36742306dc3907103b3aa484e5fe24f9260535be39749ff
2327_ALL_AVAILABLE_YEARS_MOPS_t57sb01.metadata.json,ACTIVE_ALL_YEAR,METADATA,VALID_JSON_METADATA,CACHE_METADATA_PRESENT,189,7c897678a0c9d5c5c4b2bb47595a9961776b473839eaae0f78b55d931f7568aa
2330_2016_MOPS_t57sb01.html,LEGACY_PER_YEAR,HTML,VALID_MOPS_RESPONSE,VALID_MOPS_ARCHIVE_RESPONSE,8275,5192e1003c65fbce7d1279fdf745da14ef6eec22bfa5c17aec9dce53ea883bac
2330_2016_MOPS_t57sb01.metadata.json,LEGACY_PER_YEAR,METADATA,VALID_JSON_METADATA,CACHE_METADATA_PRESENT,180,707ef566b945e2bf01d7e38a097d50a39949e5c926ff1963b97e6328940ec7c6
2330_2017_MOPS_t57sb01.html,LEGACY_PER_YEAR,HTML,VALID_MOPS_RESPONSE,VALID_MOPS_ARCHIVE_RESPONSE,7869,7cd717a60f8ff2e4a2f23a7babcd9a0e6ef6ffa46b3eef7c21d779e4ac35d8f1
2330_2017_MOPS_t57sb01.metadata.json,LEGACY_PER_YEAR,METADATA,VALID_JSON_METADATA,CACHE_METADATA_PRESENT,180,a761ceec3b7b3317a48c0bc35169c473b1521f2d596129e2740fbe8fd1e5a309
2330_2018_MOPS_t57sb01.html,LEGACY_PER_YEAR,HTML,INVALID_MOPS_RESPONSE,MOPS_RATE_LIMIT_RESPONSE,469,7f87fe0bce6b6c13fc2a88e7bf9ab00bed8d411eb6291fbbfcf3a1ade79248a2
2330_2018_MOPS_t57sb01.metadata.json,LEGACY_PER_YEAR,METADATA,VALID_JSON_METADATA,CACHE_METADATA_PRESENT,180,08e395bddc8e9567f038ac4a7dde68b8c82efb5caadba3001a508d8c39badf46
2330_2019_MOPS_t57sb01.html,LEGACY_PER_YEAR,HTML,VALID_MOPS_RESPONSE,VALID_MOPS_ARCHIVE_RESPONSE,7869,78561b5a88b899c2c8642151cd242f13a3f8ef1f3814245a0d2218e3a7dee343
2330_2019_MOPS_t57sb01.metadata.json,LEGACY_PER_YEAR,METADATA,VALID_JSON_METADATA,CACHE_METADATA_PRESENT,180,dff40167b31c2fe34d3bda81cfcd7a3c5edaaa62f3f33a10c5c2d32ff087b9a4
2330_2020_MOPS_t57sb01.html,LEGACY_PER_YEAR,HTML,INVALID_MOPS_RESPONSE,MOPS_RATE_LIMIT_RESPONSE,469,7f87fe0bce6b6c13fc2a88e7bf9ab00bed8d411eb6291fbbfcf3a1ade79248a2
2330_2020_MOPS_t57sb01.metadata.json,LEGACY_PER_YEAR,METADATA,VALID_JSON_METADATA,CACHE_METADATA_PRESENT,180,15b80f706ea6c34abaa7d56dbb13c1f9b05444f49d54fc37ec5bdd2635f3b6c5
2330_2021_MOPS_t57sb01.html,LEGACY_PER_YEAR,HTML,INVALID_MOPS_RESPONSE,MOPS_RATE_LIMIT_RESPONSE,469,7f87fe0bce6b6c13fc2a88e7bf9ab00bed8d411eb6291fbbfcf3a1ade79248a2
2330_2021_MOPS_t57sb01.metadata.json,LEGACY_PER_YEAR,METADATA,VALID_JSON_METADATA,CACHE_METADATA_PRESENT,180,7792db2d564a7304c91eb1c5d03fb7bfaf32b75ad13ed18b6acdbf6f2c3f0d82
2330_2022_MOPS_t57sb01.html,LEGACY_PER_YEAR,HTML,INVALID_MOPS_RESPONSE,MOPS_RATE_LIMIT_RESPONSE,469,7f87fe0bce6b6c13fc2a88e7bf9ab00bed8d411eb6291fbbfcf3a1ade79248a2
2330_2022_MOPS_t57sb01.metadata.json,LEGACY_PER_YEAR,METADATA,VALID_JSON_METADATA,CACHE_METADATA_PRESENT,180,6b65468a2905d66848f6000c30ce15f73c15e19e2a3ef34223b8876bfe6b2c92
2330_2023_MOPS_t57sb01.html,LEGACY_PER_YEAR,HTML,INVALID_MOPS_RESPONSE,MOPS_RATE_LIMIT_RESPONSE,469,7f87fe0bce6b6c13fc2a88e7bf9ab00bed8d411eb6291fbbfcf3a1ade79248a2
2330_2023_MOPS_t57sb01.metadata.json,LEGACY_PER_YEAR,METADATA,VALID_JSON_METADATA,CACHE_METADATA_PRESENT,180,243170cb86080c7561286c11bed42b189785facab531070c0659f4dcd90e6b36
2330_2024_MOPS_t57sb01.html,LEGACY_PER_YEAR,HTML,INVALID_MOPS_RESPONSE,MOPS_RATE_LIMIT_RESPONSE,469,7f87fe0bce6b6c13fc2a88e7bf9ab00bed8d411eb6291fbbfcf3a1ade79248a2
2330_2024_MOPS_t57sb01.metadata.json,LEGACY_PER_YEAR,METADATA,VALID_JSON_METADATA,CACHE_METADATA_PRESENT,180,924a36fb063f8c341ab51bab92043b8351f93bda067a6af6cae244c98dfb85f1
2330_2025_MOPS_t57sb01.html,LEGACY_PER_YEAR,HTML,VALID_MOPS_RESPONSE,VALID_MOPS_ARCHIVE_RESPONSE,7869,cfe39d9ba137ca012caf74ebddfdb30aba1f00b7d34e9141941a8649036f3878
2330_2025_MOPS_t57sb01.metadata.json,LEGACY_PER_YEAR,METADATA,VALID_JSON_METADATA,CACHE_METADATA_PRESENT,180,76dce182c9ccb616f51a98b4f32500bca4125a81bd7d827a7bb1ff8142fa62df
2330_2026_MOPS_t57sb01.html,LEGACY_PER_YEAR,HTML,INVALID_MOPS_RESPONSE,MOPS_RATE_LIMIT_RESPONSE,469,7f87fe0bce6b6c13fc2a88e7bf9ab00bed8d411eb6291fbbfcf3a1ade79248a2
2330_2026_MOPS_t57sb01.metadata.json,LEGACY_PER_YEAR,METADATA,VALID_JSON_METADATA,CACHE_METADATA_PRESENT,180,8ea73a794a94a7db89fffbd7ac2f7d3dc064728b503cae489adf06df3403ed93
2330_ALL_AVAILABLE_YEARS_MOPS_t57sb01.html,ACTIVE_ALL_YEAR,HTML,VALID_MOPS_RESPONSE,VALID_MOPS_ARCHIVE_RESPONSE,135262,7ca875da253ccee2f3ebc33abf5f692313ae2e6daca0b8a563c17fe0d57fb7f1
2330_ALL_AVAILABLE_YEARS_MOPS_t57sb01.metadata.json,ACTIVE_ALL_YEAR,METADATA,VALID_JSON_METADATA,CACHE_METADATA_PRESENT,189,2ab19abc5cbe60ae0d602af285ad219406aa29b99dac2f1fd8b59f8d98b15da5
2344_2016_MOPS_t57sb01.html,LEGACY_PER_YEAR,HTML,INVALID_MOPS_RESPONSE,MOPS_RATE_LIMIT_RESPONSE,469,7f87fe0bce6b6c13fc2a88e7bf9ab00bed8d411eb6291fbbfcf3a1ade79248a2
2344_2016_MOPS_t57sb01.metadata.json,LEGACY_PER_YEAR,METADATA,VALID_JSON_METADATA,CACHE_METADATA_PRESENT,180,44dd276f352bad49246e44c291c05aaa68efca9c51e222bd9cf649f464844c00
2344_2017_MOPS_t57sb01.html,LEGACY_PER_YEAR,HTML,INVALID_MOPS_RESPONSE,MOPS_RATE_LIMIT_RESPONSE,469,7f87fe0bce6b6c13fc2a88e7bf9ab00bed8d411eb6291fbbfcf3a1ade79248a2
2344_2017_MOPS_t57sb01.metadata.json,LEGACY_PER_YEAR,METADATA,VALID_JSON_METADATA,CACHE_METADATA_PRESENT,180,9a81361a804e8d454d16727a67bc5c346e6332c6f39ba9e52505feaddc9575fc
2344_2018_MOPS_t57sb01.html,LEGACY_PER_YEAR,HTML,INVALID_MOPS_RESPONSE,MOPS_RATE_LIMIT_RESPONSE,469,7f87fe0bce6b6c13fc2a88e7bf9ab00bed8d411eb6291fbbfcf3a1ade79248a2
2344_2018_MOPS_t57sb01.metadata.json,LEGACY_PER_YEAR,METADATA,VALID_JSON_METADATA,CACHE_METADATA_PRESENT,180,c4fa9a0874c3a5756c0e9b25734a177494102223ad4557e00fa998907089274a
2344_2019_MOPS_t57sb01.html,LEGACY_PER_YEAR,HTML,INVALID_MOPS_RESPONSE,MOPS_RATE_LIMIT_RESPONSE,469,7f87fe0bce6b6c13fc2a88e7bf9ab00bed8d411eb6291fbbfcf3a1ade79248a2
2344_2019_MOPS_t57sb01.metadata.json,LEGACY_PER_YEAR,METADATA,VALID_JSON_METADATA,CACHE_METADATA_PRESENT,180,28b10ab3ffc7fe6c8f34e27979386a752e2b07574e402282939cef961c18ed20
2344_2020_MOPS_t57sb01.html,LEGACY_PER_YEAR,HTML,INVALID_MOPS_RESPONSE,MOPS_RATE_LIMIT_RESPONSE,469,7f87fe0bce6b6c13fc2a88e7bf9ab00bed8d411eb6291fbbfcf3a1ade79248a2
2344_2020_MOPS_t57sb01.metadata.json,LEGACY_PER_YEAR,METADATA,VALID_JSON_METADATA,CACHE_METADATA_PRESENT,180,06f478af28dde76e7e3f862149ebdc9dff46eb76527ce6c0a95f1f269abf8c60
2344_2021_MOPS_t57sb01.html,LEGACY_PER_YEAR,HTML,INVALID_MOPS_RESPONSE,MOPS_RATE_LIMIT_RESPONSE,469,7f87fe0bce6b6c13fc2a88e7bf9ab00bed8d411eb6291fbbfcf3a1ade79248a2
2344_2021_MOPS_t57sb01.metadata.json,LEGACY_PER_YEAR,METADATA,VALID_JSON_METADATA,CACHE_METADATA_PRESENT,180,a2d3c06b6ebdae041604cc2504af1dda268f8f10baf9cf6dd7f0f5b854019ac8
2344_2022_MOPS_t57sb01.html,LEGACY_PER_YEAR,HTML,INVALID_MOPS_RESPONSE,MOPS_RATE_LIMIT_RESPONSE,469,7f87fe0bce6b6c13fc2a88e7bf9ab00bed8d411eb6291fbbfcf3a1ade79248a2
2344_2022_MOPS_t57sb01.metadata.json,LEGACY_PER_YEAR,METADATA,VALID_JSON_METADATA,CACHE_METADATA_PRESENT,180,65ac1f2b64452611c631d60b836aee789b75a456ccad3259bc1f047d34b5b115
2344_2023_MOPS_t57sb01.html,LEGACY_PER_YEAR,HTML,INVALID_MOPS_RESPONSE,MOPS_RATE_LIMIT_RESPONSE,469,7f87fe0bce6b6c13fc2a88e7bf9ab00bed8d411eb6291fbbfcf3a1ade79248a2
2344_2023_MOPS_t57sb01.metadata.json,LEGACY_PER_YEAR,METADATA,VALID_JSON_METADATA,CACHE_METADATA_PRESENT,180,1d7230fd76acc16f0138e200bb9d57be1425c420e355e2523296a67d9260ab04
2344_2024_MOPS_t57sb01.html,LEGACY_PER_YEAR,HTML,INVALID_MOPS_RESPONSE,MOPS_RATE_LIMIT_RESPONSE,469,7f87fe0bce6b6c13fc2a88e7bf9ab00bed8d411eb6291fbbfcf3a1ade79248a2
2344_2024_MOPS_t57sb01.metadata.json,LEGACY_PER_YEAR,METADATA,VALID_JSON_METADATA,CACHE_METADATA_PRESENT,180,e727cac6b4af10e3a85f3b5e87e79694a43a8006a40a574082f579bfa6ec8d57
2344_2025_MOPS_t57sb01.html,LEGACY_PER_YEAR,HTML,INVALID_MOPS_RESPONSE,MOPS_RATE_LIMIT_RESPONSE,469,7f87fe0bce6b6c13fc2a88e7bf9ab00bed8d411eb6291fbbfcf3a1ade79248a2
2344_2025_MOPS_t57sb01.metadata.json,LEGACY_PER_YEAR,METADATA,VALID_JSON_METADATA,CACHE_METADATA_PRESENT,180,4077c1ac1571a5712f48854b0384f603f4cc14383dae9a2ffa2cab8f4caaf668
2344_2026_MOPS_t57sb01.html,LEGACY_PER_YEAR,HTML,INVALID_MOPS_RESPONSE,MOPS_RATE_LIMIT_RESPONSE,469,7f87fe0bce6b6c13fc2a88e7bf9ab00bed8d411eb6291fbbfcf3a1ade79248a2
2344_2026_MOPS_t57sb01.metadata.json,LEGACY_PER_YEAR,METADATA,VALID_JSON_METADATA,CACHE_METADATA_PRESENT,180,8c674676c6c6a3881e24cf660d6cf84454bc54c3c45109120de7c9cc80709e54
2344_ALL_AVAILABLE_YEARS_MOPS_t57sb01.html,ACTIVE_ALL_YEAR,HTML,VALID_MOPS_RESPONSE,VALID_MOPS_ARCHIVE_RESPONSE,92935,7efc4d340b2bced7a5e4c3e570e154eae4d0649082df62e0bd0938859b2eb67d
2344_ALL_AVAILABLE_YEARS_MOPS_t57sb01.metadata.json,ACTIVE_ALL_YEAR,METADATA,VALID_JSON_METADATA,CACHE_METADATA_PRESENT,189,5cc8aec6182b9e188f329f88dbc5259a42f9a0d653b92cb0098cd97e348af1dd
2345_2016_MOPS_t57sb01.html,LEGACY_PER_YEAR,HTML,INVALID_MOPS_RESPONSE,MOPS_RATE_LIMIT_RESPONSE,469,7f87fe0bce6b6c13fc2a88e7bf9ab00bed8d411eb6291fbbfcf3a1ade79248a2
2345_2016_MOPS_t57sb01.metadata.json,LEGACY_PER_YEAR,METADATA,VALID_JSON_METADATA,CACHE_METADATA_PRESENT,180,3027397a7e3ab6e21eea94a76282f3b957db21660665f493ae35e5e16ec9263a
2345_2017_MOPS_t57sb01.html,LEGACY_PER_YEAR,HTML,INVALID_MOPS_RESPONSE,MOPS_RATE_LIMIT_RESPONSE,469,7f87fe0bce6b6c13fc2a88e7bf9ab00bed8d411eb6291fbbfcf3a1ade79248a2
2345_2017_MOPS_t57sb01.metadata.json,LEGACY_PER_YEAR,METADATA,VALID_JSON_METADATA,CACHE_METADATA_PRESENT,180,0935b2eb6ef99828aac849a37d244d837824435a09c3a6c84376ebcedee30ec6
2345_2018_MOPS_t57sb01.html,LEGACY_PER_YEAR,HTML,VALID_MOPS_RESPONSE,VALID_MOPS_ARCHIVE_RESPONSE,6451,e04aa91d582b10351bd587d3a6b0fafe3a51c5a3e33f53d8095652533948235d
2345_2018_MOPS_t57sb01.metadata.json,LEGACY_PER_YEAR,METADATA,VALID_JSON_METADATA,CACHE_METADATA_PRESENT,180,36750c98e0e4b4011a7a913abe2f45227981d9c7597d96267391dee7d6a54abd
2345_2019_MOPS_t57sb01.html,LEGACY_PER_YEAR,HTML,VALID_MOPS_RESPONSE,VALID_MOPS_ARCHIVE_RESPONSE,6451,5d063b842569a2a02e6bc4c6abe69f2be1375c78a870f75170098f41b9145360
2345_2019_MOPS_t57sb01.metadata.json,LEGACY_PER_YEAR,METADATA,VALID_JSON_METADATA,CACHE_METADATA_PRESENT,180,00747cea4fe57e33e58ff60934dda25d0f5e2a46a35aac54d139729dac210c33
2345_2020_MOPS_t57sb01.html,LEGACY_PER_YEAR,HTML,VALID_MOPS_RESPONSE,VALID_MOPS_ARCHIVE_RESPONSE,6451,e820ac68d8bc3dcb2851e366af38885c9d65314789fd1422db09f756af5a48a3
2345_2020_MOPS_t57sb01.metadata.json,LEGACY_PER_YEAR,METADATA,VALID_JSON_METADATA,CACHE_METADATA_PRESENT,180,188b3c67af6ea1cce5f911d4f8ee673b6d8ee2f80323f730b6b3fdbcf839c3c7
2345_2021_MOPS_t57sb01.html,LEGACY_PER_YEAR,HTML,VALID_MOPS_RESPONSE,VALID_MOPS_ARCHIVE_RESPONSE,6451,2607b8a62db5bbfce5b4f5c0d5c5671638023a657c16cdc7d71f2a013d520f45
2345_2021_MOPS_t57sb01.metadata.json,LEGACY_PER_YEAR,METADATA,VALID_JSON_METADATA,CACHE_METADATA_PRESENT,180,c9db39297532e8bba56bbfdc5c4e4e5242575dd286904786844c659cf7ff7c6c
2345_2022_MOPS_t57sb01.html,LEGACY_PER_YEAR,HTML,VALID_MOPS_RESPONSE,VALID_MOPS_ARCHIVE_RESPONSE,6451,bb44c1da1817c33aa081b670572835d8c403763356d752474d1d8c85ae4ca7f6
2345_2022_MOPS_t57sb01.metadata.json,LEGACY_PER_YEAR,METADATA,VALID_JSON_METADATA,CACHE_METADATA_PRESENT,180,557547bd0ee55df9b85e4683146ad1023da941a80d9bf0bd95f59191d8be1a85
2345_2023_MOPS_t57sb01.html,LEGACY_PER_YEAR,HTML,VALID_MOPS_RESPONSE,VALID_MOPS_ARCHIVE_RESPONSE,6451,628081a4cc3e65acae6792c8cab96a330ec348003d25f0439ad9996a87e8c5a0
2345_2023_MOPS_t57sb01.metadata.json,LEGACY_PER_YEAR,METADATA,VALID_JSON_METADATA,CACHE_METADATA_PRESENT,180,7cbf63982e2223623d0636bb0221187ba6b07b2e9e09f8aa47ea9423f7aab81a
2345_2024_MOPS_t57sb01.html,LEGACY_PER_YEAR,HTML,VALID_MOPS_RESPONSE,VALID_MOPS_ARCHIVE_RESPONSE,7395,54b8173f5364ddf2a08cc2d1c923b1fbf34e8c588ff1e37779f7c87002f853a4
2345_2024_MOPS_t57sb01.metadata.json,LEGACY_PER_YEAR,METADATA,VALID_JSON_METADATA,CACHE_METADATA_PRESENT,180,79e3cef65ec135e6f170f6349670487a2cfd8a7c7a79de4d94750c9a415137a0
2345_2025_MOPS_t57sb01.html,LEGACY_PER_YEAR,HTML,VALID_MOPS_RESPONSE,VALID_MOPS_ARCHIVE_RESPONSE,7867,2af480690304a48998e42287ae6127e374267d902d08a8ca286022575dfa8c47
2345_2025_MOPS_t57sb01.metadata.json,LEGACY_PER_YEAR,METADATA,VALID_JSON_METADATA,CACHE_METADATA_PRESENT,180,444ea69908e8fd3c5baec0e92a4e7426f69e95176059e01f83c14f84f38650c9
2345_2026_MOPS_t57sb01.html,LEGACY_PER_YEAR,HTML,VALID_MOPS_RESPONSE,VALID_MOPS_ARCHIVE_RESPONSE,4584,a830ba54a996116eaa08adca4c5a69c8ab7ace19d6f308285a66a556bde9c24d
2345_2026_MOPS_t57sb01.metadata.json,LEGACY_PER_YEAR,METADATA,VALID_JSON_METADATA,CACHE_METADATA_PRESENT,180,c02cf854f9e73a145baade01da87aeb7318c61b3720b05ffb7578de6ab73aac6
2345_ALL_AVAILABLE_YEARS_MOPS_t57sb01.html,ACTIVE_ALL_YEAR,HTML,VALID_MOPS_RESPONSE,VALID_MOPS_ARCHIVE_RESPONSE,89225,643ec129c48a4579762206e370ff2ca8413ee3db9563320840528833f6b25e56
2345_ALL_AVAILABLE_YEARS_MOPS_t57sb01.metadata.json,ACTIVE_ALL_YEAR,METADATA,VALID_JSON_METADATA,CACHE_METADATA_PRESENT,189,19d4e42bd7addfc789703b0cfebefcbf8ad4f0587b411ff164eb650d0034f416
2357_2016_MOPS_t57sb01.html,LEGACY_PER_YEAR,HTML,VALID_MOPS_RESPONSE,VALID_MOPS_ARCHIVE_RESPONSE,7867,654150a5323f593d5856b69afbb7a208aa190d0d900887a95e41c661afada13a
2357_2016_MOPS_t57sb01.metadata.json,LEGACY_PER_YEAR,METADATA,VALID_JSON_METADATA,CACHE_METADATA_PRESENT,180,96148b4a82256e7df74286910eb381c82012a240c9955744cde522f50efdfde0
2357_2017_MOPS_t57sb01.html,LEGACY_PER_YEAR,HTML,VALID_MOPS_RESPONSE,VALID_MOPS_ARCHIVE_RESPONSE,7867,7a247d48d526d195690f3b69673c37d9d2f77d75d6a0f779ff141317a6d56b8d
2357_2017_MOPS_t57sb01.metadata.json,LEGACY_PER_YEAR,METADATA,VALID_JSON_METADATA,CACHE_METADATA_PRESENT,180,34decbde43407b6e2024da5d14343cfb1b919dc95b2b6cd22a15b1c25cfe5be4
2357_2018_MOPS_t57sb01.html,LEGACY_PER_YEAR,HTML,INVALID_MOPS_RESPONSE,MOPS_RATE_LIMIT_RESPONSE,469,7f87fe0bce6b6c13fc2a88e7bf9ab00bed8d411eb6291fbbfcf3a1ade79248a2
2357_2018_MOPS_t57sb01.metadata.json,LEGACY_PER_YEAR,METADATA,VALID_JSON_METADATA,CACHE_METADATA_PRESENT,180,f6f99288334501efcf38c0f013e33f66ab18d1a759e627793a9f8b0ef8b7709c
2357_2019_MOPS_t57sb01.html,LEGACY_PER_YEAR,HTML,INVALID_MOPS_RESPONSE,MOPS_RATE_LIMIT_RESPONSE,469,7f87fe0bce6b6c13fc2a88e7bf9ab00bed8d411eb6291fbbfcf3a1ade79248a2
2357_2019_MOPS_t57sb01.metadata.json,LEGACY_PER_YEAR,METADATA,VALID_JSON_METADATA,CACHE_METADATA_PRESENT,180,ffd7a725912d5482284003955c5dc90dee799e12fa41bf8ddf699fcd0f9c1454
2357_2020_MOPS_t57sb01.html,LEGACY_PER_YEAR,HTML,INVALID_MOPS_RESPONSE,MOPS_RATE_LIMIT_RESPONSE,469,7f87fe0bce6b6c13fc2a88e7bf9ab00bed8d411eb6291fbbfcf3a1ade79248a2
2357_2020_MOPS_t57sb01.metadata.json,LEGACY_PER_YEAR,METADATA,VALID_JSON_METADATA,CACHE_METADATA_PRESENT,180,194d691b97ca62e7e6ef1ddafb25896ca78d9183b58af73538dfa7827c511152
2357_2021_MOPS_t57sb01.html,LEGACY_PER_YEAR,HTML,VALID_MOPS_RESPONSE,VALID_MOPS_ARCHIVE_RESPONSE,7867,d0297be96a0be86fc3b927c3c379fbfd5f31c03b4b41514bcc19c6d4ba856edf
2357_2021_MOPS_t57sb01.metadata.json,LEGACY_PER_YEAR,METADATA,VALID_JSON_METADATA,CACHE_METADATA_PRESENT,180,6e3b7b0b96e920ab3f7cc826026b7b88aba06f3a95df148d4745ce3bc94df9f8
2357_2022_MOPS_t57sb01.html,LEGACY_PER_YEAR,HTML,INVALID_MOPS_RESPONSE,MOPS_RATE_LIMIT_RESPONSE,469,7f87fe0bce6b6c13fc2a88e7bf9ab00bed8d411eb6291fbbfcf3a1ade79248a2
2357_2022_MOPS_t57sb01.metadata.json,LEGACY_PER_YEAR,METADATA,VALID_JSON_METADATA,CACHE_METADATA_PRESENT,180,a05b69f9eb7f437a6164655424f6c0276e05405d58cc12787627a6e3750aa757
2357_2023_MOPS_t57sb01.html,LEGACY_PER_YEAR,HTML,INVALID_MOPS_RESPONSE,MOPS_RATE_LIMIT_RESPONSE,469,7f87fe0bce6b6c13fc2a88e7bf9ab00bed8d411eb6291fbbfcf3a1ade79248a2
2357_2023_MOPS_t57sb01.metadata.json,LEGACY_PER_YEAR,METADATA,VALID_JSON_METADATA,CACHE_METADATA_PRESENT,180,291f3e40415621c830eace7ebb9cb37287924c866560440d4e0517e7d4f2f53b
2357_2024_MOPS_t57sb01.html,LEGACY_PER_YEAR,HTML,INVALID_MOPS_RESPONSE,MOPS_RATE_LIMIT_RESPONSE,469,7f87fe0bce6b6c13fc2a88e7bf9ab00bed8d411eb6291fbbfcf3a1ade79248a2
2357_2024_MOPS_t57sb01.metadata.json,LEGACY_PER_YEAR,METADATA,VALID_JSON_METADATA,CACHE_METADATA_PRESENT,180,6ad92dd6f428f669cca8ecb1158c6f3a0dccb2d7aded551237c51e0b4f7f7abb
2357_2025_MOPS_t57sb01.html,LEGACY_PER_YEAR,HTML,INVALID_MOPS_RESPONSE,MOPS_RATE_LIMIT_RESPONSE,469,7f87fe0bce6b6c13fc2a88e7bf9ab00bed8d411eb6291fbbfcf3a1ade79248a2
2357_2025_MOPS_t57sb01.metadata.json,LEGACY_PER_YEAR,METADATA,VALID_JSON_METADATA,CACHE_METADATA_PRESENT,180,ed7cad1192dbad540a56d76bce960585ec09cab1bd2fca636718818d7e61e06f
2357_2026_MOPS_t57sb01.html,LEGACY_PER_YEAR,HTML,INVALID_MOPS_RESPONSE,MOPS_RATE_LIMIT_RESPONSE,469,7f87fe0bce6b6c13fc2a88e7bf9ab00bed8d411eb6291fbbfcf3a1ade79248a2
2357_2026_MOPS_t57sb01.metadata.json,LEGACY_PER_YEAR,METADATA,VALID_JSON_METADATA,CACHE_METADATA_PRESENT,180,84bc1e54e6bf88c95c090fbd85a54a61c87ac5010e193cf18374e80ef864010c
2357_ALL_AVAILABLE_YEARS_MOPS_t57sb01.html,ACTIVE_ALL_YEAR,HTML,VALID_MOPS_RESPONSE,VALID_MOPS_ARCHIVE_RESPONSE,101467,bd6bfaf750efb58d954a78e5e3441c91d044315a105f4a8012e7b244d461d434
2357_ALL_AVAILABLE_YEARS_MOPS_t57sb01.metadata.json,ACTIVE_ALL_YEAR,METADATA,VALID_JSON_METADATA,CACHE_METADATA_PRESENT,189,916e3c4a7b7f82effd4e92d2613ad0fd298a01519fa730cbba80e5401d0b3170
2360_2016_MOPS_t57sb01.html,LEGACY_PER_YEAR,HTML,INVALID_MOPS_RESPONSE,MOPS_RATE_LIMIT_RESPONSE,469,7f87fe0bce6b6c13fc2a88e7bf9ab00bed8d411eb6291fbbfcf3a1ade79248a2
2360_2016_MOPS_t57sb01.metadata.json,LEGACY_PER_YEAR,METADATA,VALID_JSON_METADATA,CACHE_METADATA_PRESENT,180,9b5f1a745ab076b3e4a0121ce166547f63801472b73dc4e34d066dac23f2a781
2360_2017_MOPS_t57sb01.html,LEGACY_PER_YEAR,HTML,INVALID_MOPS_RESPONSE,MOPS_RATE_LIMIT_RESPONSE,469,7f87fe0bce6b6c13fc2a88e7bf9ab00bed8d411eb6291fbbfcf3a1ade79248a2
2360_2017_MOPS_t57sb01.metadata.json,LEGACY_PER_YEAR,METADATA,VALID_JSON_METADATA,CACHE_METADATA_PRESENT,180,79721a029e673b6d7315ce9f8cbb5e26ca40e3ebc6581a3492fcc504b3c74d11
2360_2018_MOPS_t57sb01.html,LEGACY_PER_YEAR,HTML,INVALID_MOPS_RESPONSE,MOPS_RATE_LIMIT_RESPONSE,469,7f87fe0bce6b6c13fc2a88e7bf9ab00bed8d411eb6291fbbfcf3a1ade79248a2
2360_2018_MOPS_t57sb01.metadata.json,LEGACY_PER_YEAR,METADATA,VALID_JSON_METADATA,CACHE_METADATA_PRESENT,180,93179df98624a629af62f405ecbeb137a8175f5d63298939ee8d70bf17386762
2360_2019_MOPS_t57sb01.html,LEGACY_PER_YEAR,HTML,INVALID_MOPS_RESPONSE,MOPS_RATE_LIMIT_RESPONSE,469,7f87fe0bce6b6c13fc2a88e7bf9ab00bed8d411eb6291fbbfcf3a1ade79248a2
2360_2019_MOPS_t57sb01.metadata.json,LEGACY_PER_YEAR,METADATA,VALID_JSON_METADATA,CACHE_METADATA_PRESENT,180,130f76ccaefdab1a31d2b86bbf92d72a4b448c2225cafcbe5b4014c78a23788c
2360_2020_MOPS_t57sb01.html,LEGACY_PER_YEAR,HTML,INVALID_MOPS_RESPONSE,MOPS_RATE_LIMIT_RESPONSE,469,7f87fe0bce6b6c13fc2a88e7bf9ab00bed8d411eb6291fbbfcf3a1ade79248a2
2360_2020_MOPS_t57sb01.metadata.json,LEGACY_PER_YEAR,METADATA,VALID_JSON_METADATA,CACHE_METADATA_PRESENT,180,d885301e51a8fc065ef76001e49d30d37ae5e614bd0095033d424d1ee6447259
2360_2021_MOPS_t57sb01.html,LEGACY_PER_YEAR,HTML,INVALID_MOPS_RESPONSE,MOPS_RATE_LIMIT_RESPONSE,469,7f87fe0bce6b6c13fc2a88e7bf9ab00bed8d411eb6291fbbfcf3a1ade79248a2
2360_2021_MOPS_t57sb01.metadata.json,LEGACY_PER_YEAR,METADATA,VALID_JSON_METADATA,CACHE_METADATA_PRESENT,180,f51eb836058b6462789442917bc59115d3516cff62d33b3c3b077901105a200b
2360_2022_MOPS_t57sb01.html,LEGACY_PER_YEAR,HTML,INVALID_MOPS_RESPONSE,MOPS_RATE_LIMIT_RESPONSE,469,7f87fe0bce6b6c13fc2a88e7bf9ab00bed8d411eb6291fbbfcf3a1ade79248a2
2360_2022_MOPS_t57sb01.metadata.json,LEGACY_PER_YEAR,METADATA,VALID_JSON_METADATA,CACHE_METADATA_PRESENT,180,c671dd40f8a961316e96b7543b49f81c80b99bc9d25c62f9697645c417d7d28b
2360_2023_MOPS_t57sb01.html,LEGACY_PER_YEAR,HTML,INVALID_MOPS_RESPONSE,MOPS_RATE_LIMIT_RESPONSE,469,7f87fe0bce6b6c13fc2a88e7bf9ab00bed8d411eb6291fbbfcf3a1ade79248a2
2360_2023_MOPS_t57sb01.metadata.json,LEGACY_PER_YEAR,METADATA,VALID_JSON_METADATA,CACHE_METADATA_PRESENT,180,9148953c73da40c0fc8b948ca106409bf31e13776f95b88b31c336fdc7b555e1
2360_2024_MOPS_t57sb01.html,LEGACY_PER_YEAR,HTML,INVALID_MOPS_RESPONSE,MOPS_RATE_LIMIT_RESPONSE,469,7f87fe0bce6b6c13fc2a88e7bf9ab00bed8d411eb6291fbbfcf3a1ade79248a2
2360_2024_MOPS_t57sb01.metadata.json,LEGACY_PER_YEAR,METADATA,VALID_JSON_METADATA,CACHE_METADATA_PRESENT,180,9238549c953c9e0279eb5dcbc98ee1fff7c8c88aefbbe3697d77f4508bc23ebd
2360_2025_MOPS_t57sb01.html,LEGACY_PER_YEAR,HTML,INVALID_MOPS_RESPONSE,MOPS_RATE_LIMIT_RESPONSE,469,7f87fe0bce6b6c13fc2a88e7bf9ab00bed8d411eb6291fbbfcf3a1ade79248a2
2360_2025_MOPS_t57sb01.metadata.json,LEGACY_PER_YEAR,METADATA,VALID_JSON_METADATA,CACHE_METADATA_PRESENT,180,c63a4eb862b1db2331782482e5636b681477a0e9be89efd60e849ec56565936d
2360_2026_MOPS_t57sb01.html,LEGACY_PER_YEAR,HTML,INVALID_MOPS_RESPONSE,MOPS_RATE_LIMIT_RESPONSE,469,7f87fe0bce6b6c13fc2a88e7bf9ab00bed8d411eb6291fbbfcf3a1ade79248a2
2360_2026_MOPS_t57sb01.metadata.json,LEGACY_PER_YEAR,METADATA,VALID_JSON_METADATA,CACHE_METADATA_PRESENT,180,ebc6f9e2e5c4ab41264a2e9ec831b623031b27057278bc69acffdfbc3dd4fe18
2360_ALL_AVAILABLE_YEARS_MOPS_t57sb01.html,ACTIVE_ALL_YEAR,HTML,VALID_MOPS_RESPONSE,VALID_MOPS_ARCHIVE_RESPONSE,103034,050d3e7e163d81a7d2b863605684df7bedf6688487937a4567f656a66a07e77f
2360_ALL_AVAILABLE_YEARS_MOPS_t57sb01.metadata.json,ACTIVE_ALL_YEAR,METADATA,VALID_JSON_METADATA,CACHE_METADATA_PRESENT,189,9f4db7c3aa340b389dd798da7ffdca565d768f83ba4b437d281d56840ca6d385
2368_2016_MOPS_t57sb01.html,LEGACY_PER_YEAR,HTML,INVALID_MOPS_RESPONSE,MOPS_RATE_LIMIT_RESPONSE,469,7f87fe0bce6b6c13fc2a88e7bf9ab00bed8d411eb6291fbbfcf3a1ade79248a2
2368_2016_MOPS_t57sb01.metadata.json,LEGACY_PER_YEAR,METADATA,VALID_JSON_METADATA,CACHE_METADATA_PRESENT,180,1afbf7ccdaf7737595e653bf69f23c76bffd459ce063002d60ece1b144ffacb6
2368_2017_MOPS_t57sb01.html,LEGACY_PER_YEAR,HTML,INVALID_MOPS_RESPONSE,MOPS_RATE_LIMIT_RESPONSE,469,7f87fe0bce6b6c13fc2a88e7bf9ab00bed8d411eb6291fbbfcf3a1ade79248a2
2368_2017_MOPS_t57sb01.metadata.json,LEGACY_PER_YEAR,METADATA,VALID_JSON_METADATA,CACHE_METADATA_PRESENT,180,fad89afa3c08a18c5e0e8f9b616a7cbb4cb3105992e2818d02e6ebb24af90d20
2368_2018_MOPS_t57sb01.html,LEGACY_PER_YEAR,HTML,INVALID_MOPS_RESPONSE,MOPS_RATE_LIMIT_RESPONSE,469,7f87fe0bce6b6c13fc2a88e7bf9ab00bed8d411eb6291fbbfcf3a1ade79248a2
2368_2018_MOPS_t57sb01.metadata.json,LEGACY_PER_YEAR,METADATA,VALID_JSON_METADATA,CACHE_METADATA_PRESENT,180,f1f92f28615de76b81edd22889ffd0bfe1edaadb3cc07611495036e64a5c7bfa
2368_2019_MOPS_t57sb01.html,LEGACY_PER_YEAR,HTML,INVALID_MOPS_RESPONSE,MOPS_RATE_LIMIT_RESPONSE,469,7f87fe0bce6b6c13fc2a88e7bf9ab00bed8d411eb6291fbbfcf3a1ade79248a2
2368_2019_MOPS_t57sb01.metadata.json,LEGACY_PER_YEAR,METADATA,VALID_JSON_METADATA,CACHE_METADATA_PRESENT,180,f167e12bf9b04a8177a18f180063bf5dc6eeb186b66ace257041ef853e3e2057
2368_2020_MOPS_t57sb01.html,LEGACY_PER_YEAR,HTML,INVALID_MOPS_RESPONSE,MOPS_RATE_LIMIT_RESPONSE,469,7f87fe0bce6b6c13fc2a88e7bf9ab00bed8d411eb6291fbbfcf3a1ade79248a2
2368_2020_MOPS_t57sb01.metadata.json,LEGACY_PER_YEAR,METADATA,VALID_JSON_METADATA,CACHE_METADATA_PRESENT,180,8c52a2efceaaa3f1668baaad96ba76a2ca28e5c69de4276b5db572b8007d2701
2368_2021_MOPS_t57sb01.html,LEGACY_PER_YEAR,HTML,INVALID_MOPS_RESPONSE,MOPS_RATE_LIMIT_RESPONSE,469,7f87fe0bce6b6c13fc2a88e7bf9ab00bed8d411eb6291fbbfcf3a1ade79248a2
2368_2021_MOPS_t57sb01.metadata.json,LEGACY_PER_YEAR,METADATA,VALID_JSON_METADATA,CACHE_METADATA_PRESENT,180,c21f54898756b25cef44ed68d924e7a61566dbe67d725ef923ad5820b90652b9
2368_2022_MOPS_t57sb01.html,LEGACY_PER_YEAR,HTML,INVALID_MOPS_RESPONSE,MOPS_RATE_LIMIT_RESPONSE,469,7f87fe0bce6b6c13fc2a88e7bf9ab00bed8d411eb6291fbbfcf3a1ade79248a2
2368_2022_MOPS_t57sb01.metadata.json,LEGACY_PER_YEAR,METADATA,VALID_JSON_METADATA,CACHE_METADATA_PRESENT,180,941f6358189b906d4b8b7c8dfb250e0fa3f77ac7a1002e9738301526316375db
2368_2023_MOPS_t57sb01.html,LEGACY_PER_YEAR,HTML,INVALID_MOPS_RESPONSE,MOPS_RATE_LIMIT_RESPONSE,469,7f87fe0bce6b6c13fc2a88e7bf9ab00bed8d411eb6291fbbfcf3a1ade79248a2
2368_2023_MOPS_t57sb01.metadata.json,LEGACY_PER_YEAR,METADATA,VALID_JSON_METADATA,CACHE_METADATA_PRESENT,180,4b6cf0bb3789c75f7f51e080fe092338f237115364c78363dfaaff17f545e386
2368_2024_MOPS_t57sb01.html,LEGACY_PER_YEAR,HTML,INVALID_MOPS_RESPONSE,MOPS_RATE_LIMIT_RESPONSE,469,7f87fe0bce6b6c13fc2a88e7bf9ab00bed8d411eb6291fbbfcf3a1ade79248a2
2368_2024_MOPS_t57sb01.metadata.json,LEGACY_PER_YEAR,METADATA,VALID_JSON_METADATA,CACHE_METADATA_PRESENT,180,9aee084bd54b05c7bfda47cb4cfae2f2abd6d38c61a9cef64efd910871ba74eb
2368_2025_MOPS_t57sb01.html,LEGACY_PER_YEAR,HTML,VALID_MOPS_RESPONSE,VALID_MOPS_ARCHIVE_RESPONSE,7869,348f33ff43024adb05589d5a11086cf9a6d4893ee10c616117b482c3719004c1
2368_2025_MOPS_t57sb01.metadata.json,LEGACY_PER_YEAR,METADATA,VALID_JSON_METADATA,CACHE_METADATA_PRESENT,180,2f16bf142a942fb03adf2ba5926e2534c177db52a84d3cd9cb155a85c7f2f9b7
2368_2026_MOPS_t57sb01.html,LEGACY_PER_YEAR,HTML,VALID_MOPS_RESPONSE,VALID_MOPS_ARCHIVE_RESPONSE,5058,e1a5ce82450af3e896579688301201c5212eb4000f7b92db81387446fcb15d19
2368_2026_MOPS_t57sb01.metadata.json,LEGACY_PER_YEAR,METADATA,VALID_JSON_METADATA,CACHE_METADATA_PRESENT,180,893733be9ef95d99aba2c9ab511bed7f810cf117d5642fe24e81f4f81aa8ab7e
2368_ALL_AVAILABLE_YEARS_MOPS_t57sb01.html,ACTIVE_ALL_YEAR,HTML,VALID_MOPS_RESPONSE,VALID_MOPS_ARCHIVE_RESPONSE,83105,c7c31d6a2f9a98ea2b8be41ec1452d07a4942ca6295c924003a3db549b278272
2368_ALL_AVAILABLE_YEARS_MOPS_t57sb01.metadata.json,ACTIVE_ALL_YEAR,METADATA,VALID_JSON_METADATA,CACHE_METADATA_PRESENT,189,9854c72cda7eae4e3f82c797b3325b3d5383e508410ba4ec243ca87edb88256f
2382_2016_MOPS_t57sb01.html,LEGACY_PER_YEAR,HTML,VALID_MOPS_RESPONSE,VALID_MOPS_ARCHIVE_RESPONSE,7598,0f03cc996c3afcc5349cffefd6734a2397b1922a2d95df3a3c40d2119776f86e
2382_2016_MOPS_t57sb01.metadata.json,LEGACY_PER_YEAR,METADATA,VALID_JSON_METADATA,CACHE_METADATA_PRESENT,180,362c9cb582978e32b8530fb0151a864407d0a27f2fe25f2a729681c719fbe4b4
2382_2017_MOPS_t57sb01.html,LEGACY_PER_YEAR,HTML,VALID_MOPS_RESPONSE,VALID_MOPS_ARCHIVE_RESPONSE,7398,afc2f1970164170c3962e7c31db7fb12eb7180ccbaa44cd97889682bf44c59d1
2382_2017_MOPS_t57sb01.metadata.json,LEGACY_PER_YEAR,METADATA,VALID_JSON_METADATA,CACHE_METADATA_PRESENT,180,1c7f2999bd780c528f6d7ddcf25c98d4791a27ea1d5fc0d668ff9999912a8e49
2382_2018_MOPS_t57sb01.html,LEGACY_PER_YEAR,HTML,VALID_MOPS_RESPONSE,VALID_MOPS_ARCHIVE_RESPONSE,8348,0d347e597878d8bada1a158f327dccf01b558bff9eb2d5b4697c5b7b229cfcc5
2382_2018_MOPS_t57sb01.metadata.json,LEGACY_PER_YEAR,METADATA,VALID_JSON_METADATA,CACHE_METADATA_PRESENT,180,2c2afa9144992c177d9ec4b8b084ec3f2ae984a4546a9b2a38dae49c95836c9b
2382_2019_MOPS_t57sb01.html,LEGACY_PER_YEAR,HTML,VALID_MOPS_RESPONSE,VALID_MOPS_ARCHIVE_RESPONSE,7867,c3c2d0a78d93bbdb23619cb8374383ee4346330fb4dd2b8a2f5f5e527d0218c0
2382_2019_MOPS_t57sb01.metadata.json,LEGACY_PER_YEAR,METADATA,VALID_JSON_METADATA,CACHE_METADATA_PRESENT,180,49fa522725c271959e8c7f9b7c7680cce412f0a2a6a60adb7bed6e509dd5300d
2382_2020_MOPS_t57sb01.html,LEGACY_PER_YEAR,HTML,VALID_MOPS_RESPONSE,VALID_MOPS_ARCHIVE_RESPONSE,7870,307fbbb5264a9bef3e7d450824ac2bc37918c097cf7db7c78f60b463058e17bd
2382_2020_MOPS_t57sb01.metadata.json,LEGACY_PER_YEAR,METADATA,VALID_JSON_METADATA,CACHE_METADATA_PRESENT,180,b1f2b5fa9e1bcbb76befc6bdd75b9863aa7fc527efe3e5f26ed686ea7a64c8a9
2382_2021_MOPS_t57sb01.html,LEGACY_PER_YEAR,HTML,VALID_MOPS_RESPONSE,VALID_MOPS_ARCHIVE_RESPONSE,7867,70953b88c208a5e06b914e74b9d949076e370ea1be1eeb9ba3dbe1924e6620fb
2382_2021_MOPS_t57sb01.metadata.json,LEGACY_PER_YEAR,METADATA,VALID_JSON_METADATA,CACHE_METADATA_PRESENT,180,be04181f437cd8e3561b4cc381a0513b08fc00418b436a5d6d1c54c1f47f9295
2382_2022_MOPS_t57sb01.html,LEGACY_PER_YEAR,HTML,VALID_MOPS_RESPONSE,VALID_MOPS_ARCHIVE_RESPONSE,8336,d8cd229f2547b298a7b3b04a54de22699e81b39eda33a379cab0011040f5f515
2382_2022_MOPS_t57sb01.metadata.json,LEGACY_PER_YEAR,METADATA,VALID_JSON_METADATA,CACHE_METADATA_PRESENT,180,ceb13597384fc4d5c6ef7ee75923c1aa3a58b6bb3a47fa946c93111fb388fc63
2382_2023_MOPS_t57sb01.html,LEGACY_PER_YEAR,HTML,VALID_MOPS_RESPONSE,VALID_MOPS_ARCHIVE_RESPONSE,7870,b4c4b8d94e02915c43d8cdc68044861ab57aef5e3dc6c914aebebd10366920b5
2382_2023_MOPS_t57sb01.metadata.json,LEGACY_PER_YEAR,METADATA,VALID_JSON_METADATA,CACHE_METADATA_PRESENT,180,e8a45536a4cb7ca4441b5c09dab27969c7327b2827e67e7f4549250bc1c6701c
2382_2024_MOPS_t57sb01.html,LEGACY_PER_YEAR,HTML,INVALID_MOPS_RESPONSE,MOPS_RATE_LIMIT_RESPONSE,469,7f87fe0bce6b6c13fc2a88e7bf9ab00bed8d411eb6291fbbfcf3a1ade79248a2
2382_2024_MOPS_t57sb01.metadata.json,LEGACY_PER_YEAR,METADATA,VALID_JSON_METADATA,CACHE_METADATA_PRESENT,180,8da311e9d72fdeb48ff1c30e22d249ffaf48ced94dc110de4faf7afcfe4457ae
2382_2025_MOPS_t57sb01.html,LEGACY_PER_YEAR,HTML,INVALID_MOPS_RESPONSE,MOPS_RATE_LIMIT_RESPONSE,469,7f87fe0bce6b6c13fc2a88e7bf9ab00bed8d411eb6291fbbfcf3a1ade79248a2
2382_2025_MOPS_t57sb01.metadata.json,LEGACY_PER_YEAR,METADATA,VALID_JSON_METADATA,CACHE_METADATA_PRESENT,180,71386efdb6059c430d111f9f1b8abff7462e5ce28d66452bef56d419594bee23
2382_2026_MOPS_t57sb01.html,LEGACY_PER_YEAR,HTML,VALID_MOPS_RESPONSE,VALID_MOPS_ARCHIVE_RESPONSE,4584,d36da4472b86fcc0ab6fb2d84a8d987022a348e0fe24c4ddd49b1a9b8597f478
2382_2026_MOPS_t57sb01.metadata.json,LEGACY_PER_YEAR,METADATA,VALID_JSON_METADATA,CACHE_METADATA_PRESENT,180,d03f15ce61f8a96360945165f4f6d8f0dee77cab02fa6b10d8697d9aa8badff6
2382_ALL_AVAILABLE_YEARS_MOPS_t57sb01.html,ACTIVE_ALL_YEAR,HTML,VALID_MOPS_RESPONSE,VALID_MOPS_ARCHIVE_RESPONSE,116300,e37aec5bf62c331a36956a60341b68875daf8ea6dc4f2a2d5a9355e717ca5dc0
2382_ALL_AVAILABLE_YEARS_MOPS_t57sb01.metadata.json,ACTIVE_ALL_YEAR,METADATA,VALID_JSON_METADATA,CACHE_METADATA_PRESENT,189,f141f49e14782c9b44816cb6b2dae21e052b4931fcdc73b6a1b389349804ed5d
2383_2016_MOPS_t57sb01.html,LEGACY_PER_YEAR,HTML,INVALID_MOPS_RESPONSE,MOPS_RATE_LIMIT_RESPONSE,469,7f87fe0bce6b6c13fc2a88e7bf9ab00bed8d411eb6291fbbfcf3a1ade79248a2
2383_2016_MOPS_t57sb01.metadata.json,LEGACY_PER_YEAR,METADATA,VALID_JSON_METADATA,CACHE_METADATA_PRESENT,180,44421a6bd07bc473828be22402fd9eab83e247bb3df4aa2760b1d21c6fd38477
2383_2017_MOPS_t57sb01.html,LEGACY_PER_YEAR,HTML,INVALID_MOPS_RESPONSE,MOPS_RATE_LIMIT_RESPONSE,469,7f87fe0bce6b6c13fc2a88e7bf9ab00bed8d411eb6291fbbfcf3a1ade79248a2
2383_2017_MOPS_t57sb01.metadata.json,LEGACY_PER_YEAR,METADATA,VALID_JSON_METADATA,CACHE_METADATA_PRESENT,180,434e03d8b80c744150c92983961ac0af7177ab7053f697be607b5f9ea76a8fa4
2383_2018_MOPS_t57sb01.html,LEGACY_PER_YEAR,HTML,VALID_MOPS_RESPONSE,VALID_MOPS_ARCHIVE_RESPONSE,6453,20342fcfabf341f70abc9c8d1945e6b5c1ebe57ad0c8a866054d19b7df9c2e2e
2383_2018_MOPS_t57sb01.metadata.json,LEGACY_PER_YEAR,METADATA,VALID_JSON_METADATA,CACHE_METADATA_PRESENT,180,eb5fe27ec919dd096a003d6836404d963c846bbd3c9a51b39953252a76cbcdd7
2383_2019_MOPS_t57sb01.html,LEGACY_PER_YEAR,HTML,INVALID_MOPS_RESPONSE,MOPS_RATE_LIMIT_RESPONSE,469,7f87fe0bce6b6c13fc2a88e7bf9ab00bed8d411eb6291fbbfcf3a1ade79248a2
2383_2019_MOPS_t57sb01.metadata.json,LEGACY_PER_YEAR,METADATA,VALID_JSON_METADATA,CACHE_METADATA_PRESENT,180,015df72e94aa51cf71e01be596b6b0496f96b142f0f903d247deb9d27a8e28ee
2383_2020_MOPS_t57sb01.html,LEGACY_PER_YEAR,HTML,INVALID_MOPS_RESPONSE,MOPS_RATE_LIMIT_RESPONSE,469,7f87fe0bce6b6c13fc2a88e7bf9ab00bed8d411eb6291fbbfcf3a1ade79248a2
2383_2020_MOPS_t57sb01.metadata.json,LEGACY_PER_YEAR,METADATA,VALID_JSON_METADATA,CACHE_METADATA_PRESENT,180,48c3d5bfcf3cbee78c447d27c2ffecc1d420468bc0dacad494b6e0e5f45940ef
2383_2021_MOPS_t57sb01.html,LEGACY_PER_YEAR,HTML,INVALID_MOPS_RESPONSE,MOPS_RATE_LIMIT_RESPONSE,469,7f87fe0bce6b6c13fc2a88e7bf9ab00bed8d411eb6291fbbfcf3a1ade79248a2
2383_2021_MOPS_t57sb01.metadata.json,LEGACY_PER_YEAR,METADATA,VALID_JSON_METADATA,CACHE_METADATA_PRESENT,180,33a73ea0905afbc74ca00b4157d559cd898e9c3e5f41beb6abe7afd6e0f5ae6f
2383_2022_MOPS_t57sb01.html,LEGACY_PER_YEAR,HTML,INVALID_MOPS_RESPONSE,MOPS_RATE_LIMIT_RESPONSE,469,7f87fe0bce6b6c13fc2a88e7bf9ab00bed8d411eb6291fbbfcf3a1ade79248a2
2383_2022_MOPS_t57sb01.metadata.json,LEGACY_PER_YEAR,METADATA,VALID_JSON_METADATA,CACHE_METADATA_PRESENT,180,0fd6fa349adbd7fc80cd92bdc23f71072d45fb29ecc923bd8fd3720b6b1d1233
2383_2023_MOPS_t57sb01.html,LEGACY_PER_YEAR,HTML,INVALID_MOPS_RESPONSE,MOPS_RATE_LIMIT_RESPONSE,469,7f87fe0bce6b6c13fc2a88e7bf9ab00bed8d411eb6291fbbfcf3a1ade79248a2
2383_2023_MOPS_t57sb01.metadata.json,LEGACY_PER_YEAR,METADATA,VALID_JSON_METADATA,CACHE_METADATA_PRESENT,180,51ada8aa5db527355721c8b5c42c1b4a0ecaa49e58ff383339a0fec33c0b1daf
2383_2024_MOPS_t57sb01.html,LEGACY_PER_YEAR,HTML,INVALID_MOPS_RESPONSE,MOPS_RATE_LIMIT_RESPONSE,469,7f87fe0bce6b6c13fc2a88e7bf9ab00bed8d411eb6291fbbfcf3a1ade79248a2
2383_2024_MOPS_t57sb01.metadata.json,LEGACY_PER_YEAR,METADATA,VALID_JSON_METADATA,CACHE_METADATA_PRESENT,180,5267c41cc18e3949547a49c8d4301bd238475d6f9070b0a741234a9a83a84194
2383_2025_MOPS_t57sb01.html,LEGACY_PER_YEAR,HTML,INVALID_MOPS_RESPONSE,MOPS_RATE_LIMIT_RESPONSE,469,7f87fe0bce6b6c13fc2a88e7bf9ab00bed8d411eb6291fbbfcf3a1ade79248a2
2383_2025_MOPS_t57sb01.metadata.json,LEGACY_PER_YEAR,METADATA,VALID_JSON_METADATA,CACHE_METADATA_PRESENT,180,6612cc2616ac7a541f8eaf8a884f8fab5cc65032569ab64a6df24c40e417306b
2383_2026_MOPS_t57sb01.html,LEGACY_PER_YEAR,HTML,INVALID_MOPS_RESPONSE,MOPS_RATE_LIMIT_RESPONSE,469,7f87fe0bce6b6c13fc2a88e7bf9ab00bed8d411eb6291fbbfcf3a1ade79248a2
2383_2026_MOPS_t57sb01.metadata.json,LEGACY_PER_YEAR,METADATA,VALID_JSON_METADATA,CACHE_METADATA_PRESENT,180,74b98216a9e6ea831d2643b8ab72e90c9263b1f866813338bdb99eaa17fcc7ff
2383_ALL_AVAILABLE_YEARS_MOPS_t57sb01.html,ACTIVE_ALL_YEAR,HTML,VALID_MOPS_RESPONSE,VALID_MOPS_ARCHIVE_RESPONSE,91793,a2737800da6678d5c399f6c5eba9aa72cae9b8de2701ce285c97028494ad3d21
2383_ALL_AVAILABLE_YEARS_MOPS_t57sb01.metadata.json,ACTIVE_ALL_YEAR,METADATA,VALID_JSON_METADATA,CACHE_METADATA_PRESENT,189,e55108442949ed728c334e895074e4d87428034720aba07bcbf8ac18b0ce4584
2395_2016_MOPS_t57sb01.html,LEGACY_PER_YEAR,HTML,INVALID_MOPS_RESPONSE,MOPS_RATE_LIMIT_RESPONSE,469,7f87fe0bce6b6c13fc2a88e7bf9ab00bed8d411eb6291fbbfcf3a1ade79248a2
2395_2016_MOPS_t57sb01.metadata.json,LEGACY_PER_YEAR,METADATA,VALID_JSON_METADATA,CACHE_METADATA_PRESENT,180,44c03e60675a2c2b656d6b0022ddfee7a244515fff12e79ba6718a48055d672a
2395_2017_MOPS_t57sb01.html,LEGACY_PER_YEAR,HTML,INVALID_MOPS_RESPONSE,MOPS_RATE_LIMIT_RESPONSE,469,7f87fe0bce6b6c13fc2a88e7bf9ab00bed8d411eb6291fbbfcf3a1ade79248a2
2395_2017_MOPS_t57sb01.metadata.json,LEGACY_PER_YEAR,METADATA,VALID_JSON_METADATA,CACHE_METADATA_PRESENT,180,104ac5f99dec5c0809c85b90b627e6c878345c44452409655b5c01c24bb62d3c
2395_2018_MOPS_t57sb01.html,LEGACY_PER_YEAR,HTML,INVALID_MOPS_RESPONSE,MOPS_RATE_LIMIT_RESPONSE,469,7f87fe0bce6b6c13fc2a88e7bf9ab00bed8d411eb6291fbbfcf3a1ade79248a2
2395_2018_MOPS_t57sb01.metadata.json,LEGACY_PER_YEAR,METADATA,VALID_JSON_METADATA,CACHE_METADATA_PRESENT,180,476b5242a45d827f845943e8bd7949a85fff0e44ae3b82a0f14064af66e1d619
2395_2019_MOPS_t57sb01.html,LEGACY_PER_YEAR,HTML,INVALID_MOPS_RESPONSE,MOPS_RATE_LIMIT_RESPONSE,469,7f87fe0bce6b6c13fc2a88e7bf9ab00bed8d411eb6291fbbfcf3a1ade79248a2
2395_2019_MOPS_t57sb01.metadata.json,LEGACY_PER_YEAR,METADATA,VALID_JSON_METADATA,CACHE_METADATA_PRESENT,180,24c4f96cf26b16c3851c72f4abefdd09ba3af6fc65605391c55786a1d50cb56a
2395_2020_MOPS_t57sb01.html,LEGACY_PER_YEAR,HTML,INVALID_MOPS_RESPONSE,MOPS_RATE_LIMIT_RESPONSE,469,7f87fe0bce6b6c13fc2a88e7bf9ab00bed8d411eb6291fbbfcf3a1ade79248a2
2395_2020_MOPS_t57sb01.metadata.json,LEGACY_PER_YEAR,METADATA,VALID_JSON_METADATA,CACHE_METADATA_PRESENT,180,469148debb8be0d2bb9d00bd6f9a0fab8b895b8a76083b261c1e1adaf48599a5
2395_2021_MOPS_t57sb01.html,LEGACY_PER_YEAR,HTML,INVALID_MOPS_RESPONSE,MOPS_RATE_LIMIT_RESPONSE,469,7f87fe0bce6b6c13fc2a88e7bf9ab00bed8d411eb6291fbbfcf3a1ade79248a2
2395_2021_MOPS_t57sb01.metadata.json,LEGACY_PER_YEAR,METADATA,VALID_JSON_METADATA,CACHE_METADATA_PRESENT,180,cdd7a52da08c5c9ec1d55c75f107259412e08940ca2987da6b1477eb20e62dd8
2395_2022_MOPS_t57sb01.html,LEGACY_PER_YEAR,HTML,INVALID_MOPS_RESPONSE,MOPS_RATE_LIMIT_RESPONSE,469,7f87fe0bce6b6c13fc2a88e7bf9ab00bed8d411eb6291fbbfcf3a1ade79248a2
2395_2022_MOPS_t57sb01.metadata.json,LEGACY_PER_YEAR,METADATA,VALID_JSON_METADATA,CACHE_METADATA_PRESENT,180,df9ed1cbf04645268d54353ecca50c8909ada7b2137915c2f00c6b7bbbc04b07
2395_2023_MOPS_t57sb01.html,LEGACY_PER_YEAR,HTML,INVALID_MOPS_RESPONSE,MOPS_RATE_LIMIT_RESPONSE,469,7f87fe0bce6b6c13fc2a88e7bf9ab00bed8d411eb6291fbbfcf3a1ade79248a2
2395_2023_MOPS_t57sb01.metadata.json,LEGACY_PER_YEAR,METADATA,VALID_JSON_METADATA,CACHE_METADATA_PRESENT,180,9579fe65fb0f63a31f6db11c42c3b8e5f86637df57353f28a07f33d7a4ee1b20
2395_2024_MOPS_t57sb01.html,LEGACY_PER_YEAR,HTML,VALID_MOPS_RESPONSE,VALID_MOPS_ARCHIVE_RESPONSE,8273,2bf10c84396adc969a2a819ab509735c9aeb296de501a4b1957bef624e3d381a
2395_2024_MOPS_t57sb01.metadata.json,LEGACY_PER_YEAR,METADATA,VALID_JSON_METADATA,CACHE_METADATA_PRESENT,180,e5e6624103833ef9852ad7a22679c990515b4a433467538f3d66acbc3cf6c99d
2395_2025_MOPS_t57sb01.html,LEGACY_PER_YEAR,HTML,VALID_MOPS_RESPONSE,VALID_MOPS_ARCHIVE_RESPONSE,8077,d7433ed5b9fb45deaff192372749e09cedc0297bdcd9de30d8c57d6ef71d0b51
2395_2025_MOPS_t57sb01.metadata.json,LEGACY_PER_YEAR,METADATA,VALID_JSON_METADATA,CACHE_METADATA_PRESENT,180,3c3fca11804a70d386129b44e4574c42c6ac5ea2aa92782895ec2422a76e06f7
2395_2026_MOPS_t57sb01.html,LEGACY_PER_YEAR,HTML,VALID_MOPS_RESPONSE,VALID_MOPS_ARCHIVE_RESPONSE,5056,babc5e1c367855686ad61ac8df55dd33b588d1bcacea7e0bdb394462ef669192
2395_2026_MOPS_t57sb01.metadata.json,LEGACY_PER_YEAR,METADATA,VALID_JSON_METADATA,CACHE_METADATA_PRESENT,180,0201b6e64910c443a241f2b8851e337c5dba6b4046c0ba7fd9be3a516c73ca8d
2395_ALL_AVAILABLE_YEARS_MOPS_t57sb01.html,ACTIVE_ALL_YEAR,HTML,VALID_MOPS_RESPONSE,VALID_MOPS_ARCHIVE_RESPONSE,104840,6b177f0d42746c7721cf11a30959c01ca4f5839ff1bfd84551bb0ce30e426ef2
2395_ALL_AVAILABLE_YEARS_MOPS_t57sb01.metadata.json,ACTIVE_ALL_YEAR,METADATA,VALID_JSON_METADATA,CACHE_METADATA_PRESENT,189,a9d69a1f8ae1c7f289b2c763861511b5beab176f07c57d2566ec9cd42cf41f75
2408_2016_MOPS_t57sb01.html,LEGACY_PER_YEAR,HTML,VALID_MOPS_RESPONSE,VALID_MOPS_ARCHIVE_RESPONSE,7869,3d587f678d836fadbfd57bc5216a109ceac3092150babbd89ea8eda54665b2b7
2408_2016_MOPS_t57sb01.metadata.json,LEGACY_PER_YEAR,METADATA,VALID_JSON_METADATA,CACHE_METADATA_PRESENT,180,a6294400e2c364eba681ad633802770a554817b17c71e24a4576ac955d16e479
2408_2017_MOPS_t57sb01.html,LEGACY_PER_YEAR,HTML,VALID_MOPS_RESPONSE,VALID_MOPS_ARCHIVE_RESPONSE,7869,6d72db9d5bf7a18551fea919edacdad0b4738be71540694e18420c009476b7dc
2408_2017_MOPS_t57sb01.metadata.json,LEGACY_PER_YEAR,METADATA,VALID_JSON_METADATA,CACHE_METADATA_PRESENT,180,eeb9c793b410c6ff48bf187bc1b76109fd92b2ac5f7ac83771b64292a9924768
2408_2018_MOPS_t57sb01.html,LEGACY_PER_YEAR,HTML,VALID_MOPS_RESPONSE,VALID_MOPS_ARCHIVE_RESPONSE,8275,6ff5fd2d41b6af7e11e220df9d51283acaef1cf7830add9f9e031dbb1649c614
2408_2018_MOPS_t57sb01.metadata.json,LEGACY_PER_YEAR,METADATA,VALID_JSON_METADATA,CACHE_METADATA_PRESENT,180,b80d47c3b3ada3e4f3752a99cbf93a4977eefeefebb7999f0085469ea9d46d2f
2408_2019_MOPS_t57sb01.html,LEGACY_PER_YEAR,HTML,VALID_MOPS_RESPONSE,VALID_MOPS_ARCHIVE_RESPONSE,7869,5e1aee4cfc83b71620762f4ddff38ee4b8c3f6ea0cd7c6b3e5f3911f83645fcf
2408_2019_MOPS_t57sb01.metadata.json,LEGACY_PER_YEAR,METADATA,VALID_JSON_METADATA,CACHE_METADATA_PRESENT,180,d01f7902aa9006a053606e4621b7d4165e0b84f914bb2655e1d6cad8833c9706
2408_2020_MOPS_t57sb01.html,LEGACY_PER_YEAR,HTML,VALID_MOPS_RESPONSE,VALID_MOPS_ARCHIVE_RESPONSE,7869,4bb1541305ac163d449ec6e85fa04926174bac141b582c8e40ef77d5d5b6c080
2408_2020_MOPS_t57sb01.metadata.json,LEGACY_PER_YEAR,METADATA,VALID_JSON_METADATA,CACHE_METADATA_PRESENT,180,a120d2f3cbd98394cb04866e3d01a29e9d8169db28d52f84b82c5d83a9fb64fa
2408_2021_MOPS_t57sb01.html,LEGACY_PER_YEAR,HTML,INVALID_MOPS_RESPONSE,MOPS_RATE_LIMIT_RESPONSE,469,7f87fe0bce6b6c13fc2a88e7bf9ab00bed8d411eb6291fbbfcf3a1ade79248a2
2408_2021_MOPS_t57sb01.metadata.json,LEGACY_PER_YEAR,METADATA,VALID_JSON_METADATA,CACHE_METADATA_PRESENT,180,9ee43f26bd9e0e86083a647062b67f70bd9680b8d092a2a0024d22d8b02c1f0e
2408_2022_MOPS_t57sb01.html,LEGACY_PER_YEAR,HTML,INVALID_MOPS_RESPONSE,MOPS_RATE_LIMIT_RESPONSE,469,7f87fe0bce6b6c13fc2a88e7bf9ab00bed8d411eb6291fbbfcf3a1ade79248a2
2408_2022_MOPS_t57sb01.metadata.json,LEGACY_PER_YEAR,METADATA,VALID_JSON_METADATA,CACHE_METADATA_PRESENT,180,113534e7999035a2588f4493f26648d42bad8bcf864f6376e9fe27a939a57b5d
2408_2023_MOPS_t57sb01.html,LEGACY_PER_YEAR,HTML,VALID_MOPS_RESPONSE,VALID_MOPS_ARCHIVE_RESPONSE,7869,78fe75596d8a3db9e3a4fb9f6bca0e73c0d64eb26e5c3edb01bfe15a1f42cc0b
2408_2023_MOPS_t57sb01.metadata.json,LEGACY_PER_YEAR,METADATA,VALID_JSON_METADATA,CACHE_METADATA_PRESENT,180,8e8dbc00733e2196077e6d63c3bf5349b4fdfa3e7194695cf524795168e79b09
2408_2024_MOPS_t57sb01.html,LEGACY_PER_YEAR,HTML,VALID_MOPS_RESPONSE,VALID_MOPS_ARCHIVE_RESPONSE,7869,ba03eaff3c0c7488918b27f0327a0dbb1221005ee131da69d33c70d6e7814dbe
2408_2024_MOPS_t57sb01.metadata.json,LEGACY_PER_YEAR,METADATA,VALID_JSON_METADATA,CACHE_METADATA_PRESENT,180,db1411ff5a41774f8e07e7d823fc4652a16ac3c8ff3f308b1daca86caf88080d
2408_2025_MOPS_t57sb01.html,LEGACY_PER_YEAR,HTML,VALID_MOPS_RESPONSE,VALID_MOPS_ARCHIVE_RESPONSE,7869,39be27cdb1fdaa6d02949d65fe077e67ef8d968d3736c0327f0743296e339b90
2408_2025_MOPS_t57sb01.metadata.json,LEGACY_PER_YEAR,METADATA,VALID_JSON_METADATA,CACHE_METADATA_PRESENT,180,bc95a90bb792181d95b9898dfe7cda2c0773ab5c4fe090eb250e0286c5c54ae8
2408_2026_MOPS_t57sb01.html,LEGACY_PER_YEAR,HTML,VALID_MOPS_RESPONSE,VALID_MOPS_ARCHIVE_RESPONSE,5058,ac1a273750b4d14ec9686b79f03b1251ee2c66b865f41c6512f05b2da10f2f8a
2408_2026_MOPS_t57sb01.metadata.json,LEGACY_PER_YEAR,METADATA,VALID_JSON_METADATA,CACHE_METADATA_PRESENT,180,d5da74455e7ed8d6f7b227218fb4cf021af557d78294f64b43b044a04e425a62
2408_ALL_AVAILABLE_YEARS_MOPS_t57sb01.html,ACTIVE_ALL_YEAR,HTML,VALID_MOPS_RESPONSE,VALID_MOPS_ARCHIVE_RESPONSE,100513,fd2d6654b5a28c066677a7689411b4c47a23ec073fefa4ffacfce996197f2c2b
2408_ALL_AVAILABLE_YEARS_MOPS_t57sb01.metadata.json,ACTIVE_ALL_YEAR,METADATA,VALID_JSON_METADATA,CACHE_METADATA_PRESENT,189,2c5d9f5eb8da33329971ab847869572a2db43028c5aa2241e55bcb3a479d63c3
2412_2016_MOPS_t57sb01.html,LEGACY_PER_YEAR,HTML,INVALID_MOPS_RESPONSE,MOPS_RATE_LIMIT_RESPONSE,469,7f87fe0bce6b6c13fc2a88e7bf9ab00bed8d411eb6291fbbfcf3a1ade79248a2
2412_2016_MOPS_t57sb01.metadata.json,LEGACY_PER_YEAR,METADATA,VALID_JSON_METADATA,CACHE_METADATA_PRESENT,180,24713064e1cf67bfe538ccb28b3ec0b76a4ebb1df37da0ad2ae6ea0d718f3ae3
2412_2017_MOPS_t57sb01.html,LEGACY_PER_YEAR,HTML,INVALID_MOPS_RESPONSE,MOPS_RATE_LIMIT_RESPONSE,469,7f87fe0bce6b6c13fc2a88e7bf9ab00bed8d411eb6291fbbfcf3a1ade79248a2
2412_2017_MOPS_t57sb01.metadata.json,LEGACY_PER_YEAR,METADATA,VALID_JSON_METADATA,CACHE_METADATA_PRESENT,180,d532c82601c673f973bccde1740f14e84aff90e9c0143f58344fa2ede4fcccb0
2412_2018_MOPS_t57sb01.html,LEGACY_PER_YEAR,HTML,INVALID_MOPS_RESPONSE,MOPS_RATE_LIMIT_RESPONSE,469,7f87fe0bce6b6c13fc2a88e7bf9ab00bed8d411eb6291fbbfcf3a1ade79248a2
2412_2018_MOPS_t57sb01.metadata.json,LEGACY_PER_YEAR,METADATA,VALID_JSON_METADATA,CACHE_METADATA_PRESENT,180,181312a861a8dea315127bce208d590a29de023ea0bb340bc60162b984475be1
2412_2019_MOPS_t57sb01.html,LEGACY_PER_YEAR,HTML,INVALID_MOPS_RESPONSE,MOPS_RATE_LIMIT_RESPONSE,469,7f87fe0bce6b6c13fc2a88e7bf9ab00bed8d411eb6291fbbfcf3a1ade79248a2
2412_2019_MOPS_t57sb01.metadata.json,LEGACY_PER_YEAR,METADATA,VALID_JSON_METADATA,CACHE_METADATA_PRESENT,180,840a3e90ad35679afe514985e8a8502d915274f6fb8d069ed9767dcafcc13429
2412_2020_MOPS_t57sb01.html,LEGACY_PER_YEAR,HTML,INVALID_MOPS_RESPONSE,MOPS_RATE_LIMIT_RESPONSE,469,7f87fe0bce6b6c13fc2a88e7bf9ab00bed8d411eb6291fbbfcf3a1ade79248a2
2412_2020_MOPS_t57sb01.metadata.json,LEGACY_PER_YEAR,METADATA,VALID_JSON_METADATA,CACHE_METADATA_PRESENT,180,aa988dba05a8042e7900fc69c5260457966d0687015e10e20f336a444a4b9390
2412_2021_MOPS_t57sb01.html,LEGACY_PER_YEAR,HTML,INVALID_MOPS_RESPONSE,MOPS_RATE_LIMIT_RESPONSE,469,7f87fe0bce6b6c13fc2a88e7bf9ab00bed8d411eb6291fbbfcf3a1ade79248a2
2412_2021_MOPS_t57sb01.metadata.json,LEGACY_PER_YEAR,METADATA,VALID_JSON_METADATA,CACHE_METADATA_PRESENT,180,53f83c3e3d1179ca4d7dedcf5dc260fcff284adf982c9ccec8e5a429ae22a5f3
2412_2022_MOPS_t57sb01.html,LEGACY_PER_YEAR,HTML,INVALID_MOPS_RESPONSE,MOPS_RATE_LIMIT_RESPONSE,469,7f87fe0bce6b6c13fc2a88e7bf9ab00bed8d411eb6291fbbfcf3a1ade79248a2
2412_2022_MOPS_t57sb01.metadata.json,LEGACY_PER_YEAR,METADATA,VALID_JSON_METADATA,CACHE_METADATA_PRESENT,180,437ad2c4dc4dbaa5cf2708c24f9d3e7ef58b525a8ca9a0772bcfcdc5d6c66b91
2412_2023_MOPS_t57sb01.html,LEGACY_PER_YEAR,HTML,INVALID_MOPS_RESPONSE,MOPS_RATE_LIMIT_RESPONSE,469,7f87fe0bce6b6c13fc2a88e7bf9ab00bed8d411eb6291fbbfcf3a1ade79248a2
2412_2023_MOPS_t57sb01.metadata.json,LEGACY_PER_YEAR,METADATA,VALID_JSON_METADATA,CACHE_METADATA_PRESENT,180,98fc57c18097a6e863be361f6436770882a94bba713033ca87274dd2f5ad15dc
2412_2024_MOPS_t57sb01.html,LEGACY_PER_YEAR,HTML,INVALID_MOPS_RESPONSE,MOPS_RATE_LIMIT_RESPONSE,469,7f87fe0bce6b6c13fc2a88e7bf9ab00bed8d411eb6291fbbfcf3a1ade79248a2
2412_2024_MOPS_t57sb01.metadata.json,LEGACY_PER_YEAR,METADATA,VALID_JSON_METADATA,CACHE_METADATA_PRESENT,180,267f6b974e8505bcecc133a763f150ac9a61f02c956b6de1b126ad7b3be8f7ae
2412_2025_MOPS_t57sb01.html,LEGACY_PER_YEAR,HTML,VALID_MOPS_RESPONSE,VALID_MOPS_ARCHIVE_RESPONSE,7869,15f4aead574759afc9e25f74ba8df441cec942f97d97fd4fab8c09602fcfb25c
2412_2025_MOPS_t57sb01.metadata.json,LEGACY_PER_YEAR,METADATA,VALID_JSON_METADATA,CACHE_METADATA_PRESENT,180,acb9ee0388027f16ddce8d648976eb624b9ea487231403b927cc665db76a3cae
2412_2026_MOPS_t57sb01.html,LEGACY_PER_YEAR,HTML,VALID_MOPS_RESPONSE,VALID_MOPS_ARCHIVE_RESPONSE,5058,832d55395384de5b955ff1fe5d06deec90b8f5d16a41606ffb4b0b08defa4df5
2412_2026_MOPS_t57sb01.metadata.json,LEGACY_PER_YEAR,METADATA,VALID_JSON_METADATA,CACHE_METADATA_PRESENT,180,bc5e41d00136811ac321293c52c627ca64cdd5eb740becd51fec6c898441d48b
2412_ALL_AVAILABLE_YEARS_MOPS_t57sb01.html,ACTIVE_ALL_YEAR,HTML,VALID_MOPS_RESPONSE,VALID_MOPS_ARCHIVE_RESPONSE,101644,9db7fd4f0d590e233f6ebf64f5626be53aa45d1d34af5b969d1891e3fe9b734c
2412_ALL_AVAILABLE_YEARS_MOPS_t57sb01.metadata.json,ACTIVE_ALL_YEAR,METADATA,VALID_JSON_METADATA,CACHE_METADATA_PRESENT,189,5a2051cd083020796c2537613bc6ba7228b6d0b5ed0863c33667803dac6dfd7a
2449_2016_MOPS_t57sb01.html,LEGACY_PER_YEAR,HTML,VALID_MOPS_RESPONSE,VALID_MOPS_ARCHIVE_RESPONSE,6526,2795b274cfee35a998b1918b745ddf40393da9f4e58b26e3231ce4a4d1f12e35
2449_2016_MOPS_t57sb01.metadata.json,LEGACY_PER_YEAR,METADATA,VALID_JSON_METADATA,CACHE_METADATA_PRESENT,180,d96aefdd7e50a5066b7ccd2e11ab9b6fd19a1ea9fa715a60a030dfd718de74c4
2449_2017_MOPS_t57sb01.html,LEGACY_PER_YEAR,HTML,VALID_MOPS_RESPONSE,VALID_MOPS_ARCHIVE_RESPONSE,6526,6d62f49dae38e72f0a75e3755bf3437a6764e74042fb17b1a0d3baa7a5b9759b
2449_2017_MOPS_t57sb01.metadata.json,LEGACY_PER_YEAR,METADATA,VALID_JSON_METADATA,CACHE_METADATA_PRESENT,180,aa656c4e7a37f243450eaf24264670f75359158f617dab34971789eacb5aa3ca
2449_2018_MOPS_t57sb01.html,LEGACY_PER_YEAR,HTML,VALID_MOPS_RESPONSE,VALID_MOPS_ARCHIVE_RESPONSE,7462,80a2f66211f916af188d4cec52c24f8f0e485e27f51f50d8abf73d052ea9464b
2449_2018_MOPS_t57sb01.metadata.json,LEGACY_PER_YEAR,METADATA,VALID_JSON_METADATA,CACHE_METADATA_PRESENT,180,e01a29796218a575f49d161843992e8df8a37c3af0ae4f74858c567c4e87b82d
2449_2019_MOPS_t57sb01.html,LEGACY_PER_YEAR,HTML,VALID_MOPS_RESPONSE,VALID_MOPS_ARCHIVE_RESPONSE,7470,6b2aaf0bb8c0757d9886f4457bf05ad9530449c391f2b7970efa210d0ffbbec8
2449_2019_MOPS_t57sb01.metadata.json,LEGACY_PER_YEAR,METADATA,VALID_JSON_METADATA,CACHE_METADATA_PRESENT,180,8ea59bfd5a7346bb4205e051c4aaddbdfa63bd9b128da012405bfd82a3f6a752
2449_2020_MOPS_t57sb01.html,LEGACY_PER_YEAR,HTML,VALID_MOPS_RESPONSE,VALID_MOPS_ARCHIVE_RESPONSE,7470,d49ca1b6b306c5431e92117cb2114291f6ce98e0bbc2fdc076b8c12ff3302e86
2449_2020_MOPS_t57sb01.metadata.json,LEGACY_PER_YEAR,METADATA,VALID_JSON_METADATA,CACHE_METADATA_PRESENT,180,579526066a4e1991b64b5892af470dace5ed3869d67667d420727713b61d9292
2449_2021_MOPS_t57sb01.html,LEGACY_PER_YEAR,HTML,VALID_MOPS_RESPONSE,VALID_MOPS_ARCHIVE_RESPONSE,7470,01eb4785ae15a8eda91150b55f3f5bbb841624934d108ff6285031acf4f530bf
2449_2021_MOPS_t57sb01.metadata.json,LEGACY_PER_YEAR,METADATA,VALID_JSON_METADATA,CACHE_METADATA_PRESENT,180,44fa0b921382227ada9d1d16774af4b5cbe6afcaa77bd3544e1d9c817f7cc146
2449_2022_MOPS_t57sb01.html,LEGACY_PER_YEAR,HTML,VALID_MOPS_RESPONSE,VALID_MOPS_ARCHIVE_RESPONSE,6861,6e48c2cf508f5055d4e3f2becfbc521ef2fc846f746e7f333944f1ae6853d0a1
2449_2022_MOPS_t57sb01.metadata.json,LEGACY_PER_YEAR,METADATA,VALID_JSON_METADATA,CACHE_METADATA_PRESENT,180,a82dc52f73834c1c6a2dd30e700feeec641daf041d9a5d219f3efe4cfbb5cc78
2449_2023_MOPS_t57sb01.html,LEGACY_PER_YEAR,HTML,VALID_MOPS_RESPONSE,VALID_MOPS_ARCHIVE_RESPONSE,6518,058d471485e13281db71b1632dcb0b4a9a6082222c9ce7aad59d68ccdecee5ca
2449_2023_MOPS_t57sb01.metadata.json,LEGACY_PER_YEAR,METADATA,VALID_JSON_METADATA,CACHE_METADATA_PRESENT,180,2a8a059352801699ad4638b195ee40320d77610b1b1e878155f65c329358e6d8
2449_2024_MOPS_t57sb01.html,LEGACY_PER_YEAR,HTML,VALID_MOPS_RESPONSE,VALID_MOPS_ARCHIVE_RESPONSE,7871,e8c040e391ce7f5291ff829b072fced720f2a0375059c8c143a7cea4fa6e5494
2449_2024_MOPS_t57sb01.metadata.json,LEGACY_PER_YEAR,METADATA,VALID_JSON_METADATA,CACHE_METADATA_PRESENT,180,7d17039390a85f4cc1da1c3ee64fa5cf81408fa4ac63951f3032b57c21d163bb
2449_2025_MOPS_t57sb01.html,LEGACY_PER_YEAR,HTML,INVALID_MOPS_RESPONSE,MOPS_RATE_LIMIT_RESPONSE,469,7f87fe0bce6b6c13fc2a88e7bf9ab00bed8d411eb6291fbbfcf3a1ade79248a2
2449_2025_MOPS_t57sb01.metadata.json,LEGACY_PER_YEAR,METADATA,VALID_JSON_METADATA,CACHE_METADATA_PRESENT,180,5a1f907717823d580e669f55bde97a7e3d848da7ede73f9507a358da163ffaaa
2449_2026_MOPS_t57sb01.html,LEGACY_PER_YEAR,HTML,INVALID_MOPS_RESPONSE,MOPS_RATE_LIMIT_RESPONSE,469,7f87fe0bce6b6c13fc2a88e7bf9ab00bed8d411eb6291fbbfcf3a1ade79248a2
2449_2026_MOPS_t57sb01.metadata.json,LEGACY_PER_YEAR,METADATA,VALID_JSON_METADATA,CACHE_METADATA_PRESENT,180,161b8d846871645e143c57bd483406b277414081a704d5fd1bee33df1ceccfd8
2449_ALL_AVAILABLE_YEARS_MOPS_t57sb01.html,ACTIVE_ALL_YEAR,HTML,VALID_MOPS_RESPONSE,VALID_MOPS_ARCHIVE_RESPONSE,91616,308dee898e7f228511ae604a7860ab2e098411d94efe546e1fc664244e038f7e
2449_ALL_AVAILABLE_YEARS_MOPS_t57sb01.metadata.json,ACTIVE_ALL_YEAR,METADATA,VALID_JSON_METADATA,CACHE_METADATA_PRESENT,189,50a0233802e78c5b1e75e56372a6d78dff8510795a86dffb5daa7df7bcded8cc
2454_2016_MOPS_t57sb01.html,LEGACY_PER_YEAR,HTML,VALID_MOPS_RESPONSE,VALID_MOPS_ARCHIVE_RESPONSE,7869,b125cc6197349d71f2a931812f30033bddc8d36c2739bf4f976d8c35d5cf793c
2454_2016_MOPS_t57sb01.metadata.json,LEGACY_PER_YEAR,METADATA,VALID_JSON_METADATA,CACHE_METADATA_PRESENT,180,6bd3ed7f6cbf9804d4efbf6fadf851d1a293f0aa12e9063d77f4b9b725c7bec9
2454_2017_MOPS_t57sb01.html,LEGACY_PER_YEAR,HTML,INVALID_MOPS_RESPONSE,MOPS_RATE_LIMIT_RESPONSE,469,7f87fe0bce6b6c13fc2a88e7bf9ab00bed8d411eb6291fbbfcf3a1ade79248a2
2454_2017_MOPS_t57sb01.metadata.json,LEGACY_PER_YEAR,METADATA,VALID_JSON_METADATA,CACHE_METADATA_PRESENT,180,b8dfae307ccc4f8499ac42585e24f24ca1547831d2308d46a83e7d8d1bc8d7b0
2454_2018_MOPS_t57sb01.html,LEGACY_PER_YEAR,HTML,INVALID_MOPS_RESPONSE,MOPS_RATE_LIMIT_RESPONSE,469,7f87fe0bce6b6c13fc2a88e7bf9ab00bed8d411eb6291fbbfcf3a1ade79248a2
2454_2018_MOPS_t57sb01.metadata.json,LEGACY_PER_YEAR,METADATA,VALID_JSON_METADATA,CACHE_METADATA_PRESENT,180,05017d9095314f285e807420ee9ef1dcfbb8604725fcaf49704f80d5fb5766ba
2454_2019_MOPS_t57sb01.html,LEGACY_PER_YEAR,HTML,INVALID_MOPS_RESPONSE,MOPS_RATE_LIMIT_RESPONSE,469,7f87fe0bce6b6c13fc2a88e7bf9ab00bed8d411eb6291fbbfcf3a1ade79248a2
2454_2019_MOPS_t57sb01.metadata.json,LEGACY_PER_YEAR,METADATA,VALID_JSON_METADATA,CACHE_METADATA_PRESENT,180,39ec2dc2b8cd20420fc8496f92342e6ee404e824340c876a7160dba08e7404e5
2454_2020_MOPS_t57sb01.html,LEGACY_PER_YEAR,HTML,INVALID_MOPS_RESPONSE,MOPS_RATE_LIMIT_RESPONSE,469,7f87fe0bce6b6c13fc2a88e7bf9ab00bed8d411eb6291fbbfcf3a1ade79248a2
2454_2020_MOPS_t57sb01.metadata.json,LEGACY_PER_YEAR,METADATA,VALID_JSON_METADATA,CACHE_METADATA_PRESENT,180,faf3b0c459510b2b8a6b209026fee88fe73c8a5efe98b5c718fa9ff384b33bcd
2454_2021_MOPS_t57sb01.html,LEGACY_PER_YEAR,HTML,INVALID_MOPS_RESPONSE,MOPS_RATE_LIMIT_RESPONSE,469,7f87fe0bce6b6c13fc2a88e7bf9ab00bed8d411eb6291fbbfcf3a1ade79248a2
2454_2021_MOPS_t57sb01.metadata.json,LEGACY_PER_YEAR,METADATA,VALID_JSON_METADATA,CACHE_METADATA_PRESENT,180,e74cb6dc28e6a6846168865970f3960c0873299483e205b69476fad81c456874
2454_2022_MOPS_t57sb01.html,LEGACY_PER_YEAR,HTML,INVALID_MOPS_RESPONSE,MOPS_RATE_LIMIT_RESPONSE,469,7f87fe0bce6b6c13fc2a88e7bf9ab00bed8d411eb6291fbbfcf3a1ade79248a2
2454_2022_MOPS_t57sb01.metadata.json,LEGACY_PER_YEAR,METADATA,VALID_JSON_METADATA,CACHE_METADATA_PRESENT,180,83493ea960adf254699d50c9272275e445c79ba28a60342d7ce4b0a868e8c290
2454_2023_MOPS_t57sb01.html,LEGACY_PER_YEAR,HTML,INVALID_MOPS_RESPONSE,MOPS_RATE_LIMIT_RESPONSE,469,7f87fe0bce6b6c13fc2a88e7bf9ab00bed8d411eb6291fbbfcf3a1ade79248a2
2454_2023_MOPS_t57sb01.metadata.json,LEGACY_PER_YEAR,METADATA,VALID_JSON_METADATA,CACHE_METADATA_PRESENT,180,156370775ec0387e22e579c6ee0a3c879d9499c425ec960e93233bd7c46b57dc
2454_2024_MOPS_t57sb01.html,LEGACY_PER_YEAR,HTML,INVALID_MOPS_RESPONSE,MOPS_RATE_LIMIT_RESPONSE,469,7f87fe0bce6b6c13fc2a88e7bf9ab00bed8d411eb6291fbbfcf3a1ade79248a2
2454_2024_MOPS_t57sb01.metadata.json,LEGACY_PER_YEAR,METADATA,VALID_JSON_METADATA,CACHE_METADATA_PRESENT,180,0376cbb667937b6e295992531eac49b0f5d74a938359bd2bad2e8165759ab0b6
2454_2025_MOPS_t57sb01.html,LEGACY_PER_YEAR,HTML,INVALID_MOPS_RESPONSE,MOPS_RATE_LIMIT_RESPONSE,469,7f87fe0bce6b6c13fc2a88e7bf9ab00bed8d411eb6291fbbfcf3a1ade79248a2
2454_2025_MOPS_t57sb01.metadata.json,LEGACY_PER_YEAR,METADATA,VALID_JSON_METADATA,CACHE_METADATA_PRESENT,180,79288f6d079217bc3d945b1d11bf6c8daee6b36b6735759e1e3c3bbe112d4c70
2454_2026_MOPS_t57sb01.html,LEGACY_PER_YEAR,HTML,INVALID_MOPS_RESPONSE,MOPS_RATE_LIMIT_RESPONSE,469,7f87fe0bce6b6c13fc2a88e7bf9ab00bed8d411eb6291fbbfcf3a1ade79248a2
2454_2026_MOPS_t57sb01.metadata.json,LEGACY_PER_YEAR,METADATA,VALID_JSON_METADATA,CACHE_METADATA_PRESENT,180,9502297b57cff3e755d12b94ce5e80e8cf0220704758afc63181d156a30305c8
2454_ALL_AVAILABLE_YEARS_MOPS_t57sb01.html,ACTIVE_ALL_YEAR,HTML,VALID_MOPS_RESPONSE,VALID_MOPS_ARCHIVE_RESPONSE,109768,0745fb8ce7e5f23776ef832d4a88a81ff89ce7d855c61383d8dd001629d48b41
2454_ALL_AVAILABLE_YEARS_MOPS_t57sb01.metadata.json,ACTIVE_ALL_YEAR,METADATA,VALID_JSON_METADATA,CACHE_METADATA_PRESENT,189,b3d6da396e9a9af114135bc1b3cea771440c8ceac7231158d1961c6db2a1b688
2603_2016_MOPS_t57sb01.html,LEGACY_PER_YEAR,HTML,VALID_MOPS_RESPONSE,VALID_MOPS_ARCHIVE_RESPONSE,5710,1318226759d1e5473ee62de243b37bdc3d8781f913fe5809d8ab980c09853681
2603_2016_MOPS_t57sb01.metadata.json,LEGACY_PER_YEAR,METADATA,VALID_JSON_METADATA,CACHE_METADATA_PRESENT,180,29de57923ccf8ce0311a13e263d16298dbb9302fc02b9c636fd2087469770319
2603_2017_MOPS_t57sb01.html,LEGACY_PER_YEAR,HTML,VALID_MOPS_RESPONSE,VALID_MOPS_ARCHIVE_RESPONSE,5507,c8023d2c406b6ff447b0bb65fd1946fc4a4e51b89191908fa9c5e3838cd9c866
2603_2017_MOPS_t57sb01.metadata.json,LEGACY_PER_YEAR,METADATA,VALID_JSON_METADATA,CACHE_METADATA_PRESENT,180,b0205d36647ff032876350e16c427fbeac943a9c830707f09e366a4bc6ece2bd
2603_2018_MOPS_t57sb01.html,LEGACY_PER_YEAR,HTML,VALID_MOPS_RESPONSE,VALID_MOPS_ARCHIVE_RESPONSE,6857,9bf128f271b97f6dc9f90b93f0c01d9b95295a26daa24fa8b15065e6089d24a7
2603_2018_MOPS_t57sb01.metadata.json,LEGACY_PER_YEAR,METADATA,VALID_JSON_METADATA,CACHE_METADATA_PRESENT,180,3a2992180f6c837a92cfa8e12fa434952fcb277bf8c234ab5a2e0d52f074a3f0
2603_2019_MOPS_t57sb01.html,LEGACY_PER_YEAR,HTML,VALID_MOPS_RESPONSE,VALID_MOPS_ARCHIVE_RESPONSE,6451,163623c28681a02d5950dc1a06a7adfeb44a1ab1af0d8327472f7e8c72ec7d90
2603_2019_MOPS_t57sb01.metadata.json,LEGACY_PER_YEAR,METADATA,VALID_JSON_METADATA,CACHE_METADATA_PRESENT,180,b55fe457e80d31fce255c1f27a0fdace93636ab54727ff34edc2b12840434ef9
2603_2020_MOPS_t57sb01.html,LEGACY_PER_YEAR,HTML,VALID_MOPS_RESPONSE,VALID_MOPS_ARCHIVE_RESPONSE,7867,d3baa223dee0539894cb0c3a700272465a39f4f6c0dbe52d7e88ca1988e12c18
2603_2020_MOPS_t57sb01.metadata.json,LEGACY_PER_YEAR,METADATA,VALID_JSON_METADATA,CACHE_METADATA_PRESENT,180,321517ddb67c28a9863e0b167ba07b980232ad5b52375f1252228836be9ec006
2603_2021_MOPS_t57sb01.html,LEGACY_PER_YEAR,HTML,INVALID_MOPS_RESPONSE,MOPS_RATE_LIMIT_RESPONSE,469,7f87fe0bce6b6c13fc2a88e7bf9ab00bed8d411eb6291fbbfcf3a1ade79248a2
2603_2021_MOPS_t57sb01.metadata.json,LEGACY_PER_YEAR,METADATA,VALID_JSON_METADATA,CACHE_METADATA_PRESENT,180,3a8aab872fb2465adc17cde9cc094d9925f940f14cdb5f4cf18f8ff2eb4d6cab
2603_2022_MOPS_t57sb01.html,LEGACY_PER_YEAR,HTML,VALID_MOPS_RESPONSE,VALID_MOPS_ARCHIVE_RESPONSE,7867,15958058a6307231c1e073425efc826e5b30a53b8b13995e61a59fa5fea1e942
2603_2022_MOPS_t57sb01.metadata.json,LEGACY_PER_YEAR,METADATA,VALID_JSON_METADATA,CACHE_METADATA_PRESENT,180,83127fb834b7e1fbf820de73e3bf75c1e866f6a39e0c88ada7a60d531573407f
2603_2023_MOPS_t57sb01.html,LEGACY_PER_YEAR,HTML,VALID_MOPS_RESPONSE,VALID_MOPS_ARCHIVE_RESPONSE,7867,e33de525ae5d92c02baf505e709997544fb71314bb3e68d8d0e76d12c56f5d08
2603_2023_MOPS_t57sb01.metadata.json,LEGACY_PER_YEAR,METADATA,VALID_JSON_METADATA,CACHE_METADATA_PRESENT,180,c069da2352c2343777c8f3e04503810bc6d9dfe1049a9d34c690fcb71e25461f
2603_2024_MOPS_t57sb01.html,LEGACY_PER_YEAR,HTML,VALID_MOPS_RESPONSE,VALID_MOPS_ARCHIVE_RESPONSE,7867,26688b551c62d823032349c148ff927804ab1d7a4f74d13599a14078a03dca6c
2603_2024_MOPS_t57sb01.metadata.json,LEGACY_PER_YEAR,METADATA,VALID_JSON_METADATA,CACHE_METADATA_PRESENT,180,89943b3f69f73212a5c43f978b35f02f442d15cce27a0c68635632b8cbbf1690
2603_2025_MOPS_t57sb01.html,LEGACY_PER_YEAR,HTML,VALID_MOPS_RESPONSE,VALID_MOPS_ARCHIVE_RESPONSE,8273,bc1e565753478ea2c18327ed8ddd7dbbe8b66c52b27f647a32f8799713cd3c9e
2603_2025_MOPS_t57sb01.metadata.json,LEGACY_PER_YEAR,METADATA,VALID_JSON_METADATA,CACHE_METADATA_PRESENT,180,ec1ad76e9368d028051c617ea019fa73eef5d5d1efeec61e0dfe1118124517c9
2603_2026_MOPS_t57sb01.html,LEGACY_PER_YEAR,HTML,INVALID_MOPS_RESPONSE,MOPS_RATE_LIMIT_RESPONSE,469,7f87fe0bce6b6c13fc2a88e7bf9ab00bed8d411eb6291fbbfcf3a1ade79248a2
2603_2026_MOPS_t57sb01.metadata.json,LEGACY_PER_YEAR,METADATA,VALID_JSON_METADATA,CACHE_METADATA_PRESENT,180,bda5f7ffd651befa79bffa33180290a777c6a38100d6d01457daf43ed8110f1c
2603_ALL_AVAILABLE_YEARS_MOPS_t57sb01.html,ACTIVE_ALL_YEAR,HTML,VALID_MOPS_RESPONSE,VALID_MOPS_ARCHIVE_RESPONSE,91094,aecb2ddc1e63c0eddf5172516b1c575c1534a52f93221d7f89f7502bca3de7c7
2603_ALL_AVAILABLE_YEARS_MOPS_t57sb01.metadata.json,ACTIVE_ALL_YEAR,METADATA,VALID_JSON_METADATA,CACHE_METADATA_PRESENT,189,9470b6e2181cd32a2912c9dedd8c928ce6b9d0c36151150590617cd5460b50e5
2880_2016_MOPS_t57sb01.html,LEGACY_PER_YEAR,HTML,INVALID_MOPS_RESPONSE,MOPS_RATE_LIMIT_RESPONSE,469,7f87fe0bce6b6c13fc2a88e7bf9ab00bed8d411eb6291fbbfcf3a1ade79248a2
2880_2016_MOPS_t57sb01.metadata.json,LEGACY_PER_YEAR,METADATA,VALID_JSON_METADATA,CACHE_METADATA_PRESENT,180,82ca701fc7d26e5721f659bbae75f3565cfb8190822d42f6e7e84f5f106bd379
2880_2017_MOPS_t57sb01.html,LEGACY_PER_YEAR,HTML,VALID_MOPS_RESPONSE,VALID_MOPS_ARCHIVE_RESPONSE,2931,8992788a3b64e2a0340b4b07c1bb7b1e0700124e49c49d57269ccb18d3d6d9fd
2880_2017_MOPS_t57sb01.metadata.json,LEGACY_PER_YEAR,METADATA,VALID_JSON_METADATA,CACHE_METADATA_PRESENT,180,8b66c21b738d2a082f0c7fc4878bee1808e570e97ffca4da2858123af712ed6b
2880_2018_MOPS_t57sb01.html,LEGACY_PER_YEAR,HTML,VALID_MOPS_RESPONSE,VALID_MOPS_ARCHIVE_RESPONSE,2931,3d3cfe29b3ec169881e0bddede05dad65e825fd56a009e7a37a3747ed9cc7f72
2880_2018_MOPS_t57sb01.metadata.json,LEGACY_PER_YEAR,METADATA,VALID_JSON_METADATA,CACHE_METADATA_PRESENT,180,0cf9811a929667a92bcb92378cf5c502829a3fb04dd0b55a9cfefdc89469eebc
2880_2019_MOPS_t57sb01.html,LEGACY_PER_YEAR,HTML,VALID_MOPS_RESPONSE,VALID_MOPS_ARCHIVE_RESPONSE,2931,1d06ca09eb4e270bc647343c1105c2e0955361d4417d236a62de5ed5bbf4622c
2880_2019_MOPS_t57sb01.metadata.json,LEGACY_PER_YEAR,METADATA,VALID_JSON_METADATA,CACHE_METADATA_PRESENT,180,f5195b56c12fa080779bb4ff0fb645590f1bec867349d75a84cf79aff366c0b4
2880_2020_MOPS_t57sb01.html,LEGACY_PER_YEAR,HTML,INVALID_MOPS_RESPONSE,MOPS_RATE_LIMIT_RESPONSE,469,7f87fe0bce6b6c13fc2a88e7bf9ab00bed8d411eb6291fbbfcf3a1ade79248a2
2880_2020_MOPS_t57sb01.metadata.json,LEGACY_PER_YEAR,METADATA,VALID_JSON_METADATA,CACHE_METADATA_PRESENT,180,c542cf82759542742c5355273075a5987a4232a2772ba0155efa227d62e34d77
2880_2021_MOPS_t57sb01.html,LEGACY_PER_YEAR,HTML,INVALID_MOPS_RESPONSE,MOPS_RATE_LIMIT_RESPONSE,469,7f87fe0bce6b6c13fc2a88e7bf9ab00bed8d411eb6291fbbfcf3a1ade79248a2
2880_2021_MOPS_t57sb01.metadata.json,LEGACY_PER_YEAR,METADATA,VALID_JSON_METADATA,CACHE_METADATA_PRESENT,180,3c90d6b9f20dab5d7aace7c368d16acf6da2b413f204d134264a095a021804d6
2880_2022_MOPS_t57sb01.html,LEGACY_PER_YEAR,HTML,INVALID_MOPS_RESPONSE,MOPS_RATE_LIMIT_RESPONSE,469,7f87fe0bce6b6c13fc2a88e7bf9ab00bed8d411eb6291fbbfcf3a1ade79248a2
2880_2022_MOPS_t57sb01.metadata.json,LEGACY_PER_YEAR,METADATA,VALID_JSON_METADATA,CACHE_METADATA_PRESENT,180,57c506cdeb2b8e3399ed58dd84b59480bbdeaa204adedd6846f5f63095d5c211
2880_2023_MOPS_t57sb01.html,LEGACY_PER_YEAR,HTML,INVALID_MOPS_RESPONSE,MOPS_RATE_LIMIT_RESPONSE,469,7f87fe0bce6b6c13fc2a88e7bf9ab00bed8d411eb6291fbbfcf3a1ade79248a2
2880_2023_MOPS_t57sb01.metadata.json,LEGACY_PER_YEAR,METADATA,VALID_JSON_METADATA,CACHE_METADATA_PRESENT,180,39c830bbdc5eee15ad68a02e18dc5f0f7be4e216d887482b9a608ece1b1826f8
2880_2024_MOPS_t57sb01.html,LEGACY_PER_YEAR,HTML,INVALID_MOPS_RESPONSE,MOPS_RATE_LIMIT_RESPONSE,469,7f87fe0bce6b6c13fc2a88e7bf9ab00bed8d411eb6291fbbfcf3a1ade79248a2
2880_2024_MOPS_t57sb01.metadata.json,LEGACY_PER_YEAR,METADATA,VALID_JSON_METADATA,CACHE_METADATA_PRESENT,180,8ed0e486f72019b37a899593071e3b40b4feaa5660f4e584341ba1b1f230f5c1
2880_2025_MOPS_t57sb01.html,LEGACY_PER_YEAR,HTML,INVALID_MOPS_RESPONSE,MOPS_RATE_LIMIT_RESPONSE,469,7f87fe0bce6b6c13fc2a88e7bf9ab00bed8d411eb6291fbbfcf3a1ade79248a2
2880_2025_MOPS_t57sb01.metadata.json,LEGACY_PER_YEAR,METADATA,VALID_JSON_METADATA,CACHE_METADATA_PRESENT,180,ab97d5974a9126a7b060be85ec6a408d1bf02f3179e31d5c2596f9c86259db5d
2880_2026_MOPS_t57sb01.html,LEGACY_PER_YEAR,HTML,INVALID_MOPS_RESPONSE,MOPS_RATE_LIMIT_RESPONSE,469,7f87fe0bce6b6c13fc2a88e7bf9ab00bed8d411eb6291fbbfcf3a1ade79248a2
2880_2026_MOPS_t57sb01.metadata.json,LEGACY_PER_YEAR,METADATA,VALID_JSON_METADATA,CACHE_METADATA_PRESENT,180,de0e5ee636ffbabc8250cc9ea14f9afc08d9b3f304d8ef1230eb66e2b0268164
2880_ALL_AVAILABLE_YEARS_MOPS_t57sb01.html,ACTIVE_ALL_YEAR,HTML,VALID_MOPS_RESPONSE,VALID_MOPS_ARCHIVE_RESPONSE,69152,5f3a53c986b2786817d28532285b56f1715992c9678278db0b9cd78bc74bc24d
2880_ALL_AVAILABLE_YEARS_MOPS_t57sb01.metadata.json,ACTIVE_ALL_YEAR,METADATA,VALID_JSON_METADATA,CACHE_METADATA_PRESENT,189,5d88577c9fcfb0cd39be181722afc5763465f544d3ebf35bffd01238025ef7a3
2881_2016_MOPS_t57sb01.html,LEGACY_PER_YEAR,HTML,INVALID_MOPS_RESPONSE,MOPS_RATE_LIMIT_RESPONSE,469,7f87fe0bce6b6c13fc2a88e7bf9ab00bed8d411eb6291fbbfcf3a1ade79248a2
2881_2016_MOPS_t57sb01.metadata.json,LEGACY_PER_YEAR,METADATA,VALID_JSON_METADATA,CACHE_METADATA_PRESENT,180,de6ad543bcbaa70c86201919c91aa3ac1db238e33a9d5f0863e98030af9de72a
2881_2017_MOPS_t57sb01.html,LEGACY_PER_YEAR,HTML,INVALID_MOPS_RESPONSE,MOPS_RATE_LIMIT_RESPONSE,469,7f87fe0bce6b6c13fc2a88e7bf9ab00bed8d411eb6291fbbfcf3a1ade79248a2
2881_2017_MOPS_t57sb01.metadata.json,LEGACY_PER_YEAR,METADATA,VALID_JSON_METADATA,CACHE_METADATA_PRESENT,180,7b4324ab05f04b242b214e7c4da97efda35a946eb43cf79a5faef317e451a757
2881_2018_MOPS_t57sb01.html,LEGACY_PER_YEAR,HTML,INVALID_MOPS_RESPONSE,MOPS_RATE_LIMIT_RESPONSE,469,7f87fe0bce6b6c13fc2a88e7bf9ab00bed8d411eb6291fbbfcf3a1ade79248a2
2881_2018_MOPS_t57sb01.metadata.json,LEGACY_PER_YEAR,METADATA,VALID_JSON_METADATA,CACHE_METADATA_PRESENT,180,41b9a0826cf9124f50ed84d6db0eacdae26679ce2df22fffd1013d5719e34bf2
2881_2019_MOPS_t57sb01.html,LEGACY_PER_YEAR,HTML,INVALID_MOPS_RESPONSE,MOPS_RATE_LIMIT_RESPONSE,469,7f87fe0bce6b6c13fc2a88e7bf9ab00bed8d411eb6291fbbfcf3a1ade79248a2
2881_2019_MOPS_t57sb01.metadata.json,LEGACY_PER_YEAR,METADATA,VALID_JSON_METADATA,CACHE_METADATA_PRESENT,180,d0fe5c802f367ed346aa50b116ddd50485d92da021f6c1fdf362d29cd84e578a
2881_2020_MOPS_t57sb01.html,LEGACY_PER_YEAR,HTML,INVALID_MOPS_RESPONSE,MOPS_RATE_LIMIT_RESPONSE,469,7f87fe0bce6b6c13fc2a88e7bf9ab00bed8d411eb6291fbbfcf3a1ade79248a2
2881_2020_MOPS_t57sb01.metadata.json,LEGACY_PER_YEAR,METADATA,VALID_JSON_METADATA,CACHE_METADATA_PRESENT,180,58e576fd629870270c9968b3caec9617aff5f28b2425c4c0c39adcf020e5c9eb
2881_2021_MOPS_t57sb01.html,LEGACY_PER_YEAR,HTML,INVALID_MOPS_RESPONSE,MOPS_RATE_LIMIT_RESPONSE,469,7f87fe0bce6b6c13fc2a88e7bf9ab00bed8d411eb6291fbbfcf3a1ade79248a2
2881_2021_MOPS_t57sb01.metadata.json,LEGACY_PER_YEAR,METADATA,VALID_JSON_METADATA,CACHE_METADATA_PRESENT,180,d457e07159d781b746e9cf8f9e28d7e8aeafa0cf766770b710694cad7d225aae
2881_2022_MOPS_t57sb01.html,LEGACY_PER_YEAR,HTML,INVALID_MOPS_RESPONSE,MOPS_RATE_LIMIT_RESPONSE,469,7f87fe0bce6b6c13fc2a88e7bf9ab00bed8d411eb6291fbbfcf3a1ade79248a2
2881_2022_MOPS_t57sb01.metadata.json,LEGACY_PER_YEAR,METADATA,VALID_JSON_METADATA,CACHE_METADATA_PRESENT,180,4170c86fa01777585c28564a3e34b4dda2db27a223c29de08fed91da28579b7d
2881_2023_MOPS_t57sb01.html,LEGACY_PER_YEAR,HTML,INVALID_MOPS_RESPONSE,MOPS_RATE_LIMIT_RESPONSE,469,7f87fe0bce6b6c13fc2a88e7bf9ab00bed8d411eb6291fbbfcf3a1ade79248a2
2881_2023_MOPS_t57sb01.metadata.json,LEGACY_PER_YEAR,METADATA,VALID_JSON_METADATA,CACHE_METADATA_PRESENT,180,73ebf27db50e9941c3c2b50bdc724fcf5fae256100073b73fa30c22f5f664ac9
2881_2024_MOPS_t57sb01.html,LEGACY_PER_YEAR,HTML,INVALID_MOPS_RESPONSE,MOPS_RATE_LIMIT_RESPONSE,469,7f87fe0bce6b6c13fc2a88e7bf9ab00bed8d411eb6291fbbfcf3a1ade79248a2
2881_2024_MOPS_t57sb01.metadata.json,LEGACY_PER_YEAR,METADATA,VALID_JSON_METADATA,CACHE_METADATA_PRESENT,180,b12384bc8904a68c782785f23e51f0d928833c72e1b46c03c3308ffedf178b9d
2881_2025_MOPS_t57sb01.html,LEGACY_PER_YEAR,HTML,INVALID_MOPS_RESPONSE,MOPS_RATE_LIMIT_RESPONSE,469,7f87fe0bce6b6c13fc2a88e7bf9ab00bed8d411eb6291fbbfcf3a1ade79248a2
2881_2025_MOPS_t57sb01.metadata.json,LEGACY_PER_YEAR,METADATA,VALID_JSON_METADATA,CACHE_METADATA_PRESENT,180,11c23fba726410522de9caeb7b06778c4e44eaf636022e86c89f17653db9f3f5
2881_2026_MOPS_t57sb01.html,LEGACY_PER_YEAR,HTML,VALID_MOPS_RESPONSE,VALID_MOPS_ARCHIVE_RESPONSE,5290,3d5ddf8a2779ffc7d4502982a0d0f7ae8a4417cd592ad9e996e5b43eadaf2e0b
2881_2026_MOPS_t57sb01.metadata.json,LEGACY_PER_YEAR,METADATA,VALID_JSON_METADATA,CACHE_METADATA_PRESENT,180,29c732f780a05a47df1eb6c651877b480fc390281f0e3fa365cc90f683cb998e
2881_ALL_AVAILABLE_YEARS_MOPS_t57sb01.html,ACTIVE_ALL_YEAR,HTML,VALID_MOPS_RESPONSE,VALID_MOPS_ARCHIVE_RESPONSE,69189,503688e5e74f1cf71ea477a2e36893bfafb04871cb944302f0a2c52b7b7ec96d
2881_ALL_AVAILABLE_YEARS_MOPS_t57sb01.metadata.json,ACTIVE_ALL_YEAR,METADATA,VALID_JSON_METADATA,CACHE_METADATA_PRESENT,189,e5468577a2ab1749b565367e36d7bb0fd28e80e158a28d3827c14b9821774ae3
2882_2016_MOPS_t57sb01.html,LEGACY_PER_YEAR,HTML,VALID_MOPS_RESPONSE,VALID_MOPS_ARCHIVE_RESPONSE,3324,bfa12081d79a073c0ae56781c4a135f493d74dd097b248d4be686e53a45cc8e6
2882_2016_MOPS_t57sb01.metadata.json,LEGACY_PER_YEAR,METADATA,VALID_JSON_METADATA,CACHE_METADATA_PRESENT,180,2777e394857d02d8022df2346f5564eaaaba7f6c49a9fdeb41c1eab42b0a10b6
2882_2017_MOPS_t57sb01.html,LEGACY_PER_YEAR,HTML,VALID_MOPS_RESPONSE,VALID_MOPS_ARCHIVE_RESPONSE,3324,f1ef48e5ad4b78c94f0d6b24fdf21eb0b6a1c3c02dfc1132fd74f699928579d4
2882_2017_MOPS_t57sb01.metadata.json,LEGACY_PER_YEAR,METADATA,VALID_JSON_METADATA,CACHE_METADATA_PRESENT,180,5a2c395c7bff14778d8d2b898711bef1975e17a08b9910ad30a58b6a35728b46
2882_2018_MOPS_t57sb01.html,LEGACY_PER_YEAR,HTML,VALID_MOPS_RESPONSE,VALID_MOPS_ARCHIVE_RESPONSE,3324,008a193c5188b1ce0b174da6527dc59912b45de87fb117f442d271b6155552b1
2882_2018_MOPS_t57sb01.metadata.json,LEGACY_PER_YEAR,METADATA,VALID_JSON_METADATA,CACHE_METADATA_PRESENT,180,902661f9c3cf874b7d37784ae9ab58591c1dc754366f6d6fc5b073c7d129cb52
2882_2019_MOPS_t57sb01.html,LEGACY_PER_YEAR,HTML,VALID_MOPS_RESPONSE,VALID_MOPS_ARCHIVE_RESPONSE,3324,03abf52cc45869a20aa10efd05b1f83e7187acd8952b44c77d77834c25a3f29a
2882_2019_MOPS_t57sb01.metadata.json,LEGACY_PER_YEAR,METADATA,VALID_JSON_METADATA,CACHE_METADATA_PRESENT,180,61771ad881af209ba56c82f78ae52ddc0bdf3d89ab1906666608b027540663dc
2882_2020_MOPS_t57sb01.html,LEGACY_PER_YEAR,HTML,VALID_MOPS_RESPONSE,VALID_MOPS_ARCHIVE_RESPONSE,3324,2ec00c93bb772f4c226ef8349dee1fc2a2af4309299b1ed12a59f72a16b55890
2882_2020_MOPS_t57sb01.metadata.json,LEGACY_PER_YEAR,METADATA,VALID_JSON_METADATA,CACHE_METADATA_PRESENT,180,c73a86011885b55b373727f6ca46e7d2c08e83cc948caf9949c4bccd825376b8
2882_2021_MOPS_t57sb01.html,LEGACY_PER_YEAR,HTML,VALID_MOPS_RESPONSE,VALID_MOPS_ARCHIVE_RESPONSE,3324,a38a0eab0c9d0951a73d0ef8df146feefbffd0735fe1dd8cfa938260814346e1
2882_2021_MOPS_t57sb01.metadata.json,LEGACY_PER_YEAR,METADATA,VALID_JSON_METADATA,CACHE_METADATA_PRESENT,180,410fe41d324bfddefc01fb6b3bc80d5c8fb236ba5c5f576b3ea4b034b4ac1603
2882_2022_MOPS_t57sb01.html,LEGACY_PER_YEAR,HTML,VALID_MOPS_RESPONSE,VALID_MOPS_ARCHIVE_RESPONSE,3324,4de75418990a0d371e2cf34bf8b4a26696e75ac873e88a8fd78644b668623e93
2882_2022_MOPS_t57sb01.metadata.json,LEGACY_PER_YEAR,METADATA,VALID_JSON_METADATA,CACHE_METADATA_PRESENT,180,982cc8e72e4b2ce87840a07614cfb899aaba1eb56a6778a2b3aaae3d2217be0d
2882_2023_MOPS_t57sb01.html,LEGACY_PER_YEAR,HTML,INVALID_MOPS_RESPONSE,MOPS_RATE_LIMIT_RESPONSE,469,7f87fe0bce6b6c13fc2a88e7bf9ab00bed8d411eb6291fbbfcf3a1ade79248a2
2882_2023_MOPS_t57sb01.metadata.json,LEGACY_PER_YEAR,METADATA,VALID_JSON_METADATA,CACHE_METADATA_PRESENT,180,b0677612cc0e02681e6465db8cd38f421061b28e66e35532f13e7f22198e155c
2882_2024_MOPS_t57sb01.html,LEGACY_PER_YEAR,HTML,INVALID_MOPS_RESPONSE,MOPS_RATE_LIMIT_RESPONSE,469,7f87fe0bce6b6c13fc2a88e7bf9ab00bed8d411eb6291fbbfcf3a1ade79248a2
2882_2024_MOPS_t57sb01.metadata.json,LEGACY_PER_YEAR,METADATA,VALID_JSON_METADATA,CACHE_METADATA_PRESENT,180,ed4d617954ea6d11cbb990b2fe457fef8ed0b094d4b709ae9375de7528715d3c
2882_2025_MOPS_t57sb01.html,LEGACY_PER_YEAR,HTML,INVALID_MOPS_RESPONSE,MOPS_RATE_LIMIT_RESPONSE,469,7f87fe0bce6b6c13fc2a88e7bf9ab00bed8d411eb6291fbbfcf3a1ade79248a2
2882_2025_MOPS_t57sb01.metadata.json,LEGACY_PER_YEAR,METADATA,VALID_JSON_METADATA,CACHE_METADATA_PRESENT,180,fda8437b96bb77d8fa8edcac5649057e6b3d8862cf5ad072bf3f5a00648e9297
2882_2026_MOPS_t57sb01.html,LEGACY_PER_YEAR,HTML,VALID_MOPS_RESPONSE,VALID_MOPS_ARCHIVE_RESPONSE,3324,c962cfff50ad3259e3ad780a2a9d59ae357546dd95d005beeef6d6410bc802c2
2882_2026_MOPS_t57sb01.metadata.json,LEGACY_PER_YEAR,METADATA,VALID_JSON_METADATA,CACHE_METADATA_PRESENT,180,e23f1c3c8bc3e1c7abe3f28ffcdc6678920c6c15032fd3f07d45ef0f9221dd74
2882_ALL_AVAILABLE_YEARS_MOPS_t57sb01.html,ACTIVE_ALL_YEAR,HTML,VALID_MOPS_RESPONSE,VALID_MOPS_ARCHIVE_RESPONSE,69654,5759cc2056e8176d1be648111831769e7efa84066351d1ecbb641abc1d2e5f73
2882_ALL_AVAILABLE_YEARS_MOPS_t57sb01.metadata.json,ACTIVE_ALL_YEAR,METADATA,VALID_JSON_METADATA,CACHE_METADATA_PRESENT,189,a2fa48c1d9e703d729c96f1cc9b2f2b904e6c5c2b702670009d54e351a998bf3
2883_2016_MOPS_t57sb01.html,LEGACY_PER_YEAR,HTML,VALID_MOPS_RESPONSE,VALID_MOPS_ARCHIVE_RESPONSE,3564,4caf4b9f58a3dd583083e40b603cc60e63fd69360d36e71aeb81b8d0f7fcac5f
2883_2016_MOPS_t57sb01.metadata.json,LEGACY_PER_YEAR,METADATA,VALID_JSON_METADATA,CACHE_METADATA_PRESENT,180,cff846b915e624a7ead20faf78b1dd373a4a3435bcd66bfbf41fee22b1d9c317
2883_2017_MOPS_t57sb01.html,LEGACY_PER_YEAR,HTML,VALID_MOPS_RESPONSE,VALID_MOPS_ARCHIVE_RESPONSE,3564,d661dfac631fb9b09146723811d88bb64c639fb9987997ba823b7af97a7ce046
2883_2017_MOPS_t57sb01.metadata.json,LEGACY_PER_YEAR,METADATA,VALID_JSON_METADATA,CACHE_METADATA_PRESENT,180,b13d422e61c6c46ff9979604641f890a6af25c7d47bcff7f0f6552a518bf6582
2883_2018_MOPS_t57sb01.html,LEGACY_PER_YEAR,HTML,INVALID_MOPS_RESPONSE,MOPS_RATE_LIMIT_RESPONSE,469,7f87fe0bce6b6c13fc2a88e7bf9ab00bed8d411eb6291fbbfcf3a1ade79248a2
2883_2018_MOPS_t57sb01.metadata.json,LEGACY_PER_YEAR,METADATA,VALID_JSON_METADATA,CACHE_METADATA_PRESENT,180,022c0bab97aed92cf041faf1a24b630bdb61bf49a19250789921850436c7e6ce
2883_2019_MOPS_t57sb01.html,LEGACY_PER_YEAR,HTML,VALID_MOPS_RESPONSE,VALID_MOPS_ARCHIVE_RESPONSE,3564,06abc8964f2b6cdb8ed3390d3ba8effaeb752080c45fa0e11f607c1aedde2627
2883_2019_MOPS_t57sb01.metadata.json,LEGACY_PER_YEAR,METADATA,VALID_JSON_METADATA,CACHE_METADATA_PRESENT,180,52801f3b4df50d435d46882f7dd3133c17b00025fb52c87802972b15c22360f3
2883_2020_MOPS_t57sb01.html,LEGACY_PER_YEAR,HTML,VALID_MOPS_RESPONSE,VALID_MOPS_ARCHIVE_RESPONSE,3564,11d91a5ba27d2e94ff5fc5e7169724ca27a0d8740f6b0bf4ce1e21b3a578c021
2883_2020_MOPS_t57sb01.metadata.json,LEGACY_PER_YEAR,METADATA,VALID_JSON_METADATA,CACHE_METADATA_PRESENT,180,3d852ea9e643d245d8f827a11099c3cb1b996256ab0d75790e67450a3cb3de51
2883_2021_MOPS_t57sb01.html,LEGACY_PER_YEAR,HTML,VALID_MOPS_RESPONSE,VALID_MOPS_ARCHIVE_RESPONSE,3564,8e7d98729985ea59ec0a94f4cf221a0918c86b01cb2f62f792bf366fcdc43913
2883_2021_MOPS_t57sb01.metadata.json,LEGACY_PER_YEAR,METADATA,VALID_JSON_METADATA,CACHE_METADATA_PRESENT,180,1cd00c2bfd265a4482572faa791b700c05bec67b437bfa2943c7239c24385f16
2883_2022_MOPS_t57sb01.html,LEGACY_PER_YEAR,HTML,VALID_MOPS_RESPONSE,VALID_MOPS_ARCHIVE_RESPONSE,3564,d793f02ca94135c4cfdb71acc905a8a1b4a35fd43792f07697250203de47158e
2883_2022_MOPS_t57sb01.metadata.json,LEGACY_PER_YEAR,METADATA,VALID_JSON_METADATA,CACHE_METADATA_PRESENT,180,f49dc9a8d493396c24292235648cb226739c8e136dc17132fc4d95b3fde7fb83
2883_2023_MOPS_t57sb01.html,LEGACY_PER_YEAR,HTML,VALID_MOPS_RESPONSE,VALID_MOPS_ARCHIVE_RESPONSE,3564,11ebc506a14a2bca300531d452071e6d2e3b750399139a536af3f5bde990b39f
2883_2023_MOPS_t57sb01.metadata.json,LEGACY_PER_YEAR,METADATA,VALID_JSON_METADATA,CACHE_METADATA_PRESENT,180,9c497c4beb41d482055571b1667f41c180c3bae807dd0640351ac359dda3a22f
2883_2024_MOPS_t57sb01.html,LEGACY_PER_YEAR,HTML,VALID_MOPS_RESPONSE,VALID_MOPS_ARCHIVE_RESPONSE,3564,b1caa54dc75f342218897e0c63c97df1360cfc9c73086afa3417be0993953a0c
2883_2024_MOPS_t57sb01.metadata.json,LEGACY_PER_YEAR,METADATA,VALID_JSON_METADATA,CACHE_METADATA_PRESENT,180,11699fad730c6759df1836a72404894f4a22898a391a83b8bc09e496737b559f
2883_2025_MOPS_t57sb01.html,LEGACY_PER_YEAR,HTML,VALID_MOPS_RESPONSE,VALID_MOPS_ARCHIVE_RESPONSE,3564,ab462540695c69c7fbe4a356f81636f5d6ed544f272e106e16d93f83d4c2856f
2883_2025_MOPS_t57sb01.metadata.json,LEGACY_PER_YEAR,METADATA,VALID_JSON_METADATA,CACHE_METADATA_PRESENT,180,d08d1fd9d595f5c7b8713468cad2196292749c521095305cb99429e86c9a844f
2883_2026_MOPS_t57sb01.html,LEGACY_PER_YEAR,HTML,VALID_MOPS_RESPONSE,VALID_MOPS_ARCHIVE_RESPONSE,3564,3c1842a67b98b44a474ab66d2eb99b02ece3508dcc8c1bdceabcf88b70db8ace
2883_2026_MOPS_t57sb01.metadata.json,LEGACY_PER_YEAR,METADATA,VALID_JSON_METADATA,CACHE_METADATA_PRESENT,180,7016eea4d1c4751565d0c17a134851467bd494a2910d238e0210b5d228cdd3b2
2883_ALL_AVAILABLE_YEARS_MOPS_t57sb01.html,ACTIVE_ALL_YEAR,HTML,VALID_MOPS_RESPONSE,VALID_MOPS_ARCHIVE_RESPONSE,68879,5b2847e58e26e3e01928fff1b0296f61b678ab48e87125395da9b489827857d6
2883_ALL_AVAILABLE_YEARS_MOPS_t57sb01.metadata.json,ACTIVE_ALL_YEAR,METADATA,VALID_JSON_METADATA,CACHE_METADATA_PRESENT,189,515d4d9966d0b3499b42a8a9218935b8abe9bf835d081758f2430dd69dc9d9bc
2884_2016_MOPS_t57sb01.html,LEGACY_PER_YEAR,HTML,VALID_MOPS_RESPONSE,VALID_MOPS_ARCHIVE_RESPONSE,2780,50d5f0084a955347cde2e01d027ae1985d7cab846356ccfc6a6baf40be4fb7a3
2884_2016_MOPS_t57sb01.metadata.json,LEGACY_PER_YEAR,METADATA,VALID_JSON_METADATA,CACHE_METADATA_PRESENT,180,b34f6c9d045fa8c65925691464c87f1d2547e12c0b640a2e0ef33f51a83ee369
2884_2017_MOPS_t57sb01.html,LEGACY_PER_YEAR,HTML,VALID_MOPS_RESPONSE,VALID_MOPS_ARCHIVE_RESPONSE,2780,f1515b6f2832c982591e4192778befd22d8f32e28898e38a36f5f87706351b01
2884_2017_MOPS_t57sb01.metadata.json,LEGACY_PER_YEAR,METADATA,VALID_JSON_METADATA,CACHE_METADATA_PRESENT,180,351f3d6ef179d2e0f50023acb60a8474b8cb9d98ca6b3d40f4c10d25fccf8a22
2884_2018_MOPS_t57sb01.html,LEGACY_PER_YEAR,HTML,VALID_MOPS_RESPONSE,VALID_MOPS_ARCHIVE_RESPONSE,2780,886add6adef455053fac5383e5a704de17e414955f49225d4b5c9378adf7dcc0
2884_2018_MOPS_t57sb01.metadata.json,LEGACY_PER_YEAR,METADATA,VALID_JSON_METADATA,CACHE_METADATA_PRESENT,180,8325ad2d020526dc21271c991a30261d357ff8be2f00432df66c15b1e70781d1
2884_2019_MOPS_t57sb01.html,LEGACY_PER_YEAR,HTML,VALID_MOPS_RESPONSE,VALID_MOPS_ARCHIVE_RESPONSE,2780,ed671d956a8cafc6bd868a2ca4ae54d259a20754bbfec81e104be5eca731e4f9
2884_2019_MOPS_t57sb01.metadata.json,LEGACY_PER_YEAR,METADATA,VALID_JSON_METADATA,CACHE_METADATA_PRESENT,180,d8da8050cf4abf08c0a2b6ec152f860039abe38ac78e5be3301edb42ac0049c1
2884_2020_MOPS_t57sb01.html,LEGACY_PER_YEAR,HTML,VALID_MOPS_RESPONSE,VALID_MOPS_ARCHIVE_RESPONSE,2780,49a3cf7984eb9d0d3cd4e43b98a0429618b6ec8960e7451a30707e974d8fc2c2
2884_2020_MOPS_t57sb01.metadata.json,LEGACY_PER_YEAR,METADATA,VALID_JSON_METADATA,CACHE_METADATA_PRESENT,180,4cf4394385826ba7f621e3ee396f352427663925c07cf528a5321a1a4f4b49ab
2884_2021_MOPS_t57sb01.html,LEGACY_PER_YEAR,HTML,INVALID_MOPS_RESPONSE,MOPS_RATE_LIMIT_RESPONSE,469,7f87fe0bce6b6c13fc2a88e7bf9ab00bed8d411eb6291fbbfcf3a1ade79248a2
2884_2021_MOPS_t57sb01.metadata.json,LEGACY_PER_YEAR,METADATA,VALID_JSON_METADATA,CACHE_METADATA_PRESENT,180,3269270c64d2481a28fea46043745fd7dc9667ec746682de118152ffca53d826
2884_2022_MOPS_t57sb01.html,LEGACY_PER_YEAR,HTML,VALID_MOPS_RESPONSE,VALID_MOPS_ARCHIVE_RESPONSE,2780,509d5c3f8b6285152e2e3270b3560529816c65efe2631e9b43d4c405904d4cb5
2884_2022_MOPS_t57sb01.metadata.json,LEGACY_PER_YEAR,METADATA,VALID_JSON_METADATA,CACHE_METADATA_PRESENT,180,197945bf4136a7eeb1b15f31e669124b0139afb091a5b04a3ca52eaf5a68d951
2884_2023_MOPS_t57sb01.html,LEGACY_PER_YEAR,HTML,VALID_MOPS_RESPONSE,VALID_MOPS_ARCHIVE_RESPONSE,2780,32ed3884ad426209c038a1e7a4beed1db451b89fabfdc5536c0c50c531e5379c
2884_2023_MOPS_t57sb01.metadata.json,LEGACY_PER_YEAR,METADATA,VALID_JSON_METADATA,CACHE_METADATA_PRESENT,180,874441107de5d99628d4983e68971f690bcc1a4aa72fd5837e0f77a30ba12187
2884_2024_MOPS_t57sb01.html,LEGACY_PER_YEAR,HTML,INVALID_MOPS_RESPONSE,MOPS_RATE_LIMIT_RESPONSE,469,7f87fe0bce6b6c13fc2a88e7bf9ab00bed8d411eb6291fbbfcf3a1ade79248a2
2884_2024_MOPS_t57sb01.metadata.json,LEGACY_PER_YEAR,METADATA,VALID_JSON_METADATA,CACHE_METADATA_PRESENT,180,0cffc00e701e5be0ffcd473951f2b2aab055c914602e49122e8a9638851852a6
2884_2025_MOPS_t57sb01.html,LEGACY_PER_YEAR,HTML,VALID_MOPS_RESPONSE,VALID_MOPS_ARCHIVE_RESPONSE,2780,0b6fe604827ab9bd6172c64310c851c3dea570495fa6f0ff9e48804af65064d8
2884_2025_MOPS_t57sb01.metadata.json,LEGACY_PER_YEAR,METADATA,VALID_JSON_METADATA,CACHE_METADATA_PRESENT,180,926f8c587e00fea0f0484df86149e45b887104467149cb5e6e58d45a4c9df1d3
2884_2026_MOPS_t57sb01.html,LEGACY_PER_YEAR,HTML,VALID_MOPS_RESPONSE,VALID_MOPS_ARCHIVE_RESPONSE,2780,091370ec0791cb7432b9833b4e6948900a7fdedae28d297941ea30cfd56783e3
2884_2026_MOPS_t57sb01.metadata.json,LEGACY_PER_YEAR,METADATA,VALID_JSON_METADATA,CACHE_METADATA_PRESENT,180,0f53a3f680cc28469d544f052628ba06abd8782c5ee712031c889b57ada509ed
2884_ALL_AVAILABLE_YEARS_MOPS_t57sb01.html,ACTIVE_ALL_YEAR,HTML,VALID_MOPS_RESPONSE,VALID_MOPS_ARCHIVE_RESPONSE,74447,15cf7b93b3841bae8da2390ed25fbf29eca0feab313b16755e5f8345f8b9d907
2884_ALL_AVAILABLE_YEARS_MOPS_t57sb01.metadata.json,ACTIVE_ALL_YEAR,METADATA,VALID_JSON_METADATA,CACHE_METADATA_PRESENT,189,ea5692acc7462566d2eba5e679dbef9bfd7f1d62825d5a29dceee55bf747557d
2885_2016_MOPS_t57sb01.html,LEGACY_PER_YEAR,HTML,VALID_MOPS_RESPONSE,VALID_MOPS_ARCHIVE_RESPONSE,3789,c8e93edb2af1be9b85fc2347b20ea6b62e0365f46102205621acde94441785ae
2885_2016_MOPS_t57sb01.metadata.json,LEGACY_PER_YEAR,METADATA,VALID_JSON_METADATA,CACHE_METADATA_PRESENT,180,2eaec859316eeba2a25453030dbfabde23f0f6c31d06262b75f32466b72b3e5a
2885_2017_MOPS_t57sb01.html,LEGACY_PER_YEAR,HTML,INVALID_MOPS_RESPONSE,MOPS_RATE_LIMIT_RESPONSE,469,7f87fe0bce6b6c13fc2a88e7bf9ab00bed8d411eb6291fbbfcf3a1ade79248a2
2885_2017_MOPS_t57sb01.metadata.json,LEGACY_PER_YEAR,METADATA,VALID_JSON_METADATA,CACHE_METADATA_PRESENT,180,ec7d87e8cb0cd115816fae5ca6543b793c540550b911d8c03afdb5a5c9c2fa24
2885_2018_MOPS_t57sb01.html,LEGACY_PER_YEAR,HTML,VALID_MOPS_RESPONSE,VALID_MOPS_ARCHIVE_RESPONSE,3789,eb15e7c8e69ebf21b805b2cfdb2f6cdb409c114c22d567b1157e91301d6102f0
2885_2018_MOPS_t57sb01.metadata.json,LEGACY_PER_YEAR,METADATA,VALID_JSON_METADATA,CACHE_METADATA_PRESENT,180,10ec3d8fba98949bbfd852bc2dba236afe2ddd11f8a806e9319583859510f162
2885_2019_MOPS_t57sb01.html,LEGACY_PER_YEAR,HTML,VALID_MOPS_RESPONSE,VALID_MOPS_ARCHIVE_RESPONSE,3789,6b8ee4e407c9370e6efefdd780086c51e0f0482b30fda3acfb5580e5e502b6d8
2885_2019_MOPS_t57sb01.metadata.json,LEGACY_PER_YEAR,METADATA,VALID_JSON_METADATA,CACHE_METADATA_PRESENT,180,989cd13e7472fc5fef4e4bd9740dc51e64991fc88d65f4195b1b4f98d8329cb2
2885_2020_MOPS_t57sb01.html,LEGACY_PER_YEAR,HTML,VALID_MOPS_RESPONSE,VALID_MOPS_ARCHIVE_RESPONSE,3789,81094a4d117f1fe7b6577580945bca43fc83bfe56b636caab0e8a7362ff54c7f
2885_2020_MOPS_t57sb01.metadata.json,LEGACY_PER_YEAR,METADATA,VALID_JSON_METADATA,CACHE_METADATA_PRESENT,180,7b8fc7da7c3a6878c9d55bc1bcfa3861f8313f794428cdbc873bbf9d7805edb8
2885_2021_MOPS_t57sb01.html,LEGACY_PER_YEAR,HTML,VALID_MOPS_RESPONSE,VALID_MOPS_ARCHIVE_RESPONSE,3789,55add389c5d562884303d16811ab1e2aa7bd8f93c463b437eb314b334fe24351
2885_2021_MOPS_t57sb01.metadata.json,LEGACY_PER_YEAR,METADATA,VALID_JSON_METADATA,CACHE_METADATA_PRESENT,180,1113bc433045d26d2854ada9b7e08a71ee2083de102d4e22c5c6244099d04e67
2885_2022_MOPS_t57sb01.html,LEGACY_PER_YEAR,HTML,VALID_MOPS_RESPONSE,VALID_MOPS_ARCHIVE_RESPONSE,3789,c594e8f027c8012965e7bf75b91adc972b057f28bdd67b7cef51575365af73ef
2885_2022_MOPS_t57sb01.metadata.json,LEGACY_PER_YEAR,METADATA,VALID_JSON_METADATA,CACHE_METADATA_PRESENT,180,13537e726378cff079fb80236a4d3e13b51e67977256f35ac7b4cfab9d1bb248
2885_2023_MOPS_t57sb01.html,LEGACY_PER_YEAR,HTML,VALID_MOPS_RESPONSE,VALID_MOPS_ARCHIVE_RESPONSE,3789,55695132f5e95ec51131b7622864260084c64c9eb12fd89a210c005435604e4e
2885_2023_MOPS_t57sb01.metadata.json,LEGACY_PER_YEAR,METADATA,VALID_JSON_METADATA,CACHE_METADATA_PRESENT,180,6cd5ca10d99a7f5108938e479cbf048eb4286432c811845c711ecbb19f37fd87
2885_2024_MOPS_t57sb01.html,LEGACY_PER_YEAR,HTML,VALID_MOPS_RESPONSE,VALID_MOPS_ARCHIVE_RESPONSE,3789,2a8f59b3470291e5954d18b4d2373ade669bd9ab97a3592149036d194ad8c9a6
2885_2024_MOPS_t57sb01.metadata.json,LEGACY_PER_YEAR,METADATA,VALID_JSON_METADATA,CACHE_METADATA_PRESENT,180,7e2d5a147b9c04326a229ceb3ba8b4812190c38c249cac50589d0734279c84a2
2885_2025_MOPS_t57sb01.html,LEGACY_PER_YEAR,HTML,INVALID_MOPS_RESPONSE,MOPS_RATE_LIMIT_RESPONSE,469,7f87fe0bce6b6c13fc2a88e7bf9ab00bed8d411eb6291fbbfcf3a1ade79248a2
2885_2025_MOPS_t57sb01.metadata.json,LEGACY_PER_YEAR,METADATA,VALID_JSON_METADATA,CACHE_METADATA_PRESENT,180,93aa10904a88f44630080ad5a03f4ea58810cc557263158c0d1e239abdee373d
2885_2026_MOPS_t57sb01.html,LEGACY_PER_YEAR,HTML,VALID_MOPS_RESPONSE,VALID_MOPS_ARCHIVE_RESPONSE,3789,15d78382963ccecf9253e4ba097689a2616e1f81760299d4f77e9f69cf7a1d88
2885_2026_MOPS_t57sb01.metadata.json,LEGACY_PER_YEAR,METADATA,VALID_JSON_METADATA,CACHE_METADATA_PRESENT,180,1ab0235cfaeb65016267d5590a9f82528d3e217f487bf7e1d4e8b5a492d654e5
2885_ALL_AVAILABLE_YEARS_MOPS_t57sb01.html,ACTIVE_ALL_YEAR,HTML,VALID_MOPS_RESPONSE,VALID_MOPS_ARCHIVE_RESPONSE,70380,c8bfe6cf88660b59b5c39eaaa1e816028567eb64819917ef42f104cc8606b01f
2885_ALL_AVAILABLE_YEARS_MOPS_t57sb01.metadata.json,ACTIVE_ALL_YEAR,METADATA,VALID_JSON_METADATA,CACHE_METADATA_PRESENT,189,0b43b68889d2f3efd9cc932bee23054f0d3142721a18f6c31a14472e6a14d68b
2886_2016_MOPS_t57sb01.html,LEGACY_PER_YEAR,HTML,VALID_MOPS_RESPONSE,VALID_MOPS_ARCHIVE_RESPONSE,3477,da987702f91b6cfde54b06ae390355b254a5c202868124da5cc9fa237f4a82c4
2886_2016_MOPS_t57sb01.metadata.json,LEGACY_PER_YEAR,METADATA,VALID_JSON_METADATA,CACHE_METADATA_PRESENT,180,c322b6a65b76ff2071ca5b492a22532419a1204ddcc62387408c279f3d7077fc
2886_2017_MOPS_t57sb01.html,LEGACY_PER_YEAR,HTML,VALID_MOPS_RESPONSE,VALID_MOPS_ARCHIVE_RESPONSE,3477,d664865f3405ec46ff542586263c5ee334877401a70206aa05ad3e00b5c82977
2886_2017_MOPS_t57sb01.metadata.json,LEGACY_PER_YEAR,METADATA,VALID_JSON_METADATA,CACHE_METADATA_PRESENT,180,292e8ab11453ce8cbdbd800fdef2bf0ef2e7207bd1d5e5c5b1123455c3a97154
2886_2018_MOPS_t57sb01.html,LEGACY_PER_YEAR,HTML,VALID_MOPS_RESPONSE,VALID_MOPS_ARCHIVE_RESPONSE,3477,8d546e711b0fd1566e76e32a2d8c55ffa74e1c9b66a225d88cda43c1dd5bea2f
2886_2018_MOPS_t57sb01.metadata.json,LEGACY_PER_YEAR,METADATA,VALID_JSON_METADATA,CACHE_METADATA_PRESENT,180,3a0268469fb44139110817a7fb16ca10b4d23964b7d894ccacf39ed674463fa7
2886_2019_MOPS_t57sb01.html,LEGACY_PER_YEAR,HTML,VALID_MOPS_RESPONSE,VALID_MOPS_ARCHIVE_RESPONSE,3477,29d8fad3df33b2ce735620cf15da85d20a8ead373c23756da1833a1e56428c9d
2886_2019_MOPS_t57sb01.metadata.json,LEGACY_PER_YEAR,METADATA,VALID_JSON_METADATA,CACHE_METADATA_PRESENT,180,7506098cc4e94dd58da1b9e7525d693b5d8229e7ef7c922328286152ba61600a
2886_2020_MOPS_t57sb01.html,LEGACY_PER_YEAR,HTML,VALID_MOPS_RESPONSE,VALID_MOPS_ARCHIVE_RESPONSE,3477,95d0db788a0969ae772a3b52c0de291b605c36bc935f402d15bda32d1d2f8292
2886_2020_MOPS_t57sb01.metadata.json,LEGACY_PER_YEAR,METADATA,VALID_JSON_METADATA,CACHE_METADATA_PRESENT,180,37b74072c6a886a0a77f980a6a712550298e36366e0001ac28912856a50bec06
2886_2021_MOPS_t57sb01.html,LEGACY_PER_YEAR,HTML,VALID_MOPS_RESPONSE,VALID_MOPS_ARCHIVE_RESPONSE,3477,b9bf4f3fdb2a4ae0c0e0108c0624315fe64db3cb06361317b6e2c390c7631880
2886_2021_MOPS_t57sb01.metadata.json,LEGACY_PER_YEAR,METADATA,VALID_JSON_METADATA,CACHE_METADATA_PRESENT,180,5b1e24f40f04627d0d1216d4475290aa84e4da1a9996ea244b5f38ae133973b9
2886_2022_MOPS_t57sb01.html,LEGACY_PER_YEAR,HTML,VALID_MOPS_RESPONSE,VALID_MOPS_ARCHIVE_RESPONSE,3477,d6239ade88196f3e6c43a2a439c0c718cdaf44f4647891b0fe22d7b28d7fedc3
2886_2022_MOPS_t57sb01.metadata.json,LEGACY_PER_YEAR,METADATA,VALID_JSON_METADATA,CACHE_METADATA_PRESENT,180,e7decf7a124c40e1c56654a8c42aef1f9f4c22c449bc0997c95397e57091c4e2
2886_2023_MOPS_t57sb01.html,LEGACY_PER_YEAR,HTML,VALID_MOPS_RESPONSE,VALID_MOPS_ARCHIVE_RESPONSE,3477,1552b7ea86e0cb9164c1d6ee341a512d5180a4af49487dc4431df64f04a64b02
2886_2023_MOPS_t57sb01.metadata.json,LEGACY_PER_YEAR,METADATA,VALID_JSON_METADATA,CACHE_METADATA_PRESENT,180,8d3810b005cff3e2b08580e6c06490c6e18ea7705b84e1167588206c75e38a71
2886_2024_MOPS_t57sb01.html,LEGACY_PER_YEAR,HTML,VALID_MOPS_RESPONSE,VALID_MOPS_ARCHIVE_RESPONSE,3477,88ed8caf740e0adef169e3dfb5adca9af3615da1a8da5b5b0ceba966abd52d60
2886_2024_MOPS_t57sb01.metadata.json,LEGACY_PER_YEAR,METADATA,VALID_JSON_METADATA,CACHE_METADATA_PRESENT,180,03180481a6d0d43c21caaff5da88455c6f1a40b1200d3c987f43f30e70869fcc
2886_2025_MOPS_t57sb01.html,LEGACY_PER_YEAR,HTML,VALID_MOPS_RESPONSE,VALID_MOPS_ARCHIVE_RESPONSE,3477,01b400324f6c4ba0bcb271369b74928f2d6103f987217be1d1c04236e1d9dd8a
2886_2025_MOPS_t57sb01.metadata.json,LEGACY_PER_YEAR,METADATA,VALID_JSON_METADATA,CACHE_METADATA_PRESENT,180,eaed28f4c0948fd401578977c33989d9c8f6343f79ef3fc926ff5e0415d0d36e
2886_2026_MOPS_t57sb01.html,LEGACY_PER_YEAR,HTML,INVALID_MOPS_RESPONSE,MOPS_RATE_LIMIT_RESPONSE,469,7f87fe0bce6b6c13fc2a88e7bf9ab00bed8d411eb6291fbbfcf3a1ade79248a2
2886_2026_MOPS_t57sb01.metadata.json,LEGACY_PER_YEAR,METADATA,VALID_JSON_METADATA,CACHE_METADATA_PRESENT,180,4276a6fb8b5ac28316e9973e90327fc9dbc8b3a267f652ff8d28b18493ecffb2
2886_ALL_AVAILABLE_YEARS_MOPS_t57sb01.html,ACTIVE_ALL_YEAR,HTML,VALID_MOPS_RESPONSE,VALID_MOPS_ARCHIVE_RESPONSE,78481,3cbb126c7b8dc8e86c17aff98f62e0935ae296abebed9e41a31a303db1ca461d
2886_ALL_AVAILABLE_YEARS_MOPS_t57sb01.metadata.json,ACTIVE_ALL_YEAR,METADATA,VALID_JSON_METADATA,CACHE_METADATA_PRESENT,189,b4879e08d9a1f6e600396391c21cd5e1e9708ece9e41d445c64c999d5f794d73
2887_2016_MOPS_t57sb01.html,LEGACY_PER_YEAR,HTML,VALID_MOPS_RESPONSE,VALID_MOPS_ARCHIVE_RESPONSE,4378,bd64fee66ab713e117c273d6cf43009fbfaf391df1191f5b21bad0805d22b63f
2887_2016_MOPS_t57sb01.metadata.json,LEGACY_PER_YEAR,METADATA,VALID_JSON_METADATA,CACHE_METADATA_PRESENT,180,60e412bf378b9d299a196c3665473182014f626380f0470f17b100ab2ff85113
2887_2017_MOPS_t57sb01.html,LEGACY_PER_YEAR,HTML,INVALID_MOPS_RESPONSE,MOPS_RATE_LIMIT_RESPONSE,469,7f87fe0bce6b6c13fc2a88e7bf9ab00bed8d411eb6291fbbfcf3a1ade79248a2
2887_2017_MOPS_t57sb01.metadata.json,LEGACY_PER_YEAR,METADATA,VALID_JSON_METADATA,CACHE_METADATA_PRESENT,180,ab5ebbf3f9aaddef69adf4608774dd186816ea6221d2a9b4febc99e4aa5a4ee6
2887_2018_MOPS_t57sb01.html,LEGACY_PER_YEAR,HTML,INVALID_MOPS_RESPONSE,MOPS_RATE_LIMIT_RESPONSE,469,7f87fe0bce6b6c13fc2a88e7bf9ab00bed8d411eb6291fbbfcf3a1ade79248a2
2887_2018_MOPS_t57sb01.metadata.json,LEGACY_PER_YEAR,METADATA,VALID_JSON_METADATA,CACHE_METADATA_PRESENT,180,cd7b2ec9662b91424fb906958d89e56cb6697fdb7898d45f9e408f6dad2ed379
2887_2019_MOPS_t57sb01.html,LEGACY_PER_YEAR,HTML,INVALID_MOPS_RESPONSE,MOPS_RATE_LIMIT_RESPONSE,469,7f87fe0bce6b6c13fc2a88e7bf9ab00bed8d411eb6291fbbfcf3a1ade79248a2
2887_2019_MOPS_t57sb01.metadata.json,LEGACY_PER_YEAR,METADATA,VALID_JSON_METADATA,CACHE_METADATA_PRESENT,180,43af2d85407051924f58d5c39bd26b04248158257414b100051493f7639bf04a
2887_2020_MOPS_t57sb01.html,LEGACY_PER_YEAR,HTML,INVALID_MOPS_RESPONSE,MOPS_RATE_LIMIT_RESPONSE,469,7f87fe0bce6b6c13fc2a88e7bf9ab00bed8d411eb6291fbbfcf3a1ade79248a2
2887_2020_MOPS_t57sb01.metadata.json,LEGACY_PER_YEAR,METADATA,VALID_JSON_METADATA,CACHE_METADATA_PRESENT,180,fc7aa70b60c87be9e8a46ac1bd98a336fe4da36d38f464902cfaf4372fd58ab0
2887_2021_MOPS_t57sb01.html,LEGACY_PER_YEAR,HTML,INVALID_MOPS_RESPONSE,MOPS_RATE_LIMIT_RESPONSE,469,7f87fe0bce6b6c13fc2a88e7bf9ab00bed8d411eb6291fbbfcf3a1ade79248a2
2887_2021_MOPS_t57sb01.metadata.json,LEGACY_PER_YEAR,METADATA,VALID_JSON_METADATA,CACHE_METADATA_PRESENT,180,7e8f47ffe982edb2531707f9bcc2aede46e420a40f27e5f7180069a54a694b46
2887_2022_MOPS_t57sb01.html,LEGACY_PER_YEAR,HTML,INVALID_MOPS_RESPONSE,MOPS_RATE_LIMIT_RESPONSE,469,7f87fe0bce6b6c13fc2a88e7bf9ab00bed8d411eb6291fbbfcf3a1ade79248a2
2887_2022_MOPS_t57sb01.metadata.json,LEGACY_PER_YEAR,METADATA,VALID_JSON_METADATA,CACHE_METADATA_PRESENT,180,cb0c8edb15d3fbabd7c21a516979a7f6d8a8ce6024385de440f9dd524463c166
2887_2023_MOPS_t57sb01.html,LEGACY_PER_YEAR,HTML,INVALID_MOPS_RESPONSE,MOPS_RATE_LIMIT_RESPONSE,469,7f87fe0bce6b6c13fc2a88e7bf9ab00bed8d411eb6291fbbfcf3a1ade79248a2
2887_2023_MOPS_t57sb01.metadata.json,LEGACY_PER_YEAR,METADATA,VALID_JSON_METADATA,CACHE_METADATA_PRESENT,180,e543819d6b067f54918b0ec4beb8745c0f5e6b3142d6b805fe93856636a30772
2887_2024_MOPS_t57sb01.html,LEGACY_PER_YEAR,HTML,INVALID_MOPS_RESPONSE,MOPS_RATE_LIMIT_RESPONSE,469,7f87fe0bce6b6c13fc2a88e7bf9ab00bed8d411eb6291fbbfcf3a1ade79248a2
2887_2024_MOPS_t57sb01.metadata.json,LEGACY_PER_YEAR,METADATA,VALID_JSON_METADATA,CACHE_METADATA_PRESENT,180,15f6e70cb6cf96b963cc732ca9a4d4c49f9a399d63e2172a282bff46cfd7f95c
2887_2025_MOPS_t57sb01.html,LEGACY_PER_YEAR,HTML,INVALID_MOPS_RESPONSE,MOPS_RATE_LIMIT_RESPONSE,469,7f87fe0bce6b6c13fc2a88e7bf9ab00bed8d411eb6291fbbfcf3a1ade79248a2
2887_2025_MOPS_t57sb01.metadata.json,LEGACY_PER_YEAR,METADATA,VALID_JSON_METADATA,CACHE_METADATA_PRESENT,180,4213e24f719b911d30d72885118e322e5e7fe253e580bde8023f2f203bb477c6
2887_2026_MOPS_t57sb01.html,LEGACY_PER_YEAR,HTML,INVALID_MOPS_RESPONSE,MOPS_RATE_LIMIT_RESPONSE,469,7f87fe0bce6b6c13fc2a88e7bf9ab00bed8d411eb6291fbbfcf3a1ade79248a2
2887_2026_MOPS_t57sb01.metadata.json,LEGACY_PER_YEAR,METADATA,VALID_JSON_METADATA,CACHE_METADATA_PRESENT,180,53e7468a0cf62f9fcc6af621e9b399bdb42a528efe4578048be2c4238b028e53
2887_ALL_AVAILABLE_YEARS_MOPS_t57sb01.html,ACTIVE_ALL_YEAR,HTML,VALID_MOPS_RESPONSE,VALID_MOPS_ARCHIVE_RESPONSE,74143,9a455f5bc81e1aceda8a70a93439471110fda81902b3236ddb0a382416f6cb65
2887_ALL_AVAILABLE_YEARS_MOPS_t57sb01.metadata.json,ACTIVE_ALL_YEAR,METADATA,VALID_JSON_METADATA,CACHE_METADATA_PRESENT,189,7395ca13a6b959fcdffcf9f09edbaaa48a5ce6969b38251093fe5c7a63a0de3d
2890_2016_MOPS_t57sb01.html,LEGACY_PER_YEAR,HTML,INVALID_MOPS_RESPONSE,MOPS_RATE_LIMIT_RESPONSE,469,7f87fe0bce6b6c13fc2a88e7bf9ab00bed8d411eb6291fbbfcf3a1ade79248a2
2890_2016_MOPS_t57sb01.metadata.json,LEGACY_PER_YEAR,METADATA,VALID_JSON_METADATA,CACHE_METADATA_PRESENT,180,d46f98357cc8e584efb5bda2e71317a564be1755d937ba71c02e1bb224d0d1c7
2890_2017_MOPS_t57sb01.html,LEGACY_PER_YEAR,HTML,INVALID_MOPS_RESPONSE,MOPS_RATE_LIMIT_RESPONSE,469,7f87fe0bce6b6c13fc2a88e7bf9ab00bed8d411eb6291fbbfcf3a1ade79248a2
2890_2017_MOPS_t57sb01.metadata.json,LEGACY_PER_YEAR,METADATA,VALID_JSON_METADATA,CACHE_METADATA_PRESENT,180,76c77ad19cb87b75dc0cdcdfc9968bdd08ce90696007b20dabbe9f74ada57991
2890_2018_MOPS_t57sb01.html,LEGACY_PER_YEAR,HTML,INVALID_MOPS_RESPONSE,MOPS_RATE_LIMIT_RESPONSE,469,7f87fe0bce6b6c13fc2a88e7bf9ab00bed8d411eb6291fbbfcf3a1ade79248a2
2890_2018_MOPS_t57sb01.metadata.json,LEGACY_PER_YEAR,METADATA,VALID_JSON_METADATA,CACHE_METADATA_PRESENT,180,fc2a40bfd441259e0596c54f47b8f1ce3aa8626489310d766e8928a1fd41fa87
2890_2019_MOPS_t57sb01.html,LEGACY_PER_YEAR,HTML,INVALID_MOPS_RESPONSE,MOPS_RATE_LIMIT_RESPONSE,469,7f87fe0bce6b6c13fc2a88e7bf9ab00bed8d411eb6291fbbfcf3a1ade79248a2
2890_2019_MOPS_t57sb01.metadata.json,LEGACY_PER_YEAR,METADATA,VALID_JSON_METADATA,CACHE_METADATA_PRESENT,180,a0d709344064d5d7384578f6fc6852240636f2ba16acdde73bce981050723613
2890_2020_MOPS_t57sb01.html,LEGACY_PER_YEAR,HTML,INVALID_MOPS_RESPONSE,MOPS_RATE_LIMIT_RESPONSE,469,7f87fe0bce6b6c13fc2a88e7bf9ab00bed8d411eb6291fbbfcf3a1ade79248a2
2890_2020_MOPS_t57sb01.metadata.json,LEGACY_PER_YEAR,METADATA,VALID_JSON_METADATA,CACHE_METADATA_PRESENT,180,100340220418904700636452d5d80ec11bf15a5622b6a86ca05eb1029234607e
2890_2021_MOPS_t57sb01.html,LEGACY_PER_YEAR,HTML,INVALID_MOPS_RESPONSE,MOPS_RATE_LIMIT_RESPONSE,469,7f87fe0bce6b6c13fc2a88e7bf9ab00bed8d411eb6291fbbfcf3a1ade79248a2
2890_2021_MOPS_t57sb01.metadata.json,LEGACY_PER_YEAR,METADATA,VALID_JSON_METADATA,CACHE_METADATA_PRESENT,180,35a96a977947d66e2384c7d619e48db7c5ee5fe4b5cc2f5c6e5a7995a985a41e
2890_2022_MOPS_t57sb01.html,LEGACY_PER_YEAR,HTML,INVALID_MOPS_RESPONSE,MOPS_RATE_LIMIT_RESPONSE,469,7f87fe0bce6b6c13fc2a88e7bf9ab00bed8d411eb6291fbbfcf3a1ade79248a2
2890_2022_MOPS_t57sb01.metadata.json,LEGACY_PER_YEAR,METADATA,VALID_JSON_METADATA,CACHE_METADATA_PRESENT,180,1056fb20ac1bc5773c7fb596c2d71aa94e5d6611da5cbce820d8e87cdee6a50f
2890_2023_MOPS_t57sb01.html,LEGACY_PER_YEAR,HTML,INVALID_MOPS_RESPONSE,MOPS_RATE_LIMIT_RESPONSE,469,7f87fe0bce6b6c13fc2a88e7bf9ab00bed8d411eb6291fbbfcf3a1ade79248a2
2890_2023_MOPS_t57sb01.metadata.json,LEGACY_PER_YEAR,METADATA,VALID_JSON_METADATA,CACHE_METADATA_PRESENT,180,c8f39677fa256df68209aed6b16c591a094ebc09cf1bfa6e97c06fc9d2bfd6e7
2890_2024_MOPS_t57sb01.html,LEGACY_PER_YEAR,HTML,INVALID_MOPS_RESPONSE,MOPS_RATE_LIMIT_RESPONSE,469,7f87fe0bce6b6c13fc2a88e7bf9ab00bed8d411eb6291fbbfcf3a1ade79248a2
2890_2024_MOPS_t57sb01.metadata.json,LEGACY_PER_YEAR,METADATA,VALID_JSON_METADATA,CACHE_METADATA_PRESENT,180,cfe45cdf2b5b5b6130a92d2ebcfb8608a0f4def88e397098f3c0aa4a824f49fe
2890_2025_MOPS_t57sb01.html,LEGACY_PER_YEAR,HTML,INVALID_MOPS_RESPONSE,MOPS_RATE_LIMIT_RESPONSE,469,7f87fe0bce6b6c13fc2a88e7bf9ab00bed8d411eb6291fbbfcf3a1ade79248a2
2890_2025_MOPS_t57sb01.metadata.json,LEGACY_PER_YEAR,METADATA,VALID_JSON_METADATA,CACHE_METADATA_PRESENT,180,8451ec917efd05a45298f6c42dd90cae761c9c10454bfd638c29ecd8e8819cee
2890_2026_MOPS_t57sb01.html,LEGACY_PER_YEAR,HTML,INVALID_MOPS_RESPONSE,MOPS_RATE_LIMIT_RESPONSE,469,7f87fe0bce6b6c13fc2a88e7bf9ab00bed8d411eb6291fbbfcf3a1ade79248a2
2890_2026_MOPS_t57sb01.metadata.json,LEGACY_PER_YEAR,METADATA,VALID_JSON_METADATA,CACHE_METADATA_PRESENT,180,c9072cbc3ef886ef1d45cf89dde0847674c48278efa65b40271e8fe4274a5bf9
2890_ALL_AVAILABLE_YEARS_MOPS_t57sb01.html,ACTIVE_ALL_YEAR,HTML,VALID_MOPS_RESPONSE,VALID_MOPS_ARCHIVE_RESPONSE,76508,bdd9f67c975e500e77eda4cd5f1d8f3f71e458a8f08da0b08d8ae4502ea98123
2890_ALL_AVAILABLE_YEARS_MOPS_t57sb01.metadata.json,ACTIVE_ALL_YEAR,METADATA,VALID_JSON_METADATA,CACHE_METADATA_PRESENT,189,8f275f03271e865df9ca1b844c1efe8543da54eb75e1f2164b1252d54fcea8c3
2891_2016_MOPS_t57sb01.html,LEGACY_PER_YEAR,HTML,INVALID_MOPS_RESPONSE,MOPS_RATE_LIMIT_RESPONSE,469,7f87fe0bce6b6c13fc2a88e7bf9ab00bed8d411eb6291fbbfcf3a1ade79248a2
2891_2016_MOPS_t57sb01.metadata.json,LEGACY_PER_YEAR,METADATA,VALID_JSON_METADATA,CACHE_METADATA_PRESENT,180,916a54d30ad8b2d4082f7dd03ddc51f6e49192dbbf017bf2175ebdacb78d7d1f
2891_2017_MOPS_t57sb01.html,LEGACY_PER_YEAR,HTML,INVALID_MOPS_RESPONSE,MOPS_RATE_LIMIT_RESPONSE,469,7f87fe0bce6b6c13fc2a88e7bf9ab00bed8d411eb6291fbbfcf3a1ade79248a2
2891_2017_MOPS_t57sb01.metadata.json,LEGACY_PER_YEAR,METADATA,VALID_JSON_METADATA,CACHE_METADATA_PRESENT,180,bd70470671f215a07daddbee57b3d428b1f47c0000efbae45f2793189ce7b94a
2891_2018_MOPS_t57sb01.html,LEGACY_PER_YEAR,HTML,INVALID_MOPS_RESPONSE,MOPS_RATE_LIMIT_RESPONSE,469,7f87fe0bce6b6c13fc2a88e7bf9ab00bed8d411eb6291fbbfcf3a1ade79248a2
2891_2018_MOPS_t57sb01.metadata.json,LEGACY_PER_YEAR,METADATA,VALID_JSON_METADATA,CACHE_METADATA_PRESENT,180,d8df25638da04b98191471c755e4fa552e6ee9ee97c644405c58fb297048ced3
2891_2019_MOPS_t57sb01.html,LEGACY_PER_YEAR,HTML,INVALID_MOPS_RESPONSE,MOPS_RATE_LIMIT_RESPONSE,469,7f87fe0bce6b6c13fc2a88e7bf9ab00bed8d411eb6291fbbfcf3a1ade79248a2
2891_2019_MOPS_t57sb01.metadata.json,LEGACY_PER_YEAR,METADATA,VALID_JSON_METADATA,CACHE_METADATA_PRESENT,180,de7660f4e9b5a5e7ed26ff0f09f2a888b92ac04baf739a1bee01d1eab995f8b1
2891_2020_MOPS_t57sb01.html,LEGACY_PER_YEAR,HTML,INVALID_MOPS_RESPONSE,MOPS_RATE_LIMIT_RESPONSE,469,7f87fe0bce6b6c13fc2a88e7bf9ab00bed8d411eb6291fbbfcf3a1ade79248a2
2891_2020_MOPS_t57sb01.metadata.json,LEGACY_PER_YEAR,METADATA,VALID_JSON_METADATA,CACHE_METADATA_PRESENT,180,56f257873f54664e7ac9c39ef8705f47807efed934cbba1e26b82936fbee29aa
2891_2021_MOPS_t57sb01.html,LEGACY_PER_YEAR,HTML,INVALID_MOPS_RESPONSE,MOPS_RATE_LIMIT_RESPONSE,469,7f87fe0bce6b6c13fc2a88e7bf9ab00bed8d411eb6291fbbfcf3a1ade79248a2
2891_2021_MOPS_t57sb01.metadata.json,LEGACY_PER_YEAR,METADATA,VALID_JSON_METADATA,CACHE_METADATA_PRESENT,180,b55d3caf79f6a11897d3c05927ef723906f1e51993cbfad773519db753385c8e
2891_2022_MOPS_t57sb01.html,LEGACY_PER_YEAR,HTML,VALID_MOPS_RESPONSE,VALID_MOPS_ARCHIVE_RESPONSE,4574,b5d63cf80dd6f0e72e116b627d10131fbd98cab9fa7a404fd816aedec1611cbc
2891_2022_MOPS_t57sb01.metadata.json,LEGACY_PER_YEAR,METADATA,VALID_JSON_METADATA,CACHE_METADATA_PRESENT,180,fa60a9def6057e9b04aa7c15d6f5cdf67dc06097443b2a4223985420c0e13bc0
2891_2023_MOPS_t57sb01.html,LEGACY_PER_YEAR,HTML,VALID_MOPS_RESPONSE,VALID_MOPS_ARCHIVE_RESPONSE,4574,8900ac395be9dca1f5083f159aa8f66566951ddc9669b7fd9864abd529bc3ef4
2891_2023_MOPS_t57sb01.metadata.json,LEGACY_PER_YEAR,METADATA,VALID_JSON_METADATA,CACHE_METADATA_PRESENT,180,dd52864b3d5ef9f07e3ada5ea2dace1edade4b2f388ea2845ad1eb84b50d5291
2891_2024_MOPS_t57sb01.html,LEGACY_PER_YEAR,HTML,VALID_MOPS_RESPONSE,VALID_MOPS_ARCHIVE_RESPONSE,4574,dd62d4f0e08ec6d3b86a85801d6ddb953e7d2bff6d7e402ae215c466afa3e63d
2891_2024_MOPS_t57sb01.metadata.json,LEGACY_PER_YEAR,METADATA,VALID_JSON_METADATA,CACHE_METADATA_PRESENT,180,de57e3ba21d3de24474acb70a2b8c5652790bde3daf74eb3aa643eab43da4e94
2891_2025_MOPS_t57sb01.html,LEGACY_PER_YEAR,HTML,VALID_MOPS_RESPONSE,VALID_MOPS_ARCHIVE_RESPONSE,4574,d5b79575c8fe5d07cbd971b92893eb32e87ede33595f7d7d275d37d98888a0be
2891_2025_MOPS_t57sb01.metadata.json,LEGACY_PER_YEAR,METADATA,VALID_JSON_METADATA,CACHE_METADATA_PRESENT,180,f85507b4cee99f65d1643445975dfa7895d689490bdd0e45870b3e1bbab58b2f
2891_2026_MOPS_t57sb01.html,LEGACY_PER_YEAR,HTML,VALID_MOPS_RESPONSE,VALID_MOPS_ARCHIVE_RESPONSE,4574,309a1607777e7a37155d1e2b96c59dbd27cb91409d46f533af2cb0bb1048cb7d
2891_2026_MOPS_t57sb01.metadata.json,LEGACY_PER_YEAR,METADATA,VALID_JSON_METADATA,CACHE_METADATA_PRESENT,180,d965948e248ad7d2b95e60d8f5c8db4915d344c246489bac1d615a34e91c5b1e
2891_ALL_AVAILABLE_YEARS_MOPS_t57sb01.html,ACTIVE_ALL_YEAR,HTML,VALID_MOPS_RESPONSE,VALID_MOPS_ARCHIVE_RESPONSE,69816,22f622add7fa94fc08bf72f3d3647f206ef59b88510f005c757d9b06437a821e
2891_ALL_AVAILABLE_YEARS_MOPS_t57sb01.metadata.json,ACTIVE_ALL_YEAR,METADATA,VALID_JSON_METADATA,CACHE_METADATA_PRESENT,189,4e63c1105feefb46d86d3df942ca7db3da0710b0bdebc6684ad102b448f4df8b
2892_2016_MOPS_t57sb01.html,LEGACY_PER_YEAR,HTML,VALID_MOPS_RESPONSE,VALID_MOPS_ARCHIVE_RESPONSE,2898,58f30ea160ece323a145903e2c566ea4f9533731127b24b0ac364c927c74c1e3
2892_2016_MOPS_t57sb01.metadata.json,LEGACY_PER_YEAR,METADATA,VALID_JSON_METADATA,CACHE_METADATA_PRESENT,180,2db83f702eafb9a71952c8d6e5d45806f62107c783b3e1f272b17ce704203544
2892_2017_MOPS_t57sb01.html,LEGACY_PER_YEAR,HTML,VALID_MOPS_RESPONSE,VALID_MOPS_ARCHIVE_RESPONSE,2898,92b5ed12126b9c2e3760469f768349afe4799b2c6f6d1e361beeeb04789791a4
2892_2017_MOPS_t57sb01.metadata.json,LEGACY_PER_YEAR,METADATA,VALID_JSON_METADATA,CACHE_METADATA_PRESENT,180,bafd6ce999375716253f42047d0dd6bda30bec3efbc0bec5acc6594415ea379d
2892_2018_MOPS_t57sb01.html,LEGACY_PER_YEAR,HTML,VALID_MOPS_RESPONSE,VALID_MOPS_ARCHIVE_RESPONSE,2898,f39ba5a21d9d9fba90582b5eeb985aad08889e941d5bc7890e8c61a1192cd031
2892_2018_MOPS_t57sb01.metadata.json,LEGACY_PER_YEAR,METADATA,VALID_JSON_METADATA,CACHE_METADATA_PRESENT,180,e93336d92d605fd97eeec70b2c29cd722d18cd5c953e2fb716c5548152a68300
2892_2019_MOPS_t57sb01.html,LEGACY_PER_YEAR,HTML,VALID_MOPS_RESPONSE,VALID_MOPS_ARCHIVE_RESPONSE,2898,677368585c1a0944863b74f354a984cdb479b48fe2ed7d3029b75340df454042
2892_2019_MOPS_t57sb01.metadata.json,LEGACY_PER_YEAR,METADATA,VALID_JSON_METADATA,CACHE_METADATA_PRESENT,180,f123871b784fcf1e386e9192af354ef8f0d596fd1abdb0ecf2e9bacf548c8dea
2892_2020_MOPS_t57sb01.html,LEGACY_PER_YEAR,HTML,INVALID_MOPS_RESPONSE,MOPS_RATE_LIMIT_RESPONSE,469,7f87fe0bce6b6c13fc2a88e7bf9ab00bed8d411eb6291fbbfcf3a1ade79248a2
2892_2020_MOPS_t57sb01.metadata.json,LEGACY_PER_YEAR,METADATA,VALID_JSON_METADATA,CACHE_METADATA_PRESENT,180,8fb5de4029f826a890c9a57d257e46f572f2452a0227297037573d2f3abcd7c9
2892_2021_MOPS_t57sb01.html,LEGACY_PER_YEAR,HTML,INVALID_MOPS_RESPONSE,MOPS_RATE_LIMIT_RESPONSE,469,7f87fe0bce6b6c13fc2a88e7bf9ab00bed8d411eb6291fbbfcf3a1ade79248a2
2892_2021_MOPS_t57sb01.metadata.json,LEGACY_PER_YEAR,METADATA,VALID_JSON_METADATA,CACHE_METADATA_PRESENT,180,99e4df37b7d901c3a22bdebe60b89689a892d559947912e706bdbf213c9f96ee
2892_2022_MOPS_t57sb01.html,LEGACY_PER_YEAR,HTML,INVALID_MOPS_RESPONSE,MOPS_RATE_LIMIT_RESPONSE,469,7f87fe0bce6b6c13fc2a88e7bf9ab00bed8d411eb6291fbbfcf3a1ade79248a2
2892_2022_MOPS_t57sb01.metadata.json,LEGACY_PER_YEAR,METADATA,VALID_JSON_METADATA,CACHE_METADATA_PRESENT,180,79932b0967621a1ae5d30f664b605fe2bbd7b94abdbba6d9de493138da10aa19
2892_2023_MOPS_t57sb01.html,LEGACY_PER_YEAR,HTML,VALID_MOPS_RESPONSE,VALID_MOPS_ARCHIVE_RESPONSE,2898,50868158873499c8df200b33f32962d9339353ea89f1e56bcda0c2c49129c16a
2892_2023_MOPS_t57sb01.metadata.json,LEGACY_PER_YEAR,METADATA,VALID_JSON_METADATA,CACHE_METADATA_PRESENT,180,ad321b2419cdada65d5534fa4f3ea4a2d470897e592155404cbdc43a3bca77ac
2892_2024_MOPS_t57sb01.html,LEGACY_PER_YEAR,HTML,VALID_MOPS_RESPONSE,VALID_MOPS_ARCHIVE_RESPONSE,2898,d67a091123b3cc26eaf06cd16bcf05930070d0bf8f6b1aea91e9ff99dcb912a4
2892_2024_MOPS_t57sb01.metadata.json,LEGACY_PER_YEAR,METADATA,VALID_JSON_METADATA,CACHE_METADATA_PRESENT,180,b4c6dc363b276ecf05a697203fe07dc0511d5bd68d00b78d245b9613264f5d0f
2892_2025_MOPS_t57sb01.html,LEGACY_PER_YEAR,HTML,VALID_MOPS_RESPONSE,VALID_MOPS_ARCHIVE_RESPONSE,2898,c70787675b61a3b133ed253b9917c2d6fd9d1b21ea188a5527f5775377a7102e
2892_2025_MOPS_t57sb01.metadata.json,LEGACY_PER_YEAR,METADATA,VALID_JSON_METADATA,CACHE_METADATA_PRESENT,180,6076d7769794b9709a44344e304a9a5a78a83ab123585d62c4c196c5451bfeb6
2892_2026_MOPS_t57sb01.html,LEGACY_PER_YEAR,HTML,INVALID_MOPS_RESPONSE,MOPS_RATE_LIMIT_RESPONSE,469,7f87fe0bce6b6c13fc2a88e7bf9ab00bed8d411eb6291fbbfcf3a1ade79248a2
2892_2026_MOPS_t57sb01.metadata.json,LEGACY_PER_YEAR,METADATA,VALID_JSON_METADATA,CACHE_METADATA_PRESENT,180,a0259078fef38ce1b86237e3e761e88ee44616070c2e0d7555eaf868a7dda329
2892_ALL_AVAILABLE_YEARS_MOPS_t57sb01.html,ACTIVE_ALL_YEAR,HTML,VALID_MOPS_RESPONSE,VALID_MOPS_ARCHIVE_RESPONSE,91872,f2531179c0651f579b3fd9d5d9eca3c2d1da330eaf2eaa9eb480d72666e3b0ed
2892_ALL_AVAILABLE_YEARS_MOPS_t57sb01.metadata.json,ACTIVE_ALL_YEAR,METADATA,VALID_JSON_METADATA,CACHE_METADATA_PRESENT,189,4628cbeb5fad5dd97a18dd70f5f38a34cd521da7832c516fdcd8ccefea020722
3008_2016_MOPS_t57sb01.html,LEGACY_PER_YEAR,HTML,INVALID_MOPS_RESPONSE,MOPS_RATE_LIMIT_RESPONSE,469,7f87fe0bce6b6c13fc2a88e7bf9ab00bed8d411eb6291fbbfcf3a1ade79248a2
3008_2016_MOPS_t57sb01.metadata.json,LEGACY_PER_YEAR,METADATA,VALID_JSON_METADATA,CACHE_METADATA_PRESENT,180,8ab8eb89ed6825bea813bb966524b9cca19df0b6118a32bb66135cd3092d9c50
3008_2017_MOPS_t57sb01.html,LEGACY_PER_YEAR,HTML,INVALID_MOPS_RESPONSE,MOPS_RATE_LIMIT_RESPONSE,469,7f87fe0bce6b6c13fc2a88e7bf9ab00bed8d411eb6291fbbfcf3a1ade79248a2
3008_2017_MOPS_t57sb01.metadata.json,LEGACY_PER_YEAR,METADATA,VALID_JSON_METADATA,CACHE_METADATA_PRESENT,180,b4add9d435b283e5dd27b54e350ab87ec0b6a53ab204e4fad09ec9544f5c802f
3008_2018_MOPS_t57sb01.html,LEGACY_PER_YEAR,HTML,INVALID_MOPS_RESPONSE,MOPS_RATE_LIMIT_RESPONSE,469,7f87fe0bce6b6c13fc2a88e7bf9ab00bed8d411eb6291fbbfcf3a1ade79248a2
3008_2018_MOPS_t57sb01.metadata.json,LEGACY_PER_YEAR,METADATA,VALID_JSON_METADATA,CACHE_METADATA_PRESENT,180,3b6f69f8816e979334eaa4a39327b7f971dc5afb568d950f2c0c4e375508168c
3008_2019_MOPS_t57sb01.html,LEGACY_PER_YEAR,HTML,INVALID_MOPS_RESPONSE,MOPS_RATE_LIMIT_RESPONSE,469,7f87fe0bce6b6c13fc2a88e7bf9ab00bed8d411eb6291fbbfcf3a1ade79248a2
3008_2019_MOPS_t57sb01.metadata.json,LEGACY_PER_YEAR,METADATA,VALID_JSON_METADATA,CACHE_METADATA_PRESENT,180,7bbc2da5a079762864b48d35ca1bb77deabc39270c1435db8b94c51d420a8502
3008_2020_MOPS_t57sb01.html,LEGACY_PER_YEAR,HTML,INVALID_MOPS_RESPONSE,MOPS_RATE_LIMIT_RESPONSE,469,7f87fe0bce6b6c13fc2a88e7bf9ab00bed8d411eb6291fbbfcf3a1ade79248a2
3008_2020_MOPS_t57sb01.metadata.json,LEGACY_PER_YEAR,METADATA,VALID_JSON_METADATA,CACHE_METADATA_PRESENT,180,180d28fa659250bda754f1dcc2b328c86dfeabdd9f44b4afd433a08672ceb2f7
3008_2021_MOPS_t57sb01.html,LEGACY_PER_YEAR,HTML,INVALID_MOPS_RESPONSE,MOPS_RATE_LIMIT_RESPONSE,469,7f87fe0bce6b6c13fc2a88e7bf9ab00bed8d411eb6291fbbfcf3a1ade79248a2
3008_2021_MOPS_t57sb01.metadata.json,LEGACY_PER_YEAR,METADATA,VALID_JSON_METADATA,CACHE_METADATA_PRESENT,180,0991d621c692ee691a82fc31785a848b5a8c7f4648202f3d9d9a078c3a4f48c8
3008_2022_MOPS_t57sb01.html,LEGACY_PER_YEAR,HTML,INVALID_MOPS_RESPONSE,MOPS_RATE_LIMIT_RESPONSE,469,7f87fe0bce6b6c13fc2a88e7bf9ab00bed8d411eb6291fbbfcf3a1ade79248a2
3008_2022_MOPS_t57sb01.metadata.json,LEGACY_PER_YEAR,METADATA,VALID_JSON_METADATA,CACHE_METADATA_PRESENT,180,e2bb1e3e66d01e3e747463c46a4cc2d5e8f7d0c2158d3e224538f2b027fa8702
3008_2023_MOPS_t57sb01.html,LEGACY_PER_YEAR,HTML,INVALID_MOPS_RESPONSE,MOPS_RATE_LIMIT_RESPONSE,469,7f87fe0bce6b6c13fc2a88e7bf9ab00bed8d411eb6291fbbfcf3a1ade79248a2
3008_2023_MOPS_t57sb01.metadata.json,LEGACY_PER_YEAR,METADATA,VALID_JSON_METADATA,CACHE_METADATA_PRESENT,180,0477f14d4e41f43e6e7af1f859a2dd65a0b78ec6744af961079b7d4794ff26e6
3008_2024_MOPS_t57sb01.html,LEGACY_PER_YEAR,HTML,INVALID_MOPS_RESPONSE,MOPS_RATE_LIMIT_RESPONSE,469,7f87fe0bce6b6c13fc2a88e7bf9ab00bed8d411eb6291fbbfcf3a1ade79248a2
3008_2024_MOPS_t57sb01.metadata.json,LEGACY_PER_YEAR,METADATA,VALID_JSON_METADATA,CACHE_METADATA_PRESENT,180,95881dec802bbc052dfd53b16e94d699eb2b4918530ed36c0b2096f24aa018a9
3008_2025_MOPS_t57sb01.html,LEGACY_PER_YEAR,HTML,INVALID_MOPS_RESPONSE,MOPS_RATE_LIMIT_RESPONSE,469,7f87fe0bce6b6c13fc2a88e7bf9ab00bed8d411eb6291fbbfcf3a1ade79248a2
3008_2025_MOPS_t57sb01.metadata.json,LEGACY_PER_YEAR,METADATA,VALID_JSON_METADATA,CACHE_METADATA_PRESENT,180,edc4f03a26fccd794b25b6e664e89118ffeba503527a46aa484798bc27178ec1
3008_2026_MOPS_t57sb01.html,LEGACY_PER_YEAR,HTML,INVALID_MOPS_RESPONSE,MOPS_RATE_LIMIT_RESPONSE,469,7f87fe0bce6b6c13fc2a88e7bf9ab00bed8d411eb6291fbbfcf3a1ade79248a2
3008_2026_MOPS_t57sb01.metadata.json,LEGACY_PER_YEAR,METADATA,VALID_JSON_METADATA,CACHE_METADATA_PRESENT,180,54c0943eafe57c851eaf1ddd6ead06ee85c035d10f8f2767bc96f1c62d41a89b
3008_ALL_AVAILABLE_YEARS_MOPS_t57sb01.html,ACTIVE_ALL_YEAR,HTML,VALID_MOPS_RESPONSE,VALID_MOPS_ARCHIVE_RESPONSE,77254,6c79ae81d7f7f6642158c25464a30914b778428453572fd22efb125fa8e73139
3008_ALL_AVAILABLE_YEARS_MOPS_t57sb01.metadata.json,ACTIVE_ALL_YEAR,METADATA,VALID_JSON_METADATA,CACHE_METADATA_PRESENT,189,f47ed70dae35197d893ba009b31fa2c2aed0ddfdacb6726f865b9dcc8055c463
3017_2016_MOPS_t57sb01.html,LEGACY_PER_YEAR,HTML,INVALID_MOPS_RESPONSE,MOPS_RATE_LIMIT_RESPONSE,469,7f87fe0bce6b6c13fc2a88e7bf9ab00bed8d411eb6291fbbfcf3a1ade79248a2
3017_2016_MOPS_t57sb01.metadata.json,LEGACY_PER_YEAR,METADATA,VALID_JSON_METADATA,CACHE_METADATA_PRESENT,180,f90c0cdf18421a592a2254c65843628d090e4e1bd3c6edf8d2e09d057d2743f3
3017_2017_MOPS_t57sb01.html,LEGACY_PER_YEAR,HTML,INVALID_MOPS_RESPONSE,MOPS_RATE_LIMIT_RESPONSE,469,7f87fe0bce6b6c13fc2a88e7bf9ab00bed8d411eb6291fbbfcf3a1ade79248a2
3017_2017_MOPS_t57sb01.metadata.json,LEGACY_PER_YEAR,METADATA,VALID_JSON_METADATA,CACHE_METADATA_PRESENT,180,29d32b7e3774c18b2292d1656560a092bb2911b104b4a955456bffb0cc6e7dbd
3017_2018_MOPS_t57sb01.html,LEGACY_PER_YEAR,HTML,INVALID_MOPS_RESPONSE,MOPS_RATE_LIMIT_RESPONSE,469,7f87fe0bce6b6c13fc2a88e7bf9ab00bed8d411eb6291fbbfcf3a1ade79248a2
3017_2018_MOPS_t57sb01.metadata.json,LEGACY_PER_YEAR,METADATA,VALID_JSON_METADATA,CACHE_METADATA_PRESENT,180,f274f6004c2ac8516267c3112c747015b87cd8af5c02ddebe29f3c19d7c1738e
3017_2019_MOPS_t57sb01.html,LEGACY_PER_YEAR,HTML,INVALID_MOPS_RESPONSE,MOPS_RATE_LIMIT_RESPONSE,469,7f87fe0bce6b6c13fc2a88e7bf9ab00bed8d411eb6291fbbfcf3a1ade79248a2
3017_2019_MOPS_t57sb01.metadata.json,LEGACY_PER_YEAR,METADATA,VALID_JSON_METADATA,CACHE_METADATA_PRESENT,180,18d1f678e1458ac912b438123a1b6b3c462de6948d672b867656ce10b5af3cca
3017_2020_MOPS_t57sb01.html,LEGACY_PER_YEAR,HTML,INVALID_MOPS_RESPONSE,MOPS_RATE_LIMIT_RESPONSE,469,7f87fe0bce6b6c13fc2a88e7bf9ab00bed8d411eb6291fbbfcf3a1ade79248a2
3017_2020_MOPS_t57sb01.metadata.json,LEGACY_PER_YEAR,METADATA,VALID_JSON_METADATA,CACHE_METADATA_PRESENT,180,123f63264c916e95a0bd666bb336b05526e461f60322e81edaaf5b27e68778ee
3017_2021_MOPS_t57sb01.html,LEGACY_PER_YEAR,HTML,VALID_MOPS_RESPONSE,VALID_MOPS_ARCHIVE_RESPONSE,7867,c0db14a72502c4ebfbdb52869c600e3087879dcc7a5d4df550392b3a00743681
3017_2021_MOPS_t57sb01.metadata.json,LEGACY_PER_YEAR,METADATA,VALID_JSON_METADATA,CACHE_METADATA_PRESENT,180,7fc6673ab64dc21b987bead4edfd79980f035b853afca67ea950731e3d8969bd
3017_2022_MOPS_t57sb01.html,LEGACY_PER_YEAR,HTML,VALID_MOPS_RESPONSE,VALID_MOPS_ARCHIVE_RESPONSE,8273,d496fa84ab2a513ced800770e72fc12eae5a511c8d69a21b74e55f81454f1111
3017_2022_MOPS_t57sb01.metadata.json,LEGACY_PER_YEAR,METADATA,VALID_JSON_METADATA,CACHE_METADATA_PRESENT,180,bec9693b5c9de4f99227c48e4bffd5b69dae8006ec7bffe7e9577c7dd949cee6
3017_2023_MOPS_t57sb01.html,LEGACY_PER_YEAR,HTML,VALID_MOPS_RESPONSE,VALID_MOPS_ARCHIVE_RESPONSE,7867,13f2b4a2b2b058b6367471d3b124a9658d5e5720b9b34b40f2248ed31adf34bf
3017_2023_MOPS_t57sb01.metadata.json,LEGACY_PER_YEAR,METADATA,VALID_JSON_METADATA,CACHE_METADATA_PRESENT,180,3b826b1caf0ca7d5f844f7258533796765e87539de1f9f1073b38d57e5c9c37e
3017_2024_MOPS_t57sb01.html,LEGACY_PER_YEAR,HTML,VALID_MOPS_RESPONSE,VALID_MOPS_ARCHIVE_RESPONSE,7867,320e55aec0154328452d9bbddc7a9d02a2e8d91e719d4bd57af21890b357c8a8
3017_2024_MOPS_t57sb01.metadata.json,LEGACY_PER_YEAR,METADATA,VALID_JSON_METADATA,CACHE_METADATA_PRESENT,180,5b43b714ef4f554dda4e7c1a26f95979640f3cff457da40459920fdd3dfecad5
3017_2025_MOPS_t57sb01.html,LEGACY_PER_YEAR,HTML,VALID_MOPS_RESPONSE,VALID_MOPS_ARCHIVE_RESPONSE,7867,b01ca5f7ab96b6ce71f6754da34eeef039b791af76bfd96a0a98f7bff23c6152
3017_2025_MOPS_t57sb01.metadata.json,LEGACY_PER_YEAR,METADATA,VALID_JSON_METADATA,CACHE_METADATA_PRESENT,180,76d6834f85e974abe12344b1ec4fd79f37f1a75f8c3cf31bc15feedce238a220
3017_2026_MOPS_t57sb01.html,LEGACY_PER_YEAR,HTML,VALID_MOPS_RESPONSE,VALID_MOPS_ARCHIVE_RESPONSE,5056,799037ef31d51e4d015260137c35380bc95b5b93e548aef14ad9b5b5d7241d59
3017_2026_MOPS_t57sb01.metadata.json,LEGACY_PER_YEAR,METADATA,VALID_JSON_METADATA,CACHE_METADATA_PRESENT,180,22620550fbbaf054b48aa560404aedab5355591730c6dc9d56bd6e3d99f217aa
3017_ALL_AVAILABLE_YEARS_MOPS_t57sb01.html,ACTIVE_ALL_YEAR,HTML,VALID_MOPS_RESPONSE,VALID_MOPS_ARCHIVE_RESPONSE,86697,ada7ad2c9f847dca04734615dee891f21e1b083a7dd744217f0f7aa4c3dffabc
3017_ALL_AVAILABLE_YEARS_MOPS_t57sb01.metadata.json,ACTIVE_ALL_YEAR,METADATA,VALID_JSON_METADATA,CACHE_METADATA_PRESENT,189,79fb3d232e60c4412170e3622518323714c84b1bd248c649d2ed3aaa3947d6d9
3037_2016_MOPS_t57sb01.html,LEGACY_PER_YEAR,HTML,VALID_MOPS_RESPONSE,VALID_MOPS_ARCHIVE_RESPONSE,5913,173dfea1e0cf3f52dc1a72f6db9b030f5d232d3e16f5fe6834e84dade313f96d
3037_2016_MOPS_t57sb01.metadata.json,LEGACY_PER_YEAR,METADATA,VALID_JSON_METADATA,CACHE_METADATA_PRESENT,180,6af7292e1331df0df4fac348739c36e345e89f792e53c048a721efb1b77525ab
3037_2017_MOPS_t57sb01.html,LEGACY_PER_YEAR,HTML,VALID_MOPS_RESPONSE,VALID_MOPS_ARCHIVE_RESPONSE,5913,be6038b3d0525d8b288b1ab1cc77f969be711757182f4b6600dbbe7ba666d9e7
3037_2017_MOPS_t57sb01.metadata.json,LEGACY_PER_YEAR,METADATA,VALID_JSON_METADATA,CACHE_METADATA_PRESENT,180,8faf630401a0598a51098f6207fac0ab4854227d54b45630e63521451dc92616
3037_2018_MOPS_t57sb01.html,LEGACY_PER_YEAR,HTML,VALID_MOPS_RESPONSE,VALID_MOPS_ARCHIVE_RESPONSE,6857,cc43bdc4f57ae379a8fb061dd4fa48b590c03d56a63ed2ac4c30cc27b56553af
3037_2018_MOPS_t57sb01.metadata.json,LEGACY_PER_YEAR,METADATA,VALID_JSON_METADATA,CACHE_METADATA_PRESENT,180,c0aaf2af4557f62e6de04dd1260b8a1ce5fbb9c7b34735f15c52cc7e34f63f5b
3037_2019_MOPS_t57sb01.html,LEGACY_PER_YEAR,HTML,VALID_MOPS_RESPONSE,VALID_MOPS_ARCHIVE_RESPONSE,6857,0f872c931a6d3f8aa4a70f09ad37e20fe0e81778ce703d382d3beb9eceeec786
3037_2019_MOPS_t57sb01.metadata.json,LEGACY_PER_YEAR,METADATA,VALID_JSON_METADATA,CACHE_METADATA_PRESENT,180,668c503bcf50775030aabf412c169f257a2af60eac734c4b0d8d422f908d0d65
3037_2020_MOPS_t57sb01.html,LEGACY_PER_YEAR,HTML,INVALID_MOPS_RESPONSE,MOPS_RATE_LIMIT_RESPONSE,469,7f87fe0bce6b6c13fc2a88e7bf9ab00bed8d411eb6291fbbfcf3a1ade79248a2
3037_2020_MOPS_t57sb01.metadata.json,LEGACY_PER_YEAR,METADATA,VALID_JSON_METADATA,CACHE_METADATA_PRESENT,180,f5c27b25682ea8a0702318c006403390b75effeab5a487a22b743214a41987b0
3037_2021_MOPS_t57sb01.html,LEGACY_PER_YEAR,HTML,INVALID_MOPS_RESPONSE,MOPS_RATE_LIMIT_RESPONSE,469,7f87fe0bce6b6c13fc2a88e7bf9ab00bed8d411eb6291fbbfcf3a1ade79248a2
3037_2021_MOPS_t57sb01.metadata.json,LEGACY_PER_YEAR,METADATA,VALID_JSON_METADATA,CACHE_METADATA_PRESENT,180,900e76bbc40e3a843e5846981135edc3308ee97e5e5b185bfa3c2525ee40dd1f
3037_2022_MOPS_t57sb01.html,LEGACY_PER_YEAR,HTML,INVALID_MOPS_RESPONSE,MOPS_RATE_LIMIT_RESPONSE,469,7f87fe0bce6b6c13fc2a88e7bf9ab00bed8d411eb6291fbbfcf3a1ade79248a2
3037_2022_MOPS_t57sb01.metadata.json,LEGACY_PER_YEAR,METADATA,VALID_JSON_METADATA,CACHE_METADATA_PRESENT,180,a21cb93101e863a41894085b8f9d5a7460d030ef5f10deb5af924aca4fd39888
3037_2023_MOPS_t57sb01.html,LEGACY_PER_YEAR,HTML,VALID_MOPS_RESPONSE,VALID_MOPS_ARCHIVE_RESPONSE,8070,85bc0f3d0df6371831a4cc8437b6cb1114677cc4f2c63d6e8dacc987a341ea3c
3037_2023_MOPS_t57sb01.metadata.json,LEGACY_PER_YEAR,METADATA,VALID_JSON_METADATA,CACHE_METADATA_PRESENT,180,fdc77586839fc2055c7427b2644407e097ed7996164251997299b6a422fc7ecb
3037_2024_MOPS_t57sb01.html,LEGACY_PER_YEAR,HTML,VALID_MOPS_RESPONSE,VALID_MOPS_ARCHIVE_RESPONSE,7867,33aa5ff62067e4c899391f9afa97d5f11e68a7c2731bb3f4725236946562cc49
3037_2024_MOPS_t57sb01.metadata.json,LEGACY_PER_YEAR,METADATA,VALID_JSON_METADATA,CACHE_METADATA_PRESENT,180,ddda7e588f3e0d78350f9c6df7f554b919c67b5b86975c9cc35656543b89237d
3037_2025_MOPS_t57sb01.html,LEGACY_PER_YEAR,HTML,INVALID_MOPS_RESPONSE,MOPS_RATE_LIMIT_RESPONSE,469,7f87fe0bce6b6c13fc2a88e7bf9ab00bed8d411eb6291fbbfcf3a1ade79248a2
3037_2025_MOPS_t57sb01.metadata.json,LEGACY_PER_YEAR,METADATA,VALID_JSON_METADATA,CACHE_METADATA_PRESENT,180,bca14f6b807b5cba82e77825f02f8e26f9b6f806955b05bd7223bbef09335462
3037_2026_MOPS_t57sb01.html,LEGACY_PER_YEAR,HTML,INVALID_MOPS_RESPONSE,MOPS_RATE_LIMIT_RESPONSE,469,7f87fe0bce6b6c13fc2a88e7bf9ab00bed8d411eb6291fbbfcf3a1ade79248a2
3037_2026_MOPS_t57sb01.metadata.json,LEGACY_PER_YEAR,METADATA,VALID_JSON_METADATA,CACHE_METADATA_PRESENT,180,6c449047576b66d6f2175237ee787598a75fb1c50ff93178abd6ba78dc01ea8d
3037_ALL_AVAILABLE_YEARS_MOPS_t57sb01.html,ACTIVE_ALL_YEAR,HTML,VALID_MOPS_RESPONSE,VALID_MOPS_ARCHIVE_RESPONSE,91710,5db50c5e0dab06011ff25fee088c65b22c8e4f708c7d0af86fc80924a7a455aa
3037_ALL_AVAILABLE_YEARS_MOPS_t57sb01.metadata.json,ACTIVE_ALL_YEAR,METADATA,VALID_JSON_METADATA,CACHE_METADATA_PRESENT,189,3217560d696e2e399f88aefec546594a68b674aa40e5a718326f60df5a022247
3045_2016_MOPS_t57sb01.html,LEGACY_PER_YEAR,HTML,INVALID_MOPS_RESPONSE,MOPS_RATE_LIMIT_RESPONSE,469,7f87fe0bce6b6c13fc2a88e7bf9ab00bed8d411eb6291fbbfcf3a1ade79248a2
3045_2016_MOPS_t57sb01.metadata.json,LEGACY_PER_YEAR,METADATA,VALID_JSON_METADATA,CACHE_METADATA_PRESENT,180,b9af9eed105649b0fac1a6d32c14fc177b470daadf9842519bb58c986ae840a5
3045_2017_MOPS_t57sb01.html,LEGACY_PER_YEAR,HTML,INVALID_MOPS_RESPONSE,MOPS_RATE_LIMIT_RESPONSE,469,7f87fe0bce6b6c13fc2a88e7bf9ab00bed8d411eb6291fbbfcf3a1ade79248a2
3045_2017_MOPS_t57sb01.metadata.json,LEGACY_PER_YEAR,METADATA,VALID_JSON_METADATA,CACHE_METADATA_PRESENT,180,5a460a8cbf9733efd9c65b1f5137b88fb410e2ac9e87ca9cf27e088c515837e8
3045_2018_MOPS_t57sb01.html,LEGACY_PER_YEAR,HTML,INVALID_MOPS_RESPONSE,MOPS_RATE_LIMIT_RESPONSE,469,7f87fe0bce6b6c13fc2a88e7bf9ab00bed8d411eb6291fbbfcf3a1ade79248a2
3045_2018_MOPS_t57sb01.metadata.json,LEGACY_PER_YEAR,METADATA,VALID_JSON_METADATA,CACHE_METADATA_PRESENT,180,bf6ad9a17b3358b198e5c9a8600c78c43939ca0d3d964d190db0904cfa61a6ff
3045_2019_MOPS_t57sb01.html,LEGACY_PER_YEAR,HTML,INVALID_MOPS_RESPONSE,MOPS_RATE_LIMIT_RESPONSE,469,7f87fe0bce6b6c13fc2a88e7bf9ab00bed8d411eb6291fbbfcf3a1ade79248a2
3045_2019_MOPS_t57sb01.metadata.json,LEGACY_PER_YEAR,METADATA,VALID_JSON_METADATA,CACHE_METADATA_PRESENT,180,d06a0358e4539d4dd7632d1682bc313a040c60466cc167f18f59dd4b750d6fe1
3045_2020_MOPS_t57sb01.html,LEGACY_PER_YEAR,HTML,INVALID_MOPS_RESPONSE,MOPS_RATE_LIMIT_RESPONSE,469,7f87fe0bce6b6c13fc2a88e7bf9ab00bed8d411eb6291fbbfcf3a1ade79248a2
3045_2020_MOPS_t57sb01.metadata.json,LEGACY_PER_YEAR,METADATA,VALID_JSON_METADATA,CACHE_METADATA_PRESENT,180,899af36913bbe310fb9e18afe09df2a01a289dad83508e02f51db8020be54bdb
3045_2021_MOPS_t57sb01.html,LEGACY_PER_YEAR,HTML,INVALID_MOPS_RESPONSE,MOPS_RATE_LIMIT_RESPONSE,469,7f87fe0bce6b6c13fc2a88e7bf9ab00bed8d411eb6291fbbfcf3a1ade79248a2
3045_2021_MOPS_t57sb01.metadata.json,LEGACY_PER_YEAR,METADATA,VALID_JSON_METADATA,CACHE_METADATA_PRESENT,180,0c32eda667f04e20d4a457a13807ba21275ba6e76941aafcc4e228bd9d7ece2d
3045_2022_MOPS_t57sb01.html,LEGACY_PER_YEAR,HTML,INVALID_MOPS_RESPONSE,MOPS_RATE_LIMIT_RESPONSE,469,7f87fe0bce6b6c13fc2a88e7bf9ab00bed8d411eb6291fbbfcf3a1ade79248a2
3045_2022_MOPS_t57sb01.metadata.json,LEGACY_PER_YEAR,METADATA,VALID_JSON_METADATA,CACHE_METADATA_PRESENT,180,9eddd3344a17002d2c1bd6db2f0f307dad1f886f06340362a98f2c7265ce6d3e
3045_2023_MOPS_t57sb01.html,LEGACY_PER_YEAR,HTML,INVALID_MOPS_RESPONSE,MOPS_RATE_LIMIT_RESPONSE,469,7f87fe0bce6b6c13fc2a88e7bf9ab00bed8d411eb6291fbbfcf3a1ade79248a2
3045_2023_MOPS_t57sb01.metadata.json,LEGACY_PER_YEAR,METADATA,VALID_JSON_METADATA,CACHE_METADATA_PRESENT,180,4084893c3283c8dea7d6443620fe0286b5c7c036c14ec8b30783fc7d3eb9e2d9
3045_2024_MOPS_t57sb01.html,LEGACY_PER_YEAR,HTML,INVALID_MOPS_RESPONSE,MOPS_RATE_LIMIT_RESPONSE,469,7f87fe0bce6b6c13fc2a88e7bf9ab00bed8d411eb6291fbbfcf3a1ade79248a2
3045_2024_MOPS_t57sb01.metadata.json,LEGACY_PER_YEAR,METADATA,VALID_JSON_METADATA,CACHE_METADATA_PRESENT,180,626d054d182f8c0754aede46faa29cfcba68d881d2ba1791816d69f410574d59
3045_2025_MOPS_t57sb01.html,LEGACY_PER_YEAR,HTML,INVALID_MOPS_RESPONSE,MOPS_RATE_LIMIT_RESPONSE,469,7f87fe0bce6b6c13fc2a88e7bf9ab00bed8d411eb6291fbbfcf3a1ade79248a2
3045_2025_MOPS_t57sb01.metadata.json,LEGACY_PER_YEAR,METADATA,VALID_JSON_METADATA,CACHE_METADATA_PRESENT,180,5db76f415db553d301cfd608b345fc8f0da3a242360f9bbcc4f8586956273a10
3045_2026_MOPS_t57sb01.html,LEGACY_PER_YEAR,HTML,INVALID_MOPS_RESPONSE,MOPS_RATE_LIMIT_RESPONSE,469,7f87fe0bce6b6c13fc2a88e7bf9ab00bed8d411eb6291fbbfcf3a1ade79248a2
3045_2026_MOPS_t57sb01.metadata.json,LEGACY_PER_YEAR,METADATA,VALID_JSON_METADATA,CACHE_METADATA_PRESENT,180,40d821cd631933417232e2b445f12899c566fc7c9485c36272e1b117cbde9cd7
3045_ALL_AVAILABLE_YEARS_MOPS_t57sb01.html,ACTIVE_ALL_YEAR,HTML,VALID_MOPS_RESPONSE,VALID_MOPS_ARCHIVE_RESPONSE,130564,20224f28bcfdeb75249d77fea3e17de1edfdfb9b3a91a2b53307e8e8ac6f893c
3045_ALL_AVAILABLE_YEARS_MOPS_t57sb01.metadata.json,ACTIVE_ALL_YEAR,METADATA,VALID_JSON_METADATA,CACHE_METADATA_PRESENT,189,8d96be89d5fb4a057bacd7f679c3cf0f7319a977fc5663ddff2f1c74efe8a1f5
3231_2016_MOPS_t57sb01.html,LEGACY_PER_YEAR,HTML,INVALID_MOPS_RESPONSE,MOPS_RATE_LIMIT_RESPONSE,469,7f87fe0bce6b6c13fc2a88e7bf9ab00bed8d411eb6291fbbfcf3a1ade79248a2
3231_2016_MOPS_t57sb01.metadata.json,LEGACY_PER_YEAR,METADATA,VALID_JSON_METADATA,CACHE_METADATA_PRESENT,180,74286c08d291b4d6b3dd005ea4e929804f95adbc0cb540e7c55fb06b7559d11e
3231_2017_MOPS_t57sb01.html,LEGACY_PER_YEAR,HTML,INVALID_MOPS_RESPONSE,MOPS_RATE_LIMIT_RESPONSE,469,7f87fe0bce6b6c13fc2a88e7bf9ab00bed8d411eb6291fbbfcf3a1ade79248a2
3231_2017_MOPS_t57sb01.metadata.json,LEGACY_PER_YEAR,METADATA,VALID_JSON_METADATA,CACHE_METADATA_PRESENT,180,ae165454127b30149ac7e4f620706fe1da3c223493ad781f49054e4f6c3758ca
3231_2018_MOPS_t57sb01.html,LEGACY_PER_YEAR,HTML,INVALID_MOPS_RESPONSE,MOPS_RATE_LIMIT_RESPONSE,469,7f87fe0bce6b6c13fc2a88e7bf9ab00bed8d411eb6291fbbfcf3a1ade79248a2
3231_2018_MOPS_t57sb01.metadata.json,LEGACY_PER_YEAR,METADATA,VALID_JSON_METADATA,CACHE_METADATA_PRESENT,180,675ef973f7b7964e753278ad999c02003f05f6a44226f7904b319a7bf0d65de3
3231_2019_MOPS_t57sb01.html,LEGACY_PER_YEAR,HTML,INVALID_MOPS_RESPONSE,MOPS_RATE_LIMIT_RESPONSE,469,7f87fe0bce6b6c13fc2a88e7bf9ab00bed8d411eb6291fbbfcf3a1ade79248a2
3231_2019_MOPS_t57sb01.metadata.json,LEGACY_PER_YEAR,METADATA,VALID_JSON_METADATA,CACHE_METADATA_PRESENT,180,881d49f64036f5507dccaa01429334ffcc9ba60f1214b214410541956cefb5c8
3231_2020_MOPS_t57sb01.html,LEGACY_PER_YEAR,HTML,INVALID_MOPS_RESPONSE,MOPS_RATE_LIMIT_RESPONSE,469,7f87fe0bce6b6c13fc2a88e7bf9ab00bed8d411eb6291fbbfcf3a1ade79248a2
3231_2020_MOPS_t57sb01.metadata.json,LEGACY_PER_YEAR,METADATA,VALID_JSON_METADATA,CACHE_METADATA_PRESENT,180,b1f71771c9de10a689d565823ed7b67e715772cc67d34e8a308f2b584e866688
3231_2021_MOPS_t57sb01.html,LEGACY_PER_YEAR,HTML,VALID_MOPS_RESPONSE,VALID_MOPS_ARCHIVE_RESPONSE,10002,bc77403e3a95cd4a2d05a26d157fb4315f32d298aec8e085b7a012704c82b698
3231_2021_MOPS_t57sb01.metadata.json,LEGACY_PER_YEAR,METADATA,VALID_JSON_METADATA,CACHE_METADATA_PRESENT,180,4ceb2adcfdc8382e4d66f09876f9b1703959394b5342d36949c23ea160162ad0
3231_2022_MOPS_t57sb01.html,LEGACY_PER_YEAR,HTML,VALID_MOPS_RESPONSE,VALID_MOPS_ARCHIVE_RESPONSE,9596,944fc216d7ea2e3856cefb246fd357aebe6cd30a780892ec40e86c2f8f2f202d
3231_2022_MOPS_t57sb01.metadata.json,LEGACY_PER_YEAR,METADATA,VALID_JSON_METADATA,CACHE_METADATA_PRESENT,180,18ed532fda4695eeb82c55992be93ba4d60936cbfd6ff467e4a9546ced8a2dc3
3231_2023_MOPS_t57sb01.html,LEGACY_PER_YEAR,HTML,VALID_MOPS_RESPONSE,VALID_MOPS_ARCHIVE_RESPONSE,8175,eddd7b23a7bfbdffb93ffc18b404141fbc3e74448c2faa33e207062115f09945
3231_2023_MOPS_t57sb01.metadata.json,LEGACY_PER_YEAR,METADATA,VALID_JSON_METADATA,CACHE_METADATA_PRESENT,180,98f6c732d95af561d739410f305b7ccc54ee5b32119de74e7671249c4140bebc
3231_2024_MOPS_t57sb01.html,LEGACY_PER_YEAR,HTML,VALID_MOPS_RESPONSE,VALID_MOPS_ARCHIVE_RESPONSE,7972,45462e41cd69333f3403a48a475470e22799289540115ef5bc88374ba6252e5f
3231_2024_MOPS_t57sb01.metadata.json,LEGACY_PER_YEAR,METADATA,VALID_JSON_METADATA,CACHE_METADATA_PRESENT,180,27506370b08ea46ff170a97ff71812d78ab3c875111223e456186100998b1d72
3231_2025_MOPS_t57sb01.html,LEGACY_PER_YEAR,HTML,VALID_MOPS_RESPONSE,VALID_MOPS_ARCHIVE_RESPONSE,8175,a15f4c9c0bbe20291a9064c1883a107ca54c48e255c5786a2b0eeda13b142d45
3231_2025_MOPS_t57sb01.metadata.json,LEGACY_PER_YEAR,METADATA,VALID_JSON_METADATA,CACHE_METADATA_PRESENT,180,1f98fc0c89ac38f51cd43999d3fc0eada9f5dbd67b324f312197855cad3e7289
3231_2026_MOPS_t57sb01.html,LEGACY_PER_YEAR,HTML,VALID_MOPS_RESPONSE,VALID_MOPS_ARCHIVE_RESPONSE,5098,7172c045127369399c24a420c9d03dc7a55eef812198be42b288d0e7b9695d48
3231_2026_MOPS_t57sb01.metadata.json,LEGACY_PER_YEAR,METADATA,VALID_JSON_METADATA,CACHE_METADATA_PRESENT,180,91593bea4a8d581fc33faff9095789c136edcecbafc13aeeb9a49c72787a0cfd
3231_ALL_AVAILABLE_YEARS_MOPS_t57sb01.html,ACTIVE_ALL_YEAR,HTML,VALID_MOPS_RESPONSE,VALID_MOPS_ARCHIVE_RESPONSE,107713,d8bf0276a4e74c163247ee006aa6afefaa2a97970480379c75cf9ee2100e2bc7
3231_ALL_AVAILABLE_YEARS_MOPS_t57sb01.metadata.json,ACTIVE_ALL_YEAR,METADATA,VALID_JSON_METADATA,CACHE_METADATA_PRESENT,189,16485fdf5173f353605356301c8a268de26119ab16711aa8c62e5c5534c4a84e
3443_2016_MOPS_t57sb01.html,LEGACY_PER_YEAR,HTML,VALID_MOPS_RESPONSE,VALID_MOPS_ARCHIVE_RESPONSE,7395,ab600bf445e1f22d748e4a0832c1520ed98549d96520c9530b8a185123fc5d9e
3443_2016_MOPS_t57sb01.metadata.json,LEGACY_PER_YEAR,METADATA,VALID_JSON_METADATA,CACHE_METADATA_PRESENT,180,3416e1e5d27702f42f073def40b3391171c38cf945d23e697b378ee3b50c39cf
3443_2017_MOPS_t57sb01.html,LEGACY_PER_YEAR,HTML,VALID_MOPS_RESPONSE,VALID_MOPS_ARCHIVE_RESPONSE,7395,06132c2230b5a83b4260229d57f9e09ee70fb0702b973da4bcb60d0016347bda
3443_2017_MOPS_t57sb01.metadata.json,LEGACY_PER_YEAR,METADATA,VALID_JSON_METADATA,CACHE_METADATA_PRESENT,180,f5765857a37ee9f9f7b20ed4c66ba4aa9e9ba7709d9ccdbb3513d32746fbc56b
3443_2018_MOPS_t57sb01.html,LEGACY_PER_YEAR,HTML,VALID_MOPS_RESPONSE,VALID_MOPS_ARCHIVE_RESPONSE,7867,9da57d0b788cf2c68e71c812db0324395ebdcf425ecd15f52629aefd888b921b
3443_2018_MOPS_t57sb01.metadata.json,LEGACY_PER_YEAR,METADATA,VALID_JSON_METADATA,CACHE_METADATA_PRESENT,180,41797debd6578ed669d2fefce48a4ac4822d9723fed0c21bac06562626e46fc5
3443_2019_MOPS_t57sb01.html,LEGACY_PER_YEAR,HTML,VALID_MOPS_RESPONSE,VALID_MOPS_ARCHIVE_RESPONSE,7867,e2c00aac81ea55b5cab5c7ac361ecea1f0737373ff7c25cd551e6babfc3d769a
3443_2019_MOPS_t57sb01.metadata.json,LEGACY_PER_YEAR,METADATA,VALID_JSON_METADATA,CACHE_METADATA_PRESENT,180,2469f132187cff34b499f10921a889ebabd6c267de9db5641c22b99d80cce22a
3443_2020_MOPS_t57sb01.html,LEGACY_PER_YEAR,HTML,INVALID_MOPS_RESPONSE,MOPS_RATE_LIMIT_RESPONSE,469,7f87fe0bce6b6c13fc2a88e7bf9ab00bed8d411eb6291fbbfcf3a1ade79248a2
3443_2020_MOPS_t57sb01.metadata.json,LEGACY_PER_YEAR,METADATA,VALID_JSON_METADATA,CACHE_METADATA_PRESENT,180,3d2520434a0837f60fec5198e03154a235136b1b0fe3f5b56cb2678768c35ede
3443_2021_MOPS_t57sb01.html,LEGACY_PER_YEAR,HTML,INVALID_MOPS_RESPONSE,MOPS_RATE_LIMIT_RESPONSE,469,7f87fe0bce6b6c13fc2a88e7bf9ab00bed8d411eb6291fbbfcf3a1ade79248a2
3443_2021_MOPS_t57sb01.metadata.json,LEGACY_PER_YEAR,METADATA,VALID_JSON_METADATA,CACHE_METADATA_PRESENT,180,df9bfa729c83b1a442d3be4289b4350ac25552c81b3541917794acc7e22cefb2
3443_2022_MOPS_t57sb01.html,LEGACY_PER_YEAR,HTML,VALID_MOPS_RESPONSE,VALID_MOPS_ARCHIVE_RESPONSE,7867,79165bc4183d0f420e0282d70ec3285a968db1b9f8f8587d1a3313cd889c08a4
3443_2022_MOPS_t57sb01.metadata.json,LEGACY_PER_YEAR,METADATA,VALID_JSON_METADATA,CACHE_METADATA_PRESENT,180,8a923771745abd225a1d4641b1a9965002e4fc9a1f1334b6f6f9a43852953dda
3443_2023_MOPS_t57sb01.html,LEGACY_PER_YEAR,HTML,VALID_MOPS_RESPONSE,VALID_MOPS_ARCHIVE_RESPONSE,7867,c241ee8cb87fc0aee4bb1255b34b1c587e181deaf71a1797d9da2f8d9e63f228
3443_2023_MOPS_t57sb01.metadata.json,LEGACY_PER_YEAR,METADATA,VALID_JSON_METADATA,CACHE_METADATA_PRESENT,180,ac66f4ae9d805a1601817a9b100f7d067a82478f7714ba148200b26f623af98b
3443_2024_MOPS_t57sb01.html,LEGACY_PER_YEAR,HTML,INVALID_MOPS_RESPONSE,MOPS_RATE_LIMIT_RESPONSE,469,7f87fe0bce6b6c13fc2a88e7bf9ab00bed8d411eb6291fbbfcf3a1ade79248a2
3443_2024_MOPS_t57sb01.metadata.json,LEGACY_PER_YEAR,METADATA,VALID_JSON_METADATA,CACHE_METADATA_PRESENT,180,557f4b4c0e304806c41fd1ff8115ff0d45d3d5eac8fa95b0de1396093f9bef7f
3443_2025_MOPS_t57sb01.html,LEGACY_PER_YEAR,HTML,INVALID_MOPS_RESPONSE,MOPS_RATE_LIMIT_RESPONSE,469,7f87fe0bce6b6c13fc2a88e7bf9ab00bed8d411eb6291fbbfcf3a1ade79248a2
3443_2025_MOPS_t57sb01.metadata.json,LEGACY_PER_YEAR,METADATA,VALID_JSON_METADATA,CACHE_METADATA_PRESENT,180,a89279a2317d10653200c7019fa3b0ae259ccd8e481c1a5ac5aa8bc4d828829c
3443_2026_MOPS_t57sb01.html,LEGACY_PER_YEAR,HTML,INVALID_MOPS_RESPONSE,MOPS_RATE_LIMIT_RESPONSE,469,7f87fe0bce6b6c13fc2a88e7bf9ab00bed8d411eb6291fbbfcf3a1ade79248a2
3443_2026_MOPS_t57sb01.metadata.json,LEGACY_PER_YEAR,METADATA,VALID_JSON_METADATA,CACHE_METADATA_PRESENT,180,192c5e062b8bbd5b49e56ca4c488406a8f189918c50ed4796f2ac2179f1ff4b1
3443_ALL_AVAILABLE_YEARS_MOPS_t57sb01.html,ACTIVE_ALL_YEAR,HTML,VALID_MOPS_RESPONSE,VALID_MOPS_ARCHIVE_RESPONSE,84295,7cc009fec2f5c1aabf8b1970210c42392b376b151b189a83113085b78b0e645f
3443_ALL_AVAILABLE_YEARS_MOPS_t57sb01.metadata.json,ACTIVE_ALL_YEAR,METADATA,VALID_JSON_METADATA,CACHE_METADATA_PRESENT,189,a80c628f5e7e5d1fb6fd6b1e96b8ddd20593b3091e40768c0ea475df435caf72
3653_2016_MOPS_t57sb01.html,LEGACY_PER_YEAR,HTML,INVALID_MOPS_RESPONSE,MOPS_RATE_LIMIT_RESPONSE,469,7f87fe0bce6b6c13fc2a88e7bf9ab00bed8d411eb6291fbbfcf3a1ade79248a2
3653_2016_MOPS_t57sb01.metadata.json,LEGACY_PER_YEAR,METADATA,VALID_JSON_METADATA,CACHE_METADATA_PRESENT,180,401708ee7d9f053aae9c8756b44fed1ef09388978dfdb6115bd58c278eab6800
3653_2017_MOPS_t57sb01.html,LEGACY_PER_YEAR,HTML,INVALID_MOPS_RESPONSE,MOPS_RATE_LIMIT_RESPONSE,469,7f87fe0bce6b6c13fc2a88e7bf9ab00bed8d411eb6291fbbfcf3a1ade79248a2
3653_2017_MOPS_t57sb01.metadata.json,LEGACY_PER_YEAR,METADATA,VALID_JSON_METADATA,CACHE_METADATA_PRESENT,180,df953bf9cec6a71c1528c17a88d7013071b005b3b9e561cb34e01bb9e6f27871
3653_2018_MOPS_t57sb01.html,LEGACY_PER_YEAR,HTML,INVALID_MOPS_RESPONSE,MOPS_RATE_LIMIT_RESPONSE,469,7f87fe0bce6b6c13fc2a88e7bf9ab00bed8d411eb6291fbbfcf3a1ade79248a2
3653_2018_MOPS_t57sb01.metadata.json,LEGACY_PER_YEAR,METADATA,VALID_JSON_METADATA,CACHE_METADATA_PRESENT,180,0e9a82b3c5cc230509b65778506e42a8478ac5e2e453d34d70d29bf7c591e164
3653_2019_MOPS_t57sb01.html,LEGACY_PER_YEAR,HTML,INVALID_MOPS_RESPONSE,MOPS_RATE_LIMIT_RESPONSE,469,7f87fe0bce6b6c13fc2a88e7bf9ab00bed8d411eb6291fbbfcf3a1ade79248a2
3653_2019_MOPS_t57sb01.metadata.json,LEGACY_PER_YEAR,METADATA,VALID_JSON_METADATA,CACHE_METADATA_PRESENT,180,b6a95caedce26b77164aee2d40be8a8e98c42b882e027df0aa8ef027028d5f79
3653_2020_MOPS_t57sb01.html,LEGACY_PER_YEAR,HTML,INVALID_MOPS_RESPONSE,MOPS_RATE_LIMIT_RESPONSE,469,7f87fe0bce6b6c13fc2a88e7bf9ab00bed8d411eb6291fbbfcf3a1ade79248a2
3653_2020_MOPS_t57sb01.metadata.json,LEGACY_PER_YEAR,METADATA,VALID_JSON_METADATA,CACHE_METADATA_PRESENT,180,cc25383d3cfc247109c51b5edf275eda76f787ae8094e6eb86ed7909dc880b5c
3653_2021_MOPS_t57sb01.html,LEGACY_PER_YEAR,HTML,INVALID_MOPS_RESPONSE,MOPS_RATE_LIMIT_RESPONSE,469,7f87fe0bce6b6c13fc2a88e7bf9ab00bed8d411eb6291fbbfcf3a1ade79248a2
3653_2021_MOPS_t57sb01.metadata.json,LEGACY_PER_YEAR,METADATA,VALID_JSON_METADATA,CACHE_METADATA_PRESENT,180,5defa3346480292babcf37347c03b3ba58d103ce446947adffd41cad7b044659
3653_2022_MOPS_t57sb01.html,LEGACY_PER_YEAR,HTML,INVALID_MOPS_RESPONSE,MOPS_RATE_LIMIT_RESPONSE,469,7f87fe0bce6b6c13fc2a88e7bf9ab00bed8d411eb6291fbbfcf3a1ade79248a2
3653_2022_MOPS_t57sb01.metadata.json,LEGACY_PER_YEAR,METADATA,VALID_JSON_METADATA,CACHE_METADATA_PRESENT,180,82f86eb7fe9efb24be6533d85aed9e7562e7ea2ede5da158b0225f2439ca6f2d
3653_2023_MOPS_t57sb01.html,LEGACY_PER_YEAR,HTML,INVALID_MOPS_RESPONSE,MOPS_RATE_LIMIT_RESPONSE,469,7f87fe0bce6b6c13fc2a88e7bf9ab00bed8d411eb6291fbbfcf3a1ade79248a2
3653_2023_MOPS_t57sb01.metadata.json,LEGACY_PER_YEAR,METADATA,VALID_JSON_METADATA,CACHE_METADATA_PRESENT,180,d666f6a6a62de74331c53086fb5b204607c00ca967824ec250599a778b319cd1
3653_2024_MOPS_t57sb01.html,LEGACY_PER_YEAR,HTML,INVALID_MOPS_RESPONSE,MOPS_RATE_LIMIT_RESPONSE,469,7f87fe0bce6b6c13fc2a88e7bf9ab00bed8d411eb6291fbbfcf3a1ade79248a2
3653_2024_MOPS_t57sb01.metadata.json,LEGACY_PER_YEAR,METADATA,VALID_JSON_METADATA,CACHE_METADATA_PRESENT,180,f91b868fb1dc502301a51fcd48fe1c012ed644ae7b36998cd0620090edacb2f7
3653_2025_MOPS_t57sb01.html,LEGACY_PER_YEAR,HTML,INVALID_MOPS_RESPONSE,MOPS_RATE_LIMIT_RESPONSE,469,7f87fe0bce6b6c13fc2a88e7bf9ab00bed8d411eb6291fbbfcf3a1ade79248a2
3653_2025_MOPS_t57sb01.metadata.json,LEGACY_PER_YEAR,METADATA,VALID_JSON_METADATA,CACHE_METADATA_PRESENT,180,2896a3f5afd5e1140d8d62b41472c753caf635253a1af37dd4d40bca5fb781b6
3653_2026_MOPS_t57sb01.html,LEGACY_PER_YEAR,HTML,INVALID_MOPS_RESPONSE,MOPS_RATE_LIMIT_RESPONSE,469,7f87fe0bce6b6c13fc2a88e7bf9ab00bed8d411eb6291fbbfcf3a1ade79248a2
3653_2026_MOPS_t57sb01.metadata.json,LEGACY_PER_YEAR,METADATA,VALID_JSON_METADATA,CACHE_METADATA_PRESENT,180,1fb99842355d40140187ac5817ffd05f13fa2b2f1e64ba0082d623e1297b5c72
3653_ALL_AVAILABLE_YEARS_MOPS_t57sb01.html,ACTIVE_ALL_YEAR,HTML,VALID_MOPS_RESPONSE,VALID_MOPS_ARCHIVE_RESPONSE,56557,ac4478b32baa7c24b9fe46fe244e36cad66f633dd15dd18a77334b8a5eb35624
3653_ALL_AVAILABLE_YEARS_MOPS_t57sb01.metadata.json,ACTIVE_ALL_YEAR,METADATA,VALID_JSON_METADATA,CACHE_METADATA_PRESENT,189,94b56c4e71dd82da2935b3a7d6cc640bdafc11c0dc4108e31615990bd6bc8af3
3661_2016_MOPS_t57sb01.html,LEGACY_PER_YEAR,HTML,INVALID_MOPS_RESPONSE,MOPS_RATE_LIMIT_RESPONSE,469,7f87fe0bce6b6c13fc2a88e7bf9ab00bed8d411eb6291fbbfcf3a1ade79248a2
3661_2016_MOPS_t57sb01.metadata.json,LEGACY_PER_YEAR,METADATA,VALID_JSON_METADATA,CACHE_METADATA_PRESENT,180,b24ef46ee663791f9dd8b178451d2cb82d20ee929d64cc37064dfccb3fea69a2
3661_2017_MOPS_t57sb01.html,LEGACY_PER_YEAR,HTML,INVALID_MOPS_RESPONSE,MOPS_RATE_LIMIT_RESPONSE,469,7f87fe0bce6b6c13fc2a88e7bf9ab00bed8d411eb6291fbbfcf3a1ade79248a2
3661_2017_MOPS_t57sb01.metadata.json,LEGACY_PER_YEAR,METADATA,VALID_JSON_METADATA,CACHE_METADATA_PRESENT,180,12ca2c108fbb629e2c09f74073d078618e8ff52aaa605ccae9be7f23be75c172
3661_2018_MOPS_t57sb01.html,LEGACY_PER_YEAR,HTML,INVALID_MOPS_RESPONSE,MOPS_RATE_LIMIT_RESPONSE,469,7f87fe0bce6b6c13fc2a88e7bf9ab00bed8d411eb6291fbbfcf3a1ade79248a2
3661_2018_MOPS_t57sb01.metadata.json,LEGACY_PER_YEAR,METADATA,VALID_JSON_METADATA,CACHE_METADATA_PRESENT,180,1c1b3b016d5705cfb8c531ca34b278594fc19653a0f82dad62c9a7206db97bad
3661_2019_MOPS_t57sb01.html,LEGACY_PER_YEAR,HTML,VALID_MOPS_RESPONSE,VALID_MOPS_ARCHIVE_RESPONSE,5720,2fbf21536c886209e18a4aef1bab154ee8cbbdf200a592871f62a9f72757d626
3661_2019_MOPS_t57sb01.metadata.json,LEGACY_PER_YEAR,METADATA,VALID_JSON_METADATA,CACHE_METADATA_PRESENT,180,cdb35424905448564dcb4ff6e687c2d9a21df83e0e45d98bce7925aeeecd1020
3661_2020_MOPS_t57sb01.html,LEGACY_PER_YEAR,HTML,VALID_MOPS_RESPONSE,VALID_MOPS_ARCHIVE_RESPONSE,5517,690801996a484461d002160e03425ff729c44b7c1830f4b33070ff2b1de3a09f
3661_2020_MOPS_t57sb01.metadata.json,LEGACY_PER_YEAR,METADATA,VALID_JSON_METADATA,CACHE_METADATA_PRESENT,180,9c5df0d822d132a7f7ef4375ec8c6ec90e301472d25009c785e66afabfb23444
3661_2021_MOPS_t57sb01.html,LEGACY_PER_YEAR,HTML,VALID_MOPS_RESPONSE,VALID_MOPS_ARCHIVE_RESPONSE,5517,a0adc920e582081f1057f93e47526b5a9ce4c8689e2dfdaf653a178a946f86b0
3661_2021_MOPS_t57sb01.metadata.json,LEGACY_PER_YEAR,METADATA,VALID_JSON_METADATA,CACHE_METADATA_PRESENT,180,4b793ba1747f32c90b1151f31f2e0877127e36421be69e301bff3306c727f5ff
3661_2022_MOPS_t57sb01.html,LEGACY_PER_YEAR,HTML,VALID_MOPS_RESPONSE,VALID_MOPS_ARCHIVE_RESPONSE,5517,f4e548fed2ce33ac5133b34135b20954b94baaeafff4da8024c4047dfb246bcd
3661_2022_MOPS_t57sb01.metadata.json,LEGACY_PER_YEAR,METADATA,VALID_JSON_METADATA,CACHE_METADATA_PRESENT,180,9868d50735ed4eb5f24d190c2c4317e7038eb321b16effd2d2f8a2e916970930
3661_2023_MOPS_t57sb01.html,LEGACY_PER_YEAR,HTML,VALID_MOPS_RESPONSE,VALID_MOPS_ARCHIVE_RESPONSE,5517,914047f5644eb75e1251631b39626067395141e6a87e87238972d386ea34fd50
3661_2023_MOPS_t57sb01.metadata.json,LEGACY_PER_YEAR,METADATA,VALID_JSON_METADATA,CACHE_METADATA_PRESENT,180,24f98b36fca7a218fdd48e3cf9ddbe55abdf01b96f520d00bf51c9d87cc3345a
3661_2024_MOPS_t57sb01.html,LEGACY_PER_YEAR,HTML,VALID_MOPS_RESPONSE,VALID_MOPS_ARCHIVE_RESPONSE,5517,48aef53ec5ef827266119016d3637f2480f9842adf782d7cb1a67f5e915581a0
3661_2024_MOPS_t57sb01.metadata.json,LEGACY_PER_YEAR,METADATA,VALID_JSON_METADATA,CACHE_METADATA_PRESENT,180,20026eb9ba13b0fef7c8beace70842e67d9be6f1785267d38ab94af3a97b4494
3661_2025_MOPS_t57sb01.html,LEGACY_PER_YEAR,HTML,VALID_MOPS_RESPONSE,VALID_MOPS_ARCHIVE_RESPONSE,7136,29f39165e4b69b9855a4e2986aea142d7a6ca519940fb2a090d7492965df7a62
3661_2025_MOPS_t57sb01.metadata.json,LEGACY_PER_YEAR,METADATA,VALID_JSON_METADATA,CACHE_METADATA_PRESENT,180,5ea772a6c80a42b11bb9e5fcc46b7599f2b467f516bc84d3f79ff43bfb58a691
3661_2026_MOPS_t57sb01.html,LEGACY_PER_YEAR,HTML,VALID_MOPS_RESPONSE,VALID_MOPS_ARCHIVE_RESPONSE,4587,719c68be97048b7f3166a86cb8dbea2a17cea53744a89213e7697dd129aba9fe
3661_2026_MOPS_t57sb01.metadata.json,LEGACY_PER_YEAR,METADATA,VALID_JSON_METADATA,CACHE_METADATA_PRESENT,180,5b8295094e648e35eac353120b470222106a48a95d28e1e3a6e7f7ed79be1499
3661_ALL_AVAILABLE_YEARS_MOPS_t57sb01.html,ACTIVE_ALL_YEAR,HTML,VALID_MOPS_RESPONSE,VALID_MOPS_ARCHIVE_RESPONSE,38714,5550cc96846825d526642583dc4a6fed6187fabf6693afbd03d70a9e994fdc1f
3661_ALL_AVAILABLE_YEARS_MOPS_t57sb01.metadata.json,ACTIVE_ALL_YEAR,METADATA,VALID_JSON_METADATA,CACHE_METADATA_PRESENT,189,84fd5377efa7aa007a7d421ed78bf1bacb9639b68f52657ea801b66ca5309640
3665_2016_MOPS_t57sb01.html,LEGACY_PER_YEAR,HTML,VALID_MOPS_RESPONSE,VALID_MOPS_ARCHIVE_RESPONSE,5517,f9d718f92b851082fda73a1d0a99bf0207e426f618fcdc33cca80a1d535d6590
3665_2016_MOPS_t57sb01.metadata.json,LEGACY_PER_YEAR,METADATA,VALID_JSON_METADATA,CACHE_METADATA_PRESENT,180,7cc64947fc0310c852b8f209257dad19336e52db73424e6d7836b073d61ad213
3665_2017_MOPS_t57sb01.html,LEGACY_PER_YEAR,HTML,VALID_MOPS_RESPONSE,VALID_MOPS_ARCHIVE_RESPONSE,5517,6ecc8617fd1fa9fed1dc60944ff603e971dcef037f03087b94f7ca8038a019b6
3665_2017_MOPS_t57sb01.metadata.json,LEGACY_PER_YEAR,METADATA,VALID_JSON_METADATA,CACHE_METADATA_PRESENT,180,34aaf4403a33b8d20e93b0d9ecd7de07791356a449385fefa4715e6c62877954
3665_2018_MOPS_t57sb01.html,LEGACY_PER_YEAR,HTML,INVALID_MOPS_RESPONSE,MOPS_RATE_LIMIT_RESPONSE,469,7f87fe0bce6b6c13fc2a88e7bf9ab00bed8d411eb6291fbbfcf3a1ade79248a2
3665_2018_MOPS_t57sb01.metadata.json,LEGACY_PER_YEAR,METADATA,VALID_JSON_METADATA,CACHE_METADATA_PRESENT,180,82d1067c35b7b60a0da827b6893294efa7797727450ea804cf29e3b3a4a77391
3665_2019_MOPS_t57sb01.html,LEGACY_PER_YEAR,HTML,VALID_MOPS_RESPONSE,VALID_MOPS_ARCHIVE_RESPONSE,6939,1f99cac6a48b80845f965a6fce455aeaa7c509855ad1049f307a1417fdf50872
3665_2019_MOPS_t57sb01.metadata.json,LEGACY_PER_YEAR,METADATA,VALID_JSON_METADATA,CACHE_METADATA_PRESENT,180,baf063712774563b8a489959cdecfcac67b5301b347e6869c52b7cdae737f9a5
3665_2020_MOPS_t57sb01.html,LEGACY_PER_YEAR,HTML,VALID_MOPS_RESPONSE,VALID_MOPS_ARCHIVE_RESPONSE,6939,b539ba7de4b0f2e48b4a563408153dd48d548e61b37fcdff1a14bed997a47e96
3665_2020_MOPS_t57sb01.metadata.json,LEGACY_PER_YEAR,METADATA,VALID_JSON_METADATA,CACHE_METADATA_PRESENT,180,cfd8a207f67e4019c566ada293ad49f639f1758798ce3386d3624c95b84a3a3d
3665_2021_MOPS_t57sb01.html,LEGACY_PER_YEAR,HTML,INVALID_MOPS_RESPONSE,MOPS_RATE_LIMIT_RESPONSE,469,7f87fe0bce6b6c13fc2a88e7bf9ab00bed8d411eb6291fbbfcf3a1ade79248a2
3665_2021_MOPS_t57sb01.metadata.json,LEGACY_PER_YEAR,METADATA,VALID_JSON_METADATA,CACHE_METADATA_PRESENT,180,b3f9ac2f1dd042d7399cfe50d88d1550e67f82fadc865ec1977f707dfe22e36f
3665_2022_MOPS_t57sb01.html,LEGACY_PER_YEAR,HTML,INVALID_MOPS_RESPONSE,MOPS_RATE_LIMIT_RESPONSE,469,7f87fe0bce6b6c13fc2a88e7bf9ab00bed8d411eb6291fbbfcf3a1ade79248a2
3665_2022_MOPS_t57sb01.metadata.json,LEGACY_PER_YEAR,METADATA,VALID_JSON_METADATA,CACHE_METADATA_PRESENT,180,d415c753e66943c89304d5571a4e8edd96fb549bac2d687a3ea403f8193990dc
3665_2023_MOPS_t57sb01.html,LEGACY_PER_YEAR,HTML,INVALID_MOPS_RESPONSE,MOPS_RATE_LIMIT_RESPONSE,469,7f87fe0bce6b6c13fc2a88e7bf9ab00bed8d411eb6291fbbfcf3a1ade79248a2
3665_2023_MOPS_t57sb01.metadata.json,LEGACY_PER_YEAR,METADATA,VALID_JSON_METADATA,CACHE_METADATA_PRESENT,180,1ceee94583934e585b62afe4988858d49b8f380c9e04c0f609b141f4e4c65760
3665_2024_MOPS_t57sb01.html,LEGACY_PER_YEAR,HTML,INVALID_MOPS_RESPONSE,MOPS_RATE_LIMIT_RESPONSE,469,7f87fe0bce6b6c13fc2a88e7bf9ab00bed8d411eb6291fbbfcf3a1ade79248a2
3665_2024_MOPS_t57sb01.metadata.json,LEGACY_PER_YEAR,METADATA,VALID_JSON_METADATA,CACHE_METADATA_PRESENT,180,3e81b98082b7fa6c133956f35535625480210dde9090e9a2b6993cca949ab5d8
3665_2025_MOPS_t57sb01.html,LEGACY_PER_YEAR,HTML,INVALID_MOPS_RESPONSE,MOPS_RATE_LIMIT_RESPONSE,469,7f87fe0bce6b6c13fc2a88e7bf9ab00bed8d411eb6291fbbfcf3a1ade79248a2
3665_2025_MOPS_t57sb01.metadata.json,LEGACY_PER_YEAR,METADATA,VALID_JSON_METADATA,CACHE_METADATA_PRESENT,180,54fb27aac404885b56e25cc4920ba2b166cc9b3081cfb382cb6685e1739c0bc4
3665_2026_MOPS_t57sb01.html,LEGACY_PER_YEAR,HTML,INVALID_MOPS_RESPONSE,MOPS_RATE_LIMIT_RESPONSE,469,7f87fe0bce6b6c13fc2a88e7bf9ab00bed8d411eb6291fbbfcf3a1ade79248a2
3665_2026_MOPS_t57sb01.metadata.json,LEGACY_PER_YEAR,METADATA,VALID_JSON_METADATA,CACHE_METADATA_PRESENT,180,c125ac3abe84d4109c7a4d613603ccbd59a4ce2bb70a8eb92f2604b92b454ded
3665_ALL_AVAILABLE_YEARS_MOPS_t57sb01.html,ACTIVE_ALL_YEAR,HTML,VALID_MOPS_RESPONSE,VALID_MOPS_ARCHIVE_RESPONSE,50056,cc2de94628e17b11a329f0be5ad7963fc4dbd7d92f11dfb64ea54d6b1df348aa
3665_ALL_AVAILABLE_YEARS_MOPS_t57sb01.metadata.json,ACTIVE_ALL_YEAR,METADATA,VALID_JSON_METADATA,CACHE_METADATA_PRESENT,189,2b607feb193af217f6895cf0f7ebc8d0ed79f72bf7ba8d006a540fa3924760e3
3711_2017_MOPS_t57sb01.html,LEGACY_PER_YEAR,HTML,INVALID_MOPS_RESPONSE,MOPS_RATE_LIMIT_RESPONSE,469,7f87fe0bce6b6c13fc2a88e7bf9ab00bed8d411eb6291fbbfcf3a1ade79248a2
3711_2017_MOPS_t57sb01.metadata.json,LEGACY_PER_YEAR,METADATA,VALID_JSON_METADATA,CACHE_METADATA_PRESENT,180,90a3b90187feb95ff5d283d0892faa7d367de706de15d95039b8325c6079f8a9
3711_2018_MOPS_t57sb01.html,LEGACY_PER_YEAR,HTML,INVALID_MOPS_RESPONSE,MOPS_RATE_LIMIT_RESPONSE,469,7f87fe0bce6b6c13fc2a88e7bf9ab00bed8d411eb6291fbbfcf3a1ade79248a2
3711_2018_MOPS_t57sb01.metadata.json,LEGACY_PER_YEAR,METADATA,VALID_JSON_METADATA,CACHE_METADATA_PRESENT,180,e79c7426b67f6cc08614fbb279cdba66d889358bdd7addaf3751b560d8cd090a
3711_2019_MOPS_t57sb01.html,LEGACY_PER_YEAR,HTML,INVALID_MOPS_RESPONSE,MOPS_RATE_LIMIT_RESPONSE,469,7f87fe0bce6b6c13fc2a88e7bf9ab00bed8d411eb6291fbbfcf3a1ade79248a2
3711_2019_MOPS_t57sb01.metadata.json,LEGACY_PER_YEAR,METADATA,VALID_JSON_METADATA,CACHE_METADATA_PRESENT,180,05eb49a50fefb9cb6d26f68f5ca0047fab79d39b202ed3b441acf6794d2d0838
3711_2020_MOPS_t57sb01.html,LEGACY_PER_YEAR,HTML,INVALID_MOPS_RESPONSE,MOPS_RATE_LIMIT_RESPONSE,469,7f87fe0bce6b6c13fc2a88e7bf9ab00bed8d411eb6291fbbfcf3a1ade79248a2
3711_2020_MOPS_t57sb01.metadata.json,LEGACY_PER_YEAR,METADATA,VALID_JSON_METADATA,CACHE_METADATA_PRESENT,180,237a3d390c3e7bf498f7532f582bb6327cefcaa13a891e9f3c04c0182cfe2e39
3711_2021_MOPS_t57sb01.html,LEGACY_PER_YEAR,HTML,INVALID_MOPS_RESPONSE,MOPS_RATE_LIMIT_RESPONSE,469,7f87fe0bce6b6c13fc2a88e7bf9ab00bed8d411eb6291fbbfcf3a1ade79248a2
3711_2021_MOPS_t57sb01.metadata.json,LEGACY_PER_YEAR,METADATA,VALID_JSON_METADATA,CACHE_METADATA_PRESENT,180,b6ff6acce518cf92661141cc91f24794a3af28b2da8d42eabe49bbb6c99be239
3711_2022_MOPS_t57sb01.html,LEGACY_PER_YEAR,HTML,VALID_MOPS_RESPONSE,VALID_MOPS_ARCHIVE_RESPONSE,7873,9874677239e684e2ae0f3ac351c8958ad2e11c4a6971f66ca0ff60477a7582e4
3711_2022_MOPS_t57sb01.metadata.json,LEGACY_PER_YEAR,METADATA,VALID_JSON_METADATA,CACHE_METADATA_PRESENT,180,eb1e5d346951f11259146f6de80e27838ed00deecc494a3cea60561d22649d2b
3711_2023_MOPS_t57sb01.html,LEGACY_PER_YEAR,HTML,VALID_MOPS_RESPONSE,VALID_MOPS_ARCHIVE_RESPONSE,7873,f867e3088f008ed55b2eb086ddfcb843b43083f40c22fc7e5068f60f8eb425d1
3711_2023_MOPS_t57sb01.metadata.json,LEGACY_PER_YEAR,METADATA,VALID_JSON_METADATA,CACHE_METADATA_PRESENT,180,c5dc0c18d5562309f63b8c4435326eff0eb931d458a8e6bf9f1027f7f666a1c1
3711_2024_MOPS_t57sb01.html,LEGACY_PER_YEAR,HTML,VALID_MOPS_RESPONSE,VALID_MOPS_ARCHIVE_RESPONSE,7873,177fe09dc30cf7d5b1901acbd42707d399a6efba15532480e128298def25a72f
3711_2024_MOPS_t57sb01.metadata.json,LEGACY_PER_YEAR,METADATA,VALID_JSON_METADATA,CACHE_METADATA_PRESENT,180,e3c25294c9dbc1b8f4d579e8015faaa57ffbea5b8c8dc9a3b55195798670a0c4
3711_2025_MOPS_t57sb01.html,LEGACY_PER_YEAR,HTML,VALID_MOPS_RESPONSE,VALID_MOPS_ARCHIVE_RESPONSE,7873,c45035b242c9a0de9df42fb1ae8072183d5e5570b4e486153f6c3be42487279c
3711_2025_MOPS_t57sb01.metadata.json,LEGACY_PER_YEAR,METADATA,VALID_JSON_METADATA,CACHE_METADATA_PRESENT,180,a8c0e7aa294353d713956f067492f1a7ae92a39de86b2c25b6af11d703433744
3711_2026_MOPS_t57sb01.html,LEGACY_PER_YEAR,HTML,VALID_MOPS_RESPONSE,VALID_MOPS_ARCHIVE_RESPONSE,5062,376e6e209d71aa34180cf58b4245d783ee93a38b78111db0dbb866f1f075addb
3711_2026_MOPS_t57sb01.metadata.json,LEGACY_PER_YEAR,METADATA,VALID_JSON_METADATA,CACHE_METADATA_PRESENT,180,330b3efe35ba5c7a79db36258e394f28cb93b7ec81a385e923a1f0635560c37d
3711_ALL_AVAILABLE_YEARS_MOPS_t57sb01.html,ACTIVE_ALL_YEAR,HTML,VALID_MOPS_RESPONSE,VALID_MOPS_ARCHIVE_RESPONSE,41603,b416a1196dc8e1045f8ca5f9930af1a1042e6473bfbf2ec636a0cec7f3d267c5
3711_ALL_AVAILABLE_YEARS_MOPS_t57sb01.metadata.json,ACTIVE_ALL_YEAR,METADATA,VALID_JSON_METADATA,CACHE_METADATA_PRESENT,189,fc989409f39f18564b2377d640a241d01a8a94f7af9e546f4b093e8fbbcffa6e
4904_2016_MOPS_t57sb01.html,LEGACY_PER_YEAR,HTML,VALID_MOPS_RESPONSE,VALID_MOPS_ARCHIVE_RESPONSE,7867,6a32ff1538571db1f1b4a783c8d1c0ec72e438a51f3f6adb063bc77f7a9b900f
4904_2016_MOPS_t57sb01.metadata.json,LEGACY_PER_YEAR,METADATA,VALID_JSON_METADATA,CACHE_METADATA_PRESENT,180,52de799a30f275949d4017241b2f62edb462dac378611b0e7e40d0bff2674458
4904_2017_MOPS_t57sb01.html,LEGACY_PER_YEAR,HTML,VALID_MOPS_RESPONSE,VALID_MOPS_ARCHIVE_RESPONSE,7867,dffd0889470d0f03a0832d9898b9fb2cc75cca73e439343895c15b97ceed985e
4904_2017_MOPS_t57sb01.metadata.json,LEGACY_PER_YEAR,METADATA,VALID_JSON_METADATA,CACHE_METADATA_PRESENT,180,9d9761f7932b3ccb75d4be59bd9df3fa3b1d0cd5afdefbf414d6a27a887ee465
4904_2018_MOPS_t57sb01.html,LEGACY_PER_YEAR,HTML,VALID_MOPS_RESPONSE,VALID_MOPS_ARCHIVE_RESPONSE,7867,db089a5f407834ad4cee7163786ce7660d3eea5444a8a8b5e334c40c85a9c47a
4904_2018_MOPS_t57sb01.metadata.json,LEGACY_PER_YEAR,METADATA,VALID_JSON_METADATA,CACHE_METADATA_PRESENT,180,2d818511b40c7dd96626d9d816791cafccf2b38d3db7bc087452038bfcb9634a
4904_2019_MOPS_t57sb01.html,LEGACY_PER_YEAR,HTML,INVALID_MOPS_RESPONSE,MOPS_RATE_LIMIT_RESPONSE,469,7f87fe0bce6b6c13fc2a88e7bf9ab00bed8d411eb6291fbbfcf3a1ade79248a2
4904_2019_MOPS_t57sb01.metadata.json,LEGACY_PER_YEAR,METADATA,VALID_JSON_METADATA,CACHE_METADATA_PRESENT,180,dc37dfc7c70c683c2db99e1231db264dff771d5ce5dc70a4a8be1cc3028b28c9
4904_2020_MOPS_t57sb01.html,LEGACY_PER_YEAR,HTML,INVALID_MOPS_RESPONSE,MOPS_RATE_LIMIT_RESPONSE,469,7f87fe0bce6b6c13fc2a88e7bf9ab00bed8d411eb6291fbbfcf3a1ade79248a2
4904_2020_MOPS_t57sb01.metadata.json,LEGACY_PER_YEAR,METADATA,VALID_JSON_METADATA,CACHE_METADATA_PRESENT,180,60aa45310d5d252a01e2e5c5fe1c24fb4edf82acb0b8ef7de19928cd798be534
4904_2021_MOPS_t57sb01.html,LEGACY_PER_YEAR,HTML,VALID_MOPS_RESPONSE,VALID_MOPS_ARCHIVE_RESPONSE,7867,6698b30802aef8c61bb47242c37eb9fb99eaa011b2723201f1781fbaf49df6bd
4904_2021_MOPS_t57sb01.metadata.json,LEGACY_PER_YEAR,METADATA,VALID_JSON_METADATA,CACHE_METADATA_PRESENT,180,deaac87ca2e897222b4445f55cd9708ae74e73a7fa457039fc0788ff502a5c17
4904_2022_MOPS_t57sb01.html,LEGACY_PER_YEAR,HTML,VALID_MOPS_RESPONSE,VALID_MOPS_ARCHIVE_RESPONSE,8476,ca71e2dd2d35df1c54c38c081f26535373630e295a9a4f0fa9dd92f64c02a0b8
4904_2022_MOPS_t57sb01.metadata.json,LEGACY_PER_YEAR,METADATA,VALID_JSON_METADATA,CACHE_METADATA_PRESENT,180,f6c3232117606ac244a01c731b38026484ff0158ede66341e4ee86cfed430da3
4904_2023_MOPS_t57sb01.html,LEGACY_PER_YEAR,HTML,INVALID_MOPS_RESPONSE,MOPS_RATE_LIMIT_RESPONSE,469,7f87fe0bce6b6c13fc2a88e7bf9ab00bed8d411eb6291fbbfcf3a1ade79248a2
4904_2023_MOPS_t57sb01.metadata.json,LEGACY_PER_YEAR,METADATA,VALID_JSON_METADATA,CACHE_METADATA_PRESENT,180,2873793496b452db30916637cf942ce949eb7fe0215afae053fe12cb8248951b
4904_2024_MOPS_t57sb01.html,LEGACY_PER_YEAR,HTML,VALID_MOPS_RESPONSE,VALID_MOPS_ARCHIVE_RESPONSE,7867,694772f2f1c8ed7cb206b9fbf6867b0f8a89c95ec412e48bff209a91fe561b75
4904_2024_MOPS_t57sb01.metadata.json,LEGACY_PER_YEAR,METADATA,VALID_JSON_METADATA,CACHE_METADATA_PRESENT,180,9999fe914ef7e4c79c80a86d1b6aad90c4470fe03373d51ca84dbd347020c287
4904_2025_MOPS_t57sb01.html,LEGACY_PER_YEAR,HTML,VALID_MOPS_RESPONSE,VALID_MOPS_ARCHIVE_RESPONSE,7867,2d529db1c82d124a02348ea762b25cf5b77b5321f20de74ed6707a153a12aeb2
4904_2025_MOPS_t57sb01.metadata.json,LEGACY_PER_YEAR,METADATA,VALID_JSON_METADATA,CACHE_METADATA_PRESENT,180,1d10b1c6d681059ad2d67026b834e01595a6dfbdc617a06328a358d0d0af4f40
4904_2026_MOPS_t57sb01.html,LEGACY_PER_YEAR,HTML,INVALID_MOPS_RESPONSE,MOPS_RATE_LIMIT_RESPONSE,469,7f87fe0bce6b6c13fc2a88e7bf9ab00bed8d411eb6291fbbfcf3a1ade79248a2
4904_2026_MOPS_t57sb01.metadata.json,LEGACY_PER_YEAR,METADATA,VALID_JSON_METADATA,CACHE_METADATA_PRESENT,180,cb4ab7577806b32773b397aed1775c4d326ba544cc3d5f21393474f53b03a754
4904_ALL_AVAILABLE_YEARS_MOPS_t57sb01.html,ACTIVE_ALL_YEAR,HTML,VALID_MOPS_RESPONSE,VALID_MOPS_ARCHIVE_RESPONSE,117543,941e86fde1d8ad11a6ce682647ec51f35e51372e537703fd2e2cf12e3c907b9b
4904_ALL_AVAILABLE_YEARS_MOPS_t57sb01.metadata.json,ACTIVE_ALL_YEAR,METADATA,VALID_JSON_METADATA,CACHE_METADATA_PRESENT,189,b346e70cd96b2e2be3285f77da3616db87f2ddfd493aabf6016206e672608110
4958_2016_MOPS_t57sb01.html,LEGACY_PER_YEAR,HTML,INVALID_MOPS_RESPONSE,MOPS_RATE_LIMIT_RESPONSE,469,7f87fe0bce6b6c13fc2a88e7bf9ab00bed8d411eb6291fbbfcf3a1ade79248a2
4958_2016_MOPS_t57sb01.metadata.json,LEGACY_PER_YEAR,METADATA,VALID_JSON_METADATA,CACHE_METADATA_PRESENT,180,ec1b2732252dc188f83e86eb3c0ae98debed8b0e5d035593b1e8340c4d63d268
4958_2017_MOPS_t57sb01.html,LEGACY_PER_YEAR,HTML,INVALID_MOPS_RESPONSE,MOPS_RATE_LIMIT_RESPONSE,469,7f87fe0bce6b6c13fc2a88e7bf9ab00bed8d411eb6291fbbfcf3a1ade79248a2
4958_2017_MOPS_t57sb01.metadata.json,LEGACY_PER_YEAR,METADATA,VALID_JSON_METADATA,CACHE_METADATA_PRESENT,180,4f93b9c020ff0185462b5f32d4798dec8df556cd0ea3c1c3dc96d25223227c87
4958_2018_MOPS_t57sb01.html,LEGACY_PER_YEAR,HTML,INVALID_MOPS_RESPONSE,MOPS_RATE_LIMIT_RESPONSE,469,7f87fe0bce6b6c13fc2a88e7bf9ab00bed8d411eb6291fbbfcf3a1ade79248a2
4958_2018_MOPS_t57sb01.metadata.json,LEGACY_PER_YEAR,METADATA,VALID_JSON_METADATA,CACHE_METADATA_PRESENT,180,776421532d2af3c07a29a0aa3ca3e11c47a54fc936f9b312ce0f38dbfa96dd00
4958_2019_MOPS_t57sb01.html,LEGACY_PER_YEAR,HTML,INVALID_MOPS_RESPONSE,MOPS_RATE_LIMIT_RESPONSE,469,7f87fe0bce6b6c13fc2a88e7bf9ab00bed8d411eb6291fbbfcf3a1ade79248a2
4958_2019_MOPS_t57sb01.metadata.json,LEGACY_PER_YEAR,METADATA,VALID_JSON_METADATA,CACHE_METADATA_PRESENT,180,9cdd492e25bd5fd230d1771f417de0bcb0ed4223e1147c319a8b11514226f04b
4958_2020_MOPS_t57sb01.html,LEGACY_PER_YEAR,HTML,INVALID_MOPS_RESPONSE,MOPS_RATE_LIMIT_RESPONSE,469,7f87fe0bce6b6c13fc2a88e7bf9ab00bed8d411eb6291fbbfcf3a1ade79248a2
4958_2020_MOPS_t57sb01.metadata.json,LEGACY_PER_YEAR,METADATA,VALID_JSON_METADATA,CACHE_METADATA_PRESENT,180,31bf58fd3438f776d7e8e466ada9bd77570a104af18ac6009b635cb146d45b77
4958_2021_MOPS_t57sb01.html,LEGACY_PER_YEAR,HTML,INVALID_MOPS_RESPONSE,MOPS_RATE_LIMIT_RESPONSE,469,7f87fe0bce6b6c13fc2a88e7bf9ab00bed8d411eb6291fbbfcf3a1ade79248a2
4958_2021_MOPS_t57sb01.metadata.json,LEGACY_PER_YEAR,METADATA,VALID_JSON_METADATA,CACHE_METADATA_PRESENT,180,1cdb270816740b9e4222cda878dcb6781b43efef507cf070ad61899b9e24de70
4958_2022_MOPS_t57sb01.html,LEGACY_PER_YEAR,HTML,INVALID_MOPS_RESPONSE,MOPS_RATE_LIMIT_RESPONSE,469,7f87fe0bce6b6c13fc2a88e7bf9ab00bed8d411eb6291fbbfcf3a1ade79248a2
4958_2022_MOPS_t57sb01.metadata.json,LEGACY_PER_YEAR,METADATA,VALID_JSON_METADATA,CACHE_METADATA_PRESENT,180,125dfd1f3614146a7a6ecebe42bf3751240a27b6f86baef4ee48b0253b6e6008
4958_2023_MOPS_t57sb01.html,LEGACY_PER_YEAR,HTML,INVALID_MOPS_RESPONSE,MOPS_RATE_LIMIT_RESPONSE,469,7f87fe0bce6b6c13fc2a88e7bf9ab00bed8d411eb6291fbbfcf3a1ade79248a2
4958_2023_MOPS_t57sb01.metadata.json,LEGACY_PER_YEAR,METADATA,VALID_JSON_METADATA,CACHE_METADATA_PRESENT,180,62c96bb8f1f2f047c2c5d44c7ce64bf6ac5cbd1475bdfb23d3590f2168dbcea9
4958_2024_MOPS_t57sb01.html,LEGACY_PER_YEAR,HTML,INVALID_MOPS_RESPONSE,MOPS_RATE_LIMIT_RESPONSE,469,7f87fe0bce6b6c13fc2a88e7bf9ab00bed8d411eb6291fbbfcf3a1ade79248a2
4958_2024_MOPS_t57sb01.metadata.json,LEGACY_PER_YEAR,METADATA,VALID_JSON_METADATA,CACHE_METADATA_PRESENT,180,685310f38a1f631a9ee283d5e4ccd385e8dac94ee94703ac1bf65617ed2691e7
4958_2025_MOPS_t57sb01.html,LEGACY_PER_YEAR,HTML,INVALID_MOPS_RESPONSE,MOPS_RATE_LIMIT_RESPONSE,469,7f87fe0bce6b6c13fc2a88e7bf9ab00bed8d411eb6291fbbfcf3a1ade79248a2
4958_2025_MOPS_t57sb01.metadata.json,LEGACY_PER_YEAR,METADATA,VALID_JSON_METADATA,CACHE_METADATA_PRESENT,180,10d8cd6ad9dd964fbbb51f747797d28ef50ed71901b6c09636dff030a8d04963
4958_2026_MOPS_t57sb01.html,LEGACY_PER_YEAR,HTML,INVALID_MOPS_RESPONSE,MOPS_RATE_LIMIT_RESPONSE,469,7f87fe0bce6b6c13fc2a88e7bf9ab00bed8d411eb6291fbbfcf3a1ade79248a2
4958_2026_MOPS_t57sb01.metadata.json,LEGACY_PER_YEAR,METADATA,VALID_JSON_METADATA,CACHE_METADATA_PRESENT,180,2ad288cf43ca5aa9655fd1217afd70932a85ec9f01d717836d883c0a712aaac8
4958_ALL_AVAILABLE_YEARS_MOPS_t57sb01.html,ACTIVE_ALL_YEAR,HTML,VALID_MOPS_RESPONSE,VALID_MOPS_ARCHIVE_RESPONSE,43302,5e0047dd7e9a7f368d52040e179f3727aa40b00bf9b04cf9983640c18555d63e
4958_ALL_AVAILABLE_YEARS_MOPS_t57sb01.metadata.json,ACTIVE_ALL_YEAR,METADATA,VALID_JSON_METADATA,CACHE_METADATA_PRESENT,189,c7b4b8e0da01ccd32b60b39165946492df780adef15b350542178d2797b39e67
5880_2016_MOPS_t57sb01.html,LEGACY_PER_YEAR,HTML,INVALID_MOPS_RESPONSE,MOPS_RATE_LIMIT_RESPONSE,469,7f87fe0bce6b6c13fc2a88e7bf9ab00bed8d411eb6291fbbfcf3a1ade79248a2
5880_2016_MOPS_t57sb01.metadata.json,LEGACY_PER_YEAR,METADATA,VALID_JSON_METADATA,CACHE_METADATA_PRESENT,180,5851c89979a6d6bf39274195637da1b40f79be18354f76d103eca87b1eee8f30
5880_2017_MOPS_t57sb01.html,LEGACY_PER_YEAR,HTML,INVALID_MOPS_RESPONSE,MOPS_RATE_LIMIT_RESPONSE,469,7f87fe0bce6b6c13fc2a88e7bf9ab00bed8d411eb6291fbbfcf3a1ade79248a2
5880_2017_MOPS_t57sb01.metadata.json,LEGACY_PER_YEAR,METADATA,VALID_JSON_METADATA,CACHE_METADATA_PRESENT,180,e5d2c859885439227c0b6f826d031d702bbec7a404291ecf4445baa3c520b629
5880_2018_MOPS_t57sb01.html,LEGACY_PER_YEAR,HTML,INVALID_MOPS_RESPONSE,MOPS_RATE_LIMIT_RESPONSE,469,7f87fe0bce6b6c13fc2a88e7bf9ab00bed8d411eb6291fbbfcf3a1ade79248a2
5880_2018_MOPS_t57sb01.metadata.json,LEGACY_PER_YEAR,METADATA,VALID_JSON_METADATA,CACHE_METADATA_PRESENT,180,e724ae2fdcbb95235be8b6a9e76cba0e3c5bfe6e71aa527cf7d8f8184fe34208
5880_2019_MOPS_t57sb01.html,LEGACY_PER_YEAR,HTML,INVALID_MOPS_RESPONSE,MOPS_RATE_LIMIT_RESPONSE,469,7f87fe0bce6b6c13fc2a88e7bf9ab00bed8d411eb6291fbbfcf3a1ade79248a2
5880_2019_MOPS_t57sb01.metadata.json,LEGACY_PER_YEAR,METADATA,VALID_JSON_METADATA,CACHE_METADATA_PRESENT,180,a1f3ab921b502d3f9334888bd60fb89f7be151e6c8b7f16c1bf12995b0f28ded
5880_2020_MOPS_t57sb01.html,LEGACY_PER_YEAR,HTML,INVALID_MOPS_RESPONSE,MOPS_RATE_LIMIT_RESPONSE,469,7f87fe0bce6b6c13fc2a88e7bf9ab00bed8d411eb6291fbbfcf3a1ade79248a2
5880_2020_MOPS_t57sb01.metadata.json,LEGACY_PER_YEAR,METADATA,VALID_JSON_METADATA,CACHE_METADATA_PRESENT,180,6c06edaed2ee195552185ac24c88389a83b8dc8cfc8bad7746cd516921fa8caf
5880_2021_MOPS_t57sb01.html,LEGACY_PER_YEAR,HTML,VALID_MOPS_RESPONSE,VALID_MOPS_ARCHIVE_RESPONSE,2537,45470cefc2a29e89476d87a92e893dc406e2f0e54e75a06a3449e8f57080b06e
5880_2021_MOPS_t57sb01.metadata.json,LEGACY_PER_YEAR,METADATA,VALID_JSON_METADATA,CACHE_METADATA_PRESENT,180,249e96e820d7308ce79abd918ff2847c51f675d99dfb983c162958cdae4e183e
5880_2022_MOPS_t57sb01.html,LEGACY_PER_YEAR,HTML,VALID_MOPS_RESPONSE,VALID_MOPS_ARCHIVE_RESPONSE,2537,31fbff95b6145ac2904bd6b3feff8859edc9b322980dda211a04171d6b818cb0
5880_2022_MOPS_t57sb01.metadata.json,LEGACY_PER_YEAR,METADATA,VALID_JSON_METADATA,CACHE_METADATA_PRESENT,180,c9fdbcc19b8b75d447bcf8bb45789552846cfa68b851bf1a26fc457c013714eb
5880_2023_MOPS_t57sb01.html,LEGACY_PER_YEAR,HTML,VALID_MOPS_RESPONSE,VALID_MOPS_ARCHIVE_RESPONSE,2537,61c4474bc9082ebf97499426bb8880cce8422d579c7e4b8e0cd24f80858d774e
5880_2023_MOPS_t57sb01.metadata.json,LEGACY_PER_YEAR,METADATA,VALID_JSON_METADATA,CACHE_METADATA_PRESENT,180,d24b5a2ff35796ce5e356a501df53199548c7071bfd035b4e11b969608f309ec
5880_2024_MOPS_t57sb01.html,LEGACY_PER_YEAR,HTML,VALID_MOPS_RESPONSE,VALID_MOPS_ARCHIVE_RESPONSE,2537,8f2027a917d39fda31015204bcefce15252f14edbf1ed6cd600dcf0bf2db3f6c
5880_2024_MOPS_t57sb01.metadata.json,LEGACY_PER_YEAR,METADATA,VALID_JSON_METADATA,CACHE_METADATA_PRESENT,180,80132a66a301b372648cebf3ebac4b0bbb950439882a341948dc2b3c714501ea
5880_2025_MOPS_t57sb01.html,LEGACY_PER_YEAR,HTML,VALID_MOPS_RESPONSE,VALID_MOPS_ARCHIVE_RESPONSE,2537,a1ac5513f8add3dff3322513ba6b7a44264f215f35cc7a324ee7b6ced3aaacec
5880_2025_MOPS_t57sb01.metadata.json,LEGACY_PER_YEAR,METADATA,VALID_JSON_METADATA,CACHE_METADATA_PRESENT,180,1f63e89bc4fc1c5e49f3d577315c4d2feef09a0b6cb5d786747eff622f022275
5880_2026_MOPS_t57sb01.html,LEGACY_PER_YEAR,HTML,VALID_MOPS_RESPONSE,VALID_MOPS_ARCHIVE_RESPONSE,2537,a67cf4ccc44bcc5783deb8a16983855eca999e8033fe8d7e3df1b72e23493a0c
5880_2026_MOPS_t57sb01.metadata.json,LEGACY_PER_YEAR,METADATA,VALID_JSON_METADATA,CACHE_METADATA_PRESENT,180,323c875a2622704c3775ec7ae9fa12d54c2058855ee9bd350fa51123968c9897
5880_ALL_AVAILABLE_YEARS_MOPS_t57sb01.html,ACTIVE_ALL_YEAR,HTML,VALID_MOPS_RESPONSE,VALID_MOPS_ARCHIVE_RESPONSE,43376,c3cff4d6c3f002c0afadbc3eb830c387abaa44684649eb348c0745974af8031d
5880_ALL_AVAILABLE_YEARS_MOPS_t57sb01.metadata.json,ACTIVE_ALL_YEAR,METADATA,VALID_JSON_METADATA,CACHE_METADATA_PRESENT,189,4efcfcd59b6e78ba37ad41aeb2e9d99cf4a6f4245d1493986e71211a9b0955fa
6505_2016_MOPS_t57sb01.html,LEGACY_PER_YEAR,HTML,VALID_MOPS_RESPONSE,VALID_MOPS_ARCHIVE_RESPONSE,7869,18106a22d0b0ea76151f3de2c44d3169db24822b1777dea22f1762b0a3d09838
6505_2016_MOPS_t57sb01.metadata.json,LEGACY_PER_YEAR,METADATA,VALID_JSON_METADATA,CACHE_METADATA_PRESENT,180,e646de2c46ee40e81d7c929e19128ee0bad51db1b6927f48a06a0029ad8bb386
6505_2017_MOPS_t57sb01.html,LEGACY_PER_YEAR,HTML,VALID_MOPS_RESPONSE,VALID_MOPS_ARCHIVE_RESPONSE,8681,9cc89014f7a7fad0dc9d63df1a7ce486cdd233ff74ee36f73f732d32db4e8c79
6505_2017_MOPS_t57sb01.metadata.json,LEGACY_PER_YEAR,METADATA,VALID_JSON_METADATA,CACHE_METADATA_PRESENT,180,bee779f1857ae50a273ff4d6c249052093a566a72de99d6b4f263153cd68dd10
6505_2018_MOPS_t57sb01.html,LEGACY_PER_YEAR,HTML,INVALID_MOPS_RESPONSE,MOPS_RATE_LIMIT_RESPONSE,469,7f87fe0bce6b6c13fc2a88e7bf9ab00bed8d411eb6291fbbfcf3a1ade79248a2
6505_2018_MOPS_t57sb01.metadata.json,LEGACY_PER_YEAR,METADATA,VALID_JSON_METADATA,CACHE_METADATA_PRESENT,180,0adda9b2ac25af3d9c1cbda3fe6425fb9ba771dc5116841992801b94f83aec3b
6505_2019_MOPS_t57sb01.html,LEGACY_PER_YEAR,HTML,VALID_MOPS_RESPONSE,VALID_MOPS_ARCHIVE_RESPONSE,7869,9a62e3874f362da4645b7aac6293a00a8ad1c49ed25e4a890a84e710614a95e1
6505_2019_MOPS_t57sb01.metadata.json,LEGACY_PER_YEAR,METADATA,VALID_JSON_METADATA,CACHE_METADATA_PRESENT,180,ff415844f6d2b84cd00b1fa7a29e7201d6e7aa4eee3f0ac031e3822bf408a99d
6505_2020_MOPS_t57sb01.html,LEGACY_PER_YEAR,HTML,INVALID_MOPS_RESPONSE,MOPS_RATE_LIMIT_RESPONSE,469,7f87fe0bce6b6c13fc2a88e7bf9ab00bed8d411eb6291fbbfcf3a1ade79248a2
6505_2020_MOPS_t57sb01.metadata.json,LEGACY_PER_YEAR,METADATA,VALID_JSON_METADATA,CACHE_METADATA_PRESENT,180,a40b03cc5f146ca52446d244204d45c97feda64520cdafd268722e351cc8c810
6505_2021_MOPS_t57sb01.html,LEGACY_PER_YEAR,HTML,INVALID_MOPS_RESPONSE,MOPS_RATE_LIMIT_RESPONSE,469,7f87fe0bce6b6c13fc2a88e7bf9ab00bed8d411eb6291fbbfcf3a1ade79248a2
6505_2021_MOPS_t57sb01.metadata.json,LEGACY_PER_YEAR,METADATA,VALID_JSON_METADATA,CACHE_METADATA_PRESENT,180,7197afe3ec26a6d1cbf4fc655b7e25baf51c22bf8a9eadec5982efa7056c7d61
6505_2022_MOPS_t57sb01.html,LEGACY_PER_YEAR,HTML,INVALID_MOPS_RESPONSE,MOPS_RATE_LIMIT_RESPONSE,469,7f87fe0bce6b6c13fc2a88e7bf9ab00bed8d411eb6291fbbfcf3a1ade79248a2
6505_2022_MOPS_t57sb01.metadata.json,LEGACY_PER_YEAR,METADATA,VALID_JSON_METADATA,CACHE_METADATA_PRESENT,180,6b44b6930c675faea92db6b4ae2391025a149abf75fb12292ea48a34c906bd28
6505_2023_MOPS_t57sb01.html,LEGACY_PER_YEAR,HTML,VALID_MOPS_RESPONSE,VALID_MOPS_ARCHIVE_RESPONSE,7869,9ded3b444c528743f66e33103104477562fca88c9eb0ddb17bfc636e77b7b933
6505_2023_MOPS_t57sb01.metadata.json,LEGACY_PER_YEAR,METADATA,VALID_JSON_METADATA,CACHE_METADATA_PRESENT,180,70b8a74cd470639941af7d823e550535a4d07b6dd7c19b60199de03ece34f4cd
6505_2024_MOPS_t57sb01.html,LEGACY_PER_YEAR,HTML,VALID_MOPS_RESPONSE,VALID_MOPS_ARCHIVE_RESPONSE,7869,739174937cca95df59959aab65efaf7052d08692c299a77a7512cec5266c2b0f
6505_2024_MOPS_t57sb01.metadata.json,LEGACY_PER_YEAR,METADATA,VALID_JSON_METADATA,CACHE_METADATA_PRESENT,180,16bf1d9864c1b64a2941465d2b5f8d611a4085328b4d916db1fa3e008b000c87
6505_2025_MOPS_t57sb01.html,LEGACY_PER_YEAR,HTML,VALID_MOPS_RESPONSE,VALID_MOPS_ARCHIVE_RESPONSE,7869,1fb575787e0a59327a405cb4c8bdaa4c864b8907d6e94bb4ba61ac4d5ca047a3
6505_2025_MOPS_t57sb01.metadata.json,LEGACY_PER_YEAR,METADATA,VALID_JSON_METADATA,CACHE_METADATA_PRESENT,180,623c556abb4227d0b632a8409490ca0ba1e5b5e5021e8351a0a0667f7cb86f61
6505_2026_MOPS_t57sb01.html,LEGACY_PER_YEAR,HTML,INVALID_MOPS_RESPONSE,MOPS_RATE_LIMIT_RESPONSE,469,7f87fe0bce6b6c13fc2a88e7bf9ab00bed8d411eb6291fbbfcf3a1ade79248a2
6505_2026_MOPS_t57sb01.metadata.json,LEGACY_PER_YEAR,METADATA,VALID_JSON_METADATA,CACHE_METADATA_PRESENT,180,557c10ad2bdf40d2d94618f043b0cb68cd996b14dd425b5d60a496c14795a9d0
6505_ALL_AVAILABLE_YEARS_MOPS_t57sb01.html,ACTIVE_ALL_YEAR,HTML,VALID_MOPS_RESPONSE,VALID_MOPS_ARCHIVE_RESPONSE,94012,143f296427d0b455f042866222c769164849629c90614edd06efa8adec03cb3c
6505_ALL_AVAILABLE_YEARS_MOPS_t57sb01.metadata.json,ACTIVE_ALL_YEAR,METADATA,VALID_JSON_METADATA,CACHE_METADATA_PRESENT,189,88d71e006b4f93680a1e7bdc51e7f8fcd06d4425624b6eadfb59148d68585ef4
6669_2016_MOPS_t57sb01.html,LEGACY_PER_YEAR,HTML,INVALID_MOPS_RESPONSE,MOPS_RATE_LIMIT_RESPONSE,469,7f87fe0bce6b6c13fc2a88e7bf9ab00bed8d411eb6291fbbfcf3a1ade79248a2
6669_2016_MOPS_t57sb01.metadata.json,LEGACY_PER_YEAR,METADATA,VALID_JSON_METADATA,CACHE_METADATA_PRESENT,180,c895e896bbb95bd28a95b14ae9721c0df0eb5a01f2c5790eb53cd5d21de27506
6669_2017_MOPS_t57sb01.html,LEGACY_PER_YEAR,HTML,INVALID_MOPS_RESPONSE,MOPS_RATE_LIMIT_RESPONSE,469,7f87fe0bce6b6c13fc2a88e7bf9ab00bed8d411eb6291fbbfcf3a1ade79248a2
6669_2017_MOPS_t57sb01.metadata.json,LEGACY_PER_YEAR,METADATA,VALID_JSON_METADATA,CACHE_METADATA_PRESENT,180,9e2863f543ce66eb281ba205fccbe957ec6716e43ce7cb5d022a1397dcd36a64
6669_2018_MOPS_t57sb01.html,LEGACY_PER_YEAR,HTML,INVALID_MOPS_RESPONSE,MOPS_RATE_LIMIT_RESPONSE,469,7f87fe0bce6b6c13fc2a88e7bf9ab00bed8d411eb6291fbbfcf3a1ade79248a2
6669_2018_MOPS_t57sb01.metadata.json,LEGACY_PER_YEAR,METADATA,VALID_JSON_METADATA,CACHE_METADATA_PRESENT,180,e71577631909e36f7cf5d4ecf6f0e0a2177e1f32e2604da56b5c434c62467c78
6669_2019_MOPS_t57sb01.html,LEGACY_PER_YEAR,HTML,INVALID_MOPS_RESPONSE,MOPS_RATE_LIMIT_RESPONSE,469,7f87fe0bce6b6c13fc2a88e7bf9ab00bed8d411eb6291fbbfcf3a1ade79248a2
6669_2019_MOPS_t57sb01.metadata.json,LEGACY_PER_YEAR,METADATA,VALID_JSON_METADATA,CACHE_METADATA_PRESENT,180,61fbf15fef756277b9a4e0359a2a6797fcfdfe1adf9d54f7f22f1cd53c34d835
6669_2020_MOPS_t57sb01.html,LEGACY_PER_YEAR,HTML,INVALID_MOPS_RESPONSE,MOPS_RATE_LIMIT_RESPONSE,469,7f87fe0bce6b6c13fc2a88e7bf9ab00bed8d411eb6291fbbfcf3a1ade79248a2
6669_2020_MOPS_t57sb01.metadata.json,LEGACY_PER_YEAR,METADATA,VALID_JSON_METADATA,CACHE_METADATA_PRESENT,180,bb1e32445e8873bf77fbbf276b75618cae7e8faf4f7c5aa2421ec9de331c8787
6669_2021_MOPS_t57sb01.html,LEGACY_PER_YEAR,HTML,INVALID_MOPS_RESPONSE,MOPS_RATE_LIMIT_RESPONSE,469,7f87fe0bce6b6c13fc2a88e7bf9ab00bed8d411eb6291fbbfcf3a1ade79248a2
6669_2021_MOPS_t57sb01.metadata.json,LEGACY_PER_YEAR,METADATA,VALID_JSON_METADATA,CACHE_METADATA_PRESENT,180,b2f74cecbd8c26e3af04c955cbedf266fb13313bfac274208a0c5787a683a3a9
6669_2022_MOPS_t57sb01.html,LEGACY_PER_YEAR,HTML,INVALID_MOPS_RESPONSE,MOPS_RATE_LIMIT_RESPONSE,469,7f87fe0bce6b6c13fc2a88e7bf9ab00bed8d411eb6291fbbfcf3a1ade79248a2
6669_2022_MOPS_t57sb01.metadata.json,LEGACY_PER_YEAR,METADATA,VALID_JSON_METADATA,CACHE_METADATA_PRESENT,180,36c6a9f4ec26078390c235c438cf607161c59359e3155afee487bd7362739559
6669_2023_MOPS_t57sb01.html,LEGACY_PER_YEAR,HTML,INVALID_MOPS_RESPONSE,MOPS_RATE_LIMIT_RESPONSE,469,7f87fe0bce6b6c13fc2a88e7bf9ab00bed8d411eb6291fbbfcf3a1ade79248a2
6669_2023_MOPS_t57sb01.metadata.json,LEGACY_PER_YEAR,METADATA,VALID_JSON_METADATA,CACHE_METADATA_PRESENT,180,3624786b8f79741e00cb1b70505a3a947190904804d3c96fe434861c75d2ab7d
6669_2024_MOPS_t57sb01.html,LEGACY_PER_YEAR,HTML,INVALID_MOPS_RESPONSE,MOPS_RATE_LIMIT_RESPONSE,469,7f87fe0bce6b6c13fc2a88e7bf9ab00bed8d411eb6291fbbfcf3a1ade79248a2
6669_2024_MOPS_t57sb01.metadata.json,LEGACY_PER_YEAR,METADATA,VALID_JSON_METADATA,CACHE_METADATA_PRESENT,180,0f9636260e77faa7f5c56726c79b5c248fbc71eef4f0c906a5896547cd97920d
6669_2025_MOPS_t57sb01.html,LEGACY_PER_YEAR,HTML,INVALID_MOPS_RESPONSE,MOPS_RATE_LIMIT_RESPONSE,469,7f87fe0bce6b6c13fc2a88e7bf9ab00bed8d411eb6291fbbfcf3a1ade79248a2
6669_2025_MOPS_t57sb01.metadata.json,LEGACY_PER_YEAR,METADATA,VALID_JSON_METADATA,CACHE_METADATA_PRESENT,180,fd3de6df50947cc89f023cb66fcb4ff74a27d572b00671e67a2dddeea0081290
6669_2026_MOPS_t57sb01.html,LEGACY_PER_YEAR,HTML,INVALID_MOPS_RESPONSE,MOPS_RATE_LIMIT_RESPONSE,469,7f87fe0bce6b6c13fc2a88e7bf9ab00bed8d411eb6291fbbfcf3a1ade79248a2
6669_2026_MOPS_t57sb01.metadata.json,LEGACY_PER_YEAR,METADATA,VALID_JSON_METADATA,CACHE_METADATA_PRESENT,180,53c437b1e0858b99330a57fd8710e02c2f28a2e4f04768b38b7f9cbf177856e4
6669_ALL_AVAILABLE_YEARS_MOPS_t57sb01.html,ACTIVE_ALL_YEAR,HTML,VALID_MOPS_RESPONSE,VALID_MOPS_ARCHIVE_RESPONSE,52913,310525f23037c06124ed3e644ff50f0b4dc995278ca73b6d1ae5fc98b0bea8f4
6669_ALL_AVAILABLE_YEARS_MOPS_t57sb01.metadata.json,ACTIVE_ALL_YEAR,METADATA,VALID_JSON_METADATA,CACHE_METADATA_PRESENT,189,3fe4a0fc5b0695e2b7e7a2133e53cc5738becdd73a3ff6f8676a112325ba7038
7769_2022_MOPS_t57sb01.html,LEGACY_PER_YEAR,HTML,INVALID_MOPS_RESPONSE,MOPS_RATE_LIMIT_RESPONSE,469,7f87fe0bce6b6c13fc2a88e7bf9ab00bed8d411eb6291fbbfcf3a1ade79248a2
7769_2022_MOPS_t57sb01.metadata.json,LEGACY_PER_YEAR,METADATA,VALID_JSON_METADATA,CACHE_METADATA_PRESENT,180,c2d1fa9bb17c32a26ebb7fbf1f9d44207eec2dca6aef92528ae5359bf25ce433
7769_2023_MOPS_t57sb01.html,LEGACY_PER_YEAR,HTML,INVALID_MOPS_RESPONSE,MOPS_RATE_LIMIT_RESPONSE,469,7f87fe0bce6b6c13fc2a88e7bf9ab00bed8d411eb6291fbbfcf3a1ade79248a2
7769_2023_MOPS_t57sb01.metadata.json,LEGACY_PER_YEAR,METADATA,VALID_JSON_METADATA,CACHE_METADATA_PRESENT,180,a6cbaea80d1296eb2ce625e93dd6a7573441e844a422d41d10b937527d5542d8
7769_2024_MOPS_t57sb01.html,LEGACY_PER_YEAR,HTML,INVALID_MOPS_RESPONSE,MOPS_RATE_LIMIT_RESPONSE,469,7f87fe0bce6b6c13fc2a88e7bf9ab00bed8d411eb6291fbbfcf3a1ade79248a2
7769_2024_MOPS_t57sb01.metadata.json,LEGACY_PER_YEAR,METADATA,VALID_JSON_METADATA,CACHE_METADATA_PRESENT,180,eb1804352d046e65de4458094c177bb5ab0b2b07004cf768c80f9e56011bb72d
7769_2025_MOPS_t57sb01.html,LEGACY_PER_YEAR,HTML,INVALID_MOPS_RESPONSE,MOPS_RATE_LIMIT_RESPONSE,469,7f87fe0bce6b6c13fc2a88e7bf9ab00bed8d411eb6291fbbfcf3a1ade79248a2
7769_2025_MOPS_t57sb01.metadata.json,LEGACY_PER_YEAR,METADATA,VALID_JSON_METADATA,CACHE_METADATA_PRESENT,180,48c318b44e1be13b116b87942847cd030fe80a3803bde8022467e906ded6e17c
7769_2026_MOPS_t57sb01.html,LEGACY_PER_YEAR,HTML,INVALID_MOPS_RESPONSE,MOPS_RATE_LIMIT_RESPONSE,469,7f87fe0bce6b6c13fc2a88e7bf9ab00bed8d411eb6291fbbfcf3a1ade79248a2
7769_2026_MOPS_t57sb01.metadata.json,LEGACY_PER_YEAR,METADATA,VALID_JSON_METADATA,CACHE_METADATA_PRESENT,180,0f615faa526d68051394dee2c317d6401686ff3dd65dc55bfad68dce74d7de68
7769_ALL_AVAILABLE_YEARS_MOPS_t57sb01.html,ACTIVE_ALL_YEAR,HTML,VALID_MOPS_RESPONSE,VALID_MOPS_ARCHIVE_RESPONSE,10655,ee650e2b6ece0f598169150e13e75840ae97c590d0afb454996613954de003ef
7769_ALL_AVAILABLE_YEARS_MOPS_t57sb01.metadata.json,ACTIVE_ALL_YEAR,METADATA,VALID_JSON_METADATA,CACHE_METADATA_PRESENT,189,df0e9371509e48bf909ed6451e37b344a6378346d931d39d2ddaed76e3595b3e
8046_2016_MOPS_t57sb01.html,LEGACY_PER_YEAR,HTML,INVALID_MOPS_RESPONSE,MOPS_RATE_LIMIT_RESPONSE,469,7f87fe0bce6b6c13fc2a88e7bf9ab00bed8d411eb6291fbbfcf3a1ade79248a2
8046_2016_MOPS_t57sb01.metadata.json,LEGACY_PER_YEAR,METADATA,VALID_JSON_METADATA,CACHE_METADATA_PRESENT,180,03568cb3ab94f73346559b76e5076f8d4fb7af9d5f223adcfa5545caf751624f
8046_2017_MOPS_t57sb01.html,LEGACY_PER_YEAR,HTML,INVALID_MOPS_RESPONSE,MOPS_RATE_LIMIT_RESPONSE,469,7f87fe0bce6b6c13fc2a88e7bf9ab00bed8d411eb6291fbbfcf3a1ade79248a2
8046_2017_MOPS_t57sb01.metadata.json,LEGACY_PER_YEAR,METADATA,VALID_JSON_METADATA,CACHE_METADATA_PRESENT,180,29bbdd2a1068e461d5b12f2787129f92f0040be66fda678e7c5ea41f5be06d21
8046_2018_MOPS_t57sb01.html,LEGACY_PER_YEAR,HTML,INVALID_MOPS_RESPONSE,MOPS_RATE_LIMIT_RESPONSE,469,7f87fe0bce6b6c13fc2a88e7bf9ab00bed8d411eb6291fbbfcf3a1ade79248a2
8046_2018_MOPS_t57sb01.metadata.json,LEGACY_PER_YEAR,METADATA,VALID_JSON_METADATA,CACHE_METADATA_PRESENT,180,507bd47b28dc8e7e523d31516ab5804173b2c5c7889b5132b64fc6f1b80bce19
8046_2019_MOPS_t57sb01.html,LEGACY_PER_YEAR,HTML,INVALID_MOPS_RESPONSE,MOPS_RATE_LIMIT_RESPONSE,469,7f87fe0bce6b6c13fc2a88e7bf9ab00bed8d411eb6291fbbfcf3a1ade79248a2
8046_2019_MOPS_t57sb01.metadata.json,LEGACY_PER_YEAR,METADATA,VALID_JSON_METADATA,CACHE_METADATA_PRESENT,180,b84c658d329659349fedf070274bb7b4487d5cb1dc1f01024ac915d027124821
8046_2020_MOPS_t57sb01.html,LEGACY_PER_YEAR,HTML,INVALID_MOPS_RESPONSE,MOPS_RATE_LIMIT_RESPONSE,469,7f87fe0bce6b6c13fc2a88e7bf9ab00bed8d411eb6291fbbfcf3a1ade79248a2
8046_2020_MOPS_t57sb01.metadata.json,LEGACY_PER_YEAR,METADATA,VALID_JSON_METADATA,CACHE_METADATA_PRESENT,180,5921cbf9410e1dbf6c5e7e165ac776a071562cdc4616a9d40e1df95cbd252008
8046_2021_MOPS_t57sb01.html,LEGACY_PER_YEAR,HTML,INVALID_MOPS_RESPONSE,MOPS_RATE_LIMIT_RESPONSE,469,7f87fe0bce6b6c13fc2a88e7bf9ab00bed8d411eb6291fbbfcf3a1ade79248a2
8046_2021_MOPS_t57sb01.metadata.json,LEGACY_PER_YEAR,METADATA,VALID_JSON_METADATA,CACHE_METADATA_PRESENT,180,5331bb54a011d0dc31d73b9bd20faa376980cc648433441496d9757f19200b7c
8046_2022_MOPS_t57sb01.html,LEGACY_PER_YEAR,HTML,INVALID_MOPS_RESPONSE,MOPS_RATE_LIMIT_RESPONSE,469,7f87fe0bce6b6c13fc2a88e7bf9ab00bed8d411eb6291fbbfcf3a1ade79248a2
8046_2022_MOPS_t57sb01.metadata.json,LEGACY_PER_YEAR,METADATA,VALID_JSON_METADATA,CACHE_METADATA_PRESENT,180,8220cfeb66d8b9d132f913527d77ae833513102292e82529db9baa2aef91fe32
8046_2023_MOPS_t57sb01.html,LEGACY_PER_YEAR,HTML,VALID_MOPS_RESPONSE,VALID_MOPS_ARCHIVE_RESPONSE,7867,e53d276faf00aff01d812af7268ad6c0e6b35fc070274f1af93f629ffc7b97b0
8046_2023_MOPS_t57sb01.metadata.json,LEGACY_PER_YEAR,METADATA,VALID_JSON_METADATA,CACHE_METADATA_PRESENT,180,90e710522c2bde03396fa0d1053e81e021499934da7b6416b6b118ece38af534
8046_2024_MOPS_t57sb01.html,LEGACY_PER_YEAR,HTML,VALID_MOPS_RESPONSE,VALID_MOPS_ARCHIVE_RESPONSE,7867,cee87400f7a304d4d6bd25f9de9bee24e73deec5abd5447c0832ee07c675eef6
8046_2024_MOPS_t57sb01.metadata.json,LEGACY_PER_YEAR,METADATA,VALID_JSON_METADATA,CACHE_METADATA_PRESENT,180,a8d6520213db440b6e4e587d346520d58d792f8cca256a52d663aaf44f425ed0
8046_2025_MOPS_t57sb01.html,LEGACY_PER_YEAR,HTML,VALID_MOPS_RESPONSE,VALID_MOPS_ARCHIVE_RESPONSE,7867,ebd88767cd09e1585a9d2f713713c9a203503491a975b68b7432e98197057881
8046_2025_MOPS_t57sb01.metadata.json,LEGACY_PER_YEAR,METADATA,VALID_JSON_METADATA,CACHE_METADATA_PRESENT,180,cee4816e940d53c05004fb5a060774f60064af4207d824e4bba0070690ea2d40
8046_2026_MOPS_t57sb01.html,LEGACY_PER_YEAR,HTML,VALID_MOPS_RESPONSE,VALID_MOPS_ARCHIVE_RESPONSE,5056,4f95f88b47a70732e29ff5a4759676f72199b10bcb59813f6e9228814042c231
8046_2026_MOPS_t57sb01.metadata.json,LEGACY_PER_YEAR,METADATA,VALID_JSON_METADATA,CACHE_METADATA_PRESENT,180,ec9ee99633713afae505df6a80987e2d3574b1f2066559f16569ff27e3f1064c
8046_ALL_AVAILABLE_YEARS_MOPS_t57sb01.html,ACTIVE_ALL_YEAR,HTML,VALID_MOPS_RESPONSE,VALID_MOPS_ARCHIVE_RESPONSE,90460,1074d102fe086ae2da205d848c3a8f54e0aff8a96dd82bd78c6997184f3b2ff4
8046_ALL_AVAILABLE_YEARS_MOPS_t57sb01.metadata.json,ACTIVE_ALL_YEAR,METADATA,VALID_JSON_METADATA,CACHE_METADATA_PRESENT,189,2db6ca1f4819ba79d5298e0501201e24f1224c4592bace3641e9d68df1eb59e5
